i,object_id,sdss_name,z,log_lbol,log_lbol_err,log_tau_rest,log_tau_rest_err,log_sigma,log_sigma_err,log_jitter,magerrs_mean
0,1438965,001921.23-000011.3,0.9362982680611558,45.771222428940064,0.007485996479037,0.8061095539291059,0.2467026531493275,[-1.05213321 -1.09730192 -0.84772561],[0.06295549 0.08874656 0.11745229],[ -9.0589103  -16.25281073  -1.97968734],[0.12168577 0.09247747 0.09084327]
1,1438970,001920.85-001902.9,1.1596674656350143,45.14741956605644,0.0157664163229505,-0.7117490629843489,1.497649691332775,[-0.39643411 -0.60897595 -0.53946085],[0.62867792 0.90117335 0.91447396],[-15.99179576 -11.87344439 -11.89939899],[0.16965864 0.17043042]
2,1438971,001920.12-002237.4,2.151229238808284,46.265064204465794,0.0210448604984669,2.592633242668384,0.4042095143559792,[-0.65302842 -0.77854933 -0.70834995],[0.18870482 0.19151294 0.19403881],[-14.72326891 -13.49797985  -2.58248001],[0.10938744 0.09837046 0.09754648]
3,1438975,001919.31+010152.2,2.3140663774274834,47.13023001627696,0.001769889984267,2.62869413411339,0.4001625984640082,[-0.93723206 -0.95166974 -0.91375009],[0.18803496 0.18866725 0.19265326],[-13.11788022  -2.83060965  -3.03289045],[0.04545391 0.04516039 0.04321534]
4,1438978,001918.93+010814.2,2.037318635781521,46.01723206464612,0.0107722102877048,0.8240900786233821,0.2638615145032068,[-0.96906363 -0.85855936 -0.6318412 ],[0.10848223 0.16257052 0.19964726],[-12.69085296 -13.39459856  -9.2179968 ],[0.20173184 0.18041175 0.14348782]
5,1438981,001917.31+002735.4,2.4185655254125686,46.74798089297735,0.001618954059829,3.2855983913456983,0.6089647562010108,[-0.27514742 -0.24948601 -0.46295755],[0.28289841 0.2843284  0.30015322],[ -7.97587936 -14.83197672 -15.89526028],[0.12458343 0.11644912 0.07815323]
6,1438984,001916.96+002929.8,1.875443083635286,45.58669004405249,0.0240170733299329,2.060371623863052,2.216696975045024,[-2.34229012 -2.54906489 -2.46608876],[1.37014773 1.61593661 1.64886036],[ -5.86600404 -10.40343078 -10.98774053],[0.20424016 0.20403219]
7,1438985,001916.91+004707.9,1.322755215090751,45.861844575914034,0.0064653903948048,3.1377131876748754,0.546754024185325,[-0.37426457 -0.48161899 -0.51156402],[0.25479155 0.2556139  0.25614721],[-13.47765698 -13.27631718 -11.21297161],[0.10217245 0.08727707 0.0902089 ]
8,1438987,001916.34+002110.3,2.1243356321019533,45.745184846285305,0.0178982647137964,1.9617525270791536,0.4088520162405538,[-0.2056758  -0.72034804 -0.49665574],[0.14741499 0.19425675 0.19200244],[-11.72416964  -9.09067669  -3.16708558],[0.20817472 0.1858208  0.14641756]
9,1438988,001916.33+000147.1,1.951544831363856,46.13452629945628,0.0100657727794271,0.6534743404031396,0.5849586251296047,[-0.87616534 -1.0908619  -0.9908105 ],[0.14740238 0.25076089 0.26605793],[-12.57673956  -8.51186399 -16.32465597],[0.19830877 0.17868111 0.14702245]
10,1438989,001915.54+002712.5,1.0082936884858638,44.77999795116572,0.0216233783965336,1.6645754423073618,1.3563399520859132,[-0.53311222 -0.7688691  -2.53053928],[0.18271619 0.29144888 0.88981308],[-15.11909849  -6.46158756  -5.12042246],[0.22892095 0.21442227 0.18926041]
11,1438995,001914.11+002358.6,1.1560146664976414,45.01022257144129,0.0248163159368282,1.040682981755986,1.308805507274651,[-0.35427746 -1.62969973 -1.37825045],[0.15967813 0.7500046  0.64201288],[ -7.31028627 -12.38294151 -13.84887305],[0.23251047 0.21081975 0.19766184]
12,1438996,001914.00+004525.8,1.7731591990948348,45.59866929359288,0.0228227922324215,2.1967652472225643,2.3516043578022927,[-3.83202658 -4.78544788 -4.76358266],[1.86322613 2.03794661 2.08517061],[-15.45126971 -15.42335329 -14.80191465],[0.20934608 0.19268965 0.15700672]
13,1438997,001913.75+002521.0,1.573320041271214,46.35027346004732,0.0020958604123713,2.310983653672923,0.3610347549385024,[-1.05334729 -1.16724999 -1.04089823],[0.14191785 0.15454964 0.15512657],[-12.42560889  -3.50297101  -4.07843966],[0.093249   0.08556267 0.08424153]
14,1438998,001913.63-005223.8,0.9141748361516407,45.109158101627045,0.0108886482532568,2.37724254058414,0.3143422379562344,[-0.63345831 -0.63537375 -0.52739986],[0.14074216 0.15672847 0.1582828 ],[-12.55536755  -8.49186791 -16.31835375],[0.18780374 0.15352219 0.13845618]
15,1439000,001913.54+004136.0,1.886579305807378,45.4325213369148,0.0514635897906323,1.764352403425855,0.618979267203932,[ -0.41487504  -0.72244828 -20.50016898],[0.17757598 0.28896222 0.87473493],[-11.19775634 -10.10734482  -7.56069802],[0.22706052 0.21342357 0.17545091]
16,1439004,001912.39+000319.5,1.3726268337199534,45.96326771341678,0.009214423250544,2.020450449759025,0.2134404764076662,[-0.73864384 -0.81454477 -0.97492948],[0.0874061  0.09535661 0.15229359],[ -8.13808655 -12.84091365 -15.77342423],[0.13050269 0.10524466 0.10288172]
17,1439005,001912.12-005451.0,1.6243738512979389,45.69154606049336,0.0151410549472714,2.893179346708912,0.8864971925932039,[-0.52818498 -0.73051311 -0.51527569],[0.28278573 0.44160673 0.38634285],[-13.7178819   -1.75675094 -11.53767182],[0.26403979 0.23317552 0.16580575]
18,1439010,001911.28+010207.6,1.428309312040681,45.52636052128464,0.0111915972945304,1.648138785043867,0.4099080654375864,[-0.79099864 -0.74868382 -0.60438792],[0.32748927 0.46345768 0.47070586],[ -9.15614561 -14.08150265 -12.24542115],[0.1707703  0.17396849 0.15231433]
19,1439011,001911.24-001607.6,0.9096007804768488,45.16917413413912,0.0092443182182897,1.889438283167264,0.2436045661818663,[-0.450031   -0.68572756 -0.78572899],[0.14400855 0.18957698 0.23227903],[ -5.45732899  -2.45909635 -11.45121914],[0.22917193 0.17824566 0.14323801]
20,1439012,001911.16+003521.6,1.417599587644269,45.76551016337425,0.003638302042777,2.01178303316681,0.3517806254376694,[-0.63096086 -0.73320482 -0.63397177],[0.12817119 0.1511951  0.15885635],[-13.53644154 -13.36791921 -11.2365598 ],[0.15584476 0.14219477 0.12956219]
21,1439022,001908.67-001117.4,2.667083543768108,46.02278875585423,0.0097706571849727,1.551157998686972,0.5247581412726547,[-0.82800323 -0.79889158 -0.50689479],[0.20337264 0.27687088 0.30083662],[-11.30957347  -4.90915405  -7.49887883],[0.23065537 0.20271474 0.14223576]
22,1439027,001907.19-005408.6,1.5686976188972028,45.59689916799869,0.0121893200166844,-1.1095660824458098,0.463738218176864,[-0.37599379 -1.47689938 -0.56649328],[0.06595461 0.60738913 0.15607551],[ -8.81471152 -12.23019543 -13.37013893],[0.21748416 0.19501405 0.14705891]
23,1439029,001906.70+000013.5,1.0266868263602675,45.0754783859836,0.0106168362585954,1.969167171384264,0.3972311921689995,[-0.3060339  -0.58462182 -0.65769759],[0.11194812 0.15924839 0.18147306],[ -7.7827728   -5.01933375 -12.19374573],[0.22998633 0.21472859 0.18270913]
24,1439031,001906.62-001406.4,0.838035002555121,44.90069580400115,0.0078794081376507,2.055695508181823,0.3035705598966288,[-0.61484131 -0.6446738  -0.58772922],[0.11743791 0.1421099  0.17255508],[-14.45547201  -9.87056725 -11.97777814],[0.21105607 0.18801635 0.14830523]
25,1439039,001904.83+003436.5,2.114493891827448,46.99050537733839,0.001309088092519,2.0680381475551792,0.2395431703391164,[-0.36934793 -0.52714986 -0.5729057 ],[0.10945839 0.11121028 0.11920431],[-16.81206586 -15.18701765 -14.21849248],[0.04877619 0.04712444 0.05319652]
26,1439041,001904.71+005924.8,0.7077973197954353,45.04524822342648,0.0083754529151462,2.5877328173734546,0.2958650430993352,[-0.56019611 -0.74805875 -0.59911641],[0.12680301 0.13869031 0.16122835],[-14.73381994 -13.5147705   -2.13900908],[0.15265543 0.15632964 0.15776369]
27,1439042,001904.51+003927.7,1.899726121871231,45.87810845177532,0.0125749389061837,1.7273822703898094,0.2657343316933254,[-0.68120859 -0.67911358 -0.4824465 ],[0.1021899  0.12999957 0.14940628],[-14.5427847  -16.88577056  -5.7390897 ],[0.18734406 0.18443786 0.15711842]
28,1439047,001904.12+001437.7,1.5205142539595595,45.6840546402758,0.0088405987024344,2.373601046352083,0.3485461674176882,[-0.39413106 -0.49323872 -0.69739301],[0.1435903  0.15542697 0.18420691],[ -2.13532458 -12.99225266 -14.6393396 ],[0.18604982 0.16935237 0.14475143]
29,1439049,001903.27-004223.4,1.0760955889743034,45.75629129130802,0.0056469726985675,2.905188605040745,0.4876444274942015,[-0.54951112 -0.5600573  -0.54074581],[0.21532839 0.22252065 0.23307024],[-17.00714285  -3.42550853  -3.08922363],[0.09253993 0.06593593 0.06659255]
30,1439052,001902.87-011237.4,2.0888036563138765,46.005851480078775,0.0127764366854705,2.5929326603353493,0.4289326483681661,[-0.48556775 -0.54086097 -0.41793905],[0.18371576 0.19289654 0.20059931],[ -9.41031026 -14.07605829 -12.2499822 ],[0.19819867 0.17385972 0.16412156]
31,1439058,001902.13-003854.1,1.1481437770241056,45.36755243482933,0.0066453505504924,0.973852571569972,0.41118011320939,[-0.75966419 -0.96865435 -0.68565037],[0.13215808 0.2241277  0.24017588],[-15.88450781  -5.3346775   -7.27773207],[0.18260666 0.17902953 0.15182277]
32,1439060,001901.77+000117.7,2.116995620064619,45.37389794412204,0.0262502516613025,0.4522173033421324,0.3396140603947039,[-0.57423867 -0.43157436 -0.28403875],[0.12200537 0.1902206  0.22908134],[-15.99277976 -11.86177321 -11.90006904],[0.21936747 0.22812485 0.1615301 ]
33,1439063,001859.96+011445.7,0.8448503363770034,45.298721432007504,0.0055807822994253,1.806007171997437,0.2101368783748151,[-0.56116495 -0.56669276 -0.57152595],[0.09104186 0.10357738 0.11874637],[-14.54726472 -16.86572421  -2.38036605],[0.16105439 0.14191899 0.1274748 ]
34,1439066,001859.26-004010.4,0.8122408681939504,44.39495212656112,0.0401894729487217,2.479301580386367,2.26150454607567,[-3.81089278 -4.20430968 -4.81867394],[1.84963871 2.03623545 2.06825081],[-12.24552333 -14.79037382 -12.49990425],[0.24872417 0.22410565 0.17306378]
35,1439071,001858.75-002228.7,0.9980246487361102,45.590035155243,0.0027026562127794,0.9912032377671864,0.2349440383821081,[-0.74036695 -0.67672556 -0.78855864],[0.11117978 0.15760526 0.16948714],[ -9.05718865  -7.03513907 -14.87211344],[0.13406239 0.14252308 0.10319545]
36,1439073,001858.27+000035.3,1.6330382159986756,45.73535447448788,0.0074490097320492,1.96294504581379,0.3756526890271849,[-0.42598041 -0.53717461 -0.24789987],[0.12568139 0.15148549 0.1445545 ],[ -8.260358    -7.50637637 -15.10864553],[0.21338762 0.20009812 0.16889382]
37,1439079,001856.80-002726.2,1.6526909073295597,45.62772791701814,0.0190018762347889,1.5812505571013946,0.5367041524810173,[-0.32672267 -0.80659382 -0.83986204],[0.11939577 0.18673009 0.32690285],[-13.52836081  -9.7227523   -2.13829486],[0.22994807 0.2143211  0.15774047]
38,1439089,001854.37-000613.0,2.400978749435522,46.49099947255794,0.0037796062287043,2.1607052437988727,0.384966447721719,[-0.83874145 -0.96570625 -1.1442072 ],[0.15551743 0.16321741 0.19586485],[ -8.20164313  -2.69905917 -14.35775504],[0.11446807 0.10949767 0.10404193]
39,1439092,001854.25-010202.2,1.9608935635023408,46.274359754967605,0.0231917099322345,1.4166970935531538,0.2799583365191654,[-0.99938967 -1.10289719 -0.96944005],[0.09401655 0.13101987 0.15181766],[-14.74168931 -13.51032752  -6.34050259],[0.13839534 0.12244959 0.1087822 ]
40,1439104,001852.35-010524.6,2.8897766820789283,46.71904523053638,0.0041273290687797,2.384495043016264,0.3647836960600323,[-0.78917615 -0.84130204 -0.84437609],[0.16886157 0.17255629 0.17775291],[ -8.97363803  -3.63018765 -10.01533305],[0.11954913 0.09839561 0.10471489]
41,1439106,001851.74+002523.9,1.2633666452316603,45.56778626504632,0.0115555476513584,1.5216679196349538,0.3662893148567212,[-0.6875783  -0.74851301 -0.86824479],[0.13653695 0.19474236 0.20271186],[-14.20539107 -10.87508495  -5.15035612],[0.19603203 0.17853047 0.13969407]
42,1439110,001851.00-004001.1,3.0259444686879395,45.86280951751838,0.0208227263012013,2.396430863089811,2.1342093462330705,[-3.3361039  -4.50819851 -4.71485939],[1.89009579 2.0801681  2.0545561 ],[-15.44921847 -15.41115128 -14.80429579],[0.20509196 0.20419839]
43,1439111,001850.69-001126.6,2.58509891275256,45.82018038208801,0.0161093086152916,1.4108047569425357,0.329778739026354,[-0.45592505 -0.22954722 -1.5649618 ],[0.16005104 0.22610337 0.62754569],[-14.54812266 -16.87763824  -5.80609408],[0.2279611  0.21716777 0.19045356]
44,1439113,001850.43+005033.7,1.352792397528069,45.488632380766,0.0074970267562974,2.0415249667200595,0.2795226326433466,[-0.53081516 -0.64022331 -0.63048122],[0.13077492 0.14179133 0.17892707],[-13.54066488 -13.38519328 -11.21854086],[0.19567845 0.16413224 0.15862984]
45,1439122,001849.72+005418.3,2.4607946683774213,46.31431526477012,0.0059463749091221,1.1081548337695828,0.2106103360864283,[-0.81438874 -0.65307094 -0.71467613],[0.08160306 0.10855075 0.17953979],[ -6.73160309 -14.68345078 -16.1363449 ],[0.18123196 0.16206602 0.14301966]
46,1439123,001849.27-001544.7,2.235474749295613,45.39807456550967,0.0240107397387774,2.7185368552984155,1.1138119648199236,[ -0.65797803  -0.33045997 -70.1042532 ],[0.29888251 0.38325293 0.86872314],[-10.06183342 -15.47020109 -10.25501462],[0.21595643 0.23822957 0.19135077]
47,1439124,001849.18+003441.0,1.0398377716793068,45.33666493749609,0.0096609933480493,2.385880080400193,0.4147838655806086,[-0.42482415 -0.59354688 -0.37093042],[0.16654152 0.18170714 0.19995998],[ -7.83617358  -2.46327068 -15.66766188],[0.20181566 0.18127667 0.16254404]
48,1439125,001848.70-010802.9,1.822855486494933,45.18707323600409,0.0278203331777184,2.8729134244261445,1.422527952823786,[-0.63313491 -0.60323649         nan],[0.5790493  0.72856041        nan],[-11.82045928 -29.77329591  -1.95827661],[0.24383435 0.23736502 0.18639866]
49,1439126,001848.57+001308.0,1.554310558103502,45.76380589153786,0.0080542928796099,1.685904429169585,0.2484485175059191,[-0.73088469 -0.76898487 -0.75176381],[0.0931673  0.11851628 0.19170241],[-12.5766086   -8.50095103 -16.32703185],[0.18053146 0.15977008 0.13548799]
50,1439129,001848.19+002254.9,1.8821254192567296,45.72545061683012,0.0142225637809154,2.843322801691797,0.5688496959349982,[-0.18821282 -0.43109431 -0.2880403 ],[0.22988248 0.25533094 0.25033511],[-10.77266743 -11.43423315 -15.33404539],[0.24822997 0.22417762 0.20208806]
51,1439132,001847.57-000038.6,1.3521758992546005,45.604466858571485,0.0093986050507233,3.176808517363134,0.6424357637639473,[-0.62851069 -0.82677682 -0.53634199],[0.25806563 0.28875953 0.29598639],[ -1.9056217  -16.75900463 -15.80674528],[0.21792931 0.18126362 0.15464001]
52,1439138,001845.95+003111.2,2.6179612902857565,45.35456824331595,0.0458902827552627,0.5143223176210981,1.2525902960704816,[-49.21133814  -0.21540509 -49.46520989],[0.78435856 1.08489063 1.11530334],[-10.35858386  -9.99249628  -4.51668925],[0.20204049 0.17041808]
53,1439139,001845.55+000651.9,1.6718297738039654,45.49720241344127,0.0183588842884674,1.9856120253306488,0.648856383841094,[ -0.43139446  -0.39869367 -14.83497429],[0.15738509 0.20780133 0.84524931],[-9.32792335 -4.22944444 -9.68454858],[0.25022963 0.25794766 0.2474742 ]
54,1439141,001845.49-000840.8,2.0023176662096818,45.703629351379824,0.0130498789127564,1.1033565712547944,0.8459927293496514,[-0.61453268 -0.4494175  -0.5697452 ],[0.23693502 0.33901576 0.45235473],[-12.83392517 -12.59521054  -9.96576194],[0.22628482 0.21966993 0.20122478]
55,1439143,001844.87-010711.6,2.2971604165237696,45.95925231266267,0.0095338815327608,2.4123060629720285,0.486582624130486,[-0.67391165 -0.57429736 -0.68430417],[0.18640405 0.20876354 0.26256245],[-15.42188031  -2.1886694   -9.758041  ],[0.20919231 0.18783976 0.12936334]
56,1439145,001844.74-010218.3,1.9248900014784125,45.68413573201244,0.0268663161550009,3.004838965831809,0.8437327600716367,[-0.75959601 -0.93298052 -0.36004954],[0.33741807 0.52556875 0.45368996],[-15.42111885  -2.32776856  -9.46639889],[0.21642103 0.20204574 0.16155334]
57,1439147,001844.14-011026.8,0.668209854026985,45.14016173695261,0.0297340815041593,2.1210519652993893,0.3666066517051298,[-0.48955977 -0.73393282 -0.62506287],[0.13983029 0.19904775 0.22168615],[-12.59621658  -8.50785858 -16.32804411],[0.22622582 0.20248276 0.15308194]
58,1439149,001843.81-003946.2,1.9429663038820264,45.16442513561902,0.1139133334560824,-5.314881919855143,18.627060129444708,[nan nan nan],[nan nan nan],[-16.10403882  -1.81042652  -9.68358174],[0.22428407 0.17586136 0.20583033]
59,1439150,001843.67+000104.4,0.8846817361607784,44.97152650582061,0.0124828770378826,1.7063562169515991,0.333184238666122,[-0.37315247 -0.42049624 -0.42778033],[0.09911944 0.12966541 0.16217504],[-14.5542198  -16.87087941  -6.09877069],[0.19465695 0.21267272 0.15505384]
60,1439154,001842.95+005220.2,2.5912305626167345,44.721138181738446,0.1104095017154769,2.6275340222005656,2.259395921686031,[-2.54232527 -3.86219324 -2.75678997],[2.02472936 2.23296485 2.19849971],[ -4.40740594 -16.53010276 -15.47808708],[0.21061131]
61,1439155,001842.85-002318.6,1.5422231545010718,45.3240798295083,0.0194127399868584,3.355011619488784,0.7063257280632267,[-0.32766204 -0.36027802 -0.18583537],[0.26230595 0.28465252 0.31538944],[-15.12689747  -1.56209039 -16.15495211],[0.24564959 0.22446495 0.18390589]
62,1439157,001842.68+005042.1,1.990378866012537,46.39551918884671,0.0126131463942691,2.506492551667943,0.3619866252867791,[-0.83090423 -0.818399   -0.88467013],[0.17783775 0.18141988 0.18781335],[-9.23313451 -8.40666105 -7.1516341 ],[0.1044577  0.10070117 0.09531457]
63,1439158,001842.67+001546.1,0.859207192827942,45.26869352672369,0.0091529421373017,2.4696965202239074,0.3285075207738737,[-0.56014488 -0.6607014  -0.70184384],[0.1478259  0.15916148 0.1946013 ],[-13.55653287 -13.40249363 -11.27984998],[0.17225347 0.15530374 0.1217479 ]
64,1439162,001841.90+005512.3,2.179508430357596,45.60307164001423,0.0224106325447728,1.5236245985487613,0.343073096572607,[-0.83317747 -0.76277836 -0.20451046],[0.24930778 0.35130026 0.35966957],[-11.00356797  -9.18219141  -7.31746736],[0.25178972 0.20226143 0.16060507]
65,1439163,001841.81-010832.5,0.7877880038997246,45.281792188551904,0.0096541333339565,2.042581388535681,0.3213589926442836,[-0.87652459 -0.82325659 -0.7718592 ],[0.11817913 0.13639415 0.16583   ],[-15.89699161  -2.49803189  -7.26575003],[0.16702092 0.14744618 0.12469766]
66,1439165,001841.45-005937.4,1.6506891657275118,46.02097550276773,0.0046933028183815,2.136423905866648,0.3007991115090328,[-0.73659152 -0.79834463 -0.79667827],[0.12168689 0.13148035 0.15714011],[ -2.97799265 -16.71148386 -18.12972504],[0.14507865 0.1397835  0.13344375]
67,1439169,001841.32+000522.2,1.5544039564933794,45.33276242379858,0.0193406873409394,3.113002501919345,0.7952165487114855,[-0.46143108 -0.47117271 -0.06368366],[0.28404933 0.34796837 0.33915341],[-14.00320603  -1.79675163 -10.98248501],[0.24746309 0.2091601  0.21032466]
68,1439170,001841.22+011147.8,1.8952430754658,45.43883991981153,0.0425352313915432,0.9847781663761496,0.4036566880734482,[-1.06468472 -0.78615082 -0.78747332],[0.30294975 0.42702642 0.47090166],[-11.04706856 -14.62626365 -11.34710148],[0.24285609 0.20991769 0.16055385]
69,1439171,001841.17+010111.2,1.425186654116961,45.73957126444575,0.0109776408569004,1.4139227400025962,0.3491656142488167,[-1.16810025 -0.82825954 -1.71114788],[0.32481903 0.46789513 0.68264034],[-17.32753749  -9.19144063 -12.09965208],[0.21511372 0.16058492 0.1376515 ]
70,1439172,001840.97-010029.6,1.9875951613141407,45.77657119343768,0.0277163144953398,2.357020239341977,0.4136731547747612,[-0.58761695 -0.51184023 -0.43258254],[0.17512302 0.19269474 0.20320664],[-11.32448304  -5.54000261  -7.48678727],[0.19633912 0.19636074 0.16543667]
71,1439173,001840.80-005618.8,1.673016842611848,46.06437271970656,0.0107032518848804,2.470327926226401,0.4546227134440794,[-0.79643511 -0.91303751 -0.75843476],[0.18975672 0.21435397 0.2332013 ],[ -8.95971428  -2.57473561 -10.03563129],[0.16785865 0.13516637 0.12388137]
72,1439174,001840.78+002600.4,1.926660999057138,45.94996481000744,0.0079396890878271,1.6799654647869429,0.2471328865077782,[-0.67285443 -0.76845262 -0.5624883 ],[0.10490246 0.13671302 0.17194431],[-12.57059799  -8.50825998 -16.3210315 ],[0.19162791 0.17736869 0.14732004]
73,1439176,001840.09+011319.3,1.2548519553290245,45.222568849550086,0.0203927044016261,1.2002093720779747,0.3464579432989178,[-0.32477724 -0.55833699 -3.18077123],[0.11487256 0.17375554 0.91902239],[-14.55062861 -16.88037249  -1.54367347],[0.24699347 0.20658571 0.17246667]
74,1439177,001839.92+000427.6,2.3992837472076545,46.12039501296725,0.0095179066229853,1.3566310076259325,0.3161257749373956,[-0.83763801 -0.88173604 -1.25553895],[0.12245929 0.18054772 0.36943594],[-15.88920373  -2.70235015  -7.40967143],[0.19800847 0.18106644 0.1216099 ]
75,1439179,001839.83-001303.0,1.594185840547186,46.296379796775085,0.0048042873004696,2.952312174181072,0.5247728594149519,[-0.64629486 -0.7319404  -0.71699999],[0.2480447  0.24921174 0.2500541 ],[-14.72294216 -13.47460711  -3.03000266],[0.07958024 0.07258095 0.06619014]
76,1439181,001839.21+001459.1,1.538154081562509,45.992548085493546,0.0041934868717738,2.0452454553188018,0.3128897797812149,[-0.77762962 -0.74365107 -0.86834566],[0.11918684 0.13503796 0.14633821],[ -9.97008038 -15.47504924 -10.12146451],[0.12629321 0.11764052 0.09515779]
77,1439182,001839.17-003158.0,1.5223918128430147,45.35899954614917,0.0181529544882934,1.459310331235253,0.4748989148736291,[-0.77111088 -0.84944874 -0.69573864],[0.23726038 0.36049851 0.37804983],[-15.42798624 -14.36250523  -7.84335826],[0.21262004 0.19042462 0.13111052]
78,1439186,001838.47-003328.3,1.6058319224267577,45.91122660590979,0.0093200155890436,1.7599232019219366,0.2444751771649403,[-0.58514193 -0.62230692 -0.80780995],[0.08552416 0.10209535 0.12392828],[-14.20583986 -10.88532453  -5.86859577],[0.19092287 0.17209128 0.13386531]
79,1439187,001838.12-004854.6,1.074780607570038,44.58320033663066,0.0449955980447676,2.395197053176465,2.230622550921288,[ -9.92598796  -1.96681559 -11.87911347],[1.3242129  1.64043374 1.58649496],[-17.20564535  -9.30639071 -15.92754643],[0.202428   0.18718446 0.18708869]
80,1439188,001838.08-011239.9,1.8127569706595923,45.79366541373647,0.0157218602888598,3.249181518246344,0.5796228234295289,[-0.29276807 -0.47618859 -0.30710318],[0.2760223  0.33047943 0.32690073],[-12.53901905 -11.88988978 -12.27877053],[0.24403472 0.22824568 0.1559148 ]
81,1439195,001837.60+003247.8,2.6226857162305643,46.74276114824151,0.002636958598515,2.238570027208473,0.3556707842574574,[-0.67324476 -0.67245735 -0.80930386],[0.16312543 0.16514173 0.18594422],[ -2.58404999 -17.30691521  -7.9701794 ],[0.11805848 0.10307747 0.10234813]
82,1439197,001836.68-001709.6,2.6582938358143267,45.561310449107694,0.031953683973402,1.142899021742284,0.6568656865945426,[-0.26648283 -0.65646678 -0.54438084],[0.12558929 0.23272008 0.92947445],[ -6.59587797 -15.2534173   -7.8570557 ],[0.22807916 0.21636191]
83,1439199,001836.40-002933.0,1.853954308896943,46.72223236253263,0.0016076948035994,3.010679720145312,0.6059240790852776,[-0.57835302 -0.57192242 -0.74935431],[0.28860659 0.28900323 0.29329274],[-7.26777249 -2.70684326 -3.32803267],[0.07273399 0.06740469 0.05988368]
84,1439200,001836.38-000338.5,1.6369918065574334,45.65031713240143,0.0142456383541862,3.525789216800658,0.6635810932201383,[-0.11754739 -0.15754051 -0.04428953],[0.31997429 0.3267476  0.32581019],[-13.55404713 -13.39970744 -11.28188969],[0.20515398 0.18853144 0.19403243]
85,1439205,001834.51+011120.5,2.910467183065561,45.8646405488395,0.0333811367181553,1.0978206322137951,0.4953578590675912,[-0.88860281 -0.79975221 -0.88201902],[0.12113153 0.17911305 0.30890373],[-12.59384725  -8.50155987 -16.31903969],[0.21792728 0.17487169 0.14129218]
86,1439206,001834.40-001944.6,1.2010113414211765,45.12292297492503,0.0135752787086715,2.876562719782082,1.0453211066226769,[-0.32997281 -0.46391098 -1.01443448],[0.27957268 0.33980066 0.64363151],[-12.35260493 -14.99058985 -14.25317279],[0.24427006 0.23141923 0.19405636]
87,1439207,001834.40+004457.2,1.036146517225366,45.04015487640466,0.0141401069542368,2.7124366504944266,1.164834779776627,[-0.39175674 -1.42373863 -0.58884394],[0.29682366 0.79561442 0.49002704],[-14.75994218 -13.7628278  -16.9820118 ],[0.23571757 0.18112129 0.17884689]
88,1439208,001834.23-011226.1,1.0327512998665485,45.53790469488878,0.006665376285845,3.2112516304171974,0.5211719663997905,[-0.42343679 -0.48557799 -0.40087434],[0.24268319 0.24506983 0.24603443],[ -8.95615842  -2.53562633 -10.01337679],[0.13780122 0.11187639 0.11216058]
89,1439210,001833.87-003608.5,2.6403470143846968,46.0679826975132,0.00885807918376,2.801752074128093,0.6594035740750026,[-0.39894444 -0.80946063 -1.1058545 ],[0.27949358 0.31997324 0.61353965],[ -2.68101298  -6.30818761 -15.66943078],[0.23775879 0.20439594 0.14942867]
90,1439211,001833.62-011028.2,1.3709120523476557,45.800444849866494,0.0060624276474676,2.162686035965975,0.2956860735394395,[-0.60649025 -0.61938928 -0.51003154],[0.12210656 0.13067983 0.13961177],[-14.72957095 -13.49695057  -2.08629086],[0.17131886 0.1304647  0.13242631]
91,1439216,001831.99-011029.2,1.3897376595262696,45.33725003044461,0.0183234585610954,3.0804621801347967,0.6796222220542971,[-0.39115697 -0.73060988 -0.2679258 ],[0.34341348 0.45725277 0.44677329],[-7.49821769 -7.16307035 -9.48745591],[0.23768229 0.21575551 0.17443596]
92,1439217,001831.81-003439.9,1.6310247104975135,45.39995703840842,0.0120804043535365,2.871785619852949,0.6157523086915366,[-0.28770111 -0.35341071 -0.43108438],[0.24755196 0.29590813 0.32460436],[-50.96684409 -12.97047523 -10.9921911 ],[0.24094865 0.22819822 0.16874309]
94,1439221,001831.32-000434.9,1.9759851860695057,45.66642692469953,0.0178315087878822,2.0448349594558337,0.6275755507060528,[-0.57078871 -0.76788853 -0.60769207],[0.17241672 0.31869246 0.4850383 ],[-13.32441192  -2.10044618 -10.54981359],[0.23289046 0.19494033 0.18883394]
95,1439225,001830.54+000825.5,2.1525464045126848,45.91797509924757,0.0093013719001291,1.7633445669584211,0.5891074625387746,[ -0.88347012  -0.87346826 -44.01793406],[0.20636535 0.29314507 0.82929471],[-11.35363179 -12.28909498  -9.06948689],[0.21659999 0.18462322 0.14518389]
96,1439229,001830.16+001423.6,2.283103948607308,45.65243932956977,0.0252877335540944,2.410927295394038,2.2361021497507023,[-4.32106824 -4.67634532 -5.01253454],[1.91793378 2.08310534 2.11459126],[-15.45664857 -15.41334229 -14.80325493],[0.26361282 0.20300457 0.1553145 ]
97,1439230,001829.79+001151.5,1.898401670328569,46.48209536344757,0.0025598091600933,2.3928726307674903,0.3863470972801712,[-0.64445549 -0.72824452 -1.08710282],[0.16461059 0.17032556 0.19437895],[ -8.09805262 -11.61465937 -12.25835961],[0.14336856 0.11919331 0.09075386]
98,1439231,001829.20-004749.9,1.790341872870875,45.75041152743904,0.0121729995692909,1.9727314711313844,0.4579555381660533,[-0.75831358 -0.60458037 -0.8115875 ],[0.24790145 0.32711994 0.32827611],[-12.33257819  -9.8622087  -12.87596296],[0.18954067 0.17435252 0.11803929]
99,1439234,001829.01+003515.7,1.1589141183686396,45.39841840213115,0.0178828908320127,1.6912212216657254,0.8161473918300386,[-0.89670366 -0.70843928 -0.47527145],[0.23152916 0.32457729 0.35404359],[-16.19198961  -9.94911184 -17.18440336],[0.20813973 0.18054982 0.12460046]
0,1439238,001828.11+010318.4,1.7468039921757008,45.4036054290163,0.0321488077937139,3.080731552768248,0.7044498773348613,[-0.61730429 -0.592456   -0.17610929],[0.28759042 0.33560517 0.33270713],[-15.42018941  -2.27447608  -9.46511167],[0.24969104 0.22481699 0.15699561]
1,1439243,001826.87+005904.6,2.0978639097216334,46.041847882506914,0.0096289022761162,1.3403001648856223,0.3959026649945267,[-0.78404248 -1.10025664 -0.62043859],[0.12153355 0.44432744 0.22190825],[-11.28418043  -1.50368879  -7.48074738],[0.22182348 0.21970646 0.15183399]
2,1439249,001825.32-011441.8,1.3637323326396753,45.07284591582329,0.0275834836384589,2.808573314693289,0.9071722901596284,[-0.29696013 -0.19936808 -1.31105794],[0.87672351 1.17379074 1.17924265],[ -5.62828478 -11.02689397 -10.02931414],[0.20549271 0.18822496]
3,1439252,001824.95+001525.8,2.434402106535946,46.29917740003032,0.0040460746894837,1.807410717630108,0.3518602027051128,[-0.88811586 -0.82526607 -1.03140123],[0.11648909 0.1362849  0.20740552],[-13.24245564  -2.89644726  -6.60808395],[0.15246369 0.11524606 0.10836361]
4,1439256,001824.43-010112.9,2.482819212582572,45.60983598938992,0.0376945283373011,-2.8167903382623933,2.347804853690743,[-47.40116418 -54.88436714 -49.28670874],[2.19660692 2.34704089 2.33932002],[-14.98954431 -10.80887564  -6.43000634],[0.22425381 0.21409554 0.22668285]
5,1439258,001824.12-010007.9,1.8687914107861523,46.11922471999279,0.0315650203243222,1.6261655835066589,0.2439212907378761,[-1.02236028 -1.1226588  -1.92697736],[0.09676357 0.11567344 0.55633448],[ -3.13874288 -14.7631825   -2.42286491],[0.11759308 0.10540244 0.10248655]
6,1439259,001824.07-003623.6,2.578281791864946,46.3655324783798,0.0058273335951426,1.3604955531616616,0.2929159155046525,[-0.83422851 -0.75651994 -0.97490533],[0.13018557 0.17368342 0.22188569],[ -9.20070483  -9.35934304 -16.54365298],[0.17252987 0.14655246 0.12913109]
7,1439261,001823.52+003000.2,1.370825695569065,45.60335796350777,0.0085103058712299,3.015056535688696,0.7350998121709611,[-0.57012805 -1.0487744  -0.79579916],[0.27544791 0.33494657 0.37943533],[-11.03365901 -15.96192228  -7.98058798],[0.21680035 0.19535461 0.14144908]
8,1439262,001823.15+004008.6,1.4254433278207832,45.33698237180868,0.0203330920509117,2.8639356531557967,0.5600067620239388,[-0.1955548  -0.45219313 -1.73904661],[0.23926835 0.25490234 0.74694472],[-10.54329005  -9.62659417 -15.67631045],[0.21457941 0.20304682 0.16874639]
9,1439263,001823.07+005819.5,0.8295455299009986,45.23133956702625,0.0052190536321106,2.180305574342529,0.2798016988905947,[-0.63407849 -0.71071008 -0.56089776],[0.10811027 0.11530556 0.15940378],[-14.73325347 -13.51074066  -1.66467712],[0.16067826 0.14535074 0.14487584]
10,1439265,001822.86-011310.7,1.8707184608845555,45.51482336160249,0.0261794894371938,3.2502323624952365,0.7270674876647574,[ 0.08338263 -0.20058057 -0.06596332],[0.66797867 0.9175743  0.92188323],[ -9.38710493 -11.28210138  -8.94998277],[0.22439018 0.1938156 ]
11,1439267,001822.42+005341.2,1.3090083672234514,45.19387888008362,0.0144596040978157,2.8509436126850964,0.6086695103340207,[-0.49993824 -0.71504719 -0.53505621],[0.2232649  0.27757536 0.27460209],[-11.30151455  -1.51405558  -7.55125301],[0.24775595 0.21653454 0.17390437]
12,1439275,001821.06+011007.5,1.4643727960349853,45.82554802898836,0.007952702530936,0.1372330901244318,0.4817328979726372,[-0.73005122 -0.85486947 -0.62264047],[0.10426869 0.16233093 0.20698771],[-15.8886754   -5.11461191  -7.2587455 ],[0.21309697 0.17945566 0.15171728]
13,1439278,001820.69+000748.3,1.760414833595465,45.6968804975998,0.0127791216355745,0.9405809845752666,0.6962488288150457,[-0.24850938 -0.6133905  -0.42762388],[0.09987522 0.17924697 0.19945878],[-8.26366051 -7.18828898 -9.78762372],[0.2376127  0.21875246 0.17497779]
14,1439286,001818.70+002709.1,3.3413201527136955,46.96806479700793,0.0029760894881931,2.3881642444084603,0.5140169203357305,[-0.57772186 -0.47334885 -0.66501651],[0.24116832 0.24946113 0.25471022],[ -2.56720437  -8.53798578 -10.64198259],[0.18545601 0.12691016 0.10570418]
15,1439290,001817.73-002659.0,3.13790325688192,46.355537107501405,0.0081215481616929,1.2060889337584402,0.2851057757121257,[-0.53627256 -0.6924354  -0.71205053],[0.11587459 0.15415442 0.19378983],[-11.27379976  -5.32088129  -7.47852268],[0.20682873 0.16977746 0.14236151]
16,1439291,001817.62-003919.6,1.7214339552750646,45.67056477536964,0.0128445891970123,2.25484769956621,1.9738145141112715,[-2.45210858 -2.85412353 -2.65818116],[1.29632211 1.56396944 1.57054366],[ -9.99273352  -7.56402312 -16.65739749],[0.18784052 0.19496022 0.13539842]
17,1439297,001816.53+004907.4,1.2028182373809817,45.70804677870391,0.0121824990467267,1.8698928656285985,0.2273133684888088,[-0.7991758  -0.96270192 -1.08631123],[0.08463197 0.09604559 0.17687701],[-9.22057222 -5.52240269 -9.3451001 ],[0.15575976 0.11922401 0.13221768]
18,1439298,001816.41-002154.9,0.8129153343415696,45.37755649544569,0.0044087784784352,1.4942133657484589,0.2518715518610522,[-1.06840763 -0.94074935 -0.89821895],[0.10199963 0.14732788 0.18495797],[ -8.19895777  -2.7440631  -14.36601603],[0.15238414 0.14193541 0.13945229]
19,1439301,001815.77+001632.3,0.5763314362357953,45.20220021495206,0.0129621049079169,2.8578567538048207,0.4200839439216419,[-0.4170056  -0.46799951 -0.69994087],[0.18063087 0.18413704 0.19666142],[ -7.98491288 -14.34260834  -9.69075242],[0.14273694 0.15566843 0.12432651]
20,1439302,001815.75+003635.1,3.0474909345685965,46.381030561238695,0.0061934751635561,1.6000187335860874,0.3026028677160668,[-0.81129477 -0.73860103 -0.70587721],[0.1141749 0.1586394 0.1871865],[ -4.99627512 -17.30027901  -8.18839413],[0.21109038 0.18939378 0.13866807]
21,1439304,001815.61+011428.6,1.205733421091249,45.74965353521496,0.0038033603931175,2.013950160716953,0.2561150955266745,[-0.72135339 -0.76964222 -0.85312359],[0.09211118 0.10442489 0.13035561],[ -9.97813684 -15.46848883 -10.11569435],[0.1780786  0.12472456 0.1266858 ]
22,1439305,001815.58-000313.1,1.6544824551482191,45.44637532084672,0.0133228361165933,2.3756701800807205,0.3882035193528483,[-0.46365913 -0.49125775 -0.70682978],[0.1547813  0.17134719 0.24502576],[-11.30691645 -11.11725208  -7.38598656],[0.21857971 0.22401859 0.15677503]
23,1439310,001814.96+001340.3,1.904599466580208,46.355933052568105,0.0,1.4448410286596656,0.2286883341113748,[-0.54858128 -0.72168824 -1.035155  ],[0.08448885 0.10078769 0.2398633 ],[ -6.91156257 -11.84460909 -12.52658355],[0.16909079 0.16155722 0.13047139]
24,1439311,001814.95-001628.7,1.921616410935601,46.05712852799737,0.0,1.8717014341282328,0.2740609300241208,[-0.81868111 -0.85702421 -1.58423981],[0.12240269 0.13957182 0.4430098 ],[-11.67148131 -11.28290931 -13.80321895],[0.15190665 0.14134117 0.11526492]
25,1439312,001814.87+004601.3,1.0388377939524855,45.33018855391552,0.0065665661259401,1.3257950927835918,0.3677025704130146,[-1.67818661 -0.81870156 -1.82198997],[0.56290899 0.79107974 0.88298106],[-14.99224848 -10.66128286  -3.08667018],[0.21668497 0.1807966  0.13618765]
26,1439315,001814.25+011130.0,1.137947597337342,44.94728546272532,0.045056194897743,3.302223842295768,0.6636235887915762,[-0.20508729 -0.58315596 -0.22264044],[0.30003738 0.35705699 0.34250934],[ -6.31133568  -1.8778805  -10.50770036],[0.2874119  0.23667469 0.17016174]
27,1439319,001813.61-001427.2,1.983276288834296,45.51017357257879,0.0221878241857602,0.852634309402441,0.7643938326369609,[-0.4076972  -0.45719157 -1.5079982 ],[0.13014334 0.20646146 0.61364316],[-14.48010002 -12.47410678 -13.50128874],[0.24693832 0.23424073 0.16557702]
28,1439320,001813.35-010321.3,2.9863749334828174,46.28894349604279,0.0074542118086675,1.6616955554803896,0.339571092114845,[-0.64931263 -0.83741345 -0.64265588],[0.1438494  0.21240001 0.22417538],[-13.65976302  -2.66910116 -11.13452611],[0.22187402 0.17549588 0.15604531]
29,1439325,001812.14-001922.4,1.7459041934512671,46.0506545669848,0.0048573917843128,-2.762425877100453,0.2211241253203475,[-0.53099465 -0.8481318  -1.03028807],[0.02703284 0.0661589  0.12214926],[-14.37862278 -11.17260837  -7.89475365],[0.17316989 0.15369608 0.12235688]
30,1439326,001811.90-004126.2,1.615742054281997,46.28692541866253,0.0065743876668413,1.850903467827124,0.2665436578647345,[-0.55463147 -0.56664189 -0.35256406],[0.11452936 0.12666525 0.16258313],[-13.6481725   -6.82586413  -2.62844211],[0.12193382 0.09241976 0.05704123]
31,1439335,001810.71+010346.8,1.4814295025740245,45.47819298672398,0.0149489160502653,3.1765649828904534,0.6715882179871457,[-0.3524818  -0.52089424 -0.21629071],[0.24765096 0.26255775 0.26377129],[-11.27309286  -1.89243688  -7.48294328],[0.25415105 0.20872942 0.18029613]
32,1439337,001810.00+000747.5,1.0549309571078884,44.96180853693202,0.0108835634367387,1.6016059664687097,0.253155746670036,[-0.45288339 -0.50803636 -0.40673944],[0.110107   0.15419776 0.21207309],[-12.83689867 -12.60176876  -9.896122  ],[0.22692557 0.19765329 0.17177718]
33,1439338,001809.47+010734.7,1.75658027237202,46.00954942364308,0.0075068640403834,2.11995356488636,0.3031400953572793,[-0.58674499 -0.71814824 -0.90952564],[0.1329434  0.14326991 0.16644796],[-15.02959604 -13.74319068  -2.59266604],[0.15570796 0.15830391 0.13248663]
34,1439344,001808.89+010155.4,1.4269497079025757,45.986753751985205,0.0082968315818661,0.8172041960095876,0.3091133173444891,[-0.97165401 -1.01582415 -1.15013453],[0.13027869 0.19034348 0.3800763 ],[-7.39115841 -7.39047955 -2.42389567],[0.19928945 0.14441852 0.14114415]
35,1439346,001808.70-005710.2,1.3358415138166553,45.88663220564887,0.0108185497469932,3.023111532276729,0.6041208707742061,[-0.50641474 -0.52044284 -0.38870428],[0.26440854 0.29147794 0.29173679],[-15.12831305  -3.30052184 -16.15526825],[0.107441   0.11016301 0.117465  ]
36,1439347,001808.28+004443.9,1.7035723810519603,45.43576477047433,0.0263051366139031,3.2268012085788045,0.6072087661825172,[-0.16744434 -0.31672067 -0.18497701],[0.28094758 0.30884415 0.30483317],[-10.83195731  -1.62378895 -10.59266992],[0.25389915 0.23556841 0.19199347]
37,1439348,001808.20+010048.8,2.160620138320274,45.872171705962025,0.0139130833262512,-0.4101438053099485,0.6321628528866307,[-0.55599093 -0.64726249 -0.35525699],[0.09240692 0.16658438 0.20302841],[-11.73677255 -14.61278796 -17.24816832],[0.24368249 0.21934096 0.16372342]
38,1439351,001807.02+002244.6,1.2036100152294236,46.02922270617656,0.0038224518752052,2.348401405778839,0.3291303174164288,[-0.61240121 -0.73679053 -0.83397445],[0.14116852 0.14351507 0.15280472],[-14.03008941  -3.12426849 -14.33419324],[0.10494331 0.08212099 0.08601926]
39,1439352,001807.00-000705.1,1.5450020625806902,45.00688785178727,0.0461234091554665,2.5195349948558903,0.5357667219788254,[ -0.06128608  -0.41818933 -49.91349225],[0.20542819 0.22772554 0.83363767],[ -1.48067428  -7.49595669 -15.18213525],[0.25635912 0.21788255 0.16913972]
40,1439353,001806.88-004535.1,1.0482139448085668,45.55535583866285,0.0056271792525812,2.3109102196009768,0.535813962580191,[-1.20797018 -0.50069569 -0.45139913],[0.42017211 0.58459188 0.60442825],[-11.46982402  -6.97820328 -17.28740067],[0.18360091 0.08637438 0.1198685 ]
41,1439356,001806.27-004157.1,0.6259326952149963,45.19247607930963,0.0140314931218306,1.8585930760744385,0.6496805109666012,[-0.88415516 -0.77551974 -1.6066712 ],[0.19305688 0.27039025 0.63513232],[-7.40387836 -7.37970182 -5.86210469],[0.16312668 0.14149042 0.08823542]
42,1439358,001805.91-011143.1,2.0423226452919687,46.40860166801311,0.012900403399179,1.8376495234986083,0.3814177001217904,[-0.98096179 -0.89711161 -1.04164331],[0.11038243 0.13324573 0.13993869],[ -2.84290208  -8.56131371 -10.57023118],[0.11324358 0.10565046 0.08967787]
43,1439360,001805.85+005630.2,1.0417461305062374,45.24669205418292,0.0088208743447282,3.311493524729164,0.687406946572342,[-0.70566773 -0.82805042 -0.9843575 ],[0.33128412 0.40696354 0.42043376],[ -1.74349941  -9.57135409 -10.54381345],[0.225254   0.1952385  0.16280077]
44,1439362,001805.51-002647.3,1.488998369236321,45.99528243638187,0.0060173890568293,2.0947310446895626,0.3355295435885935,[-0.67876212 -0.92269714 -1.03544053],[0.14063064 0.18557745 0.18402552],[-13.64816551  -2.13907718 -11.08818632],[0.17616549 0.14419554 0.1246396 ]
45,1439367,001804.33+010031.3,1.3508818004106276,46.02380395192898,0.005525241581477,1.6780466400104743,0.1804049078321395,[-0.85221435 -1.00473913 -0.98234257],[0.07721088 0.08746278 0.10968662],[-12.47841969  -8.50969702 -16.32251662],[0.12117897 0.10844305 0.11883609]
46,1439373,001802.89+004320.0,2.1046307807195275,46.3407244794986,0.0060236995675282,-2.2721482972948284,1.1551047850810148,[-0.77617164 -0.95218799 -1.65164441],[0.03372054 0.0721709  0.62655142],[-15.09802104 -27.98853916 -11.30462843],[0.15442321 0.13952199 0.08444957]
47,1439374,001802.56-002013.9,3.307728148798323,46.43157609158777,0.0142887412509367,1.7416215902329657,0.3298346225511913,[-0.57055431 -0.60899347 -0.82161166],[0.17117471 0.24014121 0.25596123],[ -13.53285182   -9.71446459 -279.00056264],[0.21238791 0.1855051  0.13012227]
48,1439376,001802.46+000312.9,1.6030135398664636,45.59670513267999,0.0098613618630096,0.158996765628462,0.5785167438232719,[-0.6530205  -0.7293194  -0.87155865],[0.05803821 0.10445828 0.20262271],[-15.10543013  -6.06855887  -4.76883931],[0.19108372 0.18536492 0.18571264]
49,1439378,001801.53-010151.9,1.3543754324677668,45.410545865108254,0.006307531830771,2.23773185934666,0.3345623907866599,[-0.38356428 -0.47193715 -0.60651501],[0.14374476 0.18185381 0.22460298],[-13.55908737  -7.36545904 -10.97447195],[0.25078036 0.18761232 0.15593951]
50,1439380,001800.98+004319.4,1.5728444984287753,45.64305916005408,0.0112830641010361,1.3737723578033254,0.4191270560574888,[-0.86390707 -0.87723199 -1.29120172],[0.15193309 0.22515986 0.5133459 ],[-15.88951962  -2.22329374  -7.26053327],[0.20217127 0.18269063 0.13352174]
51,1439382,001800.33+005326.9,2.616215748995477,45.91241105506684,0.0131832370696081,2.0611724556369264,0.6138869221035963,[-0.59671705 -0.9809918  -0.20170669],[0.15597621 0.27262765 0.22286156],[-13.02502497  -1.91189593 -12.16887671],[0.25444528 0.207442   0.17885391]
52,1439385,001800.20+004602.8,1.9157881017701648,46.79788924426285,0.001525260685792,2.3254497536952163,0.3411014600456679,[-0.82191289 -0.94021499 -1.05321887],[0.15044227 0.15234624 0.15934357],[ -3.84480385  -3.40922559 -15.53325276],[0.05182112 0.04645982 0.04864556]
53,1439387,001759.83-000548.2,1.8171484706677337,46.185075165191854,0.013680534403111,1.755166407612875,0.2414491692660989,[-0.79228769 -0.91518338 -1.11603808],[0.09587224 0.10691641 0.14038429],[ -2.64500665 -17.30494376  -8.18072735],[0.11158216 0.10998134 0.10539609]
54,1439391,001759.16-010543.5,1.5713294670380555,46.23984519444803,0.0094102977169576,2.182422636577483,0.2745879530939547,[-0.81936461 -0.92837052 -0.96402371],[0.12400657 0.1259904  0.1346567 ],[-67.44491489 -17.30259326  -2.71467245],[0.073657   0.06188005 0.05825679]
55,1439393,001758.83-000738.8,1.9447271498765584,45.16671946855459,0.058267098478872,3.147498379159156,0.9772315577362468,[-0.43672459 -0.40041186 -0.82839432],[0.30162961 0.39346623 0.60151293],[ -9.99860619 -15.47544131 -10.28092885],[0.24129422 0.21800459 0.19079911]
56,1439394,001758.65-011414.3,1.557252634376209,45.3059490919191,0.0233944569298252,2.3181836341166404,1.975256008806173,[-0.8795581  -0.61906156 -0.45155456],[0.46391071 0.7294243  0.70887038],[ -9.91836195 -16.9968421   -6.54033705],[0.24131959 0.2299458  0.18903411]
57,1439399,001757.19+005635.4,1.912254331313622,45.86395164335987,0.0134861865531661,0.9580505136674756,0.5573853352827338,[-0.89736109 -0.7748579  -0.53943842],[0.13005753 0.18841775 0.20577176],[ -9.10805538 -14.07963617 -12.2346067 ],[0.20427282 0.20778962 0.16997378]
58,1439400,001757.08+004625.3,1.3569306736788445,45.81552699382432,0.0048973153918261,1.5382314863023403,0.2358029177450646,[-0.97319034 -0.85477845 -0.47915865],[0.13264894 0.17964288 0.21571562],[-12.56133907  -8.49619394 -16.32807262],[0.179964   0.15303805 0.12208223]
59,1439401,001756.90-004723.1,1.8123779968903748,46.164972212964194,0.0145390916928356,0.7158258668711046,0.2722876673278573,[-0.57081497 -0.860994   -1.23597328],[0.11145678 0.17143476 0.19676233],[-11.62899211 -11.14013595 -13.80436861],[0.17399796 0.10974433 0.06061094]
60,1439402,001756.80-004745.0,1.8049318509781984,44.50678569034989,0.1731722128886446,1.0250643648384123,2.372471600582549,[-3.0390471  -3.86234817 -3.90246775],[1.74095434 1.95770323 1.93388131],[-13.29987166 -12.95408965  -8.69954507],[0.20677577 0.2061372 ]
61,1439403,001755.66+003527.6,0.7906314101657039,44.94909582756329,0.0091036334026313,1.092653913697614,0.3689840918540691,[-0.66219305 -0.76872245 -0.58344674],[0.09521767 0.15620407 0.15179958],[-13.53107017 -11.24894793 -11.50192899],[0.18783566 0.19351911 0.14844756]
62,1439404,001755.53+000610.3,1.3297490449966716,45.60302904309229,0.0071605669626393,2.127623883968333,0.3004612912508297,[-0.5469861  -0.63355593 -0.48440972],[0.1208354  0.13355219 0.14593071],[-14.72985404 -13.50600499  -2.7719248 ],[0.1713143  0.14998434 0.14453969]
63,1439409,001755.00+002918.5,3.32102464935764,46.02174666694247,0.0408980637840521,0.2729694544326466,1.9342243399753123,[ -0.99380759  -0.55029339 -23.1419168 ],[0.54869052 0.77672202 1.00655765],[-16.83341042 -14.35307704  -1.27404751],[0.22982379 0.19386173 0.16119445]
64,1439410,001754.82+004243.6,2.40708188800182,45.98891181869013,0.0073063595607365,2.843864148379345,0.6497147904792511,[-0.45348055 -1.0118793  -0.67153783],[0.22981279 0.31951281 0.35442201],[-11.25302656  -1.66182482  -7.49703835],[0.22107771 0.19621915 0.15608829]
65,1439415,001754.16+011123.4,1.4626814926725145,46.33720205096479,0.0034987847169247,2.332846268073107,0.3473606389782075,[-0.90803423 -0.98508145 -0.92868382],[0.1546719  0.17007058 0.22190724],[ -7.27784735 -11.93245188  -1.84485945],[0.1002144  0.07892267 0.07418448]
66,1439416,001753.82+005057.6,1.357757668746916,45.54767844767024,0.0085587950568317,2.1399915478858755,0.2415304311129593,[-0.56880101 -0.73250045 -0.6791263 ],[0.10230749 0.1081966  0.13255477],[-13.53797762 -13.36391346 -11.27012981],[0.18061391 0.14936389 0.15486167]
67,1439417,001753.78-003656.4,1.6056194522539675,45.30369562977602,0.0204717650761452,1.2325910242238731,0.3196210747315224,[-0.43079801 -0.67637544 -0.42416622],[0.09705434 0.14175442 0.16086037],[ -3.59948258 -14.18816392  -7.25267063],[0.20057146 0.19109253 0.16033224]
68,1439418,001753.54-002404.3,0.9159754295397262,44.46656944402287,0.0375391400247586,2.01053090372681,1.2576348196873175,[-65.17679287  -0.29815588 -81.33298367],[0.88657434 1.22474717 1.19313063],[ -8.01193345 -11.19038302  -2.17741802],[0.20517111 0.21446412 0.18039954]
69,1439420,001752.65+000339.8,2.4170119257674405,45.96381804221312,0.0113536452371647,1.1826944772206602,1.0784420127972467,[-0.40599804 -0.63646018 -0.60739686],[0.12466513 0.17187427 0.31852123],[-14.54553033 -16.87348621  -6.10271447],[0.2187822  0.22042922 0.18502829]
70,1439421,001752.59-001547.5,1.704107145459044,45.70485391906673,0.0111237531768182,2.6825654125526794,0.5690064588391541,[-0.54863373 -0.60334022 -0.61604686],[0.22489089 0.26318973 0.27683341],[-11.22246166  -2.02576641  -7.57478131],[0.21220292 0.20205026 0.15923808]
71,1439423,001752.42+010419.8,1.2085597720855743,45.113388253492666,0.0229046201544989,1.6981367861078878,0.530160185384374,[-0.56593533 -0.61753018 -0.3803396 ],[0.15729213 0.21435776 0.22219788],[ -9.11984386 -14.07730271 -12.2469965 ],[0.23482807 0.20760127 0.16192794]
72,1439426,001751.83+003646.6,1.6251331235814754,45.79179419981058,0.0105505373527243,0.7533015829153088,0.3857618584191247,[-0.64900405 -0.95026728 -0.70732987],[0.09685031 0.17887464 0.17329806],[-14.97137738  -7.25124445 -10.94394978],[0.20680274 0.1907455  0.13777682]
73,1439429,001751.55+003110.7,1.2022464770548935,45.593313153528,0.0039641218592407,1.6536359710643835,0.419709824455579,[-0.46287528 -0.49242986 -0.60348335],[0.11093859 0.1325583  0.15351698],[-16.18555801  -9.94300705 -17.17911967],[0.19764003 0.18628376 0.12949437]
74,1439432,001750.88-003349.5,1.09219856434469,46.30526451951013,0.0012502461812005,3.055854369591798,0.5001929200643915,[-0.92724561 -0.93255543 -1.03778473],[0.23676553 0.23755917 0.24294635],[-9.01135266 -3.87137603 -7.7650406 ],[0.04859187 0.0368859  0.04062535]
75,1439433,001750.60+004543.0,1.4142657090049835,46.09449819267239,0.007670080441926,2.1610189452123167,0.2990708150097658,[-0.89976762 -1.00079207 -0.69418629],[0.11467564 0.12052412 0.12954644],[-9.2063345  -3.04130551 -9.35183658],[0.08674343 0.07365258 0.08037012]
76,1439435,001750.18+000201.3,0.9172027210437144,45.13932507575626,0.0105471432809309,1.8422810586493912,0.2387936312986776,[-0.64438293 -0.57735651 -0.58066241],[0.13979485 0.18190986 0.19958663],[-5.03923594 -8.56615517 -2.15361787],[0.19452799 0.17963412 0.14075725]
77,1439437,001749.89+000005.5,1.8695747677286472,45.458030638668816,0.0366822981469248,0.6728976282042325,0.3833021427879527,[-42.87030258   0.92859795   0.85961725],[34.75789888 48.27696645 48.02837625],[ -8.71170492 -11.91809796  -7.59913707],[0.2211159  0.24013197 0.17501934]
78,1439438,001749.83+010522.3,1.6137137741926428,44.957768174908246,0.0404586897078012,2.748018291545072,2.163709684108086,[-2.74384717 -3.75924227 -3.94525288],[1.81989826 2.03348779 2.01378479],[ -8.99917583 -15.15561658 -15.96651955],[0.22458803 0.20933777]
79,1439442,001748.47-010544.5,1.5730062889525267,45.75744468923534,0.0068174310579856,1.660305656008506,0.27201828705193,[ -0.77780155  -1.00001645 -61.72304927],[0.08968085 0.14145034 0.89719716],[-12.58180901 -13.87547597 -14.67185616],[0.18502916 0.15636757 0.12963744]
80,1439445,001747.79-001815.9,2.510645434930713,46.54746794377637,0.0027671859472171,2.114396221184632,0.3723654366836293,[-0.73967955 -0.75774845 -0.91566979],[0.14331136 0.15422794 0.16489372],[-17.32665977  -2.73265933 -12.02070317],[0.13552806 0.11713903 0.12569638]
81,1439446,001747.66-001141.6,1.6334097012285131,45.10775894740204,0.0587316565949862,3.3252893491988065,0.6680364264535974,[-0.33457212 -0.6947877  -0.32473522],[0.31954295 0.36847193 0.36821153],[-15.60430399  -9.34695109 -10.23008109],[0.25599587 0.21647514 0.1647994 ]
82,1439448,001747.00+002429.5,1.6540194972036162,45.699589549369975,0.0057808171455597,2.9560365266174307,0.5152307069666797,[-0.41449486 -0.62006556 -0.14997685],[0.22171853 0.26427926 0.24313411],[ -9.05777455  -1.57180556 -10.95877644],[0.22367575 0.21241465 0.16638714]
83,1439450,001746.57+005644.1,1.834193688521763,46.28243327725088,0.0036006276988906,2.4450366258966847,0.3229683126389671,[-0.61757935 -0.64393057 -0.75916295],[0.1337882  0.13823908 0.1369649 ],[         nan  -1.69914133 -15.75810793],[0.1225564  0.11315192 0.10931208]
84,1439460,001744.43-000602.5,1.635996979298027,46.11930034317788,0.0102745443809055,1.2816061912256522,0.1941468107226501,[-0.63406536 -0.9108015  -0.97734166],[0.08289556 0.12042416 0.14174468],[-17.17283123  -5.43158255  -2.80772383],[0.19298366 0.1284664  0.09451469]
85,1439463,001744.22+000529.4,1.9350850668263704,45.74610002659932,0.0122555016591192,3.4298143114998187,0.7389768269751529,[-0.35007831 -0.38461035  0.00981661],[0.33322012 0.35339122 0.35105054],[-13.71861857  -1.61845411 -11.54051679],[0.23051715 0.22330742 0.17226026]
86,1439467,001743.73+002155.6,1.7536704143893187,46.05077414799321,0.0047894664393695,2.6271771472753622,0.4353798013786223,[-0.60838898 -0.61813032 -0.63854289],[0.18172772 0.18498925 0.18690095],[ -7.38188795 -14.84041473 -15.89565162],[0.11977903 0.11891535 0.11553174]
87,1439469,001743.02-001845.7,1.5070513700152055,46.33201321497778,0.0020018652556004,0.7314623416282153,0.288610776468042,[-1.01942808 -1.15930577 -0.88507446],[0.14606717 0.21719781 0.2151134 ],[-17.16173508  -3.76660417  -3.06060148],[0.16862916 0.08768959 0.06357045]
88,1439475,001741.33+005244.6,2.806871654466466,46.151029801646224,0.0085370861974531,1.197129458161009,0.2945430207715781,[-0.70020142 -0.6635381  -0.64216384],[0.07791858 0.0993929  0.15306919],[-13.65128936 -13.3537488   -2.54737342],[0.21152032 0.18303779 0.16411216]
89,1439476,001741.28+010136.5,0.9447118557194024,45.533573751292295,0.0040355988005167,1.838135461956722,0.2272875654359319,[-0.89436099 -0.85579343 -0.89335671],[0.09586171 0.10896741 0.13874141],[-17.33719748  -9.19403883 -12.06647902],[0.14538338 0.12790578 0.12812223]
90,1439477,001741.00+000348.7,2.641188971276127,46.0409820935048,0.0095450555768934,2.490099943846695,0.5373119095521418,[-0.39996218 -0.56106407 -0.54809666],[0.22011618 0.30289606 0.35687541],[-42.00080607 -13.54331394  -8.422502  ],[0.2106988  0.15846721 0.18215019]
91,1439481,001740.22-005353.0,2.088800882023741,46.08554334625664,0.0295252476615246,2.295810084774008,0.3160817919955105,[-0.81846155 -0.85719577 -0.94909175],[0.1443504  0.14914207 0.16063079],[-7.53625689 -6.37089684 -2.64012992],[0.12237276 0.10190387 0.08048949]
92,1439483,001739.47-000805.0,2.761370178459869,46.40036962425878,0.0042155298356938,2.3636954864205704,0.3967023582155851,[-0.64569031 -0.67894797 -0.72945549],[0.17026744 0.17232803 0.20629483],[-14.20019011 -10.84683504  -2.11866006],[0.11689009 0.10618157 0.116782  ]
93,1439486,001739.17+000113.3,2.0043656814728603,45.62211947073732,0.011010696247343,0.4892977167371538,0.5779406866584589,[-0.65843366 -0.58915652 -0.93724312],[0.18711761 0.28811618 0.46486374],[-15.12059061  -6.08982238  -4.78725101],[0.24299981 0.20354194 0.16742167]
94,1439487,001738.95+002436.6,2.308792720212589,45.877936679488144,0.0108717623071292,2.009367584040577,0.2928810934157361,[-0.42200549 -0.4715819  -0.29018206],[0.12347229 0.142966   0.17613294],[-12.86004432 -16.60744033  -5.38111028],[0.2066426  0.20306201 0.17298928]
95,1439489,001738.82+004731.1,1.4704745226842295,45.22695673828515,0.0185697809568878,3.217037054682444,0.5621576937122996,[-0.36543177 -0.37636496 -0.12093266],[0.26936975 0.29638943 0.29640466],[-15.13113848  -2.40586738 -16.16127429],[0.23876612 0.20692523 0.17945951]
96,1439490,001738.77-003116.9,0.8546143568196709,46.07674926241752,0.0015154947352549,2.7782603953366136,0.438936653732431,[-0.72688358 -0.70513767 -0.78049234],[0.20602385 0.20703565 0.20831928],[-13.10823383  -3.52343093  -3.80644473],[0.04270283 0.04244692 0.04896273]
97,1439492,001738.41-004904.4,1.934575141731277,46.06033633437864,0.0092533974819417,1.3894122884583884,0.1875793907793345,[-0.68719165 -0.83418936 -0.51569505],[0.07854471 0.09998409 0.12170574],[ -9.39473502 -16.26421233  -2.03830091],[0.16314273 0.15225413 0.11014975]
98,1439494,001737.58-002732.1,2.10775655169385,45.312856238839615,0.0460249819380464,1.117006974385922,2.331714720838716,[-4.21929313 -4.96260021 -5.32544631],[2.03901032 2.23852118 2.2167217 ],[-10.94854317 -14.19469754 -13.71933212],[0.23602273 0.2047447 ]
99,1439496,001737.18-000900.8,2.387369632720948,45.6819353437228,0.0162526911192557,2.3677479787896862,0.5461926799696721,[-0.42439545 -0.58126031 -0.58439998],[0.19840148 0.22554433 0.2249407 ],[-11.84400625 -13.49817541 -14.64263421],[0.22521962 0.19576176 0.16335632]
0,1439501,001735.69-011325.0,0.8051093768085018,45.86745368211153,0.0048514724734332,2.683472382260104,0.3315745460046868,[-0.74872905 -0.73177022 -0.8579357 ],[0.16051547 0.16194194 0.16370804],[-13.5617466  -11.38873181  -7.67874221],[0.07168596 0.06418229 0.06814876]
1,1439502,001735.57-004636.0,2.477678747806168,46.11107648051011,0.0052516539986982,3.180764563498447,0.6778400365675215,[-0.37754835 -0.34706679 -0.42713036],[0.30379402 0.32654653 0.37780568],[ -8.05404788 -16.71762688  -1.8310632 ],[0.12544186 0.11893242 0.12702692]
2,1439510,001734.78-001908.3,2.100208142557292,46.588348689368864,0.003044497666341,2.567652621441697,0.3529005218797392,[-0.65206117 -0.68437651 -0.74914403],[0.16933672 0.17097994 0.18416137],[-7.54568092 -3.21289651 -3.79815258],[0.08338904 0.07162221 0.03614129]
3,1439512,001734.26-010620.2,1.1342226625818153,45.437375864147214,0.0066621002004687,1.420004943769555,0.2640511165815264,[-0.42388395 -0.72647774 -0.98356136],[0.09616865 0.13670208 0.20545453],[-11.62728165 -11.21788712 -13.79118093],[0.22623748 0.16956449 0.14169319]
4,1439515,001733.84+003629.5,2.056934295757784,45.77778359772242,0.0159434463011862,3.200915282587387,0.6627659110765083,[-0.42269906 -0.33906146 -0.06604163],[0.29535284 0.33141746 0.33753495],[ -1.84709736  -2.07289    -10.97759652],[0.21899537 0.23954978 0.18670803]
5,1439516,001733.77+003857.3,1.574797421662718,44.95331449968838,0.0219213954447283,2.792061848478601,2.3098491856497434,[-14.29100558 -25.00864077 -17.16456872],[2.35674626 2.51308801 2.49365744],[-6.83987571 -8.30839418 -7.02222216],[0.19669948 0.18235579]
6,1439517,001733.69+011343.3,2.567339139197516,46.81169842461842,0.0027440297634022,2.0988170166013096,0.3301153128738597,[-1.08030028 -1.08535643 -0.88341488],[0.13682936 0.14618789 0.17088368],[ -3.44314621 -16.72733134  -3.57348066],[0.08623285 0.07771013 0.07854475]
7,1439518,001733.08+001555.4,1.879965915143177,46.08017033717963,0.0057700985962867,3.069071954015491,0.6301816835631708,[-0.36705989 -0.90499409 -0.58955376],[0.66856257 0.9201717  0.92835211],[ -10.54456476 -109.48053222  -15.31904994],[0.20502739 0.1423284 ]
8,1439520,001732.94-011145.7,2.0103679738559648,45.61941767523869,0.0166623001425669,1.319083065459001,0.8814187153906203,[-7.35047143 -0.07950518 -5.71222889],[0.78298206 1.10370498 1.18546725],[ -0.46492121 -15.97165677 -14.85706837],[0.2096581  0.22728585 0.184951  ]
9,1439527,001731.70+004910.1,2.4299322844766107,46.32253954096296,0.0045876161873721,2.136632270585164,0.2719605145245199,[-0.73036886 -0.73885284 -0.54408978],[0.11346082 0.12397147 0.1359846 ],[-11.70573736 -13.469062   -14.64416539],[0.1397912  0.13288505 0.14148379]
10,1439530,001731.27-004859.3,1.3579096463685376,46.13965406414532,0.003824157951211,2.464098563510824,0.4032140243965221,[-0.55997221 -0.61081901 -0.71546993],[0.18647838 0.19357568 0.2048236 ],[ -5.7336711  -13.10605016 -15.07740395],[0.08176233 0.05386061 0.03764289]
11,1439531,001731.13+005822.0,2.1155330641475683,46.13534129030171,0.0067040129030679,1.2029821525615554,0.2240561943135711,[-0.7846229  -0.71935993 -0.83234788],[0.07931479 0.11058467 0.20199714],[-13.27070334  -6.08067894  -6.90719037],[0.18566989 0.18001395 0.16951464]
12,1439536,001729.66+002225.6,2.652972468701123,46.480678779421126,0.0040731857900979,1.6776912269246522,0.3017681320289802,[-1.02656977 -1.02525665 -1.02246078],[0.10825152 0.13257606 0.16147682],[ -8.96470447  -2.74808796 -10.03427247],[0.13982232 0.10839479 0.10407575]
13,1439541,001728.91-010001.4,0.9112321742723942,45.0543284096934,0.0094178044062793,1.714223642894771,0.3059466010556332,[-0.69910324 -0.8832961  -0.58188528],[0.09524492 0.1486972  0.1470961 ],[-15.88112987  -5.16962252  -7.24772287],[0.18970122 0.15709735 0.14029477]
14,1439544,001728.03+004049.5,1.4648117556297071,44.94767817288769,0.0163266421737731,2.9134179334348804,2.1512023281572934,[-2.87123449 -3.85658943 -4.00778775],[1.72105768 1.93171931 1.92673142],[ -8.98145719 -15.1462944  -15.97183485],[0.21134956 0.19461572]
15,1439551,001726.63-003642.7,1.251729803650911,44.87749561778556,0.0295131964238315,3.358854867933698,0.5958093488530962,[-0.35201106 -0.38670284 -0.30825054],[0.26010886 0.28496787 0.300125  ],[ -1.95315211  -2.29160221 -11.02556426],[0.25525423 0.20874462 0.2048646 ]
16,1439557,001724.99+011029.9,2.025459091125688,46.11874422100903,0.0067906202508858,2.3520462998343445,0.4234993045274986,[-0.63596456 -0.81920012 -0.63049714],[0.16571425 0.17527519 0.177345  ],[-13.54209405 -13.37819978 -11.21319894],[0.16134347 0.13612663 0.13174656]
17,1439562,001724.21-000038.0,0.8587843495348294,45.13420641870966,0.0103515609599895,2.158432986861813,0.225559228097435,[-0.67068357 -0.6279445  -0.76845815],[0.10992098 0.11765047 0.15929114],[-14.53987311 -16.87119546  -1.75898206],[0.16243105 0.13999932 0.13874101]
18,1439563,001723.91-010003.4,1.859128519917937,45.91848835517792,0.0164935991314543,1.2444172958849442,0.339766823935511,[-0.75506891 -0.75052084 -0.9562839 ],[0.09464258 0.14806862 0.20275812],[-11.81971027 -12.01717576 -11.20657358],[0.19077624 0.17525505 0.13003794]
19,1439567,001723.18-002938.9,1.8441511924005465,45.91911648056247,0.0068938355588166,1.3248745777866269,0.3920859948850381,[-0.81712309 -0.93569285 -1.02864902],[0.10544794 0.16152303 0.22269772],[-14.39791967 -16.93434715 -16.54374827],[0.19365607 0.16409271 0.12735975]
20,1439570,001722.81-004448.0,1.9228071855191875,45.67225574119948,0.0161263031875371,1.3054459764712725,0.3159481325326819,[-0.3850418  -0.68953405 -0.95331871],[0.11346156 0.17050115 0.25572904],[-11.0376366  -14.62489099 -11.35513837],[0.16709117 0.17943401 0.11510118]
21,1439572,001722.56+005525.0,1.80151084613574,45.561357703355895,0.0230306149130683,0.9532049966781038,0.6752744497367922,[-0.83854267 -0.58725255 -0.45575157],[0.26620344 0.4059066  0.43942127],[-12.88067398  -8.24004783  -4.82085675],[0.24183072 0.24735318 0.16686509]
22,1439573,001722.48-000824.5,1.1077996428237105,44.964000354225526,0.0175713189626556,2.06767411372447,2.1560419430831645,[-1.47948058 -2.14107746 -1.79379937],[1.49229349 1.71688754 1.73626579],[ -7.95008047 -15.48916008 -13.39056944],[0.19296542]
23,1439577,001721.67+000656.8,1.611167340691524,46.06308387874272,0.004452468368747,2.2121655542593355,0.3709616960675679,[-0.66110251 -0.66710598 -0.74683076],[0.14299925 0.1560215  0.18795754],[ -1.87934597 -16.24072866 -14.89654091],[0.18879934 0.15560068 0.12507439]
24,1439582,001720.93-001225.3,1.316739172032711,46.03470635404,0.0038540014148082,1.8258709549930685,0.2387760675968214,[-1.09919729 -1.09314779 -1.09008791],[0.09027999 0.10500045 0.19521633],[-9.02480567 -3.52857037 -7.85764075],[0.10312685 0.08492333 0.08874775]
25,1439583,001720.41+003741.3,1.3472604057461524,45.926078053712,0.0034112369554009,1.6824195235634811,0.3212562779028927,[-0.72705176 -0.75931218 -0.68913302],[0.10587843 0.13912155 0.15536026],[ -5.53026284  -2.41246384 -11.44768636],[0.16314695 0.13486686 0.12421194]
26,1439584,001720.27-001658.7,1.1509431296826795,45.41134526651504,0.0072615598603924,1.2396722599950074,0.5360743624204407,[-0.65269782 -0.92203738 -0.54887058],[0.11992548 0.20194037 0.1844688 ],[ -9.11151523 -14.07248559 -12.24430311],[0.20401477 0.18257995 0.13399191]
27,1439598,001717.84+004419.0,2.7100766185968186,45.984608856972585,0.0143435201975066,2.6917599009840583,0.614131231473934,[-0.72904406 -0.96571989 -0.29229012],[0.30789787 0.45970743 0.42400359],[-12.86039856 -16.60099853 -63.50258453],[0.21249021 0.19869738 0.15101121]
28,1439601,001717.07-001901.0,1.4210300007472254,45.26199954323857,0.017418198593603,2.479211833793137,0.491542200425634,[-0.47292822 -0.56679619 -0.27629558],[0.20876926 0.2386838  0.25442241],[ -9.40634961 -14.07182647 -12.24894619],[0.22846914 0.22699323 0.17169173]
29,1439602,001717.05+001154.2,1.5915193593214514,45.68395956760673,0.0088165531650652,3.117514541260681,0.607946661601326,[-0.41672556 -0.90731956 -0.26031374],[0.27645258 0.30914425 0.29288228],[-13.61668966  -5.9793462   -1.9113984 ],[0.23941117 0.20070754 0.15351965]
30,1439604,001716.92-000844.0,1.1121032805858693,45.31964785248819,0.0124928482755457,2.6274938275983533,0.4460931154673899,[-0.55679004 -0.61522005 -0.60018363],[0.18719306 0.19798609 0.21304928],[-15.13091467  -1.92985377 -16.16416081],[0.1973347  0.16581723 0.16660043]
31,1439605,001716.91-004131.5,1.928837185195572,45.65928369650629,0.0311371949722172,1.829536052961448,0.586729106307711,[-0.79399958 -0.91914608 -0.81069844],[0.21187376 0.29218839 0.32872813],[ -9.2096674   -9.3618232  -16.54739554],[0.19021233 0.16101898 0.13115262]
32,1439607,001716.82-010725.5,1.1650430363655118,45.78303354561141,0.0078983539322159,2.3736747550772987,0.3114574703680584,[-0.69409315 -0.77769728 -0.77925244],[0.13632917 0.13880098 0.14809423],[ -2.72867323 -16.72159031  -2.51932145],[0.11828118 0.08549692 0.07893306]
33,1439608,001716.56-004715.5,1.375204982980634,45.52596621261746,0.0098466005286255,1.0610884745072928,0.4901688879350216,[-0.72589338 -1.02707584 -0.90120856],[0.1385226  0.22191289 0.30464317],[-15.12279919  -6.11755199  -4.80470938],[0.15190183 0.13666563 0.13936935]
34,1439610,001715.91+003908.2,0.8121140808309739,45.30689199326841,0.0040646907434087,2.573281112584428,0.3361288547037753,[-0.54978578 -0.53025835 -0.73369384],[0.14886446 0.15021809 0.16351607],[ -7.02045861  -8.55348205 -10.57851832],[0.11503396 0.11037618 0.09738503]
35,1439611,001715.85-010959.5,1.8996572117372283,46.44881031181664,0.0108368296746341,2.0375600059095147,0.3479191010485837,[-1.12535001 -1.08086462 -1.17004112],[0.13822386 0.15011626 0.1650975 ],[ -8.97068532  -3.20309791 -10.0237126 ],[0.11224763 0.09314866 0.06987093]
36,1439620,001714.42-003107.0,3.032432480755245,46.22844573760698,0.017366373152921,2.8886579943109174,0.5372462045140807,[-0.62889658 -0.57397259  0.10341668],[0.23945241 0.27724982 0.27539286],[-11.72651219 -14.61829547 -17.24468893],[0.21206616 0.19955103 0.15036156]
37,1439623,001713.40-002448.6,3.1815416703784263,46.608350325391385,0.0053245126795822,2.1359903368608943,0.3886077047981086,[-0.88425024 -0.83713216 -0.71940215],[0.15073285 0.1577804  0.21573574],[-7.61225306 -2.62890551 -2.73192599],[0.14109542 0.12265507 0.10618956]
38,1439624,001713.18+003852.8,1.447664021159148,45.45236623720396,0.0110495268561265,2.373797599580511,0.4265033692411506,[-0.48609737 -0.57319911 -0.45779759],[0.17163128 0.20633716 0.22385542],[ -6.79916721  -1.87811745 -10.99734146],[0.21662264 0.19852925 0.16021489]
39,1439625,001712.62+005844.8,2.8461903842031155,46.16714587345468,0.0132314333903238,-0.1729905220712376,0.2706280328425571,[-0.64466915 -0.80937843 -0.78875494],[0.06629991 0.10533491 0.13417303],[-15.88683174  -7.66423069  -7.26168782],[0.21918389 0.1882819  0.1583486 ]
40,1439629,001712.31-000315.6,3.0930080289343884,45.8530220294243,0.0163065086599054,1.5715479368922294,0.3964750435571591,[-0.52905823 -0.61953941 -1.28841052],[0.17950319 0.2470489  0.62178492],[-14.53709644 -16.86829155  -5.87999176],[0.23144089 0.21002186 0.17443554]
41,1439631,001711.96+001009.0,2.9363567390516234,46.57824492155564,0.0038629840705368,1.3702194310092788,0.2939897108648771,[-0.91537768 -1.0048648  -1.01990572],[0.11487677 0.17288491 0.22184716],[-15.88614214  -2.58020268  -7.4103959 ],[0.1646277  0.13955605 0.09724745]
42,1439632,001711.91-001600.6,0.6223049761753183,45.42127265994957,0.0384786931339462,1.639196175757626,0.3131062028419149,[-0.92389805 -0.99865079 -0.83903978],[0.09384366 0.13294817 0.15608312],[ -9.80663329 -15.46883931 -10.09608242],[0.15241431 0.12256155 0.10818461]
43,1439634,001711.56-002445.7,0.7774275618991056,45.51513349705718,0.0041573705384863,2.3775789076900065,0.2874307546446542,[-0.83496456 -0.867047   -0.82057695],[0.14079599 0.14440706 0.18851103],[-7.29113408 -3.00793477 -6.8962585 ],[0.06578878 0.06114208 0.05146693]
44,1439636,001711.39-010606.6,1.0956485347764524,45.39806749864909,0.009968034769674,3.0660824562137856,0.6025107489837882,[-0.11187902 -0.21715988 -0.18829794],[0.29114943 0.29238257 0.2932541 ],[-13.53961564 -13.37155737 -11.22565489],[0.16922023 0.14045945 0.14548703]
45,1439638,001710.40+000924.4,1.9279861050585343,45.91228383086782,0.0089474385634247,1.998690999186957,0.7529190494851089,[-0.56916087 -0.79567795 -0.71827851],[0.15519475 0.23380865 0.27258626],[-17.16727129  -5.49712258  -4.2560228 ],[0.22118776 0.19453763 0.17838289]
46,1439642,001709.81-001845.5,1.2913473814178578,45.66893134930555,0.0149128645809284,1.7120125161850308,0.2497335092933432,[-0.82728141 -0.83405418 -1.24244924],[0.09321056 0.11510697 0.38803097],[-14.20526153 -10.87694184  -2.16977918],[0.16593444 0.15064406 0.13842043]
47,1439643,001709.68+005715.2,1.5403386015236038,46.02990622015849,0.0040950438556741,2.0702525012722,0.3395808990983678,[-0.86291748 -0.85026523 -0.87380524],[0.12426151 0.13573795 0.20067403],[-13.21831403  -3.34723339  -2.16680662],[0.13038185 0.11982337 0.11799488]
48,1439645,001709.36+010422.7,1.838033682556838,45.79603970692516,0.0130316954426525,1.0445102528095394,0.2609076263176436,[-0.67398226 -0.67177786 -0.53820229],[0.09091678 0.12059576 0.13646026],[-14.55523773 -16.87504648  -5.82117629],[0.21301953 0.19151128 0.16061251]
49,1439653,001708.56+004427.0,0.5659567218263027,44.85816622275863,0.0149180860160242,1.4738882772605233,0.3311938658512618,[-0.98700086 -1.02819157 -0.92162226],[0.14313597 0.22863152 0.32343516],[-15.88566765          nan  -2.04368935],[0.20717996 0.17964333 0.15063854]
50,1439654,001708.25-003844.4,2.103148130044064,46.30545263580754,0.0133118566551537,2.3166660859509705,0.5249969734535408,[-0.78729148 -0.84006125 -0.80900335],[0.21339805 0.25485676 0.24730672],[ -2.84794839 -12.9784727  -14.64041821],[0.11424218 0.09959384 0.08448337]
51,1439657,001708.18-001727.1,2.2321141293808777,45.286741864473214,0.0237370938336347,2.280399828501424,0.6724241920663993,[-0.3545383  -0.33682935 -7.39247766],[0.17591587 0.19835014 0.89057212],[ -1.79533155  -8.81066138 -11.86238253],[0.25751578 0.24091474 0.18911428]
52,1439658,001707.67+005416.9,2.2713875404245845,45.710496016099846,0.0189704050966383,2.7580236427857017,0.516036759524956,[-0.43950581 -0.65127025 -0.43400462],[0.24763968 0.26165817 0.26546479],[-11.26956874  -2.13614231  -7.42751447],[0.22697661 0.18379744 0.1650152 ]
53,1439662,001707.10+011032.3,1.2886013519885755,45.09505986876901,0.0154983533429806,0.5697578272956764,2.0678562742002145,[-1.87832977 -2.26909649 -2.37448474],[1.36930751 1.61764277 1.61847665],[-15.12381667  -6.10558347  -4.92402996],[0.24252966 0.24764815 0.1961983 ]
54,1439663,001706.85-002445.8,1.2981712759994335,45.84319778575091,0.0056969824927044,1.5864230630124403,0.2998988127243159,[-0.65863672 -0.78626689 -0.92110315],[0.08678392 0.10606823 0.15805495],[-12.88051558  -8.38962459  -1.85590757],[0.17091716 0.13883347 0.13235899]
55,1439665,001705.94+000643.9,0.9238533328670688,45.09833411883322,0.0093413650859979,1.7969701201778014,0.3712869846357182,[-0.56568552 -0.55298956 -0.42407772],[0.14368313 0.19112493 0.19274046],[-11.73119142 -14.61357495 -17.23750602],[0.22296189 0.19241944 0.15651325]
56,1439667,001705.21-004717.2,2.065416400260231,45.32061020953012,0.0351393656895098,2.51311008133846,0.7083295553259727,[-0.52055801 -0.81595217 -1.29162882],[0.28990908 0.36936628 0.62139931],[ -6.77308928 -14.81810669  -9.61466486],[0.20349304 0.17905192 0.1090853 ]
57,1439670,001704.65+002316.0,1.768386984127212,45.52010109546136,0.0138719158265843,1.691566390414709,0.4310286495467871,[-0.4489183  -0.29659534 -0.34451563],[0.13032917 0.16451818 0.21244915],[-16.28380587 -12.0548496   -5.46055038],[0.23671899 0.22603878 0.16871679]
58,1439672,001704.48-005616.4,2.6543325029699165,45.74274458945754,0.011794619638632,1.860372817004007,0.3918490513259227,[-0.56847802 -0.39875066 -0.61919737],[0.16381539 0.20650032 0.23819281],[-16.19337886  -9.96888755 -17.17971792],[0.2327854  0.20960301 0.15085065]
59,1439674,001704.26-005516.1,3.027212404775647,46.00772736804735,0.0201617693813389,2.3279896750229856,0.8643891073073646,[-0.29364179 -0.64547945         nan],[0.22899918 0.32107216        nan],[-12.04292619  -8.39945612 -13.87615457],[0.24875308 0.22980276 0.1851046 ]
60,1439681,001702.70-003330.7,2.038643754580792,45.58478987388207,0.0217113312159469,2.4822090396520564,0.6302089191597838,[-0.34181186 -0.29850846 -0.83679395],[0.25468074 0.33274053 0.52165543],[-12.88427814  -8.79256309  -7.53879778],[0.21816899 0.23560414 0.17746746]
61,1439686,001701.60-000521.1,0.833725418342322,44.95729312532473,0.0067957407746135,2.7232504054643147,0.5561660132539799,[-0.59346942 -0.66624934 -0.21043451],[0.19610791 0.21850058 0.23736788],[-10.21411127  -8.97176485 -10.12865335],[0.20331569 0.19347705 0.15634938]
62,1439687,001701.19+005319.6,1.7916417283417658,45.188769872097375,0.0380898895435066,0.8717979681567963,2.368779430964522,[ -89.9376055  -110.44235548  -90.46596877],[1.95846703 2.13028825 2.14579633],[-17.20561667  -6.63358248  -5.45226878],[0.22730723 0.2222367 ]
63,1439688,001701.03+001324.3,1.712063912853961,45.42672913168804,0.0196913647332444,2.9893035697983814,2.3263010832224658,[-16.04878677 -17.07749132 -16.33361216],[2.06150555 2.22934879 2.2364216 ],[ -6.95912935 -16.52750779 -15.4823886 ],[0.20724291 0.21405345]
64,1439690,001700.49+001105.5,2.410701417221725,46.24516830290865,0.0036505764190586,0.9376573379817535,0.162515601475334,[-0.56208102 -0.73765304 -1.71315548],[0.05914237 0.08298339 0.57227704],[-16.39925569 -10.76861275  -1.87664677],[0.17070321 0.14918515 0.14443503]
65,1439692,001700.31-000723.5,0.9327533102209102,44.7043155988282,0.0218113385632534,2.5846639726895324,2.348684363559322,[-11.5213032  -11.78071315 -14.20132293],[2.11293827 2.2805747  2.29267024],[ -1.63500336  -4.94282299 -15.66457491],[0.21870154 0.19729565]
66,1439694,001659.98+004526.1,1.353870223515948,45.35127002504467,0.0110745477708107,1.9101575026457247,0.3517051409550196,[-0.29913479 -0.53567986 -0.68547647],[0.14852919 0.20909242 0.24190612],[-17.03384186 -14.77638928  -9.53283827],[0.23018529 0.20655373 0.16113862]
67,1439695,001659.74-003612.2,1.3907332263424783,45.61430578982112,0.010208801629119,0.9650415076426228,0.4035202409832794,[-0.9407112  -0.85337327 -1.59630708],[0.1145204  0.1668967  0.62848043],[-11.64751619 -11.20182789 -13.79572407],[0.18760832 0.15271707 0.14188982]
68,1439698,001659.04+010218.3,1.38344613638554,45.50312213558727,0.0165440279881998,1.8549138445711728,0.2452135803227596,[-0.42472307 -0.66612386 -0.448735  ],[0.10223471 0.13233764 0.13766473],[-14.54842912 -16.87718247  -5.7795197 ],[0.23275616 0.18733717 0.17113199]
69,1439700,001658.46-000629.8,0.8281225913413467,45.15901811344049,0.0079823470771032,2.203994214435843,0.2888617104196114,[-0.51432908 -0.54101892 -0.85697394],[0.12494608 0.13721468 0.19878242],[-14.20285568 -10.87407355  -2.1414776 ],[0.18366253 0.1732766  0.12963427]
70,1439702,001658.28-010716.4,2.2355944323079857,45.94222709219408,0.0116572400434762,0.883687297538894,0.2522684986969976,[-0.73381612 -0.73918635 -0.80094975],[0.09992688 0.1487035  0.23127741],[-15.88770949  -2.70479816  -7.24092428],[0.21420786 0.18139571 0.16599735]
71,1439704,001658.04-004318.6,2.2497712637755782,45.98426857950079,0.0077803642392879,1.6766759736175505,0.4188779280031836,[-0.61464156 -0.62956129 -1.96171792],[0.14293611 0.19919021 0.72757147],[-11.65812168 -11.30917913 -13.8013386 ],[0.15605361 0.15080481 0.12770478]
72,1439706,001657.76+005614.6,1.87185356736524,46.80357069078497,0.0017724996288386,3.0329094215877603,0.478996826028927,[-0.72885361 -0.82753419 -0.93258867],[0.24070933 0.24166923 0.24394186],[-13.56584595 -11.39580741  -3.56008705],[0.08747686 0.0704074  0.05042765]
73,1439710,001657.00+005532.1,1.753324929412122,46.60738891871296,0.0041612208599168,2.5252064074921443,0.3556187064737284,[-0.7293565  -0.84659413 -0.91677967],[0.16443415 0.16506971 0.1680406 ],[-7.15324262 -3.24843417 -2.90512003],[0.0775737  0.07816668 0.07503047]
74,1439711,001656.62+004932.7,2.113386810229852,45.80700612943852,0.0117275684990332,0.5368637761722903,0.4555640915450886,[-0.39735952 -0.46468693 -0.45449775],[0.07687846 0.11621544 0.16649562],[-16.49292993 -16.76850718 -15.3863151 ],[0.22684042 0.21345563 0.18306306]
75,1439713,001656.32-004842.1,2.219242432369956,45.52107450390999,0.0149261117223709,1.213909320497064,2.209484512574085,[-133.31627496 -136.63567796 -133.52393199],[1.98208225 2.17189348 2.15179562],[ -7.35698842 -17.85853232 -16.31512077],[0.17253192 0.18224965]
76,1439714,001655.94+005138.8,1.2434539454801958,45.40497784189861,0.0097100701290457,0.3532945611542903,0.1800797223032401,[-0.69703584 -0.70251644 -0.74367461],[0.06608176 0.10176431 0.14693336],[-15.11871168  -6.10759013  -4.73531042],[0.21646296 0.1867515  0.15881252]
77,1439718,001655.31-000655.8,2.9290272235940127,45.9400258843289,0.0150130287365257,3.5216871918430463,0.6992053884481622,[-0.60570594 -0.43440658 -0.23100393],[0.33730842 0.39759218 0.40839163],[ -1.7986473   -1.90420977 -10.99416825],[0.23029624 0.20296217 0.16900287]
78,1439724,001653.80+004250.1,1.9214033394447985,46.09083118899123,0.0100172942818623,1.8585817520106749,0.340038045582747,[-0.6904375  -0.60975442 -1.62196916],[0.10145991 0.11853635 0.5269546 ],[ -2.72849721 -13.45908384 -14.83213485],[0.15254424 0.16155063 0.11730252]
79,1439729,001652.45-010423.3,1.95316654855824,45.64002466624493,0.0215115430967358,0.7607926211396205,0.7536366263800518,[-0.37053661 -1.27336206 -0.66669899],[0.15603215 0.66537833 0.31844031],[ -6.32445845  -5.22074954 -13.20408022],[0.22977386 0.20755496 0.17169903]
80,1439736,001651.18-002834.4,1.2677967275831468,45.64359190447366,0.0064470926356108,1.2959692770956046,0.4857696189935396,[-0.82904115 -0.95716691 -0.79132406],[0.10171998 0.15157612 0.19580792],[-15.88431607  -1.89137202  -7.25529193],[0.19398732 0.15191051 0.14495835]
81,1439738,001650.99-001931.0,1.843783032676214,45.66929908499332,0.0111987066463434,2.4604737427963803,0.4698175579199493,[-0.53875535 -0.54660652 -0.47001017],[0.17351154 0.20463647 0.22571717],[-15.13225048  -2.47727343 -16.16170215],[0.21492422 0.20348912 0.15731477]
82,1439741,001650.16+005733.8,1.9461397599937524,45.33112550789238,0.0267724498406707,0.3736129179207842,1.0138091614031337,[-0.11877025 -0.57820632  0.18686529],[0.14885799 0.29893109 0.31663381],[-16.990353   -14.13581467 -11.35962655],[0.28503174 0.22847728 0.1858439 ]
83,1439747,001648.27-000215.1,1.4785852418667689,45.88259338946008,0.0055940343598734,1.85102581535984,0.2598914028566786,[-0.78004358 -0.82530909 -0.83288493],[0.09648405 0.10754703 0.14438547],[-15.21188414 -16.7627661  -15.70752447],[0.15331761 0.13292123 0.13946538]
84,1439748,001648.17+000820.3,1.040060137083622,45.46827047184922,0.0070134367386884,2.312214598194746,0.2643197323314983,[-0.48645863 -0.61329056 -0.56330976],[0.11711019 0.12123723 0.125808  ],[ -7.44669929 -11.84928726  -6.73219535],[0.13869947 0.11887069 0.1308224 ]
86,1439750,001647.83+011220.2,1.4797221718465237,46.441442060029445,0.0045275570376688,2.8330965496068425,0.4533682443918703,[-0.63861218 -0.81096715 -0.76997015],[0.21055301 0.2116359  0.21211819],[ -3.19361154  -7.60618975 -15.66683762],[0.11252067 0.07695992 0.06708677]
87,1439751,001647.51+003943.2,1.7007779331117423,45.99381611420599,0.0071522711529503,1.903565690657123,0.2364571184238957,[-0.67878819 -0.74469947 -0.88850932],[0.10396857 0.1192437  0.20427065],[-13.54294279 -13.37653965 -11.25791833],[0.15995731 0.14798748 0.12507609]
88,1439755,001647.22+002802.0,1.3562569886766451,45.23213014164824,0.0188253866713274,3.1259836451332736,0.6400954049586507,[ -0.59620709  -0.46369084 -73.51204467],[0.26956143 0.31755521 0.85666166],[-13.09279537 -10.75687251 -11.61540135],[0.23087236 0.20485833 0.16125819]
89,1439757,001646.54-005151.7,2.244861748666361,46.25754590849453,0.0042223509814505,0.111869883490777,0.6377927761459622,[-0.84595076 -0.72682148 -0.87657056],[0.09833003 0.14625169 0.20125551],[-14.54991146 -16.88143164  -5.60261375],[0.18577306 0.16326448 0.14955968]
90,1439762,001645.51+003810.8,3.8120220633172086,46.22662786916396,0.0254969434810625,1.4371659291155643,0.3779953601630186,[-0.10100769 -0.32128426 -0.27731366],[0.5834479  0.84575251 0.82336821],[-10.72803714  -1.83881683 -14.27377106],[0.20654517 0.16336932]
91,1439763,001645.49-004357.4,2.250177691465157,46.67945400360938,0.0022296364123768,1.9976203012766551,0.407972679287496,[-0.33268733 -0.64056877 -0.79019675],[0.19621374 0.2406382  0.25266644],[ -2.2653569  -11.77796162 -12.39188749],[0.07665185 0.03821358 0.05051911]
92,1439764,001645.47-000702.6,1.2462420487245058,45.45979504515037,0.0099098664144605,1.6401484714927737,0.2695083735112364,[-0.79741624 -0.72983875 -0.74510159],[0.15319665 0.21636969 0.24309384],[-11.21480899  -5.29507769  -7.48068348],[0.2064749  0.17438398 0.13643766]
93,1439765,001645.17-010100.5,1.7755243103267742,45.675113160415584,0.0153950102032638,3.210835123654766,0.5686492781414945,[-0.26887333 -0.37268783 -0.31568913],[0.24674133 0.25860292 0.25877185],[-13.13577115 -13.23189902 -13.25433106],[0.21796713 0.18285034 0.15520565]
94,1439772,001643.47+004058.3,1.109172677266394,44.87896146568759,0.0283924740089283,0.8821708311792356,0.516728473241951,[-0.53084504 -0.45172176 -0.50514649],[0.22437601 0.3374478  0.37046009],[ -5.5010406   -7.80041801 -15.76364258],[0.21533597 0.20015524 0.17234916]
95,1439774,001643.32+000138.7,1.15102539281317,45.50199622768442,0.0111461476161558,1.822933903352235,0.3268662230204564,[-0.43681808 -0.58084302 -0.61708588],[0.13776644 0.18220698 0.20536711],[-6.67873182 -2.19052719 -8.5734031 ],[0.20626311 0.17823686 0.13961431]
96,1439777,001642.79-004539.6,2.0746359383740014,45.58990342603758,0.0183989683611791,1.4373536034890866,0.6153247588858229,[-0.49609769 -0.52038106 -1.63397969],[0.18428703 0.26005205 0.74868877],[ -8.01927425 -11.15863416  -6.23799427],[0.19194235 0.18726268 0.17135389]
97,1439783,001641.77+002652.8,1.054451586780774,45.53357845182999,0.0037313694314846,1.6822229356834526,0.2557847659403151,[-0.84918822 -0.87065545 -0.74496671],[0.10030317 0.12414788 0.14626863],[ -8.95719233  -7.53212836 -10.02623749],[0.16320408 0.13107976 0.13297823]
98,1439785,001641.51+004655.2,0.9347312164445584,44.919827741478414,0.0138968474184224,2.276134491443741,0.4317527499910021,[-0.59368635 -0.67189212 -0.32199965],[0.14347819 0.18170316 0.18529052],[-13.65250225 -13.34495822  -5.94676277],[0.22216384 0.19748972 0.16408646]
99,1439791,001641.19+001853.8,1.071914855160439,45.39994777723816,0.0068064426275427,1.679511226056576,0.329503181137469,[-0.3147109  -0.66697374 -0.73879348],[0.1138236  0.15536851 0.18903986],[-6.18819959 -7.31625733 -8.81945685],[0.23311416 0.18064311 0.15560811]
0,1439792,001641.17+010045.2,3.047404607185056,46.96423765438529,0.0029474395153066,2.8688350670452323,0.5771665909307981,[-0.69098072 -0.82423326 -0.89084786],[0.2609121  0.26238481 0.26341559],[ -8.21316334  -3.82367676 -14.30872972],[0.07903931 0.07234381 0.07064256]
1,1439793,001641.06+005653.7,1.7496271470118898,45.62135902928184,0.0145841848098804,2.399654256186164,0.3349159681655866,[-0.23882372 -0.33668348 -0.14237191],[0.15251582 0.16039559 0.16796826],[-10.79201461 -11.8386715  -10.0192309 ],[0.21049913 0.19626598 0.1889889 ]
2,1439796,001640.67+000044.3,1.531292783592081,46.21328579040368,0.0031528655631944,1.924996134846964,0.2364089999614231,[-0.59596693 -0.67926463 -0.80314062],[0.08904382 0.09224169 0.11675676],[-13.21206459  -2.43003039  -6.93009622],[0.11214391 0.09478755 0.10030611]
3,1439799,001640.13+004306.1,1.1795714298160538,45.11907701324116,0.0143111678246476,2.936508308103492,0.496226142727677,[-0.26853915 -0.35243497 -0.24270603],[0.22501789 0.23045999 0.23268141],[-15.1331158   -2.22629274 -16.15882903],[0.20021158 0.15636315 0.16359113]
4,1439800,001640.05-001129.9,1.7999668266443272,45.7198299503155,0.0118952176592941,2.586487391198121,0.4536513290809869,[-0.61998473 -0.62420202 -2.44370146],[0.19342015 0.21385142 0.87389342],[-16.09519876 -12.28003726 -16.21590005],[0.2071771  0.18995123 0.11509152]
5,1439805,001639.50+004301.4,1.6332395915892424,45.63953355754524,0.0095828216343463,2.376965263866218,0.6138442556999969,[-6.28265389 -0.78069255 -0.61957362],[0.62539143 0.87689812 0.84620435],[-13.65662083  -2.247589   -11.13214477],[0.22329735 0.19512925 0.14620259]
6,1439811,001638.52-001338.5,2.121329674627468,45.784274447374415,0.0091769154923646,3.4335660774939023,0.6662967061993494,[-0.78878014 -0.42506866 -0.13068557],[0.3442554  0.40343709 0.40962764],[-15.1250954   -1.57838484 -16.15939194],[0.23362736 0.21924935 0.1926585 ]
7,1439815,001637.41-004944.5,0.7344247273728616,44.29900385756238,0.0359193328771105,1.7942191229655284,0.8728748658833141,[-0.49793187 -0.85535126 -0.80553404],[0.29691137 0.4440094  0.42825219],[ -8.97217232  -8.89591713 -16.67602552],[0.235264   0.17975238 0.14372002]
8,1439816,001637.10+005936.7,2.664433748998398,45.43040540905736,0.0330069279551921,2.5048310648049443,2.3387383010163267,[-2.67663892 -3.99897722 -2.87371258],[1.92730631 2.11515589 2.09043435],[-14.28062022 -10.6117988   -8.22169435],[0.20714475]
9,1439818,001636.71-010530.1,1.5990949002354218,45.97639212161759,0.012383195349134,1.5688742954604165,0.2278319429519133,[-0.975972   -1.06478594 -1.19406541],[0.09265923 0.12644172 0.18072025],[-12.53806364  -8.51561841 -16.32298428],[0.15188163 0.13551215 0.12206344]
10,1439819,001636.45-002903.8,0.6324581406610484,44.85788274982818,0.0106903381231298,1.321597130181578,0.6797077371207259,[-4.46564561 -0.72293916 -0.53096925],[0.60955922 0.86856128 0.85367322],[-14.96370758  -6.97092748 -11.01036798],[0.2185146  0.19992861 0.16062856]
11,1439821,001636.41-003544.0,1.808134662589688,45.566512943780914,0.0261902232966484,1.3449767471152951,0.5414912886902041,[-0.39536138 -0.7002982  -0.62109458],[0.13362113 0.22225086 0.21662339],[-11.72722508 -14.61805022 -17.25024116],[0.20243203 0.2207875  0.13145953]
12,1439826,001635.14-010002.9,2.3082971372087284,46.07767536126982,0.0065491249473694,1.5631547938745944,0.3699536200377992,[-0.56755036 -0.75182238 -1.26244078],[0.11183091 0.20566632 0.55267119],[-11.65566031 -11.29653713 -13.79420932],[0.20583143 0.19348862 0.14977693]
13,1439828,001635.02-004322.9,1.7994891066702252,44.84178018221808,0.1677774063211181,0.9655290553891276,1.5211873956464717,[-1.57649846 -0.61134863 -1.44366467],[0.73228021 0.98873708 1.03314619],[ -8.26829458 -11.56729664 -16.21217659],[0.2050868  0.21527472 0.16595559]
14,1439829,001634.77-000636.5,0.7277198163958891,44.94872729698998,0.0098863470022401,1.3547396648318135,0.4278742733163314,[-0.65183907 -1.13940588 -0.93310336],[0.09898587 0.20741903 0.24403215],[-11.03738255 -14.62230412 -11.34218713],[0.21914776 0.18555545 0.14855229]
15,1439832,001634.56+011221.3,1.7637404342786116,45.66111070848509,0.0192597173627753,2.066238168618973,0.6155575469336437,[-0.61558384 -0.73686905 -1.05114706],[0.15034855 0.25298064 0.28313239],[ -7.00171991 -13.04418261 -11.05736372],[0.21308943 0.21622631 0.1626179 ]
17,1439839,001632.43+001421.6,3.335662510674942,46.77440903616316,0.0042360389569324,0.8775058954246965,0.2616813189897708,[-1.00753682 -1.05505819 -1.39092022],[0.07641209 0.10579044 0.35987717],[ -8.19770817  -3.35379996 -14.35420315],[0.12908365 0.11369757 0.12418946]
18,1439841,001632.10+011355.7,1.4881344787719448,46.125396904283896,0.0089262278683861,2.60070743053088,0.4614634395151296,[-0.55433857 -0.65761738 -0.72114664],[0.19434719 0.1962118  0.24003834],[-12.32707874 -14.98738949 -14.23967102],[0.12736752 0.11341126 0.11410535]
19,1439845,001631.71-010426.9,3.535830462172401,46.36578455455557,0.0167904381496768,1.4047882641115317,0.3670067411214687,[-0.60509768 -0.70149508 -0.59237925],[0.23811772 0.35080099 0.38170831],[-14.57668257  -7.04654093 -14.12951482],[0.23308124 0.20119424 0.1559724 ]
20,1439846,001631.71+003420.0,1.1091090005341506,45.45004525101756,0.0053524163550839,1.655205860762521,0.2168729398864818,[-0.74558133 -0.83739758 -0.8132545 ],[0.10060541 0.13355341 0.1880473 ],[-15.88684981  -1.92844694  -7.23325549],[0.2005985  0.16325267 0.14656612]
21,1439850,001631.17-003054.9,2.045840592199504,45.851400432799366,0.0112016866216926,2.133630712346884,0.2980910363525139,[-0.54147557 -0.77235345 -0.71931757],[0.13211405 0.15995424 0.16959021],[-13.54826787 -13.39028659 -11.39294447],[0.19750798 0.1649343  0.14086227]
22,1439851,001630.74+003235.6,2.095193849314506,46.7116692905557,0.0016210062050738,2.8794908855757995,0.5423349588762512,[-0.53457283 -0.58880283 -0.64091083],[0.25306003 0.25347671 0.2549162 ],[ -3.69067181 -15.46964531  -9.51961184],[0.07143827 0.0589784  0.05382054]
23,1439853,001629.72-002937.2,1.266185252030351,45.717363783797104,0.0090289633712075,2.611071854376492,0.4257856936548765,[-0.5478783  -0.73110497 -0.68234045],[0.19304316 0.19870757 0.21601842],[ -2.36241498  -9.48543665 -14.13811422],[0.13655112 0.11776896 0.12738126]
24,1439862,001628.57+010722.9,1.3951710533292818,46.14364727594097,0.0078770795880451,2.571464734477125,0.3727093856735723,[-0.52876232 -0.61052938 -0.66460264],[0.1738982  0.17577882 0.1806071 ],[-13.50980902 -13.31598617 -11.23291354],[0.14791839 0.11216313 0.10704277]
25,1439867,001627.88-004408.3,2.222178793944698,45.29185417099948,0.0374181713024803,1.1566922531207848,2.014609398690516,[-3.91910009 -4.53056474 -4.09435749],[1.87254578 2.07719502 2.0595262 ],[ -8.00620065 -11.86819329 -11.92294393],[0.21468977 0.22471058]
26,1439871,001626.86-011349.8,1.219137005348009,45.810841089824464,0.0071816120638033,2.3899257100418736,0.2720140045991528,[-0.71392008 -0.82494712 -0.76201446],[0.12976049 0.13253987 0.13594652],[-14.72880531 -13.49130784  -2.7981496 ],[0.11710241 0.09435794 0.09238248]
27,1439875,001626.53+003632.4,3.2224528643233388,46.57096935614491,0.0053171315693241,1.1656482857768804,0.3336443426446676,[-0.72933116 -0.94836555 -1.4546755 ],[0.08913732 0.12179605 0.34702593],[-11.09294375 -14.61825774 -11.32986124],[0.16954108 0.14039406 0.13813822]
28,1439878,001626.27-011437.1,1.988370823700262,45.68559420177893,0.0226627700290151,2.873196389213582,0.5943076420389615,[-0.73183163 -1.57129116 -0.31899353],[0.25667367 0.61910826 0.30184059],[ -9.82856925 -13.58149855 -12.06841378],[0.21913646 0.19100313 0.14364971]
29,1439879,001626.25-000551.1,2.638129603927604,45.3368172033241,0.0552178698812397,1.6330339452029696,2.4521352775969376,[-3.49875135 -3.95045956 -4.23623496],[1.84551902 2.04969243 2.05069912],[-10.58067076  -6.47613025 -12.91645262],[0.2441124  0.19609103]
30,1439880,001626.04-004026.1,1.7134990821069762,45.66482899024064,0.0120097290833811,-0.5575806900772269,1.6109585649306617,[-1.74166805 -1.52724054 -0.9285458 ],[0.70089383 0.94964592 0.91636834],[-12.69786167 -13.39276218  -9.22793463],[0.18931567 0.18530978 0.14692276]
31,1439882,001625.33-004519.8,1.722917571330676,45.341706299167,0.032847091697775,13.558663276757258,0.0636157342936627,[ -88.2896869  -122.12738901   91.02829544],[19.24806167 19.51072384 22.16058385],[-13.00900958  -2.4956167   -7.19322913],[0.20037597 0.17748911 0.14103945]
32,1439890,001623.55+000319.9,0.8147550927379869,44.84270241501697,0.0103998071429387,3.0201296703586564,0.6898827040924165,[-0.17742274 -0.30973625         nan],[0.24727221 0.28781384        nan],[ -8.09367742 -11.18984416 -66.40952823],[0.22141501 0.26558929 0.24523459]
33,1439891,001622.91-000438.0,1.3058458574463387,45.55019527089132,0.0088279223304681,2.2092373456405303,0.2360430768286641,[ -0.20741847  -0.41886286 -11.65289506],[0.10132129 0.12238334 0.88116082],[-16.39263736 -10.77892304  -1.31497279],[0.18585084 0.15036706 0.14129717]
34,1439892,001622.78-004628.9,2.131653696822038,46.08698104543788,0.0078189508350234,2.700243209077968,0.5206611572465638,[-0.40277658 -0.53419171 -0.43772056],[0.24211072 0.24892015 0.26330019],[-13.15502254 -12.78578378 -16.66404425],[0.13383367 0.10319411 0.07763161]
35,1439894,001622.08-000731.5,3.0756904011686297,46.57654056742031,0.0043187580532233,1.4534880253820004,0.2659362302230742,[-0.91558483 -0.91406325 -1.06742103],[0.09264343 0.11141729 0.17028672],[ -8.9600865   -3.36730067 -10.03270678],[0.15162141 0.12574441 0.11345294]
36,1439895,001621.64-003839.0,0.3602390007992676,44.24583575811585,0.0270450293745696,2.7912531391759137,0.6027141959660947,[-0.41531881 -0.630378   -0.49365982],[0.16918969 0.19067186 0.19811215],[ -4.38844093 -14.97456579 -16.88008767],[0.21199142 0.16196016 0.14151991]
38,1439900,001620.38-010532.4,0.8895290176344743,45.60585830889902,0.0030998814888398,1.8287772566568343,0.2956865526159756,[-0.86104724 -0.82282176 -0.72284332],[0.11434926 0.1282082  0.14471323],[-14.72297731 -13.51762051 -10.92291706],[0.13678624 0.12779597 0.11213458]
39,1439905,001620.01-000821.4,1.7187052162811451,44.80921586903192,0.1284063182334627,1.1978254315694814,0.4580813889434652,[-0.57551598 -0.34355163 -0.64776392],[0.13210123 0.20387083 0.30642246],[-4.78865868 -9.89497911 -4.27225363],[0.23003258 0.20397259 0.18188044]
40,1439906,001619.85-003002.0,1.7162803455937614,45.47982845302641,0.021797456247782,3.031700737683376,0.6300290699172821,[-0.38331858 -0.41826614 -0.31767807],[0.2731153  0.29827308 0.30601154],[-15.12147663  -2.82343255 -16.15643786],[0.23070573 0.21532152 0.19152085]
41,1439908,001619.22+002500.9,1.8727566450294788,46.1789935988698,0.0150388166473973,2.278757343945034,0.4606800419380715,[-0.87440923 -0.94932565 -0.93996891],[0.15881316 0.17238055 0.17753858],[ -2.863846   -16.71114248  -6.38520519],[0.13396333 0.12226839 0.10818881]
42,1439910,001618.64+002449.5,1.3538951576555336,45.22985777437479,0.010879334542448,1.6875246030246172,0.2883147669146239,[-0.17541805 -0.45421084 -1.563527  ],[0.09769254 0.13690575 0.73420744],[ -6.95641229  -6.65990346 -15.07932025],[0.22636215 0.20726202 0.18139491]
43,1439914,001617.98+000334.1,1.5370807657386665,46.11005429188901,0.0064824588864382,3.183899711579681,0.5708828400681538,[-0.3920765  -0.49312698 -0.67286818],[0.26270072 0.26358031 0.26728146],[ -2.75367336 -12.86902875 -14.64039181],[0.09583298 0.08940779 0.09269109]
44,1439915,001617.97+001020.8,1.5475868788060212,46.37147577660425,0.0070378317871941,2.681992959749405,0.4633898611434239,[-0.79094798 -0.95197497 -0.80049603],[0.22325181 0.22638889 0.22881777],[-3.79608576 -2.46035005 -7.98772438],[0.07881671 0.06707682 0.06491083]
45,1439916,001617.24+005947.8,1.833661883364224,45.80966707696697,0.0108876226625511,1.2951991229281945,0.2770718541308392,[-0.7327009  -0.98854083 -0.68372502],[0.0754704  0.12401992 0.12995993],[-15.88761351  -2.37483336  -7.2629468 ],[0.20520105 0.18780104 0.1545573 ]
46,1439917,001617.08-011055.0,0.7504528924249381,44.24774592360005,0.0286191759672469,2.596497268521481,0.7365777717320624,[ -0.37779734  -0.58589062 -14.94623838],[0.28732688 0.38902611 0.83143311],[ -7.75906811 -11.19404935  -4.95773615],[0.25048636 0.22905267 0.18371027]
47,1439918,001616.72-004238.5,0.7688670743152289,45.41040958759783,0.0103878482879089,2.262207355719215,0.5525466850380981,[-0.7539379  -0.87503219 -1.02716978],[0.15710673 0.17893779 0.24107521],[-14.45637812  -9.87374732 -11.96055323],[0.1253334  0.11082474 0.07632122]
48,1439920,001616.21-003835.2,1.5581174752526514,45.737160944581454,0.01201611254519,2.329762632728571,0.4786603297762234,[-0.51708867 -0.79472561 -0.78092552],[0.17685272 0.19665505 0.20428674],[-11.17080939  -3.24269918  -7.50044834],[0.17724332 0.15307338 0.11929922]
49,1439923,001615.58-001806.5,1.724615831234946,45.53911915450819,0.0172232715416562,3.046635739953018,0.65737256259199,[-0.46503189 -0.81865324 -0.77656162],[0.25973369 0.34130306 0.41304681],[-13.04299117 -13.34120808 -10.51338556],[0.21493598 0.22922268 0.16666744]
50,1439930,001614.72-010643.2,1.6482277169299686,45.55949008984828,0.0169478872661166,1.837527527949629,0.6063615377876969,[-0.8443753  -0.47192853 -0.58125683],[0.386804  0.5417403 0.5394298],[-11.29517894  -4.90026703  -7.46687148],[0.20038123 0.21125618 0.1594953 ]
51,1439931,001614.67+000445.8,0.7996862834130793,44.79451203029869,0.0122355997914276,3.568489573154979,0.7233079716385011,[-0.44126882 -0.60516735 -0.40921489],[0.33351507 0.38615555 0.37299835],[ -1.92995697 -12.1326742  -14.03542092],[0.2493652  0.20792323 0.17258654]
52,1439945,001611.86-010518.4,2.092749869375929,46.583084807213886,0.0097769577611579,2.81177409319862,0.5323922377475239,[-0.60006684 -0.5755618  -0.74749099],[0.22283336 0.22627274 0.23457515],[ -2.60972639  -8.549748   -10.56497947],[0.09234556 0.09356168 0.07008326]
53,1439949,001611.08-001512.4,1.574752569543272,46.27014206465415,0.0028663327370956,1.4720961447443217,0.170378412566951,[-0.73893493 -0.75737863 -0.66389107],[0.06420558 0.07177283 0.08263292],[-14.20707634 -10.84794597  -2.85450699],[0.12438463 0.10096745 0.0838133 ]
54,1439957,001609.17+001941.2,2.068189203074591,45.65331112906199,0.0184111063658036,2.5370416849332607,0.7320807016082076,[-0.56573492 -0.6367321  -0.82675365],[0.25215244 0.33612686 0.4354731 ],[-15.13043383  -2.20019643 -16.16436365],[0.23175942 0.2141475  0.16949933]
55,1439967,001607.64+001416.3,1.3414567846822478,45.40971110829694,0.0137953544594466,3.235911043455117,0.5718713598910257,[-0.25959008 -0.52423844 -0.28745228],[0.28396722 0.30848324 0.31510727],[ -6.64868571 -14.74691798 -11.92602999],[0.23430509 0.20627695 0.15063795]
56,1439970,001607.52+002426.0,2.281163085428925,45.67879397045793,0.0168127132956037,3.465142988107882,0.6464515960032351,[-0.32029948 -0.31306112  0.11086348],[0.30412301 0.32762649 0.32187449],[-16.84072258 -14.37532708  -9.79089265],[0.22047382 0.21148574 0.18886543]
57,1439971,001607.29-003004.6,1.4071591100218417,45.20197208500164,0.0217379922759626,0.8189936112519729,0.6108191836714472,[-0.83439497 -0.95746408 -1.53243584],[0.16569146 0.25074704 0.57171675],[-14.39515082 -16.93850899 -16.54358599],[0.21634803 0.18564878 0.14002453]
58,1439972,001607.26+005653.0,2.5970461305428296,46.25518306152501,0.0059861162648502,1.4678018614691233,0.2415961585368585,[-0.84244788 -0.83822796 -0.59925623],[0.08955178 0.12202597 0.16123392],[-11.66649925 -11.22145225 -13.79278968],[0.19625963 0.18000018 0.15377805]
59,1439973,001607.15+003526.0,3.078321432117935,46.2724272766614,0.0114128295106041,1.437659531537212,0.3177569599222539,[-0.74777222 -0.71491184 -0.48084025],[0.09660514 0.12555152 0.15794286],[-13.65316444 -13.35565787  -1.87002892],[0.18506515 0.17767445 0.14631886]
61,1439979,001606.24+002841.2,1.8745367910069504,46.13802660834577,0.0224312792517729,1.6667880613416322,0.2795389512342642,[-0.90639959 -0.96637781 -0.93001966],[0.10132176 0.13797034 0.23014021],[ -6.34994192 -14.82610009  -9.5523925 ],[0.17810089 0.1595768  0.14016857]
62,1439982,001605.96-010207.1,0.417442823007088,45.13873009602162,0.0049392319565626,1.4986674584614297,0.2097893176674575,[-0.84877997 -1.04307573 -0.87138727],[0.07052631 0.08888275 0.09721106],[-10.03518753  -2.95151712  -3.06921644],[0.11830402 0.08028962 0.0692192 ]
63,1439984,001605.88+005654.2,2.4004953109713507,45.90472016862002,0.0086578194291853,2.5003353135401856,0.3355731382173219,[-0.52124595 -0.5757122  -0.56561657],[0.156503   0.16154671 0.16298509],[-11.16450692  -2.68240544  -7.48662251],[0.18247517 0.14288446 0.13128153]
64,1439986,001604.80-001642.2,2.022037164123545,46.27997552189654,0.0184770736010797,2.549559661781788,0.4269001728961317,[-0.74624495 -0.79994301 -0.77555597],[0.18952723 0.19218552 0.19569392],[-12.46501871  -8.51429195 -16.32194899],[0.09156888 0.09177334 0.08472644]
65,1439990,001603.97-000603.7,2.1261303320426035,45.64980779081258,0.0141190933209394,-4.3201249624004046,0.8390710791595886,[-0.41253345 -1.27264145 -1.33704359],[0.08957128 0.58198513 0.58622602],[ -5.02321264 -13.86839654 -14.67373086],[0.20664018 0.24133931 0.18137133]
66,1439991,001603.95+005215.3,2.443,45.63969358239007,0.0229280863629028,2.949310465258473,0.5540256452150463,[-0.66763988 -0.42299478 -0.05268555],[0.29873229 0.39456172 0.40276755],[ -6.00301794  -1.67757625 -10.97327808],[0.25412521 0.23185599 0.17663711]
67,1439994,001603.60-003045.3,1.4031542630102305,45.97590591684192,0.00370831497424,1.932447198771323,0.2832408507147481,[-0.85888798 -0.96272747 -0.94803193],[0.10498759 0.12151549 0.13986651],[-17.25250786 -13.43617864 -16.00458817],[0.13792425 0.1109589  0.08404727]
68,1439995,001603.56-000124.2,0.9251105125196972,44.97503085593812,0.0150551638609499,1.996823930466976,0.2464281861972242,[-0.66444799 -0.81135224 -0.7922115 ],[0.09740097 0.1241839  0.15898404],[-12.56046117  -8.52923206 -16.33023385],[0.17466385 0.16008    0.14904682]
69,1440002,001602.63-002035.5,2.264489745093821,46.54029919368763,0.003591883207342,2.2436573974292617,0.4214903564471534,[-1.20048344 -1.15188107 -0.96979614],[0.18247363 0.21531068 0.21693523],[ -2.43345866 -11.93136785  -2.88188978],[0.10366351 0.07967884 0.0804901 ]
70,1440003,001602.63+004032.3,1.795169721296695,46.02407073401697,0.0072933954358838,1.44976095980862,0.4028393219934066,[-0.71777342 -0.88937768 -5.73001995],[0.10234725 0.15386394 0.82701931],[-16.83056356 -14.3471417   -0.66263794],[0.17748389 0.18402178 0.13462081]
71,1440004,001602.40-001225.1,2.0901065615218326,47.038017007934,0.0009166887634712,2.665253907456861,0.4972287842358867,[-0.90169849 -0.9408048  -1.09166418],[0.23366775 0.23413928 0.23634138],[ -3.74695649 -84.7567347  -14.21865968],[0.03198404 0.02616559 0.02776658]
72,1440006,001601.78-005627.1,1.497281286066929,45.39705705012106,0.0261046497553643,2.8355118892787106,0.5349210351004818,[-0.37718071 -0.39095798 -0.3411151 ],[0.23726368 0.27317053 0.28812673],[-13.55643739  -7.52562828 -11.04054932],[0.25945629 0.22505305 0.18513524]
73,1440010,001601.13+000758.9,1.2726380051890729,45.56411511192052,0.0107187448953212,2.15175710378496,0.2306768456968927,[-0.42204198 -0.53943402 -0.46514583],[0.09992051 0.10458933 0.11314152],[-14.54301441 -16.87980651 -11.23036706],[0.15599415 0.12665697 0.14228031]
74,1440012,001601.04+003512.2,1.0023591300402217,45.22891912014205,0.0071241758202305,1.30375661035281,0.474166776819559,[-0.44548866 -0.81888379 -2.71025453],[0.11076663 0.1626781  0.84988226],[-16.39876604 -10.94578616  -2.65977583],[0.22596439 0.20314697 0.16455601]
75,1440013,001600.60-003859.2,2.188444651105681,44.944197450695775,0.0824615048209231,-0.8845183340311918,1.0957549057642926,[-0.81640976 -0.5347694  -1.56219958],[0.67158054 0.96364074 0.99777406],[-16.18665418 -14.97872693 -12.93383111],[0.20101301 0.16082944]
76,1440014,001600.21+001328.1,2.356353989606166,46.191737414495215,0.0044462735539774,1.6338580464317114,0.2662358706830053,[-0.74256699 -0.64446484 -0.90593516],[0.09551874 0.11317264 0.34051952],[-11.20535101  -2.42311627  -7.48565013],[0.18536383 0.16107817 0.13667364]
77,1440017,001559.58+004212.9,1.3366620032662602,45.91924474167538,0.0101090326457011,0.0752125135677605,0.1069522901513171,[-0.73203184 -0.77008139 -1.07718869],[0.0295839  0.04483126 0.12125602],[-14.54824417 -16.86891691  -5.79964667],[0.12868823 0.1007716  0.11000482]
78,1440022,001558.84-010944.0,1.3649382051573429,45.911663592002974,0.0063279310044137,2.74868271271671,0.4208400531120762,[-0.59447375 -0.69663007 -0.58397612],[0.17650006 0.18140093 0.18399028],[-11.19808348  -5.61100702  -7.49392494],[0.15900144 0.12365971 0.11310431]
79,1440023,001558.79-001217.8,1.4346879966799493,45.51818327229215,0.0091746525000253,1.7477983366931866,0.6506682447416563,[-0.57555108 -0.79086328 -0.86439128],[0.14195655 0.20135198 0.2536908 ],[ -9.08711613 -14.07466388 -12.25509203],[0.2345957  0.19983591 0.13403817]
80,1440029,001557.37-010935.2,1.0054074134815472,44.7439490441721,0.0317859062870518,2.4278943781809503,0.7079620557002148,[-0.34267605 -0.55502204 -0.30519203],[0.26899377 0.34936362 0.34751758],[ -8.72703005 -10.21359028 -14.44375187],[0.24841386 0.23092194 0.1694662 ]
81,1440030,001557.08+004822.3,2.3119838183559054,46.44589732232828,0.0048443114266198,2.6619666698923723,0.4762279106909417,[-0.56844557 -0.70875178 -0.8947394 ],[0.23596822 0.2367985  0.24054413],[ -3.28623443 -11.84252562 -11.79902237],[0.09604844 0.0788796  0.08172942]
82,1440032,001556.85-010216.5,1.533131365767223,45.911830702743686,0.0056036015983096,2.2961105035939706,0.3245966668365019,[-0.62374357 -0.71226779 -0.77661884],[0.13756918 0.14638945 0.15969317],[ -2.42682914 -17.30677086  -8.18506992],[0.15448939 0.14261193 0.12522235]
83,1440045,001555.23-004640.8,1.4827028190185207,45.62466078680713,0.0124837798454287,1.160724786523276,0.5348552417545762,[-0.86582326 -0.86557825 -1.05940869],[0.24137117 0.36150526 0.43302777],[-17.16553012  -5.5698116   -7.64197616],[0.18559686 0.1412514  0.10065481]
84,1440057,001552.31+001729.8,0.944676207336141,45.05429935640839,0.0144566338596376,2.89912359800236,0.5293307965391945,[-0.41760129 -0.51325574 -0.37143648],[0.23480401 0.2569757  0.26441501],[-13.13603922 -13.2389551  -13.25523736],[0.23154759 0.18750005 0.14541863]
85,1440058,001551.46+005856.4,0.6936603735623712,45.25892973231409,0.0124478233976716,0.6065287727024626,1.1536249814710466,[-0.45123205 -5.60230386 -0.49164864],[0.16976426 0.8989067  0.81012851],[-11.72615216 -14.61112695 -17.24449151],[0.11457589 0.10366434]
86,1440060,001551.11+001920.0,2.521093700593548,46.053762494745975,0.0118896733807716,1.322251813039138,0.8539651696125244,[-0.50748796 -0.62280422 -0.75635734],[0.17908408 0.27762467 0.2973689 ],[-11.71971909 -14.61047817 -17.2479805 ],[0.21054049 0.18915393 0.14683686]
87,1440061,001550.87-001016.6,2.5501813927406967,46.17861410058081,0.0062429051136874,1.3462141327812898,0.266444447622185,[-0.64666881 -0.6751335  -0.69232034],[0.12186996 0.16712453 0.23932688],[ -9.09098886 -14.07777968 -12.25010034],[0.16775249 0.16024455 0.13787809]
88,1440062,001550.16-005416.9,1.424493556190511,45.69890726047632,0.0135060912263611,13.343013423196236,0.0942012881859168,[-50.68626169   5.5296013    8.2991545 ],[ 9.2881636  13.07487132 12.52087714],[-12.9459664   -8.37848483  -7.43974752],[0.22343225 0.17016381 0.14998212]
89,1440068,001549.07+001731.9,3.067042478871026,46.94680358646826,0.0017696681221934,2.6147207737853844,0.4131018045784687,[-0.69747754 -0.74414476 -0.762867  ],[0.20323137 0.20695426 0.21619925],[-7.56549932 -3.35288345 -2.64189969],[0.09818672 0.09147544 0.09231879]
90,1440069,001548.98-003422.0,1.5978945825165434,45.87697039173281,0.0042836556417746,1.5526793634354803,0.2613257415497291,[-0.87702466 -0.84006061 -1.41059724],[0.10634178 0.13947821 0.4523857 ],[ -2.11671317 -13.47763343 -14.84378152],[0.17561596 0.16005745 0.14214829]
91,1440075,001548.25+000827.1,1.7118699130915895,46.19816544793644,0.0098745732650193,2.3930288119934806,0.3214557292262818,[-0.51267127 -0.60564479 -0.74228465],[0.15849311 0.16414756 0.1685203 ],[ -7.46075094 -14.83762955 -15.88844422],[0.13600275 0.12536366 0.12214737]
92,1440077,001547.94-004604.2,2.142094325800777,46.138589315910544,0.006449612318093,2.638826980885024,0.5018429369933399,[-0.50069518 -0.7056278  -0.89284876],[0.2190657  0.23561231 0.29749315],[ -2.44939236 -16.71254152 -22.33678173],[0.13068903 0.11785819 0.08217763]
93,1440082,001546.73+004510.7,1.7080306078074363,45.21369711314115,0.040046458855123,2.4660942909043904,0.6662576882759053,[-0.26547606 -0.70828983 -0.34606516],[0.22802321 0.39188499 0.3275887 ],[-12.86378826 -13.0985781   -1.69560955],[0.25185223 0.2342467  0.17901353]
94,1440085,001545.36+000822.6,0.3708678979421725,45.35630797012931,0.0066658612462191,3.576048646244521,0.5630754868866219,[-0.25628959 -0.34282775 -0.31781981],[0.26641062 0.26653624 0.2671033 ],[-9.21698993 -3.18541246 -2.95621691],[0.06162573 0.04219542 0.04191156]
95,1440086,001545.03+004418.5,2.7910410295642585,45.648402958270864,0.0328623060772486,1.980743237494634,2.36327350575703,[-5.29741636 -7.23005237 -5.33668709],[2.14080989 2.30876477 2.29491228],[ -7.65985849 -14.72416207 -14.34640004],[0.22133178 0.19586182]
96,1440091,001544.40-000030.3,1.2098819147007354,44.95278176768496,0.0252461325812305,2.9088512644534137,0.5397907385506007,[-0.18242836 -0.22304982 -0.25894229],[0.26213039 0.26871067 0.27275586],[-14.20051596 -10.97726403  -4.83967283],[0.2187075  0.17459337 0.1781199 ]
97,1440092,001543.73-002648.1,1.300144192386288,45.825433939897074,0.008370292419574,2.744922863988372,0.5266210656033206,[-0.59938105 -0.66157943 -0.59622091],[0.24446456 0.25293108 0.25476583],[-14.73103866 -13.51071206  -6.5154623 ],[0.14338749 0.11618235 0.11802975]
98,1440093,001543.65+001955.7,1.3509665190872298,45.18413879811531,0.0173244550774747,0.8094452791160793,1.63507524437173,[-0.58434545 -1.57444132 -0.77172931],[0.20327226 0.63496518 0.36737599],[-11.69516012 -15.79011709  -7.84347249],[0.22308224 0.1894152  0.15209645]
99,1440100,001542.39+001547.2,2.4267882469206024,46.25458261334071,0.0076029011516389,2.4597181443350595,0.4454954369730828,[-0.71300803 -0.74873016 -0.94368942],[0.20583388 0.21752991 0.2443677 ],[ -7.37066465 -12.23635855 -14.30129762],[0.11537064 0.10170632 0.09109217]
0,1440102,001542.03-005625.7,2.770193443191795,45.78308339527885,0.0211299900675463,11.53375940880859,6.960195211212357,[ -87.59346114    3.70315482 -294.22573559],[30.94842182 41.15484298 44.57671316],[-11.95570964  -2.53276903  -7.54766448],[0.21336631 0.19870001]
1,1440107,001541.01-001938.7,0.6839789556159417,45.3189413314509,0.0132697962284069,1.9435620841074064,0.2407223621093643,[-0.65087721 -0.7718028  -0.66176712],[0.09549865 0.12824041 0.13542162],[-10.31220884 -15.77118137  -9.30963658],[0.19011316 0.16052904 0.12159822]
2,1440110,001540.30+004337.7,2.46489527261591,46.49770910401759,0.0033335406142249,2.0315110722272114,0.3171070388056033,[-0.92104654 -0.9183626  -1.08398723],[0.12484276 0.13375676 0.23208713],[-9.37084804 -2.67072891 -7.84131334],[0.11505603 0.11218392 0.11211403]
3,1440115,001538.87-004441.7,1.6401496333270862,45.69897185289127,0.0120886935540198,2.659279141985559,0.7657660058309967,[-0.98893209 -1.18913965 -0.86594674],[0.34000404 0.49291862 0.50920479],[-11.23741925  -2.70287096 -15.99359582],[0.16525211 0.15069464 0.10745608]
4,1440116,001538.72-004520.3,1.160372798536672,45.24972861957964,0.0218563619504728,1.7961219291816264,2.228339024000122,[-2.05565913 -2.21992635 -6.49637497],[1.40731464 1.57099732 1.66497682],[-12.94009949 -10.46142079 -15.93711339],[0.20186778 0.16862006 0.17407512]
5,1440120,001537.86-000851.1,1.2975931622330474,45.18619773064184,0.012552473800838,0.7151780844143156,0.3387000648216726,[-0.41312409 -0.85846448 -0.14188823],[0.09523322 0.17676285 0.17927541],[-12.55056955 -16.00510948 -14.26277826],[0.21596503 0.19857682 0.17707175]
6,1440126,001536.78+003757.3,1.3710817856724271,45.83681382935725,0.0128441820192399,2.6379650415343647,0.4819241732062937,[-0.47436055 -0.49282105 -0.49693611],[0.21151175 0.21516447 0.23108824],[-14.20008355 -10.86324114  -1.94118782],[0.15293619 0.12429081 0.13495849]
7,1440127,001536.70-010603.8,1.1420407808627275,45.030926770112906,0.0165613707587404,1.3596533305969096,0.5166759015998902,[-1.10068814 -0.63391534 -0.5694673 ],[0.44897013 0.64378913 0.66402546],[ -9.30502838 -14.07565848 -12.24129749],[0.2319114  0.20776665 0.14907704]
8,1440128,001536.42+001527.5,1.3496119994898048,45.14860749493915,0.0163230204671087,-0.5450587358275252,0.9290252323573004,[-0.46204075 -0.91401361 -0.25461504],[0.10640405 0.35414219 0.21655347],[-13.99758417 -10.22927024 -13.85757181],[0.22869439 0.22033182 0.17574296]
9,1440132,001536.15+004817.4,1.4419452323005844,45.1879103940932,0.0165209682823395,2.378290370569084,2.1263010646457707,[-1.79427991 -2.55613513 -2.33101577],[1.40041774 1.59661685 1.5726144 ],[-13.04304629  -9.03295066  -2.42476607],[0.24530167 0.20650611 0.18071702]
10,1440134,001535.81+002637.8,1.8213361374805943,45.87778503767147,0.0153238838185316,0.943295008876858,0.314631717466231,[-0.42724923 -0.8825025  -0.77457382],[0.0775117  0.1724114  0.17666292],[-13.52451974 -11.21770314 -11.53670906],[0.23066442 0.20692968 0.1376194 ]
11,1440135,001535.71-001114.3,1.298151493240315,46.3588709091953,0.0014403986748554,2.4643147909272374,0.3979794589011547,[-0.72938859 -0.84965425 -0.71203252],[0.17457928 0.17593319 0.18558767],[-17.33333995  -9.19503965 -12.00440557],[0.06391226 0.04758324 0.05522861]
12,1440136,001535.55+005356.0,1.3612660499983498,46.20409917779157,0.0025569197047339,3.0278673463308863,0.5242190259014678,[-0.64242627 -0.72280592 -0.70546002],[0.24882385 0.24922324 0.2522723 ],[-14.19459941 -10.84121465  -3.52850461],[0.08746665 0.07196044 0.07422864]
13,1440137,001534.89-003527.2,2.281772154455739,45.88847376647975,0.0095074564139494,0.2484035731865881,0.4307414533362783,[-0.5316429  -0.79463281 -1.02076964],[0.08981505 0.1527206  0.4291405 ],[-11.63252292 -11.25093994 -13.787545  ],[0.20753081 0.18007573 0.15230884]
14,1440140,001534.76+001701.7,2.409330037439916,46.24506608176218,0.0054778234886576,1.313160749750994,0.3691864550935126,[-0.8882701  -0.75094913 -0.78091348],[0.13063376 0.17806454 0.2105744 ],[-12.56953505  -8.49884005 -16.32088335],[0.19982961 0.15950972 0.10679128]
15,1440141,001534.67-011118.8,0.4073351446894955,45.05702506541429,0.0088056772054585,1.854049581355783,0.1990076969063176,[-0.84265075 -0.96575137 -1.03801   ],[0.07188767 0.08100088 0.09902698],[-12.83523624  -8.39280099  -2.71896034],[0.1392586  0.11245544 0.10502466]
16,1440144,001534.15+005303.5,2.062391805706322,45.773650222417,0.0171620846020239,1.6410335491287071,0.3494267177137866,[-0.44196616 -0.33529413 -0.21350694],[0.16027954 0.24186377 0.25564412],[-6.79877988 -8.91249264 -5.96043745],[0.26084672 0.24246081 0.19094245]
17,1440145,001533.97-010532.4,1.084013816459019,45.64081568188878,0.0052597217624779,1.915388077577823,0.2807299824838645,[-0.76786046 -0.91619335 -0.802065  ],[0.09322714 0.12027865 0.12579613],[ -8.96540236  -3.14644249 -10.03148736],[0.15139947 0.11259146 0.11503584]
18,1440150,001532.83+003639.9,1.8385342550345407,45.62972144370804,0.0218680923698073,1.5909846546849842,0.9866104153688708,[-0.43909915 -0.73247285 -0.47610616],[0.1720564  0.40406749 0.25916047],[-14.55065515 -16.8715446   -5.87007429],[0.27490629 0.26816972 0.18835851]
19,1440151,001532.55-003507.5,2.2946215390089035,45.71603013714898,0.0172615739700532,0.9343368355873456,0.4292082212378302,[-0.61331471 -0.69260697 -0.38760669],[0.14396252 0.24925873 0.25637074],[-14.54376856 -16.87499167  -6.11826477],[0.24630296 0.20157182 0.17073878]
20,1440152,001532.45+005329.2,0.8854205659367768,45.5578892642684,0.0039084934563398,2.1249218862892434,0.2326334599010023,[-0.75083087 -0.79872917 -0.86768065],[0.10630564 0.11069741 0.18711017],[-9.0306753  -2.76228264 -7.84595805],[0.11783115 0.10950821 0.1204393 ]
21,1440153,001532.42-002718.1,1.770221549578239,45.94297936727314,0.0094539330033001,2.219763893314603,0.363735201691615,[-0.79889469 -0.77770521 -1.04428823],[0.13744931 0.15656213 0.26891786],[-15.41987512  -5.76042268  -9.67947578],[0.17147213 0.16554016 0.13392723]
22,1440160,001531.20+001900.4,1.0860227698905487,45.11940521614052,0.0156995668752273,1.9724334173457287,0.3568356192599358,[-0.54622527 -0.7779014  -0.51560561],[0.13519227 0.17327669 0.19771824],[-11.83243282 -13.49536004 -14.64075587],[0.20313923 0.17158553 0.16384071]
23,1440161,001530.99-003640.6,2.1999695411009323,45.54681607588808,0.0174946634220596,3.087894656404514,0.6963923732409656,[-0.46168439 -0.32141414 -6.02228204],[0.27371291 0.30184758 0.90005182],[-14.20356731 -11.01730487  -4.79078791],[0.23321929 0.2338349  0.17214121]
24,1440167,001530.70-004554.7,1.4292953468663343,45.5501612074198,0.0106392404664035,2.4679311944475595,0.5782792643798937,[-0.84059563 -0.82988849 -0.7303233 ],[0.30507439 0.40598375 0.45128707],[-14.16756408 -14.81472523  -9.78896659],[0.22070523 0.16913381 0.12017109]
25,1440170,001530.20-003546.8,1.3929052119284375,45.61140314038556,0.0116818372033193,2.6564594439756286,0.420035142919849,[-0.56707603 -0.64237375 -0.47218343],[0.17444866 0.19065768 0.19680126],[-11.24746498  -3.27015414  -7.48335262],[0.19496968 0.15889447 0.15651836]
26,1440172,001530.08-004703.2,0.960449015578394,44.54842899948362,0.0472233896578302,1.0191253644641418,1.443553659577439,[-46.46682322  -0.48906569 -53.45240507],[0.85659119 1.173445   1.18125441],[-11.30072522 -11.47926628  -7.40612406],[0.20683061 0.22155999 0.17240003]
27,1440179,001528.34+000122.3,1.8288406120237248,45.84744843104064,0.012337256502203,1.854895525463244,0.3116810696880692,[-0.66467167 -0.70086235 -1.29457597],[0.1072656  0.12345989 0.45759988],[-14.20146448 -10.87063577  -2.14432488],[0.17272299 0.17162056 0.15766196]
28,1440180,001528.33-003709.5,1.3958401053149545,45.75277825985916,0.0130194283404243,2.146101796154628,0.2719815918314181,[-0.54809998 -0.63368882 -0.63476899],[0.10847459 0.12728478 0.12828704],[-17.2407615  -13.48975019 -15.99165379],[0.1820352  0.158263   0.14299117]
29,1440184,001527.82-003527.4,1.0474837135959925,45.90539447390527,0.0033253025381725,1.934884115454972,0.198871267583699,[-0.95540878 -1.04915493 -0.982738  ],[0.08117677 0.08694136 0.11502467],[-13.44639334 -13.26329023 -11.21046929],[0.08996838 0.07429886 0.08216449]
30,1440186,001527.72+005828.6,1.9196222583123344,45.63774689067301,0.0295121115233989,2.609713700863568,0.550180948895624,[-0.72990772 -0.23263886 -0.24615354],[0.29032646 0.37381731 0.37974326],[ -9.9738005  -15.4694656  -10.10599779],[0.25787587 0.2380851  0.18835077]
31,1440187,001527.42-010218.2,2.6905999838735988,46.02517023709283,0.0144946045435112,2.5311220957741547,0.4820511409080152,[-0.50053265 -0.54005968 -0.41101549],[0.20909982 0.22465308 0.22384834],[-11.23189372  -2.18908586  -7.44970411],[0.20036125 0.16002903 0.15085403]
32,1440188,001526.52+001813.1,1.3663607178283284,46.07055597714455,0.005703900874586,3.37812309818474,0.6312210116195096,[-0.4874457  -0.64827342 -0.69164786],[0.28821422 0.28891861 0.2922895 ],[ -7.67367826  -3.47483696 -12.36845356],[0.0787327  0.06915644 0.08056645]
33,1440189,001526.34+000708.9,2.844548878341385,45.99589573042346,0.0090845451556198,2.8551605903222,0.6341999192587686,[-0.56575649 -0.60879045 -0.20089352],[0.2991249  0.33256499 0.33517306],[-11.27675718  -5.87919645  -7.48680679],[0.2436746  0.20932833 0.1665667 ]
34,1440190,001525.98+002328.6,1.7641517043361354,46.331473995308194,0.0060633505811296,1.8403126116198885,0.2603469737370047,[-0.9144015  -0.96279291 -1.1152415 ],[0.12744903 0.15251502 0.16977529],[ -2.11168336 -11.75235458  -7.92343616],[0.09612068 0.08560081 0.07460804]
35,1440196,001524.84-010332.8,0.4892600827097269,44.65980577304708,0.0175151156795934,2.6872322016604264,0.4578559442768521,[-0.64682955 -0.79408301 -0.47292832],[0.20208933 0.24913261 0.25405408],[-13.12908043 -13.22895453 -13.25669096],[0.22245941 0.18381723 0.14040399]
36,1440197,001524.69-011013.4,2.103723659837479,45.758945461183785,0.0092110695002745,0.4977565865486471,0.473931112671458,[-0.39386161 -1.11052759 -1.75623422],[0.109028   0.32262578 0.62950033],[-14.48294367 -12.47860068 -13.50375861],[0.20604784 0.2083948  0.14910094]
37,1440199,001523.72+010306.3,0.2894465290269474,44.430308413231344,0.0091064825948237,2.1551112716701257,0.2092402777696439,[-0.77224853 -0.8722617  -0.67847376],[0.09209878 0.09911965 0.1154963 ],[-13.50945701 -13.29581553 -11.19116198],[0.1412053  0.10325201 0.08758461]
38,1440201,001523.38-010947.9,0.9303318222835716,44.83911662609917,0.0193082218020563,1.3728452930848034,1.2501844108766555,[ 0.31995555 -0.20524068  0.42561969],[0.93700658 1.34725358 1.26920577],[ -5.07550916  -9.62479299 -12.33104278],[0.13884794]
39,1440202,001523.36+001338.1,2.570873043143343,45.568984747399405,0.0276804555189755,-0.6207108770929475,1.6514167551393817,[-0.64433621 -0.50525126 -1.66183737],[0.77557041 1.09425188 1.05056213],[-13.52997004 -11.21167527 -11.54094489],[0.25603361 0.20480765]
40,1440207,001522.75+005436.8,1.8931697774437148,45.76686776857289,0.0159394119663183,2.1642287456907456,0.3571938980632297,[-0.46185108 -0.65945514 -0.54879936],[0.14861011 0.17566622 0.19293115],[ -2.8375171   -6.03964033 -15.67203286],[0.20873439 0.20687006 0.16507957]
41,1440212,001522.34-004050.3,0.8333166828698202,45.24773653572162,0.0145539695664211,1.885492647588845,0.3390925104432811,[-0.88804984 -0.73050383 -0.92460715],[0.14342057 0.19299573 0.2502061 ],[ -6.22353674 -13.48136234 -14.83713379],[0.13397552 0.1080693  0.09766438]
42,1440217,001521.94+002400.7,1.0917577348358725,44.96217709450334,0.0198894661701345,-1.1401283958834352,1.8930274185012743,[-2.03787621 -1.33604487 -2.71343676],[1.06842556 1.31778809 1.3884489 ],[-12.68891241 -13.39193358  -9.37191792],[0.24828665 0.20572834 0.21413472]
43,1440221,001521.37+003904.5,1.8643633153340693,45.330965792024365,0.0263961470714946,1.1379031056969908,0.9741011858065586,[-0.35831379 -0.57011286 -1.07153229],[0.17810141 0.29936163 0.49534953],[-16.36148161 -14.68938654 -13.58459223],[0.25135895 0.22759906 0.20664122]
44,1440223,001520.54+002716.6,3.6924910446315216,47.3552697233046,0.0028502323410961,2.28959730449359,0.4134771813530624,[-0.91555668 -1.05967869 -1.05735138],[0.18965503 0.19185154 0.19506194],[-13.42644491 -13.26087923 -11.21125003],[0.08970951 0.05174853 0.05348643]
45,1440224,001520.50+001654.5,0.7842034621844303,45.70665574267024,0.0032316566845054,2.992927008532984,0.5356242127453859,[-0.35353377 -0.34465776 -0.37694351],[0.24463195 0.26439803 0.25127318],[-8.94892207 -2.34982122 -6.69679029],[0.09203971 0.04012502 0.07205255]
46,1440228,001519.40-002719.5,1.5910502180012596,45.30532027897301,0.0162056869947875,0.1491738012146954,1.8631839554571297,[-1.3331433  -1.06854172 -2.22137904],[1.02478338 1.23729667 1.301887  ],[-11.83700732 -12.03541713 -11.28707572],[0.22680953 0.24623902 0.16831652]
47,1440232,001518.36-010000.1,0.7139618431870026,44.92474195772321,0.0063141535762483,-0.4731897249383739,1.2849229328828682,[-0.61015764 -0.70587548 -0.60879145],[0.07504859 0.1135258  0.11394568],[ -9.89512352 -16.98800386  -6.58933532],[0.2053693  0.17566796 0.14949722]
48,1440233,001517.94+000935.5,3.2533091357537245,46.09041348102895,0.0137982202410213,2.802662492570131,0.6754425442389391,[-0.37132749 -0.37748536 -0.40684705],[0.26252391 0.28237029 0.29903772],[-15.1285113   -2.21449768 -16.1670777 ],[0.23954558 0.20743469 0.18729994]
49,1440238,001516.42-005539.5,2.690972742902283,46.16017411363012,0.0047917006113813,2.632958834966745,0.6598000329250684,[-1.03519278 -0.87709693 -0.37791248],[0.29012701 0.37560813 0.3761796 ],[-13.25470659 -10.46070717 -11.29613962],[0.20490972 0.17687038 0.15115553]
50,1440239,001516.34-001132.4,1.4695432353949889,44.71297409569441,0.1030856941369755,2.947262508157837,0.5125942028589712,[-0.44945093 -0.39177553 -0.12408746],[0.24829771 0.27680329 0.28986667],[-13.13697071 -13.22501467 -13.25301531],[0.25587676 0.22824736 0.22167189]
51,1440245,001514.98+004936.3,1.7070436266426907,45.95392866950954,0.0048797331567271,1.5769301419004904,0.2795240358453185,[-0.80796783 -0.97457754 -0.89178694],[0.09302619 0.11445464 0.16039931],[-15.89422429  -2.31858926  -7.22714068],[0.16147016 0.15517012 0.14252277]
52,1440247,001514.92+003119.6,1.0583402902864587,44.92000468548327,0.0164611643606669,1.7270108121848349,0.7473591460034079,[-0.494707   -0.45845842 -1.14529351],[0.74647672 1.02747789 1.03610393],[ -9.9495941  -13.60540339  -8.47166027],[0.15310191 0.16591376]
53,1440249,001514.58+001710.1,1.5275840273271053,45.75618798754491,0.0088323257603839,2.626695725882265,0.4141925701104032,[-0.42109993 -0.52924229 -0.69826607],[0.18794916 0.19121593 0.19442584],[-61.01497282  -2.60199135  -7.92672318],[0.1700461  0.13580818 0.12970865]
54,1440254,001513.78-002628.8,1.2808328690079878,45.18731052766741,0.0193080452039247,3.300756168682168,0.7640760252368146,[-0.23276754 -0.33776721         nan],[0.30241251 0.37378168        nan],[-12.34786235 -14.99156054 -14.25460263],[0.29015287 0.20605555 0.18904125]
55,1440255,001512.39-003103.7,1.4003945539389866,45.44274988837901,0.0123568898775729,2.666836001972902,0.6219423704143263,[-0.2377726  -0.38653141 -0.89531632],[0.66272904 0.91286988 0.89011425],[-12.23662799  -7.76236503 -13.69972254],[0.22013089 0.16837062]
56,1440261,001511.41+002342.0,1.220313454387972,45.48815795698698,0.008418207584171,2.5009155341987634,0.3155894885010526,[-0.47046189 -0.56809433 -0.45450324],[0.14908317 0.1547933  0.16299989],[-11.30300923  -2.59817613  -7.49172013],[0.18712834 0.14751832 0.13901401]
57,1440280,001507.12+002712.8,1.4732766270220796,45.54210097458903,0.0154350831379268,3.1159023657712024,0.5663087059429821,[-0.28283694 -0.49955282  0.3009042 ],[0.26102451 0.27214327 0.28053753],[ -2.10566614 -11.06445242 -14.07480558],[0.22932478 0.19922806 0.15185415]
58,1440281,001507.00-000800.9,1.7016499040159003,46.9191077837981,0.0014243150250017,2.921378529735548,0.5463512334826179,[-0.76416986 -0.94528303 -1.07947439],[0.25949262 0.26095258 0.26974597],[ -3.38487729 -11.93217247  -3.41617359],[0.04057167 0.03092999 0.03120443]
59,1440289,001505.85-000534.4,1.8667163456777367,46.03342639725609,0.0245358057729738,2.4412271345234924,0.4157878064688325,[-0.53339219 -0.77409526 -0.78134445],[0.19497347 0.2003552  0.20917346],[-9.22235608 -6.32121332 -9.33453565],[0.12936803 0.13088352 0.12384794]
60,1440291,001504.81-002134.5,1.5197572893730835,45.37378837668902,0.0252357256809787,2.3131239764428795,0.8787349458757745,[-2.68184286 -0.51715099 -8.46776763],[0.83113251 1.15447398 1.15345589],[-14.43772244 -13.98647978 -11.30334361],[0.24531132 0.1952398 ]
61,1440293,001504.53+011229.6,0.6545429592396621,45.33855819467029,0.0118949871480005,1.5836323224758635,0.3443604313964949,[-0.63003964 -0.92987365 -0.65812645],[0.10113965 0.15239219 0.1645481 ],[ -9.05145127 -16.25634093  -1.67524746],[0.22365504 0.15863119 0.12271052]
62,1440294,001504.48+005655.5,2.113454253334635,45.43505179269548,0.0402906112805325,2.584770979703177,0.9123081496382014,[-0.30361502 -1.44113803 -0.6964116 ],[0.26865055 0.69500576 0.39079323],[-10.63961013 -13.14291562  -1.8887637 ],[0.28406249 0.25500843 0.23775664]
63,1440295,001504.34-005439.2,0.6497087758701272,46.01836156852478,0.0018935055843982,2.432771385162153,0.2881714012109779,[-0.96853111 -1.00449052 -1.14852599],[0.12925716 0.13026528 0.14072229],[-13.11553217  -4.96537777  -3.25627946],[0.0306182  0.029889   0.03216606]
64,1440296,001504.16+010538.0,1.7283138415062822,45.74717443843612,0.0080915846789437,2.712099515100218,0.5506722377710296,[-0.51946099 -0.56415469 -0.3056301 ],[0.27636585 0.34559037 0.34486521],[ -1.85456714  -7.92605331 -15.66538338],[0.24478567 0.2177587  0.18024354]
65,1440298,001503.90+002113.7,1.1088790600288734,45.242599410278224,0.0172179391409841,3.1799163038147977,0.6717110290679635,[-0.28713805 -0.51178937 -0.26331626],[0.2990528  0.32544824 0.33403998],[ -8.99638414 -10.74931005  -7.55283023],[0.220885   0.20387795 0.1493808 ]
66,1440305,001502.26+001212.5,2.836993963237947,47.07149805619416,0.0015406786822751,1.1274253748775944,0.3631823712376481,[-1.57766211 -1.61387144 -1.67864171],[0.10877904 0.17603522 0.35763594],[-12.39554964  -2.95975314  -2.96153279],[0.06142599 0.05578932 0.05174664]
67,1440307,001502.04+002836.4,2.438139915626941,45.84614665102523,0.0091521419452469,2.7259872408395496,0.6803226749213191,[-0.5311808  -0.51788662         nan],[0.25813639 0.31723852        nan],[-10.05407536 -15.46346613 -10.28090802],[0.24480364 0.17919388 0.17622988]
68,1440312,001500.76-003757.7,1.996954224550828,45.93591992923562,0.0128726283518005,2.602565650485131,0.6532533360328368,[-0.55273078 -0.57680115 -0.442191  ],[0.22706465 0.24664003 0.25161038],[ -5.36087788  -2.63425958 -10.87899481],[0.19853557 0.18518692 0.14538503]
69,1440314,001500.72-004456.7,1.4166100627483509,45.597038093095215,0.0094054513015358,1.9497849021669147,0.6629951661586947,[-0.59882942 -0.87395965 -2.44254441],[0.19550062 0.28723439 0.82263727],[-11.65575027 -11.28398744 -13.80507242],[0.1977589  0.14547934 0.09736306]
70,1440316,001500.02+001908.6,0.4613113879478678,45.18469058839882,0.0044941637099071,1.512888080534804,0.2030303948724776,[-0.64912856 -0.938957   -0.96087625],[0.07007678 0.08637205 0.12154954],[-10.03139792  -7.68178671  -2.16095141],[0.14697958 0.0998419  0.08007801]
71,1440317,001459.72+002319.2,2.021203799318388,45.56242097425854,0.0219749155553046,2.973510648921565,0.7373341585140287,[-0.28432113 -0.43312661 -0.0008278 ],[0.27615562 0.32922094 0.31429179],[ -1.58466095  -7.44759969 -10.9944834 ],[0.24911999 0.21662793 0.17862416]
72,1440319,001459.21+004326.2,1.4346198826291827,45.25802262308143,0.0217935737406982,2.547593560022253,0.5142064835590408,[-0.20429724 -0.38520974 -0.43811786],[0.20370207 0.23637919 0.30463696],[-14.19832256 -10.99832366  -5.56109268],[0.26469883 0.237636   0.18900596]
73,1440325,001458.22-002623.0,2.016522551503971,45.85275482681078,0.012111799449805,2.8079194995596355,0.5395970891510908,[-0.39153517 -0.42513633 -0.40908449],[0.25543027 0.27884849 0.28651182],[-15.13409623  -2.20276595 -16.15536796],[0.23385664 0.21344578 0.16192223]
74,1440328,001457.69-004336.9,1.5196597958284863,45.70683233380606,0.0083617382426766,2.2238843639443244,0.547606405921407,[-0.38672982 -0.45950007 -0.44435592],[0.2808797  0.36096156 0.38559021],[-1.73449271 -8.58879949 -5.36526542],[0.19095351 0.21665722 0.13653831]
75,1440329,001457.64-002601.8,2.5417046433536163,46.13889070262322,0.0073598326727619,2.435846467140469,0.4069723630630513,[-0.46917475 -0.4385446  -0.33815815],[0.17676941 0.18224438 0.18457069],[ -7.3473634  -14.82680187 -15.89762019],[0.16858406 0.15991223 0.15218229]
76,1440330,001457.57-002939.0,1.9232993002612435,46.45963924643117,0.0,2.9712797590631945,0.4624458398284958,[-0.56836662 -0.68497272 -0.73192354],[0.21708793 0.21876109 0.22097441],[-14.72746832 -13.47443055  -8.04183575],[0.08308815 0.07844943 0.06908336]
77,1440336,001456.52-000108.0,2.6347132386327945,46.44281821783688,0.0025917725788637,1.9156161328350416,0.3798589687845011,[-1.14402522 -1.02843658 -0.94208601],[0.14239591 0.17853933 0.2153519 ],[ -9.39182766  -2.44088828 -15.55176523],[0.14334296 0.12947699 0.13129769]
78,1440337,001456.30+003536.5,2.860519057178119,46.334121484046754,0.0067640017450436,1.1224557981728505,0.4563973594790763,[-0.94171259 -0.88522226 -0.73176548],[0.13483365 0.19117245 0.20041973],[-15.88922351  -7.5478719   -7.26506383],[0.19261584 0.16541295 0.14972889]
79,1440341,001455.48+003042.7,2.4135988889325746,45.905520664721706,0.011779321210767,1.759492195404766,2.0750248521722616,[-18.25391793  -1.64874213 -18.42832816],[1.44977298 1.6589331  1.68522316],[-16.83244674 -14.34978087 -12.33563722],[0.2296938  0.20972267 0.17171457]
80,1440342,001455.42-003610.7,2.4990124765606354,46.41906062875693,0.0035438106954188,1.1283286377975827,0.1904587547738319,[-0.79908647 -0.87663132 -0.73983506],[0.06477439 0.08461481 0.11462604],[-13.53225444 -13.35483438 -11.24326387],[0.15130462 0.13686115 0.11805174]
81,1440350,001453.95+003547.6,2.104681143046693,45.8049264013086,0.0107124394021518,0.2719393381033805,1.62570303458955,[-1.55508726 -1.11954011 -1.56136786],[0.82816356 1.06102129 1.09621251],[-14.33461777 -14.63035985  -9.18044477],[0.227684   0.21817631 0.13727284]
82,1440351,001453.86+001915.0,1.852150035411196,46.13382069164359,0.0036648668654031,-1.8015652498383297,1.5439005891503683,[-0.35334969 -0.37533589 -0.40567602],[0.03030757 0.04699498 0.06688909],[-10.22034532 -12.25867494 -13.68810444],[0.14252178 0.14363508 0.10631559]
83,1440356,001453.36-002827.6,1.9210795397770264,46.88361632094429,0.0020153654372983,2.9909056803450422,0.5835100818944228,[-0.70577298 -0.79035031 -0.86249139],[0.27948131 0.28051029 0.28184125],[-3.17356332 -4.39720956 -4.13023497],[0.05616284 0.05100314 0.0425081 ]
84,1440359,001452.65+003958.5,1.4730929664061811,46.22045305845048,0.005768247166614,2.5190223211319385,0.3713502400404149,[-0.71828588 -0.80483087 -0.78422857],[0.16363308 0.16517398 0.17303584],[-3.43794648 -3.32782819 -3.18112566],[0.08531469 0.07065989 0.07278832]
85,1440363,001451.55+005655.4,1.4691654875905105,46.7024350211507,0.0009082985061077,2.970987692590985,0.3877675037720207,[-0.68634536 -0.78320892 -0.96243876],[0.1942443  0.19469603 0.19558854],[-13.11449733  -3.60959736  -3.63008723],[0.03860653 0.03579805 0.0377236 ]
86,1440368,001450.51+000732.5,0.4347761980352,44.871131092307664,0.0086946182197991,-1.6878996495163174,0.142189431613499,[-0.77569713 -0.67040494 -0.72569315],[0.06020542 0.110927   0.11223178],[-11.07633341 -14.58413783 -11.18432318],[0.17945786 0.12735932 0.11222709]
87,1440372,001449.84+010047.9,0.66673892189739,44.89408634210409,0.0103153372760331,1.9328317755318345,0.2874315731550988,[-0.25828521 -0.39698249 -0.47726962],[0.10047806 0.11290026 0.12219621],[-7.90775712 -6.44644459 -2.48808053],[0.20227455 0.18530257 0.17037535]
88,1440380,001448.50+001725.9,1.3751516259051706,45.68718133040864,0.0066418932034366,1.56912860281343,0.2239309493617237,[-0.81832108 -0.79980822 -7.31560149],[0.14013162 0.18746936 0.98694213],[-12.89382398  -8.40789672  -6.23512595],[0.19571952 0.16560207 0.12549696]
89,1440382,001448.29+010912.7,1.6968641973083602,45.39860300735536,0.0301087452785289,1.7517996009492784,0.3018218506899168,[-0.31338966 -0.06721444 -0.62756195],[0.13182942 0.18324179 0.32167695],[-5.22066843 -7.2790917  -7.83017353],[0.26343205 0.24098377 0.21062353]
90,1440383,001447.40-005309.6,1.48670422571573,45.57498521557457,0.0131393163308075,1.746975304345047,0.3152455480928515,[-1.13434038 -0.79030728 -0.86541482],[0.33314992 0.46351261 0.46569071],[-12.89780268  -8.39332304  -6.06448696],[0.22119912 0.1794722  0.14021136]
91,1440385,001446.74+002515.3,1.4153307123359724,45.95984581408401,0.0047525463100441,1.480308632267174,0.257162473630759,[-0.82833771 -0.91861786 -1.0255307 ],[0.08188458 0.09969914 0.14026301],[-13.52386638 -13.33603359 -11.22415053],[0.14860478 0.12370645 0.12015186]
92,1440388,001446.28-011108.3,2.7068053418178386,45.75036357150472,0.0240010629401403,1.5255213187548078,1.1516582590474649,[-0.53301905 -0.48921959 -2.19426529],[0.23165789 0.34572673 0.79099985],[ -9.97871596 -16.98935369  -6.87341181],[0.26610208 0.24070304 0.19707854]
93,1440398,001444.32-010328.2,2.6605995572854844,45.32826027570885,0.0468766520933563,1.3539155741404465,2.2812065370314585,[-3.57727702 -4.16655821 -3.78915958],[1.8705536  2.07205037 2.06725484],[ -8.20775818 -11.86320825 -11.9210462 ],[0.23371773 0.20245839]
94,1440400,001444.15+011459.3,1.835076544828729,45.81824757060702,0.0125230129736095,1.8090587100142224,0.3853045429198078,[-0.51482267 -0.40782181 -0.47167244],[0.19290109 0.2660516  0.32544179],[-14.54500901 -16.86892003  -5.9847322 ],[0.26233998 0.23361388 0.18159988]
95,1440401,001444.03-000018.5,1.5545024059813204,46.98461429066936,0.0008925268169086,3.0419358487404216,0.5321187657216957,[-1.02202745 -1.09203418 -1.03562199],[0.24873449 0.25020935 0.25142437],[-3.625737   -4.08981361 -3.39639455],[0.03615067 0.02941135 0.03283377]
96,1440405,001443.68-011206.4,2.712340773976164,46.9210381097517,0.001521806362561,3.0027398195865684,0.5895610141966685,[-0.64930012 -0.65654484 -0.81269256],[0.29207659 0.29238128 0.29442917],[ -6.668413   -13.3411958  -14.82512501],[0.06863337 0.05571155 0.05656401]
97,1440409,001442.95-003327.4,1.0680086179513135,45.13598999020535,0.0256096698742354,0.341585703108,1.419109052944379,[-0.94797718 -0.6832846  -0.39483496],[0.44641683 0.64616716 0.62752137],[-11.73275793 -14.60892555 -17.22722285],[0.28873677 0.21767163 0.17952107]
98,1440412,001442.01+011030.6,1.6905672175967177,45.4775405686555,0.0270787680402335,2.849885621997536,0.6014714525934195,[-0.58486786 -0.54625006 -0.59947127],[0.22961025 0.28959892 0.31430821],[ -9.91247301 -15.46976224 -10.25530988],[0.25222073 0.2349752  0.20132378]
99,1440415,001441.67-003439.8,0.4780351212030769,45.01640136924067,0.0021684333959441,1.6435326768972354,0.6712856875048999,[-0.6113849  -1.01306661 -0.92880089],[0.1015712  0.1632126  0.15073037],[-17.24842828 -13.48403665 -15.99895569],[0.20481287 0.15891856 0.12006068]
1,1440418,001441.22-002509.9,0.8385689042925413,45.15264824899956,0.0073203202048865,2.0303754190409298,0.3976969445481403,[-0.69548555 -0.9490256  -0.96127411],[0.14013683 0.19462476 0.20786637],[-15.89030251  -2.19031287  -7.27591377],[0.18110124 0.15186152 0.13049332]
2,1440422,001440.29-004015.4,2.534479149074538,45.55487259924367,0.04523908835991,1.3229071537640964,0.82338486656231,[  -0.36682707   -0.43477148 -160.32694969],[0.19054819 0.3179818  0.91814987],[-11.2043595  -10.16972295  -7.56665332],[0.27625038 0.2022865  0.19681038]
3,1440429,001438.93+011429.2,1.701550967751334,45.40044791404844,0.0301490581370273,2.1946005156221915,0.4725363559599795,[-0.22976511 -1.21507256 -0.36062359],[0.15669459 0.5883744  0.22526836],[ -6.45545166 -13.99986382 -10.92543059],[0.25746636 0.23125395 0.19159665]
4,1440431,001438.28-010750.1,1.805067731911902,46.66574287508024,0.0022465273586007,2.5404514646088767,0.4748971419470593,[-1.02726821 -1.1640594  -2.44531839],[0.18158128 0.19960538 0.64821477],[ -6.57773857 -11.92516212  -3.06670513],[0.09629692 0.06877399 0.05470554]
5,1440434,001437.58+011410.8,2.4068591549366203,45.83317994408438,0.0139762555869111,1.3311702946599366,0.8395863739282745,[-0.84013204 -0.64321549 -1.31920107],[0.16659232 0.21319596 0.59693823],[-15.21463539 -16.76504491 -15.69980043],[0.20000281 0.21755908 0.17706449]
6,1440437,001437.19+001207.5,1.3802742316102588,45.542475955294,0.0074218104921044,2.485705614022523,0.4096182687182805,[-0.42381404 -0.46397891 -0.454269  ],[0.17646522 0.18173586 0.18637214],[ -7.45042202 -11.87278694  -6.83030816],[0.16532684 0.13371847 0.13363003]
7,1440438,001436.69-011235.4,0.6625610598682607,45.66163150063203,0.0166570746745797,1.9005849833425787,0.224770012219986,[-0.79430417 -0.88555861 -0.85256161],[0.08834767 0.09810384 0.11677021],[-14.73592082 -13.48802417  -5.61216722],[0.09877022 0.08764128 0.07302137]
9,1440444,001435.97+010615.0,2.222586859922804,45.77411159460596,0.0153404734750353,2.141469550896769,0.4612144881072698,[-0.80474202 -0.78591938 -0.58311501],[0.13610588 0.16356766 0.16972445],[-11.75757586 -13.49864338 -14.64036157],[0.19564766 0.16004335 0.14229318]
10,1440449,001434.74-002248.5,1.901084653010385,45.8901883763461,0.0118579568160583,1.306229293155171,0.2952700674633866,[-0.42610459 -0.50691589 -0.88161109],[0.12538958 0.16202682 0.25952396],[ -8.01048402 -14.34297883  -9.68366296],[0.19259067 0.17671471 0.12889374]
11,1440450,001434.43+003037.1,1.9689632357160969,45.62154934817896,0.0227933823930932,2.826081965273687,1.786976798602844,[ -4.20374502  -1.7518656  -10.31958828],[1.51250848 1.76265481 1.75434323],[-12.00666682 -13.1312053  -14.10448853],[0.18841636 0.16369293]
12,1440452,001434.13+002957.1,1.3502404554443808,45.709528940204514,0.0136874830533599,2.350700597135282,0.3946910253868378,[-0.57249114 -0.7321455  -0.53641229],[0.17092106 0.18082361 0.18819739],[ -2.9719575   -6.34914806 -15.66963427],[0.13444979 0.10465682 0.1029584 ]
13,1440454,001433.22+000931.7,1.7183141591311497,45.90859813554573,0.0088528327398158,2.81057253914444,0.6330376406793945,[-0.40498788 -0.39225072 -0.3542525 ],[0.25504673 0.26658821 0.2694955 ],[-12.33209244 -10.00386984 -12.88199698],[0.18973341 0.19788129 0.14819709]
14,1440459,001432.33+002617.9,2.965254971166277,46.53079673875392,0.0037172712037261,1.887847990084345,0.4254797062698097,[-0.87883844 -0.86076471 -0.78704107],[0.15122621 0.17590467 0.21229673],[ -3.65116334 -17.29782204  -7.99783716],[0.13219226 0.11581435 0.10875306]
15,1440461,001432.30-004231.1,1.4874467353705625,45.14844054519644,0.0213473237382508,2.2638682513970343,2.3412668184904244,[-4.0302863  -4.64550081 -4.97449456],[1.99988992 2.19290965 2.21109817],[-13.41121078 -10.08004189  -8.58482684],[0.24532548 0.18381775 0.17890562]
16,1440462,001432.29+010456.3,1.2893476737877252,45.91675236123614,0.0038354839219287,2.3792221400394675,0.3390324539872726,[-0.88256298 -0.98454227 -0.90742034],[0.15117514 0.16049454 0.17564067],[-14.73099805 -13.50048549  -2.46114449],[0.11132876 0.09286512 0.09908184]
17,1440463,001431.84-004928.2,1.28404929874774,45.41038203657069,0.0090749529118205,2.787939827963874,0.5120654495107022,[-0.3867112  -0.50037471 -0.29042285],[0.22120981 0.2320461  0.25899039],[-14.20851987 -11.01305547  -2.49632094],[0.19184246 0.15581999 0.13989673]
18,1440469,001431.05-004727.9,1.0045037987079664,44.92825502522872,0.0230941063764049,1.3551062295915726,1.0843761687038291,[-1.01977057 -0.77387874 -0.78519076],[0.58212285 0.78870873 0.79956996],[-14.92701183 -12.1442994  -16.676578  ],[0.24898244 0.17160445 0.18289557]
19,1440470,001430.31-004128.8,0.8912165369781533,45.29827060954017,0.0082521168874549,0.945505960777146,0.312750604597019,[-0.87166323 -0.82979894 -1.13008548],[0.11681368 0.16624012 0.28044701],[-16.45118985 -15.70398402  -2.6339664 ],[0.16606681 0.12601637 0.08936901]
20,1440474,001428.73+003904.6,1.166992167206634,45.954918383433984,0.0026039749615414,2.7433705103703234,0.4392765999654038,[-0.34404566 -0.52145528 -0.50836524],[0.21492142 0.21650542 0.2202689 ],[ -7.50442727 -14.83578672 -15.89113578],[0.09750037 0.0703899  0.07200089]
21,1440480,001427.93+011333.2,2.183264051623148,46.07497591954751,0.0237474653413833,2.576742502267438,0.4030250520012295,[-0.56663916 -0.49170953 -0.46666747],[0.17827569 0.18749601 0.19126832],[-12.57524903  -8.49721362 -16.31958522],[0.17129861 0.17032178 0.17694055]
22,1440481,001427.79-000308.9,1.1116080455059096,45.296873199205145,0.0095600876596009,2.450283862561121,0.6346789336228408,[-0.56707882 -0.69580621 -1.14394864],[0.18120645 0.21815399 0.63337509],[-11.28656361  -2.10578409  -7.81888115],[0.18199619 0.13833653 0.13863693]
23,1440489,001426.96-000306.7,1.178135263982857,45.94191974289307,0.0093885832376123,1.917375942020943,0.3853955479732772,[-0.80504509 -1.0514303  -0.85231716],[0.20428579 0.27541432 0.28924112],[ -2.06251297 -14.69176648  -3.05429213],[0.07322832 0.05138631 0.05146779]
24,1440490,001426.89+005108.1,1.418962010094033,45.31803279262893,0.022298301410391,2.8834862277566984,0.6178699328198938,[-0.54839663 -0.88778637 -0.83048462],[0.24423527 0.28190104 0.35887141],[-12.60197923  -8.50305119 -16.32243709],[0.2404532  0.20328267 0.17639741]
25,1440493,001426.30+004529.1,2.024524065280388,46.25168267894443,0.0068963967039756,1.9950373650281112,0.4034847781212911,[-0.88345111 -0.96192854 -1.1095138 ],[0.14120665 0.18294245 0.41866665],[-11.68475012 -11.34186932 -13.79335857],[0.12317493 0.11757493 0.08951263]
26,1440494,001426.28-010453.4,2.3740389211286974,45.519643728147344,0.0363000068772692,-0.8848954028097353,1.2071202024605627,[-1.99621551 -0.74167782 -1.35582978],[0.72224783 1.00567734 1.07508781],[-15.12791815  -6.11154904  -4.83281905],[0.29201195 0.20933656 0.17859063]
27,1440504,001423.79+003843.4,1.199838970538446,45.47431976689247,0.0096736364517617,3.168045811478457,0.6740236742799257,[-0.52956493 -0.51203439 -0.6283444 ],[0.32776242 0.3460121  0.35176407],[-17.24833205 -13.49316989 -16.00238144],[0.09256285 0.08014394 0.11391825]
28,1440505,001423.72-010201.5,1.558444361613789,44.99334470805497,0.0565749731365805,1.64948145274718,1.951940023247392,[-7.26075636 -9.06470556 -2.30441044],[1.58223805 1.81312712 1.81622297],[ -8.99023144 -15.61425562 -16.81549407],[0.19820961 0.18401617 0.17786672]
29,1440508,001423.15-003502.6,0.9568425686173287,45.46731530260766,0.0045787876919796,3.0056726348071567,0.5383557454797971,[-0.29950075 -0.41981611 -0.49163593],[0.25524349 0.2652924  0.27279595],[-16.28502162 -12.0537877   -2.42095737],[0.13707833 0.13229849 0.09616376]
30,1440510,001422.24-011306.1,1.8762593528551832,45.7296561349875,0.0180729237997212,2.0543194328280405,0.9114413108239824,[-0.92466703 -0.36716498 -2.18052607],[0.45793561 0.63638713 0.85077073],[ -5.3521744  -16.24151384 -14.8935787 ],[0.18442634 0.18000516 0.14827794]
31,1440519,001420.44-003620.3,0.9611202169604948,45.6111946080653,0.0078003912027533,2.361133098263189,0.6497761144278322,[-1.00928654 -0.66935177 -0.83580063],[0.43948781 0.58728444 0.59949376],[ -1.58273619  -8.5610392  -10.60707241],[0.09045637 0.08272061 0.08938588]
32,1440521,001420.18+011212.7,2.1794865524037266,46.74490832038279,0.0027049018623834,2.5166076494704868,0.4300121048257379,[-0.71193804 -0.70890971 -0.88990179],[0.19563451 0.19630354 0.19977542],[-9.23423454 -8.41878462 -7.17808801],[0.08845539 0.08891474 0.07551374]
33,1440524,001419.27-002345.6,1.280172979724873,45.6063948843169,0.0098606194474584,1.1800596414162443,0.458455581707035,[-0.620254   -0.60634931 -1.09453163],[0.15334537 0.22278465 0.28103723],[-16.83320942 -14.33840605  -5.38118189],[0.11197382 0.11553247 0.09743832]
34,1440525,001418.63-000206.5,1.442782652600178,45.07033142109108,0.0489826362440695,1.5885540703362877,2.002727200218496,[ -8.62989173 -10.60847723  -2.14035519],[1.40078304 1.68552231 1.64826825],[-15.32609646 -13.74676781 -12.10619824],[0.17212222 0.16702041 0.16696663]
35,1440526,001418.59+003810.2,1.4767457406689362,45.36309391480765,0.0134247239292903,1.971549318955924,0.6872376461097273,[-13.4169331  -0.4578935  -0.9717371],[0.63883617 0.88408717 0.88636292],[ -9.66411981 -14.70177012  -7.10896521],[0.17702683 0.15867661 0.16423595]
36,1440528,001417.70+003221.4,1.5371047258377075,45.77986815708611,0.0086367915054879,1.929852984282093,0.5759815093191865,[-2.41281075 -0.66957671 -0.48541087],[0.68237846 0.92747339 0.93103535],[-11.18522898 -17.17545563 -13.89469585],[0.2019885  0.16656166 0.14456541]
37,1440529,001417.64-010229.4,3.1603833606138063,46.5456270353483,0.0079511095708539,1.9391786102148143,0.7269850435884934,[-1.56027061 -0.92099627 -1.69124831],[0.64462328 0.87457948 0.92572703],[-14.38401237 -16.92580306 -16.53753329],[0.13754032 0.09555284 0.06880178]
38,1440533,001417.20-005151.6,1.4574620896006505,45.40984656728144,0.0207641653275914,8.107274190299968,3.948936842148906,[-35.49017405  33.63828371  29.47460866],[6.81540132 9.71058436 8.47436684],[ -1.25280718 -13.03588982 -14.67157274],[0.19484832 0.18188096 0.15152736]
39,1440537,001416.27-002357.7,0.982639000981896,45.74249509105736,0.0072462704764113,2.163126193201466,0.6117648729396182,[-1.07852073 -1.08632758 -1.09081721],[0.41894525 0.58723427 0.59930288],[ -1.97802507 -12.29229253 -13.12220045],[0.04441802 0.03898002 0.0447256 ]
40,1440538,001416.25-011355.9,2.083935232930166,46.11303874271406,0.0206734658614777,2.4507312801969032,0.5735227361668571,[-0.80547727 -0.89277623 -1.02846977],[0.25825712 0.30341087 0.31527293],[ -2.78753971 -13.18400309 -15.08368597],[0.08611672 0.07646539 0.0659757 ]
41,1440543,001415.64+004225.0,1.9785912146161235,45.65933137543115,0.0280796906859208,1.6482945298687297,1.908717759964906,[-2.17050911 -2.1476042  -2.14837245],[1.29833343 1.54712801 1.52559977],[ -8.98544644 -15.62107865 -16.81699798],[0.15741081 0.1244578  0.13350914]
42,1440552,001412.94-002102.6,3.1619980711511264,46.42375132040087,0.0102519662816185,2.419286011054437,0.7490438954732348,[-1.33120007 -0.75833531 -0.86209668],[0.53284377 0.69325276 0.68763095],[-14.92499218 -14.71287159 -14.92467654],[0.09309051 0.06963816 0.06326295]
43,1440556,001412.36-010557.1,0.7282814402123536,45.32011673329388,0.0049300398466662,2.1581692833988075,0.6133003866283043,[-1.18554202 -1.30473694 -0.66919622],[0.42779218 0.66958334 0.59600211],[ -9.23363074 -11.13026991  -8.63829175],[0.06834881 0.07371855 0.07166764]
44,1440557,001412.02-005228.9,1.9652573434298632,45.15160537942989,0.0764039027206564,1.934736169823448,2.118193550948106,[-5.94049727 -3.39232568 -2.30101571],[1.47551006 1.7125167  1.71474886],[ -8.51137936 -17.31783614  -1.96145142],[0.20838225 0.16768067 0.18345206]
45,1440558,001411.77+002739.7,1.5337423201736673,45.6398821337791,0.0103411167913947,1.8372316661017944,0.4830707104644118,[-0.44252812 -0.76646623 -0.87868984],[0.21879482 0.28155224 0.31382536],[-16.39720915 -10.84520143  -6.93711048],[0.14577469 0.12074247 0.12562152]
46,1440559,001411.74-005338.0,2.042799103257459,45.96699128078672,0.010557221670453,1.4712551069059303,1.573697078533989,[-2.51465083 -1.88123147 -1.41610474],[1.11858273 1.3422382  1.34890275],[-233.93086046  -11.47019624 -153.75682925],[0.14401404 0.13110476 0.11078431]
47,1440566,001410.15+005428.7,1.3658855622141823,45.21697852956292,0.0177575590380882,0.3788022307390896,1.341624205578933,[-1.18037443 -0.80372921 -0.6177949 ],[0.50104477 0.72217785 0.71603655],[ -4.8464512  -14.19388853  -7.29319508],[0.19968695 0.17560825 0.17085364]
48,1440579,001406.98-000555.8,1.5310924653362687,45.19180645619956,0.0417511732931394,0.1438192252644775,1.8941331589753847,[-37.84357352 -37.83806349  -1.74610151],[1.31793057 1.59225106 1.56714849],[-16.44306225 -15.69865207 -10.7431046 ],[0.20630432 0.19135692 0.17011451]
49,1440581,001406.51-010759.7,1.159681949690134,45.95766690239214,0.0020991071482932,2.1934343859326457,0.553499235795172,[-0.8998024  -1.03343962 -1.08534088],[0.21613772 0.25009292 0.28250538],[ -8.52397399 -17.32545042  -7.10409423],[0.06284122 0.04182605 0.04839453]
50,1440585,001405.51-011036.7,2.0016832795298627,45.80523933654231,0.0180407210750139,2.744580113747145,0.7332868057838449,[-0.75424327 -0.66199668 -0.38213035],[0.34414334 0.4201463  0.43708915],[-11.27628038 -62.64216261  -7.39386747],[0.22123029 0.1851715  0.132421  ]
51,1440590,001404.60-010357.8,0.9811922201135244,46.431202691210885,0.0024494829633994,3.3592427301179555,0.5622590262957246,[-0.63706587 -0.76641286 -0.72876943],[0.28267368 0.28371738 0.28425037],[ -3.11280138  -3.98280364 -14.94744193],[0.03341303 0.02632451 0.02835156]
52,1440591,001404.45+011237.4,2.1682938584467664,46.44714755115956,0.0111239406953522,2.5416602296710327,0.3615204167342756,[-0.55972265 -0.64771208 -0.65325816],[0.16623313 0.16800673 0.20058625],[-14.20863057 -10.99229662  -2.37032172],[0.10527315 0.09201269 0.08813239]
53,1440592,001403.68+000324.1,0.6966689731221098,44.68751138283952,0.0772702768992701,3.623249859750435,0.7367978148400589,[-0.34726053 -0.56996138 -0.27983881],[0.31280741 0.3349656  0.33464901],[-15.13368701 -67.62865204 -16.15962212],[0.22441279 0.21214406 0.16117279]
54,1440594,001402.66+005844.4,1.333730507359918,45.22868722531353,0.0179052415115386,1.9247139535973925,0.4368362206833321,[-0.93089772 -0.64757396 -0.47810597],[0.26684252 0.38905616 0.37686798],[-11.83038445 -13.50000723 -14.6329637 ],[0.26499436 0.20776188 0.17919762]
55,1440595,001402.34-002153.9,2.303332898742556,45.27095676318325,0.0363175677817615,2.604626103616744,0.8819231156674646,[-1.32135181 -0.48443112         nan],[0.62609826 0.85138519        nan],[-12.35596631 -14.99661158 -14.25370752],[0.21412161 0.22731445 0.15779296]
56,1440597,001402.20+010857.2,2.132567355583975,45.11143658861144,0.0620091977930279,1.4632482226591788,2.445857399007193,[-2.47386205 -3.18928064 -3.70896616],[2.06797357 2.25169976 2.23576103],[-13.85653595 -12.80495577 -13.39086667],[0.1869297]
57,1440600,001401.70-000030.5,1.4354870875981198,45.11802141420028,0.0239884108271297,2.0044565510162258,1.1179203770688362,[-1.72607622 -0.62272814 -0.85157184],[0.5163479  0.74374761 0.71060366],[-12.59966222  -8.49786667 -16.32631027],[0.24518871 0.20334582 0.16798258]
59,1440603,001401.54+002834.2,1.4187150128166144,46.30087944189553,0.0021382764698429,2.725127019217162,0.4543246410019337,[-0.724148   -0.79445329 -0.79898317],[0.21191709 0.21441175 0.2219696 ],[ -8.96303244  -3.30251458 -10.0252199 ],[0.07430867 0.06526085 0.06623893]
60,1440605,001401.09-010607.1,2.111868616182003,46.28827713923928,0.0054356991503965,1.5389665518044515,0.3408243642679687,[-0.97423844 -0.92077363 -1.20790429],[0.10516716 0.13807886 0.1736336 ],[-7.37810307 -7.38385589 -2.52161153],[0.13898635 0.11178741 0.08771367]
61,1440607,001400.95-000808.2,1.5405468679949088,44.68522365149689,0.0986913499873622,2.099606942657092,1.3009931755670228,[-0.27592218 -0.25206581 -0.71313816],[0.74629212 1.0392685  1.02144876],[ -6.03648573  -9.09229895 -12.05507411],[0.20781396 0.26365962]
62,1440608,001400.72-001250.9,0.7418869067007621,44.95705384499337,0.0074913401718497,2.6296010990695224,0.5278745041097854,[-0.73604772 -1.0030802  -1.06672983],[0.19165156 0.2195854  0.23774865],[-12.05130269  -7.99855772 -13.86635532],[0.19007032 0.1527628  0.10608858]
63,1440610,001400.45+004255.5,1.7107950559636034,46.84269482286122,0.0014326164794375,2.3331625801045903,0.3820372371694254,[-1.00639855 -1.12533203 -1.2579399 ],[0.16596641 0.16753377 0.17361744],[ -3.30745741 -11.93240792  -3.66534768],[0.04018817 0.03931945 0.03358076]
64,1440611,001400.41-002328.4,2.548477910026894,46.01837679903115,0.0095656713984695,1.0792191185798157,0.3626716339269783,[-1.21248656 -0.8057112  -1.48320016],[0.41942159 0.59185951 0.75177576],[-11.63909723 -11.29250113 -13.80002606],[0.22098714 0.18359565 0.15218369]
65,1440620,001358.33+011457.0,2.166284595189005,45.76916765465359,0.030419986268928,2.643617230723136,0.4816771608114922,[-0.57604536 -0.61051041 -0.40248857],[0.18893091 0.22215406 0.20941381],[-13.70810649  -1.65771623 -11.54924171],[0.21200918 0.18977537 0.17634831]
66,1440621,001357.87+001708.5,0.9180044951528676,45.47068666864419,0.0048758536403035,3.1428772733619605,0.5127921044329713,[-0.38213587 -0.29066403 -0.14793108],[0.23217488 0.23651831 0.24652344],[-15.42432192  -2.23477673  -9.458727  ],[0.15537587 0.12824951 0.12515322]
67,1440631,001356.00+004646.7,2.3994363291600607,45.22958755226177,0.0573576349404731,2.652168983384948,0.6328599621071853,[-0.46713636 -0.39151556 -0.3807174 ],[0.26711611 0.30489093 0.34104944],[ -15.13322503 -132.05115913  -16.15606171],[0.25853705 0.19635726 0.19257327]
68,1440634,001355.85-003829.9,2.029325767023469,45.50517271444986,0.0266796435992375,2.9305566970931984,0.6234561494314375,[-0.46536642 -1.19852832 -0.78710368],[0.26203075 0.3959628  0.28920772],[ -1.52832858  -2.07808729 -11.05198991],[0.20070739 0.16394613 0.12623996]
69,1440636,001355.37-011426.2,1.954464340802168,45.81966131563911,0.0128941988368573,1.7501727808184382,0.2652006966155275,[-0.84647412 -0.66771034 -0.55586611],[0.11354687 0.14933624 0.18607228],[-12.58352202  -8.49702651 -16.32843346],[0.18972577 0.17073449 0.14217811]
70,1440641,001354.36-001407.8,1.9682016938032048,46.30402710279299,0.0050576812917135,1.9606487650823192,0.32574409772178,[-1.02239    -1.04058635 -0.90090875],[0.11790535 0.13308297 0.16712099],[ -6.75955729  -6.11921886 -15.55887693],[0.13664646 0.12801657 0.10887635]
71,1440644,001354.09-010400.6,0.8610380841178891,45.347955746049024,0.0040109535992662,2.2966453016590105,0.3248231629716482,[-0.74769885 -0.79405528 -0.76696472],[0.13105908 0.13794468 0.15716501],[ -9.79261271 -15.46616333 -10.10822352],[0.12779483 0.12071824 0.11094039]
73,1440652,001353.43-005936.5,2.6960307220779365,45.66589148037884,0.0281621397163185,2.560409147230099,1.0075003441176495,[-0.0376757  -0.28526239 -0.56055528],[0.71635219 0.97400806 0.96218973],[ -4.6685812   -9.17873731 -16.73905819],[0.21824644 0.20451618]
74,1440653,001353.29+005809.9,2.201819523645697,45.44967022297066,0.0455253208599941,2.199949523109664,0.4351483278476885,[-0.23544359 -0.25469294 -0.00058211],[0.19594882 0.24673475 0.24376147],[-10.83308521  -1.95850015 -10.53158067],[0.26405799 0.22726277 0.20867263]
75,1440654,001353.16+002024.3,2.000132880584004,46.15626699796752,0.0060170844384437,0.8069225647934988,0.5335788849879205,[-1.15981002 -1.03110975 -0.65144988],[0.21970366 0.32612751 0.36282955],[-12.69490068 -13.38763177  -9.20898999],[0.2104644  0.17368507 0.15317202]
76,1440659,001352.10+010639.4,1.6438983513296763,45.37629746766486,0.0176874354272449,2.964839250591768,0.8413990137722152,[  -0.57804497 -142.09576748   -0.17507713],[0.45100898 0.99518093 0.59043194],[ -8.19187837 -14.14826026  -7.76088703],[0.15549562 0.1807947  0.16402176]
77,1440660,001352.02-001900.7,1.1679028188925562,45.77341340097507,0.0088212687166482,3.0490106903785943,0.569897268698393,[-0.81055424 -0.61004913 -0.59254425],[0.27464351 0.28139309 0.28400138],[ -3.01003093 -16.71774019  -2.58685865],[0.13170931 0.10033749 0.09483631]
78,1440661,001351.94-005920.8,2.8449135877488474,46.913961355213765,0.0027387227500277,2.156894427755549,0.383034464460285,[-0.98544051 -0.96989797 -1.14319147],[0.16852581 0.171748   0.19518737],[-12.45445015  -8.50869606 -16.31717091],[0.0938927  0.07672225 0.06682824]
79,1440662,001351.72+000032.8,1.3929410846486636,45.89500987471301,0.005270875186973,2.216951799090186,0.3033071351727855,[-0.47826523 -0.54802136 -0.6844416 ],[0.1289537  0.13695875 0.16023063],[ -7.45880293 -14.83631439 -15.90261752],[0.17994812 0.15424985 0.12193217]
80,1440668,001350.37-003557.9,1.7062541540389546,45.44550265059715,0.015672740019557,-0.1650791909244646,1.11975103255243,[-0.4115216  -0.55091321 -0.65012498],[0.10826941 0.19458324 0.24192209],[-11.00467996 -14.6091341  -11.32558068],[0.25049946 0.23061822 0.17598229]
81,1440671,001349.63-004751.8,1.932223510840535,46.46021501060097,0.0,2.680290444530499,0.4637915365486664,[-0.68956168 -0.7847062  -1.1182356 ],[0.19113649 0.1957941  0.24508342],[-11.70874993 -13.47152474 -14.62496071],[0.09273129 0.07538155 0.05283447]
82,1440673,001348.99+011118.3,1.9332464353948868,45.9357634588372,0.0121975155184301,1.9535307877129025,0.5440434570368057,[-0.61141758 -0.65993095 -0.61789347],[0.15420299 0.17898886 0.19352139],[-15.42069298  -4.93777086  -9.45304426],[0.18856163 0.15744708 0.1497149 ]
83,1440677,001348.38+000552.7,1.4053546709127849,45.55851366096772,0.0151320114794373,1.3026091311192736,0.2779692930319638,[-0.93023743 -0.68496519 -0.65282746],[0.14651267 0.19502628 0.24690801],[-11.28913928  -5.48278146  -7.4853529 ],[0.21204514 0.17448549 0.12572862]
84,1440679,001348.15-003541.5,0.7542335599099735,44.95501717576388,0.0103242688743776,2.8775463725712385,0.6170022440071463,[-0.65624746 -0.90034446 -0.35520928],[0.2382384  0.29027074 0.28522461],[ -9.695321   -13.57571688 -12.06441489],[0.22362396 0.21087823 0.14922545]
85,1440680,001347.74+000747.2,0.6278165324464958,45.082495288274416,0.0130121690385962,1.215840517453462,0.3113504323256868,[-0.53979701 -0.67857793 -0.85301855],[0.12680581 0.18513623 0.21176303],[-13.52478945 -11.22507916 -11.53456447],[0.22952431 0.18356943 0.10647322]
86,1440682,001347.60-002506.9,1.1219408328169684,46.245582006620005,0.0028552104125658,2.5782317310044016,0.4406063907450195,[-0.60632472 -0.74785622 -0.68883341],[0.20482305 0.21359956 0.21648082],[-13.47724471 -13.33373093 -11.20546558],[0.05315296 0.03207198 0.03007622]
87,1440683,001347.57-001223.3,1.9692395689482345,45.63031133267777,0.0251853019870367,1.6771452503854638,0.2439802953445564,[-0.50207741 -0.41328098 -0.33074248],[0.10246224 0.13798192 0.13774092],[-10.86895362 -11.83739899 -10.00336954],[0.21430796 0.20088011 0.16675082]
88,1440688,001346.65+004205.4,1.549839302524373,46.096379978984,0.0034276437778508,0.7414183582916656,0.1343668380294789,[-0.69322306 -0.85739131 -0.42403526],[0.04738323 0.06028153 0.07824452],[-9.40228134 -9.98677893 -9.0371738 ],[0.13886161 0.11062946 0.1002512 ]
89,1440689,001346.52+003402.9,0.2741097522939787,45.090312952714186,0.001926240543387,1.8474475643158808,0.1847330480940188,[-0.76067815 -0.98778335 -0.68240589],[0.06621741 0.07237745 0.07513141],[-3.12553214 -2.91980537 -2.3796891 ],[0.05556837 0.04031355 0.03505487]
90,1440690,001346.50-001839.9,1.2369163594705896,45.40741617847189,0.0089347532417747,0.1343846975809602,0.6894174228874352,[-1.32876682 -0.46007381 -5.56438026],[0.47947354 0.6734539  1.02731503],[-16.84531494 -14.34672032  -1.71700999],[0.23642551 0.20284316 0.14283766]
91,1440693,001345.73-010153.1,1.729655827953124,45.23461124598197,0.0366078222354069,1.851983008785049,1.151948976780557,[-41.89528143  -0.30963748 -49.6513444 ],[0.84569897 1.18816365 1.25015798],[ -1.99369007  -8.81432852 -11.85962319],[0.27984192 0.22958306 0.18618515]
93,1440697,001344.03+011455.9,2.226911291335326,45.43925574547991,0.0280847729085493,1.367039575404153,2.1908753716380724,[-2.30988866 -2.77541899 -3.46490575],[1.26313345 1.51308459 1.52036646],[-13.06809725  -5.54751755 -10.90789858],[0.26413844 0.22417939 0.17744803]
94,1440698,001343.89-005200.5,0.6558697758421798,45.26546446419594,0.0147113412056185,2.339023765477564,0.4880338186668643,[-0.58839026 -0.83276821 -0.57066393],[0.19499623 0.26028748 0.25280921],[-13.65271044  -2.24178546 -11.10217765],[0.25211139 0.19885968 0.13866376]
95,1440699,001343.47+000121.5,0.6036741517645212,44.98838810191258,0.0110422049487617,1.798394290370418,0.2264381702247875,[-0.43705822 -0.42871179 -0.59092244],[0.09821734 0.12544617 0.1413976 ],[-17.08825068 -15.39816685  -9.96500907],[0.21233002 0.19500671 0.14799939]
96,1440703,001342.45-002412.6,1.6480166303178514,46.93806838023764,0.001008687568671,0.4565017753139099,0.1041038979228779,[-0.94595822 -1.02249447 -0.87897422],[0.03274864 0.04260225 0.05332675],[-14.39291738  -2.74362877  -2.44781376],[0.04135227 0.02963307 0.02665561]
97,1440707,001341.11+005817.9,2.0229840641083974,45.778877142911504,0.0201666644161377,2.645242189471108,0.4540575272889238,[-0.35156254 -0.40039863 -0.26001649],[0.18087768 0.18952384 0.19744743],[-14.60828728 -10.57945858 -17.14649424],[0.20048498 0.20969015 0.16456192]
98,1440717,001338.89-005354.7,1.3775755587055944,45.462643152226775,0.0159468847331325,3.1446334654663697,0.7956139359725667,[-0.74379081 -0.62338083 -1.11495431],[0.49177875 0.6449698  0.77746578],[-12.34727902 -14.98519586 -14.24968406],[0.25870458 0.21407259 0.16355776]
99,1440722,001338.51+005521.0,0.8300815336409807,44.93535862986333,0.0103397884492153,3.2555582064099955,0.7086158644397542,[-0.39302816 -0.45384892 -0.20705691],[0.26420304 0.27296295 0.27731793],[-11.30110891  -2.43895911  -7.5139943 ],[0.20994422 0.18215141 0.17335483]
0,1440723,001338.39+000829.0,1.2171126436573043,45.4705785136729,0.0111252243571833,1.2022881750262098,0.4676236181237563,[-0.92251279 -0.90024938 -0.64441883],[0.18735879 0.26194271 0.30179129],[-15.88283854  -4.75222292  -7.25236618],[0.20897442 0.14261841 0.11003124]
1,1440725,001338.26+004339.3,4.174701291077441,46.25309159087668,0.1405499166552957,0.424769304727373,0.6082781770191774,[-0.44866863 -0.74738883 -0.64438961],[0.13778027 0.21326272 0.24866809],[ -9.05847196  -7.02407399 -14.86721648],[0.23858541 0.19905733 0.14748044]
2,1440731,001337.10+001355.3,1.8827113530450448,45.70751983484345,0.014024976713582,3.2570990182972834,0.6981731627592123,[-0.4914143  -0.50390981 -1.10849619],[0.30441605 0.33663185 0.59042904],[-14.91683027 -14.71058468 -14.91970264],[0.24431041 0.21417328 0.15347984]
3,1440734,001335.87-010245.2,2.1850480637366885,46.02619751595231,0.0077975462102344,0.8285650900962982,0.6708721300993874,[-0.58968486 -0.78655852 -0.65396264],[0.12635995 0.21935361 0.23817624],[-9.98462423 -6.41678206 -8.12137676],[0.2126582  0.19014138 0.14738695]
4,1440738,001335.45-003008.1,0.5993155140346298,45.25165823024842,0.0125361062402049,2.305491052673366,0.2477220252421348,[-0.47378021 -0.55521416 -0.63658716],[0.09626666 0.10216866 0.12193381],[-11.75671865 -13.50063231 -14.6276732 ],[0.18344806 0.16206771 0.13564532]
5,1440741,001335.15+003908.0,1.802536203227732,45.61494875230317,0.0132456761228958,1.5348580416544646,0.5312645183132338,[-0.85360381 -0.69158346 -1.05053821],[0.20266944 0.31402587 0.51774936],[-12.69953865 -13.38738957  -9.30713222],[0.22528531 0.19715924 0.15429966]
6,1440742,001334.80+003524.1,2.073916319323647,46.20322802480936,0.0189112897992878,3.2356965580581813,0.7024482206461771,[-0.29684615 -0.35896119 -0.39888817],[0.35345632 0.35454706 0.3557284 ],[ -8.98095194  -3.84785189 -10.03522633],[0.11907058 0.12245284 0.11556818]
7,1440744,001334.01+005930.2,1.783258763784015,46.2255911770292,0.0083870715102598,3.227291588579566,0.5687663515659191,[-0.36216857 -0.44453939 -0.71779992],[0.27314104 0.27434154 0.2778125 ],[-2.67267106 -7.67747597 -8.06507334],[0.111419   0.10696696 0.10507647]
8,1440747,001333.87+010607.5,2.836863651083785,46.0602516208882,0.0116966011154957,2.0662364443689354,0.4716278663205671,[-0.3763174  -0.33601601 -0.07193629],[0.16354119 0.18909606 0.22518988],[-10.06583824 -17.00139022  -6.53100994],[0.21443857 0.19509464 0.17178092]
9,1440748,001333.45-011212.7,1.671463183497146,45.440238674363925,0.0198286895434343,4.543483509465245,1.6017967907649275,[-2.14569302 -3.14139316         nan],[1.24277527 1.4501798         nan],[-103.95689304   -6.34873442           nan],[0.21367546 0.2081905  0.16066973]
10,1440754,001332.23-002336.1,1.9110286016560496,45.656976479922186,0.0279474921223936,3.220728788669932,0.9159885218339414,[-0.79686077 -1.02504127 -1.66289504],[0.43452583 0.59034982 0.83214385],[ -9.91189459 -11.49698451  -8.07894098],[0.22061943 0.21799352 0.15129937]
11,1440756,001331.63-010307.4,1.9130645991622068,46.511745433844695,0.004738398067154,1.5548272781310204,0.2876035900595745,[-0.9195979  -0.97095474 -1.10816898],[0.11665218 0.15498631 0.17664543],[ -8.19519676  -5.24745978 -14.34823535],[0.15866307 0.12691862 0.10316244]
12,1440758,001331.26-001509.4,3.248127012845993,46.00980404732252,0.0253290205871294,2.5774108986625914,1.5298303419287822,[-1.54392572 -1.7763436  -1.34123101],[1.08677525 1.3286391  1.24050516],[         nan -12.13558081 -14.03203788],[0.24061202 0.20593316 0.15974057]
13,1440760,001331.22+000310.2,0.6233220189559107,45.04170198378458,0.011145057520796,2.894984191693403,0.5372412362323369,[-0.64008121 -0.81222196 -0.64935788],[0.20604109 0.23043482 0.2339734 ],[-15.42444063  -2.06244147  -9.57372461],[0.20736684 0.19682692 0.1681749 ]
14,1440761,001331.06-000213.6,2.1816773492125527,45.98831002710196,0.0082294124799311,2.084368492370232,0.3758328235489827,[-0.59587274 -0.8726042  -0.83940174],[0.15440935 0.18212263 0.19267815],[ -2.57240913 -12.29588287 -15.6673675 ],[0.17482569 0.15816211 0.12532379]
15,1440762,001330.57+001814.2,1.8428854870954656,46.63194039951585,0.0020532213806099,2.787588723298722,0.4517729469056448,[-0.67872108 -0.76342633 -0.8913197 ],[0.21151353 0.21207334 0.21374228],[-17.33325685  -9.20101336 -12.00581967],[0.06420732 0.06365223 0.0614159 ]
16,1440764,001330.13+005844.4,1.7869661990726842,46.025175853157705,0.0090210342812042,1.953025374342908,0.3046340820105033,[-0.43161283 -0.70781524 -1.06312367],[0.1324958 0.1640622 0.1954977],[-11.65627307 -11.29125072 -13.80246384],[0.21193051 0.17312016 0.13627735]
17,1440766,001328.86-010043.3,1.916185320772717,45.67809201539036,0.0154386867115015,3.300328903970128,0.6092924301220672,[-0.38669412 -0.36526054 -0.32707024],[0.26852502 0.2763792  0.27905429],[ -9.16306199  -2.65429884 -10.06956612],[0.21700812 0.20688789 0.16862814]
18,1440770,001327.52+010646.5,3.084734899324997,47.08425166942144,0.0016243661074319,2.0250793623490724,0.388298448123475,[-1.15210386 -1.11463456 -1.13114055],[0.15564709 0.16841691 0.2004943 ],[-12.4131043   -7.47423665  -3.53402964],[0.06172365 0.04927864 0.03702826]
20,1440774,001327.22-005647.7,1.7228736225136978,45.22565122773499,0.0486720692821336,0.2872709876250441,1.045875264730639,[-0.84929471 -3.31959352 -0.2277508 ],[0.41156236 0.9628593  0.61494654],[-13.65721355 -13.35668956  -5.63087013],[0.25724473 0.20261553 0.17552269]
21,1440784,001326.23+005636.0,1.5035972457868672,45.49581256567623,0.0184816217251757,2.347051804404701,0.3471633103877816,[-0.71901668 -0.58774468 -0.40710725],[0.15350191 0.18295582 0.19966579],[-11.2515671   -2.09577744  -7.49805524],[0.20825584 0.16048239 0.16513147]
22,1440786,001325.56+002546.3,2.056023206663883,45.7120796271076,0.0178753890252636,2.073212460430706,0.5169578922220703,[-0.57315998 -0.54470162 -0.28257815],[0.13037913 0.15863888 0.18222904],[-15.12807992  -4.9438368  -16.15805779],[0.21845791 0.20520606 0.18705706]
23,1440791,001324.86+004817.6,1.8728092931186584,46.08513777139324,0.016479458639381,1.7003125617388886,0.2246411492891336,[-0.83589053 -0.84489499 -1.04871258],[0.08496854 0.09762486 0.13679507],[ -9.61762734 -12.28636471 -15.61219228],[0.13811763 0.12851805 0.12771546]
24,1440792,001324.70-003731.1,1.562035810974927,45.57099294902847,0.0132577831157334,0.8810864514297941,0.3004561366689089,[-0.44874066 -0.57291766 -1.21325059],[0.07618421 0.10676583 0.46780313],[-15.12221801  -8.73632197 -58.39685094],[0.22906056 0.18810548 0.15765712]
25,1440797,001324.16-001201.8,2.813002516970912,46.21202669604533,0.0063403255903615,1.228049279834015,0.4538519105716052,[-0.69362735 -0.80829753 -0.68747675],[0.12625987 0.17074493 0.20462087],[-13.13039824 -13.22508916 -13.24407291],[0.2075797  0.1819489  0.14012075]
26,1440800,001323.06-010701.9,2.3480581185529354,46.36751333455664,0.0045281656035065,1.690259970734495,0.2640905705943916,[-0.61085794 -0.75564182 -0.52728941],[0.10367904 0.1296114  0.1488841 ],[-14.72667146 -13.50297538  -5.9897539 ],[0.17278605 0.15180039 0.14025271]
27,1440803,001322.83+011348.2,1.7190507035052245,46.20572986526745,0.0078365145321477,2.4365663854503783,0.5795494268586464,[-1.07132861 -1.02366109 -2.09561181],[0.2346391  0.28451999 0.72625627],[ -2.9508682  -16.84396361 -15.46948251],[0.15232313 0.10294073 0.07848712]
28,1440808,001322.48-001321.0,2.1394171660873846,45.02781184873662,0.061329000933501,2.6742499938459945,2.15565409612957,[-21.60956583 -37.74639725 -26.7211113 ],[2.11909641 2.30227347 2.31529878],[-7.61670952 -1.73758871 -6.85783336],[0.16237138 0.20114093]
29,1440809,001322.28-011239.4,2.3032436280151325,46.56250393944406,0.0034184493384188,2.008958702012833,0.310452349121196,[-1.02301753 -1.08859023 -0.77521692],[0.12040621 0.12841603 0.15752518],[-2.77753875 -3.53465883 -3.1518142 ],[0.102533   0.09076292 0.08514222]
30,1440813,001321.19-011433.2,1.745462993032023,45.40499268951452,0.0243536489376055,3.224033671796427,0.7795669213234562,[  -0.40581032   -0.50232559 -240.67748178],[0.34616823 0.43251458 0.92423111],[ -1.13009065  -9.75795828 -19.22270451],[0.26319641 0.23481014 0.19122848]
31,1440814,001321.16-000409.3,2.952150341319431,44.83517118076026,0.1184720898436246,-0.7996116058332365,1.8224037827477693,[ 0.02420119 -0.5519854  -0.33707899],[0.9967945  1.30802518 1.28933579],[-14.37866722  -6.11796649 -14.41496362],[0.20191304]
32,1440815,001321.13-004952.1,2.1754401233958007,46.16395429309812,0.0104056892416757,1.545963318274131,0.3447046770520686,[-0.86247645 -0.75923766 -0.91577554],[0.16175712 0.22287205 0.24605749],[-10.60368273  -8.42829531  -6.50019404],[0.2016885  0.181529   0.13001432]
33,1440817,001321.04-003107.5,2.0029609750190707,45.95199275112006,0.0111903881197292,2.178878703367908,0.3119121402962794,[-0.79533797 -0.64795184 -0.62186379],[0.13705638 0.1514248  0.16668292],[-13.53925856 -13.3679766  -11.24078458],[0.15545565 0.14138765 0.11782891]
34,1440819,001320.03+001127.5,0.929898111827363,44.463170648637146,0.0466841588794473,3.066458593564484,1.859149799950372,[-1.84219859 -2.03110935 -1.48733355],[1.3675711  1.5933223  1.51224185],[         nan -14.63873583 -11.34560779],[0.22868865 0.19354773 0.20106101]
35,1440822,001318.77-002127.9,1.533491576283533,45.22975433279306,0.0287231277450672,1.9030192181397527,0.3900013357783256,[-0.27187999 -0.41248285 -0.4762268 ],[0.13060398 0.16809097 0.20041691],[-14.54451545 -16.87099313  -6.15704021],[0.24124285 0.22307056 0.15986837]
36,1440825,001318.35+002454.2,3.0396127908959985,45.70112539604781,0.0418911378678714,3.0650734484937767,0.7115954852389443,[ -0.13123053  -0.44011162 -64.54437282],[0.27291963 0.32457504 0.97089333],[-12.20903377  -7.16513045 -11.75320005],[0.23559525 0.26016536 0.19917509]
37,1440826,001318.25-004616.0,2.950225711760922,46.53605587811238,0.0060999640130319,2.4018655487281872,0.5860528043896722,[-0.74057478 -0.69221357 -0.99607654],[0.20174388 0.21763219 0.2770417 ],[-8.27370721 -9.99848344 -9.53110791],[0.14769382 0.1184835  0.08074359]
38,1440828,001317.77+000325.3,0.8677087233466798,44.96268469983393,0.0125694464747887,0.8512282497003605,0.2890471505050968,[-0.66149336 -0.55863872 -0.74245822],[0.1513204  0.2243551  0.23760917],[-14.47655843 -12.4747105  -13.50265085],[0.25327057 0.19285006 0.14401716]
39,1440829,001317.46-000635.7,0.6811741669789996,45.34659187255448,0.0153426275588159,2.431393968024543,0.330519245239842,[-0.47256337 -0.52698325 -0.54238598],[0.14739629 0.15050042 0.15255893],[-10.69700388 -11.72654997 -10.0165661 ],[0.10509833 0.07541228 0.07644326]
40,1440831,001316.93+002913.5,2.329549347096685,45.88620692601924,0.0102098301171409,1.255257919822891,0.335491916173445,[-0.65833434 -0.60441731 -0.3897263 ],[0.11856844 0.16971208 0.19233709],[-11.23784832  -5.65588029  -7.47824986],[0.21806096 0.20427277 0.16288873]
41,1440834,001316.56+003625.1,1.4766896438023536,45.0342578663922,0.0564946169404265,1.350043073820824,2.183139438330439,[-1.58357628 -1.5747222  -8.53720629],[1.37043321 1.57902845 1.65967566],[-11.64750439 -11.2842658  -13.80115866],[0.2954354  0.23609795 0.19445332]
42,1440836,001316.24+002753.2,0.6261559677893537,45.18568222834354,0.0127502074282439,2.767856945089739,0.4019487997579314,[-0.62236184 -0.74165749 -0.67590928],[0.1785052  0.19087769 0.19888694],[ -7.4461406  -11.86566221  -6.78993405],[0.17992462 0.1517894  0.14816178]
43,1440839,001315.15+004230.6,2.713369560204083,45.35372559718448,0.0309568500987253,2.413528742663874,2.2728203279032515,[-45.11711603 -86.20580867 -48.38724538],[2.11476665 2.30832668 2.30789853],[-6.84233192 -8.25603825 -6.5810604 ],[0.1917379  0.21876515]
44,1440840,001314.82+011012.3,2.572682864360911,45.70276011931869,0.0225547707829179,2.028514909581226,0.7995993460522345,[-0.87300532 -0.19885209 -1.81786194],[0.51693643 0.71670677 0.95942125],[-16.18696165 -10.02145949 -17.18582299],[0.27812877 0.2320718  0.19225865]
45,1440845,001314.16-001714.8,2.0488945875186952,45.47970095780293,0.0315341760955369,2.3500926187864297,1.6032329037243016,[-1.39627455 -1.78269202 -1.70067199],[1.31304269 1.52626035 1.49093353],[ -1.20021018 -14.20244364  -7.72502575],[0.24539415 0.20722169 0.1589529 ]
47,1440849,001313.10+004507.5,3.254249223846713,45.86975674636711,0.0339685194267822,0.0887039826378264,2.036720383633255,[-2.49955111 -1.77160752 -5.7614431 ],[1.39572375 1.64540282 1.63400913],[-17.32957913 -16.06637949 -14.44961471],[0.20968123 0.20516852]
48,1440854,001312.62-005437.4,1.8618826160588773,45.51733232605096,0.0172069577020117,3.174807148832508,0.6786387204200051,[-0.41018235 -0.79452803 -0.42282023],[0.30850438 0.45020379 0.34148886],[-15.12813937  -1.61668244 -16.1562103 ],[0.22878795 0.21284206 0.17686931]
49,1440857,001312.20-005325.5,1.4420885567309811,45.91018100371191,0.010980935803559,2.232548368514479,0.3476879610409403,[-0.50858744 -0.63287407 -0.71446319],[0.12881357 0.1356292  0.15622609],[-14.20267495 -10.91752627  -2.50728633],[0.16822504 0.14077203 0.13242323]
51,1440860,001311.78-010341.0,0.9586078036833638,44.8961331696102,0.016219855108936,3.0561715282790107,0.5972614764592272,[-0.47996889 -0.52933399 -1.05153339],[0.25988431 0.27691566 0.51730672],[ -9.82495413 -15.47026631 -10.13171273],[0.22959586 0.20620508 0.15966822]
52,1440863,001311.56+000449.7,2.1828010799670445,45.6651562844408,0.0142959476365724,3.1189752678997182,0.5915566654098479,[-0.49958991 -0.63239663 -0.24366336],[0.27154735 0.30914202 0.31870372],[ -7.62151544  -8.28369964 -13.71516291],[0.23530803 0.24360373 0.17239267]
53,1440866,001311.18-004138.4,2.08386512323846,45.82313044071104,0.0114612402369509,-0.4064114693115606,1.5692125508167185,[-1.45929014 -0.67320047 -1.12922437],[0.52416003 0.73243406 0.76883461],[-17.32088331 -16.06949857 -14.44296371],[0.17582183 0.17603881 0.14141615]
54,1440867,001310.63-002532.1,1.537995353284016,45.93256366609163,0.0083573414639772,1.5418985925213464,0.2241739849584492,[-0.52879052 -0.55687534 -0.55510437],[0.07718553 0.08468349 0.1060709 ],[-14.54462141 -16.87411041  -2.30391719],[0.12444996 0.11300309 0.10859144]
55,1440874,001308.92+005728.8,2.128896784630674,45.0133614237153,0.0980486502273088,2.5423534574771898,0.6739470273637593,[-0.48638832 -0.35390503  0.15248263],[0.26718345 0.37070272 0.37002424],[-10.02329733 -16.99912775  -6.57418772],[0.26582934 0.23664921 0.20338504]
56,1440879,001306.73-003354.9,2.109137930420551,45.98926365369229,0.0081510658743297,2.861028015940001,0.632651940626014,[-0.66963556 -0.91596546 -0.68015958],[0.23900967 0.27151696 0.27317778],[-13.64802756  -1.84274766 -11.09565518],[0.18599103 0.17039318 0.15858554]
57,1440880,001306.70-010317.5,1.2103096416541743,45.51805298311018,0.0098864845752935,1.8206914377940584,0.2363919163401491,[-0.66968707 -0.65643635 -0.68898473],[0.11211507 0.14794814 0.17351193],[-13.68517441  -8.124572    -2.39296202],[0.21113546 0.17973925 0.16265201]
58,1440882,001306.61-003020.8,2.121050526482492,46.218161451461,0.0223144545989875,2.8271593718318755,0.4681144149650469,[-0.58283904 -0.57094578 -0.5811203 ],[0.21883653 0.22032285 0.22321764],[ -2.80122055  -8.55093127 -10.56271674],[0.10638497 0.10306111 0.08932499]
59,1440883,001306.55+000409.9,2.0387879052151865,45.472042236835605,0.0226827432760927,2.230166323011373,1.9504888185767617,[-1.4643171  -1.69117594         nan],[1.24729942 1.44188024        nan],[-12.13890282 -17.29094989 -15.04726311],[0.26709593 0.26434921 0.18210488]
60,1440885,001306.14+000431.8,2.169141196373652,46.70331643210597,0.0020960982930127,1.9478952537410923,0.2722092150849919,[-1.2480571  -1.29375447 -1.20659151],[0.11589867 0.12251865 0.21219449],[-13.11116892  -5.27471045  -1.99537336],[0.0438201  0.03893699 0.04169818]
61,1440893,001305.07-010947.1,1.1622565415076729,45.03995738367584,0.0219664020048,1.8639724540212823,0.32902381246275,[-0.59981555 -0.9460012  -0.77543524],[0.11102238 0.19478152 0.17946952],[-11.23843412  -1.93435951  -7.52264412],[0.21496505 0.17496233 0.11150066]
62,1440895,001305.00-010549.2,1.2617961743142516,45.93078428830311,0.0076538197395379,2.280017941229167,0.3155672268517442,[-0.58122723 -0.67264841 -0.70935365],[0.14042295 0.14467214 0.14859167],[-13.50091432 -13.31348977 -11.24615949],[0.14166783 0.11224161 0.10254992]
63,1440901,001302.53+000431.2,1.226954413636571,44.71711867582116,0.046599973395196,2.357865380246864,2.3471446279890986,[-3.71651006 -4.29235498 -4.19280101],[2.00579195 2.18942706 2.16052673],[ -7.66122732 -14.72310554 -14.35024306],[0.21702722 0.18887563 0.20349075]
64,1440907,001301.69-001703.4,0.936295422554632,44.73353617620684,0.0464887393962456,2.3588433616259588,0.321152759699751,[-0.54701674 -0.64651533 -0.53378315],[0.14163504 0.15800293 0.15519175],[-11.30828576  -7.18254578  -7.45915594],[0.20895699 0.18494251 0.14406359]
65,1440909,001300.89+005407.4,2.14774595369148,45.09929910902708,0.080871167983588,2.951272271619564,2.2423037040953653,[-2.47602487 -3.73445829 -2.75139389],[1.9220483  2.10842802 2.11324577],[ -4.40526693 -16.52960978 -15.47497191],[0.20637756]
66,1440912,001300.40+003637.8,0.8334674693380391,44.711941920145975,0.0285969181577812,3.143375952333745,0.7454468300464199,[-0.50937304 -0.62764755 -0.83621183],[0.29184771 0.37961237 0.41030094],[ -9.97690725 -15.46100435 -10.12745065],[0.23925073 0.21951222 0.18541951]
67,1440917,001259.34-010737.1,1.3836952820509356,45.68774629122776,0.006298057411648,1.2081895913816032,0.2097485468546872,[-0.57017755 -0.60071898 -0.55558342],[0.07003023 0.0901509  0.13161444],[-14.19925963 -10.85279201  -5.04557868],[0.1935372  0.15222223 0.13899627]
68,1440920,001259.03+002238.8,1.801436590354074,46.04532708427927,0.0081213715515353,2.8578380148062017,0.4729548689065059,[-0.1945102  -0.28490189 -0.40713671],[0.2170462  0.21967205 0.22292488],[-14.19742596 -10.92140735  -2.60843824],[0.16007319 0.17165783 0.15343291]
69,1440921,001258.92+010612.7,1.9929321783590688,45.95515598293505,0.0161392805368514,2.1320218249513774,0.5138949658497259,[-0.68307171 -0.871527   -1.16946162],[0.16151473 0.19284829 0.27571712],[ -8.19518363  -2.05885408 -14.35643143],[0.17816186 0.16158182 0.13186762]
70,1440923,001258.78-004542.7,2.154211614143571,45.77360553103812,0.0114806100523097,2.753994298457161,0.5563387531378132,[-0.45730252 -0.67574759 -0.81363449],[0.25238287 0.27344674 0.30695693],[ -2.81781831  -8.0190423  -15.66717843],[0.18014334 0.16294905 0.10376348]
71,1440931,001257.97-010901.5,1.35786908424486,45.60081143346696,0.0101731876206656,1.5497688635649909,0.2259992648893559,[-0.54587252 -0.60127168 -0.74233466],[0.11103853 0.14686411 0.19576735],[-9.23089754 -8.40739931 -7.21111139],[0.21177393 0.18141173 0.14970282]
72,1440934,001257.76+010603.1,1.0620871676575825,46.42523256049098,0.0024690562169027,2.800320846542101,0.3754457515331117,[-0.88211993 -0.95519804 -0.94291029],[0.17418313 0.17520033 0.17796513],[ -3.60981376  -4.11027168 -14.24711185],[0.04194329 0.03748461 0.03568223]
73,1440936,001257.21+003709.7,0.7625478096978409,44.85598865741586,0.0194863821317241,0.1867210997350027,0.3925342030485495,[-0.94558279 -0.87016626 -0.84533416],[0.16582653 0.25432292 0.28088444],[-11.83087905 -12.01217341 -11.20087786],[0.21506459 0.18380885 0.12960224]
74,1440937,001256.83-000013.8,2.892593871697972,46.09916673815122,0.0133247304658716,-0.0184111504140482,0.5159991484460749,[-0.61724489 -0.99214937 -0.67366403],[0.05817438 0.18610707 0.16978073],[-9.83081867 -6.41207641 -8.17230998],[0.21996279 0.1830032  0.14446724]
75,1440943,001254.37-010838.6,3.134510904469628,46.62334526355854,0.007155794897983,1.4539353149233205,0.2618203486395657,[-0.66160394 -0.81387071 -0.84703399],[0.09294347 0.11285708 0.12503855],[-15.88342436  -2.58996142  -7.23759714],[0.16939021 0.13442219 0.11667254]
76,1440944,001254.35+001917.4,0.9692055847772116,45.10968732726037,0.0078506223562797,2.181547135479641,0.3595548020611748,[-0.37770021 -0.46072024 -0.25846038],[0.12948903 0.14826125 0.18033904],[-10.87114067 -11.84945959 -10.00732202],[0.22876348 0.19157689 0.17937739]
77,1440948,001252.88-003428.4,1.711699718862311,45.699955887685306,0.0153472227937108,1.0183374869245962,0.3001667838445287,[-0.6678487  -0.6174023  -1.06665857],[0.07508615 0.12174117 0.33064107],[-11.79276444 -12.02331105 -11.2176499 ],[0.20024991 0.19958212 0.14984014]
78,1440951,001252.64-000206.0,0.568308508712597,45.25142040647394,0.015450389835685,10.53558186300651,6.9917059326174495,[3.6079713  3.400733   3.25393857],[3.54949486 3.54957508 3.54954299],[         nan -43.31603841  -3.24649168],[0.16330007 0.14814239 0.10818181]
79,1440953,001252.46+002831.8,1.6191770599602224,46.72833559172773,0.0025217358427624,2.459640439882937,0.3622414232515583,[-1.04821925 -1.06415496 -1.21933325],[0.16822918 0.17107011 0.18271919],[ -3.84448511 -11.92954904  -3.28149163],[0.05025376 0.04554559 0.04574287]
80,1440959,001251.17-002326.3,0.6173501331380222,44.70201294117251,0.043649100699767,-5.972257175165552,1.8274566631023044,[-4.33973267 -0.33340177 -7.36633605],[0.74932309 1.05986839 1.14745469],[ -1.11733406 -16.15156142  -1.34922547],[0.24941091 0.19632414 0.17405754]
81,1440963,001250.73-000128.0,0.8030703328663761,45.07113494547509,0.0136248334098851,2.003087327881558,0.232150363238684,[-0.62746165 -0.52066614 -0.52190794],[0.09382921 0.10057355 0.11206465],[ -9.95923047 -15.47209326 -10.0920282 ],[0.17207996 0.15247295 0.13584676]
82,1440964,001250.49+001204.0,2.199948900647848,45.94543276487976,0.0136479836743355,1.255739375888095,0.2852110398392724,[-0.29963257 -0.52938722 -0.32150805],[0.07258324 0.09675608 0.1397463 ],[-10.19916827  -7.24843469 -12.34314147],[0.20804824 0.2095802  0.15645262]
83,1440965,001250.40+003830.1,0.9375920263441776,45.69184258404858,0.0021500289426334,2.5602349580955,0.3495382373185676,[-0.59218872 -0.59704567 -0.58888541],[0.16310669 0.16401962 0.16741138],[-10.37662499 -17.30152468  -7.80053434],[0.08877565 0.08698136 0.10176748]
84,1440966,001250.36+000613.2,2.6853494254824426,45.95543326202802,0.0125332321217044,-2.929835850826062,1.6466525654895343,[-0.63064423 -0.40607425 -1.345979  ],[0.08402324 0.11968478 0.45972334],[-14.26421783 -10.08698594 -14.7431456 ],[0.23606977 0.20398335 0.16753169]
85,1440967,001250.02+002140.3,2.970250565471299,46.76435769614679,0.0033226270846569,2.0128480341730715,0.3664178407926386,[-0.92432774 -0.97674232 -1.07532947],[0.1525137  0.15887586 0.191546  ],[-11.7096792   -2.56224243  -2.85381452],[0.10367599 0.09226502 0.10172736]
86,1440970,001249.63-005715.9,1.3730493097357477,45.26773898266485,0.0108796792809471,3.207000718518097,0.6489368659343651,[-0.22406865 -0.4537405  -0.18970398],[0.3035372  0.36117453 0.3572772 ],[-13.36977384 -11.90795275          nan],[0.22198355 0.21278446 0.17912773]
87,1440975,001247.31-003203.9,1.913638053565127,45.362737806833,0.0324843565103059,1.1973679168848026,0.3832871614061915,[-0.51447103 -0.68976018 -0.23383159],[0.14816619 0.252461   0.24361108],[-11.73082221 -14.61418886 -17.24361251],[0.22933015 0.2461555  0.15606448]
88,1440978,001247.12+001239.5,2.1503196208891526,46.49039783092709,0.0040925370052811,2.4206964868381915,0.4104116005134381,[-0.87577595 -0.95102638 -0.8503437 ],[0.17639568 0.17958051 0.18205337],[-3.57941631 -2.94531263 -3.38424918],[0.07746875 0.06818833 0.06657117]
89,1440980,001246.38-000012.8,3.6547395436982377,46.32792334606479,0.0108441109734371,-0.0193710644472725,0.2672936603117436,[-0.39606074 -0.83549108 -0.67527615],[0.08364609 0.13968136 0.15850087],[-15.12569242  -6.22891419  -4.78462682],[0.25334102 0.16797838 0.14902997]
90,1440988,001245.17+004343.8,1.1186608220273406,45.42168319311788,0.0100393062519366,2.089988408586525,0.2243089514932026,[-0.38592097 -0.41162565 -0.28360892],[0.10325443 0.12000501 0.12507486],[-13.15595733 -12.78435781 -16.66241663],[0.21202109 0.16131697 0.15259699]
91,1440990,001245.03+003138.8,2.1538300318018218,45.36753337324393,0.062238843116873,1.5869803675328402,0.3719345896572626,[-0.55750641 -0.6658256  -0.58475665],[0.12486308 0.19031138 0.22227266],[-12.59455722  -8.53436893 -16.33045418],[0.21741474 0.19034814 0.14686833]
92,1440992,001243.68+002920.8,0.6625110873909533,45.14722642962984,0.0152020155686081,2.1236618200737327,0.283266162190197,[-0.68394397 -0.76508076 -0.65372574],[0.10233443 0.12910243 0.16096881],[ -9.10336016 -14.07070675 -12.23702887],[0.17204027 0.16134022 0.1376378 ]
93,1440995,001242.66-010659.8,1.741316838855734,45.67526775742358,0.0114239739644794,2.936689849122452,0.5763869616279587,[-0.19602526 -0.32278676 -0.42416246],[0.22891045 0.24239277 0.25481216],[-10.83039087 -11.85702596 -10.09979954],[0.20106142 0.22755071 0.19819944]
94,1440997,001242.28-010229.5,0.8221635121921309,44.37055155270991,0.0353875764149265,2.327755832548105,0.5272463219323509,[-0.16767893 -0.54040658 -0.50808804],[0.18894543 0.23460255 0.26032566],[-15.41799269 -14.36408292  -7.59276931],[0.25000922 0.22711516 0.18905275]
95,1441001,001240.72-000838.2,1.978810766276154,45.34046135980842,0.064449983059351,2.9397257089097963,1.2557606035239992,[-0.89646155 -0.74830674 -1.13468652],[1.07254016 1.3313861  1.34118884],[-15.08488486 -11.26672925  -2.98768379],[0.25136506 0.19254785]
96,1441002,001240.60+003910.7,1.5542037905924946,45.682827047417895,0.0142841103045476,1.8994998405530927,0.3587365844153855,[-0.43368672 -0.46481245 -0.48749552],[0.10316681 0.12279061 0.14843616],[-11.22286965  -5.29986567  -7.49487106],[0.21042917 0.18816425 0.15699118]
97,1441003,001240.54-003204.2,0.7859235589293256,44.56225919055351,0.0164098466104078,1.4532256963534391,0.3298770791747072,[-0.08839267 -0.72528059 -0.53808483],[0.0947989  0.16780684 0.21330498],[-16.77170067  -5.00079181  -8.59236675],[0.24481081 0.23122546 0.1646297 ]
98,1441004,001240.54-000826.5,1.3963835899636068,45.10750582679532,0.0300579192822247,0.5109883984190637,1.9599081213532403,[-2.07042208 -1.88989697 -1.94042715],[1.21028932 1.42940038 1.41621551],[-12.69007655 -13.39601262  -9.25232401],[0.20936878 0.2062514  0.17876433]
99,1441005,001240.52+010144.7,2.65842668395083,46.74863317098964,0.0157254074193282,2.1637203266967697,0.3052132921129892,[-0.71935571 -0.9364834  -0.94049317],[0.13958463 0.1403076  0.14357945],[ -8.77689069 -13.73965031  -2.56583334],[0.05756638 0.04496148 0.0473456 ]
0,1441006,001240.24+002433.6,2.626953748549292,47.10759671978942,0.0011712032967317,3.0762179776628207,0.5523451122002203,[-0.66449058 -0.65134854 -0.66459783],[0.2798845  0.28033647 0.28304508],[ -8.18341922 -12.80128328 -15.76221537],[0.05193209 0.04730217 0.05019982]
1,1441007,001240.03+002250.7,1.480678449207358,45.44536906069491,0.0211677145684525,-0.7301146779650273,1.512266732089669,[ -0.91866702  -0.7192463  -15.47889076],[0.46352534 0.66125051 0.98324694],[-14.14810219 -11.8793085  -12.86919031],[0.20074819 0.18596501 0.18169155]
2,1441008,001239.58-001706.6,2.54509321258379,46.15322332524283,0.0085348890359995,0.8739609324348483,0.3200245827250075,[-0.74285816 -0.72378082 -0.89895465],[0.08325916 0.13567024 0.2675532 ],[-11.6453504  -11.2198696  -13.79925983],[0.20350687 0.18617455 0.14239669]
3,1441010,001238.84+001407.1,0.8811047076828671,44.888193007616565,0.0105783705716007,2.044384636453372,0.4752595256316787,[-0.48547789 -0.59880413 -0.33155934],[0.1308885  0.17299191 0.18765617],[ -1.49118714  -5.30058677 -10.93030781],[0.2286459  0.20516195 0.18266619]
4,1441011,001238.79+011010.9,1.8906777304500373,45.60524474038864,0.0228421750291474,2.910087622401232,1.229987571804284,[ -0.70482427  -0.96881071 -22.59104381],[0.76868444 0.88643118 1.1221252 ],[-16.27136223 -10.89229936  -8.93203271],[0.27051848 0.23904484 0.19606479]
5,1441014,001237.57+002454.6,2.676861351109753,45.85693190141723,0.0254335242540975,1.8643916954396107,0.5088802943066625,[-0.47393677 -0.44528754 -0.41199382],[0.15352636 0.19163298 0.20995054],[-14.54898932 -16.87833381  -6.11932245],[0.23691101 0.23513022 0.17302167]
6,1441015,001237.35-002659.2,1.93156240371988,46.09053535215983,0.0,2.26817838549552,0.2941591798191523,[-0.69878603 -0.75587838 -0.85560442],[0.13150421 0.13557544 0.15112657],[ -2.6300359  -17.29876199  -7.9798219 ],[0.12461521 0.12343547 0.11431523]
7,1441022,001235.97+000009.7,1.8748810544190504,45.95337451035026,0.007179114261735,2.0177413765047456,0.347799560749898,[-0.74133694 -0.77393293 -0.69359941],[0.13873732 0.16144518 0.18340228],[-14.20137198 -10.9488315   -2.9765452 ],[0.18977408 0.18134005 0.14361852]
8,1441023,001235.96-010832.2,0.932759447651364,45.614526774565775,0.0047718314317748,2.1700979175379302,0.2114293387918986,[-0.65250589 -0.73504691 -0.51569487],[0.09790622 0.10513047 0.1202493 ],[ -8.77808069 -13.85225113 -10.54954709],[0.12557118 0.10923388 0.10082966]
9,1441024,001235.84-002438.5,1.1791208131091264,44.66665763277384,0.0607270645078195,1.6399182549600495,2.226211397790076,[-3.54678539 -4.40099484 -4.38891841],[1.97948355 2.17408809 2.15565295],[-13.85843631 -12.81796481 -13.38974349],[0.20888493 0.19355428 0.20977472]
10,1441027,001235.68-010722.3,2.1897757413802035,45.92545693345488,0.0093349955847976,0.7200538639550322,0.8335647980614155,[-0.59204296 -0.95833426 -1.12185344],[0.1258796  0.26728296 0.44726207],[-15.13146876  -6.51669789  -2.53006659],[0.22935103 0.20593404 0.1611055 ]
11,1441032,001233.78+003210.4,0.5908142209579792,45.19849996804111,0.0093405778517947,2.761166650497392,0.361676677139608,[-0.59918128 -0.66938118 -0.87842988],[0.16023207 0.17236469 0.18371352],[-12.55472396  -8.49767823 -16.32062704],[0.18186255 0.14508505 0.13206982]
12,1441033,001233.64+005040.2,1.559142125695513,45.70284610351679,0.0174111565544876,1.1569165636251924,0.3473257227883251,[-0.55737909 -0.63981441 -0.87356301],[0.08790788 0.12250689 0.24226164],[-15.12805104  -1.98249223 -16.41455964],[0.22645788 0.18779253 0.15458005]
13,1441034,001233.34+010010.3,1.213666637725231,45.88846497285187,0.0072305562093291,2.299452746400451,0.2679859778995119,[-0.46781879 -0.49518638 -0.42283062],[0.12662408 0.13704879 0.14330691],[-6.79754983 -9.65450087 -8.88651316],[0.13944514 0.10621855 0.09915218]
14,1441035,001233.33-000802.6,1.2775662736887163,44.75034616952663,0.0449776075698835,2.0182718429427995,1.0844946371587436,[ -9.59527521  -0.82812894 -12.22644194],[0.86550724 1.17868982 1.2152051 ],[-11.6491754  -11.28462507 -13.80178941],[0.25030943 0.19267293 0.18943224]
15,1441039,001232.79-004955.3,1.2707517718741248,45.10416752759485,0.0284252550375825,2.26334744668779,0.9541951763293252,[ -0.22189146  -0.30180753 -29.89432018],[0.21182851 0.26278353 0.91198072],[-17.22505804 -16.79495641 -10.63604626],[0.25667545 0.18786613 0.19480861]
16,1441040,001232.68-000803.6,1.6306241011980518,45.943917948033366,0.0077007325530367,2.596183411766175,0.4393584959455481,[-0.58608719 -0.65780985 -0.65297295],[0.18833363 0.19128418 0.19403832],[ -8.2331852  -17.30040355  -8.18242407],[0.14290776 0.13160897 0.1147425 ]
17,1441051,001229.71+000037.8,2.0294151066936186,46.57124464804076,0.0066642580287066,2.0212914608749344,0.2449816790454155,[-0.82076989 -0.97644503 -0.95342631],[0.10682597 0.10953337 0.11491929],[-9.21935271 -3.41946755 -9.33209172],[0.06890029 0.06312073 0.0549111 ]
18,1441054,001229.36-001533.7,0.5673251432229207,45.2094603761845,0.0102334145619344,2.001314808524834,0.309961822061754,[-0.6930237  -0.63212915 -0.80145911],[0.17352541 0.23618093 0.2387402 ],[ -1.89804308 -13.17252931 -15.07643584],[0.22652425 0.17856656 0.12127667]
19,1441058,001228.53+001323.8,0.971843174956359,45.74432355125497,0.0034134361909892,2.480835054769796,0.3792192369934568,[-0.83832223 -0.94127359 -1.22605704],[0.13430833 0.14552026 0.2377337 ],[-12.50923915  -2.40095491 -16.32905617],[0.15451737 0.0897085  0.08338838]
20,1441060,001227.93-002845.7,0.8373015134692245,44.99610912376132,0.0131934463442036,-0.9876066210299828,1.029178164651717,[-1.22962474 -2.04813598 -0.77852106],[0.54513192 0.90217095 0.74800477],[-15.88864982  -5.45451877  -7.25749997],[0.22904192 0.19476596 0.13494526]
21,1441066,001226.94-001724.1,2.083961639708627,45.63149893485635,0.033502931955315,2.344588528535369,0.6448453045366205,[-0.43664888 -0.41207534 -0.74727914],[0.17668046 0.20584674 0.36397736],[ -4.59446614  -9.11088545 -11.85906646],[0.2435762  0.22708916 0.18224206]
22,1441076,001224.24+001218.0,0.5835538366977832,45.19231468659749,0.0124081165653535,2.125564889300425,0.3125159909418747,[-0.43920296 -0.5959125  -0.66620257],[0.09979501 0.11230197 0.12244582],[-14.20175489 -10.85745098  -1.93235898],[0.20048205 0.1533795  0.11403955]
23,1441078,001223.65-002014.1,0.6440946414640035,45.1949293693818,0.0168919042648312,2.004330670862595,0.2706085645697382,[-0.72181124 -0.77227849 -0.77277279],[0.10092001 0.12173408 0.13641472],[-12.57290721  -8.50553017 -16.32939689],[0.18337277 0.16265573 0.13322786]
24,1441080,001223.62-005645.6,1.6091713103412455,45.93770416791404,0.0149411288078482,1.854428875122773,0.3310155799128872,[-0.8797199  -0.70021839 -0.98414065],[0.24961385 0.35285481 0.37430014],[-14.20077727 -10.96675593  -3.23063395],[0.20901872 0.18537519 0.15288935]
25,1441082,001223.56+003800.1,1.8588719307325297,46.51604764796208,0.0031051165048303,1.671584350623732,0.2169066668075955,[-0.96849354 -1.0233487  -0.9897916 ],[0.08269827 0.09027061 0.10726583],[-12.45910272  -8.49769796 -16.31917721],[0.08075577 0.09083389 0.07251329]
26,1441084,001223.31-010922.7,1.4416702741856438,46.18666533348196,0.0052961412624874,2.708649042406765,0.4216883306411594,[-0.68745835 -0.83591484 -0.84996489],[0.20435237 0.20722784 0.21196774],[ -8.99130633  -3.1585572  -10.03581383],[0.09270468 0.07314797 0.06853626]
27,1441086,001222.53+002128.7,1.841285180805578,45.81795716306253,0.0098452117357865,0.6729760030642912,0.4002186360303254,[-0.73476368 -0.72727847 -0.5235652 ],[0.08823455 0.14719449 0.18707662],[-11.83377834 -12.01927458 -11.2056055 ],[0.21767085 0.19359234 0.14757749]
28,1441087,001222.48-002356.2,1.2472786984396813,45.31777270925791,0.0157976353410802,1.5903511489607327,0.3084852294037201,[-0.74947638 -0.74629803 -0.40444179],[0.14281763 0.19698645 0.21771895],[-11.79522908 -13.50537512 -14.64932894],[0.19965324 0.15928619 0.14139881]
29,1441092,001222.05-004939.6,1.80024803461164,45.48072453836759,0.0349963437368643,1.7327701489512153,0.893467920711372,[ -0.40372168  -0.79977587 -12.20655461],[0.24368196 0.55364261 0.91095064],[-16.36834155 -14.68366849 -13.59476128],[0.2631857  0.21312313 0.16323374]
30,1441095,001221.43-004402.7,1.5945965800117825,45.90442975518312,0.0086103101885939,2.9682928028723223,0.6493291105658905,[-0.39836334 -0.57922346 -0.6242067 ],[0.36525467 0.46723179 0.49085016],[-12.60398537  -8.49987608 -16.3174612 ],[0.20810022 0.15998564 0.09535641]
31,1441096,001221.40-003804.1,1.374064048404959,45.31925280335091,0.0113820926095051,2.2868297419856303,0.6977767701766675,[-0.7215787  -0.47304607 -0.76510506],[0.53535075 0.72873556 0.74858476],[-10.11090116 -10.20840413  -8.9529433 ],[0.27272906 0.22217657 0.19523601]
32,1441100,001220.75-000431.3,0.9152312443553516,45.13496423844673,0.0095980800488817,1.7969499708460497,0.3447470907738839,[-0.70471335 -0.69709027 -1.24185891],[0.15117535 0.21543139 0.5600297 ],[ -7.14041241  -8.78688687 -11.85601116],[0.23727801 0.19584713 0.1321431 ]
33,1441103,001220.44+004548.8,1.258427171294547,45.51131286440365,0.0095029007366811,-0.6412554124617208,0.5663331394162235,[-0.44630814 -0.64431527 -0.57851655],[0.1470199  0.22836679 0.25216713],[ -5.00463707 -17.12469606  -6.90955921],[0.22541586 0.20522881 0.13920832]
34,1441111,001218.00-005252.9,1.3694953230230544,45.60260378377211,0.0115722575586687,2.333045271106429,0.5633461935934614,[-0.48344725 -0.64531197 -0.32851267],[0.19078923 0.20977168 0.21166706],[-12.86755261 -16.59647442  -5.67507391],[0.21393652 0.19000421 0.15967303]
35,1441112,001217.91-010513.4,0.8589716502627422,45.16091251900603,0.0063391443630074,2.71730485962991,0.461195511535754,[-0.50542806 -0.59270401 -0.49700294],[0.19299933 0.20103624 0.20942209],[ -2.06033432 -12.97196533 -14.64011937],[0.17153428 0.14978147 0.14147485]
36,1441113,001217.78+003316.0,1.3173203816406336,46.05904907008121,0.0082381995069908,2.4938291094783374,0.3997557340923132,[-0.54867901 -0.665298   -0.81016072],[0.18082389 0.1827881  0.18950851],[ -7.49813988 -11.83382817  -6.75196253],[0.11037133 0.08861971 0.08800773]
37,1441115,001217.08-005437.6,3.603990430812157,46.70340879281776,0.0079941986196345,2.650634832013375,0.5184623675221587,[-0.6651854  -0.72834228 -0.93632598],[0.24593446 0.27893447 0.28429207],[-17.33085044  -9.19128703 -12.0274634 ],[0.21954646 0.12731084 0.11317437]
38,1441116,001216.25-000907.0,2.093288296264678,46.137553943895874,0.0101691090662754,1.776514666849879,0.258286516613987,[-0.84552352 -0.95584029 -0.94109583],[0.09388348 0.10358572 0.12035383],[ -9.80349965 -15.46380147 -10.12779093],[0.13261974 0.12652156 0.1166324 ]
39,1441118,001215.80-001719.5,2.016897686415722,45.42699364175717,0.0292836316099673,0.1506057052933812,1.026639949516472,[-0.82326567 -1.40393563 -0.3097527 ],[0.48446107 0.81301417 0.68957221],[-8.70415177 -6.01282246 -8.57293969],[0.26225205 0.23997771 0.19434555]
40,1441121,001215.41+005641.5,2.6988046254576017,45.81071986711119,0.0114231859668016,1.675816772722972,0.3177214843173922,[-0.40350884 -0.44936291 -0.33516861],[0.13404765 0.17017449 0.19248483],[ -8.95824976  -8.90763123 -16.67207421],[0.26846516 0.20793092 0.18471497]
41,1441123,001214.94-001315.8,1.3911768177452128,45.6138746927661,0.0150923600837948,3.0755004411738147,0.4990996260087714,[-0.34667458 -0.46204498 -0.29821329],[0.23429519 0.24665982 0.25105347],[ -2.74678984  -5.76578311 -15.66071558],[0.21911313 0.19977969 0.16619683]
42,1441126,001214.45+005913.0,2.906760519569074,45.2256178201718,0.0804750274585366,0.1448782797932044,1.539605183742374,[-1.79924534 -0.30903801 -5.62884123],[0.77726354 1.07055522 1.16668316],[-16.49270544 -16.77078814 -15.39077845],[0.23179848 0.19159096]
43,1441128,001212.67-000109.7,1.6851143803297923,46.44856234281286,0.0033014298363411,2.479086126592907,0.3157476022167358,[-0.62460702 -0.68430438 -0.78267123],[0.1565831  0.15704892 0.16122348],[ -3.36263377 -11.84463446  -2.58091445],[0.06232608 0.05921089 0.06097027]
44,1441129,001212.59-001420.4,2.5003062374965808,45.568942196129214,0.0219913481518894,0.6800336283315757,0.7284437533256529,[-0.50934704 -0.35019993 -6.83243806],[0.13427513 0.2503988  0.90112126],[-14.55528789 -16.8729975   -5.84000032],[0.22642599 0.26917752 0.30355174]
45,1441133,001210.81+005310.9,3.2159366768433983,46.50895883191183,0.0078301628800794,1.283940778259057,0.3383982649923261,[-0.90400199 -0.79655245 -1.21540583],[0.11673125 0.16594613 0.21845355],[ -9.61690075 -12.34447226 -15.61280445],[0.20823437 0.16152022 0.13707703]
46,1441138,001209.46-000342.6,0.8917574257918932,45.25040176124766,0.0111432460126792,1.8334788208428527,0.1824724948621361,[-0.20544491 -0.46349182 -0.63309743],[0.07276083 0.08687161 0.14811984],[-10.17984699 -11.96459005 -12.04463637],[0.16752702 0.14623246 0.1182205 ]
47,1441141,001209.19-002215.1,1.877248513588068,45.83969682220438,0.0187128166786507,2.359227861550933,0.4793510781529759,[-0.22484051 -0.41075085 -0.13455312],[0.19505295 0.23232731 0.21416228],[-15.11938265  -5.16188928 -16.15445941],[0.22744309 0.20767283 0.15033975]
48,1441143,001208.40+004352.0,1.8939218804701048,46.171506357614994,0.0067910589019426,1.4243188538119005,0.3341379168200166,[-0.79854103 -0.78782349 -0.88075772],[0.31857938 0.46288625 0.4632904 ],[-12.89664047 -13.30666167          nan],[0.2240405  0.17825891 0.14312408]
49,1441146,001207.55+011404.0,1.7148679758663103,45.887473518096975,0.0115878613377553,1.6147974077105385,0.3212858760166436,[-0.67237667 -0.5689487  -1.37243639],[0.1055287  0.13077648 0.55633025],[-13.67914683  -4.90902424 -10.6594779 ],[0.21350539 0.20010671 0.16225212]
50,1441148,001207.47+002707.0,0.4140769220474473,45.17012750495724,0.0035494871173966,1.876028406634182,0.2505485022705425,[-0.76876772 -1.16023252 -1.28884724],[0.07740461 0.09679451 0.13086208],[ -8.08584908  -2.53147302 -14.34285882],[0.10530472 0.08409162 0.08394839]
52,1441150,001207.32-003533.2,0.3745920924330834,43.85117961959305,0.0351661992215568,1.820585460292949,1.1604098518165114,[-0.38244491 -0.48573399 -0.3553401 ],[0.684591   0.937466   1.01180674],[-14.57456416  -7.40419216 -14.12604118],[0.2694632  0.23238303]
53,1441152,001206.35+010658.1,2.539910207771245,46.46984742670109,0.0060669509092257,2.239155548763501,0.373504114341906,[-0.73578753 -0.81405445 -1.32874586],[0.15309466 0.16049379 0.34744443],[ -6.78228919 -13.04384979  -2.03247929],[0.14640535 0.11769542 0.10737247]
54,1441156,001205.62+004434.9,1.5213765873272271,45.7549455966815,0.0093832102716007,1.0517088740074776,0.3002159955084715,[-0.47670244 -0.81149837 -0.55159312],[0.07880544 0.14643921 0.15865607],[-13.52145176 -11.21694586 -11.53342959],[0.22551937 0.19124347 0.1496894 ]
55,1441157,001205.61-004019.9,1.502315253536484,46.03106009445269,0.0040934734514124,1.894318443306359,0.5262385733112583,[-0.6276804  -0.75611479 -0.89420434],[0.14292234 0.17495494 0.24860975],[-11.32340426 -12.24447571  -9.06968666],[0.15682973 0.1286459  0.08356483]
56,1441158,001205.40-005554.1,2.561788329888739,46.01318171214093,0.0147397266569235,3.055884831983488,0.8510217572268142,[-0.67121789 -1.1183648          nan],[0.35921475 0.56990651        nan],[-16.78944834 -12.04959112 -14.58442675],[0.22212563 0.1949469  0.15614219]
57,1441161,001205.08+003904.6,2.8640667897854795,45.93594634496162,0.0119858936044359,-1.0738613565587187,2.1564054255362586,[-2.16753744 -2.23395355 -3.50611685],[1.39851518 1.58626776 1.60872743],[-12.32905296 -15.98330355  -9.75460371],[0.22800452 0.19766821 0.16678966]
58,1441162,001204.78-000738.1,2.130888166311166,45.42090997579356,0.036568955930992,0.9959225261065536,0.7448292823009669,[-0.30033141 -1.05766762 -0.58356826],[0.15321995 0.48626543 0.27670804],[-12.46954297 -17.2111293   -9.72924938],[0.21535454 0.16045099 0.15747672]
59,1441164,001204.67+003149.8,1.438165420406807,45.71689022455448,0.0080152504663466,1.5827466375565078,0.2944903302893712,[-0.67634411 -0.74308414 -0.71671576],[0.09872511 0.12298414 0.13128333],[ -6.8253202  -14.67136086 -16.15329912],[0.18244437 0.14219568 0.115095  ]
60,1441165,001204.63-004113.7,1.3286980459974844,46.237955301947785,0.0019637288129246,2.1824425803974528,0.3142283269182738,[-0.79418915 -0.9146667  -0.94949502],[0.13878994 0.14634582 0.15087828],[-17.33165802  -9.22192489 -11.99955512],[0.07839466 0.04791218 0.03697799]
61,1441169,001203.58+010525.4,2.921945303918689,45.95479824977287,0.008622726972451,-3.2615627399735145,0.8674183146428127,[-0.85931672 -0.5390856  -8.77503288],[0.09834813 0.14225363 0.77975034],[-14.45313565 -12.40074679 -13.48220274],[0.24997138 0.19549629 0.18394549]
62,1441173,001202.82-004733.6,1.3584136949133794,45.5076248811381,0.0117351938025009,0.8250024685927533,0.5981788701708834,[-0.45523563 -0.67439372 -0.7993418 ],[0.11299079 0.17112986 0.23263361],[-15.12887276  -6.11339715  -4.85537482],[0.18685781 0.1393582  0.13105933]
63,1441174,001202.77+004202.8,0.5484148632233732,45.50920905562609,0.0048899932201287,2.91975166021066,0.4305155239329166,[-0.57114782 -0.5651437  -0.64719587],[0.20451294 0.20486687 0.20642502],[-7.53835113 -3.40744876 -6.90694245],[0.07215305 0.07227045 0.07289594]
64,1441175,001202.40+004749.6,2.862707633541754,46.02908237776295,0.0138810714644996,1.3896043388694967,0.3578490155466101,[-0.32484504 -0.57703191 -0.46245286],[0.09861245 0.19372777 0.1981355 ],[ -9.95316455 -16.99189645  -6.57336797],[0.24602338 0.21295927 0.18835375]
65,1441176,001202.35+005313.9,1.6414467866939233,45.961438424924,0.0189113787652885,2.1038302478632835,0.2893399238786094,[-0.69438696 -0.80843118 -0.85481383],[0.12018705 0.13051051 0.1420661 ],[ -7.45546652 -11.84898254  -6.78391147],[0.16411547 0.13407678 0.12809335]
66,1441178,001201.87+005259.7,1.6374785906571343,46.14886423596221,0.0093739138779369,1.5160506739985775,0.2275251575713317,[-0.7113746  -0.94843515 -0.85039532],[0.08615897 0.1189713  0.13030661],[-9.84503054 -2.83032401 -8.01852765],[0.20595111 0.16018704 0.12967871]
67,1441182,001201.32-002846.0,2.7084993815581875,46.63039461673639,0.0028853709439822,1.6087095673249752,0.2386286750929093,[-1.06924186 -1.14111583 -1.08582108],[0.09612347 0.11672535 0.13328107],[-9.03167079 -2.75996546 -7.8572642 ],[0.12936988 0.11448189 0.11852397]
68,1441184,001200.81-002425.2,2.2738725534916515,45.88550746789445,0.0096036814481621,3.2418025725986133,0.6674277631064709,[-0.43765941 -0.36606782 -0.27931388],[0.32979482 0.3411362  0.3504017 ],[ -1.93303641  -5.51012594 -11.01104082],[0.20954639 0.21672586 0.16535294]
69,1441187,001200.18+000850.0,3.281428143066703,46.68060943030583,0.005440778101537,0.9210087449617532,0.224870777329081,[-1.09781944 -1.0429457  -0.77943458],[0.10061037 0.14829644 0.15857237],[-13.53117415 -13.35795351 -11.2230007 ],[0.15524926 0.12012064 0.11368223]
70,1441189,001159.09+010357.0,1.5562492537845605,45.54626878688827,0.0196907688200838,0.596937211256707,0.3056691207819605,[-1.22547968 -0.48990939 -3.39555285],[0.4598912  0.65084716 0.98094166],[-16.83578513 -14.34678883  -5.45688141],[0.25651783 0.2016961  0.16032325]
71,1441190,001158.80-000207.5,1.9356126741852748,45.67213111039871,0.0214288886674793,2.878531926130754,0.6799977429276525,[-0.46423901 -0.55902183 -0.56729931],[0.23205668 0.30020729 0.34941369],[-13.67485798  -1.1482649  -10.75223444],[0.231507   0.22528546 0.1581481 ]
72,1441191,001158.79-003705.4,3.254906869425905,46.92746771012852,0.0033989593968328,2.600685847321184,0.4179002304497765,[-0.80133172 -0.76961958 -0.76557512],[0.19200042 0.1952198  0.19693604],[-13.58501971 -11.40228987  -7.52254498],[0.09306436 0.07167676 0.06862636]
74,1441195,001157.85-000910.1,1.83219792718272,45.45400287705062,0.0318785206232554,2.666071827354045,0.6460101884115239,[-0.90546211 -0.73835079 -0.27379388],[0.32883918 0.4492132  0.43632835],[-11.29346083  -6.4043059   -7.48478565],[0.21628391 0.20069175 0.14132915]
75,1441196,001157.49-010156.2,0.8014105388830867,45.46031975190627,0.0090906312648861,2.7673396720843995,0.4865611230378397,[-0.39448001 -0.29747723 -0.35364731],[0.21734289 0.22135681 0.23077537],[ -3.25762504  -8.57112912 -10.5538248 ],[0.13583832 0.11908814 0.0928462 ]
76,1441198,001157.43+000604.9,0.5827627611040996,45.25035178986754,0.0056319826331758,2.304296463202742,0.2857370543985906,[-0.59075803 -0.6525723  -0.75585359],[0.11049175 0.11912242 0.12327561],[ -7.45089646 -11.85523579  -6.7793131 ],[0.1466366  0.12254209 0.10275826]
77,1441199,001157.35-000025.8,1.878254818136731,45.50209986667732,0.0485007109593418,2.893046604322637,1.4684170343504364,[-0.94543524 -0.95503399 -0.98105172],[1.10060359 1.30894804 1.31170165],[-15.08337244 -11.26361647  -7.02949493],[0.26803337 0.19323002]
78,1441202,001156.64-000540.7,3.1348437751757885,46.39430065906665,0.0109774471863772,1.309856733902019,0.1668901297251711,[-0.11390792 -0.43108318 -0.14732425],[0.06803684 0.09536686 0.15120795],[-12.11890146  -7.95071728 -17.30842665],[0.17219723 0.15155757 0.1299916 ]
79,1441203,001156.63+005453.7,1.958013700890679,45.83823602294547,0.0197096873525275,1.5138606676398525,0.2795612844776393,[-0.51680055 -0.41071215 -0.60187758],[0.10819736 0.15723355 0.18969329],[-2.24806672 -8.58473416 -5.69403007],[0.25820148 0.20082287 0.15585472]
80,1441212,001154.79-010202.2,0.9728312941456028,45.17124503550061,0.0070544393082556,1.7830245128976143,0.2636724515924258,[-0.75271653 -0.57710024 -0.59695085],[0.17159944 0.24318466 0.26608216],[-11.20437873  -9.59969396 -16.42787625],[0.23082725 0.19180256 0.15801497]
81,1441214,001154.26+003111.7,1.7703643043722554,45.8119494178866,0.0110994793000003,1.2293077141083066,0.3224658609988388,[-0.52203532 -0.62371374 -1.38010367],[0.11011727 0.17637886 0.64221487],[-16.3687188  -14.68791247 -13.57959585],[0.2134802  0.19197744 0.13169135]
82,1441215,001154.25+010253.0,0.8115469000479925,45.060296643012784,0.0053313954734584,1.8923113767500408,0.2004740370556279,[-0.53484899 -0.6014792  -0.68332954],[0.09642469 0.12459523 0.14447632],[ -9.21368296  -2.19711952 -31.36158332],[0.19575766 0.17210726 0.15550443]
83,1441220,001153.45+002404.9,0.7961014104748332,44.94075442925551,0.00910575106003,3.359616689040295,0.5478160665565999,[-0.68925101 -0.68230942 -0.42407859],[0.25012412 0.26687477 0.26906728],[-14.54895464 -16.87009393 -22.80096001],[0.21831405 0.18596402 0.14986422]
84,1441223,001152.78+010005.2,1.445621487269196,45.50554116030682,0.0154753482578442,2.548696480350072,0.4635821607058439,[-0.31468901 -0.70648332 -0.41805512],[0.18291727 0.25322814 0.24522945],[ -6.53223637 -13.99097735 -10.92898722],[0.22255607 0.18593108 0.15647078]
85,1441225,001152.76+011203.6,1.9974910723686183,45.910977869172754,0.0123593001366479,0.8454189054964358,0.3724772268953846,[-0.97744385 -0.82428221 -1.35938014],[0.1918134  0.27059093 0.58015132],[-15.1230555   -6.44910454  -5.00103953],[0.22700009 0.19841092 0.15218482]
86,1441229,001151.97+004949.7,1.5757137461845545,45.396051756138725,0.0310406340845119,3.244550513450804,0.6365565702411649,[-0.43145547 -0.44212918 -0.31879555],[0.27991016 0.30052886 0.31208335],[-10.79339064 -11.8562748  -10.04200102],[0.2483225  0.23390946 0.19061619]
88,1441238,001149.63-002727.0,2.71206013392654,46.46254171751723,0.0035943086059724,1.959154850793268,0.3255706511799332,[-0.95709749 -0.86128412 -1.05145109],[0.13858477 0.15302269 0.18491021],[ -8.95850377  -2.71691817 -10.03284757],[0.1355874  0.11585701 0.11922436]
89,1441240,001149.19+001733.2,0.5391991195674507,45.06563958556377,0.020606419723812,2.680515337577366,0.4708299652020258,[-0.31571819 -0.58300978 -0.2968791 ],[0.21167076 0.26933622 0.25499673],[-13.31527988  -2.03378219 -10.47902448],[0.23422336 0.20481677 0.13770781]
90,1441243,001148.89+010636.1,2.6692961247138296,46.3778314497568,0.0051884456110649,1.6983762798846165,0.2371655031882269,[-0.83799809 -0.78645907 -0.7648344 ],[0.08780723 0.10240013 0.14268491],[-13.23973218  -2.5778333   -6.6752788 ],[0.13680006 0.12584483 0.12163685]
91,1441245,001148.61-003817.3,1.979923084695398,45.76665522147135,0.0226563536901274,2.4369054625640203,0.4080976882460678,[-0.46585194 -0.53426511 -0.40130857],[0.16805244 0.17513822 0.17729909],[-12.87389827  -8.27257841  -2.34292677],[0.18088845 0.17037327 0.1530049 ]
93,1441249,001147.42-000019.3,1.3920985234848255,45.30552273366318,0.0177272318366696,3.1287545432806496,0.6660357498178853,[-0.52528191 -0.46112356 -1.17749021],[0.31736116 0.39856061 0.69022044],[ -1.63458913  -6.24465015 -15.67219464],[0.25243864 0.21986801 0.19780468]
94,1441253,001147.04+002837.1,1.0703385929117104,45.06906978416829,0.0167373788821798,1.9962978529216409,2.0350054538250806,[-2.6206372  -2.61969152 -2.90429146],[1.34238884 1.61321617 1.60632171],[-15.45413198 -15.41834977 -14.80239117],[0.23891426 0.18514954 0.15565717]
95,1441254,001146.81+004941.6,2.5045767784186013,45.50810203967976,0.042014160443994,-0.3584860013730533,1.0402751592370212,[-5.00063529  0.293586   -5.66899394],[0.85702636 1.20050666 1.28655243],[-12.65758037 -13.25272809 -13.81890432],[0.20594666 0.15321091]
96,1441255,001146.12+003101.8,1.7638472522850326,45.856274463021215,0.0105574034319637,1.936989818189445,0.2538799595507123,[-0.65746152 -0.78269605 -0.73178505],[0.10161114 0.1289353  0.14486027],[-12.57970156  -8.50589191 -16.32401512],[0.20004295 0.17105284 0.13629095]
97,1441257,001146.06+010654.9,2.024044301666437,46.30327791592785,0.0198072947666467,1.993296934219255,0.2561534633424732,[-1.01529886 -1.086467   -1.27794665],[0.09756552 0.1076046  0.17561253],[-9.0325478  -2.5746651  -7.85971796],[0.0974716  0.08845905 0.0800123 ]
98,1441259,001144.94+005957.2,0.7726853777158655,45.07839380074215,0.0074917421989759,1.81563432357931,0.2485358190207661,[-0.49941693 -0.47057118 -0.39503745],[0.10997133 0.12573395 0.16728322],[-5.82861798 -8.55416978 -2.02661248],[0.21153481 0.16820066 0.13652444]
99,1441262,001144.36+002329.8,0.5036287544433613,44.99251711197437,0.0075090858888131,0.1996836636340191,0.7855137408064097,[-0.28452176 -0.90114761 -0.70885528],[0.1127472  0.20892821 0.19132908],[-10.99830147 -14.61747783 -11.24510392],[0.21606011 0.18356003 0.12875445]
0,1441269,001142.42-000845.6,2.314012922853032,45.7845749305362,0.014676630729884,1.8876819988957856,0.3854419357782751,[-1.02259726 -0.83438512 -0.76028945],[0.3729905  0.53644183 0.52442397],[-16.29189228  -6.86284971 -12.70462563],[0.20714535 0.17185845 0.13555316]
1,1441273,001141.74-000418.9,3.0763177592985467,46.70170598673128,0.0083237463886156,2.42372018873625,0.4463674848304542,[-0.87670451 -0.79906317 -0.74719006],[0.20121707 0.21101724 0.24461015],[-17.32842052  -9.19093615 -12.04001048],[0.12141711 0.1010637  0.11707715]
2,1441275,001141.40-004722.6,1.6468644610825087,46.13290173300664,0.0084015179486449,2.4659771222501576,0.4292537434704404,[-0.59156616 -0.618976   -0.73204344],[0.19675657 0.20521904 0.23810803],[ -9.18133673  -9.36802869 -16.54152296],[0.10364553 0.10003988 0.05500286]
3,1441276,001141.18+005409.6,2.3615515320912626,46.42561493671436,0.0036919176467478,1.226768240978587,0.2320496122918283,[-0.88052611 -0.86057734 -1.01892626],[0.07087243 0.08808449 0.15002525],[-17.3303222   -9.19616932 -12.0607816 ],[0.1411545  0.13025846 0.13803547]
4,1441280,001140.62+004156.7,1.4316452870810932,45.48042022108194,0.0104260953043961,-0.0810360144453644,0.4370135232281004,[-0.50112276 -0.4145974  -0.16569079],[0.04989036 0.07355243 0.16082764],[-14.28804288 -10.09949534 -14.71075335],[0.20159762 0.16210719 0.15634063]
5,1441281,001140.43+003021.9,1.15840445958468,45.546962400319536,0.0076122036448182,-2.359411803703734,0.1342560668493408,[-0.81213959 -0.44807653 -0.75765155],[0.05374722 0.08280938 0.09280742],[-10.4162366  -12.1460533  -13.67632298],[0.19010006 0.14583388 0.09787767]
6,1441282,001140.24+005656.7,0.714237396020976,45.320374267748576,0.0081505284006198,2.397619455143408,0.2975726505100637,[-0.61687842 -0.737189   -0.98078471],[0.13086376 0.13732688 0.16042737],[-14.19970935 -10.8492243   -1.78093595],[0.16639237 0.13652274 0.12367883]
7,1441287,001138.89-001418.4,2.074079996414646,45.34209588662081,0.0373870936198024,2.147845796877708,0.7555591564207105,[-0.51910267 -0.83411185 -0.62004361],[0.35328417 0.49275741 0.47476724],[-11.85373438 -15.8643578  -96.3098817 ],[0.17759901 0.15747411 0.17446399]
8,1441294,001137.37+002808.0,0.9107549876808608,44.97697003295746,0.0147113740933164,3.144955004663484,0.9297704287037027,[-0.4824851  -1.06157076         nan],[0.30284753 0.48694745        nan],[-10.96659242  -4.156114   -17.12488506],[0.23045258 0.21144739 0.1799203 ]
9,1441295,001137.34-003937.7,1.8822175448468177,45.98031805498736,0.0099850653882747,2.923104068167708,0.6173813558154249,[-0.25229698 -0.41323846 -0.48152864],[0.25186331 0.25793652 0.26639795],[-15.13809727  -2.43059172 -16.16404836],[0.13981026 0.1380346  0.11954112]
10,1441303,001135.82+002923.6,1.2380670582409607,45.30188274421588,0.0207355411879675,2.7521700119378405,0.448954236147892,[-0.05252361 -0.37512558 -0.2444467 ],[0.22071656 0.2483389  0.25690747],[-15.24908172  -6.91702747 -13.51769677],[0.27073164 0.22296485 0.16310598]
11,1441307,001135.10-004642.2,1.4891541203969498,45.49482937987483,0.0088667439194232,-0.1777534087448946,0.9682760509421366,[-0.71651365 -0.79915589 -1.08595739],[0.28052608 0.45438419 0.62860048],[-11.82384341 -12.0194711  -11.23547579],[0.19676897 0.17535303 0.14905054]
12,1441308,001135.06-011421.9,1.8698592795704347,46.44865229298032,0.0087432431911516,2.8776613817794923,0.5016722282509003,[-0.63854071 -0.71181864 -0.82566507],[0.24605878 0.24670396 0.24746738],[-17.33467254  -9.19802036 -11.99841448],[0.06087559 0.05319196 0.04701537]
13,1441310,001134.46+001506.6,1.6316838985944164,45.90132001495789,0.0063769396531689,1.489289926426894,0.2678349135205724,[-0.80413523 -0.70272082 -0.86199676],[0.09669543 0.12545986 0.14571315],[ -5.91008735 -17.29938789  -7.97250079],[0.17749807 0.1756428  0.15179273]
14,1441313,001134.22+005614.1,2.091730831446467,45.83985798306826,0.016751486165166,1.169239229036584,0.4257145386426066,[-0.54991071 -0.45309906 -1.04719641],[0.14145015 0.20514048 0.40121818],[-16.82998939 -14.34574156  -5.51975265],[0.23629651 0.21053559 0.15608472]
15,1441314,001133.95-000001.1,0.4468818079648266,44.71797486972239,0.026541520501464,1.829261488205664,0.2378576570818319,[-0.56163191 -0.73367603 -0.92781275],[0.09942709 0.1275092  0.14403501],[-11.16846805  -2.05136406  -7.48213584],[0.19699246 0.16505277 0.1410541 ]
16,1441317,001133.76-000721.1,2.131412887629045,44.61676789026848,0.2347455270046659,1.6658682000387195,0.7940400996076306,[  -0.41980132   -0.41184176 -230.74429024],[0.18689279 0.28807897 0.9033687 ],[-10.10339616  -6.07386494 -11.6387477 ],[0.26508981 0.23616726 0.20192869]
17,1441318,001133.55-010125.1,1.6017696569769664,45.74582205380285,0.0059450957944591,1.4744316614032589,0.3453448749261064,[-0.74457243 -0.81400043 -0.62502256],[0.12810825 0.18000557 0.20222762],[ -9.10541136 -14.07614126 -12.24241393],[0.20833806 0.18854764 0.14581507]
18,1441319,001133.46-004829.7,1.056727847596297,43.93624752357018,0.3677237625277954,1.6905797924873875,1.9993793426650543,[ -4.09671897  -0.91106713 -11.37977013],[1.3966883  1.66575624 1.64620074],[-10.10192674  -6.16827028 -11.62929604],[0.20120112 0.2171021 ]
19,1441322,001133.24-011131.2,2.671702715058413,45.79282628019886,0.0182759186011871,2.582872733931866,0.7716443519991921,[-0.43791187 -0.54933829         nan],[0.24472428 0.28682108        nan],[ -9.28548901 -14.44891989  -9.02125367],[0.23462502 0.22335089 0.16876608]
20,1441328,001132.20+001918.3,1.987034784767743,46.17653956658123,0.0057398804130031,3.1873682956320035,0.5517625985087515,[-0.68679294 -0.61981794 -0.51019791],[0.22629093 0.23716306 0.23782434],[-13.538749   -13.37679249 -11.24157651],[0.15619969 0.14664273 0.13827401]
21,1441329,001132.01-000541.6,2.895710924522276,46.740370794132005,0.0034492339070624,2.319991791313458,0.3599142419352825,[-0.94824731 -0.90318238 -1.03377532],[0.16258951 0.16728463 0.17444178],[-9.37728557 -2.87608994 -7.88625673],[0.09283092 0.09282075 0.09321948]
22,1441330,001131.99+001009.5,1.8443604718950983,45.25665798161099,0.0860070052330321,3.265070871146847,0.7625748846963298,[ -41.46001125   -0.43823792 -124.39511685],[0.75556787 1.06077928 1.18528837],[-11.81039657  -1.84018456  -7.20730291],[0.21070764 0.16433074]
23,1441331,001131.42+004718.3,1.8935579364158488,46.43628121508035,0.0038636075026552,2.6719166213020014,0.4059059681299819,[-0.7451219  -0.74937287 -0.77267166],[0.19184588 0.19375826 0.19544968],[ -8.96566146  -3.58070437 -10.03722315],[0.09894063 0.09571773 0.08196042]
24,1441332,001131.32+003730.9,1.622955712133728,45.66837844069799,0.0119400254372017,-0.3010012699381195,0.5164846759150087,[-0.85849379 -0.85337155 -0.416199  ],[0.11939743 0.18459893 0.1962505 ],[-9.86517597 -7.74947841 -8.01082095],[0.2139039  0.18273898 0.13548792]
25,1441335,001130.88-000638.9,1.2136998075143377,45.81182520931368,0.0054543660816683,2.731475741812731,0.4904247386440414,[-0.68264922 -0.77864758 -0.85673295],[0.20451651 0.20828675 0.22964519],[-7.53686717 -2.88452466 -3.48052799],[0.14725439 0.11380775 0.12413489]
26,1441338,001130.55+005550.8,2.2955558868328345,47.00786646566968,0.0015201917342544,3.0949493260633285,0.5081099763686077,[-0.84322609 -0.98629735 -1.09866228],[0.24035812 0.24094026 0.24519158],[-14.68829352 -13.36884795  -2.88546063],[0.05114191 0.04525427 0.03850942]
27,1441341,001130.39+005751.8,1.4901775654848082,46.30189829616198,0.0037322472948524,0.9103261774619072,0.0996309815523843,[-0.22536961 -0.22108466 -0.21827052],[0.04077032 0.04234509 0.07170551],[-11.44704041 -13.86723727  -8.65018261],[0.09295174 0.06819077 0.0637776 ]
28,1441350,001128.67-005234.5,2.342866709633628,45.90777120477461,0.0068190234193714,2.173435612797622,0.3497522393397529,[-0.39869825 -0.44559348 -0.06946034],[0.14159859 0.15682866 0.16892905],[-12.86269041 -16.61365294  -5.49176433],[0.22969916 0.20317687 0.17458697]
29,1441355,001127.17+005525.1,2.2860680942411173,45.5830217610958,0.0251832488455328,3.10873848998808,0.7110495614044483,[-0.44157756 -0.43609934 -0.20103474],[0.27542265 0.29576139 0.31196555],[-15.12362448  -1.50166971 -16.16688338],[0.24750213 0.21977602 0.19694825]
30,1441357,001126.89+011018.2,2.096071511649455,45.94009204287841,0.0144837748915271,2.187657064163808,0.2820301927227485,[-0.53458822 -0.5198833  -0.46475223],[0.14477078 0.16847759 0.19616954],[ -1.99247769  -2.50197725 -10.90083977],[0.19886584 0.18208172 0.16311633]
31,1441362,001126.52-010341.3,2.104284479844168,46.08119296950524,0.0082336806126939,1.1696644425998324,0.2795911418711324,[-0.94217144 -0.77466808 -1.59050447],[0.13399501 0.18980705 0.60562743],[-11.66192105 -11.23245318 -13.79944022],[0.19098732 0.18128317 0.14376328]
32,1441364,001126.33-001004.8,0.8022661103543681,44.89498019084888,0.0128563235908849,1.721388726139489,0.2702414287138497,[-0.81701569 -0.61675597 -0.53254324],[0.1259146  0.17283982 0.18577103],[-16.83919191 -14.34348113  -5.47689859],[0.20284959 0.18721844 0.14774614]
33,1441367,001125.34+001101.3,1.4348345618419505,45.58463477702946,0.0131158767458927,3.210468548447327,0.5862480104376093,[-0.339948   -0.44801775 -0.44126681],[0.28169882 0.28771425 0.29091449],[-13.70944261  -2.27636976 -11.53873608],[0.1957856  0.17011815 0.16749751]
34,1441369,001125.00-003639.8,1.148640645737462,45.29859579249393,0.0113602885326145,1.1444448148292434,0.5765444129462096,[-0.56588655 -0.93883072 -0.74374308],[0.1108662  0.24540225 0.26784865],[-14.96457391  -6.92757926 -10.99846173],[0.24551897 0.20195688 0.14340158]
35,1441370,001124.77-003007.4,2.227542279426616,45.76793164636668,0.0202727005115583,13.52188065416338,0.2217768123922399,[-97.77170169  63.70007662  61.34275442],[7.52279232 7.74816385 7.56804483],[-16.987484   -14.29167743  -2.65574713],[0.27758452 0.2319603  0.18591512]
36,1441372,001124.03-005224.8,1.7614163740775417,45.77312942698199,0.0124837962840338,2.3519399252112905,0.4115681261213625,[-0.43084557 -0.66761234 -0.48935575],[0.1509177  0.18052551 0.17656234],[-12.86066681 -16.60387192  -5.96637367],[0.21988871 0.21684787 0.15686586]
37,1441374,001123.71+000134.0,1.5683220475001036,45.30439369283522,0.0424855200483911,1.2608977346239945,1.7821839880593913,[-2.7721532  -1.54434516 -6.27854374],[1.36429687 1.60105796 1.6357171 ],[ -7.31923935 -13.17923357 -15.08385497],[0.19713836 0.17925591 0.20610914]
38,1441383,001121.86-000918.6,3.021877661456829,47.34059865819111,0.0011124935641397,2.7745639741965906,0.4963008228730468,[-0.84737095 -0.91854754 -1.09336797],[0.24437175 0.24512442 0.2499539 ],[-13.53028926 -11.39520018  -3.2905106 ],[0.04756534 0.03296251 0.03190573]
39,1441384,001121.80-000009.0,0.8260310985907525,44.11785167655164,0.0804598372291742,2.3121968473696723,0.9624256136308084,[-1.19766801 -0.83059357 -0.57462944],[0.55768804 0.75277291 0.75502787],[ -9.37943776 -14.06992263 -12.24697831],[0.25396775 0.20660382 0.18329805]
40,1441393,001120.17-000510.1,0.7525664531503135,44.69746874520859,0.0192412133598942,1.4711627654459034,0.7055972966312621,[-0.59877327 -0.51547195 -0.34772382],[0.2368169  0.35292815 0.35070848],[-14.55436881 -16.87099341  -1.44526685],[0.2563881  0.21797305 0.17467082]
41,1441398,001119.17+005234.3,3.1333843280871982,46.35142406984116,0.0106051866495775,1.4128542892028355,0.2133761305369704,[-0.43644443 -0.29619152 -0.7068215 ],[0.15417441 0.21872294 0.38693296],[-16.57667962 -12.5293759  -11.11449362],[0.21456145 0.16760191 0.1462225 ]
42,1441399,001118.96-000734.6,1.35827860911057,45.3638630405954,0.016780996641593,3.04594448721721,0.5406059283335805,[-0.67089735 -0.6159153  -0.38688427],[0.30594837 0.37434677 0.43380121],[ -1.31075753 -13.00889052 -14.64567222],[0.23478714 0.21098123 0.17424474]
43,1441400,001118.83+004844.5,1.759035266151215,45.90802092927004,0.0074388309932302,1.7488062213016873,0.2605598264709907,[-0.77862869 -0.61692571 -0.54041961],[0.11108676 0.14031759 0.14820816],[-14.54266626 -16.87118403  -2.02150604],[0.15760948 0.14947788 0.13981981]
44,1441403,001118.23-003834.6,1.8572641885245595,45.963651903226655,0.0111666715341343,2.15413197797965,0.3844047579590393,[-0.68207419 -0.8417308  -0.92039784],[0.14022263 0.16426401 0.17642327],[ -5.47974721 -12.99020684 -14.64067673],[0.14678264 0.14025994 0.12648245]
45,1441407,001117.74-001821.3,1.9637873790575937,43.90335591080273,0.5379730441978516,2.231278522365292,1.0129263471568413,[-0.67021016 -0.69180678 -0.893648  ],[0.33241704 0.48119627 0.65580952],[-75.4302478  -19.51103198 -10.99696064],[0.23034065 0.23436046 0.18799734]
46,1441410,001117.11+005016.9,2.068325254088464,46.10764026397338,0.0107367750688887,1.5485167214441344,0.2307756737686467,[-0.71335671 -0.71966133 -0.66291093],[0.07822381 0.09548663 0.14170971],[-15.89047359  -5.16992418  -7.24187933],[0.1887914  0.16923576 0.15294083]
47,1441413,001116.80-010606.9,1.5290284974739026,45.86988626686567,0.0030686596623823,1.6057780364372891,0.2907735444065437,[-0.70933502 -0.90305453 -1.00248514],[0.08690351 0.11125074 0.13970425],[-15.88629634  -2.85110463  -7.26667114],[0.17394137 0.14821895 0.12843901]
48,1441415,001116.51+010049.6,0.6312101092292625,45.27147553116671,0.010828063210738,2.1403807639940178,0.3171971372343677,[-0.74492273 -0.61464055 -0.55358204],[0.19593314 0.26508269 0.27210392],[-10.36957863 -15.75958575  -9.30929091],[0.24418178 0.17932315 0.13944979]
49,1441416,001116.43+002626.4,1.415917601728225,46.06969740752877,0.0055505472194887,2.578304049183946,0.3999705052579201,[-0.70254416 -0.83131333 -0.75276724],[0.17992732 0.18427789 0.1971186 ],[ -3.20055967 -16.71503012 -10.5014716 ],[0.10468189 0.08355803 0.05457879]
50,1441420,001115.69+011459.2,0.5805249316786754,45.526011148355714,0.0039335001277684,1.9910213796753429,0.2219685631268723,[-0.83462206 -0.99686464 -1.0265433 ],[0.08951884 0.10238909 0.14550814],[-14.73237447 -13.5004346   -2.17660998],[0.13870044 0.10326835 0.08490306]
51,1441421,001115.26-003718.9,0.9637476829886724,45.20712679833765,0.0105533455721236,1.322078762745862,0.2611286881263766,[-0.63004804 -0.60450609 -0.60295513],[0.08109624 0.11168207 0.14909219],[-15.11849422  -6.12209985  -4.75413801],[0.21302507 0.18394169 0.14545508]
52,1441428,001114.22+010928.7,0.9533981212557012,45.566547260119584,0.0056298088854234,2.877728188579088,0.4546473475005657,[-0.35214695 -0.31088168 -0.29249342],[0.21214761 0.21411331 0.22068143],[-12.55484067  -7.10558464 -14.02790206],[0.16595965 0.1419434  0.11802852]
53,1441430,001113.99-005027.3,0.9260466138011084,45.2640914136582,0.0106377466891984,1.951406357295688,0.3550082934206834,[-0.72287446 -0.83567226 -0.69019372],[0.09432989 0.12058454 0.16655669],[-14.20182529 -10.91289566  -2.06683518],[0.18973148 0.15820482 0.13555891]
54,1441432,001113.76+002032.3,2.950195994619981,46.27269995259159,0.0103295604677811,1.1747256061805542,0.340575764379759,[-0.52782583 -0.47502766 -0.34042228],[0.09820731 0.13708616 0.20959884],[ -6.70894584  -8.7889811  -11.85895873],[0.1954482  0.17046036 0.12424371]
55,1441433,001113.73-001534.6,1.7593991114859868,45.033637962918434,0.1285407941985994,2.610548565363497,2.178472204013765,[-3.18101854 -2.05403416 -3.88571049],[1.44907456 1.67512023 1.74420239],[-65.68853305 -11.82749655 -15.56424135],[0.19999725 0.22355894 0.18666019]
56,1441434,001112.58+004355.5,2.2743213078744584,45.706987639846005,0.0264141412361738,-0.3136398370600865,0.5144072263759552,[-0.50581122 -0.39762821 -1.60866089],[0.069979   0.12512556 0.62836438],[-14.54473735 -16.86070153  -5.75159715],[0.23279072 0.18773166 0.15382467]
57,1441439,001110.75+003029.1,1.0192771289939078,45.64219971079543,0.0082743071230204,1.7841344092648237,0.2195401916466771,[-1.12129377 -1.03863434 -1.0983811 ],[0.10746247 0.13776535 0.17473056],[ -8.9606136   -3.7249562  -10.03385166],[0.12690524 0.10593587 0.10254817]
58,1441440,001110.74+004655.9,2.0700460656098656,45.56284259145009,0.0286500038108776,3.275962550833561,0.6829837566200723,[-0.44746221 -0.34705637         nan],[0.29201822 0.33856864        nan],[-13.08542042 -10.83125534 -11.61617987],[0.24800186 0.22358393 0.163867  ]
59,1441441,001110.41-004523.2,0.6316953718521521,45.142184624056966,0.013700970421258,1.4281084796867678,0.3575396553419067,[-0.70157714 -0.70386876 -1.04274124],[0.11681303 0.16747263 0.2644941 ],[-14.48321379 -12.47079209 -13.50645827],[0.16617494 0.16308119 0.10564978]
60,1441445,001109.60+004545.6,1.4713409148049734,45.781676508322285,0.0089338607154765,1.5104942055437005,0.2298942520221409,[-0.86317585 -0.82470781 -0.85305469],[0.07961346 0.1154493  0.14244131],[ -5.97214956 -14.82301287  -9.55362806],[0.16942145 0.13390622 0.13600362]
61,1441446,001109.17-005903.4,1.6599235768057314,45.98097060792256,0.0186447961077398,2.2532075034383223,0.3143152910731063,[-0.76284344 -0.79773613 -0.85877301],[0.13853073 0.14543094 0.14999621],[ -2.53112015 -16.71564548  -3.60076569],[0.10753333 0.10158851 0.08800042]
62,1441451,001107.01-003319.6,1.688031149052987,45.0284196096226,0.0643376416431138,3.2039875636798514,0.7068391256392881,[-0.22841438 -0.48592676 -0.34572199],[0.27515282 0.35653512 0.36205142],[ -17.36737489 -195.13486242  -10.43602014],[0.25432052 0.25291246 0.20436777]
63,1441456,001105.56+002653.4,0.4546894264500185,45.362636526284106,0.0026945541594223,2.7175003572505823,0.3309207132617173,[-0.41041255 -0.56573754 -0.69096714],[0.15789493 0.15912023 0.16368769],[-14.20673842 -10.87825488  -2.32835313],[0.09564507 0.08257315 0.07146133]
64,1441464,001104.57+002610.5,1.3076449239839854,45.33366086586838,0.0151558769172837,1.3112175054030777,0.2829235589914213,[-0.3754552  -0.41067382 -0.64272664],[0.11970753 0.17259221 0.19498497],[-13.04313084  -8.06950786  -5.38481474],[0.21046733 0.1811829  0.13706324]
65,1441468,001103.48+010032.5,0.4859123385840793,44.91305401962769,0.0078567766347532,0.7733958494694524,0.2259346405322838,[-0.72576572 -0.61798686 -0.45951905],[0.08034162 0.11913051 0.1383164 ],[ -6.74250974 -14.68126451 -16.14177805],[0.21219362 0.15337223 0.12608603]
66,1441471,001103.18+005927.2,0.486027735497032,45.10912029720384,0.0125833142662621,1.935471357908312,0.1781430112068867,[-0.77458737 -0.90319227 -1.00031306],[0.07661804 0.08469879 0.1044524 ],[-4.06329557 -3.03636296 -2.56398531],[0.10614513 0.10454798 0.10854665]
67,1441474,001102.47-004157.6,1.788114390247711,45.26079109127933,0.0565458329447601,1.39370808724971,2.20518890961098,[-12.06152937  -2.50092634 -25.97249883],[1.42368041 1.69617241 1.71181418],[-15.31739501 -13.74374889 -12.1111991 ],[0.24848957 0.1913878  0.18813014]
68,1441476,001102.16-004604.9,2.755434785746912,46.15167705435205,0.0102835636049185,2.747763042913667,0.7298888469042626,[-0.59043045 -0.69051177 -0.95933605],[0.31270196 0.39522847 0.58765422],[-14.92344132 -14.7088647  -14.91780336],[0.22190156 0.19822483 0.13319933]
69,1441480,001100.87-001532.1,0.8934468519256844,45.64231021364678,0.0084411141384812,2.341455892962447,0.3184467673121713,[-0.63188274 -0.62575254 -0.7368683 ],[0.1390897  0.14234107 0.15018408],[ -2.84840452  -8.5727069  -10.58682192],[0.1104499  0.10380564 0.09619813]
70,1441490,001058.21-011244.7,1.1127241086323558,44.9680278890726,0.0210165057783768,1.0574472694620682,1.1165956341246512,[-0.7106295  -0.88258701 -0.74826897],[0.3134939  0.45598371 0.44890342],[ -8.31847529 -14.03496752 -13.35229151],[0.23973134 0.18797473 0.16366564]
71,1441491,001058.20+004521.5,2.070047849920553,46.15796179541166,0.0060600695345378,1.4384832182207803,0.3626104262275335,[-0.76654816 -0.68408084 -1.50961573],[0.09811393 0.12868566 0.5363051 ],[-16.84007528 -14.34702497  -2.0287245 ],[0.17277352 0.15376268 0.15269089]
72,1441493,001057.59+011011.5,3.0934656248522208,47.07342258244432,0.0019864581682895,3.03401992132998,0.603362988687131,[-0.7664412  -0.719008   -0.72046539],[0.27723568 0.27856775 0.28022151],[-14.7245334  -13.42932296  -2.94667355],[0.07954439 0.06040556 0.05553859]
73,1441494,001057.41-010329.0,0.7082396219279908,44.85815730685203,0.0095698386421219,3.4191028513687898,0.5559401521544025,[-0.4323919  -0.94385375 -0.38039065],[0.24498202 0.32932132 0.27028625],[ -9.04938074 -10.80472133  -7.35775074],[0.23275205 0.19050918 0.15352179]
74,1441496,001057.16+005455.4,1.484226873994306,45.666348344272194,0.0142023896761038,2.515802881588081,0.4389864839585822,[-0.46959441 -0.63167653 -0.71055039],[0.16971848 0.17356663 0.19211494],[-14.45745049  -9.86363439 -11.96281237],[0.17316521 0.15778111 0.17056829]
75,1441497,001056.54+002804.0,1.4228464300244066,46.30200557544486,0.0025902776031259,2.258517647818064,0.2605591371427072,[-0.89700895 -0.95910989 -0.9303783 ],[0.11023713 0.11180803 0.1195135 ],[ -5.62271543 -16.71002343  -3.05649668],[0.07092961 0.05896824 0.05379728]
76,1441499,001056.38-010543.8,2.0205762492250594,46.004942419894654,0.0060738755404159,1.4572062986869274,0.2636673097293861,[-0.99837183 -0.89659004 -0.83768556],[0.18159153 0.26647381 0.28276227],[-14.73241783 -13.51190907  -5.96119701],[0.17325338 0.16456746 0.13977617]
77,1441505,001055.65+005951.0,1.2236487146072763,45.36696818102978,0.0085881390622972,3.36832869362227,0.648601784071938,[-0.95905162 -1.03598588 -0.54184089],[0.30569448 0.39958083 0.36006205],[-12.54358582  -1.97499073  -2.27074423],[0.23708009 0.17869004 0.15105796]
78,1441507,001055.55-000004.8,1.4175455862045658,45.3116100731316,0.0135191795422855,1.3317386661789123,0.3267085464842778,[-0.48646795 -0.59142884 -0.4831502 ],[0.08708823 0.12344519 0.1411459 ],[-11.29219816  -4.7212382   -7.50192755],[0.23599462 0.20276823 0.17857695]
79,1441508,001055.41+003032.2,1.2323283720003628,45.820405326459,0.0053394811686899,2.9339569474651137,0.5000693333925512,[-0.47565731 -0.57240002 -0.48822569],[0.24469262 0.24507078 0.24596421],[-9.24433891 -8.41088667 -7.17487641],[0.1103497  0.09424666 0.08770111]
80,1441513,001054.65+004304.0,1.4718967544745978,45.60286792666887,0.0125584382736079,3.1183299230108914,0.6250547951869618,[-0.58035839 -0.62023043 -0.51042471],[0.25362678 0.27685189 0.30069018],[-12.5992868   -8.54311111 -16.32093901],[0.21437054 0.19134228 0.15651238]
81,1441517,001054.18+004422.9,1.71119308639108,45.47113135382821,0.0288170625097308,0.8970675017955905,0.545534482403306,[-0.49262693 -0.6218342  -1.53253335],[0.13616278 0.21432309 0.62320435],[-16.49445002 -16.77120106 -15.38907276],[0.25657621 0.2212819  0.16531007]
82,1441521,001053.56+000642.8,1.883449366670905,46.58030873185232,0.0044444103036305,2.280109362789392,0.4472274339478188,[-1.09310497 -1.23127511 -1.40138191],[0.17934948 0.18568141 0.24137935],[ -2.91395004  -3.42218071 -14.3058104 ],[0.09680965 0.08790818 0.07243789]
83,1441531,001051.28-010200.9,3.0344808024393606,45.73157186837579,0.0268427168180522,2.5884364486443783,2.3860746027762523,[-3.7154853  -4.64461366 -4.41481158],[1.88224398 2.10582853 2.06795812],[-10.48271504 -11.51101516  -9.49925354],[0.233613   0.19313584]
84,1441532,001050.95-003133.2,2.05734718104074,46.65452555836247,0.0088066077866457,3.424202036189829,0.6650071034658545,[-0.40057251 -0.50444236 -0.47052228],[0.31541713 0.3159578  0.31619725],[ -9.0319842   -2.96099979 -10.0255095 ],[0.05827279 0.05719013 0.05427906]
85,1441540,001048.73+010415.3,0.7569379474910924,44.78549082321452,0.016654255100132,1.6196379573565145,0.3552768982363893,[-0.67129059 -0.60360559 -0.34167234],[0.12368897 0.16762701 0.17795572],[-13.65301685 -13.3582194   -5.63121906],[0.22325042 0.19734944 0.16508787]
86,1441544,001047.99-001830.1,0.8956830999496109,45.36316749733329,0.010007826068449,1.923156576800396,0.2505386361655018,[-0.70863158 -0.74676872 -0.99079471],[0.09017588 0.09925852 0.16702885],[-12.5095799   -8.48752038 -16.3209822 ],[0.15254795 0.12952727 0.10947648]
87,1441546,001047.81-001620.9,1.4090205827464837,45.24511092664872,0.037268014041885,0.2808823933994492,0.838254868167464,[-0.40122577 -0.46769289 -0.59436075],[0.17878232 0.25329608 0.37397147],[ -5.49635344  -7.80524585 -15.75307728],[0.27915706 0.21953723 0.1639189 ]
88,1441548,001047.46+001900.4,0.7496152575204648,45.92633184915393,0.0025015994884363,3.014647998063536,0.3990162703665179,[-0.60169119 -0.62442489 -0.56160036],[0.19161816 0.19202104 0.19258648],[-15.39704961  -7.23131218  -9.46031553],[0.04677597 0.04703815 0.05283516]
89,1441549,001047.38-000002.5,3.016964038410961,46.578273552645264,0.0066648788862337,3.3638673175893663,0.6217608955978211,[-0.37918607 -0.39936446 -0.40206278],[0.2905894  0.29180719 0.29316876],[-13.46866054 -13.27253613 -11.21273924],[0.09781492 0.08131484 0.07990778]
90,1441557,001045.05+010344.5,1.302536976359009,45.03566612224041,0.0209984892774173,2.404729231882492,2.092131176920104,[-3.56298273 -4.35268838 -3.80947046],[1.94328066 2.11514197 2.14353263],[-10.2508916   -8.47278828 -13.19348479],[0.19557657 0.19673284]
91,1441560,001044.42+003344.7,2.54996784681391,46.46041657872576,0.0029199721811679,1.911693762744024,0.2628506842733368,[-0.77294843 -0.7224215  -0.83026823],[0.10021681 0.10472478 0.13979841],[ -9.783922   -15.4681954  -10.10021717],[0.12653081 0.12916525 0.11339075]
92,1441562,001043.84-001729.7,1.297771097315256,45.8048683001384,0.0041169394104727,2.4903890818621663,0.3447595160482228,[-0.77898838 -0.84202668 -0.75498874],[0.14797441 0.15356657 0.15995987],[-7.55034328 -2.77132413 -3.66947754],[0.12347728 0.09858363 0.10292398]
93,1441563,001043.63-002011.6,2.668627106811708,46.306471625030575,0.0070799150264662,2.0762941130294554,0.4765889321752552,[-0.82688564 -0.77035589 -1.22875847],[0.15004068 0.16771104 0.37292109],[-12.55713321  -8.50925962 -16.31422238],[0.19120204 0.15586689 0.10277782]
94,1441572,001041.29-002450.1,3.187310377916746,46.691579496458985,0.0077595553740898,0.6219935678835319,0.2479938459894989,[-0.86969749 -1.0455438  -0.61379717],[0.09591922 0.14697364 0.20270433],[-13.04691577  -2.40465231 -10.7683467 ],[0.17643254 0.14097004 0.14045667]
95,1441575,001040.81+004550.4,2.717568263396007,45.7226761190157,0.013718253800107,3.093402180787105,0.7330440579979565,[-0.44872146 -0.45568525 -1.04364409],[0.29683968 0.34126914 0.60607484],[-13.71347614  -1.43251547 -11.54796217],[0.24089148 0.18751195 0.19477997]
96,1441578,001040.58-002852.9,0.9573260711233724,44.534942188678144,0.0367544961463153,1.9963136422920689,0.6769129707837752,[-20.75000933  -0.53797141 -14.98981267],[0.82433972 1.12804124 1.21246394],[-12.20266216  -1.83110374 -10.99577459],[0.18545015 0.16979916 0.18965983]
97,1441579,001039.73+005622.4,0.8687623496288571,44.19490821174257,0.0699752825914536,1.752717058080775,2.3849421450606583,[-23.06693505 -29.2596235  -24.6028676 ],[2.26027674 2.44119045 2.41832737],[-11.8830887   -6.89188228  -1.58725723],[0.19849656 0.18919495 0.16849356]
98,1441580,001039.68+001822.9,1.2978756159261369,45.69477381341137,0.0097495302059193,1.976193426378128,0.4714092095794605,[-0.79146654 -0.8506686  -0.97555399],[0.16777325 0.20582164 0.21676781],[ -9.97572282 -15.47364002 -10.34601537],[0.19109622 0.14562973 0.13295144]
99,1441586,001038.88-005143.8,1.5131082994679506,46.059309194338624,0.0110536632189663,2.045515078974266,0.3323086369182767,[-0.55681871 -0.7108387  -0.54214495],[0.1294182  0.14064041 0.17259307],[-2.72429656 -2.39524043 -7.98120983],[0.1450767  0.10817487 0.06444569]
0,1441593,001037.91-005328.2,1.6864243038266091,45.37367352462992,0.0313623097110991,2.551290822724827,0.6657907341527438,[-0.41941192 -0.50925354 -1.51287006],[0.20067768 0.27039135 0.76060007],[-16.4912361  -16.76827874 -15.39169812],[0.23494826 0.2099289  0.16468586]
1,1441596,001036.85-001216.6,1.6947833035238598,45.69039058827117,0.0160295836054622,0.6725079033086614,0.2712145694745758,[-0.42373581 -0.60663849 -0.41446127],[0.06901759 0.11394635 0.13024381],[-11.72949097 -14.6113659  -17.24337292],[0.21903847 0.20492578 0.1672145 ]
2,1441599,001035.76+002132.6,0.7482077874625438,45.23940162193777,0.0040076325566467,2.657723800228804,0.346145621820217,[-0.69358366 -0.71405605 -0.60238826],[0.17283586 0.17723297 0.18176859],[ -7.40860981 -11.84897313  -2.55662917],[0.12974452 0.10947556 0.11258177]
3,1441600,001035.21+002811.2,1.9795899943855413,45.9154361119957,0.0075772715345294,3.1045475092037416,0.6422102331987047,[-0.47800438 -0.43772818 -0.35542351],[0.2657315  0.2821119  0.29102073],[-13.71522256  -6.84240403 -11.54923596],[0.21210908 0.21421526 0.15278445]
4,1441601,001034.72-002303.3,1.849643700437564,45.221055840557135,0.0418074148150964,0.9479337553360674,0.9735470535931045,[-0.41292321 -0.50373794 -0.33878654],[0.14570413 0.23307707 0.24975716],[-14.54739783 -16.87743444  -6.11349377],[0.26207807 0.24257989 0.21166668]
5,1441603,001034.62+010404.5,0.897535039454683,45.08480604620334,0.0084749923266116,1.4479754427756697,0.2941848716931079,[-0.83644992 -0.67638934 -0.32448646],[0.10816485 0.14260729 0.18257078],[-14.55564011 -16.87553712  -5.74880124],[0.21547295 0.18420504 0.17442089]
6,1441606,001033.57+011035.1,2.4283225024654174,46.09576853267546,0.0064937001876828,1.267411976770057,0.3665875065652048,[-0.77936115 -0.80957744 -0.66466132],[0.10843594 0.17183063 0.19378649],[-11.84175077 -12.02918744 -11.24868829],[0.20268631 0.19937505 0.162165  ]
7,1441611,001030.55+010006.0,0.3779224657216815,45.79865276278679,0.0031109602293248,2.9332355363218987,0.4505717731482712,[-0.9106537  -1.12962715 -1.02052487],[0.21278527 0.21322985 0.21426422],[-4.30007632 -3.58777622 -3.55587332],[0.03370431 0.02661054 0.02953355]
8,1441615,001028.93+000655.4,0.5718088797346927,44.7783344565365,0.0302922199837603,2.3446593818301142,0.3204509148392884,[-0.64798123 -0.78848949 -0.70230355],[0.11542387 0.13259084 0.14499439],[-11.73288019 -13.49350988 -14.63518497],[0.15199309 0.15683237 0.13138014]
9,1441617,001028.78-005155.7,2.417554177507605,45.88233514103714,0.0126626935955584,2.015891633117464,0.4539023015005321,[-0.60677968 -0.65053912 -0.3905976 ],[0.14977957 0.19138148 0.21929404],[-11.82750492 -13.49795162 -14.63644412],[0.24099483 0.21366429 0.17714321]
10,1441623,001027.42+002932.7,1.2138759335410445,45.91306965510432,0.0049996343281186,2.235824518185022,0.2852251506623565,[-0.76070561 -0.86012629 -0.82309787],[0.12517359 0.13135653 0.13807242],[-15.88917501  -2.8976936   -7.24547836],[0.11816476 0.09838331 0.10841251]
11,1441627,001026.62-005425.3,1.3504780530929563,44.68623515292777,0.0649783331483178,1.8960720853751705,0.2767853038052278,[-0.88633367 -0.87291954 -0.53510873],[0.11092413 0.13103692 0.15068172],[ -8.95545286  -3.1489404  -10.02006277],[0.17850447 0.13450053 0.12705243]
12,1441628,001026.50+001532.0,2.403836632002729,46.6866001468002,0.0026395669643477,2.9599243896276777,0.6006423394163309,[-0.37087758 -0.35421246 -0.54142893],[0.26733085 0.26825181 0.27004707],[ -5.55137148  -2.62261503 -15.54589742],[0.13838401 0.1260142  0.1217792 ]
13,1441631,001025.91+005447.6,2.8632235010493003,46.84796340396848,0.0032624386258603,2.6739561778213834,0.730799069338584,[-0.97916007 -0.95290256 -1.0265613 ],[0.34997844 0.35260925 0.35534097],[-38.28048636 -11.93383746  -2.75616443],[0.06318767 0.06213557 0.0571374 ]
14,1441633,001025.73-005155.3,2.7895080741349383,46.535298799695504,0.003990713086754,2.748158315022992,0.5167986052316511,[-0.55453644 -0.49979042 -0.5949117 ],[0.22244618 0.22744003 0.24082697],[ -2.61628758 -13.17247425 -15.08417036],[0.17179526 0.13640631 0.12602948]
15,1441643,001024.18-005526.1,1.9322350327166145,46.332147407907634,0.0,2.77074901568118,0.413459078008092,[-0.67143213 -0.7240843  -0.69891552],[0.20086084 0.20174696 0.20487293],[ -7.59564491 -16.71563747  -2.16653076],[0.09539272 0.08742663 0.08900505]
16,1441646,001023.94-011329.4,1.7361118993143103,45.59132226118905,0.01336138195499,2.042882198195404,0.4603076549786752,[-0.47273587 -0.58906924 -0.55607859],[0.1258434  0.15122417 0.15772267],[ -9.09961988 -14.07520285 -12.24006191],[0.23006843 0.20042173 0.16539735]
17,1441647,001023.93+010039.4,1.387235997292017,46.16154006249494,0.0042984765433544,2.3596630383472545,0.3238410341907864,[-0.87419984 -0.92854134 -0.91347193],[0.14668919 0.14882532 0.15445819],[-7.51466323 -3.53782663 -2.48167106],[0.08616917 0.07835555 0.08514778]
18,1441652,001022.14-003701.2,3.1517315414930533,47.30397426894334,0.0010462066320151,3.651283711740303,0.6933854720653914,[-0.45881519 -0.52235622 -0.55765832],[0.34604342 0.3462669  0.34658279],[ -4.47645733  -3.17172818 -10.58307102],[0.03361764 0.0290885  0.03442493]
19,1441653,001022.13-002216.8,0.8621655096138822,45.61084589984597,0.0065723367478547,2.227278398081941,0.3146912932601992,[-1.01657471 -1.04974731 -0.96628291],[0.13530889 0.14155688 0.15763887],[-13.61613927 -11.40078714  -7.66292166],[0.10372539 0.09462172 0.09237329]
20,1441654,001022.10-004701.5,1.4876184225793525,45.76852506248307,0.0069286322081758,1.3420148954688962,1.3455953400797798,[-0.92905389 -0.82463588 -1.29534115],[0.18666622 0.26723984 0.60777008],[-15.88848787  -2.65302457  -7.22513075],[0.15950262 0.14661658 0.09506131]
21,1441660,001020.67-000320.8,1.4286763802077618,45.49422010750547,0.0135414039036909,1.563011025145412,0.239813796311743,[-0.70491987 -0.67740461 -0.61348729],[0.18243444 0.25995361 0.30170473],[ -1.11146594  -6.6780303  -11.51941479],[0.22030027 0.18052472 0.13670805]
22,1441665,001020.28-000738.8,2.1539431326153773,46.53097472293693,0.0104321160910068,2.096921113953824,0.3220837842342131,[-0.81241355 -0.95770607 -1.10511963],[0.12405703 0.13376387 0.15787581],[-12.46756702  -8.50226167 -16.32587438],[0.10061533 0.10016529 0.09392849]
23,1441667,001019.89-010939.1,1.2273911308185732,44.987617726448654,0.0220403604357528,2.0884238594607014,0.7763449880442037,[-0.46893329 -0.75062103 -0.73731866],[0.19258981 0.35323951 0.38983076],[-11.29138039  -5.76296087  -7.57187184],[0.24501047 0.22052658 0.17620566]
24,1441668,001019.85+005844.6,1.69230602975249,45.18568257821688,0.0579603592239159,2.17083411368368,2.410941595939312,[-3.6218755  -4.11310819 -4.28679789],[1.8030338 1.9845971 1.9925074],[-10.5803754   -6.46876661 -12.92486493],[0.23822954 0.21687386]
25,1441675,001018.56-005810.4,0.6278041971004888,45.59917715070269,0.0069449236430862,2.532544889503618,0.3415264919437093,[-0.66553838 -0.68867811 -0.75162736],[0.15183131 0.15399224 0.16992705],[-12.45302109  -8.50067829 -16.31245078],[0.07121352 0.07841662 0.07175829]
26,1441676,001018.41+002513.3,1.0475096158196986,45.49546517031696,0.0071511339157162,1.7670774638062063,0.2109742373775331,[-0.53945786 -0.66758975 -0.53047789],[0.08138178 0.10012871 0.14242574],[-15.87100079 -11.64503833  -3.80603456],[0.18947788 0.14857978 0.10624756]
27,1441677,001018.30-011004.3,1.7874298376874511,46.2411273119878,0.00915524474809,3.3805728962506247,0.6041386391321049,[-0.41998323 -0.48133457 -0.57985956],[0.29353779 0.29510159 0.29633545],[ -8.24944532  -2.87306598 -14.33300251],[0.07467356 0.07445156 0.07199036]
28,1441679,001017.80+010450.7,1.8302125999221628,46.752224969490186,0.0017570995823845,2.059445833520267,0.2856161911873275,[-1.1184523  -1.22821362 -1.45055799],[0.10292966 0.10698888 0.16777322],[ -2.85055763 -11.92910251  -2.7966364 ],[0.06990823 0.06355033 0.0508192 ]
29,1441681,001017.33-005725.5,0.9245688430271266,45.14079807126954,0.0090391377625067,1.3837424683745538,0.2763672630422852,[-0.86601346 -0.77978032 -0.73439566],[0.10619931 0.13880825 0.1684688 ],[-11.19693662  -5.23741852  -7.47543371],[0.18830816 0.14862743 0.13416959]
30,1441682,001017.33-004613.2,1.6778913804665616,45.528792469449314,0.0150545216060784,2.2159194563735696,0.843391064521348,[ -0.45530851  -0.90866609 -33.19087189],[0.21590871 0.43669611 0.84611635],[-11.64542464 -11.30231736 -13.80204929],[0.2029358  0.20685366 0.15528111]
31,1441686,001016.49+001227.6,2.277044157406696,47.11025392379542,0.0015997701506051,3.028411880738489,0.5271344969160137,[-0.72105889 -0.7425062  -1.00798798],[0.2558652  0.25626594 0.25991279],[-13.11516684  -3.82341008  -3.22148683],[0.04035168 0.03540166 0.03768908]
32,1441688,001016.22+004713.4,1.175226404959348,45.31058952385315,0.01393570249963,2.2748789878508537,0.2993905130261483,[-0.46688565 -0.52362802 -0.48576463],[0.13174946 0.14747263 0.20142353],[ -7.48933415 -14.83885052 -15.88711703],[0.18530274 0.14997165 0.1150756 ]
33,1441693,001014.85-001554.7,1.9591797616191848,45.77043347623963,0.0210473016557024,3.3001082178801155,0.701806497767743,[-0.56799309 -0.70127191 -0.27238408],[0.33004846 0.4291743  0.36707153],[ -1.41988606  -1.35412255 -10.92179977],[0.21558165 0.21719929 0.15449179]
34,1441698,001013.90+003031.2,1.01076880746805,45.177073890823166,0.0102104580603139,2.6106124458905846,0.520309801090739,[-39.90152959  -0.74166304  -0.48128417],[0.63060147 0.8886883  0.89212432],[-11.71648824  -9.61561058  -9.5923279 ],[0.25265735 0.19201678 0.13041912]
35,1441700,001013.76+001554.4,1.300775148446354,44.5769626145912,0.0852812436150571,3.32425622147749,0.7116279745262919,[  -0.28741644   -0.41546137 -186.23955359],[0.29626788 0.33343285 0.91036637],[-20.46291082  -1.66273312 -15.66624891],[0.24548243 0.21826726 0.18935738]
36,1441701,001013.45+004506.9,1.214191125869125,45.633006803577175,0.0054021432430033,2.3038399291681384,0.4354271008943272,[-0.57690951 -0.62662658 -0.44484105],[0.13812494 0.14168555 0.17802924],[ -7.44642733 -14.8234856  -15.90113033],[0.15479518 0.131263   0.1287273 ]
37,1441703,001012.87+010321.0,1.6869062229114191,45.57036581490403,0.0192653289301425,1.021798118506018,0.3882843763511153,[-0.57526303 -0.61153493 -0.56341125],[0.10091096 0.14623726 0.25702237],[-13.6627397  -13.35358279  -0.5845519 ],[0.22668133 0.2210699  0.17882667]
38,1441705,001012.15+001125.4,1.467603069504415,45.997214831238246,0.0093971856235022,1.9687659587851865,0.2507301076650176,[-0.65834706 -0.76787064 -0.77272068],[0.09142887 0.09914679 0.10888654],[-13.50899687 -13.33499119 -11.21306168],[0.12954835 0.10306086 0.10680577]
39,1441707,001012.00-011125.7,2.5619656307018515,46.25560814819492,0.0069956220816322,1.8595009429907203,0.2947490115051658,[-0.71803065 -0.68643962 -0.97580355],[0.09806413 0.10851351 0.22336706],[ -6.31508057 -13.47139571 -14.84823323],[0.15414758 0.1195172  0.09822764]
40,1441712,001010.81+010508.5,2.184131138470206,45.36704275443723,0.0386223637042704,7.405376620489576,1.2795370707040892,[-2.45032523         nan -1.82193626],[1.53379288        nan 4.9384449 ],[-10.53558026 -12.95230023 -15.72398993],[0.26699547 0.22536366 0.16054018]
41,1441714,001010.03+005126.6,0.3873184202673426,45.37740773894937,0.0043715089533975,2.086264631136766,0.2291396487702435,[-0.7272163  -0.9357658  -0.94363132],[0.09658469 0.09803564 0.12495779],[-10.04702017  -3.07563217  -2.31514846],[0.07596896 0.05556391 0.04983803]
42,1441723,001008.59-001620.3,0.9619970101813238,44.42538898250844,0.064346608787833,2.8088612147369485,1.812991358128865,[  -0.79437601   -1.32328072 -268.77278379],[1.36264373 1.49778988 1.61073979],[-11.00916781 -15.0300384  -16.00470611],[0.27206789 0.22555814 0.18813112]
43,1441728,001008.38+005828.5,1.2035302280788258,45.1207023483011,0.0171469874973588,1.7420373874411812,0.4211490574341605,[-0.44109945 -0.49312867 -0.42111345],[0.14271514 0.18822336 0.22068596],[-12.20412564  -5.18295374 -10.9394901 ],[0.26085103 0.20693761 0.19663999]
44,1441729,001008.02+004018.2,1.8991592431970483,46.0587080846506,0.0,2.270691906447821,0.3288659755416494,[-0.68323327 -0.73868738 -0.77935465],[0.14460828 0.14917314 0.1608495 ],[-13.50608782 -13.32678424 -11.21866734],[0.11449485 0.1085839  0.10322388]
45,1441730,001008.01+000317.4,2.2942231017025523,45.80497967828954,0.0104162831375163,0.7596308352649128,0.3919006494069533,[-0.91271314 -0.6104428  -1.10245484],[0.16130933 0.24208841 0.39601324],[-11.63476898 -11.22809097 -13.79787327],[0.20802962 0.20456388 0.14005279]
46,1441731,001007.31-011337.9,0.3421545695987733,44.66198431412743,0.0049317572090217,0.9612561377707518,0.1716903992151292,[-0.8110695  -0.78755028 -0.27536067],[0.06924584 0.10354544 0.14803218],[-16.05443563  -2.41108043 -15.40723251],[0.17092709 0.10594411 0.08737121]
47,1441732,001007.07+004600.4,1.3644250576330037,45.5361923004339,0.01698297812068,1.7542873266685184,0.2384183044960922,[-1.01800154 -0.78863822 -0.4318441 ],[0.23309513 0.31276089 0.32092708],[ -5.52715428 -10.98879223 -14.08182774],[0.20695324 0.16636207 0.11613922]
48,1441733,001007.02+002947.2,1.7255568326467992,45.80965737365633,0.0294204212688988,2.300123791706577,0.3522457616445567,[-0.49405803 -0.52746909 -0.84255964],[0.15245994 0.15622178 0.17132596],[-12.55510553  -8.50545253 -16.33159012],[0.16739006 0.16346865 0.13581063]
49,1441737,001005.04+005141.4,1.6762826243793638,46.21702639293962,0.0066694602049111,2.7293224895659463,0.4691330533175046,[-0.57910064 -0.67362014 -0.70859012],[0.1785248  0.18414191 0.18884537],[ -8.9631967   -2.56666374 -10.02817097],[0.13561128 0.1131026  0.10190539]
50,1441738,001004.96-004906.8,1.995308287548508,46.175799225491055,0.0169019274543167,1.415266346856784,0.2287726976039977,[-0.86146675 -0.82692138 -0.98795902],[0.09699982 0.12522153 0.24772281],[ -6.20082888 -13.4761479  -14.83800854],[0.14830254 0.135002   0.12674346]
51,1441747,001002.95-010107.2,0.5552597656778585,45.80877615739425,0.0011361989890374,2.781743665764004,0.3483065021031868,[-0.70322144 -0.80185663 -0.9101189 ],[0.16708692 0.16794424 0.1698336 ],[ -3.6840775  -17.30171878  -2.93669029],[0.06118953 0.04949342 0.04460161]
52,1441748,001002.84+010407.5,1.464283080938545,45.68939147265869,0.0127704185570642,1.8923554584185185,0.199775873175601,[-0.47747256 -0.59930638 -0.63880302],[0.08541017 0.0879801  0.09814383],[ -5.42241555  -3.46504672 -11.41764209],[0.14938851 0.13180281 0.12797195]
53,1441750,001002.63-005429.5,1.068826652366677,45.5377516743905,0.005919313075843,2.23648561197606,0.2951042350426947,[-0.81995229 -0.83037713 -0.65303933],[0.12707026 0.15469853 0.1926642 ],[-13.5453681  -13.37205092 -11.2754794 ],[0.16861041 0.12520749 0.13479775]
54,1441751,001002.57+004800.7,2.1056582129645034,45.73420137678592,0.0201780521026755,0.5540349025863176,0.2079135497822755,[-0.5453666  -0.50590886 -0.67810085],[0.06038789 0.08842204 0.11424258],[ -5.78172929 -15.14872196 -16.44048444],[0.2117475  0.16719003 0.15074675]
55,1441752,001002.04+004224.6,1.2117050938384542,46.11803920848179,0.0021791260524004,2.7151352952974728,0.4592492083411361,[-0.76463058 -0.88552453 -0.87888813],[0.21353218 0.21539707 0.21964192],[-13.57745576 -11.39129946  -3.42095543],[0.08795399 0.06422129 0.06524752]
56,1441755,001001.37-001907.2,2.315560305215734,45.97929543908153,0.0099237211084499,0.2979530604879499,0.278391093234021,[-0.64048129 -0.7020956  -0.46167737],[0.0834812  0.13202239 0.1527017 ],[-14.54683631 -16.87333644  -5.8256476 ],[0.22056563 0.17418952 0.1588147 ]
57,1441762,001000.31+003720.0,0.8897904216271321,45.31048022975135,0.007849430481432,2.748602102601139,0.4589151806170608,[-0.44235752 -0.46924857 -0.36832163],[0.20302091 0.20574467 0.20730448],[ -4.91019352 -16.70515678  -2.47350376],[0.13312432 0.11647522 0.11518109]
58,1441763,001000.29-000901.8,1.4301204429578072,46.50198224887247,0.0024124165239562,2.2177229829685974,0.2726675927844273,[-0.96684698 -1.13011675 -1.30259971],[0.12878139 0.13534689 0.15700071],[-13.54181923 -11.39350805  -3.18963678],[0.06600609 0.0580747  0.05912606]
59,1441767,000959.82+005658.5,1.1236724002885587,45.5212659282528,0.00705710465202,1.421368231286509,0.1835438323166582,[-0.61309741 -0.75780993 -0.6129252 ],[0.08670696 0.11359543 0.16766758],[ -2.64475482 -14.82500777  -9.53702142],[0.20269524 0.16948158 0.16137156]
60,1441771,000959.25+010553.0,2.2958447085623863,45.77898690725326,0.0091165607041396,2.218219815811739,0.651217583999834,[ -0.45697646  -0.30210009 -31.27575526],[0.19342586 0.27931857 0.77204614],[ -9.81778795 -15.47013992 -10.23360982],[0.23062556 0.22052673 0.17540729]
61,1441773,000958.44+005127.8,1.0627197115374405,45.62945933523151,0.006601404933459,2.1750912725229723,0.2832897001156422,[-1.00048748 -0.96862847 -0.76790019],[0.11046344 0.12294478 0.14982694],[-14.73382161 -13.50869407  -1.91340891],[0.15083767 0.120483   0.13187767]
62,1441774,000958.05+010746.7,1.6722640834160625,45.40497797339474,0.032623164383768,3.0817490655244484,0.8262135079602511,[-0.56713345 -0.74358348 -0.77679905],[0.36777389 0.49158676 0.6139802 ],[-15.28544084 -12.79725058 -14.6607261 ],[0.27452784 0.23013782 0.22155738]
63,1441776,000957.98+005153.2,0.3873745137877926,44.87903934008883,0.0091046802743335,1.5868592565322226,0.1452717543201628,[-0.5431957  -0.70220308 -0.84196566],[0.06071222 0.06583212 0.08019371],[-14.20271464 -10.83888784  -2.17845978],[0.1520956  0.13032832 0.12267288]
64,1441778,000957.95+004913.4,1.678246387692213,45.83029166149069,0.0093072274767855,1.9475793844101936,0.291467455429562,[-0.54074248 -0.58213866 -0.5974311 ],[0.1139818  0.12399754 0.13966522],[ -7.49195588 -16.73963585  -8.6748388 ],[0.17381355 0.16377659 0.14986357]
65,1441779,000957.92+001503.6,1.6993396792580542,45.31106466154735,0.0398679394442389,3.171515114845173,0.7306634964282113,[ 0.27442146 -0.37511519 -0.17441069],[0.65322949 0.90116444 0.89591632],[-11.15782299 -14.64108682 -16.76699356],[0.23656857 0.196035  ]
66,1441780,000957.85+003709.8,2.742494552896744,46.74911591645799,0.0030916529894504,2.97752664141266,0.5295294196231908,[-0.53382434 -0.55640398 -0.56946097],[0.25326237 0.25396028 0.25442467],[-13.42726171 -13.25983069 -11.20124845],[0.06985539 0.0628153  0.07291779]
67,1441783,000957.57+004157.8,2.1255501239101555,46.20574522484921,0.0064086126004703,0.1623735503095095,0.2055650576274855,[-0.85030515 -0.79290543 -0.91894684],[0.05174073 0.08182925 0.11910698],[-11.81237322 -11.9436418  -11.19482842],[0.15163516 0.15269728 0.12020483]
68,1441785,000955.88-010335.3,1.99443657596038,46.19243962628924,0.0111319201671271,-3.1289797228730207,2.094583666816028,[nan nan nan],[nan nan nan],[-19.54377799  -1.83539959 -16.54406113],[0.16828918 0.11262683 0.07608608]
69,1441787,000954.45-002551.5,2.666754867317753,46.41552066002779,0.0045934914242984,0.4734581579641781,0.2261296794916611,[-0.91331721 -0.93865085 -1.07018627],[0.0829067  0.13029639 0.18122848],[-12.88305551  -8.39047982  -6.09351219],[0.1800291  0.15472959 0.13189571]
70,1441788,000954.43-001106.2,1.1996031751692646,45.50181114156528,0.0076291032730715,2.015844895324208,0.3511997800210743,[-0.52029695 -0.67835743 -0.61268666],[0.12056734 0.14661475 0.15991832],[-12.57739317  -8.5036563  -16.32189791],[0.19351821 0.16696288 0.15764556]
71,1441790,000954.15-001445.8,1.665071754187334,45.70205726906797,0.0194303428064017,0.5855217808046609,0.2600320733884653,[-0.49917575 -0.75871029 -0.04641117],[0.06793948 0.12858992 0.13155335],[-11.72047262 -14.60674955 -17.23888218],[0.20952574 0.19378551 0.14867741]
73,1441798,000952.42+010717.7,1.021832291429404,45.48174719912279,0.0199517881576767,2.5838257984223434,0.3755864868885437,[-0.38979289 -0.42339387 -0.48181374],[0.1516966  0.1541828  0.15963469],[ -6.69438883 -14.67743404 -16.1389302 ],[0.18030555 0.15382094 0.12262515]
74,1441802,000951.10-003729.3,1.2388890268833834,45.28232414314564,0.0150045502628941,3.267315579492076,0.6291989833791176,[-0.31891787 -0.3259406  -0.18912714],[0.30198316 0.3298226  0.32560079],[-16.7778573  -13.50184035 -46.11778771],[0.24745005 0.20839756 0.17199476]
75,1441811,000949.23-002451.3,0.7504809247044334,45.08616934797244,0.008524838268741,2.520332882426728,0.2772652705168179,[-0.52149953 -0.50593821 -0.40387023],[0.11941272 0.12480326 0.12775515],[-14.5538019  -16.86765289  -5.77673132],[0.15750367 0.13247385 0.13058989]
76,1441817,000948.77-003453.5,1.6903672766970652,45.76090659929345,0.0184850960320019,2.926610995067697,0.5387039760766617,[-0.32618483 -0.38997949 -0.32578088],[0.22199107 0.23137948 0.23367403],[-13.54946912 -13.39562859 -11.33535606],[0.21564317 0.20924514 0.16434453]
77,1441820,000947.85+000817.2,1.0686937810787365,45.4217587294196,0.009325938522334,1.668114735988851,0.2533408252010535,[-1.01226109 -0.70938662 -0.86030563],[0.17890664 0.24633404 0.28895846],[-16.19189616  -9.96648636 -17.17725812],[0.19944248 0.17326946 0.14653372]
78,1441822,000947.20-002204.6,0.5917360990556293,45.34749232478841,0.0069491324865325,1.701865034981777,0.2799200238451965,[-0.62105103 -0.75622067 -1.01383044],[0.08818431 0.11198344 0.19685622],[-10.06901839  -7.74123259  -2.12840154],[0.19383112 0.14695208 0.11422967]
79,1441824,000946.62-000100.0,0.4174685534047187,44.35558701768228,0.0481824727567286,2.359259783544532,0.6643723775622521,[ 0.02062273 -0.47628651 -0.48984746],[0.62349873 0.87228124 0.86049502],[-13.40021229 -13.72316529 -10.34044867],[0.22311368 0.17699841]
80,1441827,000946.11+010024.6,1.4204823304418044,45.26430775493919,0.0171045298174732,1.3807079710317276,0.3238298409296463,[-0.444033   -0.66051001 -0.24411404],[0.08730869 0.12624429 0.12355998],[ -7.94113337  -7.5042167  -15.11017404],[0.23142287 0.20572579 0.17407317]
81,1441831,000945.46+001337.0,0.6979322354470736,45.62305964249712,0.0146778689008755,2.466208109877342,0.3273827133898803,[-0.92373431 -0.92436748 -1.05180456],[0.14650537 0.14760357 0.16422988],[-13.12676225  -3.34843289  -2.81458655],[0.04914853 0.0478686  0.04838576]
82,1441832,000945.04+001935.8,2.307107766510613,45.57817740040512,0.0173343025363976,1.2768203975271422,0.7160584700355129,[-0.44135804 -0.69663512 -1.01271379],[0.13754239 0.28394959 0.38707966],[-10.35828934  -7.25992109 -12.34983969],[0.26045628 0.22016751 0.16232461]
83,1441835,000944.01-010643.4,2.1486681155563674,45.7286981102233,0.0196494299364751,2.7111535995304816,0.5487532237219102,[-0.33706018 -0.48554566 -8.91678566],[0.22935733 0.24356377 0.91372749],[-24.21032887 -12.74489451 -13.03594272],[0.22566152 0.20723961 0.16766068]
84,1441840,000943.37+010459.8,0.455961248313929,45.258715458989606,0.0158255119412622,2.388402462473416,0.2365108604821859,[-0.25945417 -0.52406089 -0.72035963],[0.10718841 0.10886275 0.11050515],[-67.26286362  -2.84000666  -7.72965368],[0.14515029 0.11054455 0.08345961]
85,1441842,000943.21+003846.3,0.8258071555196669,45.09486666081611,0.0064225767739038,2.4339224464683764,0.3654126474612544,[-0.72016979 -0.81804095 -0.59457373],[0.18080514 0.21460836 0.22944441],[-13.13970812 -13.22271185 -13.25770357],[0.1914189  0.17253191 0.15044791]
86,1441843,000942.08-010543.8,1.3704127307034824,45.18052866913768,0.0233947395657843,2.9637042033435907,0.5801520766435269,[-0.43368759 -0.62864809 -0.28969897],[0.25224494 0.33842341 0.32612257],[-15.12352009  -1.77296505 -16.16605707],[0.24307276 0.23478669 0.18938311]
87,1441845,000941.07-002039.9,1.2425575757098943,45.7012902904862,0.0061925502103932,2.2523519710293614,0.3756963800675826,[-0.87789582 -0.85918251 -0.92545777],[0.13673411 0.15275004 0.19136207],[ -8.96500652  -2.37121271 -10.03394461],[0.18112295 0.14055163 0.13667012]
88,1441847,000940.24+005519.1,1.089116166933817,45.06422268798796,0.022270265306556,2.905871485020942,0.5526359042831417,[-0.46735395 -0.52785446 -0.27940731],[0.22221368 0.24207279 0.24267247],[-15.12498662  -9.54411317 -16.16154988],[0.26104855 0.22586689 0.1839957 ]
89,1441857,000938.96-011457.6,2.3759103067548226,45.06491739638447,0.1002901220257577,-0.045418626129852,2.2487656698049845,[ -2.31784396  -2.27637597 -42.3588192 ],[1.38688143 1.57769375 1.61937201],[-14.99051016 -10.80436053  -9.68775868],[0.22388701 0.23530291 0.18160153]
90,1441859,000938.92+001016.9,1.9329599863082283,46.133390963199496,0.0084632017202785,2.1832553492609,0.2843553787798342,[-0.67115581 -0.75649071 -0.7639667 ],[0.13670673 0.14112793 0.14596726],[ -3.50049164 -12.92320421 -14.63186523],[0.12595785 0.12022386 0.11180813]
91,1441860,000938.89-004339.6,1.329110966553383,44.62302220852602,0.0576249610631158,2.391092915405136,2.155024249082845,[-10.20976655  -1.2896788  -11.32242775],[1.45392757 1.68138482 1.68709328],[ -9.80264114 -12.39882179 -15.61164669],[0.29261609 0.20941342 0.20656489]
92,1441864,000938.48-003949.8,2.252730655368365,46.68019254163471,0.0027296358180706,2.372774616288257,0.4802182488025494,[-0.76071222 -0.90354803 -1.31472494],[0.21414819 0.25176345 0.35673224],[-7.56709184 -2.47009137 -2.79369477],[0.10038083 0.07513352 0.07095087]
93,1441874,000935.91-000610.0,3.0036614509254926,46.58107644929122,0.0047267159366839,1.4429308100045195,0.3005793234339515,[-1.04754952 -0.98441203 -1.15389303],[0.09977872 0.12118768 0.17104771],[-17.33145743  -9.19397059 -12.03996989],[0.13530873 0.11684072 0.12645337]
94,1441877,000934.34+001543.9,2.124138372601416,45.48745244496661,0.0252056803607629,1.7156099623276853,0.4352363303814907,[-0.36525849 -0.84039687 -0.33814077],[0.14203035 0.25383704 0.20555577],[-12.86056922 -16.60458636  -6.06440165],[0.21728141 0.22462864 0.18495443]
95,1441883,000933.34-005515.6,1.6689496038603802,45.47729290686961,0.0216224602577526,3.0411732924609645,0.5986812190103474,[-0.22479356 -0.2959941  -0.25036381],[0.26775639 0.27597096 0.27927707],[-13.55579602 -13.40466782 -11.33457366],[0.23012483 0.20851758 0.20612906]
96,1441884,000933.34+004414.7,0.9482761904784266,45.4904339934598,0.0075545104837893,1.422741700295594,0.2277531446833078,[-0.93984305 -0.96393739 -0.85675533],[0.07846718 0.1049859  0.13218012],[-12.52358639  -8.50700135 -16.31741003],[0.15946255 0.13642781 0.12779777]
97,1441885,000933.14-011326.1,0.6783839522497841,44.22736576193945,0.0273625434785138,3.210170303649676,0.7318095805489906,[-6.02467381 -0.26886569 -7.84957229],[0.78248965 1.10545574 1.17006581],[ -8.59821158 -12.86858912  -8.3296942 ],[0.20133099 0.19008399 0.19819581]
98,1441890,000931.33+010717.2,2.0674770306987664,45.8869373428463,0.0142732730572952,2.4902001163874177,0.4452030507088396,[-0.50073563 -0.57290089 -0.43871922],[0.18431785 0.18994199 0.19283366],[ -7.46001714 -11.88198224  -6.75990572],[0.1694197  0.16594323 0.15570957]
99,1441893,000931.22+004137.3,2.4077196007425195,45.880584716906704,0.0135162121224539,2.653590296237873,0.6574082432560868,[-0.66982936 -0.48557635 -0.33903423],[0.25297602 0.3178033  0.3524918 ],[-15.42540605  -8.97493482  -9.4647239 ],[0.22492927 0.19985935 0.17290733]
1,1441901,000929.42-010611.4,2.3943495556064764,45.864651826297504,0.0147423515959594,2.569385943083674,0.5345469024171041,[-0.50819035 -0.60388564 -0.5352125 ],[0.20368708 0.21714218 0.25030873],[ -2.01884338 -13.00190619 -14.64410441],[0.21461835 0.19939498 0.17137498]
2,1441902,000929.39-005327.5,2.04281243524919,45.54241575131631,0.0206505672908221,2.822588874983521,0.5511775897259454,[-0.47510827 -0.40301697 -0.49396012],[0.22274972 0.25531903 0.40602039],[-15.42165828  -2.14593731  -9.46855028],[0.25024573 0.21113004 0.1694196 ]
3,1441913,000927.61-010430.8,0.8069197636772547,45.15555257048515,0.0044013641710201,2.2880621252089988,0.3560915753577013,[-0.80889612 -0.91206236 -0.62018512],[0.11713017 0.14763793 0.15253532],[-14.73027111 -13.51445492  -5.95478978],[0.1839379  0.16051535 0.14145475]
4,1441914,000927.60+011055.7,1.6726467463992638,46.46185224166564,0.0035185377277962,2.7183241534747737,0.4808841580175029,[-0.81822964 -0.87512794 -1.04840687],[0.222946   0.22429316 0.23404936],[-16.82174918 -16.97875076  -7.12022672],[0.07247859 0.07541506 0.06836056]
5,1441915,000927.58-000908.0,2.435630188246066,45.88249176751101,0.0194029780832991,1.5048749544193925,0.5717554972021496,[-0.55787315 -0.76888708 -0.364572  ],[0.14626911 0.20197662 0.19140413],[-13.64798099 -13.35345213  -5.64722947],[0.22421151 0.19397851 0.15338007]
6,1441919,000927.37+004617.5,3.027129282990522,46.09074711784962,0.0371577088799099,3.3515200853488007,0.6566175114677641,[-0.32341652 -0.42721681 -0.32680981],[0.32507604 0.33361389 0.33949751],[ -6.3781608  -15.17830048  -1.40905354],[0.23117836 0.19678078 0.16864725]
7,1441927,000925.22-005602.9,3.155612706311543,46.56833861659421,0.01093497553207,2.313093426259353,0.4154434665848093,[-0.70670958 -0.60797601 -0.53903574],[0.16839938 0.18160394 0.18538488],[-16.22888639  -2.74441089  -7.71172933],[0.18779425 0.15593528 0.14706228]
8,1441928,000925.04+001657.2,0.6796161866210344,44.80554766828619,0.0161262743931089,2.844496077750627,0.6681875418946364,[-0.68749131 -0.63754799 -0.32643313],[0.25607849 0.34692077 0.31442724],[-11.29805053  -1.65004264  -7.47363472],[0.21692786 0.20603476 0.17868936]
9,1441935,000923.52-002117.3,1.4659578723832878,45.338348213196895,0.0176240445914004,0.2212952783432742,1.6009040730013198,[-0.6714057  -1.11134028 -1.17728293],[0.90151878 1.11959186 1.12085412],[ -7.43956438  -4.7408139  -15.3461979 ],[0.27465932 0.20547421 0.19140361]
10,1441941,000922.19+000555.6,1.993952857842792,45.98615180760447,0.0167474358095773,2.244577190477826,0.3041043550708984,[-0.5501519  -0.56416232 -0.5122715 ],[0.13562269 0.13935684 0.15283846],[-11.21422408  -2.70120214  -7.47735213],[0.15138421 0.14017911 0.13150706]
11,1441955,000920.01+005618.4,2.388511320680752,46.344251886289854,0.0037266569327698,2.849652430020946,0.5378055764604555,[-0.60579012 -0.6599706  -0.67508378],[0.25798324 0.25942633 0.26399512],[ -7.25104596 -11.83924518  -2.04436656],[0.1155903  0.10835936 0.1156801 ]
12,1441956,000918.72+010407.2,2.85237246298784,46.11958270151608,0.0122770930031741,-0.7108042700400586,0.7975419377816823,[-0.90596861 -0.72737457 -1.6660485 ],[0.26090132 0.36963538 0.68667394],[-11.07557035 -14.61537929 -11.34108623],[0.23297054 0.20239803 0.14576312]
13,1441961,000917.68-001344.8,1.5315285776328924,46.03371964251309,0.0108866049468652,2.202736324984277,0.3332493638312148,[-0.75965708 -0.83944409 -1.07657041],[0.13798865 0.14210621 0.1723323 ],[ -3.04521902  -2.5470705  -15.55414956],[0.12805336 0.11043438 0.11621319]
14,1441974,000914.72+002419.7,3.789327445379322,46.49086679961193,0.0180887593289433,0.964263428487724,0.3702690189794199,[-32.13260912  -0.83154854  -1.04567386],[0.60428309 0.8593946  0.86511612],[-16.83234332 -14.34685432 -12.5754558 ],[0.23542319 0.17927726 0.15087049]
15,1441976,000913.69+002216.6,1.764001538113126,45.70745334586387,0.0110048550744039,1.5267035461306522,0.2612444899550269,[-0.59442445 -0.58776581 -0.99102179],[0.09263551 0.12330883 0.18792952],[-16.18711154  -9.95766817 -17.18158228],[0.20836041 0.20972684 0.12556677]
16,1441977,000913.63-000112.6,0.6326331426633389,45.20635699677784,0.0127402323524137,1.6668000767632432,0.2507267172283896,[-0.70102544 -0.7536794  -0.88956332],[0.14272631 0.20279094 0.22060016],[-17.16626105  -6.69651274  -6.68047789],[0.21817936 0.17088247 0.12697369]
17,1441981,000912.90+000504.5,1.7525755849089328,47.1726507121608,0.0008339710467133,2.11131271717182,0.3072114225556739,[-1.26065001 -1.39333026 -1.56931221],[0.13746175 0.13902299 0.16035268],[ -4.64714691 -11.9194224   -3.17156992],[0.02653986 0.023557   0.02541001]
18,1441983,000912.69+010919.0,2.4684242881418887,46.763532932300464,0.0012728699292843,2.396873765985561,0.3687140164464522,[-0.8238598  -0.8870715  -0.90646823],[0.17270029 0.17444244 0.17684881],[-13.56941145 -11.38344805  -7.66606687],[0.07839111 0.06991109 0.06769884]
19,1441985,000912.58-002239.4,1.6864550676687462,45.46544148304026,0.0190487155204159,2.932538040535152,0.5421040499898053,[-0.5887194  -0.74209779 -0.33592018],[0.27442709 0.37839236 0.34886764],[  -9.51777212 -137.7677568   -10.90270324],[0.22506309 0.20720453 0.15963403]
20,1441987,000912.24+000613.6,1.951247617406224,45.48527562077548,0.0392162671055871,2.906482261708435,2.3353644854042592,[-12.62870611 -13.36062033 -24.03840118],[2.18435682 2.37004155 2.31921443],[ -6.57904271 -13.44907385  -7.06117316],[0.17562219]
21,1441988,000912.18+002413.3,2.502781238533188,47.26186098936178,0.0010329503060937,2.729921873519228,0.4483579760855125,[-0.57671755 -0.98067489 -0.90101668],[0.22657601 0.22835881 0.22982424],[-3.78128507 -3.23496293 -2.77770584],[0.04353641 0.03762136 0.04025653]
22,1441989,000912.08+005818.2,2.7004090984467903,46.54081135985793,0.0022630947141948,1.3215115031944715,0.2192903802147772,[-1.18828116 -1.15392796 -1.30652983],[0.08994321 0.12416714 0.25078103],[ -8.15164179  -5.97565716 -14.35128308],[0.13173703 0.11941189 0.13681342]
23,1441997,000910.85+004028.6,1.7931897171503466,46.41047089422758,0.0059153010162162,2.839190606881512,0.417208473891518,[-0.61198753 -0.56617677 -0.70998959],[0.20185782 0.20288077 0.20576948],[-45.66109719 -16.73971153  -2.35511555],[0.09052093 0.08909538 0.07683649]
24,1441998,000910.85+001509.1,2.0123317275180503,45.54345308599291,0.0292485860384914,2.4437944910582097,0.7217382550239915,[-0.31173869 -0.61990717 -0.27465591],[0.24714612 0.44650598 0.31461446],[ -6.13092019 -11.22808122 -11.81965495],[0.26363287 0.25079122 0.19210275]
25,1441999,000910.74+001713.1,1.3806283024206445,45.57059789279242,0.0079941109228656,1.4626504756440335,0.3206033546995616,[-0.52816622 -0.55723737 -0.83662583],[0.12419737 0.1706494  0.22159616],[-11.20581404 -10.06687751  -7.54087041],[0.21234209 0.18685004 0.13221228]
26,1442000,000910.20-001231.3,2.15452123461778,45.94269808278971,0.0092265983379071,3.2577551625138743,0.6111532267728401,[-0.32259994 -0.40716996 -0.23966444],[0.29797534 0.30367684 0.30533105],[-11.22559509  -2.19012736  -7.5188682 ],[0.18458779 0.16855145 0.14985958]
27,1442008,000909.16-000159.6,1.4978728048288117,45.70739909827505,0.0093253736138407,1.5991871078251558,0.4201748865599342,[-0.85298172 -0.63692543 -0.63884439],[0.12965442 0.16831059 0.18883997],[-10.43043133  -2.32806836 -16.60968053],[0.19205823 0.17721743 0.14341275]
28,1442017,000906.93+003252.7,2.674393132058765,46.41436055886814,0.0064959219198534,2.133025932578743,0.3430276586572507,[-0.76505266 -0.72461024 -0.80084282],[0.13692802 0.14505563 0.16276148],[ -9.43093551 -10.13160129  -3.8050947 ],[0.15571964 0.13909612 0.12516984]
29,1442018,000906.36+005919.8,1.669881340763441,45.09488938666308,0.0882061441802051,2.137591787691944,0.3558659992841052,[-0.56214157 -0.65885633 -0.45064641],[0.14197964 0.16574716 0.1828924 ],[-12.87273391  -8.58310236  -2.06118938],[0.23676049 0.22214947 0.17267765]
30,1442019,000906.06+005431.9,0.7152534092288713,45.1603899233095,0.004534684950773,1.924010722935176,0.1930906332461988,[-0.65394152 -0.72260096 -1.73826705],[0.07132065 0.07726498 0.56975294],[-17.09719099 -16.64998655  -1.66125395],[0.16855271 0.15482603 0.13834417]
31,1442020,000905.73+003730.1,3.1383602260080843,46.33722870720053,0.0100852546873397,3.070018815908188,0.6659993622511364,[-1.20436127 -1.69071445 -0.60078646],[0.31191734 0.5607707  0.38783986],[-10.43164359 -12.980172   -15.79372515],[0.18827037 0.16496528 0.11126718]
32,1442021,000905.36-001126.6,1.1801303024686844,45.786951718941765,0.0068991151962158,2.543649791143798,0.3516858141089385,[-0.66257481 -0.79827633 -0.8231459 ],[0.17359602 0.17925105 0.18885886],[ -8.81601086 -13.83298143  -2.90759969],[0.11389476 0.09540167 0.09860713]
33,1442023,000904.41-004332.7,1.8279060072453208,46.74312631130977,0.0023344699215073,2.040661694237558,0.4281241925459871,[-0.83963491 -0.93237819 -1.47102709],[0.1537291  0.18950521 0.30571338],[ -9.25785995  -2.21285253 -10.51186456],[0.05232898 0.04522461 0.02332921]
34,1442030,000902.63+002638.5,2.517564144091315,46.11822545138845,0.0062810609884458,2.8342534531544614,0.583301615031875,[-1.45588958 -1.5463045  -0.66667265],[0.39713915 0.59795706 0.53545276],[ -2.30584714  -2.51150773 -10.51558674],[0.1826698  0.16068974 0.14470251]
35,1442033,000902.33-004458.1,0.9476897476431284,45.83456510080351,0.0030349447708282,2.1885577866997705,0.42757538460155,[-0.7385444  -0.94252447 -0.8654816 ],[0.14998417 0.18660337 0.22690545],[-15.1212502   -2.12416074  -7.09070547],[0.11593803 0.06863261 0.03942904]
37,1442038,000901.84+001146.6,1.04338413293144,45.67263837696902,0.0054061454772735,3.195316814459192,0.5983707407394532,[-0.32564088 -0.35692574 -0.37613153],[0.28594808 0.28754626 0.28888912],[ -3.10855598  -8.55557972 -10.56330995],[0.10798715 0.09165696 0.10707746]
38,1442041,000901.01-000306.7,0.7121475163740058,45.29114574856164,0.0126398516871368,2.82637935827608,0.3449790175239098,[-0.4631457  -0.46447469 -0.40956992],[0.16660126 0.16720704 0.16827187],[-14.54584994 -16.87362997  -3.18621371],[0.08340551 0.08299737 0.08729561]
39,1442045,000859.88-010850.7,0.7085562261223379,44.45187555707369,0.0169645094857777,3.674948930815941,0.7234762658277258,[-0.04703954 -0.65008478 -0.41942283],[0.32530057 0.38603408 0.37609626],[-12.75840019  -8.19284903 -16.89825113],[0.20904008 0.22885706 0.15980265]
40,1442047,000859.18+011351.1,0.2868245587515347,45.34498615672286,0.001759971399192,2.2417289081528,0.2040176037303347,[-0.96467588 -1.0942474  -0.61652748],[0.08946203 0.09303943 0.10622147],[-9.99636435 -3.44898668 -1.94395823],[0.04139895 0.03434286 0.03117507]
41,1442051,000857.59+004636.4,2.4766993003343187,46.058439073222814,0.0092123925043736,1.0688932726853606,0.8825337687386295,[-0.80207698 -1.15012448 -3.31964474],[0.12815574 0.36580391 0.82307444],[-16.83300799 -14.34404546  -5.54872209],[0.21633251 0.19386511 0.14343013]
42,1442053,000856.88-010344.5,0.8704542790244431,44.42331387938207,0.0466821164059396,0.2488709724392145,2.178550586289364,[-207.00290653 -226.91757111 -207.08188489],[1.97845259 2.19384942 2.14661121],[ -7.44881547 -13.40079111  -6.67774261],[0.19600309 0.1952081 ]
43,1442059,000855.52-005050.3,2.2085440470123685,45.80422610672472,0.0160945880378626,-3.425251575775923,0.6526816906572066,[-0.32446216 -0.81375085 -0.5267229 ],[0.0374271  0.06847109 0.09577075],[ -3.17431635 -16.52853215 -13.53353995],[0.22236788 0.1778829  0.166705  ]
44,1442067,000854.64+005446.3,2.1135831515572887,45.71079164365832,0.022372473322946,2.995212510994022,0.6050961742457566,[-0.7177446  -0.91791719 -0.48540109],[0.24181978 0.31609814 0.30974885],[-12.60426635  -8.62052344 -16.32013247],[0.25054577 0.2240778  0.1754352 ]
45,1442069,000854.34-002000.3,2.1426496045008747,45.81155862763347,0.0133274472930153,1.8365986151390767,0.2399066761772242,[-0.57959349 -0.53832427 -0.5146248 ],[0.14009213 0.18079967 0.2079145 ],[-11.31085126  -5.94182908  -7.49960056],[0.22723324 0.20613736 0.16095695]
46,1442079,000852.05-002739.9,0.8793459791133869,44.97667627611099,0.013089718696932,2.765492199993261,0.3349699054573039,[-0.39387434 -0.38067713 -0.37979325],[0.15422115 0.15560784 0.15797916],[-15.12648809  -2.72372299 -16.15060649],[0.14035369 0.13111581 0.14319281]
47,1442080,000851.76-004447.3,2.46883642826621,45.87617619362496,0.012207665774774,0.6985249102097673,0.4237787031545071,[-0.47612933 -0.65978781 -2.24656379],[0.15300638 0.23818909 0.74123129],[ -7.13164886 -17.22090964  -7.1161362 ],[0.18841893 0.17289912 0.12884679]
48,1442084,000850.12+001204.7,2.121381898442127,46.35546269885222,0.0037418365375039,1.4590741091265502,0.2240785460787475,[-0.72681346 -0.70384129 -1.09693885],[0.08255493 0.1023371  0.1955047 ],[-11.10489955  -9.58987866 -16.41600839],[0.18669814 0.15880313 0.14081   ]
49,1442087,000849.73-001640.9,2.058758315089777,45.4855002130288,0.0371284579787527,2.109145655243513,0.3170956435803891,[-0.41481189 -0.371257   -0.14548348],[0.12785848 0.13643658 0.14075998],[-6.9192009  -9.65979633 -8.87101121],[0.20053498 0.20458072 0.1787686 ]
50,1442094,000848.44-000717.7,1.5672623926982376,46.00593644216139,0.0104462857412741,1.7820009337765277,0.3501418231767935,[-0.72487635 -0.95656094 -0.8281777 ],[0.12708887 0.17043309 0.17243027],[-15.88814862  -2.58129895  -7.25549338],[0.18356794 0.1565306  0.12819554]
51,1442095,000847.88-001656.9,0.7179043178518655,45.08697453562471,0.0051359102641512,1.3828822722492309,0.2226263961529944,[-0.70069108 -0.87614425 -0.65663597],[0.07295971 0.10258767 0.1287893 ],[-15.88093969          nan  -2.74629068],[0.16936036 0.14065989 0.11965975]
52,1442097,000847.66+001713.3,1.6684472174761296,45.75063943077891,0.009422640431854,2.100624829483145,0.9461841102757405,[-1.13791647 -0.78185842 -0.89419686],[0.3213784  0.43500191 0.50607913],[-16.8358668  -14.34278475  -5.16308439],[0.18440259 0.19044363 0.14750095]
53,1442098,000847.58-001949.1,2.86073637428038,46.582856852003815,0.0033975168545268,1.9931558470866968,0.393830453192433,[-0.84982458 -0.73345518 -0.83355396],[0.16386786 0.17450515 0.18469261],[ -1.83283148  -8.14864515 -11.44612398],[0.13949346 0.12723457 0.11619503]
54,1442102,000846.79+003412.0,0.8897513700764561,45.19232963319666,0.0085620407782869,2.742311773984064,0.3721516859001799,[-0.36138862 -0.36256894 -0.28730732],[0.15911522 0.1626844  0.16429755],[-12.87708991  -8.2508729   -4.66827999],[0.17290519 0.1476448  0.13924319]
55,1442103,000846.69+001725.4,1.6876343306096542,46.4026733377187,0.0056650269241771,2.696969738346467,0.4208797860783857,[-0.7808897  -0.81603642 -0.90556519],[0.18099333 0.18506079 0.18697464],[-14.29093496 -11.96523557  -8.62860714],[0.11539572 0.09536083 0.07190925]
56,1442104,000846.31+011055.2,1.086913341567943,45.541735215124966,0.0081739446062236,2.247951329570949,0.2808620547468382,[-0.67523372 -0.65084594 -0.5531699 ],[0.11504484 0.12233792 0.13979785],[ -3.6143388  -12.95626365 -14.64084286],[0.16272091 0.13973753 0.14384754]
57,1442110,000845.93-005502.7,2.382798665320171,45.874021923834455,0.0144400166400764,1.4533492828419718,0.4234730427950808,[-0.95565026 -0.9270273  -0.49589064],[0.22217203 0.31960959 0.33391078],[-14.01674156  -7.91103196 -14.33282499],[0.22458783 0.20520639 0.17174685]
58,1442111,000845.56+000531.0,0.8591915517692732,44.56679451468538,0.0494644273006201,1.8753543004910067,1.2967515226740904,[-0.54320367 -1.12453759 -1.20576831],[0.33832248 0.60226383 0.63829353],[-10.26716306  -9.07425493 -16.54419654],[0.17956094 0.20337815 0.1736885 ]
59,1442113,000844.97-004445.5,1.1084809360960033,45.14439049082266,0.013245635332133,1.919665197521367,0.7805508214490411,[-0.62306083 -6.75530336 -0.18114799],[0.33377747 1.00684502 0.47862547],[ -8.82842477  -7.68054941 -14.46083877],[0.17819485 0.15874525 0.14460961]
60,1442115,000844.73+011004.0,1.4397381650556145,45.6400931397258,0.0077114175303378,2.8423613304015367,0.4794571266214491,[-0.61707346 -0.71705059 -0.58923754],[0.21516814 0.23046118 0.23869069],[ -6.56633231 -16.7137018   -2.28617929],[0.21448023 0.16670429 0.15253554]
61,1442116,000844.72-010135.4,2.2924801467817777,46.03096849632873,0.010380764101189,1.146310295705547,0.2788147176421333,[-0.81061999 -0.89160989 -0.79689596],[0.12952754 0.20531403 0.22375529],[-15.88606186  -2.44918352  -7.28539507],[0.20750062 0.18213949 0.15556182]
62,1442117,000844.70+002550.5,2.1150254903407566,46.73406139914989,0.0060563313357242,2.037925915250451,0.3464681735602591,[-0.79539318 -0.96123276 -0.83930614],[0.1512022  0.16445571 0.17192297],[-25.29342737  -2.8786509   -8.08224173],[0.07640383 0.06707804 0.06045906]
63,1442120,000844.19-000156.7,1.935377145972896,44.94377155918226,0.1070735228076884,2.340103672928898,2.1633273979772403,[-2.64763626 -3.01121014 -3.83471303],[1.82446029 2.02410383 2.02967166],[-12.70408669 -12.3188725   -7.68172607],[0.18288194]
64,1442121,000844.16-010241.4,0.586674183059649,45.16730322452828,0.0157231005712219,2.701933624968761,0.4356665495877505,[-0.53486944 -0.60638395 -0.72158537],[0.18182741 0.18778755 0.19220067],[ -2.82051156 -17.29878111  -2.4928487 ],[0.15160264 0.12622775 0.10841583]
65,1442123,000844.04+001501.1,2.3840808016001125,46.83036207779761,0.0023754788914942,3.38171683214945,0.5864988856931346,[-0.45643813 -0.5298505  -0.4543553 ],[0.28724301 0.2877372  0.28855736],[ -3.20601042 -16.71823996  -2.69318677],[0.06014824 0.04522247 0.04295181]
66,1442132,000841.29+011257.1,0.7092698988737806,45.00365007165915,0.0064889911773811,1.649966231881212,0.2967477236672048,[-0.76467747 -0.85280243 -0.69252962],[0.09300221 0.13143404 0.16311206],[-13.14888658 -13.22009053 -13.24110397],[0.19839575 0.17458894 0.1356036 ]
67,1442133,000841.09+003720.2,3.977368439784873,46.676511648183,0.0074940860150967,2.754320594987632,0.6730257447094203,[-0.4739294  -0.61526095 -0.51736839],[0.28421229 0.31612901 0.3139881 ],[-13.54836659 -13.40185501 -11.39990903],[0.26322964 0.17173448 0.14823294]
68,1442134,000840.88-000949.3,1.731001749150149,45.598917283081896,0.0193623721197084,1.603972935082176,0.2223787286839488,[-0.20867961 -0.35142754 -0.21563467],[0.08497862 0.1360539  0.14686718],[ -8.94553642  -8.98095292 -16.67345448],[0.23006971 0.21766348 0.17695644]
69,1442135,000840.87-004813.7,1.3862663516981897,45.24092748472132,0.0263050668000666,2.128490465590666,1.8081115857760004,[-0.60810637 -1.28830021 -0.82125037],[0.93824276 1.17385226 1.11729441],[-14.75474771 -13.76089964 -16.98598931],[0.20318197 0.23063285 0.1719113 ]
70,1442139,000840.63+011419.1,1.0735730765807616,45.51625902079099,0.0149871656574127,1.551590790260171,0.2098187677732844,[-0.90857014 -0.8650438  -1.12481475],[0.10365541 0.13495767 0.23102946],[-13.27259898  -6.19204871  -6.90582607],[0.18145663 0.15196635 0.15188986]
71,1442145,000839.30-005336.8,2.61976193007581,46.82129187781542,0.0035493523616558,2.00230717868749,0.3018988076773784,[-1.06008174 -1.09527756 -1.05637959],[0.11728361 0.12352775 0.15625035],[-13.14368747  -2.575195    -4.16041078],[0.06817351 0.06019691 0.05764618]
72,1442151,000838.29-005156.8,2.895675577104528,46.68955501522404,0.0043084011717091,1.897525910993218,0.2895104040835727,[-1.05802781 -1.04910826 -1.07568855],[0.10919169 0.11541611 0.13425081],[-7.57964883 -2.84832642 -2.41553645],[0.09594871 0.09017818 0.08977347]
73,1442152,000837.68+011359.9,2.0972548164089617,46.28875002785916,0.0059579808977225,2.431492657904397,0.3920329935618054,[-0.6194225  -0.63789745 -1.05722541],[0.15114448 0.15691901 0.23069598],[-12.25930282 -13.854681    -2.56784187],[0.17579968 0.17312793 0.13486386]
74,1442153,000837.66-010313.7,1.3706222111887076,45.87263339649778,0.0058761026029863,0.0393069543269109,0.2239948752734152,[-0.74347766 -0.8386515  -0.91226442],[0.05234883 0.08172468 0.16221774],[-15.13092359  -5.96352477  -2.09754842],[0.13253133 0.11184084 0.10231895]
75,1442154,000836.99+005124.0,2.977793967763786,46.22618141441984,0.0124310845010633,2.54090230304314,0.4631612487018315,[-0.73008496 -0.72064633 -0.43280012],[0.18557581 0.21885741 0.20650492],[-12.4771638  -13.25655754 -11.79083243],[0.2250156  0.19715054 0.16524853]
76,1442156,000836.50-003101.9,1.166892390124792,45.06282162760121,0.0178961581337233,1.6971310556952344,0.6151191055742167,[-0.39358992 -0.49385356 -0.80647363],[0.20833381 0.30970653 0.39857994],[-16.13799698  -8.36301274 -10.025365  ],[0.29062135 0.2191684  0.19368375]
77,1442157,000836.31+001648.2,2.331287556189494,46.48998554802145,0.0031854789515115,2.262636486493742,0.3904813104559683,[-0.62839927 -0.65718399 -0.87105792],[0.16909594 0.17230109 0.19378885],[-12.02432571 -15.16008905 -14.60563906],[0.1427254  0.12173861 0.09993093]
78,1442161,000835.58-010559.3,1.2099747443200084,45.63140596738327,0.0078478707918137,1.5371565085981764,0.3155988334848123,[-0.81502395 -0.9629789  -0.86685762],[0.15274636 0.2136653  0.24329922],[-15.88848754  -2.33965984  -7.26204734],[0.20857631 0.16864036 0.13084309]
79,1442169,000834.71+003156.2,0.2639045200026895,45.57465156152694,0.0011074852267221,2.366929946266038,0.2727147439816817,[-0.99600592 -1.11932224 -0.74536351],[0.12575364 0.12706984 0.14033548],[ -3.77295008 -11.83938328  -2.26822955],[0.02056899 0.01750297 0.02305968]
80,1442172,000833.93-000829.4,0.3370401204337437,44.4176848729386,0.0117832924007394,2.5776378613920463,0.3741141041510931,[-0.66097246 -0.63180429 -0.4441597 ],[0.34291294 0.48240346 0.47369061],[ -0.8973374   -6.76366937 -10.8740453 ],[0.23695275 0.17899431 0.15672339]
81,1442175,000833.63+005215.3,2.967973441296521,45.42283615963643,0.089036584135318,3.21264405336502,0.6594701243126362,[-0.13718571 -0.31316978 -0.37575549],[0.32416881 0.34098967 0.38068041],[ -1.36321928  -6.70401115 -15.66605591],[0.25155282 0.23553934 0.22038799]
82,1442176,000833.40+000757.5,2.3066406141492592,45.74406361085123,0.0163310423623492,2.8635285595326336,0.6682862911238783,[-0.48190868 -0.36727264 -0.39202099],[0.24207914 0.28424508 0.34001247],[ -1.91024902  -4.32813011 -11.00811041],[0.2487859  0.23614605 0.21071333]
83,1442177,000833.38+004802.2,1.5836492596052276,45.57309063923525,0.0080395706863107,1.863981212083783,0.267347629135823,[-0.79659215 -0.87657412 -0.69279804],[0.13100133 0.16882362 0.18082181],[-12.58846007  -8.81187955 -16.31154665],[0.22313305 0.17322804 0.14482639]
84,1442178,000832.62+001854.5,1.6950030195072427,45.81096142672513,0.0084557864325667,2.371148940323129,0.520736624935623,[-0.47731431 -0.45854729 -0.31943035],[0.22866538 0.28430783 0.28865629],[-11.29604668  -5.87563218  -7.53855538],[0.25062711 0.23471194 0.16159949]
85,1442179,000832.53-005706.9,1.9780060736685128,45.78665713166593,0.0166109818035771,0.9418449988903136,0.4823215654092285,[-0.57987893 -0.75729613 -0.84644513],[0.10762891 0.16343374 0.2123328 ],[-11.82917389 -12.02809195 -11.26547741],[0.22554493 0.21078367 0.15291337]
86,1442181,000832.01+010414.6,1.299620258302734,45.05604641752082,0.0197669300395944,3.209668661917997,0.6843062790329473,[  -0.80120231   -0.41558284 -167.35016315],[0.37197212 0.50565384 0.96445058],[-12.60127764  -8.66870338 -16.31905605],[0.28247094 0.24106398 0.18444155]
87,1442191,000830.11+001952.9,2.1324918837752773,45.34164523966684,0.0639790432657001,2.928139766935347,0.8766160137600063,[-0.30617704 -0.60025348         nan],[0.28858984 0.40428078        nan],[-16.27506451 -11.82377397  -8.31591377],[0.24127251 0.22597503 0.19309147]
88,1442193,000829.77-000704.1,1.6608091122555335,46.53706828720984,0.0023881721558502,2.0950663148432467,0.2721568606509275,[-1.07639599 -1.11440068 -1.20623189],[0.1185908  0.12470796 0.14103676],[ -9.90296858 -11.92555232  -2.93887202],[0.06383412 0.06028372 0.05548894]
89,1442197,000828.78-005707.9,1.432651507428473,45.09967345465687,0.0156066413889099,0.4077865415636361,1.101248632771083,[-2.29875283 -0.62910188 -1.83035687],[0.76802294 1.07816701 1.06226137],[-14.47795357 -12.47608351 -13.50578283],[0.19269225 0.18159683 0.17809372]
90,1442199,000828.36-004326.7,2.3279601847542346,45.91920650262723,0.007025979527544,-0.2010769626235241,1.739854837984432,[-2.59477818 -1.20721176 -1.8123356 ],[0.8396455  1.0775592  1.12556219],[ -9.71810759 -12.39203539 -15.618697  ],[0.19665145 0.16653403 0.16072614]
91,1442203,000828.11-000210.2,0.2575095233348777,44.7282904837563,0.0032804799931618,2.9992553489238944,0.381210500326822,[-0.51246199 -0.64932987 -0.52305673],[0.17225775 0.17315701 0.17380877],[-10.04013596  -3.3934712   -2.76642527],[0.08390131 0.06046334 0.05247618]
92,1442206,000827.70+011452.1,1.293720965583724,45.91005355165997,0.0052253985538825,2.0902441053467467,0.2845952181482899,[-0.79121042 -0.93486264 -1.14383856],[0.12706929 0.13136291 0.30258037],[-8.23143031 -7.28408419 -7.10124177],[0.12380185 0.09793034 0.07238864]
93,1442211,000826.68-005608.6,1.79032637791067,45.34334499911477,0.0293134878758181,2.797397270509438,0.8223151200964272,[-0.69818012 -1.28176253 -0.30616365],[0.41658728 0.74780179 0.56362481],[-12.24540459  -6.13032258 -15.24004258],[0.2425422  0.24247439 0.18300419]
94,1442217,000825.77-003947.6,0.7331909666927029,44.88747040162359,0.0085797158801561,2.770592308725881,0.4925790517749,[-0.86487292 -0.79063989 -0.48366311],[0.21689857 0.24530868 0.24314988],[-15.8845887   -2.02199736  -7.23936742],[0.16128834 0.11332894 0.09152956]
95,1442222,000824.90+001043.4,0.658482806500383,45.12569092610964,0.0123237916387211,1.935877904283022,0.2436315777974963,[-0.61333992 -0.63121439 -0.61709806],[0.08327515 0.09595768 0.10532186],[-11.18580073          nan  -3.50488101],[0.191254   0.17478613 0.14455853]
96,1442223,000824.81-011319.6,2.4373892241627027,46.23951593569208,0.0061561982314017,1.5517305742896284,0.2941975609381833,[-0.73038975 -0.88619614 -1.15788651],[0.11167747 0.13550693 0.31821095],[-15.88260425  -2.54017196  -7.2801584 ],[0.16916737 0.14710126 0.12721133]
97,1442224,000824.80+003933.9,1.0552894815053917,45.18476267290493,0.0130447190743119,3.133367454657746,0.5818134677215812,[-0.4672121  -0.76734066 -0.28710782],[0.22770832 0.25712558 0.2521992 ],[-15.1302728   -2.02113189 -16.15553053],[0.23869125 0.21624293 0.1663486 ]
98,1442227,000824.01-001118.4,1.6547734735607953,45.83502349308208,0.0111547604603821,0.4910776871884812,0.2605516638451218,[-0.51401894 -0.90824839 -1.00462959],[0.05145846 0.0910654  0.19326863],[-17.3309566  -16.05990123 -14.46897934],[0.18801054 0.16527898 0.14761592]
99,1442229,000823.61+010826.5,1.5430379432612586,45.2104684527409,0.0224175240877961,3.2185616509744674,0.7745860506443114,[-0.20154873 -0.31973685 -0.04515179],[0.59968105 0.87736514 0.87853461],[ -4.40357601  -1.38468666 -11.00250678],[0.26155273 0.21472131]
0,1442232,000823.13+002437.4,1.062694667538794,45.381335441020354,0.0096019963302964,-0.2386817401999665,1.0637818604326328,[-1.47006652 -0.78574711 -1.32152089],[0.52245665 0.73225479 0.76800194],[-11.03598399 -14.62060766 -11.35238588],[0.22151819 0.18387346 0.11816393]
1,1442237,000822.32+003428.8,1.6602234673808562,45.68686647668928,0.0089271873935885,1.420798776988892,0.3122636550196488,[-0.73733646 -0.70193132 -0.6264285 ],[0.11023264 0.15376685 0.18355711],[ -9.10511995 -14.07630467 -12.24610549],[0.19744273 0.18348771 0.14695973]
2,1442240,000822.07-002302.7,3.117173625507951,46.77219804172517,0.0048062966399484,0.9182846777124278,0.1223980584992392,[-0.78127845 -0.70165849 -0.78565451],[0.04897195 0.05784437 0.06867514],[-13.01889057          nan -13.99398272],[0.10058803 0.08239684 0.07737964]
3,1442241,000821.37+005032.4,1.3829497624883875,45.76269286506913,0.004609548947748,1.5605501886973658,0.2265258376489336,[-0.78251839 -0.87446207 -0.88929366],[0.08456368 0.09617575 0.12552136],[ -5.18911977 -13.41169592 -14.84442068],[0.15231201 0.12808868 0.12719788]
4,1442242,000821.16+001559.2,2.9251714900210204,46.08068918774765,0.0133648073844803,3.060266519146722,0.6924652721975344,[-1.66244174 -0.93011354 -0.26485536],[0.59361756 0.80721573 0.80953801],[ -6.38330711 -12.42368517 -13.20671648],[0.2440633  0.21068252 0.15293789]
5,1442245,000820.83+001435.4,1.051631332394717,45.20955818351016,0.0164283617996439,1.583179347903049,0.2808781922520413,[-0.53940957 -0.48180542 -0.54959072],[0.15281537 0.21816141 0.24672566],[ -5.14877141 -11.95479992  -7.27288782],[0.25491086 0.20226515 0.15420793]
6,1442250,000820.41-005755.1,2.9915798612571387,46.289714903905534,0.0151531595803149,2.0822447137395885,0.3392222089226472,[-0.64225655 -0.65557523 -0.5281225 ],[0.12523485 0.13447019 0.13969809],[-14.54687679 -16.8784363   -5.62789857],[0.17200526 0.14306928 0.14546316]
7,1442251,000820.37+001701.5,1.412549053215359,45.94852274879261,0.0043068445944207,3.556437995838712,0.5824253170651452,[-0.49104664 -0.49103225 -0.43930379],[0.28572589 0.28978579 0.29152459],[-15.11560119 -16.13049772 -16.15536446],[0.13440319 0.11424478 0.11204286]
8,1442254,000818.95+004703.5,2.56882905960083,45.24188018629688,0.0641978539789391,1.948687325318388,2.459018546544889,[-8.9878912  -9.85569195 -9.78904421],[2.23271057 2.40214291 2.39318101],[ -6.9390648  -13.24120695 -14.85620312],[0.21573926 0.1650736 ]
9,1442255,000818.82+002144.3,3.170673380995328,46.24644422597076,0.0129686012425089,2.2274139433521154,0.4499999785753226,[ -0.32645176  -0.30278575 -38.80852004],[0.21247881 0.24432033 0.90767023],[-12.05969122 -11.22900053 -18.4135497 ],[0.21318971 0.19151617 0.13834008]
10,1442258,000818.63-005032.5,1.6506890717984817,45.2114506439146,0.0304384799741086,-5.831690324488012,1.8051369179639976,[-0.61945041 -0.26184855 -0.94910742],[0.08413377 0.13099012 0.50302267],[-10.43459425 -12.19352116 -13.7156471 ],[0.23343126 0.20410428 0.17513128]
11,1442264,000817.65+000644.9,2.261512563489247,45.38674841782149,0.0377955190996637,2.5556153179107324,0.7238231633381205,[-0.50137822 -0.6230985  -0.38827125],[0.2116613  0.26915589 0.27295383],[-13.71775452          nan -11.5474748 ],[0.25253818 0.251443   0.19663903]
12,1442266,000817.21-000934.2,0.6926583112093276,45.355886512902565,0.0153730975723185,2.045293253836284,0.3356941080771435,[-0.57787009 -0.76679125 -1.85175935],[0.10537672 0.12726769 0.55127562],[ -9.57831861 -14.69745358  -7.03227029],[0.20686482 0.18105982 0.1388444 ]
13,1442269,000816.08-001153.0,1.714835315484459,46.1089220303231,0.0052796308730975,3.559002477729732,0.6688937858725073,[-0.36602702 -0.40860532 -0.40389291],[0.30447372 0.30602018 0.30658615],[-13.68770748 -12.01779388 -11.39047382],[0.12501273 0.12032192 0.10828702]
14,1442273,000815.68+004516.1,1.0933064585295746,45.88047041321676,0.0097482653263938,2.512552253265952,0.3353881485372623,[-0.74198213 -0.86268759 -0.8412138 ],[0.15465806 0.15671923 0.1635144 ],[ -8.20469098  -2.9115798  -14.34484779],[0.10334235 0.08263647 0.09116719]
15,1442279,000814.56-005019.8,1.577631519004776,45.490677142465344,0.0169461942447384,1.61527107975567,0.5372334002845749,[-0.3911888  -0.37626424 -1.25922895],[0.24422098 0.36883289 0.59385131],[ -5.29206725 -16.2043775   -7.42722141],[0.2356318  0.20661948 0.13719051]
16,1442281,000814.09+001053.6,1.03273283757775,45.46748097080244,0.0076728020193215,0.9978331319737672,0.3654664055848092,[-1.22062152 -1.13335819 -2.1871679 ],[0.23409416 0.32970501 0.77890901],[-14.99561105 -10.68530126          nan],[0.18463612 0.15117178 0.12384048]
17,1442282,000813.73-005857.6,0.8052038123940255,44.70652308469264,0.019563047702686,2.640412485488043,0.6102839566812759,[-0.57905662 -0.88808607 -0.44107211],[0.21432264 0.27419425 0.25986675],[-15.12715792  -2.28194759 -16.16080288],[0.25075531 0.20645487 0.16332953]
18,1442289,000812.29+001312.4,1.053691342811374,45.8660626705941,0.0049421967090026,2.347099728221385,0.2529313820657515,[-0.77173969 -0.79858448 -0.88994315],[0.1248253  0.12740778 0.13107884],[ -6.78672094 -17.29738026  -8.1825648 ],[0.11186919 0.08485723 0.08388857]
19,1442290,000812.16-010344.8,2.05969833757804,45.17938555708172,0.0426266709340907,2.7828335517414766,0.8342039444865399,[-1.08720278e-01 -1.48171748e+02 -3.17695301e-02],[0.29151455 0.96311421 0.37404849],[-16.13004445 -12.59593797 -16.0062921 ],[0.23407058 0.24961214 0.21691967]
21,1442297,000810.91-010404.1,2.651743182668667,45.9295279645996,0.0130900309642356,2.699854624532011,1.016523721536601,[-0.76139488 -0.87538266 -0.55170409],[0.37538113 0.51273859 0.50354975],[-11.27156119  -2.13759741  -7.60599791],[0.24106071 0.21008136 0.17893285]
22,1442303,000809.34+004935.5,3.2914327658203657,46.34472810767219,0.0132370235576644,1.6409027785314854,0.2479502241133376,[-0.66747115 -0.71342984 -0.67113838],[0.11171794 0.13418937 0.16126819],[-15.88857625  -2.24839528  -7.23950918],[0.18893984 0.15254439 0.14642104]
23,1442306,000808.91-003902.6,2.342063637718908,45.91969715526195,0.0116726682273693,2.712143159221664,0.445431060942038,[-0.49067373 -0.38595101 -0.50290921],[0.20448032 0.20752043 0.21091627],[-15.42684844  -2.64668484  -9.45403576],[0.16046858 0.13057038 0.13840224]
24,1442308,000808.52+010541.6,1.6748747015168204,45.61216562726127,0.0177068206656869,2.8044209199380474,0.5648114055092199,[-0.62470846 -0.64085191 -0.51972847],[0.25492432 0.30402746 0.29950722],[-11.30019244  -1.6748795   -7.5256325 ],[0.24884798 0.23522429 0.15390939]
25,1442309,000808.05-010720.7,1.549241942937879,45.338221574482944,0.0216001457040029,2.31962479715632,0.5708439507887338,[-0.37431957 -0.92748333 -0.58673733],[0.17798573 0.41001039 0.27831019],[-13.65522374          nan -11.18597887],[0.21875707 0.24548218 0.178665  ]
26,1442311,000807.54-000613.5,1.4275307164121336,45.57607659427006,0.0108049897187143,2.557726328172558,0.4624955210327317,[-0.53316895 -0.55791178 -0.55550816],[0.19489299 0.21002288 0.22897695],[-14.20010844 -11.03322359  -6.61191666],[0.21924352 0.19328443 0.17732359]
27,1442312,000807.53+001619.0,1.475302480330755,46.578751651772016,0.0027792404353768,3.4200266986968915,0.6282909197397224,[-0.28977132 -0.4336303  -0.55537588],[0.30573877 0.30592336 0.30749476],[ -7.52731367 -11.8401905   -3.03012008],[0.05762189 0.04873594 0.04816006]
28,1442314,000807.24+000851.5,0.92947753735278,44.77855161422309,0.0205643038868501,2.708899980777362,0.5348857948626693,[-0.4466075  -0.46655752 -0.23235599],[0.20155481 0.21390596 0.23302134],[ -2.34240794  -2.32403993 -10.96637307],[0.22374403 0.19302036 0.15081156]
29,1442317,000806.55+000335.3,1.670782822374392,45.14486472716154,0.0581271989911762,1.6986098940415562,0.36251296179656,[-0.31476351 -0.57642939 -0.36328011],[0.10872324 0.17589976 0.16473806],[-10.0746075  -16.99977339  -6.86587105],[0.23659823 0.24616162 0.19988757]
30,1442319,000805.63-003902.2,1.6502350818824376,45.6076005755748,0.0103396315450545,2.6865161155951016,0.6707695650883243,[-0.7642785  -0.69775638 -0.45868577],[0.24925893 0.2970326  0.30130843],[-15.12511309  -2.49398213 -16.15681864],[0.21031924 0.19102769 0.15273088]
31,1442321,000805.40-001001.7,0.7347866672691834,45.968126367050985,0.0033239689273791,3.287199342830192,0.529311586791386,[-0.45523615 -0.46442452 -0.47743468],[0.26630313 0.26636847 0.26649771],[ -9.78904438 -15.46304851 -10.08175875],[0.04074484 0.03591755 0.03847065]
32,1442322,000805.18-003946.7,1.9306385810020288,45.9503771172607,0.0,2.530525627995691,0.416484188398613,[-0.70820163 -0.78476813 -0.90762103],[0.19052386 0.19833164 0.21285732],[-12.51848464  -8.50890474 -16.32533178],[0.11289909 0.09200851 0.073182  ]
33,1442323,000805.18+011033.4,2.6169337625290416,45.75842905415711,0.0137469960574954,2.1125092381701496,0.5834790132855177,[-0.44815105 -0.44838291 -3.0702493 ],[0.18033374 0.22186278 0.90197129],[ -5.34150923  -7.37673595 -15.25728505],[0.26321252 0.22847194 0.19469512]
34,1442329,000804.22-003922.9,1.6165003247984442,46.01301710683385,0.0122899524957453,3.1679893317025165,0.5815873896114723,[-0.39167192 -0.46550098 -0.64458174],[0.2636585  0.26760464 0.27191814],[-15.42306333  -2.67008     -9.44613794],[0.11927198 0.09936971 0.09096184]
35,1442331,000804.16-004139.2,0.98245881026076,45.129082379315705,0.014628253833834,2.647458757652099,0.5435773024461756,[-0.45784423 -0.41825787 -6.89904526],[0.17838287 0.19063276 0.91240238],[ -7.97845918 -11.11530958  -2.49414242],[0.18985882 0.15941149 0.15057253]
36,1442332,000804.13+000647.7,0.9130111903420672,45.25833168187244,0.008528491602739,1.6857526305833836,0.300387031595751,[-0.91298873 -0.89873472 -0.54125929],[0.13686368 0.18832719 0.20330994],[-12.87172225  -8.26521489  -5.15450294],[0.22234012 0.18560698 0.15185563]
37,1442333,000803.87-003939.1,2.0946560081511496,46.25812064304447,0.0136729424990562,1.5823378837960909,0.3603331883836379,[-0.90986611 -0.9896785  -0.94711475],[0.11858212 0.15565098 0.16322519],[ -8.96613497  -2.5261738  -10.02558842],[0.12864615 0.11023863 0.0941388 ]
38,1442334,000803.87-000208.2,1.0769816749825114,45.13618331866632,0.0139635306020942,1.6104145748938477,0.3847647281787035,[-0.55121053 -0.69950918 -0.93261661],[0.12122145 0.17986587 0.27441546],[-16.40019018 -10.81998974  -2.22205529],[0.22053775 0.20440311 0.15427678]
39,1442335,000803.84+003541.4,2.873112922320135,45.734301016718,0.0432408650402287,2.448951600020309,1.145856614432872,[ -0.77439243  -0.51392208 -77.26394362],[0.64945056 0.86107703 1.11930581],[ -1.13852065 -15.17147058 -74.02128834],[0.28992733 0.23420004 0.19463427]
40,1442340,000803.30+004712.1,0.6301735051669796,44.941134146262605,0.0180465755418381,2.676411578340761,0.3875925377462892,[-0.4385732  -0.60575126 -0.80519028],[0.15275013 0.16804779 0.20348612],[-22.9943954   -2.31341253  -7.88306189],[0.20920598 0.20299677 0.16146518]
41,1442343,000802.86+011017.8,0.9330365685830108,45.36700441023791,0.0117268450733156,1.996018867810209,0.225288671536046,[-0.50605206 -0.50438669 -0.48079133],[0.09363625 0.09902623 0.10780469],[-10.82238181 -11.78756889 -10.00738158],[0.1914852  0.16512021 0.15386339]
42,1442344,000802.83-001606.4,2.0214613839469537,45.01055829708002,0.0667124217343939,0.675732795346373,2.0677325357549683,[-1.58724531 -2.29549519 -1.79593125],[1.4806821  1.71576007 1.73153169],[-14.30065703 -10.38892067 -10.68557257],[0.21254345]
43,1442349,000802.43-001110.2,1.203036020499262,45.41549803341668,0.0106307809835755,2.2217612793701087,0.4505573583687347,[-0.46121535 -0.32499571 -0.45006911],[0.2243468  0.28894909 0.30330174],[-16.2875607  -12.053906    -5.80285964],[0.24431753 0.23731412 0.15557954]
44,1442351,000801.95-010936.8,1.0822023146293245,45.28778236473613,0.0096558388161618,2.5732122402168853,0.3180158796436718,[-0.54417684 -0.62496319 -0.46356013],[0.14926871 0.15374654 0.16545516],[-12.54648603  -8.50979341 -16.32164038],[0.16383024 0.12531749 0.11870044]
45,1442353,000801.72+004613.3,1.9215716829694005,45.76300769656162,0.0,2.1904815398267843,0.2952030522445354,[-0.62233336 -0.68972817 -0.80968845],[0.12263895 0.12889721 0.1329839 ],[-14.296147   -11.96422143  -8.6281698 ],[0.15777336 0.12402032 0.09998537]
46,1442361,000800.07-000021.4,0.7587475315381194,45.76678482232792,0.0015239491612355,2.2744674303739885,0.3762533458730177,[-1.40631468 -1.48938716 -1.22999331],[0.14461467 0.17810698 0.20491173],[ -3.90375642 -11.92711286  -3.13439166],[0.06883618 0.06020686 0.05755153]
47,1442368,000759.10-003533.4,1.2678841801948768,45.31545400561497,0.0117675949350584,-4.853895952869754,0.2155176337869906,[-0.52938504 -0.32959584 -4.98994512],[0.05098143 0.06894505 0.59409562],[-14.58466872 -16.79709715  -2.49898871],[0.20792881 0.16723771 0.15745377]
48,1442369,000758.90-000957.6,0.918260146384546,44.8710650298216,0.0141049831215518,3.097227504626355,0.4967844303716762,[-0.18520922 -0.24565801 -0.26175141],[0.23539353 0.24917334 0.24819103],[ -1.5866156  -13.49222602 -14.84101105],[0.20966166 0.19243069 0.18390651]
49,1442372,000757.64-005911.3,1.333253515021238,45.78487082156978,0.0055955978818538,1.831234387291234,0.216664968945129,[-0.70598557 -0.85288191 -1.07904948],[0.0982612  0.10993988 0.15660691],[-17.33693674  -9.19895224 -12.04740912],[0.15915919 0.12085203 0.11633572]
50,1442378,000756.85-010714.7,1.490742343080789,45.3908631086742,0.0228050216325641,0.3153598892930597,0.7554331967010524,[-0.99184584 -0.63168788 -0.63629115],[0.42292192 0.61517258 0.60871239],[-13.65564972 -13.35894958  -6.05251244],[0.22984679 0.2173793  0.14936775]
51,1442387,000754.99-010206.7,1.5823979051710046,46.21875424445072,0.0064898828083457,2.0106330290701067,0.2897173381880084,[-0.77127586 -0.79651074 -0.99916667],[0.12226322 0.14111915 0.17726724],[-1.66498966 -7.07779938 -8.05211279],[0.16390041 0.12971582 0.11120516]
52,1442388,000754.85-004003.6,0.5731412030967262,45.1621460957591,0.0229042979313867,2.221767832869036,0.4378487375955847,[-0.76079067 -0.74798144 -0.76241612],[0.1397952  0.15990117 0.20630727],[-15.89001653  -1.86524461  -7.16583556],[0.11142463 0.08432679 0.06138398]
53,1442394,000754.23-010453.9,0.918819979801197,45.556845717837525,0.0086833452791381,1.4540602160604257,0.1924722007719573,[-0.97194964 -0.9348007  -1.0359476 ],[0.06339395 0.08305845 0.18484489],[ -5.66153397 -13.4182909  -14.83088218],[0.13301943 0.11780296 0.08309698]
54,1442395,000754.22-000936.3,1.9764187154948707,45.67804331684376,0.0179242363918703,3.1592543347423376,0.6875800309760611,[-0.44520349 -0.48627074 -0.7141797 ],[0.2894425  0.30278459 0.38406527],[-15.12932523  -1.77055513 -16.17029488],[0.22745738 0.22193561 0.16811649]
55,1442404,000753.09+004701.9,1.8990455285697567,45.80941733183708,0.0161360226448756,-3.055902273997526,1.5191080251714304,[-0.76861587 -0.37577559 -1.29294797],[0.13058384 0.2011414  0.52262902],[-7.96699308 -7.58333325 -6.94198602],[0.24398947 0.2109019  0.16040551]
56,1442405,000752.70-004524.2,0.959250685301503,44.80702122166698,0.0299624435322201,1.9747158725563665,0.7564538893234506,[-0.47105758 -0.39748827 -0.98074971],[0.17981344 0.25607803 0.56621918],[-16.18957587  -9.96674868 -17.17950005],[0.21123352 0.20256647 0.18804811]
57,1442408,000752.55+002110.2,1.2719256272593178,46.32807418249463,0.0021348552332121,2.848869705833928,0.4347344530419688,[-0.62983226 -0.73152331 -0.72305793],[0.21781634 0.21822077 0.21886614],[-12.43809814  -3.39132175 -16.31722765],[0.05952308 0.0444972  0.05040055]
58,1442411,000752.00+010215.3,2.6016215151924755,45.96551305680672,0.0072827844195906,0.8054565862868677,1.091473653671191,[-0.6792182  -1.48565413 -0.55364257],[0.1522019  0.55048052 0.27156241],[-13.64845847  -2.13808051 -11.1233746 ],[0.2645562  0.21435557 0.14678806]
59,1442416,000750.50+005815.2,0.3451868554654593,44.61022912897101,0.0087942890677084,2.452467737261109,0.225277173892074,[-0.32624121 -0.51507564 -0.4906845 ],[0.09924061 0.10045113 0.10167846],[-15.55250654  -2.52389609 -12.89553054],[0.13733641 0.11130702 0.10134828]
60,1442417,000750.05-000914.7,0.8002332241779271,45.86429768071762,0.0041358744592052,2.2289204887065805,0.2440231750823616,[-0.86317111 -0.91154481 -1.03012341],[0.10807137 0.11102346 0.11944245],[-13.12824754  -3.46605851  -7.01126223],[0.06607907 0.06364852 0.06835263]
61,1442420,000749.41-002714.3,2.172613089970619,45.86194013929909,0.014453803330177,2.8116114271176413,0.6229251763439168,[-0.44307162 -0.45400854 -0.4427958 ],[0.22019633 0.2478096  0.25026927],[-15.41371121  -6.05869869  -9.76295207],[0.24152322 0.23733642 0.18236309]
62,1442421,000749.16+004119.6,4.794380916936136,46.92367406681261,0.0947395009361535,0.7829810783744452,2.2246773000768183,[-0.1931277  -0.59217928 -0.72041607],[0.59475793 0.81929075 0.84088109],[-17.09410606 -16.65506605 -10.53850223],[0.22147395 0.14913178]
63,1442422,000749.13+001815.9,2.4710227310597324,45.9908060578772,0.0091967592560244,1.821483266526287,0.5742223380946565,[-0.6405936  -0.68195029 -0.69809427],[0.12266333 0.17726821 0.19882591],[ -9.11131766 -14.08078886 -12.24603311],[0.21741176 0.22915314 0.15500398]
64,1442425,000748.54-000350.2,1.2376353988567874,46.49222245207645,0.0017010291680783,3.6908839694472255,0.6542285832589232,[-0.40741985 -0.50678413 -0.54036556],[0.32483629 0.32519227 0.32556236],[-14.70511539 -13.38069263  -3.46282232],[0.04331256 0.03509381 0.03959666]
65,1442427,000748.22-002108.8,1.5801510050825036,45.47261191997004,0.0215180276961248,2.2039379680236824,0.393821545240039,[-0.40196994 -0.63919957 -0.73910339],[0.16097313 0.18116897 0.21050793],[ -2.64778358  -9.21388099 -16.73460401],[0.21114406 0.2003529  0.14061651]
66,1442428,000748.10-011322.6,2.1304283493210963,45.3074927523525,0.0422905464742022,2.286605957019153,1.426872365528312,[-1.69726476 -5.22348061 -0.29935634],[0.81595827 1.25447299 1.16811201],[-14.75188513 -13.76309053 -16.97291478],[0.17492856 0.1883474 ]
67,1442431,000746.92+001543.0,2.485428392323004,46.49089811102618,0.0027609432781332,2.0107329637141538,0.3424569201062142,[-0.96869046 -1.16242698 -1.13494083],[0.13088387 0.14427681 0.16450398],[ -8.64049582 -12.86469197  -2.8436546 ],[0.12581614 0.08988831 0.09160566]
68,1442432,000746.51+005213.5,1.821553909496831,45.95921744929573,0.008749405397797,1.6040938185424642,0.240595642469012,[-0.80508221 -0.81072906 -0.95477958],[0.09730756 0.11506058 0.13394857],[-13.26492457  -6.15913535  -6.93359764],[0.17495896 0.1722766  0.14338751]
69,1442435,000744.96-004547.2,1.2659115838365391,45.28986945227332,0.0109199752570283,1.7067936609230807,0.9982046706376336,[-1.12718161 -1.2303899  -1.93036603],[0.84471182 0.99479054 1.06449935],[-11.0526816  -15.95119885  -8.05255466],[0.22109034 0.15997039 0.14559295]
70,1442436,000744.81-003359.4,0.5530905179330783,44.946281405755485,0.0187863772130185,2.035200023886094,0.2342492684901317,[-0.66547902 -0.58958819 -0.68941375],[0.09650095 0.10976148 0.14946725],[ -2.37019029 -17.30198606  -7.98537988],[0.16411704 0.14459418 0.13960644]
71,1442437,000744.78-003544.9,1.694527737194782,46.09325359893868,0.0115080331302586,1.9340847324150308,0.3240025075783064,[-0.84568764 -0.79078339 -0.77113405],[0.1131439  0.12136202 0.13835847],[-16.22466038 -10.31246509  -7.6933394 ],[0.15594609 0.13329244 0.12957634]
72,1442438,000744.69+011423.6,2.592793898171149,46.09909491985053,0.0076765440932895,1.8105410011239955,0.2593499299043561,[-0.67965559 -0.62870004 -0.69521979],[0.09940363 0.11320377 0.14862929],[ -5.93343383 -13.47515555 -14.82807317],[0.17771882 0.15273069 0.14449199]
73,1442440,000744.61-005451.3,1.2659962806157192,45.99522556523677,0.0041389485675082,2.0988451297916697,0.2215010090711634,[-0.83022575 -0.9327774  -0.9874579 ],[0.10232202 0.10593731 0.12030369],[  -3.04514575  -42.55790719 -123.03770011],[0.10958372 0.08781197 0.08618028]
74,1442445,000743.78-002432.4,1.5434479679064492,46.56923717532878,0.0021540498523293,2.7396097239657884,0.4073796829225355,[-0.78362954 -0.88686599 -0.76131229],[0.19930743 0.20006763 0.20100468],[ -8.78711513 -13.74226873  -3.04756175],[0.04618221 0.04102583 0.048351  ]
75,1442448,000742.96-002148.5,1.7192905716360292,45.907914348495616,0.0090682169596654,1.5013493463254288,0.2222944977607116,[-0.78965778 -0.81008779 -0.9993455 ],[0.09540865 0.13118479 0.25077511],[-11.68594689 -11.2372636  -13.79618064],[0.18183784 0.17803855 0.13760857]
76,1442449,000742.90-005220.4,1.4035760537591822,45.09895215341572,0.0169052618250731,0.8523250937296777,2.2569940536819217,[-2.72988636 -3.8981986  -2.92542253],[1.87611628 2.08834776 2.0589965 ],[-16.75817363 -11.50973011  -7.09022498],[0.20067225]
77,1442450,000742.77+000318.8,1.0720078080102968,45.003789548187854,0.0169088935560246,0.9713791693553976,0.6726287621943386,[-0.14581189 -0.41245008 -1.87283671],[0.12061008 0.19567244 0.69132851],[ -4.50006216  -5.14256531 -10.29191197],[0.29582329 0.21308943 0.17213968]
78,1442458,000741.42+011209.4,0.7773767186203501,45.18529759157008,0.0056957319883359,2.4985268008442194,0.3692236084196314,[-0.61206616 -0.57973213 -0.35587939],[0.15621967 0.1646917  0.16914607],[-13.54150723 -13.360469   -11.22200388],[0.15230509 0.14080374 0.1343671 ]
79,1442459,000740.88+002620.1,1.0467950583242378,45.01705476818828,0.0205903835689902,3.1341287654609404,0.8716981051616282,[-1.51773709 -0.43060105 -0.62374929],[0.61743547 0.84529223 0.85135263],[-11.84997637 -13.50492504 -14.6330525 ],[0.24850863 0.2443089  0.18062448]
80,1442462,000740.54+010914.6,2.3137434517047195,45.22254410166422,0.1225110426033921,2.311638062155942,1.863819422780947,[-1.72770859 -1.7358911  -1.03947452],[1.2145512  1.42643361 1.4212482 ],[ -9.37780837 -14.07877272 -12.25612314],[0.210689   0.23073491 0.22102593]
81,1442463,000739.81+010235.2,1.673963804983351,45.841263551096425,0.0084837679635754,1.4303926162443086,0.2967429308173929,[-0.78573967 -0.84644903 -0.85623282],[0.10417238 0.13774817 0.20785139],[ -8.19798625  -6.04560025 -14.36188031],[0.18935294 0.18822262 0.15192529]
82,1442465,000739.54-000519.8,1.902931220458212,45.80197703243459,0.0372332457292294,2.369051990962335,0.317412172766421,[-0.55023951 -0.65274318 -0.77677205],[0.13697094 0.1405248  0.14909756],[ -3.10984939 -17.29234806  -7.97297048],[0.14599204 0.15015621 0.1195619 ]
83,1442467,000738.57-001751.4,2.2289266399402465,45.16657420294636,0.0705828404548647,2.76319060314966,0.5851151496114504,[-0.45694319 -0.3678764   0.56225318],[0.23188321 0.27202955 0.30002757],[-14.55246673 -16.87748695  -6.66786097],[0.25760329 0.22159618 0.19638446]
84,1442468,000738.53+005835.4,1.852750824839246,46.32302060047887,0.0105528503164578,2.2386577190137453,0.3383870692738835,[-0.96586937 -0.98256879 -1.20828502],[0.15023719 0.15228546 0.18213278],[-7.47367661 -3.97441699 -2.5821456 ],[0.07886848 0.08129523 0.07080623]
85,1442470,000737.86+003657.6,2.6091607952909133,46.24957201384687,0.0054930735106424,2.270686298520852,0.4402251933926148,[-0.56127378 -0.56971257 -0.75191757],[0.18241032 0.2010106  0.25456975],[-12.31734372 -16.92276602  -5.61868434],[0.17323935 0.1528898  0.12516602]
86,1442471,000737.51+010709.4,0.7933421729199214,44.9986257837401,0.0090110792572488,1.180172791477201,0.1937591606918056,[-0.70414451 -0.57752747 -0.32936799],[0.08399724 0.10627755 0.16600134],[-14.20301751 -10.87132425  -5.00446408],[0.21842062 0.18584326 0.15029103]
87,1442473,000737.13+002003.2,1.103491945532536,46.12492937873336,0.0038009722608052,2.6810859025090723,0.4253561185781604,[-0.81373798 -0.93766992 -0.84684705],[0.195161   0.19704382 0.20065485],[ -8.11297993  -3.48347444 -14.29539546],[0.08848458 0.06488003 0.06536445]
88,1442477,000736.31-003310.0,3.3350807097586244,45.95356399367893,0.0631557751900082,2.285916029557497,0.5244795451137699,[-0.3551665  -0.06645585 -0.58635815],[0.19148046 0.24434117 0.5026442 ],[ -5.97614858  -7.09110885 -15.25952636],[0.2509961  0.25765953 0.20891461]
89,1442478,000736.23+001830.5,2.256915024279647,45.76138999056992,0.0205026256693692,0.4884437814033458,0.5046020020964691,[-0.58144546 -0.7241978  -1.27274219],[0.1102454  0.19615758 0.46393587],[-15.92515894 -17.29351012  -6.85263171],[0.23278717 0.21736637 0.16920376]
90,1442481,000735.99-010056.5,1.2859735000172716,45.84504445837688,0.0051865524573706,1.894615450735976,0.2318382036071834,[-0.8845311  -1.01383043 -1.14515794],[0.09295188 0.10294974 0.14361734],[-17.33440176  -9.20630509 -12.02611059],[0.14608665 0.10881202 0.09591343]
91,1442485,000735.42-010703.7,2.2824387134073394,45.70450565582928,0.0209612355343722,1.3430056383996014,0.2260640867451783,[-0.47800891 -0.5731169  -0.44650885],[0.13197025 0.18375155 0.23061535],[-12.87449758  -8.32343001  -4.84433316],[0.23526247 0.20720624 0.16652037]
92,1442486,000735.30-003104.0,2.809559067543959,45.509158865364654,0.0498304618315543,1.8788953648116835,1.5497078312329873,[  -0.77893483   -1.02251645 -227.28406243],[1.00089019 1.15034625 1.38748932],[ -8.03154626 -11.58238909 -16.2200668 ],[0.22548411 0.22854118 0.19642625]
93,1442487,000734.70+011046.9,1.0898566271858785,45.81624284632368,0.0052983376735511,2.013277402932608,0.2954393033506437,[-1.03092447 -0.88101356 -0.66859164],[0.20816815 0.28917265 0.28275728],[ -2.34854046  -2.34325332 -15.6713837 ],[0.13966591 0.11629871 0.11114769]
94,1442498,000733.64+002035.7,2.595789300165824,45.82580807536424,0.0167205592907322,2.276773430554302,0.4867372736358545,[-0.46381382 -0.49295434 -1.38514519],[0.18773103 0.22323967 0.5252355 ],[-12.59938294  -8.49760056 -16.32933284],[0.24783807 0.21249296 0.17304962]
95,1442502,000733.00+003259.1,1.4097746796936008,45.57813467584412,0.0087130562146882,2.5844355763671416,0.5175326862896323,[-1.04485839 -0.68759063 -0.32347621],[0.43313682 0.60186998 0.59425893],[-14.75046347 -13.76210491 -16.98884577],[0.24752074 0.22935099 0.15119199]
96,1442503,000732.91-001014.4,2.0854739341867385,45.26430149052388,0.0514311923350732,1.332264681065514,1.6962494148234235,[-5.75477578 -1.20352703 -6.33734904],[1.42705262 1.65520862 1.68536506],[-16.42217428 -16.13877668 -12.13290746],[0.17128011 0.2019605 ]
97,1442504,000732.68+004005.7,2.711901124931176,46.14039327799094,0.009788929837569,0.7166164720957497,0.338917216148203,[-0.797985   -0.76712931 -1.23043527],[0.09233727 0.13420373 0.47135716],[-12.56892874  -8.51384067 -16.31766106],[0.19528299 0.17151952 0.13257061]
98,1442507,000731.16+010411.1,3.4729903809275986,45.99540451453114,0.0243746686583712,3.105525327880472,0.6821789045747562,[-0.25599274 -0.45671222 -0.26654033],[0.32173705 0.37036624 0.37977435],[-13.71505015  -1.51823034 -11.5513685 ],[0.30865354 0.23715121 0.17897357]
99,1442508,000731.14+010804.5,3.1502468112307747,46.32718676099655,0.0116275044527007,1.5209490514311998,0.2008051690792068,[-0.82544464 -0.829337   -0.92933488],[0.10068995 0.13310368 0.19964785],[-15.88006151  -2.24436551  -7.27139192],[0.17436353 0.16636584 0.15586334]
0,1442510,000730.97+000429.0,2.0781188760888787,46.12122730488928,0.0076470151622842,1.4436888528948109,0.279282465012556,[-0.84679503 -0.67964764 -1.30103661],[0.11311211 0.15262666 0.44948699],[ -8.15512421 -12.83708595 -15.78334193],[0.20680545 0.17412984 0.13388943]
1,1442523,000728.44-000527.7,0.720429233587246,44.615248418176,0.0185414988565177,0.6141103320093522,0.8468973428677049,[-0.13226379 -0.83048838 -1.02239348],[0.14539293 0.37268969 0.51781856],[ -5.37994827 -14.92866586  -7.72857887],[0.23068433 0.22848213 0.18631975]
2,1442526,000727.97-004516.7,1.421211630907298,45.68536644322791,0.0108599330051646,0.7282084260077685,0.626494363115074,[-0.30961136 -0.96324191 -1.21501578],[0.14333455 0.24374189 0.30138633],[-11.01475431 -14.61805656 -11.3864903 ],[0.19528069 0.16350963 0.09652006]
4,1442533,000726.10-004020.9,1.5175941997597877,45.77634057238658,0.0067336087566012,2.2254843217239406,0.5749929610181409,[-1.10370961 -0.79028764 -0.80316182],[0.35992468 0.48764354 0.52330669],[-15.41660765  -2.33538396  -9.46254506],[0.16832585 0.16078817 0.09266005]
5,1442536,000725.18+003645.0,2.0339380012813084,46.48117698691447,0.0031346868347483,2.072586479283597,0.2775229008607234,[-1.03501389 -1.08546683 -1.10842753],[0.11898857 0.1236493  0.13733269],[-9.03312576 -3.06410249 -7.85648716],[0.08170829 0.07527991 0.06962444]
6,1442538,000724.84+004020.5,2.146684419120552,45.66813267218123,0.0269411314359047,2.122080043670884,0.4614802858112775,[-0.60709562 -0.2814905  -1.50863721],[0.22409246 0.3005564  0.68900377],[-16.49564435 -16.76992427 -15.39529881],[0.23390485 0.2115973  0.18520101]
7,1442539,000724.67-005106.0,1.4141849383863183,46.08812386488045,0.0061263595736065,2.7661935511934987,0.5180905584629756,[-0.44264748 -0.52244227 -0.50907174],[0.24682796 0.24870355 0.25292382],[ -8.20873949  -2.73258346 -14.3686298 ],[0.12995621 0.1022766  0.10365269]
8,1442540,000724.66+004846.5,2.0263071053225405,45.52087613826504,0.0293899257199292,2.9910080765376703,0.6258736512298244,[-0.81592015 -0.55770781 -0.13497262],[0.34392391 0.39861043 0.40262367],[-12.87433959  -8.26054252 -10.56656956],[0.26088881 0.22514825 0.18694299]
10,1442548,000723.25-005112.5,2.9683293842055347,46.37612784135597,0.0076192055171837,0.5632944953427869,0.2392276508618915,[-0.87968776 -0.73130567 -0.60920691],[0.13047141 0.18718426 0.23436427],[-16.83158883 -14.34424806  -3.52265097],[0.16661483 0.16276882 0.13563984]
11,1442550,000723.16+002559.2,1.836230157581061,45.73553905672365,0.0125574158481924,2.749901422352857,0.6768899037223739,[-0.44170452 -0.43489139 -0.46736195],[0.2168993  0.24128884 0.26985974],[ -2.34069175 -14.97131125 -16.88340224],[0.2286443  0.21594393 0.15250035]
12,1442551,000723.06-005209.2,2.815332184373377,46.28800648295635,0.0092802440857084,1.45823663402,0.2992030290339993,[-0.96559096 -0.91567537 -0.80286094],[0.11598688 0.15447539 0.18531925],[-15.88277875  -5.48426209  -7.26437927],[0.17448222 0.15626094 0.13399518]
13,1442553,000722.41+005258.9,3.276508273831881,45.84638109379154,0.0270322586124898,1.543599302496888,0.269117634940811,[-0.4192306  -0.36004553 -0.46509167],[0.18168909 0.25073282 0.2711418 ],[ -4.22728489  -8.8201125  -11.86436295],[0.26599376 0.22745672 0.17369587]
14,1442554,000722.26+001018.3,2.078328751416866,45.50175833439855,0.0235246130619621,0.6988537637308069,0.2656945877882247,[-0.48349585 -0.66266359 -0.6327429 ],[0.09011837 0.16168341 0.23117573],[-11.74019202 -14.6079558  -17.23666758],[0.23361078 0.23870492 0.17544188]
15,1442555,000722.00+000845.2,1.923104457495176,45.82768506767608,0.018126674873244,1.1272272379656008,0.3962355357974683,[-0.61055593 -0.76466019 -1.12964072],[0.10481081 0.15715541 0.40401159],[-15.12251974  -6.25705542  -1.90175068],[0.21307991 0.20513509 0.15032631]
16,1442558,000721.92+011253.6,2.3641684344010505,45.99389422113082,0.0076842873824602,2.0606567169180083,0.3376494621900483,[-0.64860655 -0.73863705 -0.38560083],[0.14502894 0.17260253 0.19255241],[-15.13015368  -1.68285479 -16.15339256],[0.20894167 0.1937861  0.14823273]
17,1442565,000720.83-011331.4,2.53380794178127,46.14035727945949,0.0061820562310046,1.8504696086798944,0.5704841632922998,[-0.71889922 -0.70223711 -0.76908511],[0.10867644 0.13048284 0.15608801],[-12.55194368  -8.50694475 -16.31896858],[0.18630431 0.14892531 0.13962613]
18,1442570,000719.90-003544.4,1.1465482407230771,45.4225731731033,0.0084930466900026,2.2601202468248656,0.35521304748699,[-0.44902506 -0.44114348 -0.82453819],[0.13565226 0.16382285 0.23254694],[-14.20458171 -11.02214801  -1.85504693],[0.20399526 0.18152024 0.13920763]
19,1442571,000719.85-010419.2,3.051497637698708,46.21395528673578,0.0092061965477512,1.83099545372472,0.3134253865392835,[-0.56634979 -0.62233537 -0.75434375],[0.13427054 0.16079485 0.20691607],[ -6.07640615 -13.48595355 -14.84779536],[0.21687969 0.17244822 0.15701876]
21,1442574,000719.32+001732.5,2.6556284250558653,45.56993786881571,0.0306441937048838,2.6047072729666745,0.9709089039761152,[-0.45517198 -0.53994051         nan],[0.24393808 0.33666261        nan],[-10.10590049  -3.56865433 -11.64253586],[0.24620052 0.25015215 0.20526203]
22,1442575,000719.11+003932.8,1.523304802910391,45.20649861433403,0.031312794846908,1.971165127099596,0.7288362586236969,[-0.40287624 -0.51041761 -0.55589066],[0.19393634 0.30276092 0.38217075],[-12.20228227  -5.7806479  -10.9803295 ],[0.253666   0.24543211 0.19211273]
23,1442577,000718.43-000519.3,1.099975679301421,45.54286912448631,0.0047593387330522,2.571380630744965,0.3358696398050325,[-0.50037532 -0.46253606 -0.42464175],[0.14294103 0.14718429 0.15081952],[ -6.7370595  -14.67495221 -16.14167639],[0.18377025 0.13879423 0.14420844]
24,1442579,000717.82-005137.7,0.5262037876929588,45.28998671062094,0.0142616265603834,2.5348247926523126,0.3037763483475439,[-0.44165675 -0.49272025 -0.60717413],[0.13833717 0.13861519 0.1395714 ],[-15.86823104 -11.51012871  -3.02561546],[0.08282408 0.07901113 0.0658941 ]
25,1442580,000717.73-002811.3,1.9008914332186573,45.48584049141631,0.0,1.8432559356196103,0.4250516044265576,[-0.82693836 -0.94281608 -0.81033084],[0.15726422 0.22874973 0.22755662],[ -2.11945298  -2.38773503 -15.66334024],[0.211996   0.18797388 0.13350377]
26,1442583,000717.53+002113.0,1.3498175086709243,45.64505643441716,0.0073872552638469,1.610757178003242,0.270410953047536,[-0.66917699 -0.85211128 -0.35116949],[0.10477093 0.1485605  0.1525361 ],[-9.88096882 -6.43331795 -8.02123649],[0.20535215 0.17586931 0.14033337]
27,1442584,000717.52+010215.1,1.0510858939263452,44.85048985990206,0.0320213159731181,2.152703208771749,0.3213345644381201,[-0.24282501 -0.4979185  -0.24533422],[0.14431621 0.1760745  0.18145906],[-9.92873545 -5.66473758 -4.86151827],[0.26001284 0.22145918 0.1525462 ]
28,1442586,000716.99-004056.4,1.261968064503593,46.07268025271944,0.0035033437098377,2.43496056210037,0.4429337646709244,[-0.8819592  -0.88029116 -0.70595584],[0.190146   0.20744836 0.20520407],[-10.58788969 -10.06753908 -12.1928817 ],[0.11440234 0.06777854 0.04045424]
29,1442593,000715.42+003426.5,1.7866193727277222,45.777089703326624,0.0055600858642073,3.0441105775277464,0.5346450044475963,[-0.26508081 -0.35481149 -0.12298878],[0.23656743 0.24459115 0.25066483],[-16.84183364 -14.37311955  -9.79195862],[0.2201775  0.21786813 0.15204694]
30,1442594,000715.42+001538.3,0.2592385593356114,44.74503188611679,0.0031850676937281,0.6772216886161799,0.3154845472518809,[-1.03772855 -1.048587   -0.74563042],[0.08456491 0.1284147  0.13137577],[-11.69460356  -2.95747772  -9.35954456],[0.13937734 0.08355175 0.0629765 ]
31,1442597,000714.22+011441.6,1.5205121940083937,45.81570691295296,0.0087107003041388,2.3801675567746146,0.3239074040387832,[-0.71312697 -0.69962479 -0.87923268],[0.14416195 0.15718211 0.17276862],[ -8.98167566  -2.85460418 -10.02849307],[0.21027117 0.1607679  0.15245691]
32,1442603,000711.94+004003.6,1.529516831886901,45.73424322798622,0.0115200951218383,1.961704444105142,0.6483727096429355,[-0.4373898  -0.72002305 -0.59345633],[0.11493983 0.16332324 0.15022135],[-13.66011736  -2.91955187 -11.09209201],[0.19707548 0.16288506 0.1324375 ]
33,1442606,000711.69-003536.0,1.1220066765583687,44.94797170451813,0.0324737268626407,1.952308337397077,0.8555014586413551,[-0.93876321 -0.65289936 -1.3368875 ],[0.71875282 1.01437239 1.02936941],[ -9.84322276 -13.64108542 -14.8832422 ],[0.22801614 0.18707686]
34,1442611,000710.57-003906.4,2.025791420088789,45.84060001290904,0.0241112553052715,1.6376179741760872,0.3777743414224178,[-0.48849706 -0.74740342 -1.07006954],[0.133774   0.17912541 0.36807771],[-11.63677702 -11.28773591 -13.79664846],[0.22162361 0.19346041 0.11973691]
35,1442614,000710.01+005329.0,0.316218494103491,45.56323003036223,0.0024942026900802,3.0488020451735207,0.4161742482510751,[-0.34851284 -0.47686442 -0.08347316],[0.21347236 0.21437547 0.21427785],[ -8.5678781   -3.56061053 -13.88264044],[0.02347001 0.01958609 0.01778824]
36,1442616,000709.92+001854.2,1.4421554575292488,46.64852944761151,0.0033656299553044,2.7300345006410964,0.4363927039947943,[-0.8535297  -1.01967157 -1.00278434],[0.20816391 0.20980537 0.21457912],[-3.69726808 -4.75144889 -4.13162657],[0.03949445 0.02971158 0.03519338]
37,1442617,000709.74+000009.8,1.1136434255038166,45.28777422720243,0.0121922255289952,1.4953198630089923,0.3054349508531092,[-0.57187003 -0.6288581  -0.54804556],[0.15164303 0.20585063 0.23123637],[-11.84021053 -12.02054495 -11.22243094],[0.23117248 0.19581454 0.15038738]
38,1442618,000709.65+004418.9,0.9006236371907023,44.41304956669236,0.0370455094957655,1.4580971047708704,2.230974073922732,[-3.46443453 -3.6916649  -3.91576419],[1.78193518 1.98944257 1.98498727],[-12.71329714  -9.19757586  -8.10672215],[0.22002488]
39,1442620,000708.69-010448.6,1.8849948596952013,46.006638985021794,0.0103198346319643,0.4303756364526658,0.2690223969619972,[-0.50032464 -0.72056595 -0.75176451],[0.06927743 0.12926705 0.17138827],[-16.05849938  -5.79921709 -15.41912576],[0.18545145 0.17944971 0.13952518]
40,1442622,000708.19-003743.7,2.0541353768976536,45.94577369897459,0.0121320629861436,1.384411134904958,0.6389765638193299,[-1.17249299 -1.04701683 -1.6913418 ],[0.47833828 0.65149551 0.76563616],[-11.65724687 -11.30128657 -13.79778594],[0.19513462 0.18085617 0.12572601]
41,1442625,000707.57+010147.5,2.473192256542273,45.70263229757587,0.0196641807827475,1.6695732033348278,0.2532125045495008,[-0.47335627 -0.33747418 -2.53526283],[0.12460683 0.16344423 0.86449578],[-16.49358902 -16.76726685 -15.39505134],[0.25604931 0.21841439 0.18845065]
42,1442627,000707.55-003427.6,0.7988497048568968,44.74497551105231,0.0189615466472936,2.410290324827738,0.5334986564548562,[-0.9812864  -0.73686326 -0.41908467],[0.3569406  0.49579679 0.51909487],[-12.34059297  -9.85185763 -12.879631  ],[0.19918856 0.19733074 0.14070638]
43,1442631,000706.78+001432.0,2.346486826657643,45.45990017350396,0.047361868207858,2.347826563633596,1.1347589018938409,[-1.14966311 -0.54151153 -1.399397  ],[0.59677327 0.80730844 0.88581516],[-15.42467136 -20.06182607  -9.45451515],[0.23118946 0.22702136 0.16603451]
44,1442633,000706.70+000651.9,1.7603855056574975,45.88898082813712,0.0106063273598628,2.692874716517111,0.6181238276459426,[-0.74155318 -0.73124328 -1.06849579],[0.25336055 0.28976512 0.37824113],[-12.3538499  -14.98975214 -14.25768021],[0.15916777 0.14690728 0.11742307]
45,1442634,000706.58+003517.0,1.4867645178190716,45.44222512625901,0.0165418392049545,1.4823055126451106,1.0940206492093716,[-0.83670954 -0.51115464 -1.09556196],[0.46237181 0.66479326 0.73340018],[ -6.78739974  -8.13868547 -14.41863693],[0.22662154 0.20051307 0.1382597 ]
46,1442636,000706.20+001313.5,2.607072210782003,46.14328948418546,0.0074497059026548,1.751620322281549,0.587822457357884,[-0.87617035 -1.15233679 -1.7040181 ],[0.19057806 0.34414765 0.67212855],[-11.6317674  -11.31601761 -13.7953494 ],[0.20539692 0.17669866 0.13512242]
47,1442639,000705.64-002351.6,1.006920520734762,45.63237816169397,0.0041083974903486,2.3117702014052166,0.5408951987110227,[  -1.17404449   -1.12231525 -107.25342915],[0.3034032  0.42965012 1.00681487],[-14.6642835  -13.5817392   -1.17815747],[0.18097768 0.09486404 0.0720793 ]
48,1442644,000705.07-004913.4,1.6366201859057283,45.52517060563282,0.0199434324505922,1.6545711473007496,0.9618354856429154,[-18.58120213  -0.46835535  -1.18690574],[0.6689325  0.94928282 0.96338759],[-16.82943989 -14.34339059  -5.60787148],[0.22726256 0.19831992 0.13853889]
50,1442653,000704.39+010344.2,1.0904432294528936,45.13232722110252,0.0174358780398335,2.281839221611002,0.2780564955595268,[-0.38431247 -0.46736949 -0.45250274],[0.13382453 0.15961665 0.15952688],[ -1.50087293 -10.97822896 -14.08263673],[0.2352602  0.18535944 0.16983825]
51,1442657,000703.17+003126.0,1.6881128543055737,45.93919249279718,0.0056487560844082,1.872023730930493,0.3568471514017305,[-0.49658808 -0.92196521 -1.11285857],[0.11605682 0.13846209 0.19208519],[-16.39789089 -10.82695131  -7.51024103],[0.15439365 0.14779948 0.10015548]
52,1442664,000701.61-001017.6,1.715920717952563,45.787223950322776,0.0121524423002767,0.9502521966455232,0.8401856363141853,[-0.65512981 -0.9102258  -0.70642058],[0.39557628 0.61358345 0.56508918],[-11.83360639 -12.03887053 -11.23348354],[0.24025912 0.19871041 0.13531211]
53,1442665,000701.42-011459.1,2.057565735376406,46.34913358546877,0.0057706974302682,2.8919054501198267,0.5816808757964189,[-0.21745617 -0.35908521 -0.41116073],[0.27297621 0.27525979 0.2783384 ],[ -5.71834253  -9.4862123  -14.13872795],[0.08292092 0.07813548 0.06365404]
54,1442666,000701.37+010928.4,2.7829834510486062,45.7724514654581,0.0191808888938211,2.0851408106735017,0.2899963103477058,[-0.43382634 -0.39619408 -0.34279555],[0.12649239 0.15108529 0.17258535],[ -9.47650702 -12.59161572  -4.81791725],[0.25515885 0.22224651 0.19416367]
55,1442667,000701.32+002242.3,0.8904854087519293,46.69823022667936,0.0010276087304426,2.851553913332758,0.4737182762250285,[-0.94098374 -1.00960734 -1.0182446 ],[0.22145461 0.22294805 0.22474195],[-12.73417214 -11.83978805  -3.67851158],[0.01945884 0.01593178 0.02087848]
56,1442669,000701.05+011215.1,1.6048141544724075,45.02684553348695,0.0471329641138993,2.6516351006362875,0.7957882560816507,[-1.4042944  -0.36626781         nan],[0.63038123 0.8874394         nan],[-11.81814494 -44.48664693  -1.73373586],[0.30094107 0.22614167 0.18191026]
57,1442670,000701.04-004435.0,1.3643052669912477,45.779832228235,0.0091129565566632,2.7361642877702783,0.5144489258333864,[-0.61723439 -0.60334666 -0.61921316],[0.21242145 0.22377021 0.22313676],[ -9.10591424 -14.0693092  -12.24894526],[0.1320322  0.07199258 0.05946131]
58,1442673,000700.19+003742.1,1.0821869204164514,45.51653531298812,0.008747940030755,2.4858141282057016,0.4826976196936949,[-0.9036522  -0.64727156 -0.75146151],[0.29341821 0.39312546 0.41391197],[-12.57928413  -8.55332434 -16.31674901],[0.17569185 0.11478369 0.07628855]
59,1442679,000659.29-001740.8,2.0335104486535007,46.58592164950071,0.0035896416153775,2.101537060715482,0.3684051061708715,[-0.848675   -0.98727444 -1.15375192],[0.15846535 0.16847008 0.19687297],[-9.21259199 -3.18072731 -9.34519709],[0.07458498 0.06055654 0.04401939]
60,1442681,000658.77-003720.0,1.6456078305710329,45.84635586357877,0.01065400328471,0.1435220921644593,0.6108855797323643,[-0.61504532 -0.91203909 -2.04058874],[0.15547108 0.29869686 0.71106144],[-11.05128748 -14.61760926 -11.36158595],[0.18559956 0.17618084 0.1105857 ]
61,1442684,000657.63-010358.8,1.4472714830227729,45.88595125521277,0.0086799244733342,-0.0092317869208102,0.6763458746446742,[-0.4282949  -0.88829827 -0.79642422],[0.08948755 0.15467369 0.19250569],[-17.32505034 -16.0591084  -14.45328253],[0.13689623 0.09458066 0.05789231]
62,1442695,000654.88-001351.6,2.5762811247228705,46.39125180971362,0.0057745079899476,1.92668423681678,0.3864730496149275,[-0.87316453 -0.94278808 -0.93464846],[0.14016164 0.15573422 0.20528431],[-11.32211738 -12.24785119  -9.07919333],[0.10954161 0.08310684 0.07144683]
63,1442699,000654.10-001533.3,1.7205647734727545,47.079138778139125,0.0039540209942536,2.499670933045413,0.4489532988575391,[-0.97252831 -1.07355964 -1.13278471],[0.21427697 0.21986309 0.2319073 ],[-9.21756923 -3.5975855  -9.34306339],[0.02810726 0.01954022 0.02243774]
64,1442700,000653.47-004815.7,1.6115618348550524,45.55616631039778,0.0234801356316509,3.1915409028956083,0.7152830104238563,[-0.05285013 -0.27681095 -0.89470254],[0.29275656 0.31021231 0.62060441],[ -5.59014748 -14.40544916 -13.0408815 ],[0.20960215 0.19385369 0.1585805 ]
65,1442701,000653.31+000135.7,1.949364484313289,46.23504635714631,0.0132331060794861,2.259725247594707,0.8402371486198883,[-1.21667102 -1.1014757  -1.04084223],[0.31876792 0.4617439  0.55042799],[-17.16667519  -2.7126139  -16.33349274],[0.13900507 0.12744413 0.09180503]
66,1442704,000652.39+010730.8,2.0490507551812085,45.8007149948752,0.0155124637206363,2.279229699530068,0.6056289714570133,[-0.4829608  -0.53138212 -0.61468721],[0.21946252 0.29711483 0.33886109],[-11.85146256 -13.50043445 -14.63467953],[0.25169582 0.27170724 0.18232842]
67,1442705,000652.33-001104.9,2.4031286239624023,45.64075998728647,0.0227833632586005,-0.0430533271388996,2.2592580701988147,[-29.24639922 -31.31612962  -2.32014483],[1.49750747 1.78941958 1.79783054],[-15.74506164  -1.62682198 -17.31063175],[0.20194102 0.19947509 0.17778083]
68,1442715,000651.12+000740.6,1.0301982144642003,44.9506785278848,0.0146571609877241,2.930817523653449,0.6120934631341768,[ -0.52350497  -0.43788247 -15.33875913],[0.32652676 0.39661969 0.92741703],[-14.93262141 -14.7089977  -14.92162604],[0.19433101 0.18477257 0.16058507]
69,1442721,000650.45-003933.5,2.0216244259692377,44.68612892485845,0.1211312462161302,-3.5701100660699883,2.4411814673934247,[-0.38742401 -3.38539948 -0.6308046 ],[0.28901132 0.92113278 0.89335523],[ -8.98194397 -12.22807203 -13.39557962],[0.2205272  0.22002673]
70,1442723,000650.36-001616.9,3.036918524917455,45.9583301355616,0.0235831313902075,1.82810684878938,0.4645111047946175,[-0.74786038 -0.74470827 -0.80422483],[0.27145292 0.37931468 0.38367215],[-10.58760659  -8.35852269  -6.69115505],[0.20700324 0.17547234 0.12099144]
71,1442724,000650.23-002804.6,1.956516294085073,45.68487467831909,0.0317619318108199,2.0401999145676086,1.8428012475444693,[-2.41902829 -2.37808667 -1.82576364],[1.31917406 1.52996494 1.52157197],[-11.63124565 -16.71487059 -13.8325088 ],[0.14074513 0.16860778 0.14235201]
72,1442725,000650.10+004345.2,2.123669276625692,45.51605788193216,0.0156312791406705,2.85104283654399,0.5524122287469944,[-0.4001132  -0.46817174 -0.54377185],[0.24894114 0.27025101 0.27560657],[ -2.0162692  -13.00428348 -14.64148261],[0.16669877 0.13921967 0.10421219]
73,1442730,000649.31+003925.3,1.6019280300378222,46.05593836545811,0.0086136891748509,2.1982678780063183,0.4377151877465226,[-0.78455101 -0.93637531 -0.87699869],[0.1805867  0.2043483  0.20483345],[-13.1334288  -13.20187077 -13.25275492],[0.10683906 0.08928791 0.06442991]
75,1442738,000647.25+010213.8,2.1281269795400246,45.59129903553242,0.0146418564234416,2.1298881352620254,0.3349628145095288,[-0.49204565 -0.55868128 -0.28572076],[0.14728089 0.1651464  0.16432191],[-14.55033761 -16.86759914  -5.79375707],[0.22851656 0.212456   0.17021645]
76,1442739,000647.11+011155.3,1.0289935635659702,45.30880264407418,0.0154710267418671,1.7720166721985335,0.2165517055355008,[-0.77974419 -0.69990839 -0.57251728],[0.08324713 0.10834566 0.13212269],[ -9.81343402 -15.4763084  -10.11929431],[0.21899278 0.18047566 0.15071494]
77,1442744,000645.98-004840.1,2.005477119165794,46.329812080119,0.0129343806286286,0.9964314199646238,0.218759859816039,[-0.6468103  -0.72153831 -1.04650634],[0.09833134 0.1323583  0.20347385],[-15.11459108  -6.08479594  -5.24677435],[0.11222645 0.08121218 0.05769984]
78,1442745,000645.84-000527.7,2.24333890095393,44.70405675783706,0.149670719288288,1.4279040357786452,2.138590466475128,[-3.72888182 -4.26759099 -4.43471552],[1.76611207 1.96374191 1.97189193],[-12.06253225 -13.22648672 -13.89874821],[0.19468912 0.22291837 0.20461628]
79,1442747,000645.47+000059.6,1.5198094697948463,46.46193327342729,0.002504600322581,2.93484839739443,0.596552854588394,[-0.45022381 -0.6348645  -0.63904387],[0.26789577 0.27117889 0.28411391],[-11.20940454 -12.16688312  -9.06917654],[0.07346665 0.04877904 0.03447762]
80,1442749,000645.42+000613.9,1.029280740978688,45.54420594141939,0.0057873630030336,2.809607595760264,0.5013754856467489,[-0.43898536 -0.47073575 -0.47184289],[0.22844806 0.24437387 0.25429004],[-10.01207111 -14.95876995 -16.89168101],[0.10382592 0.09338554 0.09918314]
81,1442755,000644.50-003858.8,1.8849014730817248,46.09643359986767,0.0067998825815607,1.3257374447045196,0.5053744577155355,[-0.89038727 -1.21627831 -1.0256858 ],[0.15046309 0.37561159 0.24361728],[-17.1649179   -2.40850156  -3.43832911],[0.14737743 0.1264722  0.0752436 ]
82,1442758,000643.93+011319.3,1.6195072206932632,45.45385412835476,0.012724650375798,0.8514735402388262,0.4869922404758864,[-0.58723315 -0.79125423 -0.39341017],[0.09554976 0.17357475 0.16040449],[-9.86684813 -6.4169743  -8.0235642 ],[0.23687112 0.22215234 0.13782127]
83,1442760,000643.83+002757.8,2.021799933130473,46.01015742303347,0.011484012925873,1.654195723933267,0.5685930469749007,[-0.71983444 -0.93421723 -0.83917809],[0.13403707 0.22949121 0.26064999],[-17.16462073  -6.02827158  -5.49802736],[0.17074974 0.15518983 0.11239257]
84,1442761,000643.70-001200.3,3.09474073616758,45.890556440894144,0.0254841227908464,-0.6722947832736497,1.6091963388911248,[-1.56115269 -2.1548925  -0.68042904],[0.57477332 0.91274698 0.80945425],[-11.83273852 -12.03974215 -11.20405867],[0.18249751 0.16454752 0.13918424]
85,1442764,000643.56+010713.8,3.024543116098781,46.38843529233906,0.0087531009100736,2.613958789917272,0.4727938182926794,[-0.35513284 -0.35878221 -0.36946466],[0.221356   0.22336939 0.22627502],[ -7.26635306 -11.83917486  -2.09313425],[0.14484098 0.12005319 0.13028575]
86,1442765,000643.46+003421.5,2.312691890266852,45.73238681422656,0.0145548357053151,2.730648378144236,1.005813257873994,[-0.73401403 -0.91524541 -1.26815817],[0.69295885 0.8737567  0.93304001],[         nan -12.13213489 -14.03039265],[0.23653508 0.18113659 0.16904579]
87,1442768,000642.74-002255.2,1.0967921785103485,45.5457253433737,0.0059670325894991,1.6381227778801912,0.6159042055409312,[-1.36568826 -1.19025451 -0.93187972],[0.32271865 0.45368541 0.45766825],[-12.53605703  -3.06347984  -6.5576831 ],[0.15296212 0.11376911 0.09852448]
88,1442770,000642.43-004035.9,2.013602085895427,45.371612063745,0.0290445152276532,0.5177421912961482,2.328944660019922,[-3.28728702 -2.6429631  -2.45833319],[1.35714464 1.58610535 1.58757339],[-10.67428571 -14.06665848 -14.03885291],[0.23039079 0.22289488 0.17332568]
89,1442775,000640.67+003838.2,1.343671705034155,45.84376683300436,0.0069260826191275,0.5974464883536845,0.5315682220528238,[-0.82583613 -0.87513764 -0.43433902],[0.07409096 0.10346598 0.14546256],[-15.86789385 -11.71080104  -4.55938477],[0.17352084 0.11954109 0.10818548]
90,1442776,000640.47+004707.1,1.853198360317668,46.21396187707044,0.0155661086307929,2.438006767763367,0.3709072127214841,[-0.35496076 -0.75192697 -1.0253277 ],[0.16759591 0.17547603 0.19408001],[-17.10443845 -16.65607023  -2.64584312],[0.11779178 0.10643898 0.08337565]
91,1442782,000639.27-010202.0,1.4234417071630907,45.4223039261347,0.0110053317846627,1.2979035832918335,0.4985739770918419,[-0.5716505  -0.99601818 -0.59645262],[0.13224408 0.31008285 0.23476511],[ -6.38016121 -13.99192366 -10.94453233],[0.22910461 0.19066163 0.13902951]
92,1442784,000639.16+002821.0,2.200088099342264,46.39943629982161,0.0039864770783921,2.245001395886157,0.3703046455613881,[-0.88268774 -0.85281176 -0.87799263],[0.16169985 0.16923575 0.18027871],[ -8.9732369   -3.34233212 -10.00962541],[0.10295984 0.09710521 0.09096107]
93,1442785,000639.08-001647.8,2.404312854104008,46.41455859067068,0.0042357718987986,2.0420985463192656,0.4532876285012983,[-0.85153034 -0.97369046 -0.92073208],[0.14704963 0.17650017 0.21975653],[-15.88071234  -3.1853226   -7.29348098],[0.14636076 0.11858321 0.08889662]
95,1442790,000637.99-003656.2,4.44228244953348,46.81785322188362,0.0121085534193916,0.8598254765737555,0.4041621438982211,[-0.65821613 -0.90413376 -1.57724138],[0.66055342 0.92981849 0.9742175 ],[-10.80982926  -8.50166357 -16.56583963],[0.16842161 0.12691406]
96,1442791,000637.97-011147.3,0.3738072894675548,44.15432118097085,0.0274097447905106,2.796659257437824,0.5809093432087831,[ 0.27609639 -0.42763544  0.25272395],[0.58407862 0.82517018 0.81462896],[-5.2493102  -6.67240696 -7.59336804],[0.2394717  0.15155559]
97,1442792,000637.89-001842.3,0.9892350258421272,45.95698077259569,0.0015864587038869,2.8426545244382293,0.4134953473374483,[-0.61908851 -0.69751509 -0.66989438],[0.20381521 0.20467899 0.20626219],[-11.13041149 -12.17797788 -12.59363241],[0.07837488 0.07098855 0.0672852 ]
98,1442797,000636.05-003312.4,3.0370878412711773,46.2879422245758,0.0106165462019269,2.757581815061849,0.6231924942865763,[-0.89860442 -0.76669688 -0.90807392],[0.32024436 0.41475165 0.47723346],[ -9.14335191  -9.36863735 -16.53903058],[0.20773639 0.16033939 0.12475646]
99,1442798,000635.94+002432.5,2.428883219439044,45.99947013645616,0.0082592084908874,2.5065002036121973,0.7256204660720991,[-0.63776655 -0.56844847 -0.41103243],[0.1787966  0.22226346 0.22881723],[ -8.0892631   -8.22843686 -13.71357197],[0.22105663 0.20227561 0.15651737]
0,1442799,000635.69-000721.0,0.8917911719702789,45.33886925959389,0.0064104914916782,2.076866380108798,0.2676539224748925,[-0.74350966 -0.68434072 -0.70228038],[0.1108815  0.13292322 0.14120766],[ -2.35906972 -12.96714258 -14.6354791 ],[0.16148917 0.13409598 0.11305737]
1,1442800,000635.29+002131.7,2.8253602672991365,45.91017974745893,0.0195405681161595,2.638681403813388,0.6833519735728559,[-0.5091327  -0.72878722 -0.83042391],[0.27384593 0.35063525 0.52698111],[ -9.52614639 -14.44148371  -9.04954519],[0.240219   0.22927901 0.16737354]
2,1442807,000634.31-005241.4,0.7056655697778802,45.395818066794654,0.0049828043695434,2.5191816948326338,0.3045016978794026,[-0.60125411 -0.64682643 -0.58286944],[0.14367628 0.14474931 0.14809013],[-14.54864466 -16.87765032  -2.77063614],[0.0993203  0.08946711 0.08144658]
3,1442808,000634.26-000507.7,0.6156924249297169,43.94465773607296,0.2956327469806759,0.7330607951388116,2.1082820341821584,[-2.29378268 -6.31018462 -1.9392229 ],[1.35836901 1.61075996 1.59086613],[-13.10076238  -6.19710914  -6.84325752],[0.17885091 0.21718321 0.14756398]
4,1442809,000634.03+005632.3,0.6992551153225894,44.38245601633197,0.0251942780285716,2.232606901662116,0.3129200374442507,[-0.39022573 -0.11506752 -0.15998006],[0.23743114 0.34168011 0.32134141],[-13.64159603  -6.56738255  -2.33475078],[0.25467168 0.21172739 0.14680907]
5,1442810,000633.98-000136.9,2.3511697286694284,46.56893493873335,0.0031432932699608,1.7424094558367245,0.2841141762842087,[-1.17781638 -1.16988025 -1.30280532],[0.11154721 0.1330719  0.16648007],[ -8.22280211  -3.38612824 -14.36018618],[0.10847816 0.08932522 0.0799567 ]
6,1442813,000633.35-001453.3,2.8750890647435825,46.23180873590552,0.0069918188846571,2.8540876903594987,0.5599768990420273,[-0.70166264 -0.69924155 -0.74036095],[0.24796093 0.2508581  0.25653375],[ -6.54500338  -2.78413866 -15.54867424],[0.12854492 0.1262595  0.10562629]
8,1442820,000631.87-002045.3,1.4814841462427726,45.59970060853016,0.0069002483865716,1.917592084615133,0.531366850555234,[-0.49847931 -0.67041516 -0.85515611],[0.18733533 0.23748438 0.26387139],[ -1.5371814  -10.50788107 -12.32678384],[0.17316054 0.15756497 0.11799349]
9,1442823,000631.66+001519.6,1.5188214189770357,45.2308124474468,0.0432819293956718,0.8519560269200761,1.3501124870328192,[-0.17163248 -0.69754687 -4.83361524],[0.12207457 0.29946736 0.8233404 ],[-16.48888573 -16.77355511 -15.39233509],[0.30503712 0.24583873 0.18677945]
10,1442827,000629.92-001559.1,2.326400317161548,45.79978251894453,0.0093509727277911,2.050999293569337,0.3448314087972975,[-0.70927037 -0.71557073 -0.39247301],[0.15412439 0.18844969 0.22901043],[-15.41323767  -6.17412805  -9.46344992],[0.20373534 0.20146256 0.1383689 ]
11,1442833,000627.76-003408.8,1.4134220814708038,45.957299353576666,0.0040417692117138,1.941757737567905,0.2632557403181967,[-0.66597621 -0.89431578 -0.79068388],[0.09869072 0.1140718  0.1288939 ],[-14.73235392 -13.50768445  -6.02260576],[0.17091011 0.1302828  0.13751025]
12,1442850,000624.08+005914.2,2.1464034969267494,45.68152781966872,0.0215454636963485,1.4588090378295262,0.4811444370881345,[-0.47856837 -0.62280595 -0.54479619],[0.13937584 0.24882294 0.28242858],[-10.02393431 -16.9967769   -6.95893994],[0.25201206 0.24605251 0.17531395]
13,1442851,000624.04+011256.7,1.864515800489196,45.867606421985954,0.0091242188288731,1.7974009471280978,0.2694601675850319,[-0.51352758 -0.55523309 -0.85917635],[0.10039571 0.12618143 0.17439674],[-9.41335838 -2.00782387 -9.57908586],[0.19759031 0.20372815 0.12363087]
14,1442852,000624.03-000912.6,0.8960734611799701,45.033428268105766,0.0117241673289179,2.892496599478389,0.6204229160711363,[-0.82504776 -0.8352954  -0.40483824],[0.25138597 0.30708537 0.301049  ],[ -2.24867898  -3.17059152 -10.89666443],[0.22114555 0.20033626 0.15715126]
15,1442855,000623.37+010021.4,1.0478486351867542,45.03129991573967,0.0192514239125571,2.5890360510365467,0.4888288335851836,[-0.43364755 -0.4992053  -0.18402289],[0.19405231 0.20901871 0.21576969],[-16.8359362  -14.37826761  -9.75385633],[0.2369275  0.21331107 0.16746562]
16,1442859,000622.60-000424.4,1.0375171523899505,45.68937614157954,0.0086899536097355,2.734299077217726,0.4321911120136683,[-0.54882205 -0.61213509 -0.66313486],[0.19377595 0.19495851 0.19721686],[-13.48778589 -13.29392075 -11.20917513],[0.11388834 0.09079624 0.09121473]
17,1442861,000622.32-000759.5,2.3678906447804224,44.98377792041388,0.0820527604811296,2.936180557355165,0.9220673554123736,[  -0.27375508   -0.75947907 -206.03433641],[0.3040012  0.51849997 0.97118376],[ -8.34952162 -12.86967023  -8.33855847],[0.23210872 0.23534195 0.18228781]
18,1442864,000621.88+004027.6,2.030511681351792,45.06620428492096,0.0844463440969036,2.7277578907410467,0.8287102110093855,[-0.6238065  -0.57960088 -0.1176829 ],[0.46694567 0.60180321 0.59320019],[ -6.22701913  -6.61377943 -10.96867993],[0.19751665 0.15918273 0.18001853]
19,1442868,000620.83+003048.3,1.5015838412414582,45.61350255877328,0.0086048178131434,2.1350798652015213,0.4434790623717972,[-0.70317556 -0.65011519 -0.30348295],[0.17564843 0.22046755 0.25234763],[-14.54989618 -16.87302412  -6.24108429],[0.22812477 0.19814799 0.1431848 ]
20,1442870,000620.69+000620.8,2.4313433446379134,45.65618644962058,0.0327036889015843,2.69835810227279,1.0865286986323324,[-0.55583413 -0.33751504         nan],[0.30255713 0.42378679        nan],[-16.19062798 -10.05027185 -17.17577841],[0.26409195 0.21943512 0.19137097]
22,1442881,000618.42-005732.9,1.4341880225884198,45.57353861523586,0.0140119732362116,0.710219704218626,0.3800641188604697,[-1.01282375 -0.84571695 -0.68797214],[0.24446311 0.3473529  0.3587524 ],[-14.0195338   -7.89767145 -14.33442021],[0.23165983 0.19196958 0.14170222]
23,1442882,000618.34-002049.0,1.7185345411246309,45.31068624079702,0.0303039759023633,1.0524843397871058,2.327522474562753,[-3.00521405 -1.96490461 -2.44532104],[1.55267963 1.78149634 1.73012606],[-11.5843978   -8.17992639  -7.99625496],[0.20751301 0.22907223 0.16223782]
24,1442887,000617.72-000906.8,1.1339891523061356,45.11461668550053,0.0183593840048317,2.686134321718388,0.6586876516898019,[-0.48647468 -0.61331927  0.22167066],[0.23615892 0.30740735 0.36215839],[ -7.19270907 -14.78206051 -15.30310135],[0.27061694 0.23657917 0.1828822 ]
25,1442888,000617.59+011159.9,1.5478095489340988,45.46397316907076,0.0298696527558881,2.722437604794756,0.6246065836104828,[-0.69532892 -0.65894483 -0.46472763],[0.2770064  0.3320412  0.33283207],[-15.12786695 -26.14125145 -16.16062909],[0.24524453 0.21617396 0.15831214]
26,1442894,000616.40-005916.1,1.959852203033228,45.943379315779694,0.0107658584474314,1.6192722117904328,0.3017301874300114,[-0.38703241 -0.88764775 -0.96815032],[0.0902399  0.14065194 0.23451014],[-15.4126475  -14.36347746  -7.83675741],[0.18204637 0.15852349 0.12859162]
27,1442905,000614.79+003648.0,0.6699022000973849,45.29091191539479,0.0114639410062196,0.8719389633340009,0.7078466143140468,[-1.00824684 -1.9263652  -0.76820175],[0.22552296 0.66495421 0.34812633],[-15.88477314  -2.22241721  -7.28989936],[0.22174798 0.18378104 0.1336602 ]
28,1442910,000614.49+002458.7,1.2461061338301849,45.08332857341506,0.0234591053252515,3.395185439481218,0.8300404664210814,[ -40.3288207    -0.37277592 -121.41727324],[0.80541276 1.07582848 1.1527646 ],[ -6.25222066 -11.89619053  -8.84131264],[0.23441091 0.17998833]
29,1442912,000614.05-005753.4,1.57755971115673,45.2025791733785,0.0323900170861577,1.4480155184760335,0.3143503629892528,[-0.37036013 -0.43692938  0.22579771],[0.12325028 0.17399027 0.19678388],[-14.28956707 -10.35585351 -14.71322529],[0.23559241 0.2162885  0.18077879]
30,1442914,000613.99+002605.0,2.511331691897976,46.43406782849426,0.0035410957827153,2.03718778866346,0.2786632785270191,[-0.66260529 -0.63788543 -0.77958528],[0.12328626 0.1348902  0.16861701],[-15.42661833  -5.72209002  -9.45574214],[0.16288255 0.14671723 0.12320567]
31,1442915,000613.84+001909.2,0.5531526279311424,45.27359189543191,0.0143450777757401,2.0370991971974166,0.1908995137337392,[-0.74237946 -0.82895096 -0.7683032 ],[0.07673652 0.08409899 0.08896213],[-16.79893441 -17.10751837  -8.5423361 ],[0.12310036 0.10862562 0.08824568]
32,1442919,000613.26-003251.1,2.5713731338239763,45.43208543539765,0.0472207670856335,1.6278494261837044,2.299454788386185,[-2.49244497 -3.45863232 -2.80321424],[1.92324053 2.13224941 2.10238172],[-11.29760419 -10.73288875 -14.41207812],[0.22770002]
33,1442932,000610.87+010141.4,1.3739645556542237,45.4256352438498,0.01106681316746,1.0654828865584554,0.2957012077655531,[-0.68034854 -0.64603245 -1.03031155],[0.09234704 0.13153932 0.53155347],[-12.83648297 -15.34709868 -16.08874621],[0.22929498 0.19601269 0.1618416 ]
34,1442935,000610.39-003707.7,1.657458183832892,45.486844907642585,0.019808815744458,2.66759766575042,0.4520770253575217,[-0.17278723 -0.32399436  0.00967719],[0.20030698 0.21547958 0.21945492],[ -6.67941855 -11.18647763 -11.81648941],[0.22890927 0.22666516 0.17636666]
35,1442936,000610.06+002559.7,1.028971363666597,45.64393988303036,0.0059914599773911,1.828808351235328,0.329746123268796,[-1.46694209 -1.1898775  -1.36938477],[0.13151988 0.17400519 0.2774532 ],[-7.68415526 -5.54878357 -2.54866383],[0.10361663 0.0878316  0.08939263]
36,1442944,000608.69+001730.6,1.696544501651272,45.67560691702105,0.0157406154110084,2.946290470145401,0.8115744071546405,[-0.69850735 -0.88350733 -0.69547584],[0.31724543 0.4113524  0.42576677],[ -1.83184063 -16.71403392  -2.76215584],[0.2289378  0.2233813  0.15111329]
37,1442949,000608.51+010014.7,0.6138053602112543,45.05277846013209,0.0120684224300511,1.7613179110316182,0.2263466717339031,[-0.55815062 -0.67206092 -0.74786404],[0.07881624 0.10358471 0.14748575],[-17.03499483 -16.37363336 -11.80788156],[0.19766337 0.17950999 0.14238378]
38,1442952,000608.04-010700.7,0.9492782916009797,46.19675792027936,0.0072339246239927,3.0576733022831943,0.4740841554574129,[-0.54143178 -0.56464842 -0.56118088],[0.23306589 0.23324527 0.23473162],[-16.21836182  -4.36123535  -2.46168863],[0.05845167 0.05328029 0.0536653 ]
39,1442955,000607.53+004900.7,1.69345768581958,45.46845869605977,0.0155210008861743,3.395004857878428,0.6311962421798658,[-0.35084396 -0.5098875  -0.3303555 ],[0.28635862 0.31003406 0.31488383],[ -7.89026189 -15.1705224  -65.8079163 ],[0.2585768  0.23999008 0.19759583]
40,1442958,000607.03+003355.5,1.1226686957428704,45.112958446500095,0.0135990028234402,3.4766549565145124,0.6571838195632926,[-0.54215502 -0.51512778 -0.27335677],[0.34360406 0.40671133 0.40511443],[ -8.80802086  -9.85559541 -10.99120326],[0.27126258 0.23684162 0.18090941]
41,1442959,000606.84-004844.3,2.170347569630993,45.54598906097054,0.029009691366781,2.8713405541895543,1.0526921149280586,[-1.78825632 -1.06697125 -0.52477324],[0.87260331 1.15088047 1.1279355 ],[-13.14005575 -13.23558893 -13.25676088],[0.19783426 0.19881107 0.18075038]
42,1442961,000606.06-001905.8,0.89456052707306,44.97419400080632,0.0142897229664669,3.0678247547181496,0.6511111627012967,[-0.35723019 -0.62699029 -0.45198139],[0.26819522 0.28879245 0.28841219],[ -9.43236249  -2.28463405 -15.67622984],[0.23965212 0.21002776 0.13852406]
43,1442963,000605.59+004702.4,2.1359589842728344,45.97555250758859,0.0132030250226229,2.302595764147135,0.4501823312823251,[-0.81235592 -0.68510118 -0.77832458],[0.19591696 0.241422   0.30025055],[ -9.19973708  -9.35964987 -16.53515282],[0.22482436 0.20247289 0.14668718]
44,1442967,000604.98-011459.3,2.4885912219748416,46.51625168816332,0.002957647677718,1.9231676957706976,0.2626430132021616,[-0.91275552 -0.96772151 -1.05144496],[0.11291565 0.11872901 0.15275342],[-12.48759486  -8.50119733 -16.31936473],[0.11813846 0.10421751 0.10972892]
45,1442975,000602.73+005022.6,0.7934914734510798,45.198375886831386,0.0066883789279437,1.0585786921722553,0.1996190391887308,[-0.95596309 -0.74605842 -0.47246912],[0.07904399 0.10690841 0.12971559],[-14.54720106 -16.86683402  -1.97427146],[0.18548189 0.16530857 0.13491936]
46,1442977,000602.16-005358.1,1.864347850277652,46.50235255724373,0.0039551972283042,2.484184475608481,0.367587146908316,[-0.74841907 -0.8230551  -1.09545494],[0.17328357 0.17683316 0.18692208],[-14.72742199 -13.47100811 -11.72940759],[0.07629189 0.07261735 0.0560013 ]
47,1442981,000601.78+004458.3,1.5014293559394951,45.75676555591961,0.0079157142860921,2.3400440837591177,0.4337772393183465,[-0.67819975 -0.62520279 -0.7049977 ],[0.1752833  0.22108821 0.25090092],[-11.01640777 -15.95520322  -8.0121337 ],[0.22186545 0.18388639 0.14880164]
48,1442985,000601.01+010044.5,1.5186882299392732,45.60888088420545,0.0140646864993314,1.3727583544950113,0.305536999470931,[-0.72572738 -0.70560925 -0.25905123],[0.10081119 0.14209119 0.15555489],[-5.86465724 -9.98604096 -1.90068651],[0.23087811 0.21276873 0.22598599]
49,1442986,000600.95-010708.1,1.5313958743373617,45.85715212974618,0.0074791654620192,2.2842756710186576,0.3031913927093215,[-0.64451285 -0.81485438 -0.84401515],[0.15533875 0.17438829 0.19498012],[-57.14434529  -2.54085322  -8.080414  ],[0.1679611  0.13099552 0.11574181]
50,1442989,000559.22+000011.6,0.7306219421155573,44.12848511929543,0.0318852684235828,2.3159678819264773,0.8151635840315883,[-0.91391761 -0.70162832 -0.33091295],[0.41727327 0.61772612 0.60412713],[ -6.71489051 -13.99829245 -10.92787153],[0.20532497 0.23334327 0.15890455]
51,1442990,000559.10-003513.8,3.7133029115276734,46.29298629313846,0.0316584585770591,1.66865071588809,0.3695212453168237,[-15.21571048  -0.43030122  -0.24987355],[0.58672665 0.82466267 0.82857957],[-12.5143728  -16.57558053  -2.47597141],[0.23623241 0.21796647 0.14520648]
52,1442997,000557.78+010432.3,1.847409208449436,45.62862736873884,0.0222167734889424,1.7006416341662418,0.5630353548372361,[-0.68651035 -0.84257412 -0.47671679],[0.1325837  0.23228787 0.20301711],[-11.26460748  -1.98332471  -7.48994263],[0.25579052 0.19892348 0.16993146]
53,1442999,000557.23+002837.7,0.259460994305688,45.17223858618879,0.0023586613456743,2.5946084921588266,0.2923122695894893,[-0.60210714 -0.71614404 -0.61540656],[0.13739758 0.13771661 0.14120313],[-14.54192332 -16.87742034  -1.90317635],[0.03771503 0.03265123 0.0286593 ]
54,1443002,000556.71-001259.7,1.2697155827884816,45.45421887926175,0.0114091618860889,0.0104286475520486,1.7389317767957266,[-0.70557871 -1.04412671 -1.01043973],[0.4050631  0.68093213 0.72939908],[-11.73138988 -14.61554104 -17.23745692],[0.26177483 0.21208285 0.13158726]
55,1443007,000556.26-011333.6,2.0560817529454227,46.10510576322197,0.007832503404586,-2.6481569685222848,0.4728101278970398,[-0.49882831 -0.93544455 -0.70090204],[0.0328725  0.07902655 0.09696118],[ -3.07211867  -8.82745091 -10.83055896],[0.19666666 0.16949073 0.1453382 ]
56,1443010,000555.28-003815.1,1.17719649161116,44.842311509956325,0.035309184247275,2.0461121239885376,0.8349578651479119,[ -1.08648522  -0.62982458 -96.52754731],[0.56543501 0.80758516 1.00668365],[ -8.27205512 -11.58064178 -16.22070322],[0.24733232 0.18144408 0.18630516]
57,1443012,000555.10+004538.9,2.2544039740937545,45.90366239798277,0.0086213204584666,1.4276605417681791,0.8904583313986083,[-0.50148631 -0.50907385 -1.2928729 ],[0.12210779 0.26857678 0.64044358],[ -4.76443839  -8.80521396 -11.85206356],[0.2430961  0.22420301 0.18381571]
58,1443013,000554.99-002703.7,1.5999932381916526,45.60248836991711,0.026042589739319,2.9320787680512925,0.6152253764672508,[-0.2306121  -0.35502804 -0.35294862],[0.27685881 0.27859363 0.28170583],[-10.7033998   -2.20860404 -14.06278952],[0.15427638 0.14362059 0.1349918 ]
59,1443014,000554.88+005804.0,2.127579374733682,45.68421626113621,0.0185494076032917,1.6968566754860437,0.8182630208814459,[-1.05282111 -0.80957606 -0.89644458],[0.36199801 0.51495753 0.63300289],[ -9.28677679  -9.36123514 -16.53327037],[0.24153799 0.20297481 0.14427294]
60,1443016,000554.62-003641.8,1.4201507392393045,45.36214325608045,0.0224094697488936,3.4369697403132085,0.6167979767079419,[-0.39899977 -0.43989303 -0.63621509],[0.27705272 0.29906203 0.38722185],[-16.44967908 -12.33892739 -12.96782861],[0.24850954 0.21599961 0.17266041]
61,1443017,000554.03+003042.0,4.122035083900565,46.67281393194213,0.0400781573355928,2.782353307188154,1.5983929678337416,[-0.94125077 -1.62272173 -1.78977479],[0.95800294 1.12522163 1.19775614],[-15.69171307 -11.70794117  -8.37988731],[0.22700993 0.18739634 0.128703  ]
62,1443019,000553.71-010117.7,0.6307799198229216,45.15103104559947,0.0302841174014147,2.4449483363400244,0.3052951177737337,[-0.75310577 -0.72524463 -0.80275228],[0.13703616 0.14291557 0.152617  ],[ -8.95821542  -2.88203164 -10.02662912],[0.1262859  0.11804948 0.09822905]
64,1443024,000552.84-010237.5,1.311341102105261,45.22168545637607,0.0198109094338398,3.373948033380372,0.6174414368869965,[-0.32563751 -0.50809674 -0.19972249],[0.29061903 0.32064739 0.31190654],[-15.13155277  -1.61966986 -16.16956348],[0.25555711 0.20995957 0.17679886]
65,1443025,000552.84+004944.3,1.6925174762184296,45.20372171605393,0.0299010965919492,2.487844336782136,1.6090487248033682,[-0.71582823 -0.86714608 -1.82702965],[1.03029357 1.28062738 1.31906783],[-14.43920558 -13.98661174 -11.30092814],[0.23478168 0.20536822]
66,1443026,000552.78-010957.2,1.664465970114971,45.318425462830845,0.023637801585135,2.7391411099088314,0.94476509492897,[-0.32717984         nan         nan],[0.2737622       nan       nan],[-10.08769572 -10.73994644 -13.99562538],[0.26039746 0.32703024 0.18136105]
68,1443032,000552.02-010803.7,0.5325884741166416,44.456649279295775,0.0306992103131982,1.7926648137995445,2.124764634737989,[-3.81922457 -3.90599824 -4.45870261],[1.91401517 2.10533227 2.11915972],[ -8.12471056 -11.78616413 -15.57573352],[0.205848]
69,1443035,000551.31-002820.7,3.7529937540073774,46.51861096839743,0.0235348316232339,1.5549577323137642,0.2832692696617092,[-0.61317148 -0.78253199 -0.7998544 ],[0.12138102 0.16033564 0.18578994],[-11.28244193  -2.37966591  -7.49029802],[0.22833894 0.15690715 0.15814328]
70,1443040,000550.58-000232.5,1.2237694192532564,45.21951845568836,0.014408120315366,3.068488584309781,0.9991536831674676,[-0.77491313 -0.94697561  0.13132695],[0.26268556 0.37241207 0.36706019],[-11.73931056 -14.60430167 -17.24032366],[0.23129288 0.2060536  0.16878144]
71,1443043,000550.31-010700.8,2.3620087167245907,46.06237040587208,0.0125707622059785,1.0994280528276454,0.4077427156455407,[-0.90322552 -0.72927447 -0.87659622],[0.14563888 0.21609806 0.27914347],[-16.84114742 -14.3428356   -5.58665436],[0.21825147 0.19949424 0.13984544]
72,1443048,000549.90+005048.1,0.9924919386057216,45.1902114453448,0.00978686876471,2.025026337431389,0.2504735263763414,[-0.46239548 -0.51365741 -0.48422567],[0.1086305  0.11895221 0.12699224],[-14.54421362 -16.87837274  -5.72017314],[0.21043996 0.18485323 0.16757071]
73,1443049,000549.57+005905.0,1.819360777260541,46.0339634729726,0.0081323387611895,2.572867573215558,0.4094732926014959,[-0.47956892 -0.69385333 -0.62590409],[0.18938923 0.19266511 0.19835071],[ -1.94440602  -2.48258698 -11.39013571],[0.13430963 0.13082668 0.12581995]
74,1443050,000549.43-001521.7,1.7057981127577442,45.53688185083767,0.0191183731194115,2.975212756181928,0.6939238487602313,[-0.30679144 -0.53705465 -0.83810202],[0.3026763  0.35649675 0.50147857],[-17.25516275 -13.49790143 -16.00186894],[0.22608411 0.21738115 0.16961704]
75,1443051,000549.36+002235.3,3.107828123153804,45.67075323596847,0.040870840055458,2.603023239091314,2.3635754042642807,[-2.80941086 -3.82616214 -3.92677972],[1.85513209 2.10765533 2.02319107],[ -8.99410805 -15.15734404 -15.96824385],[0.18855182 0.2003181 ]
76,1443053,000549.05-003435.5,1.6258293755774955,46.7058167984719,0.0012833291943437,3.4595930300971167,0.6227017579343304,[-0.44501692 -0.51742735 -0.51848019],[0.29643159 0.29669908 0.29702584],[-13.52027104 -11.38898778  -7.48676704],[0.05031505 0.04704459 0.04884427]
77,1443054,000548.93-005847.7,1.7082849525966186,44.72573555015718,0.1266471201540326,-0.0779623633514893,0.8650788906855744,[-1.45560329 -0.64873085 -0.91027396],[0.44570185 0.62075494 0.63624599],[-16.81949928 -14.34679198  -5.52730256],[0.22720325 0.20158867 0.13329573]
78,1443056,000548.44+003057.0,0.8260380108480256,44.725202515561165,0.0237266485147031,1.3318973458174796,0.2668963287549443,[-0.43507928 -0.52772744 -0.85211304],[0.08780043 0.12772061 0.27288907],[ -9.8870124  -16.99700072  -6.62732562],[0.23420859 0.20713915 0.17182699]
79,1443064,000547.22+004112.9,2.0223849393184232,45.98572858966863,0.009278673801166,2.349325549005937,0.419108598201602,[-0.52272845 -0.58026842 -0.74604071],[0.17951251 0.18470536 0.20508302],[-12.05965073 -17.28211606 -15.04515511],[0.15281606 0.1704521  0.12875498]
80,1443066,000546.72-000556.2,1.4585767916721324,45.8249322773381,0.0063593567237951,2.3191742327286726,0.3173192231117043,[-0.38850388 -0.44874063 -0.46927663],[0.14048593 0.14777164 0.15128363],[-13.12825011 -13.22290256 -13.25083262],[0.19881587 0.16578831 0.14811825]
81,1443067,000546.69-010118.6,1.5945335610223963,45.51170464198037,0.0298216779667725,2.260672882501653,0.6028332062628091,[-1.25445495 -0.79630129 -0.37197261],[0.33129295 0.4756071  0.47166773],[-15.12827537  -1.96400064 -16.15770238],[0.2289489  0.20356015 0.15809721]
82,1443068,000546.48-002413.9,1.726654210523466,46.44704723389802,0.009141593781802,2.2033535839043266,0.2931245636213044,[-0.88707106 -0.97073712 -1.04172129],[0.12685496 0.13147583 0.15093162],[-13.47369228 -13.28965612 -11.20047674],[0.09735929 0.0896402  0.07329634]
83,1443069,000546.47+002317.1,1.3534302593748244,45.83528838532769,0.008234897932418,3.073268538768629,0.580051687013242,[-0.80565036 -0.92390487 -1.01103582],[0.25412689 0.26792013 0.28520149],[ -8.96564968 -15.82900387 -10.02423638],[0.17177518 0.13162074 0.12321459]
84,1443075,000545.52-005026.6,1.9324899675192984,45.76061622708815,0.0209847436905619,2.374609802894941,1.840641533541782,[-1.1124872  -1.71675888 -2.00353037],[1.36693244 1.55560628 1.53147083],[-14.18753569 -16.28546593 -16.81575058],[0.2398835  0.21654013 0.13578054]
85,1443078,000545.07-010224.7,1.8911460677049192,45.78300059913041,0.0184599471739232,2.117387571279534,0.3568757760555946,[-0.69166319 -0.52075147 -0.78474683],[0.1962216  0.25046549 0.27589875],[-9.24911608 -8.4102975  -7.22403842],[0.22379165 0.20070302 0.14389324]
86,1443080,000544.83+002409.1,2.0796618691779227,45.98835633201946,0.0122496476681916,2.9190408789522806,0.5577119401782247,[-0.48483706 -0.56260676 -0.47298469],[0.267501   0.27292473 0.27417753],[-15.12704769  -8.92528475 -16.15803727],[0.17685591 0.15006304 0.13300342]
87,1443081,000544.78+003557.4,2.6079821999822146,46.12505098776591,0.0086383162256247,3.360137268298309,0.5857129208397511,[-0.30107246 -0.42203114 -0.42891102],[0.27134835 0.27409072 0.27551209],[-11.27866474 -10.67568131 -15.30360365],[0.17884588 0.14924983 0.14715239]
88,1443082,000544.72-005706.6,2.124959675601944,46.337672128496216,0.0115559889496701,1.8976491365179893,0.2937444886992149,[-0.78625893 -0.79971759 -1.06691149],[0.10849426 0.12101166 0.16950003],[-12.4924859   -8.49290298 -16.32260034],[0.12751889 0.11073274 0.10324836]
89,1443084,000544.57-004319.4,1.6180308690857348,45.20697253659678,0.0524228323773421,0.9323077082725452,1.2145875349567703,[ -1.19203987 -21.56507761  -0.66110573],[0.58126205 1.07046938 0.83090206],[-14.02354019  -7.96600875 -14.33704836],[0.1789036  0.18636752 0.17561956]
90,1443085,000544.56-010219.7,1.0161447219596536,44.91224613974431,0.0138032439934505,3.0069897755151223,2.25122862833377,[-2.2643177  -2.54987621 -2.66967717],[1.35361042 1.57695856 1.58576448],[ -9.78079344 -13.64893309 -12.51812616],[0.22818501 0.22013877 0.15583209]
91,1443090,000543.16-004300.5,2.040469415410005,46.13007566568361,0.0104229194474108,1.5066159465211593,0.239703416279909,[-0.63998375 -0.59081012 -0.71345964],[0.10702618 0.12022033 0.13747065],[ -11.15976176 -195.25413792   -2.99351088],[0.09557022 0.08408261 0.05848947]
92,1443092,000542.54-010053.4,2.1154595128646654,46.03282156103827,0.0095678943822612,2.4970139124336,0.4724514619151605,[-0.52807399 -0.68068486 -0.48342186],[0.18889714 0.1975774  0.20585501],[-13.13743207 -13.22912204 -13.25704205],[0.17075883 0.17132956 0.15869853]
93,1443093,000542.49-003022.0,1.4278954114592035,45.74287804244065,0.0098924287169133,1.7525845206619592,0.2594819395673461,[-0.41434709 -0.57017248 -0.67707073],[0.10044645 0.12918773 0.18839224],[-16.28482079  -2.361461   -12.20970458],[0.20805187 0.17569664 0.14580366]
94,1443094,000541.88-010411.0,2.115307353082484,46.59849057579745,0.0086376076635055,2.784975435852523,0.4829120581184047,[-0.54904386 -0.57982197 -0.69470121],[0.23817137 0.23854576 0.24155766],[-7.68941869 -8.01505495 -2.86133427],[0.09953635 0.08800503 0.0833106 ]
95,1443096,000541.71+004917.8,1.511949899953137,45.50387295381644,0.018150046935407,3.0920757108990133,0.600268385706797,[-0.40165327 -0.51676656 -0.57695635],[0.23569907 0.26629175 0.32792058],[-11.38121087 -10.74816137 -15.3098386 ],[0.26597693 0.22495458 0.15965201]
96,1443097,000540.55-010452.9,3.5759865715728525,46.01896966767983,0.0733705725984066,2.2293510207295606,0.9369104812363668,[-0.53210986 -0.88836972 -0.8706782 ],[0.39352575 0.51362292 0.6233809 ],[         nan  -2.76604443 -10.37202017],[0.2275567  0.2241946  0.18032858]
97,1443101,000539.29-010243.8,0.8668984239900926,45.72862537609055,0.003100973530401,2.122111393626561,0.1940455981573083,[-0.74391278 -0.75974163 -0.80101471],[0.08217755 0.08415823 0.09156974],[ -7.97076739 -14.34612967  -9.66818873],[0.10267236 0.09296384 0.10504271]
98,1443102,000538.96-004727.6,1.0997377252349445,44.97099149692768,0.0160148562069224,0.3837508579869888,1.0730872659724044,[-0.08869985 -0.63302982 -0.23773587],[0.25568312 0.43837506 0.44103476],[-14.65551223 -13.58264069 -16.29890126],[0.21891556 0.23769535 0.16524217]
99,1443112,000536.29+000922.7,2.5216004315157714,46.606675077163935,0.0037292935768533,-0.0151597108077542,0.3214899464657983,[-0.59409664 -0.44585314 -0.670131  ],[0.08538764 0.13960833 0.15701414],[-13.51853497 -11.13070807 -11.48020832],[0.12362408 0.07783699 0.06668168]
0,1443120,000535.30-010705.8,1.7700950733212093,45.52468561886685,0.0179571010121541,3.208632373737004,0.6265861406656579,[-0.29502815 -1.11788353 -0.47147801],[0.26723632 0.48168007 0.29891157],[-13.61122725 -23.14950824 -18.33772115],[0.23879601 0.22092339 0.16972572]
1,1443121,000535.27-000221.5,1.2956157101483343,45.68985616483245,0.011065344039995,2.765526767092185,0.4288670437490505,[-0.64146624 -0.67713582 -0.5988059 ],[0.1930629  0.19923113 0.20739415],[-13.70932001  -2.71758278 -11.47900741],[0.1617741  0.12734072 0.13196137]
2,1443122,000535.23+000021.4,0.7356498936061091,45.27330835640466,0.0067632702433719,2.7219896153209744,0.3781760928390547,[-0.58651432 -0.59187054 -0.57164276],[0.16180992 0.16582388 0.1687542 ],[-14.73552189 -13.5044646   -2.62562404],[0.13371716 0.12547979 0.11283407]
3,1443123,000534.73-002435.9,0.8979507812561385,45.03413601097939,0.0122096707237133,2.0302548763972275,0.4419135726563092,[-0.75512426 -0.90777635 -1.27327324],[0.17325483 0.24174331 0.49343472],[-11.03126119 -15.95163067  -8.02160153],[0.21514263 0.18174524 0.14351457]
4,1443125,000534.56-004714.3,1.430077430098441,45.39318701636032,0.0206971052710187,1.1965175946007411,1.3538113208821252,[-1.98224228 -1.26613736 -1.07779526],[0.77805752 1.05304429 1.03977589],[-15.89402123  -2.81977567  -7.25139373],[0.16398673 0.15324563 0.13713366]
5,1443126,000533.75+001158.7,2.382246499840973,45.3388860607357,0.0373790325343499,0.7458040151788209,1.9517672140178632,[-0.93513125 -1.37337516 -1.43097764],[1.13862472 1.47265463 1.46465479],[-15.65341439 -10.86106837 -16.68763107],[0.16496282]
6,1443130,000532.44-001017.3,1.816327417534932,45.60610619008232,0.0257584436610294,3.374408957588244,0.6740562734962512,[-0.48035412 -0.65480899 -0.8865673 ],[0.27243834 0.31709905 0.46650068],[ -9.3373176  -10.83803318 -14.36233835],[0.24842486 0.2063812  0.15439063]
7,1443133,000531.41+001455.9,0.9907609335289396,45.62755176826156,0.0073004513569969,1.8835976458401484,0.2296262873773052,[-0.88726086 -0.99798906 -0.80352435],[0.09068833 0.10455466 0.1150937 ],[-14.72911671 -13.49800786  -9.3573832 ],[0.12546872 0.09828108 0.09030255]
8,1443134,000531.32+000838.9,2.845464573648057,46.32213075915284,0.0059127821243585,1.6828879595360289,0.282419425342637,[-0.8789313  -0.74762639 -0.80470164],[0.10568524 0.13222468 0.18311673],[ -6.19785207 -16.24362679 -14.89490032],[0.20170537 0.1542126  0.10687378]
9,1443136,000531.06+000950.9,0.9417348365602408,46.13088642550558,0.0019741943783628,3.4890218285255776,0.6480253628433097,[-0.54687208 -0.57818154 -0.56431022],[0.3308172  0.33127072 0.33148852],[-12.43859416  -3.97590919 -16.31752193],[0.04856631 0.03859745 0.0440545 ]
10,1443137,000530.66+010233.2,0.6326458764824535,45.67775379009556,0.0054336968432515,2.706720718160912,0.3639159865595109,[-0.63781376 -0.61006436 -0.85273472],[0.16983466 0.17006459 0.18078741],[-14.18367295 -11.95368731  -2.19930433],[0.06022601 0.06536422 0.07103457]
11,1443140,000530.14-002356.2,1.059940368193801,45.79126900382576,0.0076150874967204,1.6481678253746057,0.2336469218992469,[-0.80695358 -0.84642531 -1.09743218],[0.07907108 0.09650009 0.16685768],[-12.86989051  -8.3900007   -2.38488558],[0.16469099 0.12374424 0.10720271]
12,1443145,000529.35+011140.0,0.9297061330354236,44.86074917415956,0.0275398808966791,2.963947926773612,0.6128861553720426,[-0.65072463 -0.82729148 -0.46795407],[0.2684668  0.32196983 0.33009395],[-11.29273632  -2.61146168  -7.49567916],[0.25637255 0.21736103 0.14987942]
13,1443146,000529.33+011223.4,0.945214219257747,45.3759170517268,0.0050656297369613,2.455849714269485,0.3201610761053164,[-0.54960614 -0.54733252 -0.52301816],[0.14129372 0.14378983 0.18040891],[-13.24828185  -2.37396261  -6.90101549],[0.14986066 0.13404575 0.10100535]
14,1443148,000529.13-005001.6,2.110517803699294,46.320900610626616,0.0119495257397304,2.4044595106031488,0.4236234592626504,[-0.68900383 -0.72517461 -0.92397819],[0.17411152 0.18053668 0.21094369],[-17.32887495  -9.19555898 -12.0370155 ],[0.13000704 0.12016229 0.09311555]
15,1443150,000529.05-000312.3,0.9553560531930794,45.03762573806069,0.0220349145877385,2.4963686442977995,0.3892287203865514,[-0.5802307  -0.63842176 -0.11427836],[0.1502662  0.16474634 0.19194705],[ -9.38441746 -14.06727105 -12.24806756],[0.20406914 0.17826081 0.14820748]
16,1443151,000529.02+003211.8,1.121709175711452,45.27581878789222,0.0103817194180386,2.396599217142356,0.7215007301781297,[-0.49026104 -0.70526021 -0.65614647],[0.21086641 0.31447889 0.36098029],[-11.28104187  -1.62564703  -7.48835525],[0.22338483 0.22172181 0.13961731]
18,1443159,000527.52-000556.2,0.6127090685551146,45.54753815020636,0.0055481375011297,1.9327879741906373,0.2767208410017445,[-1.00292337 -1.08787609 -1.08730931],[0.0962977  0.11278421 0.1308148 ],[-9.22381882 -3.50622871 -9.34947561],[0.1021961  0.09921198 0.0803906 ]
19,1443161,000527.44+005325.7,1.8180813036822523,45.89994115893201,0.0117987853103578,1.340404090349454,0.3594936529364201,[-0.7823335  -0.70857188 -1.76378313],[0.13559561 0.19251162 0.61543469],[-11.65375281 -11.22504072 -13.79800735],[0.23675762 0.20645475 0.16141374]
20,1443162,000527.31-002117.2,1.7388004594948476,45.68687315863393,0.0225289541135644,2.3635677011588,0.3693183850365968,[-0.66007912 -0.75014909 -0.73770919],[0.15910974 0.17950557 0.18578463],[-14.20388842 -10.87814859  -5.16865172],[0.19128458 0.16469385 0.13267738]
21,1443165,000527.10-010542.8,2.21101941439916,45.78725650406986,0.0161569428303529,0.583969230230831,0.4743139379583229,[-0.66421122 -0.76601117 -0.55543019],[0.08926711 0.14420824 0.18222141],[-15.1188688   -6.15706372  -1.72065193],[0.21054547 0.19828639 0.16941616]
22,1443166,000526.77-000908.7,0.94438480323478,45.56417696452289,0.0041205137115944,1.6859534490685577,0.2638595057305117,[-1.12072285 -0.9441165  -0.91720721],[0.12053516 0.17224839 0.20172122],[ -7.54502064 -16.75223386  -8.67249336],[0.14336081 0.12615901 0.11341649]
23,1443172,000525.30+005042.5,1.030828662591671,45.605909769058464,0.0058462951217919,2.4074928358338514,0.309525624664039,[-0.58698583 -0.64464643 -0.58382872],[0.1370209  0.13863611 0.14257173],[ -8.10244024 -17.29454872  -7.9412756 ],[0.15386013 0.12821682 0.13091699]
24,1443173,000525.18-001817.9,1.975636745416001,45.70960569190799,0.029277612013967,2.2644510482498257,0.3665946148784105,[-0.50848844 -0.56630385 -0.50607928],[0.14496    0.16190298 0.17069305],[ -9.42697781 -14.07704901 -12.25561605],[0.20009941 0.19592489 0.15769622]
25,1443174,000525.12+001745.1,1.033969605858974,45.80756214069809,0.0034272922291798,2.7770330904623624,0.4081328959193582,[-0.65300205 -0.75437125 -0.69920883],[0.18260191 0.18498974 0.18762926],[-13.47977467 -13.28970538 -11.19673634],[0.09992786 0.08734656 0.1006716 ]
26,1443176,000524.63-010153.4,2.7810643766530143,45.81391241933323,0.0185026575217506,2.6616490121446947,0.6164241977365177,[-0.80799567 -0.82826571 -0.1875296 ],[0.30813574 0.42195508 0.39026599],[-15.12520424 -55.55749656 -16.16358204],[0.24714129 0.219924   0.19191225]
27,1443180,000524.33+000244.1,1.2723055495810285,45.26154554289308,0.0128806814736712,2.418123670657207,0.4563524931582903,[-0.52979303 -0.55340094 -0.43363163],[0.18346963 0.21560897 0.22896165],[-37.09317684 -10.1596515  -14.44430574],[0.23309239 0.2041532  0.16550933]
28,1443186,000523.58-001310.7,2.8124186694609383,45.9011605599007,0.0148035958224141,1.617230787205615,0.4344341665140234,[-0.48987762 -0.89113202 -0.68898557],[0.13266372 0.18022037 0.18203869],[-13.3141665   -6.42801369 -10.4340558 ],[0.22928539 0.18412837 0.16510326]
29,1443190,000522.77+004839.6,2.109811209359608,45.44949476054867,0.0213692674364693,2.986182431238839,0.6140933254448528,[-0.41281185 -0.51023642 -0.37107277],[0.24209213 0.27005855 0.26755815],[-15.12900502  -2.19941517 -16.15843281],[0.25048651 0.22240969 0.17055931]
30,1443195,000521.31+002756.4,0.6208293499619253,44.917198605256914,0.026507148275229,2.817797048433718,0.5121323302899037,[-0.53101297 -0.77671485 -0.46125559],[0.26257954 0.38628197 0.34959645],[-13.3109126   -2.02070214 -10.47615277],[0.21219414 0.17923608 0.13619893]
31,1443197,000520.99-001948.3,1.0408187941039275,45.63655785825964,0.0082436551318778,1.8927383841513248,0.2244030775460461,[-0.79743497 -0.86702972 -0.87176812],[0.0984749  0.12836055 0.17476161],[-15.88944583  -2.93044684  -7.32418357],[0.16156899 0.13855296 0.12136273]
32,1443198,000520.98-005125.9,0.7085967275169364,45.54006862259636,0.0029018253793928,2.2759822989260954,0.269443222062798,[-0.56223064 -0.5863978  -0.93115548],[0.10362483 0.10712633 0.12625271],[-17.22776992 -16.79960956 -10.45401243],[0.12100477 0.10787167 0.09596731]
33,1443200,000520.34+002025.9,2.206025917646753,46.11375853024644,0.0105352204728497,2.825590766160639,0.5047033521713205,[-0.66639068 -1.39157156 -0.64694713],[0.22530212 0.50236474 0.2697364 ],[-243.96413744   -3.07490405  -16.43557287],[0.23034583 0.19260915 0.1544262 ]
34,1443202,000520.14+003040.5,2.6556179724670352,46.36499554258976,0.0070895212954127,2.346944133429723,0.580798598747057,[-0.81734386 -0.79943724 -0.65237242],[0.21621744 0.25096159 0.25614275],[-11.27379551  -5.20395121  -7.49252521],[0.17906884 0.15886861 0.13336022]
35,1443209,000518.94-011116.5,1.899210289555776,46.00954234991212,0.0081269345905674,2.581968201474398,0.4218629252685408,[-0.56174717 -0.5705432  -0.65233355],[0.18248367 0.19677151 0.19868903],[-13.53888458 -13.39807984 -11.25743432],[0.20390511 0.17194017 0.13495194]
36,1443222,000515.97-000650.2,2.4638355193177284,45.84272577949199,0.0175597436979764,2.462988319787578,0.4915564285776392,[-0.74875902 -0.60790493 -1.28674069],[0.18572231 0.21119503 0.5753591 ],[-12.59796574  -8.50283482 -16.32340518],[0.21156993 0.19746223 0.16492074]
37,1443223,000515.93-003730.7,0.4769905543068739,45.11969689959722,0.0096639997799741,2.4048587618495647,0.2996073156995107,[-0.45236804 -0.67207684 -0.6649401 ],[0.12655728 0.13250598 0.1378078 ],[-11.1675708  -12.98265355  -2.65176415],[0.1624914  0.11866024 0.09350045]
38,1443226,000515.47+004222.8,1.5979029696225973,45.44190070761246,0.0228250086612291,2.7142500872172004,0.4887595352844198,[-0.64162922 -0.49294493 -0.32977971],[0.22301053 0.25707503 0.25273012],[-13.71223622 -51.51876979 -11.52612042],[0.25425193 0.21890513 0.17335239]
39,1443236,000513.46-002216.3,1.0408649471685754,45.142687042620814,0.0165445119589584,2.7067720046347272,0.4564211146562436,[-0.47069699 -0.60331906 -1.08437264],[0.19609306 0.21477571 0.45479324],[-15.12872239  -3.57322865 -16.15525285],[0.23749446 0.19066726 0.16314695]
40,1443239,000513.05-001018.6,0.4341064489418503,44.55715630614496,0.0200124244571036,1.900047658993228,0.3585942911333351,[-0.48174288 -0.52684082 -0.7568123 ],[0.13609164 0.19716615 0.28940719],[-12.19523273  -2.24537477 -10.97818279],[0.22789084 0.2006529  0.14169724]
41,1443241,000512.74-005609.2,3.2674480002735,46.08447530342636,0.0151167069701543,0.5118427325642467,0.862591183634689,[-1.51016562 -0.75227716 -0.8122954 ],[0.5471795  0.76578237 0.76193883],[-11.72275152 -14.61418496 -17.24363546],[0.23199582 0.20799642 0.17911694]
42,1443242,000512.62-000402.6,2.53833748766408,45.555061143357854,0.0244390925517166,-1.568559864202129,0.9577140507226856,[-0.21603768 -0.78452635 -5.96490778],[0.13035483 0.23333542 0.85402464],[ -8.14438458  -9.57998112 -11.91791589],[0.21178676 0.19969486 0.1877125 ]
43,1443245,000512.18+000802.9,1.1227564484720252,45.65022676896355,0.0106705002425968,1.9086365162668093,0.2179825740271469,[-0.89346606 -0.96511287 -0.92563553],[0.09394818 0.12278061 0.13259488],[ -8.19964358  -2.53784546 -14.35617839],[0.15097274 0.1164348  0.11382205]
44,1443246,000512.11+001313.1,1.2758797361226972,45.93050161996436,0.0056563516534033,2.926480223691056,0.5279019531833413,[-0.55110015 -0.54918281 -0.74974493],[0.23616999 0.23823121 0.25708056],[ -8.96427156  -2.90823637 -10.03062818],[0.14116808 0.10445805 0.10373384]
45,1443255,000509.69-001714.6,2.32417731637037,45.44951905831991,0.0390802279000688,2.7042680923727573,0.6583426923738789,[-0.23479686 -0.5628729  -0.35381778],[0.25178812 0.27318167 0.28083349],[-13.13957887 -13.23327808 -13.25374438],[0.25770717 0.22219751 0.17276204]
46,1443260,000509.23-005117.6,1.4896479517383134,45.44171522225253,0.0152791762835313,1.9947547175755715,1.3083424014818965,[-1.12681942 -0.93678677 -2.05283139],[0.84938685 1.13534401 1.16076162],[-16.83236053 -14.33994059  -2.19512341],[0.21403617 0.16997112]
47,1443263,000508.64-010604.5,1.0716661923939466,44.814742160705066,0.028607971169233,0.952005478614994,0.3257265164201587,[-0.39481369 -0.84076053 -0.32831665],[0.1228842  0.24332332 0.20710025],[-17.00197223 -14.13762832 -11.37146134],[0.24833418 0.22291682 0.17309619]
48,1443265,000508.38+001731.0,1.2621502663510469,45.40478046310666,0.0124720654083958,1.918205190254844,0.3678820983130852,[-0.76710653 -0.70039408 -0.43756669],[0.13150827 0.17596952 0.18307088],[-15.41892435  -6.01752909  -9.46778079],[0.21561953 0.19329865 0.14891446]
49,1443266,000508.37+010806.4,1.3141900146704404,45.769163914869225,0.0104363774902651,2.314357424035098,0.3968220111904419,[-0.46379802 -0.55962984 -0.47942421],[0.16865579 0.18015069 0.18101579],[-11.18748057  -2.46254843  -7.49792332],[0.15820663 0.0996834  0.1034803 ]
50,1443271,000507.16+002230.9,1.5841421085511482,45.77338480061622,0.0093365727347105,1.5302805288337629,0.2831583365723746,[-0.74505263 -0.68670349 -0.7950065 ],[0.09733229 0.14567355 0.18851393],[-13.68643102  -8.13044925  -4.27533547],[0.20208054 0.18244985 0.12108883]
51,1443273,000506.57+000258.6,1.9485461053239628,44.85902760019132,0.2290017181269164,2.5768515059932744,0.7623338472185958,[-0.75335212 -0.37515729 -1.9958033 ],[0.76585466 1.0679945  1.07941307],[ -6.4244828  -13.9837937  -12.82308408],[0.228441   0.19014066]
52,1443274,000506.33-002802.7,2.1746067029161944,45.877706376054135,0.0113799289161953,-0.7955665308471764,1.4692865023866912,[-0.87042612 -0.440079   -1.61399231],[0.31679029 0.46123414 0.74030932],[-10.48095391  -6.04612628 -10.0314031 ],[0.17107285 0.16070445 0.17617764]
53,1443277,000505.45-000210.8,1.825470065633184,46.173983646657504,0.0144880397046733,2.331292597022112,0.3857421805288328,[-0.68264719 -0.83777502 -0.99876024],[0.17102054 0.17478699 0.19183497],[-12.47642602  -8.50025432 -16.31480116],[0.1060661  0.10805877 0.08811781]
54,1443281,000505.10+002043.3,2.038120329909375,45.19875924930057,0.0662403958215414,2.481474562538297,2.190769822977489,[ -8.75621931  -1.69713774 -12.13767383],[1.49940924 1.752377   1.71892355],[ -9.81483238 -12.38819633 -15.61047099],[0.24328375 0.23830555 0.18826568]
55,1443285,000504.75-010740.2,0.8330561405592134,45.31803236384812,0.0047543973102897,2.142384021158521,0.2430502061728625,[-0.63587844 -0.73313377 -0.72794948],[0.11439054 0.1272093  0.14130893],[-11.20584596  -2.83680833  -7.49603802],[0.17332137 0.14034949 0.12928857]
56,1443286,000504.45-000220.3,1.5447840988820187,45.302713197449705,0.0486971650402026,3.130581546323701,0.6636590523013202,[-0.63753602 -0.514978   -0.74524878],[0.6452443  0.88153738 0.88742349],[-17.01018195  -6.73786617  -2.22006253],[0.23959009 0.14959768]
57,1443289,000503.91+005620.8,1.0606485579371818,44.95576201276041,0.0174479214637059,3.060267419693284,0.701805012085011,[ -0.50645408  -0.37414022 -19.1869658 ],[0.36612099 0.45098518 0.90304088],[ -9.94487771 -15.47031941 -10.17520353],[0.3077892  0.22206879 0.19045573]
58,1443290,000503.48+003347.3,3.5659783418619795,46.46952953388752,0.0250479481330394,1.3133022733046635,0.506315402312056,[-0.91881729 -0.98299508 -1.92029674],[0.33110745 0.46658914 0.79735637],[-11.65497504 -11.34492578 -13.79632012],[0.25684772 0.16966922 0.13023373]
59,1443291,000502.87-004448.5,2.1242440812057666,45.902430184420375,0.015488307000691,2.0619661869414987,1.7776735010820666,[  -1.4953862  -141.58660345   -1.8557043 ],[1.52642539 1.77200614 1.66943661],[  -8.69540245   -9.13862105 -159.77456008],[0.15570801 0.16580272 0.1172792 ]
60,1443292,000502.54-001515.3,1.376297866138097,45.42504474141554,0.0157660580956964,0.0396458609423382,1.940347701783776,[-1.79169895 -1.51794483 -2.87747347],[1.29173494 1.51750243 1.51341173],[-16.83184408 -14.35102997  -5.46755926],[0.25247996 0.14519656]
61,1443294,000501.70+005432.2,0.9606266650072508,45.051604139499815,0.0280643394242865,1.773537201620851,0.401757274366295,[-0.37530522 -0.39261758 -0.19070573],[0.14326577 0.22625649 0.22215161],[ -6.73905827 -14.67470099 -16.15030259],[0.27904851 0.23214372 0.17637637]
62,1443296,000501.64-003834.9,3.219005033833475,46.2264210818981,0.0141521975533578,-5.0020825787260765,0.3004346881440676,[-1.00163083 -0.55714776 -6.93672284],[0.03986857 0.07544368 0.20268676],[-10.45025769 -12.22027032 -13.5971415 ],[0.19518125 0.16289751 0.13129287]
63,1443299,000501.13-004805.2,2.100820612935033,45.53400741751055,0.0321123207900377,2.0071252753284634,0.7512157321570176,[ -0.6055867   -0.99232958 -47.15584227],[0.260442   0.47434356 0.93681196],[ -9.64756304 -12.40179197 -15.61619158],[0.20116269 0.19523006 0.14664094]
66,1443305,000500.42-003348.2,2.1745228966334267,46.81801711238602,0.0018035135621232,-0.0641877291471189,1.9142744093852773,[-1.0459544  -1.03024037 -1.10657797],[0.18319979 0.229354   0.22961696],[ -6.02428806 -13.08242011 -15.09894403],[0.02533863 0.0235444  0.02498432]
67,1443311,000459.36-004701.0,1.7152573114183056,45.70926257305899,0.0118301300307201,1.7905634557313974,0.5100977092731499,[-0.59731402 -0.86919152 -1.25655953],[0.15425171 0.23101732 0.42135303],[ -8.36256248 -13.3367631   -8.46950394],[0.20777874 0.16501547 0.11354405]
68,1443312,000458.93-010329.7,0.5124524346380405,45.10279877768088,0.0132038655035557,1.9323212636375968,0.236224183859401,[-0.34427865 -0.59491445 -0.61078581],[0.08706197 0.1037398  0.10399218],[-15.22070805 -16.77916717 -15.7067247 ],[0.20989059 0.15394256 0.11075336]
69,1443315,000458.61+005457.5,1.2147960671065483,45.72783388330844,0.008888568818925,1.7209959458175836,0.1988696942661355,[-0.75851366 -0.84609925 -0.85864841],[0.07055063 0.07602231 0.09480511],[ -8.10488021 -11.51994635 -12.25275762],[0.15769247 0.13081086 0.12710027]
70,1443317,000458.07+004145.8,1.4289106756455323,45.58921096406471,0.0151898484736925,3.2004934146324544,0.95971741184106,[-0.64227742 -1.9968374  -0.94099435],[0.56505972 0.97027055 0.68154679],[ -8.90535442 -33.82827108  -8.68727662],[0.2714849  0.21485964 0.14080549]
71,1443318,000457.90+002534.5,1.6980963193814973,45.95791973466365,0.0126516036011352,3.031668772590204,0.4930847597599368,[-0.33517731 -0.61360138 -0.66770075],[0.25987692 0.26265791 0.26701137],[-14.20129539 -10.85551619  -2.59772887],[0.1185764  0.11495834 0.10784626]
72,1443322,000457.11-000538.7,4.061838141333023,46.54853474040687,0.0367309286231503,2.8628169789376616,0.655808132274623,[ 0.02426051 -0.33425464 -0.40241   ],[0.62486374 0.8423255  0.84064907],[-16.29263407  -6.83982231 -12.74398975],[0.20615466 0.14020541]
73,1443323,000456.98-003220.6,2.10932398324551,46.168682990840544,0.0060469738488109,-3.368411655979517,2.287113285901334,[-0.72519976 -0.98517149 -1.13765357],[0.11325406 0.19546815 0.21733633],[-11.81950166 -12.0400984  -11.17290164],[0.07253904 0.08409352 0.08884765]
74,1443324,000456.91+000703.5,2.2958017864376297,46.52921223419891,0.0031842000667658,2.6150290059044323,0.4708467482211476,[-0.52880793 -0.5151632  -0.81084484],[0.20443518 0.2072347  0.21793728],[-13.25473303 -29.08763632  -2.5336203 ],[0.14653438 0.13148843 0.12062637]
75,1443331,000456.16+000645.4,1.040780852646661,45.722022901592304,0.0038993954506629,2.664324626759303,0.3694989504183312,[-0.65080918 -0.65808975 -0.63119889],[0.17089303 0.17273282 0.17659138],[-10.60275199 -10.06200521 -12.19917474],[0.14120837 0.09906053 0.09572943]
76,1443333,000455.84-003853.7,2.1624787168015565,45.66958737330743,0.0190858626658219,2.907983832996528,0.633671475789753,[-0.55944705 -0.52054618 -0.30307596],[0.27438777 0.28185561 0.28438469],[ -8.96231236  -5.01079459 -10.02776922],[0.17983212 0.18504684 0.14735148]
77,1443337,000455.45+004933.5,2.109092832647026,45.97905012294601,0.0108581495381621,1.2824279435632226,0.254760536911106,[-0.83759208 -0.61470543 -0.37851779],[0.16496425 0.22593283 0.25921254],[-2.55679896 -9.98114236 -5.99610151],[0.2165639  0.19913872 0.15089569]
78,1443339,000455.17-002131.0,2.852772808986859,45.88290864913864,0.0138651241951599,2.8421397376328663,0.7500641743762084,[-0.4029468  -0.55924064         nan],[0.24871811 0.31232856        nan],[-223.77985009  -12.74541349  -13.04285982],[0.26139617 0.212502   0.19519995]
79,1443343,000454.33+001955.2,1.0077839351251523,44.83303652228062,0.0317476797559201,3.1838396795826536,0.6502531405242704,[-0.34836032 -0.50493794 -0.22893412],[0.25124754 0.27247945 0.28136474],[-12.54472155 -11.88071458 -12.27191593],[0.26697563 0.22470939 0.18998114]
80,1443347,000453.83+001546.0,2.8693614007700408,46.513064348885145,0.0030798627077608,1.0475546159285976,0.2341387598169781,[-0.80399385 -0.48504463 -0.28155262],[0.06705142 0.10734584 0.16118396],[ -6.72862903 -14.67782302 -16.14594996],[0.12814032 0.10518632 0.06712073]
81,1443351,000453.33-003659.1,1.575463916275636,45.38850383801287,0.0347017085185328,3.166704678712963,0.6643687052393612,[-0.71981461 -0.82105498 -0.53899963],[0.27216036 0.30749323 0.3134844 ],[ -2.58747421 -12.13440524 -14.03991332],[0.21825057 0.20665205 0.17130336]
82,1443352,000453.26-003531.0,1.565437839705479,45.86943898350116,0.0145805644840386,16.742518926656118,0.7590445756355555,[-59.52376621   6.60598125   6.75501511],[ 8.81020614 12.46663223 12.48426669],[-8.4874483  -5.59877638 -7.70602707],[0.08156868 0.0783253  0.08420994]
83,1443356,000452.69+000621.4,2.0870106315396257,45.80613583173374,0.0098783378562323,2.0200079983885195,0.4120104878161038,[-0.746263   -0.47530659 -0.6046785 ],[0.15747794 0.19834364 0.26264802],[-16.19665732  -9.94333822 -17.17901533],[0.22331031 0.1995951  0.15748194]
84,1443359,000452.24-010124.2,2.160914690013616,45.23228911228426,0.0477595810507978,2.839924730536682,0.6447280611405988,[-0.44154337 -1.13088307 -0.01984649],[0.23896033 0.53315632 0.30882444],[ -1.4869559  -11.99705113 -16.55260985],[0.23649114 0.22738045 0.2094727 ]
85,1443361,000451.86-001203.7,1.0318769531308414,46.07806899148131,0.0035110041059809,2.4548671401438127,0.3158384687226307,[-0.88319807 -0.99278368 -1.26143667],[0.13249133 0.13613161 0.24673885],[-8.1817003  -3.49641134 -2.63408682],[0.05943883 0.05022936 0.05919378]
86,1443362,000451.78+011239.8,1.5518396051593484,46.1277520302119,0.0062535891156194,3.0627062896157744,0.5109907994001792,[-0.59467907 -0.6324268  -0.88564145],[0.25223344 0.25465937 0.26418285],[-12.46395063  -8.50704898 -16.32096648],[0.10296533 0.0923452  0.09888936]
87,1443364,000451.06+001154.7,1.8566844514157657,45.78271637347547,0.0139466914366614,1.87297279757502,0.3009946728005815,[-0.58698253 -0.6230599  -1.02837742],[0.10972585 0.13230014 0.19617362],[-17.08729105 -15.40306148 -10.19484558],[0.18384994 0.17954788 0.1336205 ]
88,1443368,000450.77-004223.8,1.3088312370776178,45.01105086250172,0.0289055530922617,1.1453279646228685,1.3619591757358105,[-1.37222957 -0.77326211 -1.74079154],[0.74997779 1.00193078 1.01982111],[ -8.26607392 -11.5675621  -16.2204557 ],[0.2176994  0.21022824 0.18215594]
89,1443369,000450.06+004613.3,2.050310858143966,45.33091644754666,0.0660097790927665,-0.5225887222888499,1.2606553413771266,[-0.32667924 -0.92815757 -1.20387687],[0.23211092 0.97296033 0.69174249],[-14.41254952 -11.33924523  -8.14138514],[0.20513971 0.20076248]
90,1443370,000449.98-000545.1,1.0277241590856436,45.324726135142775,0.013189131517592,1.571831191603977,0.2661516363728992,[-1.04014274 -1.02124561 -1.16793751],[0.11493456 0.15488004 0.20576689],[-13.0408415   -3.32899785 -10.76272921],[0.17218556 0.13219222 0.11490441]
91,1443373,000449.01-004705.1,2.41285720571724,45.93678839758355,0.0096549832022958,2.812732170235361,0.5954861517093248,[-0.61150959 -0.66165662 -0.73466382],[0.28301034 0.34880127 0.36764921],[ -1.45693921  -6.00205958 -15.66619605],[0.17643121 0.14532908 0.09216968]
92,1443376,000448.08-002321.8,1.7237533348564529,46.15985285665016,0.0151172089617972,3.152211540596768,0.5762423776548868,[-0.42337468 -0.47656449 -0.60116594],[0.27186541 0.27211768 0.27329958],[ -3.12938609 -17.31099718  -7.97761044],[0.08812959 0.08792971 0.07726694]
93,1443379,000447.92-002328.6,2.457619264359004,45.46046866492089,0.0283492736966195,3.1603904631439006,0.6609310998620364,[ -0.40964533  -0.33657125 -19.85872062],[0.29540355 0.32504889 0.95517897],[ -9.99371095 -15.46453879 -10.22491167],[0.2520123  0.23651798 0.21085833]
94,1443381,000447.77+010017.1,1.380269278238806,45.52582222078505,0.0106632767025303,1.841995241821986,0.2766290050524467,[-0.49838368 -0.69136395 -0.44418756],[0.09123769 0.10877959 0.12763903],[-12.98465331 -11.77639878  -1.90650118],[0.20337747 0.17435628 0.14322745]
95,1443383,000447.38-004141.4,3.569319843355381,46.85955234033645,0.0067047935526147,2.5235514029917385,0.5325092480250107,[-0.47640093 -0.48574498 -0.31022366],[0.22893121 0.24486384 0.25863507],[ -7.89577493  -2.44279839 -16.42833455],[0.18316238 0.06405959 0.09389217]
96,1443388,000446.63-003750.6,2.050236832196669,45.35027383904607,0.0214274765683768,2.36278714183005,0.4286144280499664,[-0.46104569 -0.72797016 -0.53916627],[0.18131117 0.21277461 0.23066649],[ -6.8121722  -14.75628064 -11.91881366],[0.24890076 0.19592561 0.16422112]
97,1443389,000446.18-000313.6,1.607453112402878,46.029078478047,0.0107904781983378,1.6018362257267245,0.3076022025037304,[-0.72356158 -0.73203841 -1.09546508],[0.10037974 0.1354059  0.2245815 ],[ -6.82964701 -14.66895032 -16.14692543],[0.19418961 0.16582985 0.12277234]
98,1443392,000445.71-010709.7,2.311919609011864,45.73390058931255,0.0189508503405981,1.797691452077989,0.5681543450144805,[-0.74186965 -0.81918887 -0.32956648],[0.13687432 0.18865802 0.22366077],[-15.41665035  -6.11915431  -9.46013381],[0.22665185 0.21215885 0.15442481]
99,1443393,000445.71+002245.0,0.496949312706837,45.41679342894537,0.003492615186758,2.2956188754618485,0.2053007739903458,[-0.71680193 -0.70096116 -0.67020873],[0.10256589 0.10440588 0.10763076],[-16.79857486 -17.11282474  -2.58191514],[0.05483256 0.05086131 0.04777401]
0,1443400,000444.23+010036.3,1.430637099964702,46.03694362454,0.0075799081294363,2.603977378874597,0.3963180095159195,[-0.70251509 -0.81434285 -0.80724697],[0.18564781 0.18689434 0.19041187],[-12.45103411  -3.28341729 -16.32020046],[0.0896606  0.08310156 0.08935251]
1,1443401,000444.07-003330.1,1.0882711755904444,45.50507821921956,0.0046338927110589,1.1211762453281242,0.4196160454480753,[-0.69811325 -0.94706884 -1.26033495],[0.15024799 0.23035461 0.32516146],[-11.63174243 -11.2113397  -13.79129152],[0.12760533 0.09560942 0.10214191]
2,1443402,000443.33+003812.1,1.1848129358315116,45.293346154684805,0.0093468804900815,1.529895147261354,0.322742126948658,[-0.35764369 -0.54003453 -0.55552202],[0.11420767 0.16286981 0.20873296],[ -9.92985284 -16.9947053   -6.87434423],[0.27667619 0.22349838 0.16526505]
3,1443403,000443.32+001051.5,2.570040394697968,45.883813589721335,0.0148476952912197,3.3045450907834426,0.6722546725056515,[-0.38830186 -0.46125276 -0.34283948],[0.29254498 0.3175299  0.34161825],[-15.42548213  -1.54433845  -9.52676875],[0.23587602 0.21336779 0.17006037]
4,1443409,000442.24+000358.5,2.732951499237315,46.58622052001039,0.0043865566665566,1.6339250140109325,0.274534819297385,[-0.81076997 -0.91701784 -0.59876632],[0.10170095 0.12319648 0.14824579],[ -2.72624683 -11.76504818 -22.52599788],[0.14771185 0.11226544 0.11695643]
5,1443410,000442.18+000023.3,1.0073562894373498,46.039596816360735,0.0030876517485225,3.086779418000803,0.4742132572254753,[-0.34703003 -0.39729311 -0.3629805 ],[0.23061486 0.23272731 0.23332606],[-16.27825339 -11.91013693  -3.13744087],[0.09488652 0.04815266 0.07523577]
6,1443413,000442.03+003021.0,1.7701527835764077,46.174422457855904,0.010775077407537,2.717649536412712,0.5479980638511557,[-0.58728418 -0.59262785 -0.81155305],[0.21461495 0.22092195 0.23059171],[-17.33291623  -9.19570993 -12.09333316],[0.17094056 0.14962895 0.12020735]
7,1443414,000441.95-005159.2,1.969356514965664,45.47989121924313,0.0256014250197331,3.2470074027960423,0.6749360969551859,[-0.45387746 -0.66729081 -0.01283012],[0.32265585 0.44205151 0.38321604],[-15.13152503  -1.5605466  -16.16344633],[0.24920987 0.22824528 0.19656936]
8,1443418,000441.43+011315.4,1.2064024840847216,45.26132558364524,0.0115512186659429,1.483267135791144,0.3897788484312131,[-0.70842065 -0.6433577  -0.78359385],[0.16306657 0.23329502 0.29893455],[-11.7464011  -13.84599704 -11.59003263],[0.24688028 0.20691754 0.15511717]
9,1443419,000441.35-000716.7,2.1991713953950582,45.66852544872917,0.0195188606536227,-3.490448164631065,0.8142004105911378,[-0.91517291 -0.41251708 -1.09094636],[0.21108389 0.31745466 0.39826713],[-10.68250149 -61.96207645 -12.42834255],[0.23431749 0.20319033 0.15168005]
10,1443420,000441.21+002429.3,1.771989185321006,45.52422825042749,0.0247412712238457,1.9826559726308823,0.462939431399056,[-0.63489323 -0.26853806 -0.49242631],[0.18727445 0.25738436 0.27785553],[ -8.62324656  -8.80172161 -11.8574917 ],[0.24509258 0.26379383 0.15437423]
11,1443424,000439.99-004513.8,1.0922075560013975,44.74200431958406,0.0397803131819642,2.28207180774186,0.666492054620665,[-0.72790203 -0.43512825 -0.604476  ],[0.36509717 0.48618509 0.54124893],[-12.19888394  -2.71559186 -10.98569411],[0.18314031 0.17003455 0.18321029]
12,1443425,000439.97-000146.4,0.5835036869691616,45.49800018349248,0.0153276782491502,2.336999457311939,0.2213908718807105,[-0.32648137 -0.4451605  -0.47722132],[0.10617596 0.10902803 0.11902504],[-14.19804624 -10.83806758  -1.80482888],[0.11121195 0.09722904 0.07697404]
13,1443430,000439.25-003145.5,1.8610751327784565,46.35951515646563,0.0092748417849151,2.0280691164108493,0.2382946008513282,[-0.94194831 -0.97511638 -0.90226906],[0.09738446 0.10418124 0.11191041],[-15.21838337 -16.76317428 -15.70600205],[0.10723033 0.10535401 0.09324289]
14,1443432,000438.88+010659.1,2.2172566870454906,45.60125145120188,0.0208282807999893,3.066858721255855,0.7933988908964815,[-0.51842068 -0.49841031 -0.91605069],[0.31312971 0.3411661  0.59918405],[-15.42277552  -2.49916255  -9.58411486],[0.25449554 0.21478699 0.18338722]
15,1443439,000436.12+010956.1,2.2537738146594184,45.88241080349912,0.0125674117895471,2.292632015165129,0.3446858702185887,[-0.6781969  -0.70858688 -0.6816665 ],[0.14238318 0.15138375 0.17219786],[-11.24007984  -5.64619711  -7.49042573],[0.18317307 0.15518523 0.14479708]
16,1443442,000435.89+000204.3,3.1616149820897483,46.16010385094671,0.0223883112493261,2.855368676950268,0.691767440110711,[-0.53788874 -0.61332155 -0.23447906],[0.28884246 0.36496023 0.40065711],[-10.00056022 -15.46657659 -10.16512515],[0.24938114 0.20587719 0.15751402]
17,1443443,000435.75-011318.6,0.5071631127105822,45.59423500434006,0.0028647382851794,2.734967956486656,0.379260782553436,[-0.79844757 -0.79617199 -0.82197633],[0.17276195 0.17355998 0.17482774],[-9.23549242 -7.91940951 -3.60731182],[0.04271391 0.0424945  0.04237183]
18,1443445,000434.70+004726.9,2.9271145451792777,46.02346421170358,0.0182652412223696,2.5036077825973324,0.5858895838763998,[-0.43996455 -0.51091688 -0.28106878],[0.19792437 0.21471849 0.25332687],[ -9.25122852 -13.86999928  -9.69591942],[0.23181642 0.20340983 0.16459271]
19,1443450,000433.93-004844.7,1.2969458691594955,46.30381529996116,0.00270251746322,3.102946004337933,0.5755944819130161,[-0.6816092  -0.67233959 -0.61575544],[0.26492103 0.26690197 0.26811452],[-11.69366388 -13.41216207 -14.6335255 ],[0.08943353 0.05281847 0.05575248]
20,1443454,000433.50-011118.1,1.0695800945942373,45.04897420128764,0.0141732275189276,0.5959605565441972,0.4812013561825169,[-0.21034392 -0.70729989 -0.61218242],[0.14980628 0.23431335 0.24758061],[ -7.25215432 -11.94357352  -5.11053384],[0.24143503 0.21088365 0.14547833]
21,1443456,000432.76+005612.4,2.9228942054255507,46.3191874895004,0.0075482830551969,1.8225796247783888,0.2704751438028702,[-0.81951491 -0.86064598 -1.12871556],[0.10836836 0.12483626 0.17877934],[ -8.20187567  -2.37052928 -14.37126218],[0.17653826 0.16349886 0.14806443]
23,1443459,000432.21+005054.8,2.278999481860124,46.33442110488669,0.0046020179140384,2.871775187395757,0.4719446303026482,[-0.46653982 -0.48234417 -0.51102652],[0.22125283 0.22196282 0.22387632],[-11.14091742  -2.66180585  -7.46303911],[0.13196407 0.11673974 0.12019345]
24,1443462,000431.98+003330.0,1.1336360472652425,45.24025911212585,0.008214457142099,2.10201736301632,1.1014453193394091,[-0.46622683 -0.7274199  -0.88612005],[0.21967813 0.32730183 0.62030516],[-13.52746091  -9.95770312  -1.32387001],[0.25964363 0.2154728  0.17454908]
25,1443464,000431.88+003155.1,1.448348246049914,46.131020546395966,0.0060507996032939,2.5476587442267555,0.3617935160396794,[-0.8747355  -0.90180808 -0.84499697],[0.16309398 0.17108943 0.17139561],[-12.44873715  -3.29191201 -14.41141555],[0.111359   0.09409947 0.09262739]
26,1443468,000431.01+000332.2,2.1057511845598778,46.341598222052895,0.0044382518859293,2.598009312749433,0.4767522690686456,[-0.62935138 -0.69123345 -0.47443398],[0.21793852 0.22360693 0.22405625],[-11.21546795  -2.68940447  -7.46110949],[0.11403276 0.10886626 0.11345709]
27,1443472,000429.97+003113.2,1.759755042108842,45.591003854446406,0.0173304538944769,3.324140850867546,0.7159497018878265,[-0.67424598 -0.50683981 -0.05137443],[0.35290924 0.4172258  0.40910157],[-16.84094156 -14.37126698  -9.76022019],[0.24197287 0.24480544 0.17040122]
28,1443473,000429.83-005214.9,2.9223494396307834,46.06048532863974,0.0072535522141272,2.0128984177067566,0.6724848495904939,[-0.82965231 -0.58740573 -0.66821561],[0.45671343 0.62420041 0.70531084],[-12.86920384 -16.60605233  -6.32027878],[0.20097791 0.1876146  0.19783369]
29,1443474,000429.47-002142.8,0.6163510368598661,45.54040837306415,0.0198545239813014,2.359119960155682,0.2658997287635194,[-0.7886556  -0.82169918 -0.98769942],[0.12854914 0.13022066 0.1353059 ],[-12.45246674  -8.50107736 -16.32836181],[0.07729354 0.07781599 0.06471763]
30,1443475,000429.38+002421.2,1.8225295948321545,45.520334698748464,0.0352317179072301,2.67720584726627,0.6493151453617667,[-0.53941888 -0.55126987 -0.07354442],[0.22655328 0.2899198  0.28292787],[-12.87774843  -8.57256055  -8.65734778],[0.25279002 0.24092547 0.18085327]
31,1443477,000429.18+003547.9,1.3040678616485812,45.80820116321855,0.0079651251524772,2.4603881458613506,0.4251495294477265,[-0.64925989 -0.74411295 -0.65356325],[0.16844664 0.17921842 0.21965937],[-15.12858496  -2.21126267 -16.15075106],[0.17771508 0.1187559  0.09609008]
32,1443479,000428.86+003632.7,2.658310568663872,45.67704322155386,0.029953176136285,1.839722299420635,0.5574541037975516,[-0.57989159 -0.71843054 -0.83826026],[0.31640299 0.45847547 0.43710985],[-14.20715453 -10.87828895 -10.01614361],[0.23747651 0.20115566 0.13557065]
33,1443488,000426.42+005703.6,2.8189460695714104,46.193248449435785,0.0091275914594355,0.3984815087933828,0.2982142578031569,[-0.98453321 -0.72421405 -0.64855731],[0.1573189  0.22448087 0.27465998],[-13.66075101 -13.35766615  -5.62189589],[0.22471899 0.18750931 0.15632355]
34,1443498,000424.17+004610.9,1.8547236606235336,45.72670616013132,0.0146706131755038,3.02775951528733,0.6566346961167313,[-0.68877392 -0.79953483 -0.40812579],[0.26549111 0.31411197 0.30934012],[-15.12686926 -18.28431995 -16.16824685],[0.22409644 0.20361667 0.15659311]
35,1443500,000423.79+010006.2,1.2030794467124328,45.025356519111135,0.0260219058073936,2.9299631429419613,0.7379519897250708,[-0.354473   -0.4899143  -0.18255009],[0.2079265  0.23254127 0.25861077],[-12.87553723  -8.58069959  -7.13045008],[0.26332875 0.21835176 0.21126804]
36,1443508,000421.94+004444.0,1.0859923509592762,45.38240429213349,0.0098676369930004,-1.592521872045208,0.2480062750383503,[-0.54904106 -0.7985139  -1.48569486],[0.03704849 0.07363691 0.59997892],[-15.12040294 -13.692837    -2.28226522],[0.20925763 0.16983761 0.14082613]
37,1443509,000421.84+005743.6,0.7917289996641251,45.394881882716085,0.0098984958888372,3.521209292944098,0.5785452537052684,[-0.30560136 -0.34542877 -0.31515272],[0.2699262  0.27044235 0.27175415],[ -8.96712194  -2.73021355 -10.00873526],[0.11074384 0.09419935 0.10370577]
38,1443511,000421.72+001204.4,2.114766859142668,45.655175735749744,0.013244792238904,1.671575074630001,0.2594871301466034,[-0.5650108  -0.52960051 -0.57052985],[0.11408798 0.16443518 0.21302994],[ -7.08288159 -14.67660641 -16.15296731],[0.20903562 0.20494743 0.17914672]
39,1443512,000421.02-003403.0,1.4604324864906042,46.68434812448999,0.0019468839706995,2.6153499278143606,0.3591667183945533,[-0.79008021 -0.90978924 -0.82959757],[0.16697675 0.16790034 0.17035815],[-16.82190505 -16.96739445  -3.36720546],[0.06056312 0.04912467 0.05320539]
40,1443515,000420.82-004847.8,2.425937423330522,45.51810283362158,0.0336186937281937,1.9175681221914245,1.015567150356694,[-2.45329628 -0.65921692 -1.39954168],[0.7795513  1.08389816 1.03580645],[ -5.92450008 -13.18029143 -15.08626645],[0.21133445 0.19456581 0.16950568]
41,1443521,000419.73+010727.4,2.091034556192657,45.23388837014719,0.0731851021060201,3.284662113764772,0.7115023583175837,[-0.49014437 -0.36372776  0.03664932],[0.32284866 0.39675499 0.40706605],[-25.18967377  -1.6041997  -11.00310081],[0.29927292 0.2531959  0.18715738]
42,1443526,000419.00-011124.5,2.01075183085732,45.47621155644172,0.0198011121247283,1.4943711105826192,0.4556470863815697,[-1.40579053 -0.62438345 -0.99721888],[0.39257337 0.56324719 0.58884517],[-16.83168245 -14.3441623   -5.55660383],[0.21556216 0.20015437 0.14167402]
43,1443532,000417.69-001242.9,1.821079137037715,45.616042910916335,0.0173056430504701,1.381400077150729,2.0825259090927832,[-2.31834635 -2.18975059 -2.45678943],[1.35649366 1.52819484 1.56180525],[-13.05660382  -1.8085095  -10.79936198],[0.21401336 0.19250591 0.14050562]
45,1443536,000417.22-005133.0,1.6773600315034416,45.557397089247694,0.014109040326506,3.0976173427736304,1.6530566686858217,[  -0.92798327   -1.26361504 -174.48835885],[1.10676556 1.24858441 1.39234137],[ -1.82656165 -12.13440929 -14.03307376],[0.24725354 0.23221155 0.16692506]
46,1443538,000416.78+001441.4,2.631397978951467,46.369104758414665,0.0038128066274047,-2.8609309004354992,0.2029386376621846,[-0.94579597 -0.68871066 -0.84001845],[0.058223   0.0952312  0.12003326],[-14.54797639 -16.87076715  -5.90244131],[0.15066534 0.11973557 0.10925134]
47,1443539,000416.67-000431.8,2.310160214255548,45.60354121718356,0.0227996884135812,1.2594368484848948,1.5167856907584998,[-0.83498396 -0.73911233 -1.16056506],[0.53593956 0.73073477 0.80341303],[-14.54432319 -16.87808721  -6.14203284],[0.2505353  0.21277008 0.17652843]
48,1443540,000416.46-005300.7,2.0144603315471485,46.58160851308645,0.0115235772610731,1.164184115122537,0.5532937137047714,[-0.34196489 -0.65887626 -0.73385635],[0.1550993  0.16924785 0.19072348],[ -1.88612521 -16.55661531 -13.54180355],[0.09655625 0.0908438  0.07669242]
49,1443541,000416.14-010534.6,2.2095827919181703,45.80162234648562,0.0319057372383113,2.010868446946789,0.3691653762365022,[-0.96233007 -1.16901939 -1.0894921 ],[0.15551468 0.18444529 0.18560067],[ -2.95731185 -16.71822962  -7.71346133],[0.14035919 0.08680021 0.06567581]
50,1443546,000415.70+002751.2,1.7743310603405948,45.48076282142657,0.0245019412762736,-0.7412879016211538,1.0673436697913423,[-0.37651922 -0.44297352 -1.93884334],[0.1741797  0.27623762 0.73760263],[ -5.7687245  -15.14936607 -16.4280851 ],[0.22579258 0.23066047 0.18188819]
51,1443547,000415.57+005630.5,0.3008141658364125,44.77685476280421,0.0034473185406724,2.0915590304523666,0.2151738010714043,[-0.63599663 -0.84013923 -1.19012175],[0.08634191 0.08874996 0.15094742],[-14.53652761 -16.87801175  -1.71654214],[0.12308607 0.09524658 0.0814582 ]
52,1443550,000414.71+004249.7,1.4472956897984155,45.60827912186121,0.0116471480548803,1.3178726982571156,0.4849072374757208,[-0.90954386 -0.86079481 -1.41527553],[0.22083953 0.3309268  0.61347929],[-15.88754122  -1.97455806  -7.25372762],[0.22575611 0.1761306  0.15715622]
53,1443555,000413.93-010432.3,1.877536398713004,45.522565785558186,0.0161525012572525,3.120774903682147,0.9022270354260472,[-0.48920523 -1.00988615 -0.34056642],[0.27311017 0.52151369 0.33091227],[ -8.55286058 -13.44856593 -18.49212042],[0.23654348 0.24577277 0.17296203]
54,1443558,000413.59-001353.9,2.772634828003576,44.89557970753663,0.2826074836339565,0.8072202847401039,2.2963184611226897,[-6.24573872 -2.14346293 -7.01368407],[1.54094331 1.77058925 1.76168047],[-10.06985677 -14.10086436  -9.22446164],[0.22332847 0.19482239]
55,1443560,000413.56-004617.2,1.2888379525296851,46.09121048000626,0.0049377886111514,1.6150476279367414,0.3206288368111504,[-0.92966611 -1.15042826 -1.2572179 ],[0.14363643 0.1881968  0.24103778],[-17.16199299  -3.00207227  -5.39416121],[0.10756828 0.0663962  0.05834761]
56,1443561,000413.51-002118.8,2.78647749698736,45.996622695007424,0.0110579491564557,2.672941351788036,0.5147538659051967,[-0.53420896 -0.44719707 -0.3636133 ],[0.20130891 0.21985859 0.22384866],[-29.01618281  -2.42691505 -10.92161129],[0.22459595 0.19797187 0.16071605]
57,1443565,000412.50-003052.8,1.3265333955997567,45.53073519229138,0.0078747225360551,2.142640600420698,0.6157029429495904,[-0.91956551 -0.71850281 -0.75647984],[0.20230423 0.27188073 0.38833468],[-15.42428739  -2.04324111  -9.46722853],[0.20331401 0.17444605 0.13627618]
58,1443567,000411.50-005920.0,0.9142571920167176,45.29695730637175,0.007634577011089,2.2386351466680257,0.2895645701824765,[-0.67436174 -0.60585464 -0.57145178],[0.12168451 0.12951841 0.13519722],[-14.54107443 -16.88021509  -5.66901671],[0.13682492 0.12783927 0.12732707]
59,1443570,000410.75+004646.0,0.6494514404332458,45.24800085132062,0.0133888103290225,2.1946041112190207,0.617995060882254,[-0.67028282 -0.83729209 -0.7408295 ],[0.18334561 0.23913363 0.23894416],[-13.14071562 -13.21935164 -13.25592281],[0.22684312 0.18159219 0.14147166]
60,1443580,000408.38+002008.4,2.14365725601323,45.92468153115506,0.0116659412524136,2.073154035973565,0.6073215653850083,[-1.00005447 -0.63874208 -0.69082138],[0.22132557 0.29214562 0.32608594],[ -9.63036707 -12.39368234 -15.60967055],[0.20548339 0.21717938 0.15422711]
61,1443581,000408.37+002710.6,1.8249053012247385,45.53362649797305,0.0239158052647283,2.486361766824616,0.3988515122144942,[-0.52237749 -0.52873434 -0.53481902],[0.17782282 0.19254624 0.19784736],[-11.28206443  -5.99838156  -7.49867013],[0.19688161 0.1889317  0.15687695]
62,1443587,000407.52-000723.8,1.941043244677356,45.30756334814545,0.0435624508894036,2.695083801450095,0.610076049508895,[-0.6287336  -0.60597743 -0.22983352],[0.24605027 0.31195492 0.31720372],[-34.69824573  -1.75138025 -10.97917273],[0.23825326 0.2333955  0.17858071]
63,1443590,000406.96-002156.1,1.75401341435728,45.62374624834755,0.0243737968365742,2.380521454274267,0.7707051139092042,[-1.04430406 -0.59080126 -0.50396097],[0.42429774 0.58465562 0.57965336],[-11.29328775  -5.78705841  -7.49252828],[0.19163532 0.23870319 0.16161309]
64,1443594,000405.65-002837.9,1.0429506576463865,45.35781901736424,0.0095130179857605,2.058599038968548,0.2749554992696486,[-0.65770904 -0.71595168 -0.75450503],[0.12249789 0.14131291 0.18567353],[-12.57431371  -8.48879122 -16.32656247],[0.19266298 0.15889116 0.14695533]
65,1443595,000405.64-000929.1,1.5950872030579608,45.33085194457985,0.0441120929918597,0.284280358929548,2.220747169625752,[-1.15579361 -1.49055565 -1.56474054],[1.41350909 1.69012095 1.62442242],[-14.14000818 -10.61927341  -9.65060556],[0.17574169]
66,1443596,000405.15+004122.6,0.7877582510063348,44.90392364851844,0.0097243089348566,2.2104446801144064,0.2359937253834261,[-0.5492104  -0.58013037 -0.34793909],[0.12322584 0.14435771 0.1580989 ],[-16.93241626 -14.94529567  -2.51550957],[0.21883931 0.18238336 0.15253845]
67,1443597,000405.10+005019.4,1.145289169718925,46.10203966127813,0.0018073486409733,3.785175364206772,0.6689284404419855,[-0.22978716 -0.39810347 -0.23315007],[0.31689094 0.32125799 0.32934689],[-17.01393587  -2.9520546  -10.10745797],[0.12650387 0.08806048 0.05350702]
68,1443600,000404.71+000039.0,4.303563940135829,46.61369445424002,0.0437215864329552,2.4802790509781545,0.6143744162846205,[ 0.02226159 -0.4722429  -0.45691708],[0.67349385 0.93404895 0.91805855],[-10.04948332  -5.07475274 -16.78944497],[0.1838972  0.14967744]
69,1443602,000404.48+004354.5,2.4392187587323906,46.15397408066151,0.008320297659818,1.671424660035578,0.2553206567329636,[-0.93573485 -1.14305003 -0.80252023],[0.10236295 0.14862558 0.15494024],[-14.75662637 -13.76506517 -16.99022609],[0.1591219  0.14267962 0.14388749]
70,1443604,000404.14-001253.0,2.027649872182937,45.95800486319807,0.0090762033442821,2.1201238428338662,0.3269271414076299,[-0.77633733 -0.57938663 -0.34294249],[0.16190632 0.20932941 0.19378235],[-11.24944265  -1.60833718  -7.47850133],[0.20830552 0.18443241 0.15888841]
71,1443607,000403.80-004117.2,1.978790427684016,45.883845414460815,0.0251908190168386,1.9377644257052773,0.8131951645059027,[-0.84013871         nan -0.93480693],[0.21733655        nan 0.29790473],[-15.88596736  -2.38976649 -10.4164607 ],[0.15194264 0.13009134 0.09805502]
72,1443612,000402.26+005754.2,1.9746816965912448,45.81387627318241,0.0152860575603561,1.7239363718997662,0.3177715308527,[-0.58418719 -0.61381257 -0.56838056],[0.14086088 0.19055112 0.20799989],[ -7.46575634 -14.83074169 -15.89494993],[0.24855652 0.20859214 0.15714601]
73,1443616,000400.96-003859.2,2.224590488748265,45.99806944504309,0.0102725370573537,2.4336553417271327,0.6728451775402081,[-0.69088385 -0.79918055 -0.96990887],[0.21018377 0.24905215 0.33425148],[-11.2963707   -2.22676491  -7.51160989],[0.18558835 0.18271537 0.13287755]
74,1443618,000400.48-003812.9,1.7258656951888345,45.59282215004418,0.0164768919628954,0.111358341333651,2.0984339763496846,[-2.78052731 -2.01822017 -2.22255935],[1.31167583 1.5491208  1.50654201],[-6.81971033 -8.18722235 -8.56567219],[0.22827562 0.19683734 0.15908533]
75,1443622,000400.06-011423.9,1.6690093670787571,45.39379973547033,0.0166379004499894,1.2013255103453169,0.2474833753261121,[-0.27278916 -0.64267334 -0.43545021],[0.0815256  0.12478214 0.14730271],[ -9.8780379  -16.9961267   -6.56790988],[0.22484787 0.20478497 0.16319567]
76,1443624,000359.79-003032.5,2.5605188440362165,46.30139541818301,0.0044872010116812,2.111049649137078,0.3098857537502243,[-0.7424061  -0.65281249 -0.68331338],[0.13262078 0.1432919  0.23804603],[-15.4185568   -2.96390857  -9.49603601],[0.13375759 0.11577846 0.09536673]
77,1443627,000359.24-003032.6,0.996174587120352,45.21378344975275,0.0112450408680864,1.6266084141418315,0.2557176994640736,[-0.3770183  -0.63629451 -0.60569434],[0.09048978 0.12939918 0.16192855],[-12.58560004 -13.17286866  -8.96050534],[0.19062547 0.15228338 0.13718274]
78,1443632,000358.17-010706.3,0.6528523590032932,45.30038297131836,0.0098152997538569,2.6208623428641253,0.866266882702726,[-21.62884843  -0.69623617  -0.88129182],[0.59902906 0.86415301 0.86234428],[ -5.26863575  -2.11488651 -10.17666005],[0.25564223 0.21276037 0.13067082]
79,1443642,000356.56-010131.6,0.911125690794272,45.68532877952086,0.0081768997382241,2.355339261869537,0.3190486519885989,[-0.88752142 -0.93470116 -0.81865358],[0.13649877 0.14219302 0.15796189],[-7.45665402 -3.6186111  -3.17428439],[0.08842373 0.07797386 0.07685076]
80,1443645,000355.56-005523.3,2.416284561512416,45.96009889542841,0.0126461600921885,3.037911713314432,0.5586036979709441,[-0.49823316 -0.56914911 -0.29437458],[0.23635572 0.24484419 0.2494321 ],[-11.3236971   -1.9401514   -7.56517698],[0.19134554 0.16961159 0.16937766]
81,1443646,000355.49+000736.4,1.0298091235464952,45.77974583649012,0.0044773540183769,2.9372539530332684,0.5700780760368347,[-0.39827549 -0.47953541 -0.58408998],[0.26586252 0.26665442 0.27223226],[-12.46650394  -8.49820884 -16.32113316],[0.10747251 0.08744486 0.09091985]
82,1443648,000355.23+001216.4,0.9909298104198364,45.6038231575326,0.0031980391053103,2.001028139196212,0.2824549487507038,[-0.90102322 -1.12264905 -1.16179404],[0.09346191 0.10734689 0.16451203],[-14.39506265 -16.92988133 -16.544162  ],[0.12732488 0.1009516  0.10193288]
83,1443650,000354.97-000233.4,2.492659559511315,46.32646354478268,0.0048782104895472,1.2116643352532064,0.2068684204431686,[-0.96405852 -0.92392306 -0.95538505],[0.0693769  0.08914251 0.16337674],[ -6.2287204  -13.45226591 -14.83596381],[0.1454077  0.12370037 0.11244739]
84,1443653,000353.98-005325.6,0.92784162146647,44.83617916650628,0.0280495634448598,2.710457846136566,0.5286718803477033,[-0.59490923 -0.88923254 -0.67861712],[0.17916946 0.22372297 0.23013958],[-11.05903239 -15.9520955   -7.98300904],[0.21836651 0.17349249 0.15870388]
85,1443658,000351.87+010511.4,2.5675889002607297,45.70701679573143,0.0161073556000133,2.161868833566915,0.5132817480251121,[-0.42378307 -0.30961162 -0.96711795],[0.18872856 0.22578758 0.72093433],[-10.10739688  -6.18427396 -11.6457359 ],[0.24440993 0.21570099 0.1836819 ]
86,1443659,000351.40-010401.7,3.115227137316352,45.68173550103503,0.0301766233476499,-0.4462162921873843,1.0408714419549665,[-1.06473781 -0.53499947 -0.48611201],[0.40844736 0.59620678 0.61154812],[-13.51320513 -11.19541568 -11.52675386],[0.28652989 0.20819034 0.18091462]
87,1443663,000350.75-010359.5,0.9157676683318462,45.75555721063039,0.0136938609221815,2.192164080496142,0.2216911462762314,[-0.77034361 -0.80427148 -0.95978695],[0.09888426 0.10243066 0.11625655],[-12.45737315  -8.51046944 -16.32249764],[0.10269436 0.09080449 0.08503487]
88,1443664,000350.39+003956.0,2.340230574717997,45.51531407435004,0.0309751221388374,1.272809209888213,1.8861186205449352,[-1.08777037 -5.24030056 -1.2227383 ],[1.33277696 1.62484442 1.60443246],[-14.30195183 -10.41564114 -10.68601367],[0.18040736 0.22566317]
89,1443676,000348.52+001957.0,1.7089715425242575,44.82384204062042,0.1266458162683399,2.269810023551752,2.283312936493256,[-2.49304248 -2.56816964 -3.75656533],[1.91080866 2.10243347 2.12124317],[-14.96020365 -14.39956924 -12.37418496],[0.21189875]
90,1443677,000348.46-004355.3,0.8996513492599569,45.60505965943848,0.0095125327301097,2.5770085542910257,0.4078984341127183,[-0.87186918 -0.796438   -1.14366689],[0.2034482  0.23445155 0.30090776],[-17.21662776  -9.40264841 -14.59184464],[0.11044267 0.07654835 0.06929749]
91,1443678,000347.78+005142.1,1.3862735146600833,45.59700936476817,0.0103845710774201,2.516542853838427,0.4842133009499885,[-0.60584043 -0.67439531 -0.38867799],[0.21605616 0.23238137 0.24193397],[-11.26567359  -2.4733918   -7.49174674],[0.22517274 0.17817943 0.15308383]
92,1443679,000347.63+003034.7,1.299846196892856,45.2827749861428,0.0237709564303436,3.2097579494467348,0.7484369097214867,[-0.21338398 -0.49499842 -0.70648866],[0.68753985 0.95134798 0.9433049 ],[ -8.37044122  -1.46318682 -14.34674822],[0.23118566 0.18623193]
93,1443680,000347.44-010301.4,0.5809633817086072,45.63110597810003,0.0064971444151709,2.302915432461564,0.2491104686027236,[-1.02813874 -0.98504791 -1.0331389 ],[0.11032506 0.11515877 0.1312441 ],[-9.0334791  -3.63876904 -7.83598348],[0.07982712 0.07065165 0.06258171]
94,1443682,000347.20+005344.7,0.5796387788237742,45.239051410714936,0.0064847894629345,2.0033305583929373,0.4314988676321643,[-0.57771045 -0.67888381 -0.65510819],[0.11436567 0.13509316 0.14477649],[-16.93157851 -14.96395005  -2.24066851],[0.19106708 0.170685   0.15222071]
95,1443686,000346.19+011130.7,2.4049982685402984,45.83231743259047,0.0091964566096223,1.5824098759176572,0.6009694140158459,[-1.13799643 -1.13257186 -0.8130233 ],[0.43485809 0.59085128 0.5869331 ],[-12.6004607   -8.82616045 -16.32199712],[0.21080141 0.17902726 0.15148716]
96,1443687,000346.02+005127.4,1.614189456039414,45.56480715795002,0.0186149646970896,2.162175781671079,0.3450443504614121,[-0.65255735 -0.25898738 -0.73712117],[0.17816987 0.2344229  0.28309053],[ -6.32024951  -8.78261812 -11.86312693],[0.22036007 0.20497314 0.18608897]
97,1443691,000345.70-001011.1,0.7929940399662098,44.53281109522917,0.0251631821714575,-0.9940989862225548,1.8007358521387864,[-3.68222505 -0.42423065 -0.47211478],[0.65666115 0.88756067 0.93355031],[-14.53844573 -16.8644515   -2.19605065],[0.31268729 0.2648713  0.17459295]
98,1443693,000345.54+004632.7,2.0810319754886897,45.93438041944864,0.0102782232650824,1.6217242691246796,0.258647346603251,[-0.50868032 -0.56282252 -0.48852856],[0.09810006 0.12758373 0.14364106],[-14.55051695 -16.87544137  -5.76007528],[0.20964773 0.20386955 0.15920714]
99,1443699,000344.03+011303.6,0.933419527938392,45.17359383848983,0.0097718982279921,2.082085870057152,0.3120599023282266,[-0.85533528 -0.82751968 -0.793484  ],[0.14199083 0.17235309 0.1944954 ],[-13.55163247 -13.38105911 -11.25072037],[0.18907624 0.14242922 0.13616644]
0,1443702,000343.69-004307.5,1.1861078332136303,45.27811332062422,0.0100425067309828,-0.8689979978162143,0.9366073509738024,[-1.18809292 -0.91437022 -0.78282985],[0.39577061 0.59123023 0.57843683],[ -9.583627   -13.17584064 -12.62809644],[0.18296372 0.14693481 0.12371998]
1,1443703,000342.95+010109.2,1.1557630185104857,45.558363502134384,0.006658177849637,1.4400647119055394,0.2418229690898425,[-0.59472037 -0.65717003 -0.5366453 ],[0.07863336 0.10489337 0.19364955],[-15.12613172  -1.83202196  -6.36790806],[0.20648066 0.15073534 0.12964556]
2,1443710,000341.43+002303.9,2.20512568153792,46.1206962577556,0.005738317367868,1.5381732696849526,0.3188570083118532,[-0.79551422 -0.93967508 -0.81291487],[0.08889197 0.1135593  0.15333319],[-9.21093138 -2.70544676 -9.33782084],[0.15427914 0.13976432 0.14365942]
3,1443711,000340.90+002818.3,3.5581124633202945,46.55299714844096,0.0067670713865588,1.7149970171997242,0.2650178463420987,[-0.68525782 -0.75150056 -0.66129826],[0.12105266 0.15433775 0.17401968],[ -9.12111868 -14.07158    -12.20446791],[0.19766044 0.11291082 0.11114348]
4,1443714,000340.47+004341.3,1.3427684693968545,45.31224073676847,0.0130434766441211,3.3787728524259526,0.6276375867003452,[-0.55857364 -0.78238351 -0.34000447],[0.25792274 0.30559918 0.29399612],[-10.65438422  -2.05273946 -10.94628432],[0.24271282 0.19431845 0.16492955]
5,1443717,000339.41-002240.8,2.291393566513447,46.02790771999835,0.0063116191088319,1.197082037446893,0.3020907125957195,[-0.75459495 -0.88313755 -1.25832348],[0.10198407 0.18321425 0.41330428],[-17.16785513  -5.06797856  -8.29729946],[0.20388315 0.19588442 0.13106162]
6,1443720,000339.11+011019.6,1.681802216393378,46.093009848629954,0.0192318752088951,2.737760662250759,0.4133082437793007,[-0.5520737  -0.65713505 -0.79346364],[0.19735324 0.19781522 0.21353466],[-14.54678482 -16.87815121  -1.77134375],[0.10049506 0.08995412 0.07583985]
7,1443723,000338.56+000431.9,2.093852062068904,46.50810809701105,0.0043220560463161,2.2883885275758624,0.3826095427440498,[-0.54238137 -0.6063933  -0.84798735],[0.16484554 0.16753506 0.1996538 ],[-17.3359438   -9.19021263 -12.03070022],[0.10043584 0.09613392 0.09549903]
8,1443725,000338.29-000130.1,1.253577469318612,45.2224266615895,0.0166381020070183,2.7070575710806457,0.9771272523854329,[-0.40823006 -1.31136623 -0.92689894],[0.32502503 0.70309922 0.49704026],[-14.34177831 -16.07071011  -9.25776146],[0.27184732 0.22183888 0.14398238]
9,1443728,000337.64-001711.1,2.6530889655358103,45.93122087590045,0.0114044737471274,3.165551165924086,0.631356345812933,[-0.67377116 -0.83888548 -0.426217  ],[0.30228951 0.3304567  0.32810629],[-15.42042425  -2.74869391  -9.5916026 ],[0.23439423 0.19924426 0.16252787]
10,1443730,000336.92-011041.5,2.132114463528335,46.11519803245492,0.0085733694230611,1.5893002837273378,0.233958183273044,[-0.73010287 -0.67016059 -1.01427267],[0.09010904 0.103122   0.17816723],[-15.86054285 -10.07348243 -11.63143909],[0.1710027  0.16797102 0.13779053]
11,1443731,000336.47+001910.4,3.121103454071851,46.19656786913357,0.0131077809960622,1.9700394046822536,0.4830423176453897,[-0.69054975 -0.74051551 -0.98574212],[0.1654955  0.21538857 0.44794736],[-15.41980622  -6.0656174   -9.73044646],[0.22532837 0.1952663  0.17485385]
12,1443732,000336.07+004743.3,1.998850943523464,45.54518685879814,0.0203588418407854,3.041233095035577,0.6569378655847606,[-0.46434534 -0.76531301 -0.35655423],[0.29978067 0.39314407 0.35280925],[-15.12939032  -6.81638113 -16.16055066],[0.25174527 0.22634634 0.17515202]
13,1443738,000334.76+002353.1,1.2356827798782462,45.17347753127777,0.0190174665020386,1.230598283732303,0.3540497048238994,[-0.62158127 -0.77265766 -0.69704817],[0.12831425 0.19805449 0.21699498],[-15.88468797  -5.35665662  -7.25680818],[0.22421921 0.17401184 0.11846158]
14,1443739,000334.55+001109.2,1.703529368739513,45.52625177411179,0.0170510239054522,-0.2718539845637739,1.5052352636011506,[-1.56580918 -0.47127351 -2.73281995],[0.64179818 0.91104945 1.10502884],[-14.54247568 -16.87596619  -6.13139378],[0.25841707 0.2405806  0.18491895]
15,1443740,000334.00+000307.3,2.0450781314423523,45.35438327989237,0.0280114601071979,2.97437946284034,0.9824984364031089,[-0.69489579 -0.63963518 -1.68224568],[0.61419367 0.70686714 0.94971564],[-15.41964043  -6.95068552  -9.75787855],[0.23506369 0.24516726 0.16468062]
16,1443742,000333.38+002548.7,2.4990962307287248,46.218764629196855,0.0068448971823755,1.517418363682295,0.2614412200961915,[-0.71490798 -0.86251351 -0.80571125],[0.08518821 0.09532865 0.10301243],[ -8.81236189 -13.86684117  -2.53247425],[0.15251296 0.10930937 0.10179373]
17,1443743,000333.26-004443.3,0.6595105086968501,45.38988637880348,0.020284788881252,2.104900977262596,0.4920888526357986,[-1.28813606 -0.99007564 -1.01882276],[0.31025116 0.42576161 0.4593637 ],[-15.88310644  -3.18146604  -7.25544061],[0.13574978 0.12299505 0.07672253]
18,1443749,000332.06-004403.9,1.3322290168528166,45.101001418391846,0.0194056677935456,-4.037955506153132,2.347191082013165,[nan nan nan],[nan nan nan],[ -7.5740617  -13.45245577  -1.9971116 ],[0.18786467 0.16949866 0.18063026]
19,1443750,000331.37+005351.8,1.3493799223273777,45.41207496417069,0.0128483432414476,2.8736836094006417,0.6401239396597758,[-0.48392307 -0.7263479  -0.28313134],[0.21760835 0.26083103 0.25765474],[ -8.26831226 -11.9664959  -16.54562435],[0.26048214 0.20620318 0.16341586]
20,1443756,000330.35-010246.6,0.9140158974205636,45.51753904383352,0.0068343396286003,1.9983569881409624,0.2375281579647226,[-0.720877   -0.80718175 -0.78168657],[0.10537208 0.11804011 0.13501616],[ -1.81566225  -7.26424238 -11.40007508],[0.12770206 0.11023814 0.10972987]
21,1443759,000330.18+000813.2,2.5950096723758995,46.92694925181796,0.0011644450747958,2.752255608531251,0.4370074764137901,[-0.67931851 -0.72389175 -0.72107076],[0.2150496  0.21552147 0.21916105],[-13.54718953 -11.39591355  -7.6336468 ],[0.0749407  0.06228996 0.05976922]
22,1443760,000329.97+010533.9,1.6033073188346478,45.50629835085601,0.0130738277493733,1.7857860255193043,0.2775618057577235,[-0.48558866 -0.4532243  -0.19293952],[0.1144831  0.15351395 0.15736248],[ -5.39026789 -11.05043607 -14.08072862],[0.24920437 0.21672706 0.16402487]
23,1443775,000327.01+005059.7,1.5483371809130209,45.473522783954586,0.0218844818095398,1.0580072020543598,0.2641362471748368,[-0.35774411 -0.51619145 -0.47182801],[0.08923722 0.13531891 0.17742162],[-11.73240331 -14.61301478 -17.23724012],[0.25688389 0.22273023 0.16979701]
24,1443777,000326.67+001157.2,1.8480074246223963,46.558819132519744,0.0024570005381256,2.365610911781864,0.2916518498363272,[-0.7775637  -0.91392183 -1.11767257],[0.12763961 0.12857935 0.14612124],[ -7.77964438 -11.84144507  -2.89168543],[0.06188439 0.06432831 0.06396073]
25,1443781,000326.00+003359.8,1.1280411546442035,45.2222010142289,0.0097790277260507,2.038803023716456,0.3454056750276925,[-0.54758782 -0.41634396 -0.49710539],[0.16876867 0.22186715 0.23733219],[ -6.77089672 -14.6771272  -16.15267147],[0.25184134 0.19461063 0.16751061]
26,1443783,000325.54-010025.4,2.215224948159676,45.61904926757276,0.0111162161443019,2.929934516491727,0.6810448447356665,[-0.5256096  -0.83685781 -0.40097944],[0.28951939 0.37892304 0.3576418 ],[-11.08058122 -15.95504414  -8.07743805],[0.22588209 0.20854217 0.17087815]
27,1443784,000325.46-005646.7,0.627515939093671,44.72716416965522,0.0210191008149003,3.517009300745805,0.7031845140704647,[-0.34976658 -0.58355686 -0.61278958],[0.68379092 0.97025446 0.92283394],[-10.53448005  -1.61730704 -15.31828424],[0.22972416 0.16977433]
28,1443786,000325.35+003854.0,1.85360430025216,45.366639135624325,0.0323186024998065,0.952795581188417,1.6021311111643282,[-0.38429562 -1.18566771 -0.39068395],[0.83591871 1.10831387 1.12722606],[ -7.128712   -12.38280058 -13.85213227],[0.20219162 0.18981558]
29,1443787,000325.20-004420.5,0.8691569233344139,44.88948710838799,0.0224692359759437,1.6434315575789586,1.9599455725153885,[ -1.78686091 -28.65052703  -1.22161007],[1.18267199 1.50479074 1.34502894],[-12.32322408 -15.98415932  -9.5802978 ],[0.22260657 0.18532799 0.14395543]
30,1443795,000323.93-010343.7,1.3089196808655486,46.02477510458274,0.0036405833227988,1.9471915410886864,0.2104519754119674,[-0.79661291 -0.96234841 -0.97030472],[0.09298055 0.09925547 0.11199769],[-12.45677721  -8.49188201 -16.31985408],[0.095401   0.07579194 0.07607061]
31,1443801,000322.60-002941.2,0.6513797064655369,45.36476762794696,0.0118533013721275,1.868484381851484,0.1948591747793409,[-0.8677856  -0.90971967 -0.98667357],[0.08187826 0.0936342  0.14871547],[ -15.88891187 -240.87820961   -2.28850992],[0.11683286 0.10694785 0.09700479]
32,1443802,000322.54+003051.4,2.68803857064194,46.43074387076219,0.0048507260612886,10.496111198566542,6.997301016041031,[3.30438062 3.25945589 3.24441256],[3.54943286 3.54951802 3.54962739],[ -7.60825886 -11.61639588  -5.59497593],[0.12740979 0.1028464  0.11128923]
33,1443808,000320.42+000618.9,2.1053913912690483,45.69864349279541,0.0151270455385841,1.776853608833763,1.4476769131025329,[-31.96516409  -1.33836115   0.05020505],[0.70677976 1.00860011 0.9693642 ],[ -2.15605703 -10.91203224  -7.26274439],[0.21040829 0.23272551 0.22917123]
34,1443815,000318.78+002124.3,3.596978722116751,46.30312482260068,0.0311349989326039,1.966807813318552,0.4771311687257968,[-0.57596686 -0.65350485 -0.5000612 ],[0.19764129 0.25596028 0.26077058],[-13.72465787 -16.55640113 -17.22024603],[0.24092749 0.17836806 0.14692995]
35,1443816,000318.30+004314.7,1.3517320840191052,45.31807329852376,0.0159424285832088,2.200543202597431,0.7678113387385436,[-0.31241674 -0.71086753 -0.4797901 ],[0.2509314  0.36754254 0.34405423],[-13.65465349  -2.18898069 -11.19122256],[0.23573823 0.20634027 0.16931792]
36,1443819,000317.91+003848.2,1.949583123144194,46.0250603308905,0.0110808498181356,0.5251778667050393,0.1906711918641932,[-0.53562285 -0.63006006 -0.96008439],[0.07011451 0.10924709 0.19696142],[-17.32407346 -16.0612151  -14.47139437],[0.20268751 0.1877986  0.14065723]
37,1443820,000317.75+000858.7,0.459770478791673,44.98196936736572,0.00603220362159,1.7550030727167276,0.3974166105153215,[-0.68364002 -0.81684147 -0.69674895],[0.14207442 0.20185105 0.21821432],[-11.7066078   -9.01236362  -2.99754814],[0.21005943 0.14450638 0.1396738 ]
38,1443822,000317.64-002224.3,2.2899237576307754,45.47028519479059,0.0349382261246162,2.8892757893524386,0.5545843549038687,[-0.14852345 -0.27220783 -0.07460387],[0.24766763 0.27177122 0.31304049],[ -6.85700408 -11.15716625 -11.83144733],[0.21164937 0.21532066 0.19759821]
39,1443823,000317.45-003417.1,1.3710206839451329,45.82458791828469,0.0074168476605187,1.7051723242693315,0.409435550905864,[-0.75730807 -0.8255357  -7.08471541],[0.21538987 0.30604145 0.84126557],[-14.25888062 -12.90950144  -5.03828916],[0.19933291 0.15374067 0.2179    ]
40,1443828,000316.39-000732.4,3.16548647055064,46.741465491296864,0.0064193761481732,2.0072111453927546,0.4740663034153384,[-0.82422664 -0.77999918 -1.01501484],[0.17448048 0.18624358 0.21032505],[ -5.65844476  -2.56526871 -15.54908584],[0.13664379 0.12314472 0.11694297]
41,1443830,000316.31-002148.9,0.5185356668917741,45.26020671348882,0.0242206783628695,2.39747577670601,0.3166285558056452,[-0.61428474 -0.6519388  -0.56127237],[0.13069244 0.14901307 0.14522346],[-11.16569607  -2.44808676  -7.43971934],[0.15356043 0.11348349 0.09508822]
42,1443831,000316.27-005516.8,1.1977349637102477,45.364429247032064,0.0085615524973334,2.2712834288237067,0.6310845439563613,[-0.89192858 -0.5400872  -0.48901364],[0.39857755 0.55635319 0.54218304],[-10.32459504 -15.76448606  -9.3258004 ],[0.20240717 0.16581982 0.1436503 ]
43,1443832,000316.24-002857.3,1.7343357714994705,45.70389703196185,0.0154477411062607,1.1023258521865258,1.1838938538533808,[-0.75660396 -9.73790184 -1.05089387],[0.3637793  0.94849674 0.57038421],[ -5.82284855 -15.91822849  -8.47364457],[0.19547157 0.19837096 0.13516908]
44,1443834,000315.84-005827.0,2.35676150392752,45.83349009526699,0.0136358193287087,1.2350083856606715,0.3605639425174091,[-0.73041605 -0.56117088 -0.33845684],[0.12665664 0.18645042 0.20352476],[-14.98592043 -14.71610514 -14.13472922],[0.21475566 0.18005752 0.15151749]
45,1443835,000315.84+003238.7,1.4400188557571874,45.833425134424736,0.007176121135771,2.670851944837988,0.3694769545005116,[-0.53706108 -0.62388872 -0.5561383 ],[0.18753339 0.19243638 0.19406812],[-13.70774796  -2.84026712 -11.43370225],[0.13229216 0.11260479 0.11842145]
46,1443839,000315.68+001933.7,0.552129579926037,45.0535493999762,0.0100764439684475,2.985133043568718,0.4948387815871784,[-0.54519963 -0.63069484 -0.67217574],[0.21762545 0.22618503 0.23299543],[-13.70212246  -3.13339945 -11.41779246],[0.14779904 0.12950445 0.12509709]
47,1443841,000315.28+000221.0,1.523577775347973,46.08711832079595,0.0085044266835296,3.0141755979876965,0.5143143607064002,[-0.6557578  -0.65563302 -0.85317778],[0.24173515 0.2468765  0.25224304],[-12.49381238  -8.54738297 -16.31766477],[0.11329604 0.09253857 0.09814162]
48,1443845,000313.85-001017.7,1.851954883317905,46.07027111628429,0.0046446517978253,1.2734563546484627,0.2647423442502,[-0.88701173 -0.83820286 -0.8810123 ],[0.10580647 0.1391018  0.18084251],[-16.83071137 -14.34289309  -5.84968642],[0.18335412 0.170339   0.13406936]
49,1443851,000312.36+005847.5,1.2899434776619918,45.54432695797541,0.0067535959289841,1.850496699112808,0.219386168294468,[-0.76132321 -0.71589948 -0.29783269],[0.10414892 0.13387305 0.17131784],[-14.54535839 -16.87672888  -2.54539821],[0.20490378 0.1772418  0.13542314]
50,1443853,000312.16-005439.3,1.9689002696073843,45.736412215127736,0.0362870173680001,1.3204460905679205,0.3742382017633533,[-0.50443706 -0.52723195 -0.68471823],[0.11362671 0.16219205 0.26308923],[-14.53823915 -16.87625255  -5.7807604 ],[0.20685114 0.20505271 0.14497647]
51,1443859,000310.15-004027.7,1.4926514055274442,45.55107597944954,0.023153365849776,3.2046067307722064,0.6686105020747717,[-0.52428099 -0.54820057 -0.65057458],[0.2856753  0.31304138 0.55590151],[ -7.41437136  -6.22023724 -10.90443066],[0.17350333 0.17980055 0.12747918]
52,1443860,000310.09-010316.9,2.213610052718073,45.8299944278985,0.0090068000076612,0.6785979159328797,0.6528410308868748,[-1.11478908 -1.06525182 -1.03141956],[0.21602978 0.31280257 0.42341955],[-14.39663508 -16.9243111  -16.54998046],[0.18851342 0.15586081 0.16401333]
53,1443861,000309.81-004238.1,1.399975868537379,46.171661023529126,0.0042920043037533,2.649452499341169,0.4714195993997829,[-0.8251916  -0.8829999  -0.56698485],[0.2151844  0.22050009 0.23885221],[-11.14377567  -3.28935082  -7.49117753],[0.09419904 0.05872664 0.05113806]
54,1443864,000309.64+001434.8,3.120771390299611,45.71152189132607,0.0661791284577582,1.3250141076802353,0.5214055742436197,[-0.47035275 -0.23690283 -0.22230733],[0.2348806  0.32741494 0.32895448],[-14.57773682  -7.0648703  -14.12406817],[0.25799715 0.23906438 0.20391395]
55,1443869,000309.13+002711.0,0.8055537638820478,45.04738186099618,0.0084697197596845,2.454676599257588,0.3918817307515763,[-0.45297635 -0.60593568 -0.42184229],[0.14750923 0.16930186 0.17291066],[-13.14112013 -13.22992581 -13.2508213 ],[0.1921192  0.17286253 0.15693543]
56,1443873,000308.73-004808.1,0.9308985750870692,45.23441737518317,0.0078558245603801,-0.4628520251007532,1.9773568482525552,[-0.37305955 -0.86540111 -0.94343022],[0.09633413 0.14595783 0.16514863],[-16.40347573 -10.81686138  -5.98850716],[0.15271207 0.13613099 0.10350194]
57,1443874,000308.45-002730.5,1.375312865753426,45.118194568985935,0.0325844268103914,2.788619958225817,0.6079396587239032,[ 0.03930141 -0.46520703 -0.23695424],[0.64878785 0.91537211 0.89388972],[ -4.62221567 -14.53879558  -9.16224189],[0.18481237 0.18449879]
58,1443877,000306.93-001138.5,2.3194638131404544,45.67842216576362,0.0164824274445543,0.4459566889505147,0.3540971974035669,[-0.40836217 -0.60566455 -0.16334343],[0.07780478 0.13696579 0.17199877],[-11.73246865 -14.61780714 -17.24241968],[0.23436976 0.21335782 0.15801329]
59,1443878,000306.40+003256.5,1.181701070287391,44.927960895627,0.0291825969349872,2.0914860329572216,2.2715149255715223,[-34.07013439 -47.97991391 -36.11936477],[2.16783421 2.33310886 2.35221333],[ -6.85673065 -16.83408892 -15.48089028],[0.28852234 0.25890504 0.20610868]
60,1443880,000306.24-004930.4,1.050673540861538,45.67396293083944,0.0082765926196977,1.4771049217205887,0.6566434744353125,[-1.39470072 -1.33263628 -1.58889549],[0.27702028 0.3907668  0.57652531],[-6.81059505 -8.20852225 -8.79755592],[0.11687018 0.08456986 0.08674199]
61,1443883,000303.85+003446.5,2.9042026310848703,46.140719488401714,0.0140303587973527,-0.7223809615755618,0.9754101786983173,[-0.65803067 -0.68225723 -1.59653371],[0.12364321 0.19092161 0.65082311],[-15.11738881  -6.11706108  -5.16855261],[0.24278599 0.22118664 0.16555382]
62,1443889,000303.61+010343.2,1.6398672993521228,45.51260543226351,0.024877439972581,2.110272064457943,0.6143695091527308,[-0.45321688 -0.47132376 -0.28644311],[0.15730108 0.17825028 0.1932851 ],[-14.54427568 -16.86467196  -5.7852751 ],[0.23079698 0.22419153 0.19344617]
63,1443890,000303.32+001019.6,1.5207969602271794,46.64451000935182,0.0060331066722518,2.231673665453204,0.4204597260708409,[-0.50786862 -0.61760993 -0.79597318],[0.17397436 0.18664221 0.26237103],[ -8.48792956 -12.84207432 -15.77101373],[0.16204689 0.13009481 0.09003761]
64,1443893,000302.77+005613.0,1.4386317832191415,45.37169455265361,0.0111290267829495,1.5075162718185138,0.5933166599101405,[-0.56443139 -0.56705146 -0.66517903],[0.13939555 0.19178342 0.24734491],[-12.60000002  -8.49998072 -16.32268409],[0.25868383 0.22905899 0.17049255]
65,1443895,000302.24-001156.6,1.5325955868766494,45.55620586292151,0.0137211176880924,0.89259701621518,0.7423760507974291,[-1.0551377  -1.01152431 -0.61559211],[0.37472399 0.52713781 0.55088975],[-10.1044395   -6.40962466  -8.36349379],[0.2511628  0.20031239 0.13753936]
66,1443900,000301.62-004545.9,1.472483071759257,45.92741801435488,0.0037845318378018,-1.508102465376329,0.2501460338911356,[-0.3699879  -0.95676375 -1.18467535],[0.06494174 0.13287863 0.14523466],[ -5.71509267  -8.39135587 -11.03945341],[0.13736682 0.1093072  0.07775545]
67,1443903,000301.43-005741.8,1.0536677423617262,45.33072642792354,0.0090425934069493,1.023219386611399,0.2702877654188895,[-0.66408581 -0.68962934 -0.51297266],[0.07652227 0.10664747 0.15840315],[-13.65353572 -13.34750637  -5.59496049],[0.20716488 0.16801781 0.15154798]
68,1443908,000300.56+005120.9,3.422254039244085,46.5368995263829,0.0166809435498755,1.6270113257776262,0.312646628653289,[-0.74939364 -0.84522438 -1.03434282],[0.10022446 0.11025901 0.13167981],[ -8.96727595  -2.71894285 -10.02506523],[0.18466296 0.13402826 0.13970626]
69,1443909,000300.54+010619.1,1.639935539642992,46.03195784036373,0.0074564271005641,1.969621664647783,0.2350033812854317,[-0.6264712  -0.76224064 -1.01371439],[0.09409282 0.10025694 0.13307822],[ -2.9321506  -16.24769859 -14.88983828],[0.14405268 0.1430756  0.12561545]
70,1443916,000259.29-001614.7,2.485328414860267,46.06507915894618,0.0103268492779768,2.075853162862325,0.4504751315963007,[-0.83395038 -0.83124447 -0.82271277],[0.16794707 0.22426058 0.26242904],[ -8.96184596  -2.5417707  -10.04575493],[0.1958484  0.15369035 0.13626931]
71,1443920,000258.10-010127.8,1.5470708430367996,45.64860501986718,0.0127359206555404,2.034709593242489,0.3466592792568963,[-0.57407616 -0.54800219 -0.56127771],[0.14235849 0.16451473 0.19530307],[-11.23514516  -5.48716209  -7.48402573],[0.20326371 0.17273052 0.16043779]
72,1443927,000257.53+010444.8,1.5116722455444471,45.53920588909806,0.0217375051047667,3.319351103424028,0.8207093073245948,[-0.53373885 -0.71837366 -1.03419904],[0.33388154 0.35837478 0.60206002],[-8.16936884 -2.36801899 -6.56061312],[0.23261183 0.20748855 0.15470021]
73,1443928,000257.24-002932.8,1.6700823524233477,45.60466182288961,0.0191320290089436,1.3343678153835183,0.4179379360844987,[-0.6199691  -0.40796045 -0.91483675],[0.18709093 0.27640721 0.40223617],[-14.55075712 -16.88053713  -5.65443591],[0.22041758 0.24129596 0.16629426]
74,1443929,000256.76-000838.3,2.5731312793340586,45.72748381447109,0.0180973136423645,2.655082143777214,1.5408696386107696,[-2.08862822 -1.01465155 -2.32146063],[1.09358514 1.32305393 1.38613828],[-13.09262319 -10.84710045 -11.63546013],[0.19748077 0.20524039 0.20827075]
75,1443930,000256.71-004417.8,1.0307935014159686,45.39405679233484,0.0048815935852601,1.6757039129417288,0.3058483243569598,[-0.65606494 -0.88974603 -1.11809952],[0.10416682 0.15233399 0.24636516],[-15.88473902  -2.86639956  -7.32443233],[0.14788664 0.12563503 0.09987739]
76,1443940,000254.72+002459.0,3.0069759983369515,45.67977390804752,0.0364811733768277,3.1063528438533208,0.7365704403863702,[-0.43928346 -0.48474681         nan],[0.33661971 0.38583002        nan],[-16.0933091  -12.28631919 -16.21869128],[0.25809359 0.25567847 0.16313835]
77,1443941,000254.70-001640.9,2.1226315241116622,45.725361161915565,0.0104221081428406,2.1243176191726274,0.7485505214361247,[-1.05117719 -0.82617267         nan],[0.33800699 0.48705427        nan],[-15.42333651  -3.75582217  -9.50508793],[0.23539222 0.19589382 0.15495992]
78,1443946,000253.44+004120.0,2.08247131856141,45.38507927639892,0.0491345889207757,2.791995558134498,0.6582673002543888,[-0.37872028 -0.59569341 -0.28102373],[0.27835082 0.3954473  0.33630248],[-13.38222266  -8.38963891 -12.29007808],[0.26618945 0.23979408 0.18381963]
79,1443949,000252.72-000330.9,3.67819571772833,46.3175379151334,0.0195905874023267,1.9572470905752304,0.5185262170098939,[-0.39511239 -0.9575587  -0.67478082],[0.17302823 0.22034509 0.22597585],[-13.65693333 -12.80909153 -11.13669611],[0.25439887 0.18960169 0.1306535 ]
80,1443956,000251.03-001250.5,1.890113254737476,45.63435564522218,0.0189179106886783,2.071598983469414,1.822648799996664,[-1.37101433 -1.3657258  -1.91870659],[1.32942955 1.61838392 1.51309451],[-16.19331536 -10.10834125 -17.17879376],[0.20638773 0.14738774]
81,1443963,000249.77+011303.8,3.1993479557536544,45.84797112720937,0.0384231388872287,2.85060114583728,0.5444231723514503,[-0.41612476 -0.7422477  -0.4533406 ],[0.25821299 0.31372693 0.33853916],[-16.57006142  -9.18439568  -8.46281863],[0.26227975 0.22610585 0.2034612 ]
82,1443967,000248.92+005648.2,1.2988686506496552,45.85969723388685,0.0021631188469477,1.7121379805633303,0.2408097444246641,[-0.87939865 -0.95511915 -1.05789198],[0.0843984  0.10092303 0.2372073 ],[-14.55126925 -16.87831655  -1.83055244],[0.15278899 0.12752046 0.13868363]
83,1443979,000246.47-000615.3,1.7219257082493933,45.92758283389886,0.0182400726213387,2.95382678657511,0.5500354345201952,[-0.58207365 -0.71885969 -0.74737849],[0.25825913 0.26305297 0.27476031],[-12.270849   -20.53928036 -15.54793113],[0.10372038 0.09808098 0.09393835]
84,1443981,000245.58+002115.4,1.3494538524874689,45.24321556186353,0.0211334153057585,2.6975284613868427,0.5050241794987078,[-0.38557311 -0.4365268  -0.42809837],[0.21560535 0.22853217 0.24090909],[ -7.11192309 -13.87086311  -9.69765719],[0.22285119 0.20446756 0.1584134 ]
85,1443984,000244.88+005055.2,1.8434744225997943,45.538008850689096,0.0318992408104357,2.543183772942104,0.4700687142997817,[-0.27425226 -0.39842284 -0.20333919],[0.19410595 0.20005145 0.207131  ],[ -7.51425709  -1.97320968 -10.94542744],[0.22547395 0.22122658 0.18256268]
86,1443988,000243.99-005657.4,1.5283702243376442,45.21374909435103,0.0270286631098848,-0.1344459730561167,1.0356722937325875,[-5.20359851 -5.62660029 -0.43672393],[0.80022473 1.17735683 1.13394469],[-12.71557229 -15.61973439 -11.5637747 ],[0.23228026 0.18036278]
88,1443990,000243.58-003449.2,0.9330118117542836,45.019772702423154,0.0144120826537275,0.540595915227116,0.2198427107571187,[-1.2772282  -0.43488295 -0.75642066],[0.37817545 0.53564997 0.58526249],[-15.98840316 -11.86320742 -11.90852231],[0.23523346 0.19314687 0.15714865]
89,1443995,000242.30+005333.1,3.953783536786244,46.18823126540256,0.0207782217681185,2.839216533993988,0.5465286750402238,[-0.33348056 -0.56448652 -0.45078381],[0.28193479 0.3168287  0.32497745],[-13.36064865  -2.59191303 -67.60032278],[0.23140226 0.20719274 0.17145332]
90,1443996,000242.03-004802.5,1.4021605197577085,45.48998136278282,0.0175773551104363,2.169369054098228,0.9124967945785968,[ 0.04887919 -1.03867717 -0.83917266],[0.23435268 0.48901116 0.50415694],[ -5.06620961 -16.19688903 -13.82592516],[0.15229569 0.17767348 0.14008232]
91,1443997,000241.55+002411.3,0.993832020740368,45.24848329224074,0.0142765201488792,2.017385048063371,0.2100989334631622,[-0.69608813 -0.63731163 -0.51436093],[0.08802015 0.09796925 0.12351592],[ -7.43999358 -14.83026074 -15.89811403],[0.19689428 0.15815634 0.1388378 ]
92,1444000,000241.23-000525.8,2.0761675765534715,45.63532210985352,0.0246092327715174,2.973649789468216,0.6509101048722741,[-0.56905072 -0.57995782 -0.24732288],[0.2254386  0.25694409 0.25953657],[-12.87689416  -8.59606426  -1.76774368],[0.23626932 0.22578055 0.17916645]
93,1444001,000241.17+010637.5,2.3471859963608224,46.22418433446801,0.0051161639442831,1.8429423610536888,0.2238011510597276,[-0.76347476 -0.80197479 -0.68481004],[0.10531637 0.11970108 0.19063201],[ -9.61037405 -12.31077295 -15.60411287],[0.16848843 0.15318059 0.13406707]
94,1444003,000240.76-004803.6,1.739558214598712,46.23427744671926,0.0095440904283066,1.786620905126964,0.5318464568083832,[-37.42596798  -1.10412658  -1.46168712],[0.67487622 0.95865992 0.96084809],[-15.8860041   -3.08087204  -8.15406207],[0.1375652  0.08847612 0.06268851]
95,1444004,000240.45-004033.1,0.7062124098222133,45.06879553970885,0.0125744070076265,2.540174884546341,0.6079564918925351,[ -0.96512641  -0.88756069 -26.99440568],[0.21579416 0.25686125 0.9379575 ],[-11.38864891 -12.27148581  -9.0794489 ],[0.1676813  0.12537815 0.10585485]
96,1444018,000237.72-005950.0,1.9695763431502544,46.28169147386649,0.0035701505889882,1.7040749972729592,0.2072247400014351,[-0.71030335 -0.7197556  -0.78442119],[0.08328641 0.09273317 0.12761324],[-14.20478986 -10.87992978 -15.94450825],[0.14223154 0.11899772 0.10239555]
97,1444021,000237.23-004654.1,1.1168492277423063,45.64906165930791,0.0039586043807204,1.2808084663626151,0.6863263524052026,[-0.64584688 -0.94088349 -0.89342228],[0.12997746 0.18469142 0.20565563],[-13.66593418 -13.3479932   -5.61300799],[0.15634079 0.11687471 0.09518307]
98,1444024,000236.66+003852.7,2.6689191805850285,45.71150841661685,0.0123254604009481,1.2417783022155442,0.3309143143739423,[-0.43844998 -0.44702571 -0.44144613],[0.14949845 0.22716012 0.24052292],[-11.72825827 -14.60996179 -17.24354399],[0.26283809 0.22994978 0.1754966 ]
99,1444027,000236.24-002724.7,0.2909497808981935,45.05724220465913,0.0114274960859468,2.255333767277274,0.1983232081569541,[-0.4509046  -0.73538415 -0.46238534],[0.09817591 0.09999532 0.11010768],[-10.03105362  -2.94819768  -1.847945  ],[0.09032773 0.05469553 0.04690266]
0,1444030,000235.51+005321.2,1.8612429263010453,46.02100856954485,0.0062816551876743,1.978994071175904,0.2702245381970803,[-0.67143236 -0.72817017 -0.78203148],[0.11606127 0.12808678 0.15259062],[-15.88250694  -2.4854701   -7.2592933 ],[0.1702443  0.16150215 0.14205126]
1,1444033,000234.44-000437.2,1.004191042320446,45.12629195171737,0.0118657217870321,1.7868618707848074,0.5334413598332752,[-23.99080632  -0.65772354  -0.85449847],[0.64763813 0.91885556 0.93163591],[-12.19781465  -2.87282838 -10.91672645],[0.15084213 0.12456989 0.13620329]
2,1444036,000233.57-004007.1,1.04813626949876,44.98940146678665,0.0164569753840382,1.976895354015072,0.8961536563402298,[-0.6540078  -0.69507583 -0.64742595],[0.40476531 0.55233571 0.6278978 ],[ -4.70934983  -9.12750081 -15.79431421],[0.25792245 0.1901615  0.14772621]
3,1444040,000232.86+003333.6,2.1451059626903954,45.52412829544591,0.0312502040593329,2.7414366777611123,0.5998838970787228,[-0.29590118 -0.54302875 -0.47380359],[0.22301859 0.26377034 0.31765303],[-15.21747287 -16.76141439 -15.70922529],[0.26725129 0.24473364 0.17986398]
4,1444042,000232.32-002029.8,2.183591423866146,46.340799281575,0.0114241606804732,1.9960812286896896,0.4625715225589136,[-0.79267755 -0.86865534 -1.22071555],[0.1718727  0.18893514 0.27359793],[ -8.96776981  -3.55615258 -10.0308716 ],[0.15092008 0.1324397  0.12982773]
5,1444045,000230.95-000703.6,0.3984421864946301,44.40151144350378,0.0173155701576313,2.8774288101354584,0.4716478463624354,[-0.42956153 -0.52057136 -0.57143765],[0.20507919 0.22136906 0.22736677],[-14.20381948 -10.99495902  -2.1645741 ],[0.21775531 0.19723854 0.159653  ]
6,1444046,000230.94-000616.5,1.333793906740556,46.314374094446144,0.0041924235982051,2.343609924280474,0.3744144620176357,[-0.69387719 -0.82396693 -0.73374051],[0.14482738 0.15183889 0.17780012],[-12.47484357  -8.50678758 -16.32232148],[0.07964684 0.06337206 0.05349207]
7,1444047,000230.71+004959.1,1.3590717647800263,46.79162332876241,0.0008566093903255,3.024289993787224,0.4734969589065188,[-0.78867718 -0.94381146 -0.9520595 ],[0.23040056 0.23053216 0.23094817],[-31.61667349  -3.57403598  -3.4915729 ],[0.03342967 0.02419628 0.02959472]
8,1444048,000230.69+001626.0,1.4450443736925809,45.58864446267164,0.0085775507686278,2.392047512145627,0.3748834833998875,[-0.47735646 -0.51469575 -0.25384801],[0.16629976 0.18419977 0.21077415],[-11.25346459  -2.66307251  -7.48870197],[0.22993997 0.19977786 0.19394199]
9,1444052,000229.82+010830.7,1.5184457971128082,45.28912245198815,0.0182754773928657,2.8291793723018865,0.8057551946143136,[  -0.37870945   -0.49789968 -141.97468069],[0.27604126 0.35641709 0.86104204],[ -9.96012056 -15.46917699 -10.24553603],[0.26652482 0.26175108 0.20760863]
10,1444060,000228.25+003553.4,1.192659581134992,45.19079633618955,0.020538594371942,1.0736367799856503,0.9785069154857476,[-0.12404204 -1.01972366 -0.93049824],[0.15572928 0.57807283 0.38656985],[ -8.24927344 -15.42155795  -5.52832521],[0.26642591 0.23005462 0.17779843]
11,1444062,000228.05+010102.6,0.9205709404251452,45.66449729499629,0.0039403372774913,2.008478272621734,0.2300080476436261,[-0.85809899 -0.86784222 -0.84976474],[0.0943561  0.09706243 0.12163391],[-13.16334509  -2.75590278  -6.84130232],[0.10609901 0.09925356 0.11426475]
12,1444066,000227.35-000145.4,2.0570577323331665,45.766910720398194,0.0175752864440283,3.149410565501027,0.6368666946615313,[-0.58698896 -0.88193573 -0.41093673],[0.29465556 0.57529859 0.34116956],[-15.12651863  -1.42866598 -16.15274203],[0.24473917 0.24656261 0.17708493]
13,1444070,000226.10+000549.1,1.6587668339602946,46.65761563186939,0.0023775247082298,2.683768656669326,0.387802125944285,[-0.80019824 -0.88724204 -0.99029162],[0.18409602 0.18547304 0.1922124 ],[-13.53033469 -11.3893476   -9.19698439],[0.05388583 0.05238368 0.05347422]
14,1444074,000225.62+010411.9,1.687456678698566,45.57325585003967,0.0241713545426236,3.1297324540707017,0.7244013037545574,[-0.35242487 -0.35388573 -0.36092824],[0.30927675 0.33070803 0.34451608],[-11.29787563  -6.01586795  -7.47490151],[0.28065137 0.24144962 0.18714571]
15,1444077,000224.57-010455.6,1.3657381267956086,45.53018110073984,0.0085424988094757,1.392384889177193,0.2438770780225223,[-0.55935571 -0.56124012 -1.123533  ],[0.09141473 0.12295312 0.36269746],[ -14.21276323  -10.86069952 -146.04102916],[0.21285967 0.17963385 0.15633528]
16,1444079,000224.24+005256.1,1.7304217748059998,45.81222302175061,0.0126254248129029,1.0871243757532048,0.4144110685857605,[-0.04200951 -0.68083225 -0.53141921],[0.13724739 0.19489791 0.2047632 ],[-15.41674088 -14.37838068  -7.55658456],[0.25961432 0.22224461 0.17824722]
17,1444080,000224.16+001740.2,0.8994381968913141,45.02931546313057,0.0078716942426915,2.696219962432536,0.5196827261110701,[-0.662794   -0.46887405 -0.42450439],[0.19431542 0.22005693 0.22956642],[-12.59866076  -8.52867382 -16.32436832],[0.23802621 0.21780768 0.1780176 ]
18,1444084,000223.35-011041.0,0.9392603907179824,45.08057857875618,0.0191283826307859,1.5729129310476786,0.2332779272243464,[-0.51027057 -0.50299405 -0.32045845],[0.08919123 0.12053113 0.13309649],[-14.54259959 -16.87612023  -5.79993956],[0.21532854 0.19149566 0.18085969]
19,1444085,000223.32+010101.2,2.289750129366968,46.023337413551374,0.0092276452000383,1.2147861604130528,0.2175910728558104,[-0.69439093 -0.84427509 -0.62716317],[0.08948141 0.13408895 0.30433293],[-16.84195342 -14.34646228  -5.46011062],[0.22562155 0.20260995 0.16007716]
20,1444087,000223.10+001747.8,1.5132697180357757,45.78885250710825,0.0107998355988172,2.471315466498241,0.4187728625946401,[-0.53484527 -0.56909403 -0.57982807],[0.16278499 0.18248375 0.19433245],[-10.0654339  -15.47830382 -10.12379001],[0.20715435 0.19893621 0.11709574]
21,1444089,000222.73-001545.9,2.9221774693243323,45.7577896135557,0.0255091367192008,2.3028083400050647,0.8119361098188708,[-0.5420609  -0.65598244 -0.91521143],[0.27966558 0.41969034 0.61351552],[ -8.58540771 -10.21421834  -9.61006756],[0.25085204 0.21244775 0.17978201]
22,1444091,000222.47-000443.5,0.8104622658093353,46.22941610631581,0.0017072377914288,3.2983282215573126,0.5131331684926432,[-0.72894084 -0.73981719 -0.83036085],[0.2535874  0.25405561 0.25624599],[-13.51648663 -11.39711489  -2.92071169],[0.03623129 0.03571828 0.0412036 ]
23,1444093,000222.28+000158.5,2.463008222347159,45.77436208044563,0.0103412725778326,2.8631874357778915,0.6201833015976497,[-0.51853905 -0.57899471 -0.02709142],[0.26941391 0.4027596  0.31638149],[-10.74403748  -5.46432757 -10.99143274],[0.26140887 0.2396326  0.21721414]
24,1444094,000222.09-010845.4,2.3280864885849204,45.79785038854349,0.0083612726060948,0.7220317283945084,0.373921444275001,[-0.6365939  -0.49576675 -0.69325392],[0.09703976 0.14342123 0.25604552],[-16.49134731 -16.77524695 -15.38694602],[0.23576962 0.19114795 0.16303964]
25,1444096,000221.94+001246.9,0.6772513882035844,44.91370121912445,0.0186152393200096,1.6545370022792758,0.2751054545348393,[-0.69165841 -0.79899367 -0.7389223 ],[0.0907849  0.12463348 0.19062392],[-13.65961008 -13.36044064  -1.56483522],[0.20573618 0.1787553  0.15900363]
26,1444097,000221.83+002303.0,2.951490715239663,45.978306004175984,0.0314346106123295,2.51192636264728,0.6550537049007732,[ -0.14581879  -0.84820196 -15.71103567],[0.23347836 0.30704662 0.8787008 ],[-11.85779164 -15.8591042   -1.3713807 ],[0.23593011 0.22054636 0.18586458]
27,1444101,000221.22+010624.5,3.3162437701463467,46.24745809024875,0.0111022286631978,12.819776679583365,8.362971999046772,[4.032117   1.44062543 1.23424666],[3.94745486 4.25342035 4.28718894],[-28.8325131  -10.21965425 -10.76781477],[0.25490351 0.20825234 0.13981376]
28,1444102,000221.12+002149.3,3.071978538100032,47.146690934709454,0.0013145152006934,2.78971366057302,0.5207342888570927,[-1.03107747 -1.02709118 -1.1357481 ],[0.2497092  0.25168285 0.26084479],[ -7.64883381 -49.54910893 -15.55107577],[0.07008707 0.06228664 0.06204562]
29,1444103,000221.11-005922.2,2.0876365687207072,45.30063903395931,0.0271846491682232,0.3638105319495994,0.6492983728028695,[-0.67064105 -0.41679397 -0.30569785],[0.15897148 0.23527938 0.25760897],[-14.28819415 -10.33697788 -14.70737982],[0.19599137 0.19227307 0.1756197 ]
30,1444104,000220.63-004519.0,1.4735379639672403,45.46397551190466,0.0072600589156195,-1.3024326537287896,1.1527166724471087,[-0.6524991  -0.53318542 -5.8265089 ],[0.21190819 0.31124017 0.87499111],[-14.48012041 -12.46944665 -13.50235279],[0.2356014  0.19151002 0.13817395]
31,1444106,000220.09-005222.8,2.2377482497857177,46.05164603451263,0.0078570602696395,1.5704520826499362,0.3820727352105211,[-0.98353987 -0.77425053 -1.30000582],[0.15433536 0.22126672 0.31060362],[-13.26741357  -1.9117132   -6.71834248],[0.18211776 0.14819179 0.1268219 ]
32,1444107,000219.67+005947.4,1.939519829824784,45.29413418109982,0.0819852750199849,1.419901285977235,0.4947616443684678,[-0.12110462 -0.45694488 -1.27197441],[0.14181309 0.21222538 0.60084758],[-11.3390857  -12.64320725  -7.29021067],[0.25920492 0.22886604 0.1769814 ]
33,1444110,000219.11+002232.9,0.5479511631343538,45.47751113979132,0.0105601434701334,2.855480627456651,0.3159590111500636,[-0.52416811 -0.5674153  -0.5498714 ],[0.13986103 0.14109139 0.14184802],[ -8.9672661   -3.16286483 -10.01406455],[0.12197399 0.10586038 0.08574883]
34,1444117,000217.91-011334.8,1.9789014175871829,45.59797072928511,0.0193171569432131,9.879852014310863,6.462709749501852,[-100.61343257 -101.8617584     7.32073848],[14.35931231 14.36624463 15.25338747],[-15.69077128  -5.87625127 -17.34352251],[0.21889855 0.17300817]
35,1444119,000217.70+001343.9,0.9620508515072442,44.64365437247202,0.0430311094587096,3.4074119639362026,0.7456917057734189,[ -52.82808541   -0.35019275 -158.55338455],[0.90963662 1.26411993 1.26464498],[-11.81516106  -2.06481723  -7.31565457],[0.23846378 0.200231  ]
36,1444120,000217.65-002458.0,2.1117087007407043,45.77236826721147,0.0201604063969078,0.1223413579477667,1.7456282602547,[-1.16875974 -1.35311448 -0.45447622],[0.49915787 0.8033042  0.72337009],[-12.69119562 -13.38844817  -9.21006241],[0.23208889 0.23420619 0.1806612 ]
37,1444122,000217.56+000801.7,1.9689048787782024,45.79482187368663,0.0109246808423009,2.1560777392363004,1.482372043834577,[-1.69660416 -1.6204419  -1.97966584],[1.10902249 1.29805644 1.31599882],[-15.42474001 -15.14481682 -10.42202718],[0.22573713 0.20777115 0.13228762]
38,1444134,000215.52-003758.5,1.7710119300306228,45.80496841817459,0.007747751452058,2.972606037587007,0.6649691035899861,[-0.23410682 -0.31850657 -0.3359323 ],[0.26371304 0.28253726 0.27851629],[-13.15924344 -12.78542619 -16.67309557],[0.24356758 0.19128779 0.1603704 ]
39,1444137,000215.10-002358.8,1.4637283074816287,45.79880540034118,0.0187786757391066,2.144732573909376,0.2827439457270305,[-0.53479216 -0.59974185 -0.50385795],[0.10401624 0.11532648 0.16601325],[-12.57229976  -8.50793624 -16.32354607],[0.18524822 0.15222595 0.12832031]
40,1444147,000212.53-005311.6,1.5434543309977231,45.83809599166009,0.00951132650464,-0.267727549013516,2.4305159181999745,[-0.4933521  -0.50640992 -0.56199952],[0.13935574 0.16258417 0.14639993],[ -6.75110883 -14.61755317 -16.09961019],[0.19169716 0.16352105 0.13340128]
41,1444148,000212.17+005500.7,1.1525222404230362,45.59392219464306,0.0073325584172927,2.2974523208998843,0.3073094229106141,[-0.45024679 -0.49019784 -0.46369996],[0.12177318 0.12522702 0.18662355],[-9.26450353 -8.02574479 -1.48097284],[0.19180889 0.16966692 0.16220489]
43,1444151,000212.01+003253.3,2.685336579244697,46.480525188893765,0.0048455137516931,2.5574965446368534,0.4108325959682584,[-0.74852665 -0.73330325 -0.70525665],[0.19184675 0.19536964 0.20329375],[ -2.26746565 -17.30150296  -7.92017455],[0.10706783 0.09934341 0.10883315]
44,1444153,000210.82-011039.5,2.2580560896676145,45.88617671297661,0.0141955403851419,2.5673479852794907,0.491142306780689,[-6.00351146 -0.60684722 -0.76787648],[0.59387257 0.81181446 0.8013122 ],[-16.19213779  -9.95279555 -17.1742409 ],[0.22958821 0.17487332 0.13156931]
45,1444156,000210.48-010126.5,2.6366748724657327,46.84899988190708,0.0016775260086738,2.7410912578548734,0.5250451091785808,[-0.6255027  -0.63912753 -0.761057  ],[0.22594743 0.22784426 0.32013619],[ -7.43832328 -14.83909599 -15.89234648],[0.11911903 0.0791934  0.06542116]
46,1444158,000210.11-005730.9,1.97812309675358,46.45601517149771,0.0139434525223265,2.083463632198658,0.2171950929685617,[-0.47625484 -0.58550299 -0.61515609],[0.10766871 0.11697823 0.12268926],[-13.51299505 -13.31558638 -11.21314579],[0.11392038 0.10851846 0.10052199]
47,1444161,000209.60-000155.4,2.573803357200429,46.65917153249536,0.0022219905852374,1.9897790484732512,0.2854055963090933,[-0.79940257 -0.89546794 -0.98125647],[0.1177444  0.12785682 0.2091594 ],[-17.25094735 -13.42306724 -15.99382251],[0.10793334 0.07326192 0.09778339]
48,1444163,000209.30-005846.6,2.341751267845344,45.756421706277344,0.0113062317102858,-2.348562265883097,2.0759729703446186,[-1.66397251 -0.67133249 -1.33825301],[0.48559578 0.68220118 0.81582179],[-11.83913108 -12.00894688 -11.27883446],[0.23170662 0.21650493 0.16504994]
49,1444166,000209.05+000552.8,2.1429184600625293,46.15918391181423,0.0248245306590817,3.216205475128476,0.5467007389016374,[-0.26779157 -0.28772653 -0.29249672],[0.25399539 0.25512368 0.25614452],[ -8.97263994  -3.25100566 -10.01417722],[0.11876034 0.1239719  0.14411453]
50,1444169,000208.93+003120.8,1.831996104919596,45.47256437624053,0.0235357096457669,3.004222725903557,0.8924714122668154,[-2.334413   -0.32163586 -7.295613  ],[0.84485084 1.15335168 1.15802945],[ -6.38787409  -9.23611762 -14.89404896],[0.25275556 0.19819858]
51,1444170,000208.83-001742.7,0.6528301960944077,45.82356876767894,0.0063458006930972,2.970687028531496,0.3790198517867587,[-0.71421156 -0.7126823  -0.67923201],[0.18783082 0.18982446 0.18892356],[-24.44866631  -2.04929483 -11.38299265],[0.05111077 0.04969959 0.05126922]
52,1444179,000206.75+010722.1,0.7946695013257665,44.43822319151273,0.0479401586146472,3.0465419592375005,0.6986949824845456,[-0.48382732 -0.72532676 -0.30029543],[0.26848431 0.36410244 0.32972387],[-15.13098711  -2.13796783 -16.1579943 ],[0.25555981 0.24589987 0.19004903]
53,1444184,000205.53-002611.7,1.007663405304834,45.0097928989902,0.0142907710772028,2.00797630657413,0.6075502872486476,[-0.56800055 -0.50557395 -4.16152139],[0.17631733 0.21693235 0.90265382],[-11.28355976  -5.38802807  -7.47713091],[0.24392633 0.21793462 0.17016625]
54,1444185,000205.08+010025.2,1.6727939718937777,45.385110790754325,0.0276912034782093,0.52754886333986,0.3988748781224979,[-0.60088641 -0.69286391 -0.53501492],[0.0639407  0.12333055 0.19266043],[-16.83366089 -14.35048891  -5.45006275],[0.23740047 0.22408886 0.16264462]
55,1444187,000204.72-001755.0,1.2656214787364692,45.34531636926697,0.0143483120447029,0.8234309299783684,1.6445538022627788,[-1.10574631 -1.26568573 -0.87011129],[0.5712255  0.85594636 0.76333877],[-10.7001193   -1.19297869 -12.43612885],[0.22355906 0.20077362 0.15299684]
56,1444189,000204.39+004700.6,0.7535270659983276,44.98736787635416,0.0048265251891024,2.226259214276127,0.2536164909624634,[-0.54695871 -0.55231938 -0.68256336],[0.1067792  0.1206287  0.13490498],[-14.20950386 -10.94236992  -2.20485654],[0.18059296 0.16691272 0.14357755]
57,1444195,000203.37-003150.8,0.9889579981390028,44.77034816165031,0.0315141086763581,-1.0674421547991868,1.8776832271111912,[-4.12271513 -0.33092486 -5.9992672 ],[0.87013862 1.21225692 1.23612166],[-9.31629231 -4.96584339 -9.63773248],[0.21109428 0.2379644  0.14579283]
58,1444200,000202.71-005647.5,2.132575767300274,45.30002825107967,0.0286030509639196,2.176542745566626,2.448341801572504,[-5.13725432 -6.89871128 -6.32695028],[2.10496852 2.27366769 2.2895137 ],[ -7.6523327  -14.73084817 -14.34244521],[0.17557086 0.18234809 0.20853686]
59,1444202,000202.33-002648.4,2.170987008831182,46.07418808341638,0.0098544785358072,0.6236367624171884,0.2516493855021555,[-1.05833342 -0.9067467  -0.94681412],[0.07155825 0.11049755 0.15884751],[-12.85305496  -8.3895219   -5.99243093],[0.15092758 0.1326894  0.13263306]
60,1444203,000202.16-004216.2,2.421530298420636,46.23974972167584,0.0060572361669066,1.3846765980656346,0.8967647935748273,[-1.0179033  -1.15642622 -4.5866396 ],[0.17932704 0.26277384 0.87094714],[-15.86853444  -2.69179347  -7.36750138],[0.12995102 0.0952821  0.0843533 ]
61,1444204,000202.12+004334.3,2.4053558589252537,46.19635469375583,0.0073604918644889,1.5083586185651126,0.3593648735368949,[-0.73549507 -0.75880593 -0.90829915],[0.10249088 0.15819968 0.16498735],[-11.71788633  -9.58694886  -9.58260492],[0.22121035 0.20513165 0.14717424]
62,1444205,000201.99+004540.6,1.440021311114973,46.29818368940934,0.0047350138389212,2.911700534599188,0.4690293076875513,[-0.64777238 -0.82956865 -0.92165395],[0.22260288 0.22333031 0.22581701],[ -7.55550513 -11.82976657  -2.79809057],[0.05442796 0.04645606 0.05975831]
63,1444206,000201.72-010647.2,1.366038290685296,45.6341882515978,0.0060554460256057,1.6768803697773604,0.2596538592899321,[-0.53552444 -0.92326979 -1.03976509],[0.13885199 0.19274575 0.23335145],[ -8.27202476 -14.03660842 -13.35495121],[0.23422802 0.18021091 0.15984337]
64,1444207,000201.57-000941.4,0.8236275736555108,44.55800907725475,0.0207020389332335,3.3904580301246314,0.659940699026399,[-0.18395165 -0.20493965 -0.1824763 ],[0.32059892 0.32204054 0.3256733 ],[ -6.70712337 -13.87284978  -9.68302024],[0.18906338 0.17031396 0.18882107]
65,1444209,000201.33-005539.8,1.5406320512529674,45.852568257649786,0.0053671278539333,2.5869435833496093,0.3810100522093242,[-0.49523474 -0.56442754 -0.75795214],[0.16382851 0.1718097  0.17800884],[ -2.32904651 -12.96062138 -14.63635793],[0.14480298 0.12734263 0.13111471]
66,1444212,000201.16+001707.4,2.358776079420428,46.13492473193441,0.0054091335623986,1.9142336719662267,0.3581925960995662,[-0.95396611 -0.75566161 -0.76661588],[0.14409072 0.16080892 0.19451711],[-13.33260738  -8.56204369 -10.62484205],[0.15146368 0.14569924 0.1465431 ]
67,1444215,000200.24+010616.2,1.5933246385876725,45.971477099578166,0.0088114027214629,1.261924506195334,0.1626404068518624,[-0.64364991 -0.73773164 -0.90398793],[0.05987729 0.06934642 0.16269909],[ -2.79548489  -2.07809494 -11.4372653 ],[0.161956   0.15158662 0.14205257]
68,1444218,000159.88+003715.5,2.394175238028886,45.718123837662986,0.0173902271658974,2.936824575903091,0.617632178504816,[-0.398345   -0.55380693         nan],[0.26576397 0.32895619        nan],[-10.19094666 -12.28902281 -11.64679566],[0.26865607 0.23708383 0.18051769]
69,1444219,000159.62-004924.1,0.8120311144477336,45.14534038818332,0.0081473461687266,3.292391594334515,0.5672504536771912,[-0.46035767 -0.52586536 -0.57199776],[0.24163711 0.24666906 0.248842  ],[ -8.97422064  -2.44849976 -10.02952863],[0.17356798 0.12858568 0.11678601]
70,1444227,000157.83+000844.9,1.8253406084369483,45.85022572634792,0.005980981794007,0.6036545629043879,0.1567972821365783,[-0.2553993  -0.41831929 -0.47194223],[0.04601308 0.05755949 0.088357  ],[-12.6915725   -5.81797373  -6.4985131 ],[0.15314734 0.14615892 0.15298031]
71,1444231,000157.38-004958.6,0.9005034567603878,45.28035738035846,0.013270419052727,2.009111577716585,0.2982330961806047,[-0.73803189 -0.76362384 -0.80873932],[0.12844283 0.16361975 0.30344117],[ -9.21771284  -9.36996196 -16.53487942],[0.19310198 0.16249176 0.11755185]
72,1444237,000155.82+003603.2,1.8888449618922944,45.937197402140384,0.0083850867967996,1.0184152503396242,0.4219002354338181,[-0.02332162 -0.7973419  -0.65300935],[0.15513867 0.23312856 0.34040073],[ -6.90834833 -11.95710717  -1.84461792],[0.24759903 0.21458077 0.16812421]
73,1444238,000155.71-003527.5,2.527413673106076,45.5363210620493,0.0250264022690984,0.6376249993950105,1.9961395979174537,[-1.5849384  -1.69878836 -1.82519198],[1.41225338 1.66210273 1.67795506],[-12.5355052   -6.35092372 -15.38446202],[0.21041831]
74,1444241,000155.39+001936.2,1.030053587077081,45.27036079807268,0.007098171684678,2.211962343442436,0.2990244624366491,[-0.25432869 -0.48757812 -0.41811029],[0.14450792 0.17180653 0.18660834],[-11.24835201  -5.34699092  -7.51120478],[0.23168955 0.19016894 0.17043023]
75,1444244,000154.90-004956.4,2.825870893639476,47.104283610857394,0.0018449943851948,2.9395809417052456,0.5098027789097497,[-0.63708908 -0.68540409 -0.88617332],[0.25133494 0.25202137 0.25498191],[-13.12314977  -3.6375562   -3.0765949 ],[0.05187638 0.03928686 0.04281786]
76,1444245,000154.89-002209.1,1.1672715665504432,46.2817466912388,0.0023878781142023,2.501123591089055,0.3308613581328061,[-0.67972746 -0.73083716 -0.72685967],[0.16426109 0.16494338 0.16974277],[-17.33330015  -9.19818644 -12.00734587],[0.06369842 0.05789548 0.05874587]
77,1444251,000154.23-001157.3,1.1253835709083493,44.949488675696514,0.0129041630651798,2.08300766173507,0.6875044157362932,[-35.70494018  -0.50335894  -2.41259832],[0.83404705 1.16956436 1.15044212],[ -17.30346464 -148.27764454   -1.27677482],[0.27779121 0.16770775 0.16941425]
78,1444252,000153.59-010443.2,2.636118511632333,45.99180238291287,0.0076899681561215,1.019754684520805,0.3240246765448416,[-0.92719925 -0.58843229 -0.7951359 ],[0.20617007 0.2975254  0.32682179],[ -5.82746389  -6.59644554 -11.13976614],[0.21216533 0.19806002 0.16801353]
79,1444257,000152.19+005543.0,1.2812707623552728,45.30760293978851,0.0167610617292908,1.717306772863593,0.2007464403792811,[-0.48745684 -0.42855897 -0.55581279],[0.11221238 0.13730487 0.26950456],[-11.29172336  -9.05442695  -7.51026507],[0.22744049 0.22476544 0.19088297]
80,1444260,000151.51+010221.6,1.315134547092817,45.20850938353297,0.012573442822731,0.9258810175770033,0.325410822897659,[-0.58887008 -0.80592246 -0.50283792],[0.10315998 0.14922233 0.17953163],[-14.55179009 -16.87261259  -5.77770891],[0.26015393 0.20274386 0.17084997]
81,1444261,000151.29-004454.5,1.168266901069135,45.41122301157983,0.0092913751276562,2.902086881898377,0.5949161030239241,[-1.01494978 -0.69062272 -0.64629807],[0.30295535 0.37726368 0.38722992],[-15.42438725  -2.47963066  -9.44265164],[0.1850921  0.14099362 0.11503865]
82,1444263,000151.10-000030.7,1.3638140009954096,44.82395943464393,0.0723621285793321,2.8253768394369336,0.4813564277551003,[-0.48312727 -0.51510018 -0.30098528],[0.21038057 0.22229815 0.22614771],[-15.11949407  -2.0156305  -16.15029005],[0.21538979 0.18756935 0.16294222]
83,1444271,000149.33+005731.6,1.2068317788097385,45.67245946660195,0.008951371530987,2.071755339287023,0.2182805458968315,[-0.59911501 -0.73847218 -0.77777808],[0.08919825 0.0906115  0.09922595],[-13.50579617 -13.29440375 -11.21936701],[0.13596387 0.1162984  0.13271072]
84,1444280,000146.95-010015.8,2.901541412071968,46.09095597963485,0.0124714429752863,0.137552467336519,1.10076132091374,[-0.41743549 -1.11937503 -1.52430575],[0.07352751 0.39642322 0.63889394],[-5.5411037  -5.06023812 -6.71790255],[0.24438418 0.19502026 0.15465412]
85,1444281,000146.95+001428.9,2.157355145393109,46.51488075108426,0.0044809935523808,2.533969791189856,0.4081466767132655,[-0.59397186 -0.60279607 -0.72278323],[0.18683186 0.18809004 0.19306976],[-14.61180827 -10.55599261 -17.14221914],[0.11349438 0.11672128 0.12542389]
86,1444283,000146.74+003958.6,2.8950905778254814,46.9616471824963,0.0022602529916966,2.1775074752984747,0.3549803808723774,[-0.9526028  -0.88026538 -0.95144191],[0.15812877 0.16333738 0.17036653],[ -2.41485724  -8.58442965 -10.56999484],[0.09083899 0.07979247 0.08322092]
87,1444290,000145.64-011026.9,1.059249515094326,45.09590535557537,0.0128369208867624,1.2277947543634098,0.2987707903633073,[-1.18360649 -0.43722815 -0.58060841],[0.21521746 0.31752144 0.36660609],[ -5.6563943   -8.78763966 -11.84884277],[0.22675741 0.19072982 0.14584496]
88,1444293,000144.46+010350.5,1.0388446659762838,44.70541527651447,0.0349106910921861,1.2079186909953292,0.2778346029499557,[-0.3220257  -0.44401897 -0.23749287],[0.09292899 0.12774719 0.16785828],[-11.72226577 -14.61775279 -17.23749004],[0.25845862 0.24195122 0.21538414]
89,1444295,000144.28-002039.3,2.739695310592652,45.703416614944274,0.0256426990321934,-0.2788360058233328,1.6634444652364286,[-60.51932455  -1.21678985  -1.73122049],[1.20269063 1.45666652 1.4367168 ],[-16.83507353 -14.34932202  -7.21524323],[0.2106819  0.1949228  0.16939855]
90,1444296,000143.93+005831.4,1.5465337426095875,45.87968200584226,0.0044808954576573,1.2556023895629935,0.221319045540129,[-0.81039717 -0.93699956 -0.97880417],[0.08673972 0.12072543 0.18550163],[-11.6529543  -11.16015923 -13.8017623 ],[0.22563388 0.18716645 0.16407096]
91,1444297,000143.72-005429.0,1.0070363107150273,44.892726403892674,0.01939605670686,2.6184311309366115,0.5663765336685869,[-0.25836779 -0.75493138 -0.24601938],[0.19337195 0.28020286 0.22094382],[ -7.36858301 -10.54736638  -9.16942921],[0.22557264 0.22169288 0.18578584]
92,1444298,000143.46-002816.6,2.570569411233136,46.05629909674841,0.0045567586219128,1.3123574130810716,0.3081532241954116,[-1.12896234 -0.62420941 -0.3758369 ],[0.24181501 0.34418915 0.37105501],[-14.55566697 -16.87756377  -5.79260011],[0.22814386 0.19638435 0.15831902]
93,1444302,000141.92-011339.6,1.9817792939243688,45.949115422382455,0.0106767316557316,1.712256097552033,0.3642028179438064,[-0.60018735 -0.59207601 -0.59693879],[0.10169397 0.11583923 0.13622232],[-9.22598068 -8.39557553 -7.21881786],[0.1716614  0.15689399 0.14002702]
94,1444305,000141.43+002356.3,0.9352212607540044,45.76579557053428,0.0025351383102254,3.018536568163763,0.5869366450129887,[-0.515024   -0.55959788 -0.58581308],[0.26962969 0.27043373 0.27318296],[ -9.44526513 -10.15437474  -3.84346607],[0.09625378 0.0849338  0.07558361]
95,1444307,000141.33-001740.0,2.461395153902621,46.46005569811957,0.0047170267945411,2.6720251261837777,0.4242135962012807,[-0.71135975 -0.70253906 -0.63030803],[0.19606721 0.1986652  0.20194606],[-7.5627424  -5.2687588  -3.25286051],[0.09503183 0.09376091 0.0881302 ]
96,1444308,000141.28+003842.5,1.7182892366292268,45.35215368857729,0.0158288962107633,3.141924827695584,0.610455867333128,[-0.41535817 -0.61067235 -0.15655267],[0.27061984 0.31760731 0.31091607],[ -1.57627757  -5.77255654 -10.93113922],[0.23995839 0.23529751 0.17989084]
98,1444319,000138.87-000543.6,0.816821950470189,44.9638913902479,0.0078915159217203,0.2562980242707189,1.5038629466418991,[-0.99766734 -0.94405951 -0.48808192],[0.21302014 0.33114596 0.32565574],[-14.01922904  -7.90642959 -14.32964443],[0.22117542 0.18910744 0.16559416]
99,1444321,000138.48+005709.4,1.6402623834435437,45.58276136179233,0.0135584671069608,2.0316475448605065,0.4430532691862987,[-0.6571746  -0.62371524 -0.85700958],[0.1394429  0.16995176 0.30869935],[-11.31127455  -1.9213413   -7.48875772],[0.21734344 0.21373442 0.15700727]
0,1444322,000138.40+004030.3,1.4408294551155567,45.50024477854937,0.0148785163245719,2.524844234345516,0.5015909425817413,[-0.56652322 -0.51530736 -0.42745374],[0.18421025 0.20280266 0.20874358],[ -7.10131424 -14.67931039 -16.14357547],[0.20258353 0.1741823  0.1528298 ]
1,1444323,000137.61+002036.6,0.8492537474399123,44.79870074376494,0.0180419765938992,3.362529087689814,0.579026864389119,[-0.25850932 -0.32406601 -0.26749223],[0.2536945  0.26058561 0.26018322],[-15.12230428  -1.65076464 -16.15858427],[0.21037895 0.20507457 0.18185655]
2,1444328,000136.94+003350.9,1.0629347604071548,45.09746738145645,0.0124722027363226,3.022930085347116,0.5497194983240417,[-0.50025149 -0.59100678 -0.26391606],[0.19183222 0.21008877 0.20926503],[-15.08698224 -11.17264787  -7.43522292],[0.23349419 0.20958681 0.19214581]
3,1444330,000136.52+000313.8,3.537578696026305,46.543080329672414,0.0244589026725492,2.300511274902336,0.4335681448802994,[-0.76554571 -0.83875525 -0.7132744 ],[0.23509494 0.3056675  0.3056178 ],[-11.2623866   -2.16492497  -7.50627225],[0.22490223 0.16517757 0.15406978]
4,1444331,000136.01+011323.7,2.634954671394014,45.631203143665466,0.028445488985735,0.0389600778240179,0.5104876863985135,[-0.36467873 -0.76425161 -0.45580056],[0.07624546 0.17439052 0.17160403],[-11.73342141 -14.6098399  -17.25226243],[0.25509355 0.22380036 0.18655907]
5,1444335,000135.51-004206.8,3.568429488846934,47.10487742781487,0.0044520007501738,1.2139123008212809,0.7896058784263305,[-1.35924296 -1.19495646 -1.08764618],[0.32440941 0.43862797 0.44542359],[-12.50716013  -8.50622664 -16.31905737],[0.0878927  0.04201913 0.04350562]
6,1444337,000134.74+005952.1,1.883467762707392,45.73362864918019,0.009128799021262,1.377401130994424,0.2321081792561349,[-0.84351251 -0.62248585 -1.15739818],[0.11731433 0.16795064 0.31722905],[-11.20481986  -1.97240965  -7.49310514],[0.2177181  0.21119602 0.15225524]
7,1444338,000134.71-003103.6,0.2457864855514722,44.79853315705354,0.0032661782758864,0.426156243573509,0.9292668193232636,[-1.05381158 -1.08172744 -0.84108947],[0.07109709 0.11058167 0.11423552],[-14.55564417 -16.87677231  -2.5653974 ],[0.12547728 0.0630044  0.04907832]
8,1444341,000134.20-005014.6,1.132749411401477,45.21006734358847,0.0095644556587686,2.316808863113545,0.3284235677262552,[-0.4061475  -0.46035415 -0.36759454],[0.11591372 0.13040035 0.13845   ],[-11.28591891  -4.9375892   -7.46900251],[0.21792454 0.16177043 0.15628738]
9,1444342,000133.70-000630.6,2.053491572660589,46.33045634714786,0.004108659144137,2.8474269714195835,0.5192765036469513,[-0.59533368 -0.56754494 -0.48660561],[0.25141338 0.25570858 0.2602243 ],[-14.29598585 -11.95961291  -8.62977235],[0.12145901 0.11989614 0.1144375 ]
10,1444344,000133.67+003712.1,1.7532532475371214,45.58435298980866,0.0071867125511566,3.19231148867494,0.7571323725933419,[-0.6501847  -0.70242731 -0.30561059],[0.29272388 0.32780388 0.32879069],[-16.26981749 -10.92763365  -8.62390782],[0.22451938 0.22507625 0.17996286]
11,1444351,000131.75-002826.6,2.095187316651281,45.71902717681385,0.0169729918223353,1.5161017998659827,0.3650082108057493,[-0.68512427 -0.73561084 -0.92228148],[0.13661317 0.21103449 0.30176418],[-12.59954182  -8.53478394 -16.32315559],[0.22198794 0.16294865 0.1304575 ]
12,1444352,000131.74-004421.5,1.2708330324385086,44.873451414606144,0.0246649970811247,0.8951217580857875,2.2179899265112093,[-2.473461   -3.51279838 -3.11740968],[1.93497344 2.11992844 2.11317165],[-15.37955633 -13.78295051 -12.55569378],[0.20875763]
13,1444354,000131.37+002959.7,1.9296452574868947,45.40067179843786,0.0259799369832656,3.6517809970600887,1.0615783486252404,[-0.24609933         nan -0.28750857],[0.46204046        nan 0.52574076],[ -15.12911642 -263.33033112  -16.15658369],[0.25790348 0.27605847 0.20668236]
14,1444361,000129.98+001911.3,1.962097347587803,46.03466635261531,0.0069448830530447,2.4082926675193126,0.4912894774124976,[-0.42094858 -0.5868352  -0.33285003],[0.16971612 0.19397347 0.18991912],[ -2.94729319 -10.17731329 -14.44713167],[0.23487216 0.21399357 0.15751956]
15,1444363,000129.82+004631.2,0.9907068914226468,44.99380939844373,0.0096707375693476,3.2526281892399758,0.8732667130019311,[-0.85598181 -1.18597267 -0.58263915],[0.45446006 0.73540704 0.61735864],[ -9.15008586 -13.45713831  -5.68110304],[0.25464959 0.21026493 0.17262146]
16,1444364,000129.67+010901.5,0.9582998688419768,44.92717809378329,0.0251251901374836,3.327960710079372,0.7314652658886693,[-0.49251695 -0.70666587 -0.52685283],[0.30019048 0.4898991  0.39698707],[-39.59247016  -2.29375061 -11.00457884],[0.22234636 0.22295534 0.17412294]
17,1444370,000127.79-002756.0,1.3363207944562776,45.91427512235392,0.0084363631858721,1.8232319276263431,0.2763572126868763,[-0.74411878 -0.86813926 -0.9943375 ],[0.09605789 0.10791149 0.13748558],[ -8.18131368  -8.20766119 -14.35702073],[0.16253357 0.13383559 0.13668985]
18,1444371,000127.41-002421.1,0.5324136368354965,45.2058919436024,0.0052659350192492,2.6250205204801733,0.389690032099165,[-0.49606149 -0.63756167 -0.61507454],[0.15872478 0.18362638 0.1793715 ],[-13.65977403  -2.19660537 -11.10687917],[0.22902205 0.15635971 0.10528769]
19,1444373,000127.11-010603.1,1.9325000955394116,45.832613862486106,0.0282625635960833,0.2449097555448292,0.459648694339021,[-0.89236403 -0.48360497 -0.52181346],[0.19123361 0.27873984 0.30556718],[-16.83548031 -14.35208025  -5.43753118],[0.23385425 0.19886326 0.16147471]
20,1444374,000127.11+002620.5,0.9442522643247234,44.85925493132569,0.0103270848719816,3.550797902923581,0.6674812626304383,[-0.28147815 -0.34768965 -0.18526226],[0.31091824 0.3223703  0.32476439],[-15.12918396 -13.62349759 -16.16393035],[0.24486903 0.23829111 0.18953282]
21,1444377,000126.65+000018.8,2.9895986641701846,46.18912294093278,0.007630897034069,0.1569332342776156,1.1552616948057943,[-0.79032158 -0.87113276 -0.85436875],[0.21162828 0.33624658 0.37663073],[-10.10343581  -6.41377627  -8.14505325],[0.22855788 0.19665946 0.14759759]
23,1444384,000125.56+005221.6,1.4438795532404989,45.47088670147598,0.0098771409819562,1.7589969087781003,0.300700727824751,[-0.18384827 -0.53369727 -0.70489921],[0.12439084 0.16099548 0.19371544],[-15.70757498 -12.48183641 -13.23016078],[0.2399556  0.23397512 0.18856651]
24,1444385,000125.14+000009.4,1.99142787710612,46.43811300309461,0.013625576537585,2.279735063308629,0.3388038932326029,[-0.91626704 -0.94952986 -0.98642867],[0.15699107 0.15998654 0.17181326],[ -8.95963475  -3.8506841  -10.02334195],[0.08024062 0.08214826 0.06847068]
25,1444387,000124.94+002126.6,1.689494142829835,45.34980591281676,0.0223870779786388,-1.8435331448546608,2.310238565492557,[-1.84046431 -2.29839055 -2.4458234 ],[1.5391726  1.74494427 1.75522702],[-10.71365081  -8.4753606   -5.34146075],[0.18663453]
26,1444398,000123.73-004002.2,0.8948872785730158,44.79283015291807,0.024233439470251,8.741208003620084,3.9828894748900394,[-36.2246568   33.95375392  41.20473671],[10.79194202 20.72449805 22.83574194],[ -7.45939308 -11.28767731  -8.95188054],[0.12685991 0.1637116  0.12871717]
27,1444402,000122.41-000130.6,1.4706632556227386,45.663944999397714,0.0076698364472633,1.7774822726952122,0.546079443670444,[-0.8124765  -1.06970566 -1.0602586 ],[0.19138417 0.33386209 0.31327004],[ -8.46037596 -13.33447864  -7.71544815],[0.24279649 0.18948404 0.1601331 ]
28,1444406,000121.86-000327.1,2.8884679639029374,47.21379888561746,0.0015054052024261,3.183376958612986,0.5453459914993766,[-0.49303624 -0.51220006 -0.57293763],[0.26656035 0.26666183 0.26727952],[-10.68318879 -15.44453161 -12.89193565],[0.04644531 0.04644041 0.05003454]
29,1444410,000120.54-001447.3,1.3428488719396672,45.72818910643888,0.0042482003182655,2.5495778514130176,0.3702291379950464,[-0.7580525  -0.99991491 -0.75918344],[0.16458345 0.19870254 0.18565548],[-15.883752    -2.17024513  -7.28401845],[0.18326491 0.15212792 0.14904903]
30,1444413,000119.50+001038.0,1.6275919677871389,45.96101831458199,0.0117394419431526,2.3800255244099744,0.3498909045725258,[-0.61755463 -0.76050188 -0.82264801],[0.14691295 0.14985888 0.1783269 ],[ -8.21117345  -6.45000621 -14.35728155],[0.13120125 0.12361588 0.12844407]
31,1444415,000119.44-011234.4,2.2086020765341825,46.52351698585994,0.0033355013151634,2.5686825541117653,0.4427848698663983,[-0.7137043  -0.82969931 -0.96537588],[0.20228835 0.20554425 0.21175178],[ -8.18495224  -3.00072514 -14.32473146],[0.08331258 0.07917605 0.06853391]
32,1444417,000119.36+010524.7,2.310145705712375,46.16821958414795,0.0036151798329022,0.835786794104616,0.163122447680206,[-0.68635934 -0.574298   -0.11861386],[0.05560063 0.06853014 0.10210887],[-14.54900354 -16.87339241  -5.76307562],[0.15309769 0.12316094 0.11622003]
33,1444419,000118.89-003131.3,1.5374381421645753,45.97916518924617,0.0078415422390634,1.3319686369539097,0.1777949747125102,[-0.60256067 -0.67613644 -0.7677265 ],[0.06083037 0.07455129 0.10109172],[-11.93471145  -8.57420874  -9.28983367],[0.15665084 0.13305059 0.12190088]
34,1444423,000118.69+003314.1,1.4052468170982144,45.77639626069461,0.0102816619434484,2.782482210420381,0.4905831463123085,[-10.61114545  -0.58878053  -0.6246259 ],[0.58368901 0.81665681 0.82434174],[ -1.0484734   -8.52456157 -10.79670143],[0.12780555 0.12062712 0.14014683]
35,1444424,000118.68+004351.9,2.03724261341682,45.50278393437442,0.0136420412575546,2.753893044898817,0.6397016451587498,[-0.50598168 -0.65953976 -0.65009941],[0.28570624 0.4070772  0.43786445],[-17.24545318 -13.49161157 -16.00258256],[0.22336785 0.20743922 0.16373182]
36,1444426,000118.40-010221.8,1.9701721958711127,46.41959144363946,0.0147471968663595,2.63439397465408,0.4447922159752775,[-0.67502951 -0.68826394 -0.92339257],[0.20260819 0.20375344 0.20814561],[ -2.92668968 -13.37105622 -14.83510839],[0.08756498 0.08144607 0.06857384]
37,1444427,000118.13-005114.7,3.0545753536171945,46.74697626561751,0.0042060100488789,1.985870363683869,0.2553778092153262,[-0.72244697 -0.73644193 -0.95105799],[0.11375346 0.11951686 0.12818401],[ -2.87365144 -17.30705117  -7.99939313],[0.14199549 0.10878194 0.09201042]
38,1444430,000117.52+003031.1,1.934224510912868,45.704643242494384,0.0136500828773193,3.035580365070975,0.6347103408226544,[-0.60918655 -0.83396403 -0.5609056 ],[0.25766344 0.30221533 0.29364899],[-20.73735585 -14.83768524 -22.54345386],[0.24464336 0.21905736 0.15501804]
39,1444431,000117.26-000640.5,1.1372804862430572,45.60349974894827,0.0092769171465896,2.6157637099677693,0.3782455372467685,[-0.58276743 -0.66901718 -0.76662154],[0.15641551 0.16350872 0.17365247],[ -7.4857384  -16.7506615   -8.70484828],[0.18100918 0.13840219 0.13602609]
40,1444432,000116.71-005221.0,1.9957366992414811,45.329740963448224,0.042534572738873,1.762690146652895,2.269140797438949,[-32.70658129 -32.78333804 -33.1227534 ],[2.04306027 2.19575088 2.22878363],[-6.76963203 -7.52042388 -4.66442442],[0.21317503]
41,1444436,000116.06+001825.4,2.065676089592741,45.579992156961794,0.0153827784707374,2.713482284143189,1.117719951162948,[-0.46986489 -1.19791174 -1.86416932],[0.25037697 0.69092766 0.88185879],[ -9.77133461 -14.41040832 -13.0413729 ],[0.26618775 0.24481473 0.1771249 ]
42,1444438,000115.41-002555.1,1.3951405636373158,45.40191511237724,0.0220349886518356,2.881441230493605,0.4449523774203756,[-0.44029757 -0.43529272 -0.52644793],[0.19236696 0.20223676 0.22809038],[-14.20683538 -11.02638966 -10.75093156],[0.20601327 0.17583208 0.16059903]
43,1444443,000114.27-003756.9,1.434685029267083,45.68573218223454,0.0086246617329663,1.8047659389411963,0.2796535335445821,[-7.235318   -0.66873051 -0.69820691],[0.59438335 0.83922101 0.83820506],[ -0.89528623 -16.56426844 -13.54211708],[0.17355812 0.14235981 0.13794098]
44,1444444,000113.25+010058.2,0.3289306374743464,44.77222347363173,0.0053971771186951,1.9307140960093347,0.2014618065837689,[-0.55592836 -0.75775017 -0.67662537],[0.08593745 0.09606178 0.11315219],[-2.43702131 -9.98878332 -2.5466386 ],[0.15823392 0.11085097 0.10007358]
45,1444449,000112.43-000029.2,1.426863550527138,45.706021810480685,0.0066411020885901,3.7034309353819177,0.6656964613733856,[-0.61471021 -0.54731797 -0.48925498],[0.28564738 0.28942434 0.29351531],[ -2.69678501 -16.71484458  -2.08839179],[0.12014952 0.10629337 0.11494585]
46,1444455,000111.26-002149.9,2.0581679915683813,45.226377802353575,0.0159516209925278,1.6933382885643369,0.861010173502263,[-0.71954763 -0.27814777 -0.29999936],[0.25505502 0.41689149 0.36460367],[-12.87560904  -8.26695214  -5.107169  ],[0.20670723 0.2337369  0.18895154]
47,1444457,000111.19-002011.5,0.5175681685591581,45.792178886233934,0.0017845925375254,2.6343739955866203,0.2493029500472323,[-0.80768288 -0.78650658 -0.83302081],[0.11994684 0.12091936 0.12357556],[ -3.86829383 -16.73786374  -3.02144707],[0.04921722 0.05373307 0.04663874]
48,1444459,000111.15+011414.0,2.2488931518316626,45.91580605405267,0.0100511062839352,1.578869991478224,0.2506146790071865,[-0.75169115 -0.77217007 -0.6247933 ],[0.11407952 0.15759467 0.18572847],[-11.22073519  -5.40394363  -7.50754304],[0.21571823 0.20211812 0.1294693 ]
49,1444461,000110.92+000820.1,2.94223591492051,45.383877265365925,0.0247638574411759,1.994778996132057,2.1966348251710466,[-3.62063935 -3.98354229 -4.41045526],[1.87147909 2.06133124 2.07070921],[-13.52509952 -15.96424826 -10.38419444],[0.22922031 0.19109981]
50,1444462,000110.54-010118.0,2.187091367349764,45.50533491834207,0.0196429470086236,3.3670370682085524,0.6665383779106635,[-0.40956773 -0.41724744 -0.23149326],[0.29170416 0.30534756 0.31231911],[-13.71182088  -1.90302625 -11.54871952],[0.22633418 0.18796606 0.17010497]
51,1444463,000110.50-000636.6,2.8093200083695167,45.96187966845103,0.0099519979755378,1.2405220600737814,0.5044117754436974,[-0.52371113 -0.78612137 -0.85925783],[0.11536977 0.19633688 0.33326063],[-11.82720085 -12.03673999 -11.25521075],[0.24588622 0.20783621 0.16904601]
52,1444471,000109.32+001249.3,1.0742735664504175,44.96480612859297,0.0060734173280962,2.9328759983786266,1.3941186274240325,[-21.70738594  -1.2613518   -1.16315295],[1.19440946 1.41397982 1.39160219],[ -5.86935693 -13.17595722 -15.0898365 ],[0.25085068 0.26686822 0.21215162]
53,1444472,000109.16-001234.2,1.3393504635977724,45.52832794842303,0.0145038592817421,2.6293205874523253,0.4733723095368523,[-0.44554126 -0.62992583 -0.37996625],[0.19511076 0.21828211 0.21261775],[ -9.11558983 -14.07455158 -12.23940536],[0.20728922 0.14543784 0.12753759]
54,1444473,000109.12-004121.8,0.4171445049801102,45.28607420570837,0.0052402668802109,1.8861039830295248,0.2662125612273119,[-0.70280175 -0.84864296 -0.90698697],[0.10550265 0.1182384  0.13323907],[-15.12179511  -3.05278305  -5.98391725],[0.06768538 0.03272031 0.04358164]
55,1444475,000108.91-004023.5,2.171174861063982,44.9818778604199,0.0523712268835154,2.0777167200902147,2.1305625660095098,[-3.58721852 -4.46049591 -4.19884248],[1.82907119 2.01896918 2.03263573],[-12.88038462  -9.71474494 -14.56505217],[0.21428265 0.22987995]
56,1444478,000107.82-002614.9,1.7021604248392217,45.36614489167378,0.0448633558482356,3.069638195258139,0.8089764651325284,[-0.49900212 -0.26679903  0.01352461],[0.43425023 0.54545714 0.56773092],[-16.83636225 -14.36702704  -9.96190624],[0.24466217 0.23036655 0.20836956]
58,1444481,000107.52+002625.6,0.5167930014635432,44.95971437503867,0.0105556694289745,2.77598975898844,0.6524273122059197,[-0.82771697 -0.94103546 -0.79738961],[0.24598809 0.30202643 0.30547661],[-8.41740028 -6.47062555 -7.73377701],[0.21223918 0.1934678  0.16202566]
59,1444486,000106.48+003914.1,3.313030916132916,46.06895804200039,0.0346072669346,3.199395388155681,0.6782152014084555,[-0.37901011 -0.41963837 -0.44175927],[0.31207168 0.34290651 0.35691619],[-15.12810468  -1.76452998 -16.16652141],[0.24867232 0.2248826  0.16656624]
61,1444489,000106.35-003427.3,1.855521765871866,45.93861167600188,0.0071206213039225,1.1865768126859235,0.1867765633066441,[-0.48422463 -0.52686337 -0.66196257],[0.07455117 0.08544997 0.10242684],[-112.92525876  -14.34764189  -12.33081201],[0.15505023 0.16705641 0.14791553]
62,1444494,000104.58-001051.4,2.7689303559438705,45.99702599042565,0.0141096624136416,2.0256338842972825,0.9769002904983416,[-0.46910598 -1.01118903 -0.7570097 ],[0.22399283 0.43873761 0.40084414],[ -9.1592171  -14.07722435 -12.24519552],[0.2394517  0.21318142 0.17478294]
63,1444495,000104.52+002753.7,0.5516433375020645,44.62325594542589,0.0270042342956244,1.949970263626415,0.3812077492817293,[-0.46875284 -0.4435982  -0.80216732],[0.15612775 0.20814308 0.25007811],[-16.1865427   -9.95921031 -17.17958097],[0.18322047 0.22445069 0.14042387]
64,1444498,000104.25-001512.5,1.8266958902060704,45.92054427046282,0.0079487846771257,2.4418448740141416,0.3354996739804563,[-0.5618135  -0.55063717 -0.53330252],[0.15214607 0.15651016 0.15862584],[-13.53775081 -13.37716666 -11.22099925],[0.15034641 0.1393751  0.13382608]
65,1444499,000104.13+010541.6,1.923505856116584,46.25204037396313,0.0049349857966944,2.231844344753423,0.3081562374312234,[-0.68440794 -0.75094188 -0.67746508],[0.12741233 0.13053298 0.14460084],[ -9.11592309 -16.72312312  -2.44272843],[0.13715069 0.12277893 0.11439326]
66,1444504,000103.51-011359.9,1.829660782334149,45.82708037945777,0.01978797705668,2.3971004196512222,0.7876883684747448,[-0.72587311 -1.29971467 -0.55180805],[0.17442925 0.4558148  0.25401261],[-10.45244825 -12.98668458 -15.79050816],[0.22952093 0.20739137 0.1508554 ]
67,1444505,000103.14-010430.2,1.6386626411277354,45.24219536932676,0.0243749899824834,2.9375895589151977,0.605614295345613,[-0.4251673  -0.55652751 -0.31877906],[0.25491436 0.28929735 0.28844822],[-12.55105076 -11.88085125 -12.28541987],[0.24103684 0.22733816 0.19111553]
68,1444506,000102.80-003904.2,2.8039743211784587,45.54061263658579,0.0252634079856406,2.086184014995368,1.6722589921201645,[ -1.1990163   -1.05103513 -79.81016156],[1.08231824 1.26552936 1.39531001],[ -9.98576117 -15.46472581 -10.26253771],[0.2464318  0.20195791 0.20378997]
69,1444510,000102.61+005730.8,1.922018340809637,45.44423034988719,0.0274192231410062,2.4117368567767343,0.6807691570564087,[-0.68033964 -1.28254478 -0.57833624],[0.31134763 0.70124112 0.43400451],[ -9.1683121  -14.07085297 -12.2461814 ],[0.22778767 0.21174134 0.20686313]
70,1444512,000102.21+000043.7,1.0565768597272749,45.22609998037016,0.0080750457515179,1.091717711227156,1.5156150052058648,[-1.36450115 -1.51276383 -1.08429041],[0.67631631 0.87500882 0.87953605],[ -5.7842555  -14.08051463 -14.38448662],[0.22171131 0.17358578 0.14067207]
71,1444523,000059.24-003934.7,2.149155919502681,45.78778619569127,0.0167366632079009,1.666544825593807,0.9394325063172504,[-1.05243284 -1.10157571 -1.10856446],[0.43835288 0.62346484 0.78497934],[-17.16466261  -4.74095864  -7.15882992],[0.20318082 0.18147523 0.13406502]
72,1444526,000058.77+003510.5,1.6485100443786629,46.40282210659816,0.004955399480913,2.3338398615831624,0.3564466441502887,[-0.9986602  -1.08313949 -1.21061899],[0.15201146 0.15805974 0.17368576],[-12.45659589 -11.08815253 -16.32004147],[0.10441067 0.08119987 0.06349622]
73,1444529,000058.61-005929.8,2.143849180600297,45.71722794505905,0.0120877917941619,1.1176640416863357,0.3787841836695167,[-0.89873145 -0.61045508 -0.6971086 ],[0.27462053 0.41459738 0.40619322],[-11.03364632 -14.61166246 -11.2816182 ],[0.23104155 0.19808677 0.15502886]
74,1444531,000058.39+002357.3,1.9792944050294643,45.90339104725744,0.0084963661640102,1.9720259070618456,0.409831451165644,[-0.76269689 -0.73204985 -0.69391836],[0.13617022 0.17771797 0.18669273],[-12.585812    -8.54633287 -16.32637712],[0.20528666 0.20098456 0.14540931]
75,1444532,000058.34+002528.2,0.8650858946917472,45.133968408898944,0.010642085490879,1.8468197266509525,0.3960538784479837,[-0.93006323 -0.81390563 -5.77487687],[0.16189968 0.22745273 0.87577365],[ -8.25404379 -12.84886882 -15.77887781],[0.20674236 0.19023266 0.13891967]
76,1444533,000058.22-004646.5,1.8908635750321632,46.71824650327172,0.0026179941918123,2.199751077211724,0.4659178434258793,[-0.5352293  -0.57260951 -0.67830484],[0.1700117  0.17367042 0.27512237],[ -7.66347135 -14.83056458 -15.89264508],[0.06191774 0.0392425  0.02166841]
77,1444536,000057.58+010658.6,2.557937476138537,46.48992937742863,0.0046179287488534,2.45410277738184,0.4271336583072029,[-0.65261363 -0.73237685 -0.80641748],[0.20286417 0.2035041  0.21034043],[-13.07194432 -13.12603422 -13.22227869],[0.12155637 0.10425468 0.10406646]
78,1444538,000056.89-010409.7,2.1099200906364985,46.37789021363896,0.0158721746328431,2.622419361884585,0.482622392773917,[-0.79823492 -0.78494339 -0.87752551],[0.21615506 0.22375182 0.22721951],[-13.64520081 -11.40054171  -3.18492262],[0.1213159  0.09780151 0.06968518]
79,1444539,000056.37-004133.8,1.9354200136909,45.70707490478868,0.0091335512313932,2.7052466203315277,0.7928960296321914,[-0.96892997 -0.6498382  -1.16363222],[0.36883434 0.47256879 0.62624485],[-9.05410261 -6.21630961 -7.8579584 ],[0.17213887 0.18035569 0.1388648 ]
80,1444544,000055.25-002140.7,1.33036132046141,45.32900552755944,0.0143571864923437,2.5252538058943763,0.4827207549074594,[-0.54660317 -0.59971489 -0.43742648],[0.22001783 0.2671358  0.27327449],[-13.31362304  -9.76461796 -10.52391235],[0.25752351 0.21137449 0.17316433]
81,1444545,000055.19+001345.1,1.82195685606825,45.95706974940399,0.0073717321552386,1.8133618666723843,0.3656798804954791,[-0.83813782 -0.65936255 -0.83342959],[0.17278432 0.22564629 0.24632502],[-12.58464497  -8.50396484 -16.3290772 ],[0.20667915 0.21545708 0.1638336 ]
82,1444546,000054.95+010143.4,1.4599160104687314,46.26087565903634,0.0027099215433032,3.281236797702954,0.5651029319731129,[-0.57268952 -0.68132483 -0.74846871],[0.28807626 0.28837669 0.28994606],[ -8.06448301 -11.84087817  -2.86842643],[0.08332576 0.06743818 0.06890187]
83,1444554,000054.02+005503.0,1.1877760192008495,45.95545705348747,0.0050968453190911,1.9366307477483733,0.2891117178500735,[-0.93860476 -0.99304724 -1.08767819],[0.11047479 0.11925259 0.18901676],[-9.02869745 -2.87848537 -7.86418765],[0.11995196 0.09788706 0.10148032]
84,1444555,000053.76-010851.8,1.5176456065996633,45.75731973154644,0.0064571914235536,1.6841985578326186,0.2176366789435923,[-0.67524077 -0.73999169 -1.01647954],[0.10383651 0.12937321 0.27358121],[-7.39864163 -7.40051986 -2.10956217],[0.20048572 0.16881612 0.14177152]
85,1444556,000053.17-001732.9,2.762577493525428,46.45787895214607,0.0061806888062498,2.4820700480591684,0.4271596355074185,[-0.77789154 -0.75806149 -0.77508686],[0.17301098 0.17719287 0.19950377],[-12.30528022  -8.55273538 -10.58379785],[0.09865299 0.0955059  0.10723805]
86,1444557,000053.09-003712.8,1.3102712239920773,46.47735788754373,0.0018938554357532,2.4162154540730114,0.3202774741131531,[-0.9492608  -1.00363234 -0.9822461 ],[0.14189907 0.14292236 0.14507869],[-17.33217927  -9.19066475 -11.99683904],[0.046958   0.04408621 0.04705744]
87,1444558,000053.06-001314.4,0.9780329044216012,45.28995166084373,0.0083935325977577,2.118655429526868,0.2528192558818456,[-0.49633394 -0.46030304 -0.54021903],[0.10782667 0.11641441 0.15235476],[-12.58444677  -8.50702395 -16.32182303],[0.19648778 0.17433319 0.16224379]
88,1444562,000052.27+001552.1,1.0014600015265476,45.55439832361352,0.00576886493306,2.2150506568156034,0.2737669108786591,[-0.66105845 -0.69184312 -0.65217853],[0.11689409 0.12111021 0.12927054],[-16.81143733  -8.44641683 -14.28022103],[0.13523323 0.11800478 0.12792878]
89,1444564,000051.92-010404.0,1.5172913780868484,45.42561259271668,0.0115664908575894,2.001863333715975,0.8371882601433278,[-0.82489241 -0.58843705 -0.60945954],[0.31014058 0.43973483 0.47026391],[-10.00517497 -15.47078549 -10.32064616],[0.23348594 0.21204134 0.155189  ]
91,1444568,000051.26-001411.0,0.886996038574433,45.26571656672069,0.0088909190499286,1.6005508005333802,0.253691853440678,[ -0.98086002  -0.58650201 -17.01826571],[0.15726038 0.22962098 0.84859289],[-16.8337299  -14.34663248  -5.33541143],[0.20603467 0.17891556 0.13980901]
92,1444571,000050.59+010959.1,2.374459939292925,46.805447464842686,0.0018257696453432,3.060177546573457,0.5099328283119495,[-0.42102209 -0.46077897 -0.63312419],[0.25598762 0.256851   0.2598422 ],[-17.32979968  -9.19044608 -12.00881072],[0.10393721 0.08807221 0.07777004]
93,1444573,000049.43-000302.0,0.9918053848488578,45.33892526085569,0.0116570575432888,2.9835190571520647,0.5840190701798775,[-0.51408922 -0.52835107 -0.24923805],[0.23715508 0.27458828 0.28885874],[ -1.79262011  -9.22028237 -15.86876182],[0.22786182 0.20726543 0.1489151 ]
94,1444578,000047.43+004337.1,1.176910125130057,45.26459202131764,0.0043023094787244,1.632179298627905,0.3645856287088359,[-0.81182646 -0.55979092 -0.30357573],[0.11824769 0.16282074 0.1793007 ],[-12.87822921  -8.25499863  -4.84678697],[0.21765249 0.18029979 0.14425367]
95,1444585,000047.01-011101.6,1.512226969110417,45.18632806129394,0.023024649306599,0.6110941864029034,0.4762875482184059,[-0.47335675 -0.73983868 -0.33759946],[0.11565385 0.19311274 0.21622714],[-13.65619515 -13.35157593  -5.60359954],[0.25958445 0.19618332 0.16282143]
96,1444587,000046.69+010951.2,4.248618976780167,46.40330352070392,0.0183967849609132,-1.3608763595356226,0.5144748688272005,[-0.21148086 -0.66436196 -0.54672403],[0.61633228 0.87113292 0.89298351],[ -8.98218548 -12.21202193 -13.3915854 ],[0.21693895 0.14028267]
97,1444588,000046.42+011420.8,3.7410103361170974,46.97425653232085,0.0040857972827588,2.512833880700976,0.4094753101884907,[-0.70265239 -0.78052884 -0.77708661],[0.20713305 0.2115293  0.21345034],[-11.17491461  -6.76079237  -7.52264554],[0.17895678 0.09360403 0.08184261]
98,1444590,000046.15-003007.1,1.436678235128743,46.13651759625562,0.007999950220757,2.4574077153530385,0.3447340109659711,[-0.68196897 -0.85068267 -1.09273263],[0.15607964 0.15783106 0.19136915],[-12.47258564  -8.50778787 -16.32459576],[0.10227629 0.08612175 0.10171698]
99,1444594,000045.05+011127.8,2.070104573010774,46.004579545927015,0.0070109221220135,0.736551322575195,0.5530575310396689,[-0.75260257 -0.6664614  -0.58942488],[0.11679566 0.1820529  0.18656095],[-13.65428851 -13.3573509   -5.58766465],[0.22037591 0.20428439 0.14924828]
0,1444599,000043.72+002001.9,2.6605060254271136,46.13351190043003,0.0078878111244407,2.436186420131361,0.4137078078073355,[-0.52660699 -0.53493592 -0.69393569],[0.17634619 0.19507925 0.2161031 ],[ -1.68548721 -12.99087893 -14.6394982 ],[0.20870145 0.17520007 0.15754945]
1,1444600,000043.70-001346.1,2.1934028045092626,45.943786994729145,0.0093090198995895,1.7319033235932981,0.32665087257323655,[-0.87936031 -0.98173482 -1.44015698],[0.11820569 0.15943038 0.45047604],[-12.56070449  -8.50664486 -16.31534787],[0.18599626 0.16348727 0.13977865]
2,1444606,000042.90+005539.5,0.9528735974882141,46.32867746661857,0.0017164955743034,3.2677586119103514,0.5093330010511712,[-0.68106634 -0.70844494 -0.70912576],[0.2542614  0.25448148 0.25459171],[-4.78941376 -4.3761178  -3.36476099],[0.02970872 0.02568811 0.03118369]
3,1444609,000042.02-004501.3,1.3162318250872314,45.81159890836585,0.0118338290383199,2.097401452060745,0.3433659162143988,[-0.64886991 -0.660702   -0.84932021],[0.14730503 0.16100679 0.21414725],[-10.93014928 -11.80615594 -10.04100453],[0.12532642 0.09798737 0.06902121]
4,1444610,000041.87-001207.2,3.062103027885867,46.82883611724608,0.0046270113556943,2.5962773761180253,0.45143896682317486,[-0.97073224 -0.91088014 -0.85619764],[0.19173518 0.20021967 0.22548752],[-9.16547166 -2.47704369 -7.85789562],[0.09565137 0.0865166  0.07939763]
5,1444613,000041.58+010545.5,1.545459411431932,45.888271350681954,0.0106327010738667,2.3943197655973076,0.3322157224751663,[-0.59443422 -0.68925753 -0.80894621],[0.14457658 0.15029148 0.15767898],[-13.69464868  -2.57906877 -11.45509331],[0.13872791 0.13289988 0.11815622]
6,1444618,000040.54+002828.5,1.9807062534519047,45.577791544098474,0.0164795430646584,1.8286354986354065,0.4389949166944265,[-0.49259862 -0.37484956 -0.88456322],[0.15688722 0.215159   0.56553242],[ -7.79234114  -8.22422231 -15.90052009],[0.24544025 0.25217668 0.17026826]
7,1444621,000039.00-001804.0,2.1361225688106797,46.79234736755279,0.0025353085356272,2.91392399916183,0.5364574374110418,[-0.79689198 -0.84139141 -0.77385885],[0.25519879 0.25710447 0.25655674],[ -3.29664663 -10.59229995 -11.91675662],[0.05653421 0.0509128  0.05107991]
8,1444622,000038.66+011426.2,1.835416520113184,46.13416237467114,0.0186291384595556,3.187773359277696,0.648986101178721,[-0.41977842 -0.65369395 -0.46517843],[0.28017872 0.29104468 0.29811713],[-16.23194252  -6.30672721  -7.70348347],[0.10704278 0.12823862 0.08684972]
9,1444625,000037.12-002336.7,1.875785743250759,45.50736974198102,0.0263710968710881,1.679231276359614,1.6046736667232755,[-2.05917466 -1.81056357 -1.39168804],[1.04407533 1.2549094  1.23802379],[-15.89318783  -1.55437056  -7.38843141],[0.1906609  0.1856851  0.14766817]
10,1444631,000035.59-003146.1,0.5650957861185899,44.947680702491866,0.0086658600214377,2.3554567620055153,0.30965255504104117,[-0.6832862  -0.85854829 -0.72131479],[0.12101653 0.13873563 0.15312005],[-13.65150484  -2.56722298 -11.08745803],[0.18029245 0.15609937 0.15799349]
11,1444636,000034.13-002415.2,2.0087561710722315,45.84721862990907,0.0111927154437694,2.305359591815222,0.4689954165563154,[-0.60048412 -0.74707711 -0.60074761],[0.1544196  0.16960481 0.18984306],[-11.26608605  -2.30946945  -7.5234197 ],[0.18305266 0.17433673 0.17115859]
12,1444641,000032.70-005512.9,1.5251736789137185,46.105172562843556,0.0124949701461254,2.475804057774303,0.38525166285236145,[-0.67385756 -0.74432621 -0.91918217],[0.16668804 0.16841917 0.1757513 ],[ -2.96273536 -13.38086209 -14.83086514],[0.09827253 0.0890349  0.08118636]
13,1444644,000031.97+002249.9,1.1589124870277252,45.5150935350828,0.0037909323780738,1.5788498502491408,0.2691755875804429,[-1.01351092 -1.18448822 -0.76762016],[0.19111222 0.30913778 0.29551499],[-12.86218595 -10.93242513  -9.84921031],[0.20673236 0.16848204 0.15656155]
15,1444647,000031.27-010350.7,2.41575063744951,45.94389665310465,0.0160913761263223,2.5441272024567896,0.6031363964285852,[-0.75494318 -0.90535109 -0.43173785],[0.2331023  0.32090572 0.2800227 ],[-15.41482615  -2.69016818  -9.48778594],[0.22891439 0.18512936 0.17625205]
16,1444651,000030.38-002732.4,1.8183693070846998,46.071336508252074,0.0115878087415204,2.4504321261674713,0.5050068755100479,[-0.78195556 -0.78412399 -0.88107178],[0.20938325 0.21903016 0.23084871],[-12.51286657  -8.5049508  -16.31551373],[0.13688099 0.13362727 0.12258884]
17,1444656,000029.99+004845.3,2.413685181149273,45.54250054308881,0.0207173357670136,2.9225361852617597,0.6199671723603553,[-0.32403357 -0.24606662 -3.85741047],[0.25696938 0.27823803 0.9610573 ],[-12.89776771  -8.66484771  -7.86006577],[0.23883638 0.235602   0.15981494]
18,1444657,000029.97-002527.5,1.6335061061201295,44.96554384753533,0.0638214957232143,2.5028380851879475,0.6294219165808183,[-0.63131478 -0.49060254 -0.06031107],[0.26920617 0.36220588 0.35193989],[-12.87647432  -8.26919559  -7.16268708],[0.2743856  0.23797968 0.17742192]
19,1444659,000029.33+002010.5,1.385668909121683,45.77130082201265,0.0033593514113441,2.325058076356066,0.3999347497862298,[-0.71944504 -0.71479283 -0.76067093],[0.16616167 0.19424998 0.22140791],[-5.37220038 -7.04719494 -8.06113665],[0.1899649  0.14116821 0.13938424]
20,1444665,000027.19-000654.7,1.95574401575336,45.71320159321596,0.0418409732102063,2.9184248183828236,0.5454497759074821,[-0.47930764 -0.25020051 -0.23963982],[0.24279032 0.27397094 0.27024655],[-16.28880609 -12.05272209  -8.23664601],[0.23705574 0.24390002 0.20711062]
21,1444666,000027.12-010045.4,1.263602405569745,45.57391634926414,0.01238019676261,1.422160321893427,0.20616568746360386,[-0.53437111 -0.73328784 -0.64802547],[0.08460231 0.10844294 0.12053034],[-10.0429541   -7.75772     -5.50209251],[0.20925366 0.14456343 0.14101078]
22,1444668,000026.95+002004.7,0.8217914286031022,45.18604562400541,0.0073519065859493,2.5667630657240728,0.36672237490473747,[-0.62574046 -0.66391142 -0.54094274],[0.16918504 0.17622875 0.1823772 ],[ -2.10261275 -14.67293729 -16.14262915],[0.15669121 0.15106191 0.15746894]
23,1444671,000026.65-001147.6,2.311385636219057,45.63525399628426,0.0167331860052684,2.403203780112909,0.686258404368045,[-0.50047065 -0.74646415 -0.55612114],[0.24044141 0.29925482 0.34898378],[-22.06242399  -4.69293735 -10.9970757 ],[0.24035994 0.2465295  0.2037535 ]
24,1444682,000023.59+003958.2,0.901371402184286,44.98593232713114,0.0137578275512524,1.0454266605129576,0.29046956735734325,[-8.5634633  -0.86843568 -0.46726499],[0.51007405 0.71977134 0.74448346],[-13.64963941 -13.35351344  -6.19637951],[0.22242269 0.16849633 0.14512661]
25,1444685,000023.26-003409.8,1.1456499477232973,45.14662608803937,0.0178860105892475,2.65375163734683,1.7624750277217713,[-1.62855598 -1.02840374 -2.20515218],[1.24839499 1.42318364 1.48419211],[-10.12183673  -7.15234548 -11.6468399 ],[0.26076734 0.22631196 0.18921165]
26,1444687,000022.97-003953.9,2.308696831030261,45.41606281353857,0.0389579500373926,2.4979403592620217,2.235708743201051,[ -9.72488733 -15.30719756 -13.15242552],[2.08053159 2.26570042 2.24621342],[-6.84424927 -8.4767836  -6.82245148],[0.2077277  0.20691416]
27,1444693,000021.77+001406.1,1.8309329844408353,45.40972357288577,0.0202419818227426,3.1324524733655896,0.7524846483109657,[-0.68566114 -1.02578088 -0.09029854],[0.3840887  0.66905782 0.4582694 ],[-37.87696359 -10.21956043 -14.43644545],[0.239101   0.24205029 0.18326093]
28,1444700,000020.50+002703.9,1.9786559334168203,45.74533537186432,0.011775859925482,2.2420433899201435,0.43828592944992206,[-0.53107047 -0.65949584 -0.49057143],[0.16098069 0.18631022 0.20569716],[-11.28436243  -2.15674398  -7.49902721],[0.21329978 0.21310786 0.16482361]
29,1444702,000020.44-005040.4,2.7387480313791555,46.12416789656938,0.0069365752855716,0.6507527840056203,0.268692804560329,[-0.73974671 -0.67014341 -0.60279634],[0.15165002 0.22051734 0.24574838],[-11.02750582 -14.62947562 -11.30723273],[0.23282044 0.19350072 0.16582747]
30,1444705,000020.04+002008.0,0.9314990291947487,45.134507472314716,0.0069980508124558,2.178734918393755,0.35908602186353733,[-0.6067586  -0.59125084 -0.54327813],[0.13174782 0.17451756 0.17313484],[ -9.81694744 -15.47284069 -10.10645389],[0.21667482 0.17403722 0.11319637]
31,1444709,000019.60+004448.0,1.8153922224502368,46.189573111064774,0.0045230866656957,-0.2752572151592647,0.5597376802523326,[-0.79880309 -0.88713942 -2.01659191],[0.13974952 0.21062686 0.6449392 ],[-12.68349571 -13.38438553  -9.21805962],[0.23025048 0.16702249 0.12981861]
32,1444718,000017.97+002426.9,2.2822986108611123,46.150434688646705,0.0055859202927628,2.0559122562960486,0.28194168604318215,[-0.50914872 -0.59801526 -0.62899638],[0.11058869 0.11820241 0.12333994],[-12.51385775  -8.50462678 -16.32118707],[0.14008951 0.14464128 0.14298572]
33,1444719,000017.88+002612.6,0.544794276185431,45.271911470647424,0.0149255870617146,2.488733190015963,0.2810796678156242,[-0.64215925 -0.78231044 -0.89770253],[0.12156438 0.12466361 0.13394769],[ -7.44839992 -11.85048532  -6.72397682],[0.11411548 0.11165842 0.10012107]
34,1444728,000016.43-001833.4,0.7047685486084344,45.978114258835085,0.0025628466517133,2.668371265778201,0.4355707462310756,[-0.99064912 -1.07498127 -0.83073572],[0.19924651 0.20093879 0.20752875],[-13.12036395  -3.94605674 -10.23451296],[0.03615295 0.03370405 0.03889375]
35,1444732,000016.07-010439.0,1.6325886928675235,45.9456356947172,0.0064692186107251,2.321647279769052,0.31393024614261456,[-0.69126734 -0.74335655 -0.71183743],[0.14043368 0.14896031 0.15608217],[ -2.36036302 -17.30486576  -7.98467321],[0.14551148 0.1303082  0.12717628]
36,1444733,000015.76-004145.0,2.4080665134799024,45.106888466395404,0.0432619587263083,-5.830395636494309,2.1967798082899055,[-34.4433311  -25.78526452 -36.93339895],[2.18397718 2.34497345 2.3524497 ],[-14.98823831 -10.7812625   -8.91307172],[0.19702024 0.19086731 0.20170119]
37,1444735,000015.48+005246.8,1.8623243733543988,46.62320486281527,0.0011156605207816,3.013708942259646,0.4650908071053004,[-0.47054261 -0.53756622 -0.69354152],[0.23541491 0.23580482 0.23666546],[ -9.39026676 -13.33871641 -14.82789914],[0.06864148 0.07066592 0.06552551]
38,1444738,000015.18-002308.8,3.187976827166922,46.78491576285802,0.0031541971271202,1.6595788013375237,0.31595826629097756,[-0.89139602 -0.81548961 -0.99542625],[0.11139625 0.1280923  0.18649283],[ -7.49018601 -16.74956729  -8.6730997 ],[0.14125141 0.12036652 0.12963022]
39,1444739,000015.17+004833.2,3.0367345028744777,46.743189592165386,0.0024674929940964,1.9532106074684552,0.3646762228471587,[-0.97854061 -0.9008168  -1.04851357],[0.14716289 0.1529907  0.16237512],[-153.03281568           nan   -3.176014  ],[0.11400625 0.08308285 0.08531287]
40,1444740,000014.82-011030.7,1.906660019396342,46.49859356656384,0.0,3.1629736708131255,0.5343552249270098,[-0.45104418 -0.48142612 -0.52523596],[0.27222102 0.27251868 0.27442038],[-15.41348679  -2.86488658  -2.93672044],[0.06574684 0.06141932 0.06480021]
41,1444741,000014.74+003203.2,2.6066933870915454,46.22269335704621,0.0077563434519625,3.045593769467409,0.5274063204419892,[-0.66176953 -0.73671711 -0.89395572],[0.26047071 0.26361949 0.2650873 ],[-14.28938898 -11.96245874  -8.58056609],[0.1285304  0.06739184 0.05914285]
42,1444742,000014.73-001938.7,1.7476092375340662,45.74769103835855,0.0097563612757802,2.752802389214544,0.6505543243460579,[-0.78682381 -0.48427886 -0.30931463],[0.3359613  0.45354003 0.45108691],[-10.84104182 -11.85572933 -10.16113263],[0.1995333  0.22879718 0.18732055]
43,1444745,000013.80-005446.8,1.836556845794876,46.3928041164078,0.0080096162309928,1.5567616202858878,0.25900780963634973,[-1.04894844 -0.99909814 -1.15294131],[0.09686893 0.14312212 0.16474294],[-17.33587753  -9.19273882 -12.0147654 ],[0.12641372 0.11432574 0.08489299]
44,1444754,000012.28-010405.5,0.9498633478121729,45.1266742528189,0.0104227636376208,1.0379342232204274,0.4512141357998271,[-0.32137663 -0.91845405 -0.91823117],[0.09982331 0.19600799 0.20274185],[-11.018313   -14.6101502  -11.36455125],[0.20889031 0.17581125 0.14127974]
45,1444755,000012.25-003220.5,1.4356658921614276,45.81738972278733,0.0074895473490848,2.9113532904629498,0.5061440661767298,[-0.55878221 -0.63870455 -0.74731508],[0.22678979 0.23025578 0.23755787],[-14.29903545 -11.98155946  -8.61126089],[0.1498148  0.13024573 0.1291107 ]
46,1444760,000011.96+000225.2,0.47958919212593576,45.63832806434763,0.0042551020591155,2.84580442876206,0.3999912795260092,[-0.53207109 -0.66233168 -0.68254497],[0.19050921 0.19062089 0.19379109],[-15.53038348 -14.65447824  -2.51893361],[0.02415357 0.02582385 0.02787817]
47,1444765,000010.97+005653.3,0.6531233929809119,44.931758300675085,0.0132457748340222,1.9883955893706466,0.3394012132193429,[-0.54956116 -0.57492665 -0.48579081],[0.11098798 0.14796619 0.16674824],[-12.60198066  -8.48930959 -16.3275875 ],[0.24619611 0.2187941  0.16234745]
48,1444771,000009.90+002806.5,1.8966050435970692,45.554348063661116,0.0100000054641213,0.1922761049799585,2.186105786167105,[-2.96959681 -2.23193461 -3.16550234],[1.51731423 1.72232122 1.74990438],[-15.74033476  -9.16779078 -16.72844653],[0.18546836 0.19357949]
49,1444778,000008.13+001634.6,1.8377564077147692,46.36607047661164,0.0088594767892828,2.855957702898264,0.44204454975017415,[-0.78484763 -0.8325482  -0.92118801],[0.21761558 0.2196608  0.22328555],[ -3.27569545 -16.71408942  -7.23112939],[0.10145904 0.09075634 0.07822946]
50,1444780,000008.03-002727.4,2.183871729169952,45.6809844827094,0.0137241221695134,2.730814836808072,0.670485888159043,[-0.47114455 -0.54961313         nan],[0.2615982  0.29682705        nan],[-11.81129721  -2.04562035  -7.73776027],[0.27591775 0.21906298 0.18455015]
51,1444782,000007.76-011218.8,0.9655533652769788,45.05750759019358,0.0069398390410242,1.1323577523852286,0.24074359981388893,[-0.46410201 -0.5455701  -0.48142402],[0.09948996 0.14504944 0.19089452],[ -9.98874986 -17.00015871  -6.87593497],[0.25118657 0.19719851 0.16751167]
52,1444784,000007.58+002943.2,2.2635565061279976,46.41293336821323,0.0022468210751682,2.863440565021145,0.5232290394042494,[-0.42210086 -0.46120121 -0.52282098],[0.25248895 0.25365424 0.25540353],[ -8.1709646  -12.8503736  -15.77497254],[0.12271916 0.12767912 0.1269059 ]
54,1444786,000006.53+003055.2,1.8212967656144834,46.047833484181616,0.0172383555120667,2.0015470404550504,0.24038489061428503,[-0.67593141 -0.76241449 -0.87879818],[0.0977476  0.10472809 0.1287669 ],[-12.50850156  -8.50484485 -16.31609038],[0.13082356 0.13197018 0.12697901]
55,1444787,000006.42+005206.3,1.4486662339612566,45.67943775545676,0.0076653189426068,1.7583590747701372,0.23946386182054336,[-0.73081737 -0.7212001  -0.73179794],[0.09039885 0.10805748 0.13089529],[ -2.56838665 -17.29739425  -7.9708223 ],[0.16670468 0.15085286 0.14239008]
56,1444790,000006.15-003009.6,2.17757163506867,45.42604001413098,0.0191731805461614,1.0480967899565252,0.38611576816119486,[-0.28188904 -0.48853038 -1.1791877 ],[0.11402144 0.18537781 0.57739626],[-12.47990061 -17.21103269  -9.7402069 ],[0.24972699 0.20995918 0.18404985]
57,1444797,000005.41+002638.0,0.9278928163424004,45.160299738508904,0.0057205472535706,2.3890410137683804,0.5987117123863848,[-0.5217834  -0.67194105 -0.60664837],[0.18321393 0.22127457 0.23252619],[ -8.31273581 -14.35487077  -9.69869182],[0.23829933 0.21375354 0.16641652]
58,1444798,000005.02-003829.0,2.6674403731349936,46.08576319698029,0.0167320566986646,1.5703057154339035,0.534361377069885,[-0.90376893 -0.73355681 -0.96470583],[0.2035792  0.28589816 0.32572517],[-15.41860002  -5.12400247  -9.77625373],[0.19436124 0.17746517 0.12773504]
60,1444801,000004.78-005434.6,0.8589373965224769,44.76685933860721,0.0075197217688511,0.980782107068896,0.3242327672742012,[-0.39605319 -0.5417388  -0.57147921],[0.11817342 0.16945481 0.19401154],[-11.73025195 -14.61461359 -17.25134216],[0.24207843 0.21287872 0.1605061 ]
61,1444808,000003.27+001132.8,1.4804439494182002,44.9325042292837,0.0566532560485271,-0.9041295470198281,2.2793686744415345,[-0.91710554 -2.03298579 -1.7876456 ],[1.29702754 1.51075492 1.56327658],[-5.53522331 -5.71369184 -6.84119655],[0.2315281  0.21610844]
62,1444813,000001.93-001427.4,2.1637962103028494,46.4501810830721,0.0060900126475083,2.428652685209567,0.39822291992585224,[-0.7213559  -0.80729804 -0.75938357],[0.17486382 0.17650356 0.1802911 ],[-10.58936512 -10.07556091 -12.1829752 ],[0.11119104 0.09589892 0.09012119]
63,1444814,000001.64+003459.4,2.268061220835885,45.44820580552061,0.0185592112822696,3.4894798206896773,0.6962728027241873,[ -0.25362841  -0.2893653  -18.33752962],[0.31916733 0.32912573 0.88053847],[-11.38679207 -10.69256071 -15.31564842],[0.24319324 0.23378277 0.18579712]
64,1444815,000001.55-003332.6,2.2066648546045293,45.68988520063172,0.0177208234438452,1.320118059293246,0.7607641677039395,[-0.54902057 -0.53312915 -0.45338211],[0.13550507 0.29353811 0.30334567],[-10.0411487  -17.00805993  -6.5560153 ],[0.24915878 0.20247706 0.19765062]
65,1444819,000000.47-002703.9,0.25009330383499906,44.44980072155551,0.0070869832806863,1.1241514110998647,0.1971199273876456,[-0.67262517 -1.04007841 -0.7444578 ],[0.06481751 0.09715258 0.10200321],[-10.04471153  -7.75020242  -5.48938531],[0.19339964 0.12930396 0.11166567]
