object_id,magerrs_mean,ra,dec,z,sdss_name,log_lbol,log_lbol_err,log_mbh,log_mbh_err,log_ledd_ratio,log_ledd_ratio_err,i,log_tau_RF,log_tau_RF_err,beta,beta_err,log_sigma_RF,log_sigma_RF_err,log_sigma_band,log_sigma_band_err,log_jitter
1438965,[0.09688895 0.079705   0.05715962 0.13346133 0.08916367 0.        ],4.838463,-0.003156,0.9362982680611558,001921.23-000011.3,45.771222428940064,0.007485996479037,8.818842304037094,0.0736346678734948,-1.1615632274038603,0.0740142179322597,0,1.670482568348965,0.1650681864626122,-0.1568995807100008,0.0693181390631273,-0.9623474770563624,0.0583032350163733,[-0.94533674 -1.25756113 -1.6999339  -1.02930763 -0.96277805 -0.95855029],[0.88949968 0.90153102 0.8659422  0.86504775 0.80026219],"[ -8.98789521  -7.61342027  -9.19858672  -9.66705963 -15.50389995
  -2.32668978]"
1438971,[0.09926065 0.09061195 0.07569942 0.09290555 0.11283732 0.        ],4.83386,-0.37708,2.151229238808284,001920.12-002237.4,46.265064204465794,0.0210448604984669,9.172692758755574,0.217706945926518,-1.021571906596613,0.2187217420789524,1,2.549984346112771,0.3025850754338517,-0.5925583223134074,0.0794254230092256,-0.3611986620891361,0.1540077165064452,[-0.59426736 -1.27958501 -0.76877033 -1.35608997 -0.83093664 -0.55810722],[0.84735869 0.87984635 0.85287245 0.88893108 0.8167378 ],"[ -9.76868895 -11.72772189  -7.52904322  -7.22769791 -11.40843825
  -1.36721447]"
1438975,[0.04406239 0.04400556 0.03939017 0.04703731 0.04523587 0.        ],4.830463200270373,1.031193790045529,2.3140663774274834,001919.31+010152.2,47.13023001627696,0.001769889984267,9.1372065323152,0.0183834452794913,-0.1209198683450765,0.0184684479829914,2,2.8213137625331397,0.4957120850779435,-0.0164364123106535,0.0510277200998152,-0.832364877393938,0.2512069355920451,[-0.83675587 -1.16703527 -1.71519485 -0.89464708 -0.85460423 -0.85275146],[0.91457021 0.93560836 0.8743591  0.88134006 0.82929889],"[ -2.9188403  -74.56202715  -9.23254372  -3.36787376 -15.51016327
  -2.62676053]"
1438981,[0.10768852 0.10240818 0.05295879 0.07841456 0.08567621 0.        ],4.822127250724492,0.4598377568473618,2.4185655254125686,001917.31+002735.4,46.74798089297735,0.001618954059829,9.251402654073448,0.0205859086063204,-0.6173651134029257,0.0206494708260433,3,-1.4352724410142672,0.1029741431161057,-0.2711238086070041,0.0749334923521559,-0.3947220388571521,0.0578797927239673,[-0.51984141 -0.96158201 -0.53693692 -0.98225998 -0.85171085 -0.83196718],[0.5946628  0.74271059 0.74978969 0.76982563 0.81941296],"[ -6.79044793 -14.16033204 -15.39879678 -10.80507823  -6.49468346
 -10.47468332]"
1438985,[0.09313638 0.08144246 0.07217374 0.08317788 0.10327444 0.        ],4.820484,0.785552,1.322755215090751,001916.91+004707.9,45.861844575914034,0.0064653903948048,9.14132732656166,0.638220270620113,-1.3934261029544572,0.6382530180918594,4,2.5213864258260346,0.2710228287827112,-0.8231142685091284,0.0488904984377164,-0.2117337920067922,0.1288243044421308,[-0.27640996 -1.06544365 -0.49119186 -0.46701285 -0.24241562 -0.55630878],[0.89949838 0.87252497 0.85935051 0.86894842 0.87568401],"[ -1.80141824 -10.03661521 -10.43366816  -3.05294307  -2.66124911
 -10.94515609]"
1438988,[0.15357098 0.15229307 0.0948993  0.1839444  0.17452695 0.        ],4.818082222210887,0.0297694735317858,1.951544831363856,001916.33+000147.1,46.13452629945628,0.0100657727794271,8.349117193384355,1.0939003943203458,-0.3285342462349092,1.0939467045865878,5,2.30120235660887,0.3348054720986619,-0.2850795091789851,0.1558719755528786,-0.8231486054980476,0.1598670865240358,[-0.91972989 -1.76246762 -1.42837605 -1.32753389 -1.83902386 -1.60262993],[0.93047018 0.86695017 0.85814071 0.89096511 0.8616696 ],"[-14.48827215 -12.43304194 -13.49951606 -11.00564989  -8.60132196
  -1.79067716]"
1438997,[0.07511258 0.07337551 0.05313073 0.04499879 0.07280181 0.        ],4.807324460065075,0.4225037325812122,1.573320041271214,001913.75+002521.0,46.35027346004732,0.0020958604123713,9.15117676180114,0.1373879109459009,-0.9148466540606536,0.1374038962509685,6,1.6595640842859964,0.1603068115127125,-0.3427398503576007,0.0414442202381448,-0.6032522719039914,0.0638624719686292,[-0.66546194 -1.45399227 -0.760321   -0.66594429 -0.79180005 -1.4850791 ],[0.84054783 0.88239029 0.85280901 0.86407163 0.87449896],"[ -8.5650186   -2.87493975 -10.15074478  -8.58130424  -9.75112739
  -2.44122446]"
1438998,[0.14972506 0.13200465 0.09885756 0.20695456 0.16070971 0.        ],4.806813498775512,-0.8732902633660167,0.9141748361516407,001913.63-005223.8,45.109158101627045,0.0108886482532568,8.42949285880152,0.0616430027242453,-1.434278109481312,0.0625973038208872,7,2.2748325965485394,0.2189793702747091,-0.4118617651251888,0.1544231781803575,-0.7428302421723789,0.1002676507437876,[-0.69036046 -1.17068891 -1.54252282 -1.26201406 -1.23273336 -1.17753423],[0.89611078 0.85494953 0.84192397 0.84062519 0.89738647],"[-12.56575993 -14.22634652 -12.2245861   -9.1626297   -9.25430589
  -8.6281869 ]"
1439004,[0.11487726 0.096175   0.07367912 0.09703315 0.16052952 0.        ],4.801664,0.055441,1.3726268337199534,001912.39+000319.5,45.96326771341678,0.009214423250544,8.888237212638838,0.0625024285797398,-1.0389128515288917,0.0631779959654122,8,2.559186187522365,0.315173849136815,-0.3672658045720233,0.0789289306796038,-0.6677265595262285,0.1471353428719976,[-0.70496041 -1.36763175 -1.59159913 -1.37689199 -1.4992732  -1.16165388],[0.85464929 0.9005338  0.86476755 0.88703943 0.78980676],"[-285.44314004  -13.41578166   -3.99162356  -63.77972176  -16.10278649
   -2.10258308]"
1439011,[0.16839737 0.15390463 0.1027692  0.55236808 0.13803367 0.        ],4.796854464417697,-0.2687832633775545,0.9096007804768488,001911.24-001607.6,45.16917413413912,0.0092443182182897,8.920779608253062,0.2883775723548681,-1.8655488264207776,0.2885257036324636,9,2.6510211494360467,0.353722343811482,-0.6748095337885862,0.2574228704940838,-0.6783470829807225,0.1438984639998727,[-0.5918017  -1.4631569  -1.09634503 -0.98502597 -1.47720557 -1.31289941],[0.83975849 0.89783324 0.87541901 0.86755651 0.8212905 ],"[-14.48558127 -12.46340481 -13.51565976 -11.00082742  -8.88076719
  -1.97793162]"
1439012,[0.13109699 0.12546259 0.08484843 0.10618408 0.15417002 0.        ],4.796504495135338,0.5893370653166081,1.417599587644269,001911.16+003521.6,45.76551016337425,0.003638302042777,8.429385842888296,0.1717851533699793,-0.7778190318208758,0.1718236775304899,10,2.5316188641591744,0.2847743752303087,-0.8235059165382657,0.1231352120471876,-0.5440390990247962,0.1329414563407978,[-0.64281686 -1.3136462  -1.47611732 -1.25658914 -1.41006235 -1.12250041],[0.90759351 0.84283844 0.86692901 0.91645345 0.87672037],"[ -3.1623179  -13.44991572  -8.20573576  -6.7776478  -16.11308472
  -1.77125374]"
1439029,[0.14411265 0.14525613 0.10655469 0.37620828 0.25327032 0.        ],4.777928903080962,0.003762358508398,1.0266868263602675,001906.70+000013.5,45.0754783859836,0.0106168362585954,8.971001521651855,0.2691801837448699,-2.0094664879750894,0.2693894736864523,11,2.7365842248981243,0.39144378414859,-1.007483897064354,0.2459453344687535,-0.4536043262760451,0.1758309427673746,[-0.39099034 -1.1847713  -0.59767861 -0.61043467 -0.41498399 -0.67966538],[0.8320985  0.92991523 0.85415973 0.87278115 0.87878043],"[ -6.28241872 -10.30422891 -10.46924686  -7.29104654  -6.85189076
 -11.06507492]"
1439031,[0.16034604 0.15408091 0.09443919 0.17260295 0.17566927 0.        ],4.777588757488136,-0.2351228610307032,0.838035002555121,001906.62-001406.4,44.90069580400115,0.0078794081376507,7.793967150871534,0.1287530466315505,-1.0072146991772186,0.1289939226843881,12,2.5129264867609065,0.3067884037528272,-0.7150715152679417,0.1721290190492851,-0.7190015704756002,0.1208258472836951,[-0.60436704 -1.39501901 -1.11700286 -0.97316865 -1.46971683 -1.32528366],[0.88201713 0.84700918 0.82681753 0.88237934 0.83435334],"[-14.48495622 -12.46001782 -13.50802441 -10.99605568  -8.8102755
  -1.60672474]"
1439039,[0.04690716 0.04574734 0.04676867 0.04335481 0.05445386 0.        ],4.770146321859727,0.5768121004717267,2.114493891827448,001904.83+003436.5,46.99050537733839,0.001309088092519,9.698603348129208,0.090124606397553,-0.8220413230976575,0.0901341133530908,13,3.3024410509571585,0.5975076928410035,-0.4912414624412932,0.0323682749539151,-0.1295750231620966,0.2987079950151394,[-0.31189105 -1.13642093 -0.69904034 -0.40239012 -0.96022933 -0.77967074],[0.95937595 0.89445969 0.86447294 0.92293282 0.86164781],"[-16.91371567  -9.00274976 -23.98432003 -16.28003352  -2.49800707
  -2.00167193]"
1439047,[0.14507635 0.14716369 0.09753882 0.20005292 0.22616624 0.        ],4.7671915685025965,0.2438198779033313,1.5205142539595595,001904.12+001437.7,45.6840546402758,0.0088405987024344,9.143584187171893,0.040170194098442,-1.5734728992029332,0.0411315047053228,14,2.6875812287297465,0.4458115441507193,-0.9356252679064384,0.0910654574967475,-0.0843588360217986,0.2017286067106122,[-0.23284269 -0.72046087 -0.91798781 -0.48705048 -0.77360698 -1.016232  ],[0.81422727 0.95249423 0.84072773 0.86355876 0.83688337],"[ -8.91254346  -8.16693446 -16.36568033  -2.63424914 -12.60564137
 -13.76762098]"
1439049,[0.05909424 0.05470071 0.04972701 0.08834581 0.11703851 0.        ],4.763645,-0.706509,1.0760955889743034,001903.27-004223.4,45.75629129130802,0.0056469726985675,8.8145227751988,0.1161837828797715,-1.1721748361976123,0.1163209340785752,15,3.089642958731233,0.5356914760796949,-0.1023958335944638,0.0846816063350526,-0.4790250423884318,0.2552710170478253,[-0.47549548 -1.25717981 -0.71094125 -0.67050855 -0.49859064 -0.75980941],[0.94307523 0.92702828 0.89263157 0.8791592  0.84003947],"[ -3.46512533 -10.24491739 -10.61853896  -7.79011432  -7.44071584
 -10.94264474]"
1439063,[0.13465061 0.12366353 0.09229565 0.1355217  0.13708399 0.        ],4.749846947555625,1.2460549120288833,0.8448503363770034,001859.96+011445.7,45.298721432007504,0.0055807822994253,8.590246920234646,0.0337957907454334,-1.4054688405339777,0.0342534757825056,16,1.3220897521424166,0.1219865457642777,-0.496748250607247,0.0684907934434708,-0.6383079479916386,0.0458470239728079,[-0.56294508 -0.99572461 -0.67010183 -1.39248951 -0.87189214 -0.77951024],[0.8664322  0.82191159 0.90336573 0.86251793 0.83766133],"[-15.50737434  -3.21212096 -10.04376423 -10.28619397 -10.1732669
 -17.10049585]"
1439071,[0.07335558 0.10403125 0.06655202 0.08534104 0.14455049 0.        ],4.744810796437541,-0.3746531358707249,0.9980246487361102,001858.75-002228.7,45.590035155243,0.0027026562127794,8.226279968437483,0.1979497072081065,-0.7501881655013136,0.1979681563645516,17,2.402507907467794,0.2736983931740469,-0.3205535655371281,0.0944176074323171,-0.4031943542686504,0.1172247238158126,[-0.3803014  -1.11856562 -0.64217203 -0.55934128 -0.32753356 -0.63226886],[0.88879513 0.91392168 0.86848454 0.91949666 0.82249125],"[ -2.63741597 -10.04237852 -10.43068103  -7.33725438  -6.44294431
 -10.96554346]"
1439079,[0.16664915 0.16383589 0.11256113 0.50819728 0.25911889 0.        ],4.736707765871358,-0.4573006575072595,1.6526909073295597,001856.80-002726.2,45.62772791701814,0.0190018762347889,9.263657223781532,0.1379917909076237,-1.7498726590702276,0.139293954134182,18,3.080115874754157,0.4842349207744869,-0.0628840682684657,0.2531374560225123,-0.6532479641354869,0.252049337918954,[-0.67549335 -1.18519253 -1.38312579 -0.92450606 -1.22876618 -1.47054471],[0.91606417 0.87588007 0.82127485 0.89663093 0.85794118],"[ -7.19200508  -8.18403592 -16.37656753  -8.33163664 -12.61629076
 -13.77429983]"
1439089,[0.0976566  0.09660978 0.07045392 0.09452029 0.08353959 0.        ],4.726582295744947,-0.1036371627862071,2.400978749435522,001854.37-000613.0,46.49099947255794,0.0037796062287043,8.973879739422227,0.0502079838664,-0.5968236191711256,0.0503500453542272,19,1.7010762221371638,0.2043589369033225,-0.4283425409513809,0.1256159208245892,-0.4753529270255134,0.1047762472796226,[-0.67786414 -1.48340889 -0.7310628  -0.69514721 -0.6798562  -1.44353064],[0.8803428  0.87964524 0.86452924 0.85159941 0.83371273],"[ -8.25966273  -2.92515226 -10.13359373  -8.54276061  -9.75941991
  -2.17522761]"
1439092,[0.11874575 0.10913296 0.08389323 0.10298514 0.12590012 0.        ],4.726051,-1.033958,1.9608935635023408,001854.25-010202.2,46.274359754967605,0.0231917099322345,8.332524245773627,0.4392580781712557,-0.1721078431128546,0.4398698837705144,20,1.9159420322584344,0.2293275062437366,-0.3946248829270019,0.1466606781795641,-0.8083852279469862,0.1228243595424415,[-0.9388257  -1.58046912 -1.80849179 -1.61344852 -1.69686755 -1.41907661],[0.85002947 0.8690888  0.89731803 0.87032501 0.86347774],"[ -7.32139295 -13.43829345  -8.61099256  -8.54915928 -16.10674812
  -2.72159592]"
1439104,[0.1100464  0.09122268 0.08094795 0.24650437 0.12892936 0.        ],4.71815430885697,-1.0901673808612058,2.8897766820789283,001852.35-010524.6,46.71904523053638,0.0041273290687797,9.125314663779092,0.2041980472870088,-0.5202127855495462,0.2042397546048993,21,2.519117495018401,0.3677459513529117,-0.1909744043110768,0.092834858292088,-0.5619160770899012,0.1885273985723742,[-0.69249997 -0.66885783 -1.53389135 -1.33481673 -1.29335016 -1.26114404],[0.87072932 0.86490758 0.82209965 0.87649352 0.86075044],"[-15.71449629 -12.44239159 -13.2318574  -10.65681214 -13.12817113
  -1.96260592]"
1439113,[0.15773486 0.13940834 0.10093574 0.13074268 0.20927771 0.        ],4.710147857929172,0.8427167715592185,1.352792397528069,001850.43+005033.7,45.488632380766,0.0074970267562974,8.611082219630507,0.2706441130381304,-1.236393191171338,0.2707479295070988,22,2.429752635161055,0.3035916210827423,-0.5512859607284075,0.1069852116956067,-0.451398827035664,0.1415259944684664,[-0.50033471 -1.24605463 -0.73158448 -0.66532306 -0.54151386 -0.78484262],[0.92116834 0.91303822 0.89068138 0.84682218 0.8335075 ],"[ -2.61161702 -10.29604207 -10.59566315 -10.14644898  -8.93623195
 -11.03163855]"
1439122,[0.16393004 0.14791894 0.10187068 0.19318057 0.17686377 0.        ],4.707194087606297,0.90510861016996,2.4607946683774213,001849.72+005418.3,46.31431526477012,0.0059463749091221,8.597340904037615,0.2935785924404427,-0.3969689915743331,0.2936388075746654,23,1.8785923194247744,0.2326168987250458,-0.5430333727934138,0.1980182973506846,-0.5213754824684935,0.1598722292960746,[-0.78173522 -1.62991585 -1.28472682 -1.0718468  -1.63555096 -1.48827978],[0.89554335 0.7941651  0.86221121 0.88041095 0.84238738],"[-14.48406564 -12.43981855 -13.50712173 -11.04131925  -8.63649418
  -1.51154514]"
1439132,[0.15630905 0.14576555 0.11476908 0.20872497 0.31879777 0.        ],4.698226689723185,-0.0107494153248665,1.3521758992546005,001847.57-000038.6,45.604466858571485,0.0093986050507233,8.825741941876611,0.0777515740528471,-1.3352184356119636,0.078317565364322,24,2.421606925714169,0.30488059141991,-0.2614934046655409,0.1933787485107142,-0.6755975077198764,0.1492095949273361,[-0.69995359 -0.75164372 -1.17239733 -0.75620925 -0.9349959  -1.28086907],[0.85636505 0.89349497 0.836659   0.89948323 0.89566875],"[-14.9743718   -3.32691531  -2.74374647 -14.39438499 -16.92437292
 -16.53699939]"
1439143,[0.15831579 0.15356222 0.09214774 0.29291333 0.171045   0.        ],4.6869817021766345,-1.1198976478794698,2.2971604165237696,001844.87-010711.6,45.95925231266267,0.0095338815327608,8.828950098564464,0.2930612433511127,-0.9836411382086254,0.293216280672784,25,2.561941256176836,0.3806548031231898,-0.162567200457338,0.1489379804717336,-0.5378642995971448,0.2056080456195847,[-0.61754279 -1.35328279 -1.0879606  -1.02388529 -0.72336875 -1.24399387],[0.85423041 0.92758432 0.87607903 0.87388292 0.83272895],"[ -7.4006071  -13.74961532  -9.09488825 -11.11338554 -19.92269424
 -15.55114603]"
1439145,[0.17495993 0.16653271 0.1614726  0.34623496 0.38279043 0.        ],4.68643673220555,-1.038441961059219,1.9248900014784125,001844.74-010218.3,45.68413573201244,0.0268663161550009,8.28339355882295,0.1151552551398294,-0.7132011791173412,0.1182477557083418,26,3.140807812914683,0.5402979115072462,-0.8244293954434896,0.2547107297043531,0.0711476938197578,0.2818571013224628,[-0.19008872 -0.97053492 -0.52266934 -0.9814244  -0.61835572 -0.41913033],[0.87344564 0.85412812 0.89054142 0.89628958 0.86294113],"[-15.68480403  -3.15122635  -9.00475523 -14.67179179  -9.62110445
 -16.62539174]"
1439147,[0.16599405 0.15913273 0.10715981 0.3122963  0.20486025 0.        ],4.683958061527051,-1.1741245038505852,0.668209854026985,001844.14-011026.8,45.14016173695261,0.0297340815041593,8.207730110128255,0.4370609204749642,-1.1815117254824727,0.4380711857784291,27,2.440259139194411,0.3408231547021396,-1.058397371037105,0.330964020575801,-0.8512741310597504,0.1339341984497256,[-0.57477802 -1.09185378 -0.67027124 -0.83885215 -1.13692018 -0.97371868],[0.89954505 0.86291144 0.86828172 0.87722451 0.85113783],"[ -7.11908544 -16.24420722  -9.92745441 -13.20377196  -6.96308173
 -16.01146702]"
1439150,[0.18112307 0.18448127 0.13197698 0.51070123 0.28801346 0.        ],4.681998819492435,0.017911894310061,0.8846817361607784,001843.67+000104.4,44.97152650582061,0.0124828770378826,8.516240897139118,0.0844370311873923,-1.658657743625341,0.0853547564865811,28,3.2021143844489925,0.5577101094074346,-0.6700891172762806,0.1242411363836141,-0.0417889188318253,0.2503335412712997,[ 0.0474229  -0.61289999 -0.15727095 -0.32731217 -0.03381766 -0.5422695 ],[0.95819581 0.88550083 0.89052561 0.9131985  0.8933254 ],"[ -6.97206025 -10.77650471 -10.31940906 -16.0606155  -16.11199305
 -17.04997913]"
1439157,[0.09712825 0.09427668 0.07598045 0.05996212 0.07764977 0.        ],4.677855,0.845041,1.990378866012537,001842.68+005042.1,46.39551918884671,0.0126131463942691,9.067971762213633,0.0560943130533587,-0.7863959256737516,0.057494899068452,29,2.4072596131506288,0.3179865988379653,-0.3335340889299049,0.0800254204713346,-0.6692563538743588,0.1612700645226995,[-0.7849366  -1.41496328 -1.6737898  -1.48714251 -1.52536007 -1.23285613],[0.88159163 0.87941902 0.83713655 0.85475173 0.84269663],"[ -2.58660147 -13.40565366  -8.20339446  -3.40551602 -16.1060682
  -2.31893761]"
1439163,[0.14481942 0.12906474 0.09451593 0.17087154 0.15786809 0.        ],4.674222,-1.142388,0.7877880038997246,001841.81-010832.5,45.281792188551904,0.0096541333339565,8.048626708034606,0.05325463257816,-0.8807778717895332,0.0541226217164748,30,2.3000694801134336,0.2715259716470697,-0.451387531497486,0.1546415031034197,-0.8477548427688463,0.0964199497058373,[-0.76463383 -1.64312587 -1.29701664 -1.131693   -1.66057711 -1.49386731],[0.89475028 0.88516858 0.89699045 0.89528592 0.80432204],"[-14.48492013 -12.46619793 -13.50609454 -10.98848711  -8.56617478
  -1.55240754]"
1439165,[0.12607593 0.12658046 0.09713751 0.12521923 0.16776044 0.        ],4.672731809562265,-0.993738235605363,1.6506891657275118,001841.45-005937.4,46.02097550276773,0.0046933028183815,9.030014572609366,0.1328575518838836,-1.1229824221484677,0.1329404234381846,31,2.1974526571818007,0.2290878008729626,-0.8385525340895792,0.1385553739091636,-0.4397616063628671,0.1151935042807737,[-0.62170676 -1.35908552 -0.75113665 -1.38088829 -0.84449048 -0.56878163],[0.87487741 0.92998955 0.81326865 0.87802914 0.86536459],"[ -9.76423082 -11.84103817  -7.77738329  -4.75937639 -11.4411998
  -1.03105783]"
1439171,[0.17251078 0.14421443 0.09755132 0.18530754 0.16553452 0.        ],4.671568609732191,1.0197836765280004,1.425186654116961,001841.17+010111.2,45.73957126444575,0.0109776408569004,8.455440552724227,0.0594723798141865,-0.8298126405853097,0.0604770415905568,32,2.5742434918172794,0.3007970388513836,-0.6962276804320837,0.1351875693480256,-0.5785198409464944,0.1434897956719936,[-0.66595957 -1.25464664 -1.47692011 -1.49837093 -1.1208957  -1.09010996],[0.8168964  0.90051789 0.84378301 0.8813556  0.85484536],"[ -7.82855947  -3.3075092  -16.42964923  -8.15863301 -17.05547025
  -7.24767902]"
1439173,[0.13582846 0.11631879 0.0912098  0.15323037 0.13875305 0.        ],4.670012,-0.938562,1.673016842611848,001840.80-005618.8,46.06437271970656,0.0107032518848804,8.89804803159911,0.0990809673749808,-0.947618664199382,0.0996574016161028,33,2.5024710161967567,0.3590527834427657,0.2566126527924818,0.3441729686048376,-1.0226614606295923,0.2285438421933395,[-0.97381156 -1.43257582 -1.81562195 -1.55264851 -1.54259362 -1.46222446],[0.85483115 0.85539412 0.84584959 0.87802465 0.8858191 ],"[-12.52262216  -2.72087668 -12.24286306  -9.16256819  -9.07583041
  -8.63745701]"
1439177,[0.15037668 0.14740594 0.0897748  0.27429628 0.25389342 0.        ],4.666363994349638,0.0743468488375247,2.3992837472076545,001839.92+000427.6,46.12039501296725,0.0095179066229853,8.52992981454813,0.0941190328734627,-0.5234781538877087,0.0945990639251775,34,2.3456846362945702,0.3353214881395183,-0.0393792236064069,0.2441292296585992,-0.7171343702452079,0.2282720355964413,[-0.74476155 -1.40909141 -0.90558142 -1.54509188 -0.92163819 -0.75723092],[0.82942905 0.86390608 0.8259172  0.87983844 0.89699879],"[ -9.7749132  -11.83424795 -13.15044467 -12.26757564 -11.50946514
  -1.49827695]"
1439179,[0.07388445 0.06816616 0.05442317 0.06595569 0.07989826 0.        ],4.665973,-0.217514,1.594185840547186,001839.83-001303.0,46.296379796775085,0.0048042873004696,8.692551702405064,0.3728771078986171,-0.5101152579368105,0.3729080567261888,35,2.800744376376864,0.442846444688814,-0.7375979309708656,0.0860756734277403,-0.4995841538401294,0.2222051840875014,[-0.64168006 -1.51914043 -1.16478868 -1.04050383 -1.52512911 -1.2908698 ],[0.85195292 0.93518987 0.85715729 0.86195676 0.91980557],"[-14.46165856 -12.34163654 -13.46419625 -10.962686    -7.36161947
  -1.90344213]"
1439181,[0.10404569 0.10476278 0.06702448 0.10928266 0.17200351 0.        ],4.663415919887086,0.249762393430963,1.538154081562509,001839.21+001459.1,45.992548085493546,0.0041934868717738,8.54612130443135,0.1403775177038449,-0.66751657124464,0.1404401395927711,36,2.676931320456532,0.3577536841614015,-0.3740546308627109,0.0820795637311679,-0.44070806243273,0.1730816912470534,[-0.49990205 -1.36573533 -1.06861038 -0.89185314 -1.37444275 -1.16636791],[0.8944197  0.85589492 0.88878418 0.86141685 0.83503461],"[-14.4717802  -12.42582029 -13.4715548  -10.97639462  -8.54747514
  -1.18264317]"
1439182,[0.14122606 0.13957117 0.08704655 0.37312152 0.2410788  0.        ],4.663220769597729,-0.5327944577839681,1.5223918128430147,001839.17-003158.0,45.35899954614917,0.0181529544882934,8.513828029639626,0.3258714879964096,-1.2687718357972884,0.3263767094105341,37,3.205809679200352,0.6285895365513412,-0.0403731631699152,0.1296359437236342,-0.5231832805675571,0.2916305287693229,[-0.52607332 -0.52516673 -1.38684972 -1.15229924 -1.17720213 -1.17355674],[0.96215965 0.89539301 0.88149123 0.90621383 0.85567853],"[-15.71766606 -12.47490494 -13.23351649 -10.48974705 -13.14116233
  -7.59489086]"
1439186,[0.14087233 0.139229   0.08997503 0.16213767 0.20279143 0.        ],4.660315691978155,-0.5578700456873268,1.6058319224267577,001838.47-003328.3,45.91122660590979,0.0093200155890436,8.616512325120873,0.055960679000764,-0.8192290715179169,0.0567314752567441,38,2.490078173824849,0.2781776523200212,-0.6292664865263831,0.1276043401760858,-0.4519343854026229,0.1411432451290719,[-0.57552602 -1.15566848 -1.40742193 -1.43306751 -1.00387911 -1.06698694],[0.89777459 0.83271557 0.85868348 0.87216512 0.87266183],"[ -9.03981185  -3.30797753 -16.42892111  -9.0914228  -17.05705966
  -7.2992954 ]"
1439195,[0.10389254 0.09281546 0.07096891 0.10500587 0.08575564 0.        ],4.656669597047369,0.5466200962548943,2.6226857162305643,001837.60+003247.8,46.74276114824151,0.002636958598515,9.241033736485967,0.2001726021485901,-0.6122159405512875,0.2001899702821997,39,2.3048204422662915,0.3062930466009244,-0.4646846694594272,0.1198030832525712,-0.4196594240054093,0.1646289980536931,[-0.67642021 -1.60981906 -1.2074633  -1.08054169 -1.5418898  -1.33175809],[0.86178802 0.9113945  0.87357265 0.83629946 0.85744981],"[-14.47855146 -12.3965593  -13.49160628 -10.96108609  -8.50734064
  -2.01471192]"
1439199,[0.06530709 0.06254893 0.04661474 0.05014909 0.05473848 0.        ],4.651703350152559,-0.492519760267268,1.853954308896943,001836.40-002933.0,46.72223236253263,0.0016076948035994,10.023297443792588,0.0365362958750371,-1.4150084335667898,0.0365716502068169,40,3.1196756158660595,0.569941987700425,-0.2453431205224644,0.0782031688850401,-0.5235813153570346,0.2809538352356236,[-0.59208652 -1.24680844 -1.49058102 -1.1925762  -1.32198159 -1.05685615],[0.9230887  0.92762983 0.88083771 0.88410458 0.88676986],"[ -3.48086418 -13.39324325  -8.1582192   -4.24292792 -16.10596425
  -2.32734906]"
1439208,[0.12388071 0.10212708 0.08597933 0.14579918 0.15274246 0.        ],4.642646036453856,-1.20726742334744,1.0327512998665485,001834.23-011226.1,45.53790469488878,0.006665376285845,8.18544764450633,0.1955545126196379,-0.7614863019243785,0.1956680726305036,41,2.893821356996332,0.4207216142374532,-0.1476282137586927,0.1035316433576346,-0.5465129378211764,0.20348234514582,[-0.53716826 -1.2097511  -0.91563855 -0.61284115 -0.93654828 -1.37688445],[0.8877986  0.90647089 0.83610078 0.83654031 0.80803115],"[ -7.59681451  -3.14188546 -16.68714433 -11.77910183 -11.47866386
  -8.45396291]"
1439211,[0.14308192 0.11475025 0.08782758 0.1014009  0.16546915 0.        ],4.640097151459258,-1.1745041573479345,1.3709120523476557,001833.62-011028.2,45.800444849866494,0.0060624276474676,8.57764776602889,0.1421736283410686,-0.8911462684692282,0.1423028236706675,42,2.821305271731774,0.4024021406029674,0.2253976466596354,0.1710745891691412,-0.6697611880040085,0.2092499430689131,[-0.65199347 -1.3461444  -1.31791791 -1.53950482 -1.07438985 -1.29248068],[0.92862459 0.91285129 0.92010225 0.90351125 0.82553129],"[ -2.70073777  -9.3485472   -8.39933095 -16.73663041 -10.40059882
 -12.30192611]"
1439230,[0.12790853 0.10970712 0.0701597  0.14647609 0.09424879 0.        ],4.624148272686037,0.1976656170578754,1.8984016703285695,001829.79+001151.5,46.48209536344757,0.0025598091600933,8.956368460429076,0.0650579137151448,-0.588216449288339,0.0651082541610764,43,-1.5034530898174925,0.1088228982470241,0.0559840979447704,0.1337273014151382,-0.8768047906880795,0.0727414264940102,[-0.85900077 -1.28440995 -1.32966607 -1.28410709 -1.68766719 -1.34760196],[0.89236088 0.85852219 0.78425346 0.84172124 0.85171473],"[ -7.46699759  -5.50622619 -11.82823026  -8.30617276 -16.39170133
  -8.69187303]"
1439231,[0.14409865 0.13294323 0.09694614 0.29509286 0.32182656 0.        ],4.621704947910965,-0.7972101529944897,1.790341872870875,001829.20-004749.9,45.75041152743904,0.0121729995692909,8.552701796643921,0.0734196397100937,-0.9162336215117152,0.0744219417488816,44,2.863903846320328,0.5215503998056972,-0.6685783376896276,0.1607566014771266,-0.1671925612546193,0.2559057512880383,[-0.34436183 -1.05833679 -1.23676514 -0.95653056 -1.09653868 -0.79821336],[0.92789701 0.89539329 0.86530712 0.92038423 0.87008149],"[ -7.55107481 -13.48805708  -8.58190707  -8.00058793 -16.10709568
  -5.66093547]"
1439243,[0.18901957 0.1804583  0.13990272 0.30208563 0.31308824 0.        ],4.611967178370378,0.9846222058298169,2.0978639097216334,001826.87+005904.6,46.041847882506914,0.0096289022761162,8.650372233964408,0.4158699478799887,-0.7224677037643232,0.415981405003574,45,3.0228978691414143,0.581004196580428,-0.4280195456101193,0.1808295104578187,-0.0576359635462886,0.277597716312828,[-0.22370821 -0.69945127 -0.41205451 -0.30807764 -0.97528309 -0.95960372],[0.94674446 0.90980883 0.86715339 0.86008222 0.8974677 ],"[-16.22272382 -11.43835944  -7.90589357 -12.65841859  -7.93085291
 -18.77303965]"
1439252,[0.12535343 0.1015218  0.0808132  0.22955145 0.07725235 0.        ],4.603995819355475,0.2571875354501303,2.434402106535946,001824.95+001525.8,46.29917740003032,0.0040460746894837,8.261689599031651,0.0212410653312417,-0.0764555513081717,0.0216229872311611,46,2.819540290280996,0.4822549427736813,0.038125468858177,0.1001474055830322,-0.6390620543147039,0.2398887493754353,[-0.62759342 -1.04352356 -1.16230647 -1.03187833 -1.46132892 -1.09385739],[0.90212563 0.83865674 0.87621491 0.92681614 0.87456795],"[ -8.28203189  -3.24864926 -11.86561929  -8.43258391 -16.3981361
  -2.00182419]"
1439258,[0.10192325 0.09472472 0.07654079 0.07337367 0.11480918 0.        ],4.600526,-1.002214,1.8687914107861523,001824.12-010007.9,46.11922471999279,0.0315650203243222,9.34812983619512,0.0947818708318558,-1.3428484685091604,0.0998997174493575,47,2.340303813786909,0.2996273897312287,-0.6141381210452814,0.1327936778887363,-0.5782189236335453,0.1527257249118351,[-0.76234099 -0.75721219 -1.62449054 -1.399698   -1.41341468 -1.35295674],[0.87398062 0.89837947 0.86431254 0.880885   0.84972667],"[-15.71464837 -12.45743707 -13.22829902 -10.47168617 -13.12209517
  -1.91318851]"
1439259,[0.11332602 0.11121795 0.09172004 0.19455879 0.19473336 0.        ],4.600304683644652,-0.6065795698082438,2.578281791864946,001824.07-003623.6,46.3655324783798,0.0058273335951426,9.08943544444149,0.1594707782645844,-0.837846318368527,0.1595772130886529,48,1.7560519443367075,0.2041770614128759,-0.2025415342300753,0.1783819619884664,-0.7717683018119599,0.1481968613762305,[-0.87874136 -0.92633783 -1.72544955 -1.52344196 -1.52710689 -1.44385645],[0.80519562 0.8423805  0.84548525 0.88200467 0.84456394],"[-15.71354086 -12.49085277 -13.22878708 -10.49916345 -13.14162984
  -6.77471835]"
1439263,[0.14896038 0.13542197 0.11173287 0.17303071 0.16116699 0.        ],4.5961319183000455,0.972098957909363,0.8295455299009986,001823.07+005819.5,45.23133956702625,0.0052190536321106,8.415080542549692,0.1203170254586116,-1.2976843278302752,0.1204301670513789,49,2.5270628861089297,0.2629266326226458,-0.4539787355571262,0.1355675345258391,-0.6312876692278047,0.1178843515959643,[-0.55080717 -1.23757964 -0.68912784 -1.36413531 -0.71203416 -0.56605584],[0.87724984 0.88010181 0.87973264 0.88432782 0.80356307],"[ -9.77229228 -11.77845998  -6.45506884  -6.19301307 -11.48393081
  -5.95948271]"
1439275,[0.1214397  0.14282464 0.09525732 0.26500645 0.16414    0.        ],4.587751241026012,1.1687517294554692,1.4643727960349853,001821.06+011007.5,45.82554802898836,0.007952702530936,9.079759643740688,0.0972383779985964,-1.3681549670591622,0.0975630444038288,50,2.689604694407641,0.3510938342717546,-0.5314345535481435,0.1132093446526187,-0.4950299807049876,0.1710559750011493,[-0.57039332 -1.11792633 -1.43401158 -1.47741735 -0.98726122 -1.05016278],[0.86844885 0.87695327 0.83425902 0.86986885 0.85758776],"[ -8.26827108  -8.89070877 -16.42343883 -10.45632758 -17.05844022
  -7.21178934]"
1439286,[0.14718709 0.11661206 0.07782289 0.75285714 0.0708946  0.        ],4.577945304125223,0.4525421356253205,3.3413201527136955,001818.70+002709.1,46.96806479700793,0.0029760894881931,8.319458337381722,0.0665822952477419,0.5346631073193819,0.0666487745506188,51,2.355441126561863,0.4105698918556073,-0.3376136847383698,0.190258500961477,-0.2280958201194325,0.2617814006870618,[-0.47759626 -1.10609346 -1.31502351 -1.1403162  -1.22128619 -0.96507772],[0.84788862 0.87745322 0.83836413 0.9163947  0.8102943 ],"[ -5.79049917 -13.46017696  -8.2253925   -6.27894864 -16.10354557
  -1.9663559 ]"
1439290,[0.15334315 0.14825277 0.09098193 0.66611459 0.18881492 0.        ],4.5739142914169975,-0.4497247611955949,3.13790325688192,001817.73-002659.0,46.355537107501405,0.0081215481616929,8.965448425265535,0.4094361214988011,-0.7238546700709634,0.4095166628264639,52,2.400199586234395,0.4067838473411234,-0.3402580120975987,0.2679830247716208,-0.3936190486666314,0.3159862301345548,[-0.6473484  -0.70894991 -0.97635824 -1.04585251 -0.97437324 -1.45497611],[0.8436526  0.91321547 0.90125651 0.85786319 0.8919516 ],"[ -6.65003886 -11.49052474  -9.31125888 -10.67466895 -10.55539346
 -17.23682013]"
1439297,[0.13682742 0.10752447 0.09183744 0.10444684 0.14448656 0.        ],4.56888,0.818742,1.2028182373809817,001816.53+004907.4,45.70804677870391,0.0121824990467267,8.483869458420656,0.1131646978578824,-0.8897660320235801,0.1138185491222292,53,2.059965174519101,0.1901397689445588,-0.4949485487065748,0.119917778210086,-0.8400111608525055,0.086374514134392,[-0.85149495 -1.66664816 -1.14119646 -1.03814268 -0.89357312 -1.05919662],[0.84816548 0.93435097 0.86806129 0.83046431 0.84698538],"[ -2.36890848 -10.30082167 -10.62503427  -8.20247437 -12.16034809
 -10.99519132]"
1439298,[0.13653531 0.12627684 0.11736181 0.10079465 0.13658384 0.        ],4.568410821657951,-0.3652579476763983,0.8129153343415696,001816.41-002154.9,45.37755649544569,0.0044087784784352,8.449819550028728,0.1839387395442234,-1.1862064068898732,0.1839915683741773,54,1.9459779468748768,0.227808323489856,-0.1859014640431068,0.1778614187476144,-1.0012313421991976,0.0785446768348638,[-0.96648056 -1.60529826 -1.84578502 -1.57396449 -1.69709137 -1.38189843],[0.8741203  0.9082615  0.89730333 0.8444239  0.81944321],"[ -2.89116713 -13.47115955  -8.29411567  -2.49929538 -16.10210622
  -1.88768796]"
1439301,[0.11787779 0.13179596 0.0899379  0.18497339 0.15417141 0.        ],4.565743217455065,0.2756656920449383,0.5763314362357953,001815.77+001632.3,45.20220021495206,0.0129621049079169,8.926705000861379,0.1796117486388758,-1.838448138216151,0.1800788616488857,55,2.3793845990045344,0.2367170961127842,-0.7101527595028899,0.0836285177400355,-0.6096230954398105,0.0950924961989113,[-0.38579855 -1.22072031 -0.90553121 -0.76245663 -1.17655724 -1.13753528],[0.88128046 0.82472277 0.86613623 0.87865285 0.85231623],"[-14.47588739 -12.41719968 -13.49795126 -10.95545823  -8.47501461
  -2.18983901]"
1439302,[0.16586646 0.1578966  0.09723138 0.39886355 0.19979628 0.        ],4.565652065097538,0.6097767175088898,3.0474909345685965,001815.75+003635.1,46.381030561238695,0.0061934751635561,0.0,-1.0,0.0,-1.0,56,3.3421650613003875,0.6722885801494092,-0.2783354941184561,0.5607351848975319,-0.5526215811564437,0.5539427991627451,[-0.75454543 -1.41199017 -1.57989506 -1.44021798 -1.51223338 -1.21689646],[0.8757173  0.90301079 0.8949574  0.89916317 0.8727749 ],"[ -6.69133841 -13.48415775  -8.3806169   -7.42946097 -16.11145262
  -1.39860841]"
1439304,[0.1459476  0.1094833  0.08709442 0.13167329 0.16661598 0.        ],4.565053053130441,1.241295479151586,1.205733421091249,001815.61+011428.6,45.74965353521496,0.0038033603931175,8.941403278997047,0.075104375597078,-1.3056930960889233,0.075200616913074,57,1.922959162549344,0.1936648900618071,-0.5196593265406928,0.095601604417678,-0.6071812783894615,0.0804702086574951,[-0.6202879  -1.25731407 -1.04386901 -0.77383065 -1.37759766 -1.32578773],[0.8687525  0.88373931 0.85951244 0.90468667 0.87105748],"[ -7.30761144 -17.19435378 -13.71363774 -11.55063263 -14.44321618
 -12.93958594]"
1439310,[0.13260031 0.13265151 0.07877195 0.09845026 0.16460112 0.        ],4.562359,0.227867,1.904599466580208,001814.96+001340.3,46.355933052568105,0.0,9.5180302157812,0.0690814868654739,-1.2760405155199237,0.0690814868654739,58,2.8071431673065623,0.4485763726001117,-0.543860828490444,0.1027881125514348,-0.2988299541684475,0.2190983361317145,[-0.46978233 -1.10184729 -1.32312117 -1.13252956 -1.25178712 -0.90400449],[0.94732183 0.8596471  0.85501552 0.875519   0.877316  ],"[ -2.90977222 -13.47914002  -8.21529934  -6.73794837 -16.10758537
  -1.58101668]"
1439311,[0.13444439 0.12821203 0.08467696 0.15668751 0.13284626 0.        ],4.562326,-0.274642,1.9216164109356015,001814.95-001628.7,46.05712852799737,0.0,8.619860769924014,0.3219752937065377,-0.6766755942334797,0.3219752937065377,59,2.5906808779736057,0.3313312046546468,-0.8773002883121097,0.1242414261902792,-0.2184332740227577,0.176037762648682,[-0.49346926 -1.17678896 -0.66526425 -1.24891082 -0.68270062 -0.47831425],[0.87772686 0.85402906 0.87477625 0.86709778 0.81376403],"[ -9.77867463 -11.82241322  -7.44808203  -7.15084746 -11.39145752
  -1.59130678]"
1439312,[0.1476747  0.13903597 0.09602969 0.12635659 0.17894606 0.        ],4.561962859672292,0.7670285402665669,1.0388377939524855,001814.87+004601.3,45.33018855391552,0.0065665661259401,8.269433286675596,0.082549125562756,-1.0531880850669069,0.0828098902418183,60,2.504746751739216,0.3027846198637647,-0.3761789481810911,0.1021032611464807,-0.7399710631590233,0.1095208086413988,[-0.71833314 -1.3646494  -1.10156302 -0.80486247 -1.16988926 -1.55945834],[0.9030093  0.84800993 0.8475863  0.89228935 0.84819952],[-7.60139866 -3.40567155 -3.17878653 -8.92198227 -9.90094592 -8.43598097]
1439325,[0.14407858 0.13353476 0.08520063 0.14685842 0.17604603 0.        ],4.5505892412163895,-0.3229051992134604,1.7459041934512671,001812.14-001922.4,46.0506545669848,0.0048573917843128,8.8715216711169,0.0568643989102204,-0.9348104564389316,0.0570714825317074,61,2.494200609985392,0.3684063755844442,-0.3983893323040563,0.2007053404576069,-0.6336973948512229,0.1879082343250465,[-0.74111695 -1.44847282 -0.9521972  -0.94118794 -0.73127852 -1.00237905],[0.81899832 0.90866072 0.90962253 0.86889626 0.86492872],"[ -2.92002949 -10.33300621 -10.6235574   -7.38645207  -6.57388747
 -10.95407566]"
1439326,[0.08864945 0.07447122 0.04988171 0.14434519 0.12619226 0.        ],4.549600999999996,-0.69062098,1.615742054281997,001811.90-004126.2,46.28692541866253,0.0065743876668413,9.041882038108778,0.230362291258685,-0.8688999717530805,0.2304560865048808,62,3.0653159787368622,0.5480487932198019,-0.278334114196666,0.0812024873715796,-0.3057189867601644,0.2696549612855108,[-0.35794066 -0.51348368 -0.81704826 -0.89625239 -0.49572087 -0.64858211],[0.93706542 0.94311828 0.85902092 0.89055507 0.91553858],"[-16.13899168 -12.32388434 -14.00935013  -3.40994888 -10.21058831
  -2.19135783]"
1439337,[0.14933629 0.14736798 0.11399086 0.19967897 0.37080675 0.        ],4.5416985880019,0.1298679335294783,1.0549309571078884,001810.00+000747.5,44.96180853693202,0.0108835634367387,8.308813282222777,0.0787082474415191,-1.460948097597594,0.0794571593275074,63,2.460697303120866,0.3555992674182293,-0.3006607202694187,0.1785000966841248,-0.7037807902832043,0.1445547809217802,[-0.68757823 -1.14962755 -1.34814389 -1.21924807 -1.0468837  -0.97258948],[0.85993117 0.85885104 0.84552101 0.8873901  0.86509604],"[-11.11231894  -9.95185816 -13.87765703 -31.86100551 -10.73403579
 -13.99074765]"
1439338,[0.13098252 0.13476431 0.09148551 0.11331064 0.1529805  0.        ],4.539472036794905,1.1263095098362157,1.75658027237202,001809.47+010734.7,46.00954942364308,0.0075068640403834,9.18682745768248,0.090387236047271,-1.291221386346237,0.0906984313424763,64,2.1690336777168904,0.2211578783710603,-0.3806969389517645,0.1016430804020575,-0.6498511496459843,0.1144218502180066,[-0.74380279 -1.3662789  -1.06883737 -0.77640276 -1.24313568 -1.56941386],[0.8410029  0.8601272  0.82866627 0.8295849  0.85840511],"[-11.48513401 -60.65432596 -15.78274921  -3.29312297 -89.95014343
  -8.48671259]"
1439344,[0.16914822 0.13217209 0.09863131 0.17533093 0.13228894 0.        ],4.537074,1.032062,1.4269497079025757,001808.89+010155.4,45.986753751985205,0.0082968315818661,8.62199653478799,0.1250746743440989,-0.7491861351096176,0.1253495575444136,65,3.7134992554440966,0.6921605560911082,-0.3065838706775565,0.1373903822816759,-0.5358271448563465,0.3332790694626841,[-0.57287551 -1.16160642 -1.39801685 -1.41083234 -1.01515102 -0.97088986],[0.92462958 0.89179911 0.92234584 0.94836351 0.93001994],"[ -6.40350987  -7.5194981  -16.42910771  -3.17504938 -17.05372653
  -2.01971403]"
1439346,[0.08325261 0.07810406 0.08141623 0.11779433 0.17982809 0.        ],4.536281,-0.952842,1.3358415138166553,001808.70-005710.2,45.88663220564887,0.0108185497469932,9.589198889257688,0.0422680588985272,-1.8165100359156483,0.0436306064784519,66,3.087777513513194,0.4986563695736019,-0.472250311696746,0.0593632512859373,-0.2419139856283924,0.2456517318768274,[-0.27997739 -0.7348598  -0.3734042  -1.16022249 -0.65592924 -0.47558233],[0.8777326  0.89671271 0.83590517 0.90690335 0.9058381 ],"[-15.50791348  -7.15586113 -10.03146529 -10.28620196 -10.18345379
 -17.10385709]"
1439351,[0.09136581 0.07523434 0.06808635 0.08851029 0.11006276 0.        ],4.529278264923789,0.3790569738960394,1.2036100152294236,001807.02+002244.6,46.02922270617656,0.0038224518752052,9.062948266085968,0.0456822389690672,-1.1476689122162398,0.045841881457519,67,2.544813835767204,0.291944601255232,-0.7712465200142652,0.062228966987929,-0.509951478893204,0.1354922787993087,[-0.52799491 -1.16765015 -1.38680776 -1.20318646 -1.26719471 -0.98256698],[0.8938054  0.82619523 0.86278059 0.89171201 0.88281939],"[-26.90582767 -13.40008314  -8.56058022  -3.63249143 -16.10339471
  -2.7950858 ]"
1439356,[0.09797762 0.09913368 0.06342488 0.13010903 0.15715377 0.        ],4.5261261280994365,-0.6991972168077802,0.6259326952149963,001806.27-004157.1,45.19247607930963,0.0140314931218306,7.378486910298082,0.0716848763309005,-0.2999541832952843,0.073045220882714,68,3.123610075329028,0.5614308090880895,-0.1199199043668162,0.2540561560400001,-0.9248444376034932,0.2427908591597594,[-0.88363839 -1.45797301 -1.70694015 -1.73522591 -1.30521758 -1.34034793],[0.91976205 0.91690789 0.83354482 0.84591122 0.88028208],"[-20.34466386 -10.35313874 -16.43138769 -21.47195527 -17.05199164
  -1.68578268]"
1439358,[0.09743791 0.09156732 0.06967281 0.12207274 0.10532856 0.        ],4.524642,-1.195307,2.0423226452919687,001805.91-011143.1,46.40860166801311,0.012900403399179,8.557389876162587,0.3081882845933457,-0.2627315604563094,0.3084581643731457,69,2.4626830448195283,0.2820918543869735,-0.3369625475991175,0.0890369434905101,-0.5488505312866219,0.145094373380763,[-0.67096796 -1.53847493 -1.26329691 -1.01567802 -1.52636469 -1.38990714],[0.86130591 0.87275777 0.86384626 0.85105903 0.89936566],"[-14.47495713 -12.41062719 -13.4994586  -10.97896323  -8.50283211
  -2.32497677]"
1439360,[0.15376861 0.16004216 0.10696807 0.23537383 0.21200722 0.        ],4.524414827054613,0.9417227045901752,1.0417461305062374,001805.85+005630.2,45.24669205418292,0.0088208743447282,8.999929782345173,0.09256462495462,-1.867181080469088,0.0929839643013512,70,2.606708247909075,0.3420859855763976,0.4499399286301022,0.2860385031821162,-0.9635132774342304,0.1644412528207502,[-0.98647923 -1.57248059 -1.66591994 -1.67249241 -1.04325566 -1.89604997],[0.90197552 0.88044335 0.8554626  0.88457364 0.80208019],"[-17.34086667  -8.69258778 -13.05831982 -11.94038278 -11.28832225
  -7.81426893]"
1439362,[0.12861115 0.11701796 0.0820835  0.14478447 0.13827276 0.        ],4.522984,-0.44648,1.488998369236321,001805.51-002647.3,45.99528243638187,0.0060173890568293,9.27345985080115,0.2543969650851521,-1.3921207667261086,0.2544681214132673,71,2.356876864682045,0.3052998338897514,-0.5567980402571026,0.122546882117316,-0.5282755962572954,0.1322870477014776,[-0.61321769 -1.20853882 -1.46340496 -1.48734993 -1.05304898 -1.04558707],[0.87273124 0.92922643 0.82380471 0.90300634 0.85960511],"[ -6.76106348  -7.02639452 -16.4187431   -2.76062915 -17.04839742
  -7.01966807]"
1439367,[0.10895674 0.09884947 0.08646688 0.0648457  0.10387031 0.        ],4.518046,1.008716,1.3508818004106276,001804.33+010031.3,46.02380395192898,0.005525241581477,8.853489363382268,0.091081684590811,-0.9436287637601168,0.0912491181460603,72,2.188402588889543,0.2033910819020541,0.3314639051680141,0.121760291458258,-1.0024622633463571,0.0974464290604607,[-0.97337974 -1.64308763 -1.85788791 -1.61448775 -1.76022204 -1.37363437],[0.87009887 0.85537421 0.84693192 0.83919144 0.86196134],"[ -3.11610423 -13.4286629   -9.0508288  -10.26154648 -16.10590404
  -1.62789826]"
1439373,[0.13001183 0.11992215 0.06725092 0.09891137 0.14990257 0.        ],4.512044504499386,0.7222423655371948,2.1046307807195275,001802.89+004320.0,46.3407244794986,0.0060236995675282,8.877198711395517,0.3349605181229496,-0.6504175842037512,0.3350146767795027,73,1.943371877244554,0.2026735611611959,-0.1515210771681306,0.1244316110887897,-0.8586005271907331,0.1116259820293863,[-0.91699663 -1.6542691  -1.28904952 -0.95416021 -1.41363829 -1.75472179],[0.91866519 0.85940233 0.83605437 0.80673577 0.84709137],[-7.56710554 -9.95587267 -2.79287355 -7.84443902 -7.14922871 -8.42302267]
1439380,[0.14102976 0.13830701 0.09227374 0.14101089 0.22818967 0.        ],4.504111036623726,0.722078721416412,1.5728444984287753,001800.98+004319.4,45.64305916005408,0.0112830641010361,8.594444846786258,0.0751227400573585,-1.065329039039014,0.0759653447911187,74,1.656329101497581,0.265939507889693,-0.5309464852006346,0.3123749011937002,-0.8061567066225288,0.1520448282336866,[-0.90455957 -1.43382648 -1.03153721 -1.157577   -1.44818645 -1.28295387],[0.88427058 0.85319137 0.87403683 0.85356961 0.86286915],"[ -7.2509112  -16.24874484  -3.45049465 -13.19477276  -7.1453201
 -16.01132117]"
1439385,[0.04787005 0.04430748 0.04664598 0.03192178 0.04464013 0.        ],4.500856626266284,0.7674667246934209,1.9157881017701648,001800.20+004602.8,46.79788924426285,0.001525260685792,9.364629685343594,0.0433352945157348,-0.6806837933875798,0.0433621283025302,75,2.232637458791394,0.2326732680912762,-0.4718993668657835,0.0940990511561558,-0.7200966402657629,0.1213625689596361,[-0.87237129 -1.5136104  -1.75825049 -1.54330706 -1.65179732 -1.3569672 ],[0.89840957 0.86461823 0.87318509 0.85842372 0.82666684],"[ -2.66754152 -13.38253842  -8.2697056   -6.93981114 -16.10349352
  -2.26478351]"
1439387,[0.09830923 0.09981966 0.07536684 0.06318422 0.10725208 0.        ],4.49932,-0.096724,1.8171484706677337,001759.83-000548.2,46.185075165191854,0.013680534403111,8.91279552896102,0.1189588275269681,-0.841663716075999,0.1197428898438052,76,2.44945970622875,0.3291915954800564,-0.227869498803612,0.109518051445794,-0.732805336606446,0.1484714794062063,[-0.7975635  -1.44951991 -1.72609552 -1.49832209 -1.5836145  -1.24364225],[0.88866765 0.92859005 0.85486524 0.83595943 0.87646813],"[ -3.3211114  -13.4297337   -2.63760312 -35.93998996 -16.10724918
  -2.61363868]"
1439391,[0.06829112 0.05836851 0.04651066 0.0518533  0.06337102 0.        ],4.496506,-1.095438,1.5713294670380555,001759.16-010543.5,46.23984519444803,0.0094102977169576,9.140438592885308,0.0720688308066505,-1.0145367507441063,0.0726806031686542,77,2.5286820925520006,0.3302606191714905,-0.6165060328451526,0.0654480625181232,-0.5414022463272128,0.1548930804974021,[-0.65005776 -1.29022921 -1.5716962  -1.32179581 -1.40540335 -1.09892177],[0.83511493 0.90927613 0.84396933 0.88188634 0.83337875],"[ -1.86567232 -13.4339371   -3.6706416   -3.69936635 -16.10691319
  -2.44976574]"
1439399,[0.16036538 0.16616559 0.10759381 0.14970311 0.18500986 0.        ],4.488301532902767,0.9431722557217188,1.912254331313622,001757.19+005635.4,45.86395164335987,0.0134861865531661,8.881580221618517,0.1559093493891752,-1.1315719305654852,0.156491541160226,78,2.4514786829622883,0.30195624777715,-0.2924170051396277,0.1606908656520795,-0.5824749952747581,0.1664062055126387,[-0.67975674 -1.48142172 -1.19190977 -1.03072784 -1.53272164 -1.35725653],[0.8774053  0.88504867 0.83177424 0.89844358 0.86476404],"[-14.48455026 -12.44369606 -13.50103487 -11.14690478  -8.50159393
  -8.39234349]"
1439400,[0.14209067 0.12555715 0.08838851 0.12359061 0.20583018 0.        ],4.487869472697184,0.7737162935257954,1.3569306736788445,001757.08+004625.3,45.81552699382432,0.0048973153918261,8.673629330344546,0.1944804543670759,-0.972045688827066,0.1945421055424026,79,1.820820879627773,0.2209875877768252,-0.478828837500363,0.2314126258566204,-0.717294444009274,0.1109477583109979,[-0.76279373 -0.85156851 -1.05602492 -1.14239815 -1.11909479 -1.57246298],[0.82340869 0.87757224 0.81221762 0.82933161 0.8652819 ],"[ -2.21086094 -11.46508347  -3.30411929 -10.68749195 -10.60960015
 -17.23813988]"
1439401,[0.14312161 0.09168236 0.052148   0.53642438 0.08847728 0.        ],4.487112,-0.789759,1.8123779968903748,001756.90-004723.1,46.164972212964194,0.0145390916928356,8.984743049444909,0.1293450126089231,-0.9337141887875476,0.1301595846415283,80,3.422163282649436,0.6780109455911114,-0.8446660221140266,0.1392555191465509,-0.04782214883096,0.3243857930138535,[-0.26587856 -0.93133473 -1.10007003 -0.89858563 -1.03387572 -0.7593141 ],[0.9146818  0.94515513 0.90133085 0.89315382 0.92151125],"[ -6.57613531 -13.493508    -8.20447936  -3.2624718  -16.10863329
  -2.09681191]"
1439404,[0.14833636 0.13385081 0.11255157 0.18704299 0.34049687 0.        ],4.481400994702616,0.1028845970985717,1.3297490449966716,001755.53+000610.3,45.60302904309229,0.0071605669626393,8.669792102691638,0.0430415614039924,-1.1807064119061792,0.0436331264903179,81,3.1996993894541497,0.6144899968173809,-0.680736387539074,0.0855330450438699,-0.0776369434436402,0.2851078595940357,[-0.13096176 -0.93447002 -0.35707049 -0.32493606 -0.14697846 -0.42856743],[0.86993041 0.88320223 0.88302443 0.90174752 0.89876002],"[ -2.61608665 -10.05601226 -10.44333691  -7.42583489  -7.00554731
 -11.06885757]"
1439410,[0.16073232 0.15095838 0.12385267 0.4047213  0.2353545  0.        ],4.478449130890567,0.7121289429109572,2.40708188800182,001754.82+004243.6,45.98891181869013,0.0073063595607365,9.31037090709004,0.2804202951674776,-1.4354024407067385,0.2805154627321745,82,3.3356248159709088,0.7158742905883646,-0.3183181133803653,0.5097864974558093,-0.3582482256347052,0.4369773834291181,[-0.54132616 -1.2670004  -0.90471712 -0.58816765 -1.06074883 -1.38786161],[0.96093317 0.94771522 0.893679   0.93068066 0.89424736],[-7.93452927 -2.29633414 -2.60807609 -2.61741648 -9.73938748 -8.4334293 ]
1439415,[0.08775898 0.07201519 0.05750534 0.05069992 0.06106926 0.        ],4.475703743404608,1.189833814217305,1.4626814926725145,001754.16+011123.4,46.33720205096479,0.0034987847169247,9.614006116684484,0.3341498512969678,-1.3907474180265282,0.3341681681672883,83,2.392729580716364,0.2618371544084474,-0.3548657666677764,0.0555008139766234,-0.4372132152484803,0.1214567641565527,[-0.48548204 -0.92572156 -1.03010615 -0.83945568 -1.29311216 -0.8979731 ],[0.87032119 0.82607596 0.84600814 0.89511457 0.82144367],"[ -2.68312923  -2.68777922 -11.67602671  -2.8788653  -16.39242155
  -1.92784064]"
1439426,[0.15032931 0.14489523 0.10157585 0.19051818 0.24254106 0.        ],4.465963832335348,0.6129567447206475,1.6251331235814754,001751.83+003646.6,45.79179419981058,0.0105505373527243,8.88086860500509,0.0756463313895236,-1.2030177575013423,0.0763785394670837,84,1.9567440606174125,0.2343815065068782,-0.7930026202175922,0.1625923987409133,-0.5222825026855237,0.1166839690440152,[-0.68085309 -1.37715359 -1.03511183 -0.73879557 -1.17282467 -1.53246702],[0.83295869 0.88387267 0.83148899 0.85211798 0.88746207],"[ -7.65330822 -20.36248534  -7.31098203  -3.13223103 -18.3346777
  -8.4397693 ]"
1439429,[0.12373764 0.13882848 0.09210707 0.11593564 0.18028202 0.        ],4.46480785777311,0.519649420482023,1.2022464770548935,001751.55+003110.7,45.593313153528,0.0039641218592407,8.742689258420075,0.0321703811741203,-1.2633194571989108,0.0324136959787542,85,2.458972867996243,0.2674848605587621,-0.5783973889187706,0.0746312446446619,-0.3974356358555223,0.1200890301053653,[-0.41023369 -1.20224821 -0.71871884 -0.61010714 -0.41058054 -0.68266711],[0.86629953 0.84787633 0.85284468 0.88768244 0.84896286],"[ -2.33662749 -10.05576316 -10.4472118   -7.40212045  -6.42808384
 -11.00967292]"
1439432,[0.04545006 0.03611276 0.03642895 0.04464079 0.04565817 0.        ],4.462040755023395,-0.5637758418979866,1.09219856434469,001750.88-003349.5,46.30526451951013,0.0012502461812005,8.563674193099104,0.1103923083030522,-0.372353025895805,0.1103993878968074,86,3.330883747151802,0.6321106494122652,-0.5274914789629332,0.1091806600889519,-0.7689950227610904,0.3046437569930863,[-0.75403263 -0.76726592 -1.15146921 -0.87859375 -1.18153059 -1.36014667],[0.92685323 0.90175724 0.86430942 0.89320542 0.88516652],"[-10.15421365  -3.61276213 -12.18020427 -11.72935678  -9.70762835
  -2.69002176]"
1439433,[0.07834826 0.06912422 0.06304193 0.0729778  0.10369917 0.        ],4.460853,0.761967,1.4142657090049835,001750.60+004543.0,46.09449819267239,0.007670080441926,9.091531398795544,0.0613728620130514,-1.110976558429989,0.061850289616611,87,3.1741045247221065,0.4919003968428284,-0.2235315080555852,0.0703771234254354,-0.4960902085381106,0.2449391127995581,[-0.52182415 -1.2053983  -1.39978007 -1.19142681 -1.31924388 -0.90788753],[0.92776413 0.84663425 0.89573206 0.89464953 0.85376772],"[ -1.93839613 -13.36826062 -11.53751868  -2.80968827 -16.10516124
  -1.59106585]"
1439435,[0.16209636 0.16039337 0.111841   0.4660575  0.23093389 0.        ],4.4590972345491,0.0337055949589012,0.9172027210437144,001750.18+000201.3,45.13932507575626,0.0105471432809309,8.021399082035062,0.2765064130093674,-0.9960173585856325,0.2767074965856461,88,2.9589863746536524,0.4815150143562969,-0.2461212200467595,0.1983925557984053,-0.4431302207397284,0.2193936938040068,[-0.41607752 -1.26453191 -0.97258904 -0.79142852 -1.27247868 -1.16176739],[0.9373964  0.88018355 0.88096096 0.85224733 0.88694049],"[-14.48464796 -12.47304898 -13.50830178 -11.03107878  -8.74746616
  -1.81476265]"
1439442,[0.15272304 0.13447383 0.09175239 0.18539302 0.18743934 0.        ],4.4519949790138735,-1.095718931596542,1.5730062889525267,001748.47-010544.5,45.75744468923534,0.0068174310579856,8.591614058909126,0.16127482038,-0.9481127219806212,0.161418849750677,89,2.429882013788024,0.3560933123744871,-0.1816280585488146,0.1889176165313799,-0.7262316426346983,0.1564350621024803,[-0.76882158 -0.78985143 -1.60803821 -1.3769142  -1.39144927 -1.41378402],[0.93918752 0.85830262 0.82404883 0.90832771 0.80937377],"[-15.71482584 -12.4790968  -13.23231245 -10.48325343 -13.14355973
  -6.67516376]"
1439445,[0.1173253  0.1050083  0.08294659 0.09889397 0.10529251 0.        ],4.449159673769445,-0.3044194643769866,2.510645434930713,001747.79-001815.9,46.54746794377637,0.0027671859472171,9.273067069206514,0.0678452074779461,-0.8395424777369769,0.0679016162973462,90,2.367103474704092,0.3042549203451434,-0.4194848728028388,0.1152072753561256,-0.464973697333103,0.1745356427044903,[-0.67922517 -1.35973242 -1.52724185 -1.37532754 -1.44249053 -1.15134771],[0.90963054 0.8267674  0.86198399 0.91464697 0.88373025],"[ -2.90442275 -13.46504079  -8.24284906  -6.88399437 -16.10323389
  -1.77767263]"
1439450,[0.1131219  0.10563839 0.08466401 0.07683883 0.11521502 0.        ],4.444047875995835,0.9455907733728012,1.834193688521763,001746.57+005644.1,46.28243327725088,0.0036006276988906,8.995989361641517,0.0353778335498939,-0.8274994366974795,0.0355605909190218,91,2.52917807293104,0.3457833650524449,-0.0764044198176646,0.0738209515019563,-0.5752915923826879,0.1637229693321173,[-0.59905958 -0.76894789 -0.92730995 -0.65194438 -0.70563719 -1.06816711],[0.8911855  0.82893471 0.89031022 0.87321466 0.81393946],"[ -9.6468265   -8.72640487 -14.09137919 -16.70505371 -14.7050623
  -1.29203076]"
1439460,[0.13973378 0.1109861  0.06761509 0.26317604 0.08930222 0.        ],4.435132,-0.100703,1.635996979298027,001744.43-000602.5,46.11930034317788,0.0102745443809055,8.802544958115806,0.2206024855522858,-0.7971879672447528,0.2208416240070736,92,2.4687312372245045,0.289928540705626,-0.654019743639708,0.1959843514140704,-0.6610448153827937,0.1601109274793526,[-0.7969849  -1.45942209 -1.64156534 -1.45074255 -1.56522888 -1.25308962],[0.85620282 0.87637862 0.86391506 0.82290959 0.80442917],"[ -6.47184166 -13.4750833   -8.02612825  -8.39070665 -16.10989584
  -1.89157431]"
1439467,[0.10399302 0.10548574 0.08364949 0.11919162 0.19205124 0.        ],4.432246172930547,0.365445791072022,1.7536704143893187,001743.73+002155.6,46.05077414799321,0.0047894664393695,8.69931276392154,0.0722202400731547,-0.7624819682351642,0.0723788785834511,93,2.431864306191277,0.2874646805962524,-0.5213416173031348,0.0882920329603873,-0.343384334151193,0.1275319820476999,[-0.47559336 -0.66872943 -0.79153081 -0.8466998  -0.53451812 -1.14226098],[0.91180419 0.90224308 0.86693062 0.84387923 0.86732299],"[-13.90286567  -2.73807322 -13.36871891 -22.19507952 -12.39970287
 -15.96156933]"
1439469,[0.14176699 0.08130429 0.05217039 0.34370231 0.06216597 0.        ],4.429264042394662,-0.3127189331514133,1.5070513700152055,001743.02-001845.7,46.33201321497778,0.0020018652556004,9.404511589184818,0.1045189294772769,-1.186441726513877,0.1045380987180155,94,0.7896788393240359,0.1651438976516174,-0.8028152249487875,0.1459444494906512,-0.5695968575037533,0.0687712794579016,[-0.69076966 -1.3928607  -1.51729874 -1.34729482 -1.47807189 -1.13988056],[0.82607625 0.86301685 0.78756062 0.91517938 0.83631031],"[ -5.52514925 -13.47373238  -8.19016182  -2.40177751 -16.10444899
  -2.25509346]"
1439476,[0.13375446 0.11885176 0.0995537  0.1190811  0.13850476 0.        ],4.422002757022227,1.0268109652641826,0.9447118557194024,001741.28+010136.5,45.533573751292295,0.0040355988005167,8.34957696493012,0.1286986577267545,-0.9299465659446612,0.1287619142384387,95,2.2555690252603453,0.2171764730805701,-0.453869655304419,0.1298767341481234,-0.8163296653540193,0.1003354695266959,[-0.76847002 -0.72775608 -1.68416114 -1.4234904  -1.39035041 -1.37380824],[0.87842631 0.86685856 0.88091174 0.89115741 0.80322685],"[-15.71423303 -12.48038809 -13.22202921 -10.48507325 -13.13056941
  -1.59098639]"
1439481,[0.10731931 0.09101821 0.06343773 0.08697219 0.09039785 0.        ],4.417615,-0.898069,2.088800882023741,001740.22-005353.0,46.08554334625664,0.0295252476615246,8.955375408538654,0.2061898560103444,-0.9837754145888482,0.2082930555036363,96,2.4586472241977804,0.3022305084375911,-0.5231391187105747,0.1076903655201109,-0.5880718515329211,0.144771149342104,[-0.77707544 -1.43744174 -1.6264953  -1.39282461 -1.56197313 -1.2317692 ],[0.85026697 0.87110969 0.8909085  0.85701813 0.84066081],"[ -2.66153322 -13.42685605  -3.27108708 -28.68191109 -16.10827711
  -1.87521303]"
1439483,[0.10412314 0.0985089  0.08735388 0.21832135 0.13629803 0.        ],4.414483557537153,-0.134731317707306,2.761370178459869,001739.47-000805.0,46.40036962425878,0.0042155298356938,8.312657471858207,0.1064842617105994,-0.0262311999062632,0.1065676718514909,97,2.554927172169704,0.3756286244632867,-0.6614565622864366,0.1286910284539552,-0.1614562479680283,0.2039637398927271,[-0.5478075  -1.15802376 -1.44603917 -1.19461575 -1.37467272 -0.9614103 ],[0.86567123 0.87263245 0.8972834  0.90470507 0.81282388],"[ -2.76826479 -13.46294958  -8.1602264   -8.13960128 -16.10509238
  -1.96357512]"
1439490,[0.04124798 0.04173716 0.04424196 0.04767982 0.05726382 0.        ],4.411546178037838,-0.521361538101674,0.8546143568196709,001738.77-003116.9,46.07674926241752,0.0015154947352549,8.936414132201755,0.035414691636561,-0.9736082220910732,0.0354471029564517,98,2.813624673319969,0.3612181963587735,-0.372241249548169,0.0686230632677212,-0.6012735573123545,0.1625838576184806,[-0.54424534 -1.25984183 -0.68611259 -1.34468551 -0.7496709  -0.55789517],[0.84349954 0.91571072 0.89645475 0.87531638 0.83502545],"[ -9.76598609 -11.68495861  -3.1496589   -2.75412274 -11.3850785
  -6.02629639]"
1439492,[0.1257583  0.12562333 0.07374246 0.11353696 0.12588361 0.        ],4.410068439787318,-0.8178936188097743,1.934575141731277,001738.41-004904.4,46.06033633437864,0.0092533974819417,8.715414423930847,0.1271698274519872,-0.7690214418590386,0.1275060405593673,99,2.3811854887960067,0.3021144548316261,-0.3074926411753402,0.1158030790725856,-0.5350209635778347,0.1501212715493697,[-0.6348696  -1.35857261 -0.79098795 -1.12250184 -1.07748885 -1.08244003],[0.86219745 0.92090826 0.83296707 0.86791687 0.79679832],"[ -3.31201012 -15.67404312 -10.05788734  -3.35855002  -9.23099111
 -14.02953053]"
1439496,[0.17441845 0.17184938 0.12311906 0.4847381  0.20483253 0.        ],4.404931023202494,-0.1502450127502771,2.3873696327209477,001737.18-000900.8,45.6819353437228,0.0162526911192557,0.0,-1.0,0.0,-1.0,0,2.7799266647482233,0.4805936840349905,-0.4383268984967639,0.28396641095024366,-0.17077879657973852,0.2948650574903116,[-0.39744128 -1.0287322  -0.78458194 -0.45265591 -0.86712899 -1.27943218],[0.91466469 0.89567258 0.8917745  0.86280987 0.86752635],[-7.93358039 -4.2351827  -2.57051624 -2.34083833 -7.49105439 -8.39007248]
1439501,[0.06664446 0.05998198 0.05448262 0.04907149 0.06486409 0.        ],4.39874,-1.223629,0.8051093768085018,001735.69-011325.0,45.86745368211153,0.0048514724734332,8.612276574716907,0.06247382769408535,-0.8587662449122107,0.0626619177165106,1,2.6006028533010763,0.2752345708328685,-0.27053516610147343,0.05894200479290057,-0.8259756457191072,0.1257690900789059,[-0.7787879  -1.26928173 -1.65123359 -1.50761812 -0.99110025 -0.96579898],[0.90382553 0.87593451 0.83966004 0.80306496 0.88232965],"[ -2.89430129 -14.28566839 -15.66636124 -15.40875302 -13.02607072
  -2.28963123]"
1439502,[0.09007241 0.09193021 0.09084224 0.32325184 0.21337941 0.        ],4.398247188928879,-0.7766897689236506,2.4776787478061673,001735.57-004636.0,46.11107648051011,0.0052516539986982,8.996072412437917,0.05905141193574074,-0.9989392842346447,0.0592844762254554,2,2.9415043674019943,0.5530789371515659,-0.8239498483470089,0.24273328049842852,0.03166092337915399,0.29834844584167725,[-0.39197111 -1.07720139 -0.68703919 -0.42412304 -0.86723349 -1.22396349],[0.91302954 0.92004652 0.87636667 0.92874273 0.86829488],"[ -7.7889502  -12.79981147  -4.0297934   -8.82378754  -8.27219642
  -8.5047326 ]"
1439510,[0.0645119  0.06676307 0.03670099 0.04440599 0.05519853 0.        ],4.394941284387295,-0.3189918579653212,2.100208142557292,001734.78-001908.3,46.588348689368864,0.003044497666341,9.31950828945659,0.050368434580748356,-0.8451029523945621,0.050460362346652674,3,1.8898713489106074,0.16063068539470082,-0.25640492464585285,0.08397887095427384,-0.5868759308756091,0.08685832796980575,[-0.68215116 -1.52573738 -1.04203262 -0.99977968 -0.93324783 -1.5654295 ],[0.94139951 0.85514304 0.8038811  0.80567036 0.84883458],"[-17.29104212 -12.50252098 -14.92379212  -9.98489012 -14.67246298
  -3.22938385]"
1439512,[0.16613402 0.14806276 0.09757117 0.36603724 0.15124267 0.        ],4.392771458845248,-1.1056343735952012,1.1342226625818153,001734.26-010620.2,45.437375864147214,0.0066621002004687,8.635249886781187,0.07163269355665987,-1.3118173749408086,0.0719418262574938,4,1.9030974735776651,0.17931228816098488,0.07401296471660773,0.24182370692668542,-0.8413068069316976,0.10271752449950022,[-0.84094517 -0.8839467  -1.73349707 -1.4776603  -1.4479313  -1.44845663],[0.83749451 0.86247811 0.85664369 0.87731021 0.87511513],"[-15.70657714 -12.47397611 -13.232938   -10.6457375  -13.13978311
  -6.15230581]"
1439517,[0.0782893  0.07307878 0.07177545 0.10409639 0.1025191  0.        ],4.39037987893397,1.2287145490956888,2.567339139197516,001733.69+011343.3,46.81169842461842,0.0027440297634022,9.493472810454296,0.043525256272129456,-0.7957177381427059,0.04361166854062089,5,2.9424416178892976,0.4857394690451087,-0.06316365779881276,0.060866598491207964,-0.6034387040411868,0.22830038212688278,[-0.63744255 -1.24757774 -1.49838319 -1.32799276 -1.42741042 -1.0570836 ],[0.90390234 0.92479073 0.86071561 0.89533711 0.87475227],"[ -6.05077033 -13.42759081  -8.16510431  -2.8884981  -16.10090453
  -2.17743964]"
1439518,[0.13728102 0.16081369 0.10424382 0.45622071 0.2528595  0.        ],4.3878674598551015,0.265401948446881,1.8799659151431773,001733.08+001555.4,46.08017033717963,0.0057700985962867,9.256761395193672,0.10820592026491384,-1.2905344103208733,0.10835965678326857,6,3.3691120290029635,0.6008743150131599,-0.3386294186492405,0.2291325945788109,-0.258163166801627,0.2991281191089151,[-0.37085943 -0.98808021 -0.70191843 -0.46259941 -0.79901848 -1.20959139],[0.86761349 0.91314115 0.8662683  0.88153092 0.8826084 ],"[ -7.93382843  -6.68267782 -11.41856001  -3.78166113  -9.1255717
  -8.45057036]"
1439527,[0.12167835 0.11769123 0.09005887 0.09467729 0.11945265 0.        ],4.382121178541468,0.8194940356117211,2.4299322844766107,001731.70+004910.1,46.32253954096296,0.0045876161873721,8.757283370655301,0.06971477056700562,-0.5486871819991777,0.06986555272444978,7,2.6028856354829997,0.3499531723756619,-0.2678948855854488,0.09595662088826046,-0.44052639719665154,0.17426901403437062,[-0.57276257 -1.21307252 -1.49559248 -1.26848754 -1.32963039 -1.00177713],[0.90941824 0.89692386 0.8713169  0.88883572 0.85385794],"[ -2.71367511 -13.46797254  -2.75944152  -2.96458948 -16.10697751
  -1.64285539]"
1439530,[0.06127992 0.04670144 0.03618479 0.04641933 0.0701961  0.        ],4.380306095392603,-0.8164824638174981,1.3579096463685376,001731.27-004859.3,46.13965406414532,0.003824157951211,9.126583561739976,0.058101822427744525,-1.1008728499014921,0.0582275360414724,8,2.84992132556437,0.39580477952571735,-0.3334360973621191,0.031407449023813205,-0.3985209684654767,0.19476544744613355,[-0.42965105 -0.82664651 -0.91168912 -0.82955094 -1.26603521 -0.9174322 ],[0.87683657 0.88272359 0.90131588 0.90868246 0.86573144],"[ -7.3184044   -2.64532322 -11.74638339  -8.5463156  -16.39376328
  -1.70666261]"
1439531,[0.15750338 0.15591111 0.1087266  0.12467966 0.17796289 0.        ],4.379728514926768,0.972798536301652,2.1155330641475683,001731.13+005822.0,46.13534129030171,0.0067040129030679,8.7752064139405,0.082658940714016,-0.7538084759456254,0.08293035794549372,9,1.8522400691759697,0.21684490734525041,-0.6253939931743534,0.13616311999581748,-0.560492752516932,0.10988777349547613,[-0.79440552 -1.64837653 -1.36193244 -1.13225534 -1.65708826 -1.47397646],[0.88271381 0.86946903 0.84483727 0.93342256 0.87557684],"[-14.48687881 -12.46098988 -13.5149422  -11.03441138  -8.51636992
 -29.86359499]"
1439536,[0.11728989 0.09638067 0.07189107 0.30515875 0.09854444 0.        ],4.373620052514013,0.3737962117682591,2.652972468701123,001729.66+002225.6,46.480678779421126,0.0040731857900979,9.144724897050803,0.05116499657737858,-0.7779894699365144,0.051326871298023,10,2.0066003261379044,0.22641208538862234,0.026075532330750863,0.10742279720815495,-0.9235074175772663,0.13525114403723104,[-0.92163237 -1.46407357 -1.05367992 -1.20257808 -1.51015691 -1.23685361],[0.92999838 0.91278913 0.85754362 0.88354844 0.84324812],"[ -6.47589201 -16.24188973  -2.89909148 -13.09789999  -7.34241579
 -16.01146684]"
1439541,[0.15048757 0.12683935 0.09867246 0.16720038 0.18263418 0.        ],4.370486142604932,-1.0004078353542596,0.9112321742723942,001728.91-010001.4,45.0543284096934,0.0094178044062793,8.13507419543297,0.10027895860006124,-1.1946891380464066,0.10072022923796257,11,2.1344405023071813,0.24631609691646872,-0.6887732462813629,0.11026431498174138,-0.6889430199929645,0.09059920133467975,[-0.60584798 -1.18824999 -1.49910529 -1.42409428 -1.05559861 -1.04897161],[0.91857099 0.88399821 0.87995662 0.85781842 0.84042814],"[-20.98040767 -10.30675305 -16.41968821  -3.12830424 -17.05034219
  -7.22326557]"
1439557,[0.13504229 0.11688477 0.09598043 0.12833753 0.15677497 0.        ],4.354127984688603,1.1749877241220508,2.025459091125688,001724.99+011029.9,46.11874422100903,0.0067906202508858,8.27227078583721,0.08417754831623775,-0.2674699171350099,0.08445100451696405,12,2.614996499956023,0.376992667526874,-0.2295163063631453,0.1598120930007752,-0.6949522349580088,0.19935338247601536,[-0.7820861  -0.99747666 -1.5872625  -1.58879917 -1.19498208 -1.2418185 ],[0.89406175 0.84518199 0.8676995  0.86652678 0.84708611],"[-15.75018264  -3.10233371 -17.31146942  -8.54745328 -13.74758704
 -10.31471941]"
1439562,[0.13235766 0.11899828 0.10138818 0.18659754 0.17508407 0.        ],4.350910668215477,-0.0105809663495397,0.8587843495348294,001724.21-000038.0,45.13420641870966,0.0103515609599895,8.5341977122217,0.06592499573342755,-1.5139346458188712,0.06673274965682756,13,2.0256701192660342,0.179457419792315,-0.5230283963323907,0.08931235324169157,-0.6176656753426939,0.07142490977691268,[-0.5416379  -1.24383029 -1.44830727 -1.13857077 -1.2812701  -0.96241477],[0.87236191 0.85704635 0.89787908 0.85192067 0.86909669],"[ -6.26916749 -13.46641305  -8.2245599   -2.72389606 -16.10440875
  -4.23035243]"
1439563,[0.16045138 0.14761325 0.10224165 0.28586069 0.20937756 0.        ],4.349635411095392,-1.000966422763916,1.859128519917937,001723.91-010003.4,45.918488355177914,0.0164935991314543,9.014111908107331,0.07184286964836784,-1.209566905236251,0.07371184932981592,14,2.2918884540570144,0.2718264335862002,-0.5684191894816709,0.15183249194138732,-0.4425692039544199,0.13569615855714418,[-0.60781876 -0.64574043 -0.87215816 -1.07121758 -0.94738693 -1.4130614 ],[0.85844839 0.82302279 0.80862343 0.86759204 0.87889909],"[ -9.11630566 -11.50314982  -2.68061528 -10.68066524 -10.59742946
 -17.23200193]"
1439567,[0.13725089 0.11782911 0.07782825 0.11665844 0.14789598 0.        ],4.346602828049242,-0.4941511607165723,1.8441511924005465,001723.18-002938.9,45.919116480562465,0.0068938355588166,8.974978871964847,0.07048164334625624,-1.1698057437092189,0.07081798512737333,15,2.8611822815141776,0.46923836335227564,-0.3684517458178145,0.09265910823126228,-0.43281467016118014,0.2219144001625856,[-0.54109907 -1.2591208  -0.72923771 -1.00978203 -1.03316415 -1.00377997],[0.91835981 0.90800458 0.8704112  0.8652815  0.85405665],"[ -6.68183936 -15.67711565 -10.06482007  -7.29660809  -9.23753406
 -14.03263917]"
1439577,[0.13794817 0.12916135 0.0770685  0.09095716 0.1326541  0.        ],4.34032575524869,0.115779869311568,1.611167340691524,001721.67+000656.8,46.06308387874272,0.004452468368747,8.51125935387357,0.382011551830222,-0.5621188274376863,0.38203749842955087,16,2.7132429795078545,0.42910858991960965,-0.6535014122347561,0.0893649489619312,-0.23230457689091277,0.18612111406541978,[-0.36199592 -0.60285614 -0.62336081 -1.15120052 -0.78961031 -0.77604428],[0.85110849 0.86569799 0.83932083 0.89539857 0.8790258 ],"[ -2.61208704 -16.89988288  -3.34958031  -6.19157505 -15.49458123
  -1.74885971]"
1439582,[0.08248428 0.07337463 0.05642522 0.05111634 0.0848461  0.        ],4.337216802796391,-0.207036240158511,1.316739172032711,001720.93-001225.3,46.03470635404,0.0038540014148082,8.442537777306867,0.06823151415165771,-0.5217747755737037,0.06834027253628135,17,2.5873910363492554,0.3076770520088108,-0.4726832775376101,0.056099633657484826,-0.5558254349233209,0.14149251299617785,[-0.5916712  -1.34194382 -0.62024833 -0.64324041 -0.66996922 -1.35329091],[0.90389096 0.85672252 0.87483113 0.88521445 0.84965772],"[ -2.38623595  -3.03654589 -10.1161219   -8.51145762  -9.7581086
  -2.85481083]"
1439583,[0.11275197 0.10430373 0.07304301 0.08950106 0.13265278 0.        ],4.335054467941973,0.6281418843012514,1.3472604057461524,001720.41+003741.3,45.926078053712,0.0034112369554009,8.888210007940078,0.10512933485838379,-1.0760753065349107,0.10518466421171901,18,1.6391894661709214,0.14346605624808895,-0.44338554991463486,0.10191591113614967,-0.6450218840910602,0.06585211301424232,[-0.68548519 -0.82088535 -0.93537575 -1.08976904 -1.06974682 -1.50001247],[0.87411475 0.82207637 0.8558668  0.86838374 0.79797121],"[ -2.28191506 -11.46456     -2.91227805 -10.65133062 -10.36781052
 -17.24238602]"
1439584,[0.14539149 0.14857357 0.09677016 0.30359261 0.19346487 0.        ],4.3344749694225655,-0.2829761981988039,1.1509431296826795,001720.27-001658.7,45.41134526651504,0.007261559860392452,8.342939245745137,0.19421010193066696,-1.0455373315369272,0.19434581020316882,19,2.997093987288201,0.5196221501903548,-0.8751116662464133,0.3849690136682228,-0.5952837344030969,0.246302273819195,[-0.594969   -1.19522261 -1.48177817 -1.27973215 -1.33471339 -1.08836386],[0.83249898 0.92197418 0.85302351 0.88861222 0.8804298 ],"[ -7.27760611 -13.48497519  -8.60537805  -7.68213441 -16.10836853
  -1.46901878]"
1439598,[0.12728201 0.13283058 0.12259635 0.37918983 0.27436631 0.        ],4.324358709450848,0.7386291663094698,2.7100766185968186,001717.84+004419.0,45.984608856972585,0.0143435201975066,8.581077183740664,0.28289578274586136,-0.7104116790749089,0.2832591754331179,20,2.4153651564769163,0.48341323984275153,0.42322599793998594,0.4276008525066254,-1.0633750450296229,0.39217065373222026,[-0.85774627 -1.30616229 -1.53581758 -1.09607345 -1.50647426 -1.63530106],[0.93979354 0.8896899  0.82821449 0.91727342 0.92732377],"[ -7.7539709   -2.44832845 -16.36837572  -9.37790182 -12.61546519
 -13.77334042]"
1439604,[0.16096262 0.14315945 0.13452169 0.28849031 0.32703232 0.        ],4.320527372827655,-0.1455768297546721,1.1121032805858693,001716.92-000844.0,45.31964785248819,0.0124928482755457,8.80477808628881,0.2785340650386869,-1.5990735861074512,0.2788140897533897,21,1.1865545029244609,0.1223022466638849,-0.03436436924452889,0.12430117290129974,-0.42113475194410155,0.0544918573227956,[-0.41981719 -1.08245056 -0.60605793 -0.77968659 -0.47473265 -0.9197843 ],[0.90822007 0.842271   0.85847095 0.90133839 0.82967123],"[ -6.46648868 -10.58267056 -10.02136082 -16.05896431 -16.11004154
 -17.05930498]"
1439607,[0.10960604 0.07988454 0.06676056 0.10344146 0.13229709 0.        ],4.320115,-1.123764,1.1650430363655118,001716.82-010725.5,45.78303354561141,0.0078983539322159,8.479638231631146,0.09334322870338334,-0.8105480383265657,0.09367679723181552,22,2.760984431125662,0.34657024972957107,-0.18881273115050662,0.06332641551019816,-0.5044675913932002,0.17199665658497554,[-0.50582808 -1.08166254 -1.106951   -1.25599566 -1.22318732 -0.92318246],[0.87769879 0.83792294 0.9267334  0.839022   0.89477034],"[ -2.31078345  -6.83233125  -3.93863761 -12.60137838 -35.51322409
  -2.07241689]"
1439608,[0.12283708 0.10693795 0.08629804 0.21892924 0.24755137 0.        ],4.319036730612215,-0.7876554210722316,1.375204982980634,001716.56-004715.5,45.52596621261746,0.0098466005286255,8.718965202320305,0.14274741545517922,-1.3069423420096768,0.1430866176869936,23,2.0009666916171236,0.3205205807193212,-0.565498524372562,0.21649919963042955,-0.6721575882960867,0.14272319327478517,[-0.72891956 -1.23258517 -1.46952975 -0.98703786 -1.34278888 -1.56832662],[0.88528445 0.80298093 0.8616194  0.86072424 0.85321612],"[ -6.7192045   -7.93513123 -16.37193455  -7.29524296 -12.60920104
 -13.76820373]"
1439610,[0.09825196 0.09569851 0.06261153 0.0486244  0.0715404  0.        ],4.316320900193546,0.6522898639943288,0.8121140808309739,001715.91+003908.2,45.30689199326841,0.0040646907434087,8.737585701729222,0.019591418605180853,-1.5446370607676485,0.020008632981865074,24,-1.0145889812454356,0.08250673321124741,-0.3563385509634558,0.054953818630188944,-0.5114094378141534,0.019289337357667163,[-0.45119627 -0.47873449  0.14365365 -1.09278482 -0.30666976 -1.22778416],[0.56960161 0.8490607  0.75413828 0.80133435 0.67186213],"[ -6.89996137 -14.14407675 -15.39381605 -10.80129373  -6.34906539
 -10.47566565]"
1439611,[0.10052432 0.08462465 0.05430604 0.08350521 0.0697351  0.        ],4.316062,-1.166548,1.8996572117372283,001715.85-010959.5,46.44881031181664,0.0108368296746341,9.583325643580029,0.1272904281503114,-1.248458684070215,0.12775089031426207,25,2.6032470485725385,0.37913821590481844,-0.51860576040511,0.06736624411032391,-0.5708803754238251,0.18272292266540063,[-0.72752555 -1.4285292  -1.579567   -1.41169294 -1.51572044 -1.1623887 ],[0.93354685 0.87938067 0.84243818 0.87406602 0.86396585],"[ -2.93559055 -13.45113704  -3.16932543 -14.97247468 -16.11375
  -2.15377361]"
1439620,[0.16320679 0.16330986 0.11621358 0.67993905 0.27794132 0.        ],4.310093683484979,-0.5186343398575743,3.032432480755245,001714.42-003107.0,46.22844573760698,0.017366373152921,7.584485578919144,0.4586007081298123,0.5300168063810062,0.45892940678676475,26,2.800811301255979,0.5156465959272376,-0.21134825833337384,0.2461184401527068,-0.347260498590313,0.3370707014846478,[-0.50634433 -1.29089902 -0.72800061 -0.67533661 -0.50432773 -0.75318517],[0.89071096 0.82582242 0.87693749 0.85538306 0.89347152],"[ -7.72611409 -10.36616982 -10.56883094  -7.89179274  -8.94762186
 -11.0091971 ]"
1439623,[0.1253761  0.11111101 0.07122904 0.59606881 0.15459682 0.        ],4.305835818243814,-0.4135122711104897,3.1815416703784263,001713.40-002448.6,46.608350325391385,0.0053245126795822,8.977275844571956,0.03865194959505034,-0.48286887148740476,0.0390169660887843,27,2.0623622603012404,0.2855655524078965,-0.17166111509965626,0.18397942371910114,-0.7598243140938579,0.1957130439061357,[-0.89255705 -1.70437494 -1.66849424 -1.20960261 -1.17590936 -1.54705497],[0.86570385 0.87195219 0.84141212 0.82121737 0.82224872],"[-12.80017055 -13.7818267  -11.14157687  -8.42001084  -8.04525756
  -2.28777144]"
1439624,[0.15027131 0.13837642 0.1266074  0.29330772 0.328818   0.        ],4.30494843351164,0.6480142039978987,1.447664021159148,001713.18+003852.8,45.45236623720396,0.0110495268561265,8.542818021586617,0.09938538796356905,-1.2043951366894916,0.09999773689645879,28,2.34871150975367,0.2692142412840024,-0.6249771283257175,0.12593057504646976,-0.28213731246865725,0.12302038278850005,[-0.36221953 -1.13417032 -0.55363399 -0.57090721 -0.37939462 -0.54737252],[0.85003481 0.85898094 0.86013035 0.8481779  0.86880446],"[ -7.24608614 -10.36500356 -10.63520787  -7.7195148   -6.86112006
 -11.05938322]"
1439625,[0.18382814 0.17034879 0.12012024 0.60739262 0.18181556 0.        ],4.302589679124424,0.9791111687810516,2.8461903842031155,001712.62+005844.8,46.16714587345468,0.0132314333903238,7.955387886997714,0.6038129637888989,0.09781463415013292,0.6039579174653618,29,2.8868675730817532,0.526245393695532,0.10454305848720494,0.47248703325899094,-0.9309480268177274,0.4795880845308189,[-0.90202928 -1.6644037  -1.16803833 -1.05917734 -0.93132843 -1.16661329],[0.89843571 0.90061539 0.80362763 0.88532565 0.87054226],"[ -6.89936771 -10.36618678 -10.65329843  -8.41071739  -9.47848789
 -10.97520578]"
1439631,[0.14055594 0.11603117 0.06445809 0.30310602 0.11741013 0.        ],4.299870701759181,0.169193588444208,2.9363567390516234,001711.96+001009.0,46.57824492155564,0.0038629840705368,9.28873883870182,0.15859989275703462,-0.8244372694530142,0.15864693072502886,30,2.919459233018365,0.61449696837204,0.14238922913495056,0.17211134998247693,-0.835194084726793,0.28170415824811446,[-0.76646359 -1.1400929  -1.00296642 -1.52121351 -1.42264487 -1.58608867],[0.95726236 0.89749093 0.82857556 0.95107763 0.8733715 ],"[-12.00235064 -15.92207652  -3.45176111  -9.87227339 -11.23293805
  -2.02261121]"
1439632,[0.13191663 0.11099957 0.07965688 0.16175532 0.09967677 0.        ],4.299627,-0.26686,0.6223049761753183,001711.91-001600.6,45.42127265994957,0.0384786931339462,8.023635955918515,0.15863542731457841,-0.7163066482757756,0.1632354392421428,31,2.311467281385509,0.20499100551764848,-0.22944619479750705,0.15778501777554232,-0.9718977601898579,0.08517767912382446,[-0.90791427 -1.56279773 -1.76923013 -1.50985011 -1.70603569 -1.33786469],[0.90633105 0.9108179  0.85522188 0.80580168 0.78875471],"[ -5.88056453 -13.47790612  -8.26677443  -2.88739362 -16.10587213
  -1.78487456]"
1439634,[0.05918376 0.05531987 0.04168942 0.04666027 0.06974703 0.        ],4.298180461058228,-0.4127011801139053,0.7774275618991056,001711.56-002445.7,45.51513349705718,0.0041573705384863,8.39898261291341,0.11705418046216305,-0.9977924681630697,0.1171279850994753,32,2.5071614394083706,0.25965147464102367,-0.013079666542747868,0.08786144619297495,-0.8073924539985065,0.11792566411862421,[-0.80394035 -1.49167648 -1.65359706 -1.47444954 -1.57020199 -1.23339604],[0.87517445 0.8798912  0.90202936 0.85424543 0.78307012],"[ -2.31668128 -13.3845086   -7.93893984  -8.12342057 -16.10914537
  -1.86999223]"
1439636,[0.17702017 0.13809452 0.1561259  0.38017154 0.30785324 0.        ],4.2974837706218345,-1.1018372922174298,1.0956485347764524,001711.39-010606.6,45.398067498649084,0.009968034769674,8.609561368098191,0.07204794371715914,-1.3254372217559407,0.0727342279194628,33,3.3692808754793044,0.5763535008183978,-0.6592115559239373,0.07886778872291267,0.03549954751615375,0.2730448748612036,[ 0.05470794 -0.77013099 -0.35385928 -0.18794294 -0.4220288  -0.13343652],[0.93631205 0.9310552  0.87563873 0.89120692 0.89900006],"[ -9.66870843 -13.31953432  -2.49971365 -10.87128798 -13.37808166
 -14.8331293 ]"
1439642,[0.13422346 0.12921864 0.08664974 0.12001583 0.1865384  0.        ],4.290894,-0.312652,1.2913473814178578,001709.81-001845.5,45.66893134930555,0.0149128645809284,8.621657734469906,0.14599435771106856,-1.0666697374711873,0.14675403235848938,34,2.081149373659347,0.20813152154154158,-0.5630232530234154,0.0809252438768705,-0.6707366577727414,0.08824974323898827,[-0.70596961 -0.98689537 -1.48009707 -1.16990411 -1.33076    -0.8445805 ],[0.87643775 0.90371825 0.85314407 0.84909487 0.86229727],"[-15.58775297 -10.33157452 -14.41775294 -13.93693943  -9.83082373
 -12.96298261]"
1439643,[0.12042413 0.11218865 0.09113657 0.12437244 0.13156562 0.        ],4.290335076398776,0.9542469154496424,1.5403386015236038,001709.68+005715.2,46.02990622015849,0.0040950438556741,8.550979300659632,0.17319415422979703,-0.6350164328079799,0.17324255956188886,35,2.6946393242094757,0.4556660008849054,-0.9761198132137778,0.14022839123953146,-0.40598515753426656,0.2186876368184159,[-0.57339995 -1.284315   -0.68761554 -1.32280078 -0.79391118 -0.49774049],[0.88311489 0.88066467 0.85386452 0.83865092 0.8408017 ],"[ -9.77138518 -11.79824312  -7.96651027  -3.11543576 -11.42451383
  -1.6774593 ]"
1439645,[0.17231651 0.16311046 0.10648781 0.20131777 0.20335439 0.        ],4.289011293676538,1.072994175786552,1.838033682556838,001709.36+010422.7,45.79603970692516,0.0130316954426525,8.813479124784637,0.15737595143798533,-1.1313827701663115,0.15791458190148613,36,2.3056161413026626,0.32890207926263093,-0.37818269487015094,0.1927794005738135,-0.4853097921263213,0.16050359108642306,[-0.59507005 -0.57345115 -1.46384175 -1.19788554 -1.21488902 -1.19588   ],[0.9051887  0.90499488 0.85100392 0.8639927  0.82212493],"[-15.71280518 -12.47280377 -13.22788759 -10.66404115 -13.14064689
  -7.41417809]"
1439653,[0.14788568 0.13966871 0.09832827 0.20959339 0.18927871 0.        ],4.285667135808865,0.740848920093348,0.5659567218263027,001708.56+004427.0,44.858166222758626,0.0149180860160242,8.327576778761093,0.09080641061004269,-1.5833539083092987,0.09202365727497017,37,3.230516783399958,0.5316484213690136,-0.6257638895695106,0.10932444454286466,-0.6474574558176234,0.23435481725893859,[-0.44503864 -1.09821793 -1.31266837 -1.10035506 -1.16346568 -0.91082097],[0.88535065 0.91444563 0.89217711 0.89436011 0.86418056],"[-21.40625969 -13.48719264  -7.08931142  -3.27335027 -16.10261697
  -2.37455665]"
1439654,[0.07043105 0.07303309 0.06187362 0.09534505 0.12671134 0.        ],4.284405,-0.645686,2.103148130044064,001708.25-003844.4,46.30545263580754,0.0133118566551537,9.04577888614857,0.18036853847430168,-0.8542696026478609,0.18085910316863513,38,2.382592907250073,0.3201858760288132,-0.34858540191682275,0.11304200005796326,-0.5243810939126212,0.16380456912499405,[-0.65541861 -1.43661191 -0.87645067 -0.88710603 -0.70495846 -0.90886892],[0.84298842 0.89954381 0.84338204 0.8862855  0.80141342],"[ -5.98647739 -10.24656419 -10.62092955  -7.50749637  -7.04397183
 -10.9633713 ]"
1439658,[0.18939837 0.16634032 0.12217563 0.29784796 0.19192735 0.        ],4.2819876646491934,0.9047021367352124,2.2713875404245845,001707.67+005416.9,45.710496016099846,0.0189704050966383,8.936388450207449,0.10792425058647435,-1.339835786414433,0.1095788306845016,39,2.8611131131219514,0.4920034969681568,-0.3021974339929787,0.19331495877560387,-0.35744650252875054,0.26335208242670183,[-0.49550468 -0.47508028 -1.30542337 -1.09991282 -1.09782389 -1.13304082],[0.84598342 0.87477557 0.82116984 0.91472631 0.86687267],"[-15.71594917 -12.47878899 -13.23840115 -10.56636754 -13.15033176
  -1.47032775]"
1439663,[0.14084215 0.12146046 0.09056233 0.12378684 0.18810564 0.        ],4.278563436702887,-0.4127429638590418,1.2981712759994337,001706.85-002445.8,45.84319778575091,0.0056969824927044,9.098399684151255,0.05365019022826612,-1.3691452507071773,0.05395181666127029,40,2.2489501772766456,0.21695953104270616,-0.3409584181825801,0.09816949450966196,-0.6556179079136735,0.10067593703339295,[-0.67804294 -1.20131484 -0.80345636 -0.91432634 -1.26376394 -1.0901449 ],[0.8741685  0.88338258 0.87502707 0.96793743 0.81240606],"[ -2.45672172 -16.23806965  -3.31733413 -13.12982372  -7.14414674
 -16.00796383]"
1439665,[0.13814678 0.14502732 0.09709682 0.22435947 0.21259683 0.        ],4.274753243093494,0.1122015985002885,0.9238533328670688,001705.94+000643.9,45.09833411883322,0.0093413650859979,8.318512353733864,0.18346771782742552,-1.334121587207477,0.1837053744082457,41,2.213614243969202,0.21765657981906195,-0.2799018471829967,0.2553685537708102,-0.676769040143764,0.10116448239195003,[-0.64596665 -1.20374542 -1.51361301 -1.51814505 -1.10565994 -1.08795184],[0.84428942 0.85451477 0.80858355 0.83055678 0.82367946],"[ -5.18870604  -6.47341369 -16.4275946   -2.46657495 -17.0546813
  -7.08416138]"
1439672,[0.13926903 0.13555879 0.110524   0.34960672 0.23185971 0.        ],4.268703186028176,-0.9378928668694362,2.6543325029699165,001704.48-005616.4,45.742744589457544,0.011794619638632,8.42118581277151,0.1670439953231409,-0.792384575620801,0.16745987407715773,42,2.5794449821939467,0.392916605453586,-0.08323172954769073,0.14553527881774395,-0.4817132389766122,0.20183969003820368,[-0.54040704 -1.40660613 -1.01807124 -0.9478626  -1.42212323 -1.25547282],[0.87509618 0.89779155 0.86789323 0.88068233 0.82309833],"[-14.48304155 -12.47001607 -13.50323727 -11.06956643  -8.6632309
  -7.64845599]"
1439690,[0.14470369 0.13264173 0.11417906 0.26591013 0.23091419 0.        ],4.252061637656512,0.1848719096233956,2.410701417221725,001700.49+001105.5,46.24516830290865,0.0036505764190586,9.23837028205054,0.06247702210853749,-1.10714533144872,0.06258358410751232,43,2.3336877801095395,0.29294158450074637,-0.07941396291705918,0.08989445531552362,-0.602600394183212,0.14188102645503267,[-0.64097175 -1.38410581 -0.92456041 -0.86212461 -0.69005768 -0.85580558],[0.9152946  0.89655322 0.83728187 0.87726721 0.83999641],"[ -2.46675216 -10.31459994 -10.44014623  -7.35089558  -6.56599669
 -10.99507553]"
1439700,[0.15045965 0.15088724 0.0897975  0.2001141  0.14782911 0.        ],4.243610063130063,-0.108301651963328,0.8281225913413467,001658.46-000629.8,45.15901811344049,0.0079823470771032,8.416525384859082,0.04875326580149108,-1.3714506237254298,0.04940241685555655,44,2.1999481414392132,0.203564316564665,-0.7988805958776817,0.11993161524864326,-0.5833103630743892,0.07932168589093527,[-0.45174965 -1.14836682 -0.61904674 -1.21681426 -0.62330494 -0.43890277],[0.82438046 0.87341864 0.89977209 0.83538611 0.7616931 ],"[ -9.76183383 -11.88084506  -2.90023414  -2.37310169 -11.41607881
  -6.32615443]"
1439702,[0.17614368 0.15802183 0.1185824  0.26497741 0.25197177 0.        ],4.242850694165117,-1.1212415059506442,2.2355944323079857,001658.28-010716.4,45.942227092194074,0.0116572400434762,8.413187585856074,0.18975132842645503,-0.5849038459688316,0.19010906839242472,45,2.072274274344389,0.25311149261616683,-0.1454920760673809,0.22997414932074994,-0.7299643120722668,0.18398339092313115,[-0.78912945 -0.85402259 -1.11187431 -1.2047328  -1.17507987 -1.5890201 ],[0.87001174 0.86698814 0.84580812 0.88982648 0.87202615],"[ -7.71838562 -11.48736909  -6.8286374  -10.68259498 -10.47020416
 -17.23789071]"
1439704,[0.11827934 0.12011223 0.10197085 0.32477081 0.27282936 0.        ],4.241848558771276,-0.7218484204858867,2.2497712637755782,001658.04-004318.6,45.98426857950079,0.0077803642392879,8.304369787524598,0.3154607536329807,-0.43404456033064065,0.3155566845281274,46,2.8803182825229503,0.5625187655750787,-0.48841993781603477,0.18242842181526533,-0.20921843878166857,0.2805266552685683,[-0.42827778 -0.49653352 -0.90700706 -0.45650134 -0.68324115 -1.01174569],[0.90580627 0.89003718 0.8769547  0.8960614  0.92053719],"[-14.9720199   -9.72504118  -9.71070762 -14.39440082 -16.92780822
 -16.54361873]"
1439706,[0.08278697 0.06765327 0.0448167  0.09254655 0.04811464 0.        ],4.240678308006437,0.9374033080271476,1.8718535673652401,001657.76+005614.6,46.80357069078497,0.0017724996288386,9.704882977210367,0.01848221587491359,-1.0152556387322278,0.018567015338528184,47,2.916445259275809,0.41893206279537765,-0.8443393975581295,0.08830290723542861,-0.37301029200518804,0.20467074731293178,[-0.61478393 -0.60535611 -0.96357396 -0.740462   -0.9605932  -1.18719653],[0.83683995 0.89043964 0.81632837 0.87607155 0.88542803],"[-10.1484511  -12.89835576 -12.18567114 -11.72478108 -34.40904397
  -3.16843558]"
1439710,[0.07331137 0.07458116 0.06149786 0.04830788 0.06733285 0.        ],4.237507,0.925594,1.753324929412122,001657.00+005532.1,46.607388918712964,0.0041612208599168,8.774521137541585,0.16637742677837503,-0.2810755711354531,0.16642945622827274,48,2.9921888300853703,0.510607873584594,-0.4513195298409635,0.04569494862295423,-0.3681853491533508,0.24339387232191304,[-0.48143584 -1.13563903 -1.35314341 -1.15546762 -1.26063531 -0.91588918],[0.88812735 0.92040001 0.90974336 0.86378695 0.85257909],"[ -2.69001479 -13.38435869  -8.18459845  -3.47965271 -16.10094248
  -2.49887418]"
1439714,[0.18310445 0.16810427 0.11752613 0.20025231 0.23020952 0.        ],4.233110128273552,0.8607838464991596,1.2434539454801958,001655.94+005138.8,45.404977841898614,0.0097100701290457,8.631558779913941,0.3899565067107492,-1.3405242903221648,0.3900773802567403,49,2.243664208689278,0.26129249805861887,-0.6845710001210681,0.2280981134442534,-0.665601357422069,0.12016647305549893,[-0.69456397 -1.4523908  -0.9756813  -0.90296172 -0.69931493 -0.97853467],[0.89150904 0.88637518 0.8227185  0.84226748 0.83573718],"[ -2.83431378 -10.17175839 -10.66093195  -7.69413131  -8.61457702
 -11.02756953]"
1439724,[0.1294338  0.13931186 0.10719736 0.08768142 0.25306629 0.        ],4.224188518974756,0.7139180933342447,1.9214033394447985,001653.80+004250.1,46.09083118899123,0.0100172942818623,8.837364472110147,0.03805324915827357,-0.8604766354257478,0.03934966272067753,50,2.661870364763807,0.34715877259383054,0.17433041184547543,0.08815093773788513,-0.5184785399971318,0.16647967330808103,[-0.46680444 -1.25806635 -0.74011392 -0.66213749 -0.52555665 -0.71693946],[0.84668757 0.90569981 0.88447885 0.86429819 0.83526117],"[ -1.98388855 -10.06822173 -10.4292362   -7.30648449  -6.51043605
 -11.10272531]"
1439729,[0.16991923 0.17138825 0.15124323 0.28052679 0.36671359 0.        ],4.218580317572776,-1.0731634174973428,1.9531665485582397,001652.45-010423.3,45.64002466624493,0.0215115430967358,9.055005522716053,0.11093585331049188,-1.5289242087779513,0.11300225677449852,51,3.005902802330614,0.5509929512765994,-0.48566625893631077,0.2925150203327258,-0.0909425987322697,0.28880055026701124,[-0.25634548 -0.8876066  -1.11025138 -0.91719124 -1.05468764 -0.71149745],[0.94024061 0.88174121 0.88124826 0.88612232 0.87775099],"[ -6.63096815 -13.48417127  -8.19567177  -6.78083411 -16.11143656
  -7.68214726]"
1439736,[0.14587089 0.12733863 0.09506238 0.26015069 0.18938411 0.        ],4.213274193161624,-0.4762311993222775,1.2677967275831468,001651.18-002834.4,45.64359190447366,0.0064470926356108,8.556317392774629,0.10502282919350825,-1.0266688406078046,0.10522052867791987,52,2.261343268905428,0.22488801230377442,-0.20113579861718614,0.1513761138004027,-0.8377990763203693,0.10411939504335077,[-0.85052363 -1.54199378 -1.5340841  -1.69943563 -1.22202508 -1.49351625],[0.90553293 0.82981276 0.83340747 0.83953169 0.87291037],"[ -6.82597948  -9.79250907  -2.34132428 -16.7373855  -10.41057092
 -12.31232287]"
1439747,[0.12766453 0.11622104 0.08510485 0.09980235 0.17058121 0.        ],4.201137713338483,-0.0375382012238992,1.4785852418667689,001648.27-000215.1,45.882593389460084,0.0055940343598734,8.791393560744973,0.04251299025727817,-1.0227435235917213,0.04287945383321566,53,1.8276889102078628,0.2087476947614656,-0.5386402574128814,0.10502977645817071,-0.6178850327938754,0.07609923251001577,[-0.69407226 -1.39145919 -0.83902978 -1.18030461 -1.21119376 -1.08432503],[0.88368617 0.8494599  0.87160433 0.89480348 0.84609712],"[ -7.22519301 -15.67726123 -10.04532881  -4.15743024  -9.23705169
 -14.01960879]"
1439748,[0.12810995 0.11002961 0.10333822 0.2010292  0.2467901  0.        ],4.200732306441244,0.1389823532912977,1.040060137083622,001648.17+000820.3,45.46827047184922,0.0070134367386884,8.859328089791209,0.046009368013931,-1.5050009702488154,0.04654084485620046,54,2.839383167690645,0.3649051693490897,-0.6594202341485155,0.06615293683096973,-0.22656466790290103,0.1747980872483013,[-0.19080105 -0.68733892 -0.21204433 -0.43970761 -0.76156718 -0.24823826],[0.89343107 0.88363506 0.87432701 0.90804986 0.81709303],"[-16.4964239  -14.90049691  -4.32880248 -15.00179056  -6.8891702
 -15.88977623]"
1439750,[0.10058361 0.07139675 0.05381025 0.12290991 0.07189088 0.        ],4.199298,1.205632,1.4797221718465237,001647.83+011220.2,46.441442060029445,0.0045275570376688,9.287076540192519,0.06686225759123769,-0.959577832469904,0.06701537333273885,55,2.8339906594196624,0.40192113138699703,-0.6710915797538155,0.09002374962090648,-0.5115889045829718,0.19553804332632954,[-0.6085862  -1.27711215 -1.4756436  -1.27563919 -1.31974678 -1.09135675],[0.90597147 0.86599693 0.87522388 0.86650961 0.87495122],"[ -3.17264214 -13.46487026  -8.58770846  -7.81166365 -16.10442501
  -2.85712676]"
1439751,[0.12647659 0.12148495 0.07828593 0.07613185 0.129268   0.        ],4.197969026125975,0.6620191855293452,1.7007779331117425,001647.51+003943.2,45.99381611420599,0.0071522711529503,8.861009490696482,0.11767785484125323,-0.981136728797324,0.1178950062669509,56,2.1454679858446086,0.20070696508051877,-0.4859852572603884,0.09116745979853416,-0.44158182688340736,0.09360257702996222,[-0.55392316 -1.32407763 -0.82038144 -0.77962199 -0.56161761 -0.80669298],[0.84048594 0.80447775 0.86513096 0.84096761 0.89319   ],"[ -2.20823565 -10.04551523 -10.4454178   -7.3291783   -6.58394572
 -10.94806205]"
1439757,[0.15272381 0.13822782 0.10628652 0.17230354 0.20781501 0.        ],4.193928669759771,-0.8643830628672677,2.244861748666361,001646.54-005151.7,46.25754590849453,0.0042223509814505,8.9334464306334,0.16282724370329846,-0.789843874445701,0.1628819804024494,57,2.015929940277773,0.22751466655962926,-0.33253427091704674,0.14886703006754773,-0.5599048977964939,0.14027057003070467,[-0.70040416 -1.20943763 -1.41035174 -0.93891953 -1.30984027 -1.42901201],[0.90492233 0.96554872 0.86444496 0.86619286 0.82087744],"[ -6.5661859   -7.91901585 -16.36813279  -7.24556547 -12.59919591
 -13.76455863]"
1439763,[0.05582811 0.0404119  0.04591421 0.11293107 0.07953093 0.        ],4.189581397190789,-0.7326234817406941,2.2501776914651574,001645.49-004357.4,46.67945400360938,0.0022296364123768,8.99425037498774,0.022170891932528344,-0.4287397236851973,0.022282722625730614,58,-1.3184313823959126,0.13252765724125481,-0.287708482878256,0.11674673045442788,-0.5522849106270289,0.08748796242256326,[-0.6716379  -0.87288476 -1.01176876 -1.09182055 -1.32126956 -1.0747361 ],[0.83927443 0.83886718 0.82177329 0.76676481 0.87963002],"[ -7.52027079  -6.49931981 -11.77816717  -8.3216181  -16.3896056
  -8.69555188]"
1439774,[0.15073676 0.14915441 0.10845554 0.232156   0.36777362 0.        ],4.180514889476303,0.0274336824418304,1.15102539281317,001643.32+000138.7,45.50199622768442,0.0111461476161558,9.043995839925334,0.06432539767811042,-1.6559429645477408,0.06528394437477096,59,2.142959293882849,0.2675258338066354,-0.972726154541105,0.26435492729969706,-0.4603948407575721,0.1176055028427945,[-0.45991226 -0.45957076 -1.37203488 -1.07351317 -1.14819988 -1.01679623],[0.89849401 0.82252122 0.87356629 0.84420717 0.82976618],"[-15.70551958 -12.47226079 -13.23281266 -10.75455106 -13.14609976
  -6.89445609]"
1439783,[0.1388807  0.11697773 0.09128007 0.11108694 0.14485937 0.        ],4.174062664543129,0.4480011586885277,1.054451586780774,001641.77+002652.8,45.53357845182999,0.0037313694314846,8.08545122037929,0.21595275534740774,-0.6658161208561353,0.2159849894320704,60,2.504754574522705,0.3203427789990332,-0.42807464257704564,0.12854528658748895,-0.7620091638380793,0.1344227736488216,[-0.74130037 -1.51652698 -0.97739775 -0.94111194 -0.80745492 -0.98627964],[0.86634398 0.91857759 0.87721229 0.89917838 0.87509443],"[ -6.82579984 -10.27246416 -10.62562542  -7.23640689  -7.05434702
 -10.98063516]"
1439792,[0.07646342 0.07031019 0.06228586 0.28471254 0.07236374 0.        ],4.171556457158857,1.0125605451478945,3.047404607185056,001641.17+010045.2,46.96423765438529,0.0029474395153066,9.530315830496672,0.04949574965078338,-0.6800215284182158,0.049583431034867016,61,2.6231585791121805,0.4273794169625249,-1.1142957755884604,0.10529482051378214,0.05997034398603235,0.22873639385096703,[-0.6531235  -1.47950867 -1.38531148 -0.84829779 -1.44108897 -1.23105502],[0.89249472 0.89570132 0.86850617 0.88503825 0.90935406],"[ -7.79612395 -15.96612596  -9.97931629 -15.05487101 -10.12616576
  -2.09690536]"
1439796,[0.099611   0.08738808 0.07269454 0.06195036 0.10762917 0.        ],4.169468085898654,0.0123128597732889,1.5312927835920813,001640.67+000044.3,46.21328579040368,0.0031528655631944,8.867083151904854,0.1502027110304317,-0.7677407138080028,0.15023579787171548,62,1.9021427300490705,0.1670459483533182,-0.44762847416385154,0.09446021510038469,-0.5403393523675804,0.07595018182077831,[-0.61707609 -1.51892767 -1.14161491 -0.96001163 -1.46583295 -1.27668387],[0.84744475 0.9206501  0.83302037 0.83017503 0.81251383],"[-14.47519308 -12.41520158 -13.47456873 -10.96835897  -8.49235384
  -1.5096199 ]"
1439800,[0.14900317 0.1397402  0.10357097 0.2274829  0.32652    0.        ],4.166886223287008,-0.1916649463250247,1.7999668266443272,001640.05-001129.9,45.7198299503155,0.0118952176592941,8.521579318266461,0.10800293906970877,-0.9156927202577947,0.10865602169625578,63,2.557834427220266,0.3311491406424565,-0.5358054669507002,0.12403083338061974,-0.3035472814997586,0.15933516540928117,[-0.45079717 -0.92454712 -0.55798574 -0.75869262 -1.10340326 -0.51462961],[0.90193251 0.86876361 0.84881063 0.85108633 0.8671114 ],"[-16.49570394 -14.91197307  -2.95662405 -14.99849393  -7.11653802
 -15.88724476]"
1439811,[0.16456996 0.16160098 0.14657568 0.23777834 0.3611582  0.        ],4.160509965471006,-0.2273712519028206,2.121329674627468,001638.52-001338.5,45.784274447374415,0.0091769154923646,8.457660650520642,0.047604414683681116,-0.7873295554530628,0.04848088360714846,64,3.1461335006959428,0.6081739564934785,0.018807302647384373,0.2918972589015332,-0.4516308367960986,0.3271550244991627,[-0.47352673 -0.60567111 -0.87006174 -0.63243504 -0.83810997 -1.22747269],[0.9182102  0.92485282 0.87656197 0.95416416 0.84151798],"[-16.0227659  -12.01797862 -17.34921866  -9.50942252  -7.56787625
 -10.85923777]"
1439818,[0.1330139  0.12148188 0.08835252 0.15954833 0.13626557 0.        ],4.152963,-1.091698,1.5990949002354218,001636.71-010530.1,45.97639212161759,0.012383195349134,9.151115664096615,0.18673673658056733,-1.2886668947858553,0.1871468736469167,65,1.818410144102885,0.17132495529681724,-0.22026851085092514,0.15082980777773672,-0.8035026765745399,0.10857707210753625,[-0.84764088 -1.31417968 -1.03147989 -1.16963088 -1.38460236 -1.23849679],[0.88627274 0.90573947 0.8887683  0.91421734 0.8583195 ],"[ -2.37602667 -16.2419045   -9.03019043 -13.1201794   -6.78865034
 -16.01935893]"
1439829,[0.16985764 0.15301648 0.10776203 0.27941014 0.2203744  0.        ],4.144904620525267,-0.1101434937695757,0.7277198163958891,001634.77-000636.5,44.94872729698998,0.0098863470022401,8.107418611465626,0.31934118138362255,-1.27263466678248,0.3194941783265173,66,2.247280189502635,0.24337744328888844,-0.961969636394699,0.20097185307265097,-0.6610545531822736,0.08579579955338296,[-0.44480678 -1.0511449  -1.30364986 -1.0743608  -1.24611885 -0.88271133],[0.86483567 0.84211805 0.88043318 0.87704016 0.85898853],"[ -6.18340054 -13.48314426  -8.55046848  -6.46379214 -16.10645314
  -8.12682389]"
1439833,[0.07973548 0.03895566 0.04272134 0.6686935  0.09312784 0.        ],4.143149443158849,-1.106323360894783,3.604894548384014,001634.35-010622.7,46.95320322704637,0.0045371375371523,9.559159098944704,0.11967530794424922,-0.7198992242051645,0.11976128317858788,67,2.304668020105951,0.5695558482144973,-0.6766038911986835,0.38169953246823,-0.2579641779768952,0.4820466993879585,[-0.82264827 -1.66987581 -1.39332099 -1.19997235 -1.71206902 -1.51374659],[0.91295013 0.88966415 0.92337495 0.86425463 0.85161384],"[-14.48692058 -12.46119208 -13.51356541 -11.08079978  -8.5375244
  -1.13959883]"
1439839,[0.11291305 0.10119074 0.08287724 0.47036809 0.16364531 0.        ],4.135157763858899,0.2393406317760124,3.335662510674942,001632.43+001421.6,46.774409036163156,0.0042360389569324,8.685098340779213,0.05438605472285687,-0.02463265692288985,0.054550774278301774,68,1.8162089457556378,0.22302916277053764,-0.34504555151610317,0.23155499363374035,-0.8009928679494451,0.23225835684904417,[-1.05100821 -1.56443314 -1.56308808 -1.44538243 -1.16468551 -1.61327393],[0.84362685 0.85277066 0.83571518 0.88729308 0.83094031],"[-15.6441797  -16.96219019 -17.30115145  -9.86868404  -7.4088967
  -2.7277711 ]"
1439841,[0.11050689 0.09980051 0.0743575  0.09365728 0.12746914 0.        ],4.133757,1.23215,1.4881344787719448,001632.10+011355.7,46.125396904283896,0.0089262278683861,8.920856639289616,0.07016585830854573,-0.9094030873125547,0.07073135949586483,69,3.109985839695173,0.5036497180750816,-0.6050387531614676,0.07955684893523368,-0.2913718604237274,0.2454449700155564,[-0.38210714 -0.99635552 -1.29836695 -1.03307511 -1.13767692 -0.83901069],[0.88140804 0.94264496 0.87776035 0.90712172 0.91997518],"[ -2.7768152  -13.42832516  -8.30503464  -3.18062727 -16.10662608
  -2.57958306]"
1439850,[0.17328348 0.14573215 0.11098813 0.33714358 0.22880835 0.        ],4.129880516171738,-0.5152696240926119,2.0458405921995038,001631.17-003054.9,45.851400432799366,0.0112016866216926,7.98483887959027,0.12021119022241472,-0.24738179909773805,0.12073196775444432,70,3.1351925126913014,0.5362032035397928,-0.655451707069937,0.1158710777919531,0.09482875027781759,0.2667286535872591,[-0.13832568 -0.89419913 -0.34101582 -0.37418764 -0.12913278 -0.39709819],[0.92214511 0.88879654 0.83434292 0.8715655  0.88625905],"[-13.816767   -10.19675286 -10.53103276  -2.58006556  -2.11873801
 -11.11477912]"
1439851,[0.06521471 0.0554754  0.04442892 0.03841774 0.04591413 0.        ],4.128098836336591,0.5432389705778733,2.095193849314506,001630.74+003235.6,46.711669290555704,0.0016210062050738,8.561863088974295,0.10812520558781051,0.03586284927457939,0.10813735591609024,71,3.2777397196384372,0.613945705199811,-0.6324185324156707,0.06010748769248275,-0.11242488672529073,0.2991340062511057,[-0.3417984  -1.07538116 -0.42392456 -0.37670436 -0.40817076 -1.11316818],[0.9387581  0.92171465 0.8729456  0.91951975 0.92571646],"[ -2.5597891   -3.62667903 -10.12087068  -8.44439776  -9.75951535
  -2.62707667]"
1439853,[0.11980574 0.10361927 0.08700757 0.11124822 0.18162618 0.        ],4.123859,-0.493692,1.266185252030351,001629.72-002937.2,45.717363783797104,0.0090289633712075,8.402764323287625,0.04277684699560095,-0.7993438917973563,0.04371934146854983,72,2.514497851412934,0.2900022109145157,-0.6687619468097181,0.08840239169834013,-0.502175211516083,0.13193245910384943,[-0.5377909  -1.18752718 -1.4031703  -1.18829366 -1.30466487 -0.93030069],[0.93832441 0.88655752 0.87187614 0.86962897 0.88845446],"[ -6.3590097  -13.40604732  -8.16397176  -2.75230201 -16.10580461
  -1.9675913 ]"
1439862,[0.12325701 0.09775493 0.07013984 0.07242869 0.10808543 0.        ],4.119048,1.123036,1.3951710533292818,001628.57+010722.9,46.14364727594097,0.0078770795880451,9.13506608882479,0.11425070425328675,-1.1053621651906482,0.11452192718081718,73,2.3535516013646998,0.2236856343457041,-0.458246062337326,0.06953538567646061,-0.44447937003153926,0.10679987606335495,[-0.49297    -1.10519823 -1.22488922 -1.02504129 -1.25614517 -0.96872404],[0.84783299 0.9252172  0.86208203 0.88677732 0.81316303],"[-14.93710572 -13.9811946   -2.78322146  -3.04685742  -5.88531352
 -11.63799941]"
1439871,[0.10596924 0.08659554 0.07094611 0.0760551  0.12996158 0.        ],4.111944,-1.230517,1.219137005348009,001626.86-011349.8,45.810841089824464,0.0071816120638033,8.646832281481215,0.124939663704749,-0.949934543963586,0.12514589533217116,74,2.3906482664181197,0.24133698151247573,-0.2724986065698589,0.11677322233282854,-0.7959239289058389,0.11778683778960558,[-0.80430765 -1.55275315 -1.08357603 -0.99214397 -0.87376439 -1.07452458],[0.8469631  0.84057356 0.8369477  0.9630466  0.8463008 ],"[ -2.71736516 -10.27400416 -10.63021064  -7.33848137  -7.60036774
 -10.9509605 ]"
1439875,[0.14515122 0.12667189 0.09396552 0.67404478 0.135567   0.        ],4.110566971683284,0.6090139024158449,3.2224528643233388,001626.53+003632.4,46.57096935614491,0.0053171315693241,9.004372983708206,0.0564765644978981,-0.5473469798701345,0.05672630981837922,75,2.6586150733146106,0.48338152539971135,-0.3502752922390636,0.23723732230554198,-0.4406460029063571,0.31072634870221716,[-0.70575871 -0.7396419  -0.71364494 -1.49476428 -1.35989217 -0.7572343 ],[0.95293854 0.90014383 0.85707377 0.89311077 0.8370466 ],"[ -16.53312485  -11.43432977  -13.38621181   -9.56609779   -8.96555547
 -113.43905672]"
1439878,[0.16685577 0.15134639 0.11387724 0.18211513 0.25394051 0.        ],4.109482025317567,-1.2436494367722064,1.988370823700262,001626.27-011437.1,45.68559420177893,0.0226627700290151,8.895771000965485,0.07825532002767227,-1.324120151493382,0.08147083071886177,76,2.148727313077746,0.29502122365239913,-0.486464144902081,0.17326414241177063,-0.4698900027400526,0.15316519933467918,[-0.63927917 -0.66436335 -1.53313387 -1.27159882 -1.28692047 -1.23754347],[0.81696226 0.87903735 0.83029051 0.8697368  0.8382324 ],"[-15.71232034 -12.48285592 -13.23249662 -10.67315056 -13.14791918
  -7.22786259]"
1439891,[0.14823062 0.12797903 0.0915127  0.12718683 0.21971264 0.        ],4.09546596599688,-0.0772410980982177,1.3058458574463387,001622.91-000438.0,45.550195270891315,0.0088279223304681,8.54714586834663,0.17354842409552745,-1.1108939497621506,0.17377280488820404,77,2.1631396913309544,0.2255590638224868,-0.54695107961069,0.17309519027108705,-0.702154428066702,0.10118275569381396,[-0.74259704 -1.22793016 -1.38657405 -1.24058132 -1.13450517 -1.06002965],[0.87504698 0.84797419 0.82048548 0.86631886 0.82902696],"[-11.08231418  -9.94620705  -7.29539329  -2.78800927 -10.61635856
 -13.98104436]"
1439892,[0.08872482 0.07847109 0.05710342 0.15881743 0.11305153 0.        ],4.094936728799489,-0.7747110861590267,2.131653696822038,001622.78-004628.9,46.08698104543788,0.0078189508350234,8.39388038288949,0.10241592656061986,-0.4208426897584445,0.10271396207639347,78,2.9219934952523516,0.533641875110547,-0.07254388675888376,0.21955292046474834,-0.5216432547039037,0.26890573568073256,[-0.56138022 -1.04510559 -1.26626686 -0.75921242 -1.18402695 -1.3369371 ],[0.88840072 0.90430351 0.91170947 0.88946562 0.86250249],"[ -7.34646025  -8.09787472 -16.36760686  -7.38990454 -12.54546816
 -13.76700955]"
1439894,[0.14009147 0.11621486 0.0931429  0.51533901 0.21174696 0.        ],4.092037881336466,-0.1254384938742499,3.0756904011686297,001622.08-000731.5,46.57654056742031,0.0043187580532233,8.913756806898306,0.1263709329186588,-0.45115959178482967,0.12644470869852342,79,3.1543589906361333,0.5782267480136933,-0.31966685419545143,0.06019682664822598,0.02895403669814406,0.2886174336827159,[-0.17807032 -0.99561981 -0.74555283 -0.61037581 -1.01570653 -0.84369135],[0.91450599 0.88211287 0.88069194 0.95559493 0.83516275],"[-14.47636882 -12.46169578 -13.50582427 -10.99648946  -8.50308803
  -1.41406146]"
1439895,[0.14249566 0.12487563 0.09862036 0.2426263  0.15118963 0.        ],4.090173284782333,-0.6441785874997681,0.3602390007992676,001621.64-003839.0,44.24583575811585,0.0270450293745696,7.711618364751943,0.20609620033207454,-1.5797259589429231,0.20786312180179997,80,3.165354903983645,0.499613525381583,-0.5846139726204531,0.27692035947619525,-0.8561805508550286,0.22915006879811,[-0.59084952 -1.09896722 -1.24929422 -1.13031635 -0.94269707 -0.85821504],[0.85467924 0.91224142 0.83550882 0.86416236 0.81970044],"[-11.12242924  -9.95099542  -2.93504161  -2.61520694 -10.5868809
 -13.95879102]"
1439900,[0.12748923 0.11855998 0.09838397 0.20254066 0.18622481 0.        ],4.084934420133973,-1.0923459290933892,0.8895290176344743,001620.38-010532.4,45.60585830889902,0.0030998814888398,8.43395768091818,0.06936820747807237,-0.9420427243259937,0.06943743568109172,81,2.9357716370519156,0.4240583840675074,-0.3753017687658219,0.07805755108622423,-0.32305697879394596,0.20308227034687978,[-0.27298967 -0.33604758 -1.18709968 -0.89375103 -0.95400169 -0.91405585],[0.89392866 0.87412167 0.86595556 0.85995422 0.83595381],"[-15.70438095 -12.42040714 -13.22503211 -10.47094629 -13.1313345
  -1.83101124]"
1439908,[0.10657883 0.09900448 0.06589648 0.09207384 0.12784642 0.        ],4.080112,0.416934,1.8727566450294788,001619.22+002500.9,46.178993598869795,0.0150388166473973,8.697432505846466,0.1609897866450321,-0.6323822592835029,0.16169068436421127,82,1.8744667908698378,0.20439566240832185,-0.5883609427028411,0.17408762273317313,-0.6731492102170151,0.12278279001083003,[-0.84991023 -1.46658362 -1.68267896 -1.49367276 -1.59549102 -1.27907451],[0.82649493 0.84352739 0.83910957 0.90405444 0.80660435],"[ -2.43989483 -13.39276249  -8.59408988  -3.13924628 -16.09860395
  -2.26514005]"
1439914,[0.08776831 0.08305106 0.07058984 0.09525928 0.12317771 0.        ],4.07495172079868,0.0594786977569455,1.5370807657386663,001617.98+000334.1,46.110054291889014,0.0064824588864382,8.834484583710072,0.03150628798983809,-0.8383736441278913,0.032166262700428494,83,3.3686727257351734,0.6808721640954538,-0.8452440709138677,0.09327558622706444,-0.10690211034473632,0.32817230173008155,[-0.24631279 -1.00731712 -0.46576874 -0.96542039 -0.46707015 -0.28393022],[0.92212715 0.96638929 0.88781684 0.92567565 0.89274413],"[ -9.7681635  -11.70834499  -2.92959601  -3.50612392 -11.41341361
  -1.25541299]"
1439915,[0.07139173 0.06260104 0.04986733 0.05273526 0.06604911 0.        ],4.074897,0.172465,1.5475868788060212,001617.97+001020.8,46.37147577660425,0.0070378317871941,9.261914179653598,0.061879154858123515,-1.0043817553561851,0.06227809311644401,84,2.7749277780505173,0.399087620551243,-0.9192305235608484,0.0574737963319365,-0.40784365251165333,0.19190688889752705,[-0.56104581 -1.21552561 -1.41501285 -1.27321016 -1.34417584 -0.98194272],[0.85788258 0.87045615 0.89078655 0.89233159 0.88845127],"[ -3.55030782 -13.43143761  -2.77765272  -3.14305621 -16.10649086
  -1.92588564]"
1439918,[0.08555293 0.0783595  0.05604147 0.14075101 0.11615772 0.        ],4.069679,-0.710717,0.7688670743152289,001616.72-004238.5,45.41040958759783,0.0103878482879089,8.055258418745762,0.12400841770981515,-0.7587921834547657,0.12444273805628277,85,2.392719332117519,0.33169456990081647,-0.7208547270501618,0.13549061729828638,-0.8548672115770655,0.12755452083294716,[-0.71966539 -1.54593331 -1.25241625 -1.09248503 -1.52654304 -1.40880682],[0.89602981 0.86645314 0.82228366 0.84425515 0.82894898],"[-14.48560077 -12.39303352 -13.50183562 -10.99576337  -8.5259187
  -1.99797996]"
1439920,[0.13610953 0.12777024 0.08932361 0.21771289 0.22325492 0.        ],4.067577779180606,-0.6431111643605864,1.5581174752526514,001616.21-003835.2,45.737160944581454,0.01201611254519,8.48517851206849,0.1379718493800085,-0.8619609197938658,0.13849410883513574,86,2.744894797956052,0.4561651269056657,-0.49776211690986605,0.11571223150636334,-0.32051593498915554,0.21810117228566714,[-0.41119358 -1.18686617 -1.19093997 -1.11985876 -0.51418145 -0.90293868],[0.92978689 0.87800925 0.88274794 0.92767343 0.85505401],"[-11.05574507 -21.43206069 -14.71426969 -16.22137386 -11.52764202
  -9.57206156]"
1439945,[0.08164214 0.08637504 0.05502844 0.07009145 0.08544066 0.        ],4.049428,-1.08847,2.0927498693759294,001611.86-010518.4,46.583084807213886,0.0097769577611579,9.303645030685615,0.1105835792408792,-0.8345035757785624,0.11101493998911711,87,2.751347866540513,0.4312239894876262,-0.6096071773486014,0.06369933685087392,-0.287855050681596,0.21435084824832168,[-0.51004869 -1.17148699 -1.38822853 -1.17276375 -1.26006347 -0.95645184],[0.90367042 0.95907107 0.91219944 0.90636615 0.86868664],"[ -2.54381651 -13.4103596   -8.17372563  -3.54968431 -16.1055022
  -1.76423814]"
1439949,[0.11307299 0.09381924 0.06674478 0.1264753  0.07860368 0.        ],4.046201798695424,-0.2534633985693562,1.574752569543272,001611.08-001512.4,46.270142064654145,0.0028663327370956,8.495173242876294,0.09482032729464603,-0.3389745305289793,0.09486364072511416,88,1.3594359256218067,0.12911914636966415,-0.29179452712794907,0.11020547950625764,-0.6206545741121339,0.07044187172831978,[-0.67325193 -1.55323164 -1.19488281 -1.02121602 -1.5935108  -1.37120434],[0.88607509 0.85573448 0.86069251 0.86370816 0.81223743],"[-14.4816368  -12.38243733 -13.5053309  -10.96409299  -8.49742904
  -2.61938649]"
1439967,[0.16511927 0.17095605 0.10699813 0.55511809 0.32533839 0.        ],4.031864109371725,0.2378658938010179,1.3414567846822478,001607.64+001416.3,45.40971110829694,0.0137953544594466,8.106407679001055,0.4461448718316897,-0.810639923010946,0.44635810563534817,89,2.8942069860874406,0.45612271988237607,-0.20138110707087323,0.3069973085850033,-0.41999917591868596,0.2266509623476764,[-0.44048194 -1.16099452 -0.97565712 -0.68030176 -0.95961783 -0.90527035],[0.93330998 0.89083079 0.84956952 0.90607858 0.87529258],"[ -6.97924006 -16.2706894  -14.58162963 -16.46708104  -8.74816646
 -12.99542334]"
1439972,[0.16790916 0.15748484 0.11315201 0.26482444 0.21963333 0.        ],4.030291273035516,0.9480624472866463,2.5970461305428296,001607.26+005653.0,46.25518306152501,0.0059861162648502,7.8301518386921405,2.3162204918926808,0.3110878705260376,2.3162282272374433,90,1.8490315079981579,0.21139703353862127,-0.06531356203719285,0.21677834964846415,-0.9092049066297493,0.18929374808387128,[-0.94745739 -1.06573038 -1.46338696 -1.55223499 -1.69984193 -1.64694684],[0.80910591 0.89699381 0.88392021 0.84186439 0.88273752],"[-12.49396703  -9.73073012  -9.52651188  -9.86454316  -7.46800028
  -7.85883255]"
1439979,[0.1413335  0.13435955 0.09188779 0.11755567 0.15732398 0.        ],4.026026,0.478127,1.8745367910069504,001606.24+002841.2,46.13802660834577,0.0224312792517729,8.839582527060227,0.21570848089954603,-0.8154992710212952,0.21687164641986015,91,2.334061493433757,0.3059258264545035,-0.46621567628339144,0.17060481974212172,-0.6996053908678241,0.15701433787041702,[-0.84050107 -1.40549897 -1.66193512 -1.69690604 -1.30269479 -1.31115467],[0.90106214 0.87083737 0.79658651 0.90412727 0.87030446],"[ -3.11446853  -8.35244096 -16.42695645 -27.30101293 -17.05440107
  -2.87799733]"
1439982,[0.10712746 0.07393487 0.05610141 0.09510119 0.07784109 0.        ],4.024838508282642,-1.0353329837366845,0.417442823007088,001605.96-010207.1,45.13873009602162,0.0049392319565626,7.485653295514546,0.08210057571104361,-0.46086655179976077,0.08224901546161834,92,0.7976691551783767,0.11007970160863595,0.08554855095238689,0.14392833358263218,-0.9078373298502382,0.036988505005549566,[-0.94631439 -1.61593369 -1.82616357 -1.65710765 -1.74439946 -1.37232391],[0.86716575 0.86088448 0.83687721 0.91190232 0.82419144],"[ -2.30919628 -13.45375229  -8.20855355  -6.50624232 -16.10215591
  -2.08322486]"
1439984,[0.16030109 0.13212234 0.10329391 0.30975364 0.13224347 0.        ],4.0245308722385005,0.9484065150350804,2.4004953109713507,001605.88+005654.2,45.904720168620024,0.0086578194291853,9.045669185211892,0.11062544791520504,-1.2548923688987017,0.11096372183604929,93,2.7507955808618796,0.41961740342570364,-0.02258745796004969,0.17957458618650296,-0.615181386690214,0.2388251820715238,[-0.65185079 -0.64290406 -1.48212564 -1.28893858 -1.25861417 -1.24284357],[0.82859681 0.91289076 0.85292303 0.91587037 0.84674837],"[-15.71482382 -12.48382318 -13.23741336 -10.78027056 -13.13274859
  -1.89712773]"
1439986,[0.08413701 0.08526228 0.06576141 0.06687357 0.08981422 0.        ],4.020006,-0.278393,2.022037164123545,001604.80-001642.2,46.27997552189654,0.0184770736010797,8.483558462736363,0.10276961597305376,-0.31752629314665626,0.10441741337587646,94,2.9248801284169437,0.5087839713057798,-0.405442472645603,0.08372747606121472,-0.40275122804595387,0.24403887393801044,[-0.54511607 -1.18918298 -1.39673759 -1.22762958 -1.32862962 -0.96026157],[0.94740446 0.86776981 0.86597536 0.87507408 0.85587482],"[ -2.64864728 -13.37831396  -8.24519908  -8.01072202 -16.10692241
  -2.56853861]"
1439994,[0.11967304 0.09998617 0.05962062 0.09557568 0.13902366 0.        ],4.015027408456433,-0.5126086058609571,1.4031542630102305,001603.60-003045.3,45.975905916841924,0.00370831497424,8.690556532028005,0.11308297911068615,-0.8285939674929139,0.11314376591088018,95,2.352992072436101,0.2782779840897902,-0.17119100375435123,0.13856804257216213,-0.7682303794339038,0.1334710689465365,[-0.78620479 -1.42218516 -1.63975393 -1.46468272 -1.54077171 -1.26695386],[0.87146129 0.81790948 0.83651039 0.94011099 0.83005007],"[ -3.02403285 -13.45942744  -8.57000043  -2.81468844 -16.10631453
  -1.8840638 ]"
1439995,[0.146571   0.13542813 0.10533727 0.1793381  0.20828813 0.        ],4.014864685775535,-0.0233937757175363,0.9251105125196973,001603.56-000124.2,44.97503085593812,0.0150551638609499,8.153797896196501,0.14264904328857908,-1.292710392565212,0.1434413033614341,96,2.293980218051343,0.23494574820457137,-0.6984186234305542,0.11285669460942888,-0.5425209247796543,0.09971711995805627,[-0.46377893 -0.99826362 -1.27308785 -0.88078405 -0.70987763 -1.33862291],[0.87107648 0.89754416 0.83117838 0.85837068 0.86168975],"[-16.48926022 -16.77789766 -15.38103752  -2.34296472 -10.57782514
  -3.64186764]"
1440002,[0.09646542 0.07566755 0.06584283 0.08691971 0.07346137 0.        ],4.010987866725952,-0.3432119382743543,2.2644897450938215,001602.63-002035.5,46.54029919368763,0.003591883207342,9.122705962329327,0.23833631195437602,-0.6963501209485301,0.2383633764255508,97,2.3869267019204408,0.3713960177752338,-1.0130429273233974,0.32406278601380867,-0.4942217088502867,0.2569910034345859,[-0.93255687 -1.55980939 -1.78628242 -1.58129175 -1.72404811 -1.39077286],[0.86561489 0.86161623 0.83065    0.84366571 0.85787644],"[ -6.7381642  -13.4432638   -8.19776896  -3.18768523 -16.1053186
  -2.14135061]"
1440003,[0.14242419 0.14695222 0.09582708 0.20290843 0.22526586 0.        ],4.010976386352013,0.6756469019717402,1.795169721296695,001602.63+004032.3,46.02407073401697,0.0072933954358838,8.991033179475263,0.08452413269122336,-1.0809057977651264,0.08483821440947295,98,2.2897111772850334,0.24756344789625362,-0.9791697304123921,0.1442397056996373,-0.2512924225569372,0.13239342623885467,[-0.51217919 -1.19894798 -0.60607705 -1.29427738 -0.72994654 -0.53530884],[0.905132   0.8749983  0.82206284 0.87665835 0.84644811],"[ -9.77913574 -11.87337836 -30.18745362  -2.59822281 -11.48996113
 -14.82879918]"
1440004,[0.03116421 0.02703558 0.02752068 0.02842075 0.03495284 0.        ],4.010013037520139,-0.2069728276511155,2.0901065615218326,001602.40-001225.1,47.038017007934,0.0009166887634712,9.180265004511789,0.01017726289543251,-0.25619134888462014,0.010218463599378416,99,6.234909797684393,0.7098886911770603,-0.45566369652937716,0.01694931674345504,0.9772828418291823,0.34805999664756687,[0.81247659 0.73705582 1.86297388 0.84079007 1.91967827 0.8044321 ],[0.56537465 1.23306305 0.50521522 0.8833454  0.57596722],"[ -2.80967013  -4.03224067 -11.75138985 -55.76996543 -15.53796578
  -3.09999033]"
