object_id,chi_sq_g,chi_sq_all,objectId,RA,DEC,RA,DEC,SDSS_NAME,Z_SYS,LOGLBOL,LOGLBOL_ERR,LOGL3000,LOGL3000_ERR,M_I,SN_MEDIAN_ALL,Z,LOGLBOL_CALC,LOGLBOL_ERR_CALC,LOGLBOL_bin
1404555,194.27916345940744,399.7700542958918,1404555,31.302989427400743,0.2600805903734943,31.302989427400743,0.2600805903734943,020512.71+001536.2,0.551028766002631,44.812231976418424,0.0059889222438052,44.10042474737723,0.0059889222438052,-22.41723216708614,5.3280134201049805,0.551028766002631,44.812231976418424,0.0059889222438052,"(44.729, 45.261]"
1408037,110.35724735289874,278.29991522210884,1408037,28.576665077860955,0.8617929023814558,28.576665077860955,0.8617929023814558,015418.39+005142.4,0.7337143898652257,45.22449032449356,0.0059400607246047,44.51268309545237,0.0059400607246047,-23.40793282034133,5.3970232009887695,0.7337143898652257,45.22449032449356,0.0059400607246047,"(44.729, 45.261]"
1431024,23.744515624108708,41.25428262393229,1431024,11.091919518062593,-0.6773949538680425,11.091919518062593,-0.6773949538680425,004422.06-004038.6,0.8373435421253703,45.060611489062836,0.0061455744831988,44.348804260021645,0.0061455744831988,-23.399331482238033,3.6061058044433594,0.8373435421253703,45.060611489062836,0.0061455744831988,"(44.729, 45.261]"
1444754,18.001094546108067,48.68835461835713,1444754,0.0511753724453853,-1.0682118609254916,0.0511753724453853,-1.0682118609254916,000012.28-010405.5,0.9498633478121729,45.1266742528189,0.0104227636376208,44.41486702377771,0.0104227636376208,-23.065526398883247,3.322835683822632,0.9498633478121729,45.1266742528189,0.0104227636376208,"(44.729, 45.261]"
1465826,75.10484973238151,162.47367009543424,1465826,320.8007535236337,1.0846050928723183,320.8007535236337,1.0846050928723183,212312.18+010504.5,0.6799321003195518,45.218704586657054,0.0043941202416704,44.50689735761586,0.0043941202416704,-23.46538842969494,6.976747512817383,0.6799321003195518,45.218704586657054,0.0043941202416704,"(44.729, 45.261]"
1433084,34.141243614033954,71.1122735631006,1433084,9.598953933670655,0.9800979111689272,9.598953933670655,0.9800979111689272,003823.74+005848.3,0.7073291430463292,45.150896483490975,0.0056190344879603,44.43908925444978,0.0056190344879603,-23.104635532019003,5.431662082672119,0.7073291430463292,45.150896483490975,0.0056190344879603,"(44.729, 45.261]"
1451313,254.79338901221945,374.3269347647269,1451313,348.1884231467652,1.0885224891960126,348.1884231467652,1.0885224891960126,231245.22+010518.6,0.5702168956794088,44.72972300338308,0.0121710013877027,44.01791577434189,0.0121710013877027,-22.703392467737437,4.376004695892334,0.5702168956794088,44.72972300338308,0.0121710013877027,"(44.729, 45.261]"
1416970,10.445983189177507,46.115262463547296,1416970,22.07749031865842,0.7646590474836505,22.07749031865842,0.7646590474836505,012818.59+004552.7,0.6507746957671149,44.91323992807365,0.0063272320945415,44.20143269903246,0.0063272320945415,-22.545445579157448,3.0665664672851562,0.6507746957671149,44.91323992807365,0.0063272320945415,"(44.729, 45.261]"
1434619,36.76184952576841,61.32175944880517,1434619,8.448172624264148,-1.064354362980814,8.448172624264148,-1.064354362980814,003347.56-010351.6,0.7187316510484697,44.92296504381911,0.0096446868194419,44.21115781477792,0.0096446868194419,-22.00645084179857,3.2227206230163574,0.7187316510484697,44.92296504381911,0.0096446868194419,"(44.729, 45.261]"
1447787,98.38641265315566,258.7326780229802,1447787,354.707508,0.136371,354.707508,0.136371,233849.80+000810.9,0.5574791459819549,44.82620696674631,0.0098080103727724,44.11439973770512,0.0098080103727724,-22.804971444479417,3.4534382820129395,0.5574791459819549,44.82620696674631,0.0098080103727724,"(44.729, 45.261]"
1411729,72.41683861121581,224.69287698310296,1411729,25.78188259093639,1.2165969966217849,25.78188259093639,1.2165969966217849,014307.65+011259.7,0.7099507235676605,44.85159199900975,0.008086312460044,44.13978476996856,0.008086312460044,-23.390105552962396,4.435499668121338,0.7099507235676605,44.85159199900975,0.008086312460044,"(44.729, 45.261]"
1415984,71.16068825947741,320.74117527266424,1415984,22.8108892824921,-0.9031405416068096,22.8108892824921,-0.9031405416068096,013114.61-005411.3,0.6620385867568158,44.79369286380068,0.0073069742622742,44.08188563475949,0.0073069742622742,-22.75998685546323,3.8413949012756348,0.6620385867568158,44.79369286380068,0.0073069742622742,"(44.729, 45.261]"
1441599,44.97703894710732,139.34582969893793,1441599,2.6490276679140834,0.3590646075489667,2.6490276679140834,0.3590646075489667,001035.76+002132.6,0.7482077874625438,45.23940162193777,0.0040076325566467,44.52759439289658,0.0040076325566467,-23.524307869700916,6.222863674163818,0.7482077874625438,45.23940162193777,0.0040076325566467,"(44.729, 45.261]"
1405689,18.746150474326143,153.65791594013115,1405689,30.470017570745085,0.7834629855655206,30.470017570745085,0.7834629855655206,020152.80+004700.4,0.6643668710945524,44.97885043715945,0.0079894864692704,44.26704320811826,0.0079894864692704,-23.166894527725265,4.964567184448242,0.6643668710945524,44.97885043715945,0.0079894864692704,"(44.729, 45.261]"
1465965,26.29573925175917,82.96408016711842,1465965,320.5430221318987,0.6540788819019949,320.5430221318987,0.6540788819019949,212210.32+003914.6,0.9265398567230162,45.14994150006583,0.0107671859322309,44.43813427102464,0.0107671859322309,-23.334935203651664,3.164979934692383,0.9265398567230162,45.14994150006583,0.0107671859322309,"(44.729, 45.261]"
1433796,10.110793746702786,24.412386671774254,1433796,9.062815132554816,1.1226321854998376,9.062815132554816,1.1226321854998376,003615.07+010721.4,0.8568143970434069,45.12419553730452,0.0074479958757507,44.41238830826333,0.0074479958757507,-23.397345900824252,3.9720754623413086,0.8568143970434069,45.12419553730452,0.0074479958757507,"(44.729, 45.261]"
1427228,33.74050090700237,70.47651902180246,1427228,14.080558560629388,-0.2857471457292649,14.080558560629388,-0.2857471457292649,005619.33-001708.6,0.8125218415214658,45.20766572423303,0.0062864226027485,44.49585849519184,0.0062864226027485,-22.954426930908078,4.649356365203857,0.8125218415214658,45.20766572423303,0.0062864226027485,"(44.729, 45.261]"
1415013,16.577165268321192,73.6567919985196,1415013,23.483814495758224,1.1397506204918009,23.483814495758224,1.1397506204918009,013356.11+010823.1,0.7349591068037026,44.998270767044914,0.0045960218423459,44.28646353800372,0.0045960218423459,-23.082227416495826,5.73232364654541,0.7349591068037026,44.998270767044914,0.0045960218423459,"(44.729, 45.261]"
1409697,116.58217386943228,543.0138495539061,1409697,27.2642330814748,-0.1696725221164485,27.2642330814748,-0.1696725221164485,014903.41-001010.8,0.5255900087063679,45.11034111287058,0.0022185582904583,44.39853388382939,0.0022185582904583,-23.50853014046525,16.098316192626953,0.5255900087063679,45.11034111287058,0.0022185582904583,"(44.729, 45.261]"
1412498,340.0292931512697,470.9392505486696,1412498,25.27972420820727,0.9075360322563076,25.27972420820727,0.9075360322563076,014107.13+005427.1,0.6098031277661217,45.11260403653975,0.0051982580098979,44.40079680749856,0.0051982580098979,-23.324937544623726,8.96292781829834,0.6098031277661217,45.11260403653975,0.0051982580098979,"(44.729, 45.261]"
1431904,86.8314248099708,209.81398901995533,1431904,10.473893,0.698704,10.473893,0.698704,004153.73+004155.3,0.5591893132158599,45.16936110257167,0.0083662629579635,44.45755387353048,0.0083662629579635,-23.073315272028612,5.303242206573486,0.5591893132158599,45.16936110257167,0.0083662629579635,"(44.729, 45.261]"
1407378,10.30118120381985,31.43792259952985,1407378,29.092667173555448,-0.2325026614493404,29.092667173555448,-0.2325026614493404,015622.24-001357.0,0.8756626844963853,45.10735666684541,0.0101843900050475,44.39554943780422,0.0101843900050475,-23.102222116769354,3.0696895122528076,0.8756626844963853,45.10735666684541,0.0101843900050475,"(44.729, 45.261]"
1413248,63.546345858282784,109.15491377050384,1413248,24.75163661802492,0.4606501053309033,24.75163661802492,0.4606501053309033,013900.39+002738.3,0.8089738653824571,45.040943534328385,0.005815587865019,44.32913630528719,0.005815587865019,-22.005630359496642,4.6189165115356445,0.8089738653824571,45.040943534328385,0.005815587865019,"(44.729, 45.261]"
1441714,333.8141912251961,738.4114579539462,1441714,2.541814478065504,0.8573925211101567,2.541814478065504,0.8573925211101567,001010.03+005126.6,0.3873184202673426,44.933596960771155,0.0023546613096279,44.22178973172996,0.0023546613096279,-23.310928618292042,15.04250431060791,0.3873184202673426,44.933596960771155,0.0023546613096279,"(44.729, 45.261]"
1410267,123.06388989696048,171.81000375574305,1410267,26.85715824369805,-0.4306269203604645,26.85715824369805,-0.4306269203604645,014725.71-002550.2,0.7941325988263536,44.81112955426717,0.0113021988061206,44.09932232522598,0.0113021988061206,-22.009897201064764,3.3211593627929688,0.7941325988263536,44.81112955426717,0.0113021988061206,"(44.729, 45.261]"
1437872,227.65895708306644,450.68604053390254,1437872,5.788923,-0.318114,5.788923,-0.318114,002309.34-001905.2,0.4101607886573757,45.0313274975873,0.0055699451063553,44.31952026854611,0.0055699451063553,-22.526345486859118,7.769236087799072,0.4101607886573757,45.0313274975873,0.0055699451063553,"(44.729, 45.261]"
1435685,158.78588730821687,491.9838233163926,1435685,7.56657669339836,0.9205985250217424,7.56657669339836,0.9205985250217424,003015.97+005514.1,0.6906227539585544,45.10022457035812,0.0079743421444824,44.38841734131693,0.0079743421444824,-23.650164353074718,5.760531425476074,0.6906227539585544,45.10022457035812,0.0079743421444824,"(44.729, 45.261]"
1401799,1405.3720633041487,3523.072423908002,1401799,33.24830257926908,-0.5081774185629946,33.24830257926908,-0.5081774185629946,021259.59-003029.4,0.3945992887621231,44.94648033067375,0.0024041472435882,44.23467310163256,0.0024041472435882,-24.389063747368358,19.421703338623047,0.3945992887621231,44.94648033067375,0.0024041472435882,"(44.729, 45.261]"
1445454,238.61174288324543,478.5398563283556,1445454,359.021689,-0.58004,359.021689,-0.58004,235605.20-003448.1,0.42192418014473,44.971850914219814,0.0088386567154721,44.26004368517862,0.0088386567154721,-22.818647154559788,5.1349616050720215,0.42192418014473,44.971850914219814,0.0088386567154721,"(44.729, 45.261]"
1411928,245.30593517368965,695.8221612755784,1411928,25.64333815346308,-1.2381581742470629,25.64333815346308,-1.2381581742470629,014234.40-011417.3,0.24454159408210877,44.89537948237695,0.0031831577527761,44.18357225333576,0.0031831577527761,-22.62229361542907,22.69002914428711,0.24454159408210877,44.89537948237695,0.0031831577527761,"(44.729, 45.261]"
1447433,22.994271079273727,3437.2594186859587,1447433,355.39976052876244,-0.2240840819629768,355.39976052876244,-0.2240840819629768,234135.94-001326.7,0.9865960891533716,45.25745739262037,0.0099843754944402,44.545650163579175,0.0099843754944402,-23.52821053166652,3.2034480571746826,0.9865960891533716,45.25745739262037,0.0099843754944402,"(44.729, 45.261]"
1411518,86.74713113759903,228.74163462100304,1411518,25.9335421659938,0.8385635724485024,25.9335421659938,0.8385635724485024,014344.05+005018.8,0.7337525387473943,45.06270946903333,0.0044210882205177,44.35090223999214,0.0044210882205177,-22.681651637144327,5.881180286407471,0.7337525387473943,45.06270946903333,0.0044210882205177,"(44.729, 45.261]"
1445723,53.186900802583615,202.5080400466414,1445723,358.5772106113477,0.2878081869771214,358.5772106113477,0.2878081869771214,235418.53+001716.1,0.616718615083769,45.1749020118275,0.0046677848117226,44.46309478278631,0.0046677848117226,-22.833440885251015,8.482244491577148,0.616718615083769,45.1749020118275,0.0046677848117226,"(44.729, 45.261]"
1430175,23.97790610907743,189.0301827046465,1430175,11.708945510362357,0.4531126668108837,11.708945510362357,0.4531126668108837,004650.14+002711.2,0.7551728550055243,45.05621163772242,0.0039877068534757,44.34440440868123,0.0039877068534757,-23.603937099270507,6.0476861000061035,0.7551728550055243,45.05621163772242,0.0039877068534757,"(44.729, 45.261]"
1424391,110.18350016704277,229.59979377851155,1424391,16.373363114981274,-0.1844713307877207,16.373363114981274,-0.1844713307877207,010529.60-001104.0,0.7385168953487017,44.88819469300536,0.0084485174827548,44.17638746396417,0.0084485174827548,-23.09691409492901,3.3474783897399902,0.7385168953487017,44.88819469300536,0.0084485174827548,"(44.729, 45.261]"
1448241,849.8882589528306,1170.3898892025495,1448241,353.9234666836903,0.2971446682391812,353.9234666836903,0.2971446682391812,233541.63+001749.7,0.6616201247070496,44.88804703635891,0.0054947592276164,44.17623980731772,0.0054947592276164,-22.912476768387645,4.058853626251221,0.6616201247070496,44.88804703635891,0.0054947592276164,"(44.729, 45.261]"
1444916,23.46130033172176,52.12935232275262,1444916,359.8392285503565,0.1686661280674432,359.8392285503565,0.1686661280674432,235921.41+001007.1,0.9043601805894609,45.008435051013606,0.0066891554370229,44.296627821972415,0.0066891554370229,-22.740846339237553,4.483968734741211,0.9043601805894609,45.008435051013606,0.0066891554370229,"(44.729, 45.261]"
1413766,45.30889139250407,52.97632336413229,1413766,24.368172075700784,-0.2909196634776883,24.368172075700784,-0.2909196634776883,013728.36-001727.3,0.6212924389972347,45.2442810044139,0.0031257742560057,44.53247377537271,0.0031257742560057,-22.86343531269319,10.924955368041992,0.6212924389972347,45.2442810044139,0.0031257742560057,"(44.729, 45.261]"
1443019,41.033549916373616,128.5216316592483,1443019,1.473828,-1.021591,1.473828,-1.021591,000553.71-010117.7,0.6307799198229216,45.22092030200442,0.0092345797033459,44.50911307296323,0.0092345797033459,-23.461175315938814,3.798222780227661,0.6307799198229216,45.22092030200442,0.0092345797033459,"(44.729, 45.261]"
1451799,82.68211056083652,194.82942813914772,1451799,347.326569,-0.786927,347.326569,-0.786927,230918.37-004712.9,0.5782403293737535,45.04189200974773,0.0155777140041735,44.330084780706535,0.0155777140041735,-23.018178475733038,3.574845552444458,0.5782403293737535,45.04189200974773,0.0155777140041735,"(44.729, 45.261]"
1407505,512.0906240075748,1138.0370785169505,1407505,28.985527,-0.835582,28.985527,-0.835582,015556.52-005008.0,0.46791881478804637,44.89716243160058,0.0175761316762503,44.185355202559386,0.0175761316762503,-23.10027540235986,4.892355442047119,0.46791881478804637,44.89716243160058,0.0175761316762503,"(44.729, 45.261]"
1394880,279.66384127813404,427.51471602559445,1394880,37.90591740478806,0.6183321853629657,37.90591740478806,0.6183321853629657,023137.42+003705.9,0.5583560178538308,45.143615825086584,0.0060923955155232,44.43180859604539,0.0060923955155232,-22.684750582098975,10.198236465454102,0.5583560178538308,45.143615825086584,0.0060923955155232,"(44.729, 45.261]"
1421717,55.54386055674861,96.16449456371134,1421717,18.51436587073072,0.8955451138510655,18.51436587073072,0.8955451138510655,011403.44+005343.9,0.8955552953196009,45.135004154556555,0.009155965315994,44.42319692551536,0.009155965315994,-23.27645061284064,3.6374287605285645,0.8955552953196009,45.135004154556555,0.009155965315994,"(44.729, 45.261]"
1395537,32.077096331751086,60.36122578832054,1395537,37.4628864069696,-0.4659309476088555,37.4628864069696,-0.4659309476088555,022951.09-002757.3,0.6781835166379743,45.010278186750995,0.0027368902232609,44.2984709577098,0.0027368902232609,-22.61423319847937,6.217658042907715,0.6781835166379743,45.010278186750995,0.0027368902232609,"(44.729, 45.261]"
1431454,45.802382108150326,95.4435404325244,1431454,10.79004491665307,-0.3461363467126116,10.79004491665307,-0.3461363467126116,004309.61-002046.0,0.8443996851720998,45.123942916028454,0.0067838852364303,44.41213568698726,0.0067838852364303,-22.878434016346908,4.861440181732178,0.8443996851720998,45.123942916028454,0.0067838852364303,"(44.729, 45.261]"
1410207,70.86552724805856,125.53866608235712,1410207,26.89588416887653,1.2326797748441485,26.89588416887653,1.2326797748441485,014735.01+011357.6,0.6328253898786675,44.97101290027826,0.0058733445769227,44.25920567123707,0.0058733445769227,-22.5109643044114,3.7581095695495605,0.6328253898786675,44.97101290027826,0.0058733445769227,"(44.729, 45.261]"
1442388,54.83713231977231,300.7782756154483,1442388,1.978563,-0.667693,1.978563,-0.667693,000754.85-004003.6,0.5731412030967262,45.18591407922277,0.008704600501975,44.47410685018158,0.008704600501975,-23.263777673920778,4.729255199432373,0.5731412030967262,45.18591407922277,0.008704600501975,"(44.729, 45.261]"
1451477,385.75664415917487,997.743960724253,1451477,347.91227447547215,1.0256682202507152,347.91227447547215,1.0256682202507152,231138.94+010132.4,0.5770854553888919,45.14401609000004,0.0049905728204535,44.432208860958845,0.0049905728204535,-23.282758074420542,10.948404312133789,0.5770854553888919,45.14401609000004,0.0049905728204535,"(44.729, 45.261]"
1420828,146.90873383611233,755.5100966772445,1420828,19.221033913566117,-1.1308590741740985,19.221033913566117,-1.1308590741740985,011653.04-010751.0,0.5620136407998333,45.18730051437625,0.0132801398070299,44.475493285335055,0.0132801398070299,-23.203852535036884,10.517304420471191,0.5620136407998333,45.18730051437625,0.0132801398070299,"(44.729, 45.261]"
1394251,195.1662279526875,407.0307435871733,1394251,38.32820156977232,0.3571597751861659,38.32820156977232,0.3571597751861659,023318.76+002125.7,0.6113087727476868,45.13345339831372,0.004383469943562,44.42164616927253,0.004383469943562,-22.802060468197023,8.339997291564941,0.6113087727476868,45.13345339831372,0.004383469943562,"(44.729, 45.261]"
1408932,115.92179680750024,504.57580039606114,1408932,27.87594387627263,-0.9506969878844908,27.87594387627263,-0.9506969878844908,015130.22-005702.5,0.6023905365227568,45.0643783449397,0.0048831559795949,44.352571115898506,0.0048831559795949,-22.328918163400925,6.801946640014648,0.6023905365227568,45.0643783449397,0.0048831559795949,"(44.729, 45.261]"
1394046,30.455936978138865,73.40305442556455,1394046,38.47270355764854,-1.0366242866026072,38.47270355764854,-1.0366242866026072,023353.44-010211.8,0.6919755652859942,45.08367300162463,0.0058748881278987,44.37186577258344,0.0058748881278987,-23.268181183601197,4.672934532165527,0.6919755652859942,45.08367300162463,0.0058748881278987,"(44.729, 45.261]"
1403746,89.99535199581481,182.5756807776453,1403746,31.850737,-0.811503,31.850737,-0.811503,020724.17-004841.4,0.3726655261962271,44.90056203854602,0.0068625030808142,44.18875480950483,0.0068625030808142,-22.935527121955936,7.360942840576172,0.3726655261962271,44.90056203854602,0.0068625030808142,"(44.729, 45.261]"
1464818,153.03177642946366,398.1527649736712,1464818,322.527865,0.327742,322.527865,0.327742,213006.68+001939.8,0.6548733286969456,45.11764031165417,0.0100316716180621,44.40583308261298,0.0100316716180621,-22.99090992724204,3.390646457672119,0.6548733286969456,45.11764031165417,0.0100316716180621,"(44.729, 45.261]"
1464399,54.7897554332519,215.86438601058128,1464399,323.32135782023096,0.8499258470599278,323.32135782023096,0.8499258470599278,213317.12+005059.7,0.5774370976304577,45.02588765122964,0.0045792156546866,44.31408042218845,0.0045792156546866,-23.592539202627975,7.791712760925293,0.5774370976304577,45.02588765122964,0.0045792156546866,"(44.729, 45.261]"
1419145,16.371291970554047,27.22887580853903,1419145,20.45926582806959,0.7767017923930244,20.45926582806959,0.7767017923930244,012150.22+004636.1,0.9069940650777929,45.15924182071402,0.0103914773749558,44.44743459167283,0.0103914773749558,-23.10374464942998,3.114550828933716,0.9069940650777929,45.15924182071402,0.0103914773749558,"(44.729, 45.261]"
1459630,78.32327895229677,152.932557832689,1459630,332.278798,0.762209,332.278798,0.762209,220906.91+004543.9,0.446908400515296,45.16085028206079,0.0066245161217111,44.4490430530196,0.0066245161217111,-22.846185605868445,8.359038352966309,0.446908400515296,45.16085028206079,0.0066245161217111,"(44.729, 45.261]"
1409399,226.77210920476057,431.2018217232237,1409399,27.50703366298693,0.167115750217439,27.50703366298693,0.167115750217439,015001.68+001001.6,0.8958938223884804,45.093172936543404,0.0116545679387414,44.38136570750221,0.0116545679387414,-23.141691639412837,3.2930288314819336,0.8958938223884804,45.093172936543404,0.0116545679387414,"(44.729, 45.261]"
1408568,17.484702278781874,135.31009806538543,1408568,28.171416821516917,-1.0490693481568178,28.171416821516917,-1.0490693481568178,015241.14-010256.6,0.6972352624527234,44.900360050695824,0.0057160147241397,44.18855282165463,0.0057160147241397,-22.75127485188968,4.977563858032227,0.6972352624527234,44.900360050695824,0.0057160147241397,"(44.729, 45.261]"
1410147,246.5860185936208,372.5447175585285,1410147,26.94351902862482,0.4914059078028675,26.94351902862482,0.4914059078028675,014746.44+002929.0,0.8251099953461208,44.853629048907194,0.0111479647074865,44.141821819866,0.0111479647074865,-22.847807598192727,3.1131224632263184,0.8251099953461208,44.853629048907194,0.0111479647074865,"(44.729, 45.261]"
1433940,439.9962979082657,492.6704915294685,1433940,8.964271,0.595972,8.964271,0.595972,003551.42+003545.4,0.4313437110771526,45.05580657700297,0.0071160376900145,44.34399934796178,0.0071160376900145,-22.905677772555467,7.729619979858398,0.4313437110771526,45.05580657700297,0.0071160376900145,"(44.729, 45.261]"
1392094,15.923614159466684,47.0209679150898,1392094,39.921762701836144,0.599365041488729,39.921762701836144,0.599365041488729,023941.22+003557.7,0.8121782773399717,44.90790744436633,0.0073873037117238,44.19610021532514,0.0073873037117238,-23.45491839154546,3.5486860275268555,0.8121782773399717,44.90790744436633,0.0073873037117238,"(44.729, 45.261]"
1447973,52.14835925742724,92.83746659105913,1447973,354.4119247519607,-0.337955106237949,354.4119247519607,-0.337955106237949,233738.86-002016.6,0.7160100043274441,45.019163274446505,0.0137430825208006,44.307356045405314,0.0137430825208006,-23.032908379830165,3.2297797203063965,0.7160100043274441,45.019163274446505,0.0137430825208006,"(44.729, 45.261]"
1448069,49.74547652575302,139.77367519948382,1448069,354.2250667005089,0.6312403226528901,354.2250667005089,0.6312403226528901,233654.01+003752.4,0.8434921742244317,45.03319358796458,0.0083633693837832,44.32138635892339,0.0083633693837832,-23.63053174311454,3.4549341201782227,0.8434921742244317,45.03319358796458,0.0083633693837832,"(44.729, 45.261]"
1393366,84.6436001169794,193.05786860891683,1393366,38.9695757633548,0.6589125704217855,38.9695757633548,0.6589125704217855,023552.69+003932.0,1.2072373291296974,45.21170863844486,0.0223263143412673,44.49990140940367,0.0223263143412673,-24.02312233435406,3.4509687423706055,1.2072373291296974,45.21170863844486,0.0223263143412673,"(44.729, 45.261]"
1409476,33.0000830433391,72.31726374752401,1409476,27.442444,-1.046143,27.442444,-1.046143,014946.18-010246.1,0.6232411829494414,45.05563140577928,0.0084979773295792,44.34382417673809,0.0084979773295792,-23.233967178085486,3.678022861480713,0.6232411829494414,45.05563140577928,0.0084979773295792,"(44.729, 45.261]"
1410146,23.101943230642387,34.31609964861384,1410146,26.94632377645562,-0.3062950459707725,26.94632377645562,-0.3062950459707725,014747.11-001822.6,0.7023727269355194,44.94251456351543,0.0061049021514136,44.23070733447424,0.0061049021514136,-22.162542446919783,6.050854682922363,0.7023727269355194,44.94251456351543,0.0061049021514136,"(44.729, 45.261]"
1390786,183.9806109958552,278.09783939467246,1390786,40.784118,-0.024187,40.784118,-0.024187,024308.18-000127.0,0.6780755353569776,45.192165909220144,0.0066720487112164,44.48035868017895,0.0066720487112164,-23.45525955234139,4.69635009765625,0.6780755353569776,45.192165909220144,0.0066720487112164,"(44.729, 45.261]"
1403870,164.68206431870837,319.8045858952553,1403870,31.77441325288873,0.6320603871056663,31.77441325288873,0.6320603871056663,020705.85+003755.4,0.6964455688464231,45.06081639589153,0.004763537519306,44.34900916685034,0.004763537519306,-23.2618847983068,5.313305854797363,0.6964455688464231,45.06081639589153,0.004763537519306,"(44.729, 45.261]"
1462845,379.3048649626024,743.8358058243301,1462845,326.03994086117376,-0.5490033042321913,326.03994086117376,-0.5490033042321913,214409.58-003256.4,0.5792591651573992,45.037875998541686,0.007327936683847,44.326068769500495,0.007327936683847,-23.209884106566953,5.325097560882568,0.5792591651573992,45.037875998541686,0.007327936683847,"(44.729, 45.261]"
1438760,57.03036432223316,150.84045895099314,1438760,5.017309,-0.076,5.017309,-0.076,002004.15-000433.6,0.6351096244564678,45.10879996984502,0.0096081142392492,44.39699274080383,0.0096081142392492,-23.200031239275926,3.0577285289764404,0.6351096244564678,45.10879996984502,0.0096081142392492,"(44.729, 45.261]"
1394973,88.46460075976196,268.5993129729702,1394973,37.84428388697772,-0.2201090715790559,37.84428388697772,-0.2201090715790559,023122.62-001312.3,0.5480111380869013,44.932224863421304,0.0058030628637375,44.22041763438011,0.0058030628637375,-22.57718157794485,4.138959884643555,0.5480111380869013,44.932224863421304,0.0058030628637375,"(44.729, 45.261]"
1401865,28.8729721030536,113.3643482356843,1401865,33.212971,-0.727189,33.212971,-0.727189,021251.11-004337.8,0.6362137731896516,45.18228940718861,0.0119252127718638,44.47048217814742,0.0119252127718638,-23.23790059672854,3.631868600845337,0.6362137731896516,45.18228940718861,0.0119252127718638,"(44.729, 45.261]"
1445987,307.4660224027733,900.1634903141352,1445987,358.15720818354566,0.1316153837606796,358.15720818354566,0.1316153837606796,235237.73+000753.8,0.659650305361281,45.14675149262036,0.0043121816910236,44.43494426357917,0.0043121816910236,-22.445721673346508,5.6787428855896,0.659650305361281,45.14675149262036,0.0043121816910236,"(44.729, 45.261]"
1419543,47.14793996691106,89.12375471624144,1419543,20.131949674742163,-0.6629301346435593,20.131949674742163,-0.6629301346435593,012031.66-003946.5,0.7459221375076736,44.95189345886681,0.0063768874977014,44.24008622982562,0.0063768874977014,-23.040410391267574,4.383674621582031,0.7459221375076736,44.95189345886681,0.0063768874977014,"(44.729, 45.261]"
1448156,289.28035067596926,171.46326934057927,1448156,354.066419,1.143774,354.066419,1.143774,233615.94+010837.5,0.5393287415252715,44.96904663676546,0.0034849203108429,44.25723940772427,0.0034849203108429,-23.16185479279384,3.8431339263916016,0.5393287415252715,44.96904663676546,0.0034849203108429,"(44.729, 45.261]"
1417437,129.34796135865886,257.92762269048313,1417437,21.76399757103196,0.6241298033380442,21.76399757103196,0.6241298033380442,012703.35+003726.8,0.6565731852648212,45.25495250527807,0.0049212133673499,44.54314527623688,0.0049212133673499,-23.015092467870307,10.398245811462402,0.6565731852648212,45.25495250527807,0.0049212133673499,"(44.729, 45.261]"
1395054,15.81644631101334,30.78758677367257,1395054,37.7834843301282,-0.5263275493534789,37.7834843301282,-0.5263275493534789,023108.03-003134.7,0.8087836523835615,44.99335215533758,0.0094489289336152,44.28154492629639,0.0094489289336152,-22.859759794966344,3.362302303314209,0.8087836523835615,44.99335215533758,0.0094489289336152,"(44.729, 45.261]"
1451830,19.650365733509894,83.61781952593543,1451830,347.2594840894561,0.5820912803583829,347.2594840894561,0.5820912803583829,230902.27+003455.5,0.7911595440164108,45.1239962123465,0.0052922336138081,44.412188983305306,0.0052922336138081,-22.784815176886692,3.085176944732666,0.7911595440164108,45.1239962123465,0.0052922336138081,"(44.729, 45.261]"
1396400,46.10047028761712,121.68174342110566,1396400,36.90470471066294,0.8001414782889164,36.90470471066294,0.8001414782889164,022737.12+004800.5,0.6584692527238435,44.94219809490958,0.0121114199198508,44.23039086586839,0.0121114199198508,-23.027462743940728,3.8067619800567627,0.6584692527238435,44.94219809490958,0.0121114199198508,"(44.729, 45.261]"
1425357,656.101684063593,1255.7869466771954,1425357,15.625152704497182,-0.5352193848663833,15.625152704497182,-0.5352193848663833,010230.03-003206.7,0.3430457387135867,44.80998865586943,0.0025800492578014,44.09818142682824,0.0025800492578014,-23.206321914584798,20.172388076782227,0.3430457387135867,44.80998865586943,0.0025800492578014,"(44.729, 45.261]"
1414598,351.2285215726071,1015.1750499338208,1414598,23.750927999999988,0.00051461999,23.750927999999988,0.00051461999,013500.22+000001.8,0.6416356551977681,45.19459903715449,0.0056990575735582,44.4827918081133,0.0056990575735582,1.0,8.757414817810059,0.6416356551977681,45.19459903715449,0.0056990575735582,"(44.729, 45.261]"
1465326,16.81503082299793,73.9547913063883,1465326,321.6330562386252,-0.6892054542598747,321.6330562386252,-0.6892054542598747,212631.93-004121.1,0.7567322626833527,45.11554225135888,0.0053545659462095,44.40373502231769,0.0053545659462095,-22.57392151322412,4.664297580718994,0.7567322626833527,45.11554225135888,0.0053545659462095,"(44.729, 45.261]"
1466378,13.684960793256442,45.005149089093216,1466378,319.7380024651427,-0.7672085110310873,319.7380024651427,-0.7672085110310873,211857.12-004601.9,0.5985325035509033,44.746919249477514,0.0134879095687381,44.03511202043632,0.0134879095687381,-22.600246661585356,3.3732669353485107,0.5985325035509033,44.746919249477514,0.0134879095687381,"(44.729, 45.261]"
1452123,309.7945158390516,634.4007651983842,1452123,346.669566,0.84343,346.669566,0.84343,230640.69+005036.3,0.4604411834987928,45.18463994017526,0.0087420128018358,44.47283271113407,0.0087420128018358,-23.2138412170771,6.7447123527526855,0.4604411834987928,45.18463994017526,0.0087420128018358,"(44.729, 45.261]"
1427145,217.7884720205261,714.5659081021147,1427145,14.154613674553332,-0.4472117845106951,14.154613674553332,-0.4472117845106951,005637.10-002649.9,0.47394899755488873,44.99612620955907,0.0056270202118646,44.28431898051788,0.0056270202118646,-22.960347658689653,11.767898559570312,0.47394899755488873,44.99612620955907,0.0056270202118646,"(44.729, 45.261]"
1451920,33.693052960666115,50.31527267399003,1451920,347.0898880462138,1.0569621672462526,347.0898880462138,1.0569621672462526,230821.57+010325.0,0.7330710021705266,44.848797863412514,0.0077895437670534,44.13699063437132,0.0077895437670534,-23.033298019218392,3.257265090942383,0.7330710021705266,44.848797863412514,0.0077895437670534,"(44.729, 45.261]"
1395486,44.34207474449162,103.71117387209485,1395486,37.49826837618264,0.7755774145471163,37.49826837618264,0.7755774145471163,022959.58+004632.0,0.7858362372586455,45.25419783559011,0.0033980510782392,44.54239060654892,0.0033980510782392,-23.60382997526889,7.783483028411865,0.7858362372586455,45.25419783559011,0.0033980510782392,"(44.729, 45.261]"
1446117,75.59528268160165,199.07129433808151,1446117,357.9453332350754,0.2541041647170776,357.9453332350754,0.2541041647170776,235146.88+001514.7,0.931004493630413,45.129315045843825,0.0084664535322822,44.41750781680263,0.0084664535322822,-23.445551668945978,3.283581018447876,0.931004493630413,45.129315045843825,0.0084664535322822,"(44.729, 45.261]"
1390109,14.54836015714938,31.02639630346098,1390109,41.2549675062985,0.6121213645560353,41.2549675062985,0.6121213645560353,024501.19+003643.6,0.7717710695206318,44.98168510752516,0.0090440740187531,44.26987787848397,0.0090440740187531,-22.811295149332846,4.451284885406494,0.7717710695206318,44.98168510752516,0.0090440740187531,"(44.729, 45.261]"
1424141,263.7090344880695,490.8923434948504,1424141,16.56182115495156,0.6934114402909057,16.56182115495156,0.6934114402909057,010614.83+004136.2,0.7353656769742425,44.9344809102013,0.0142968593370866,44.22267368116011,0.0142968593370866,-22.18313103147067,3.659532308578491,0.7353656769742425,44.9344809102013,0.0142968593370866,"(44.729, 45.261]"
1409989,652.2062835513673,932.3757871706812,1409989,27.069718,-0.806353,27.069718,-0.806353,014816.73-004822.8,0.5259554070700112,45.20963729994825,0.0098945154183809,44.49783007090706,0.0098945154183809,-23.219748991327076,6.660954475402832,0.5259554070700112,45.20963729994825,0.0098945154183809,"(44.729, 45.261]"
1439541,43.77820661573591,92.68067148469012,1439541,4.370486142604932,-1.0004078353542596,4.370486142604932,-1.0004078353542596,001728.91-010001.4,0.9112321742723942,45.0543284096934,0.0094178044062793,44.342521180652206,0.0094178044062793,-23.78713426469955,3.315361261367798,0.9112321742723942,45.0543284096934,0.0094178044062793,"(44.729, 45.261]"
1393340,21.33457696282508,65.67642036596172,1393340,38.98851034747138,0.6271596867264585,38.98851034747138,0.6271596867264585,023557.24+003737.7,0.965260404400527,45.16137031704088,0.0080039334109862,44.449563087999685,0.0080039334109862,-23.111704628344643,3.2331721782684326,0.965260404400527,45.16137031704088,0.0080039334109862,"(44.729, 45.261]"
1459915,748.8732133884355,1817.9332271327216,1459915,331.76799671558064,0.8405395659342818,331.76799671558064,0.8405395659342818,220704.31+005025.9,0.3176109497697183,45.04944509386587,0.0024677480054897,44.33763786482468,0.0024677480054897,-22.429344873918136,19.54481315612793,0.3176109497697183,45.04944509386587,0.0024677480054897,"(44.729, 45.261]"
1459282,108.24253047517472,287.8209017349262,1459282,332.953612,0.535449,332.953612,0.535449,221148.86+003207.6,0.52735771343957,45.16735790106148,0.0050999730501963,44.45555067202029,0.0050999730501963,-23.509392574661913,6.947915554046631,0.52735771343957,45.16735790106148,0.0050999730501963,"(44.729, 45.261]"
1410584,91.17262155462916,159.57749311807433,1410584,26.613324,0.350271,26.613324,0.350271,014627.19+002100.9,0.4058387885353896,45.010811528830246,0.0046892297955452,44.299004299789054,0.0046892297955452,-22.84887866700657,7.539304256439209,0.4058387885353896,45.010811528830246,0.0046892297955452,"(44.729, 45.261]"
1425973,18.819558958505404,41.57852278897752,1425973,15.148339301636938,-0.5723543427519436,15.148339301636938,-0.5723543427519436,010035.60-003420.4,0.9381653616154918,45.175816827344455,0.0122128840933726,44.464009598303264,0.0122128840933726,-23.118143581962595,3.0728745460510254,0.9381653616154918,45.175816827344455,0.0122128840933726,"(44.729, 45.261]"
1412629,55.223222541450816,167.2362192914317,1412629,25.18543741265913,-0.773380061821109,25.18543741265913,-0.773380061821109,014044.50-004624.1,0.7246125975002978,44.8962335529426,0.0116361313864707,44.184426323901405,0.0116361313864707,-22.692117211477356,4.221858024597168,0.7246125975002978,44.8962335529426,0.0116361313864707,"(44.729, 45.261]"
1447197,134.01695561428284,208.17942670632,1447197,355.8978646849049,-0.9661426149379498,355.8978646849049,-0.9661426149379498,234335.48-005758.1,0.3407081426882259,44.75332779616852,0.0039294634134989,44.04152056712733,0.0039294634134989,-23.021283001828415,20.574756622314453,0.3407081426882259,44.75332779616852,0.0039294634134989,"(44.729, 45.261]"
1449382,15.081377666820035,177.62687849048586,1449382,351.794952585021,0.284375178517346,351.794952585021,0.284375178517346,232710.78+001703.7,0.34852715559600816,44.784835206350934,0.002705196932542,44.07302797730974,0.002705196932542,-22.69080313774642,16.518239974975586,0.34852715559600816,44.784835206350934,0.002705196932542,"(44.729, 45.261]"
1463599,33.01506446219051,1652.5047562794955,1463599,324.70592761779994,0.842295950346793,324.70592761779994,0.842295950346793,213849.42+005032.2,0.8930593015969965,45.04141428976983,0.0150699419417925,44.32960706072864,0.0150699419417925,-22.912058093569627,3.5990681648254395,0.8930593015969965,45.04141428976983,0.0150699419417925,"(44.729, 45.261]"
1433367,46.53784896816467,124.17228496738431,1433367,9.400610219102248,-0.4506026294497455,9.400610219102248,-0.4506026294497455,003736.14-002702.1,0.6953644612687042,44.96188876965938,0.0051325963246071,44.25008154061819,0.0051325963246071,-22.626196995137295,4.015379428863525,0.6953644612687042,44.96188876965938,0.0051325963246071,"(44.729, 45.261]"
1422779,70.04926516640822,152.30465611238566,1422779,17.623526,-0.421462,17.623526,-0.421462,011029.64-002517.2,0.8446513496589174,45.2250193707076,0.006668608655076,44.51321214166641,0.006668608655076,-23.795272719328082,4.370439529418945,0.8446513496589174,45.2250193707076,0.006668608655076,"(44.729, 45.261]"
1450124,21.83565471076281,19.487670185480663,1450124,350.41596823847505,-0.0006704996631899,350.41596823847505,-0.0006704996631899,232139.83-000002.4,0.7999921127135229,45.1398580742898,0.0089124620698122,44.428050845248606,0.0089124620698122,-23.126484804234185,4.986440658569336,0.7999921127135229,45.1398580742898,0.0089124620698122,"(44.729, 45.261]"
1463810,16.549613254599127,37.15756423328418,1463810,324.29616825923813,-0.3554814675965727,324.29616825923813,-0.3554814675965727,213711.08-002119.7,0.8994455068869467,45.217044517197685,0.0049275654234683,44.50523728815649,0.0049275654234683,-23.103533229815273,4.630686283111572,0.8994455068869467,45.217044517197685,0.0049275654234683,"(44.729, 45.261]"
1449053,21.004258657157788,32.162802540776354,1449053,352.4221175992691,-1.148488591101749,352.4221175992691,-1.148488591101749,232941.30-010854.5,0.8365219075688886,45.045606921081145,0.0120454711895092,44.33379969203995,0.0120454711895092,-23.11359431685677,3.1711151599884033,0.8365219075688886,45.045606921081145,0.0120454711895092,"(44.729, 45.261]"
1446977,28.230563306043727,63.84618342367304,1446977,356.44272624357774,-0.1223725491677009,356.44272624357774,-0.1223725491677009,234546.25-000720.5,0.9421336478008276,45.2216308204554,0.0077016252981891,44.50982359141421,0.0077016252981891,-23.46980682176304,4.362392902374268,0.9421336478008276,45.2216308204554,0.0077016252981891,"(44.729, 45.261]"
1428085,87.02544416573308,204.4466958768869,1428085,13.423789833911592,-0.39265715828553,13.423789833911592,-0.39265715828553,005341.70-002333.5,0.7907465448926713,45.198129033227595,0.0049830727003907,44.4863218041864,0.0049830727003907,-23.363489427480626,4.886438846588135,0.7907465448926713,45.198129033227595,0.0049830727003907,"(44.729, 45.261]"
1402558,227.46571600775468,625.7656530174503,1402558,32.693645,-0.724206,32.693645,-0.724206,021046.47-004327.1,0.3864716876217568,45.14218449350001,0.0059940996957621,44.43037726445882,0.0059940996957621,-22.086575473489237,7.805274486541748,0.3864716876217568,45.14218449350001,0.0059940996957621,"(44.729, 45.261]"
1411090,87.910316685894,144.3608326750455,1411090,26.238810980536773,0.9520002412909084,26.238810980536773,0.9520002412909084,014457.31+005707.2,0.7454239478604566,45.02413807411815,0.0056559295485918,44.31233084507696,0.0056559295485918,-23.033921547789564,6.178159236907959,0.7454239478604566,45.02413807411815,0.0056559295485918,"(44.729, 45.261]"
1392828,94.42923114913305,250.8751156907828,1392828,39.38959877059488,-0.7081340597663595,39.38959877059488,-0.7081340597663595,023733.50-004229.2,0.6015589412951572,44.94754761041431,0.0076874977461613,44.23574038137312,0.0076874977461613,-22.865866955346018,6.425759792327881,0.6015589412951572,44.94754761041431,0.0076874977461613,"(44.729, 45.261]"
1417340,330.7662221116537,403.9505802329269,1417340,21.834511388507508,0.7048500846348946,21.834511388507508,0.7048500846348946,012720.28+004217.4,0.653102403664642,45.20196758761935,0.0032712086003208,44.49016035857816,0.0032712086003208,-23.038838478497798,9.814447402954102,0.653102403664642,45.20196758761935,0.0032712086003208,"(44.729, 45.261]"
1450953,870.6361274097561,1696.1343883876348,1450953,348.89263670653486,-0.4361174569117035,348.89263670653486,-0.4361174569117035,231534.23-002610.0,0.5817524412333771,45.23302289826258,0.0042908900493614,44.52121566922139,0.0042908900493614,-21.566206125391872,7.110764026641846,0.5817524412333771,45.23302289826258,0.0042908900493614,"(44.729, 45.261]"
1407863,18.60629350036785,107.34300351130616,1407863,28.719985328666848,0.1669887307458838,28.719985328666848,0.1669887307458838,015452.79+001001.1,0.7748342848087126,45.04272383080605,0.0080519350739436,44.330916601764855,0.0080519350739436,-23.72391259710395,5.202957630157471,0.7748342848087126,45.04272383080605,0.0080519350739436,"(44.729, 45.261]"
1439982,24.51651450550297,164.80405609669066,1439982,4.024838508282642,-1.0353329837366845,4.024838508282642,-1.0353329837366845,001605.96-010207.1,0.417442823007088,45.02230559322353,0.0024175936933303,44.31049836418234,0.0024175936933303,-22.515171333935516,12.622915267944336,0.417442823007088,45.02230559322353,0.0024175936933303,"(44.729, 45.261]"
1412003,15.397354701037369,64.27518568523901,1412003,25.59558099999998,-0.45549668,25.59558099999998,-0.45549668,014222.93-002719.7,0.8101779581284309,45.20520259539178,0.0060473557367828,44.49339536635059,0.0060473557367828,1.0,5.220808506011963,0.8101779581284309,45.20520259539178,0.0060473557367828,"(44.729, 45.261]"
1465436,19.21302801773306,50.20699786602352,1465436,321.4510971799728,-0.9535577863559276,321.4510971799728,-0.9535577863559276,212548.26-005712.8,0.7624948952905705,45.16357883891558,0.0068745467370057,44.45177160987439,0.0068745467370057,-23.15774161416354,4.606821060180664,0.7624948952905705,45.16357883891558,0.0068745467370057,"(44.729, 45.261]"
1450170,12.286630325418828,23.295303428438395,1450170,350.3433048582955,1.0424723915324323,350.3433048582955,1.0424723915324323,232122.39+010232.9,0.8139772932772972,45.06943071623352,0.0142937018856947,44.35762348719233,0.0142937018856947,-23.202227578909394,3.5821073055267334,0.8139772932772972,45.06943071623352,0.0142937018856947,"(44.729, 45.261]"
1465255,39.13488906427447,98.49087586452087,1465255,321.79462666701744,-0.6278770929825768,321.79462666701744,-0.6278770929825768,212710.71-003740.3,0.6929939491602773,45.03737071127683,0.0025315909268925,44.32556348223564,0.0025315909268925,-23.28719223739054,7.039449214935303,0.6929939491602773,45.03737071127683,0.0025315909268925,"(44.729, 45.261]"
1448208,40.31029689753397,83.85050991988145,1448208,353.98090487310617,-1.192208980287027,353.98090487310617,-1.192208980287027,233555.41-011131.9,0.47742964771251306,44.772025418323885,0.003783255127626,44.06021818928269,0.003783255127626,-22.8351302430965,9.092604637145996,0.47742964771251306,44.772025418323885,0.003783255127626,"(44.729, 45.261]"
1408232,19.75159263180113,62.18159163426092,1408232,28.430072099039023,1.1092419330527052,28.430072099039023,1.1092419330527052,015343.21+010633.2,0.8385617312811282,45.195962965030496,0.0078625566831362,44.484155735989305,0.0078625566831362,-23.35779340603067,3.8791823387145996,0.8385617312811282,45.195962965030496,0.0078625566831362,"(44.729, 45.261]"
1432200,101.293282351695,212.9195659951117,1432200,10.25769414190222,0.3257443181451776,10.25769414190222,0.3257443181451776,004101.84+001932.6,0.5726971393125558,44.858102358626034,0.0068348132761002,44.14629512958484,0.0068348132761002,-22.532803243136378,4.680171012878418,0.5726971393125558,44.858102358626034,0.0068348132761002,"(44.729, 45.261]"
1430842,14.15040499860358,31.408592405534552,1430842,11.232441811681014,1.2021182460842028,11.232441811681014,1.2021182460842028,004455.78+011207.6,0.8460992292973969,44.97021585734265,0.0095657015303523,44.25840862830146,0.0095657015303523,-23.15752601051756,3.0849039554595947,0.8460992292973969,44.97021585734265,0.0095657015303523,"(44.729, 45.261]"
1443869,33.993362747057674,68.73969740934206,1443869,0.7880646470613897,0.4530686937530258,0.7880646470613897,0.4530686937530258,000309.13+002711.0,0.8055537638820478,45.04738186099618,0.0084697197596845,44.33557463195499,0.0084697197596845,-22.577209062263545,3.2638378143310547,0.8055537638820478,45.04738186099618,0.0084697197596845,"(44.729, 45.261]"
1433278,106.7746380815814,252.9814906655685,1433278,9.46788,-0.018443,9.46788,-0.018443,003752.29-000106.3,0.5910552246073858,44.954079798412465,0.0126219024048523,44.24227256937127,0.0126219024048523,-22.632622181457727,3.7217390537261963,0.5910552246073858,44.954079798412465,0.0126219024048523,"(44.729, 45.261]"
1451469,36.89656992013145,52.378333979071165,1451469,347.91907967934617,-0.5129794611057525,347.91907967934617,-0.5129794611057525,231140.57-003046.7,0.976325702311986,45.22351980845328,0.0130132733064485,44.51171257941209,0.0130132733064485,-23.651820640743747,3.1066811084747314,0.976325702311986,45.22351980845328,0.0130132733064485,"(44.729, 45.261]"
1451133,262.48282108378464,560.6229480790191,1451133,348.54758812699686,-1.0538238038707632,348.54758812699686,-1.0538238038707632,231411.42-010313.7,0.48463359674097284,45.191600609914815,0.0043711606615985,44.47979338087362,0.0043711606615985,-23.41674979100545,12.554454803466797,0.48463359674097284,45.191600609914815,0.0043711606615985,"(44.729, 45.261]"
1392640,28.959735866201967,82.63648779849213,1392640,39.52605380220254,-0.527804623531424,39.52605380220254,-0.527804623531424,023806.25-003140.0,0.7455634007968449,45.22817550317955,0.0066430225152664,44.51636827413836,0.0066430225152664,-23.340524400408764,5.831823825836182,0.7455634007968449,45.22817550317955,0.0066430225152664,"(44.729, 45.261]"
1412349,69.40839016779908,130.80692901143777,1412349,25.370184537966203,0.6200625425931079,25.370184537966203,0.6200625425931079,014128.84+003712.2,0.8158566525656685,45.24680029901828,0.0062006422469664,44.53499306997709,0.0062006422469664,-23.328292917074723,5.097275257110596,0.8158566525656685,45.24680029901828,0.0062006422469664,"(44.729, 45.261]"
1428074,41.21821049210784,94.27056736706834,1428074,13.433308177474403,-1.2397492022462837,13.433308177474403,-1.2397492022462837,005343.99-011423.0,0.6437243691303216,44.930142635530984,0.0032184790064562,44.21833540648979,0.0032184790064562,-22.782199329873524,5.716365814208984,0.6437243691303216,44.930142635530984,0.0032184790064562,"(44.729, 45.261]"
1451924,270.54279722462405,491.3566286170517,1451924,347.0796452194384,1.1757787622795763,347.0796452194384,1.1757787622795763,230819.11+011032.8,0.9239069973144165,45.23905369611274,0.011337707987213,44.52724646707155,0.011337707987213,-23.330747328101115,4.392194747924805,0.9239069973144165,45.23905369611274,0.011337707987213,"(44.729, 45.261]"
1447090,39.0865039688763,70.20421263157462,1447090,356.1717322727855,-0.9225661552727232,356.1717322727855,-0.9225661552727232,234441.21-005521.2,0.7246182018667933,44.94128074689471,0.0108098798985807,44.22947351785352,0.0108098798985807,-22.89337839060317,3.0361928939819336,0.7246182018667933,44.94128074689471,0.0108098798985807,"(44.729, 45.261]"
1422469,136.8147778389495,422.78100900002113,1422469,17.896442063810692,0.1787641971479028,17.896442063810692,0.1787641971479028,011135.14+001043.5,0.9077613110836588,45.07183494998311,0.009291189819983,44.36002772094192,0.009291189819983,-23.043864570641023,3.300299882888794,0.9077613110836588,45.07183494998311,0.009291189819983,"(44.729, 45.261]"
1455689,36.769858366835,105.7042959161482,1455689,339.7345246474927,-0.4233113528827038,339.7345246474927,-0.4233113528827038,223856.28-002523.9,0.9014841417643413,45.072772053400314,0.0120546160423273,44.36096482435912,0.0120546160423273,-23.1123765007188,3.0036697387695312,0.9014841417643413,45.072772053400314,0.0120546160423273,"(44.729, 45.261]"
1403139,26.75797723297463,49.09881383414083,1403139,32.280636001365394,1.0989908277243976,32.280636001365394,1.0989908277243976,020907.35+010556.3,0.6952697890885209,44.84438733063456,0.0077905868144121,44.13258010159337,0.0077905868144121,-22.58604775099204,3.7349984645843506,0.6952697890885209,44.84438733063456,0.0077905868144121,"(44.729, 45.261]"
1403850,50.866835663465366,62.69717406524732,1403850,31.78367481044245,0.2743220565076831,31.78367481044245,0.2743220565076831,020708.08+001627.5,1.0732127070904833,45.258362772307905,0.0085483464530007,44.54655554326671,0.0085483464530007,-23.04727849205851,3.4112112522125244,1.0732127070904833,45.258362772307905,0.0085483464530007,"(44.729, 45.261]"
1425090,15.779825254065829,23.603106484314697,1425090,15.83254237078225,0.7601297231146418,15.83254237078225,0.7601297231146418,010319.81+004536.4,1.0363677030260805,45.21728915173769,0.0073271260042524,44.5054819226965,0.0073271260042524,-23.13285681320538,3.2069056034088135,1.0363677030260805,45.21728915173769,0.0073271260042524,"(44.729, 45.261]"
1436799,22.71989160670227,47.10993125661256,1436799,6.67262755243928,0.2507612957881986,6.67262755243928,0.2507612957881986,002641.43+001502.7,0.8966583924818603,45.231439036497115,0.0076642746597244,44.51963180745592,0.0076642746597244,-23.294409866219656,4.151726722717285,0.8966583924818603,45.231439036497115,0.0076642746597244,"(44.729, 45.261]"
1445810,13.20815520521164,51.67072817940218,1445810,358.4366782496359,-0.3213954757181508,358.4366782496359,-0.3213954757181508,235344.80-001917.0,0.769659331373318,45.13353556915081,0.0058816369142711,44.42172834010962,0.0058816369142711,-22.49295872325958,4.022745609283447,0.769659331373318,45.13353556915081,0.0058816369142711,"(44.729, 45.261]"
1444990,16.981326943819933,52.22444494187136,1444990,359.7329875950629,0.6094641238694457,359.7329875950629,0.6094641238694457,235855.91+003634.0,0.5552169428923466,44.828523071173514,0.004897662959344,44.11671584213232,0.004897662959344,-22.321579821490296,5.6456170082092285,0.5552169428923466,44.828523071173514,0.004897662959344,"(44.729, 45.261]"
1414778,162.27898918757438,416.30204531503495,1414778,23.634349492036485,-1.2323887458342142,23.634349492036485,-1.2323887458342142,013432.24-011356.5,0.752745010997756,44.970877912929794,0.010681389872321,44.2590706838886,0.010681389872321,-22.322027389593767,3.5167555809020996,0.752745010997756,44.970877912929794,0.010681389872321,"(44.729, 45.261]"
1398933,123.08953698593396,219.95299408506105,1398933,35.19514659236185,-1.147603324442789,35.19514659236185,-1.147603324442789,022046.83-010851.3,0.43920946786911347,44.90364025808193,0.0053547020470148,44.19183302904074,0.0053547020470148,-22.351630564078466,11.128105163574219,0.43920946786911347,44.90364025808193,0.0053547020470148,"(44.729, 45.261]"
1465870,226.61384972974184,793.9109035255774,1465870,320.7203304711728,1.1502295497508586,320.7203304711728,1.1502295497508586,212252.87+010900.8,0.9436669127999623,45.20987748112959,0.0092135052574349,44.4980702520884,0.0092135052574349,-23.793065928913112,4.287808895111084,0.9436669127999623,45.20987748112959,0.0092135052574349,"(44.729, 45.261]"
1392966,15.31948915346595,38.82576439738117,1392966,39.28499844339138,-0.8309415319338574,39.28499844339138,-0.8309415319338574,023708.39-004951.3,0.9148923268827582,45.19392252372866,0.0077897389371592,44.48211529468747,0.0077897389371592,-22.95467409421534,4.453179836273193,0.9148923268827582,45.19392252372866,0.0077897389371592,"(44.729, 45.261]"
1464797,23.335345908825623,51.37796374914175,1464797,322.5569044766859,-0.4858840738733814,322.5569044766859,-0.4858840738733814,213013.65-002909.1,0.7161366025912529,44.819786599325994,0.0076895977603044,44.1079793702848,0.0076895977603044,-22.526150085315177,3.1445648670196533,0.7161366025912529,44.819786599325994,0.0076895977603044,"(44.729, 45.261]"
1444872,11.40760093156119,43.04120992847317,1444872,359.9190838810991,-0.4676546798764478,359.9190838810991,-0.4676546798764478,235940.58-002803.5,0.8603185338652964,45.07114302794342,0.0094178332059584,44.35933579890223,0.0094178332059584,-23.131450610589138,3.3802337646484375,0.8603185338652964,45.07114302794342,0.0094178332059584,"(44.729, 45.261]"
1443989,400.25021164442575,1162.8702018922377,1443989,0.6828970322842167,0.5732404975523105,0.6828970322842167,0.5732404975523105,000243.89+003423.6,0.7208226011919528,44.88975954250909,0.0095667127018188,44.1779523134679,0.0095667127018188,-22.50976556069371,3.297452688217163,0.7208226011919528,44.88975954250909,0.0095667127018188,"(44.729, 45.261]"
1449815,151.45543895005798,396.4887212977477,1449815,350.97933304317604,-0.2520485949631501,350.97933304317604,-0.2520485949631501,232355.03-001507.3,0.4003459327752727,45.13169152657065,0.002582030496228,44.41988429752946,0.002582030496228,-23.5461041755764,17.509353637695312,0.4003459327752727,45.13169152657065,0.002582030496228,"(44.729, 45.261]"
1401319,15.600354769618647,159.0466887554336,1401319,33.558161708130115,0.2044285405369361,33.558161708130115,0.2044285405369361,021413.95+001215.9,0.7055661333163175,44.953598701621395,0.0054234058239117,44.2417914725802,0.0054234058239117,-23.235926796414788,6.266043663024902,0.7055661333163175,44.953598701621395,0.0054234058239117,"(44.729, 45.261]"
1400272,203.53043457306043,709.1278694423995,1400272,34.284765,-0.305776,34.284765,-0.305776,021708.34-001820.7,0.4374693091771401,45.15859360265726,0.007914569080146,44.44678637361607,0.007914569080146,-22.907294433467637,9.64784049987793,0.4374693091771401,45.15859360265726,0.007914569080146,"(44.729, 45.261]"
1446703,68.5292533069444,134.60572917929275,1446703,356.9299377697039,1.100697850575317,356.9299377697039,1.100697850575317,234743.18+010602.5,0.7538513258419602,44.7752134861713,0.0120192303691908,44.06340625713011,0.0120192303691908,-22.2565840676889,3.2366833686828613,0.7538513258419602,44.7752134861713,0.0120192303691908,"(44.729, 45.261]"
1464957,631.597609561213,1233.1808750405537,1464957,322.31887,-0.842235,322.31887,-0.842235,212916.52-005032.0,0.37327362470445186,44.84294965755642,0.0076433293943303,44.131142428515226,0.0076433293943303,-22.939979673612086,8.166316032409668,0.37327362470445186,44.84294965755642,0.0076433293943303,"(44.729, 45.261]"
1414056,13.403185861578583,25.883485595037737,1414056,24.13467089813809,-0.3216973675839552,24.13467089813809,-0.3216973675839552,013632.32-001918.1,0.920689270243714,45.20838729734065,0.0111132435687402,44.49658006829946,0.0111132435687402,-23.295884424024468,3.997490644454956,0.920689270243714,45.20838729734065,0.0111132435687402,"(44.729, 45.261]"
1421043,17.461001853235224,35.8675799400308,1421043,19.04563526058176,0.4703248805721968,19.04563526058176,0.4703248805721968,011610.95+002813.1,0.8326170698652564,45.082773890880105,0.0119138134753917,44.370966661838914,0.0119138134753917,-22.714745929599687,3.151219606399536,0.8326170698652564,45.082773890880105,0.0119138134753917,"(44.729, 45.261]"
1409028,19.25276495580354,72.40272984523384,1409028,27.79969350522617,0.911673569685186,27.79969350522617,0.911673569685186,015111.92+005442.0,0.8918186513886542,45.06939063553429,0.0088034314154796,44.3575834064931,0.0088034314154796,-23.049316113992624,4.123658180236816,0.8918186513886542,45.06939063553429,0.0088034314154796,"(44.729, 45.261]"
1444033,163.33892596674193,361.0199738112614,1444033,0.643515960539844,-0.0770276043072536,0.643515960539844,-0.0770276043072536,000234.44-000437.2,1.004191042320446,45.12629195171737,0.0118657217870321,44.41448472267618,0.0118657217870321,-23.88558018574728,3.4867331981658936,1.004191042320446,45.12629195171737,0.0118657217870321,"(44.729, 45.261]"
1405120,72.28648527902033,175.73484786663332,1405120,30.904686687649743,0.5164688672799185,30.904686687649743,0.5164688672799185,020337.12+003059.2,0.5102033979690106,44.930294956001504,0.0047056020272009,44.21848772696031,0.0047056020272009,-22.553788529188004,7.836395263671875,0.5102033979690106,44.930294956001504,0.0047056020272009,"(44.729, 45.261]"
1393851,68.79620862742614,202.7345102908028,1393851,38.61585498787639,1.1560662393288346,38.61585498787639,1.1560662393288346,023427.80+010921.8,0.7406084249359054,45.13999391284297,0.0044534470008699,44.428186683801776,0.0044534470008699,-23.24934767822759,6.115251541137695,0.7406084249359054,45.13999391284297,0.0044534470008699,"(44.729, 45.261]"
1458869,21.119967773033,45.68480790555919,1458869,333.70122679272083,0.4522982569058201,333.70122679272083,0.4522982569058201,221448.29+002708.2,0.8950077420426775,44.989852119077064,0.0114854003646662,44.27804489003587,0.0114854003646662,-22.938755722332587,3.3538618087768555,0.8950077420426775,44.989852119077064,0.0114854003646662,"(44.729, 45.261]"
1422713,112.79869532062524,146.08973696515062,1422713,17.667257418376245,-0.4095263316969668,17.667257418376245,-0.4095263316969668,011040.14-002434.2,0.6606262322671365,45.20586832188757,0.0025756845894093,44.49406109284638,0.0025756845894093,-23.640282351946606,11.67241096496582,0.6606262322671365,45.20586832188757,0.0025756845894093,"(44.729, 45.261]"
1413313,144.32877840887687,479.7224187238504,1413313,24.703509147800787,-0.295539967164865,24.703509147800787,-0.295539967164865,013848.84-001743.9,0.6692138294657097,45.05213339999837,0.0059225454435285,44.34032617095718,0.0059225454435285,-23.173640037599462,5.117526531219482,0.6692138294657097,45.05213339999837,0.0059225454435285,"(44.729, 45.261]"
1396893,495.8829042354985,992.2877754658158,1396893,36.551721,0.567298,36.551721,0.567298,022612.41+003402.2,0.42356697065838295,44.757259969834955,0.0091497404999181,44.04545274079376,0.0091497404999181,-22.78555791001843,5.2077178955078125,0.42356697065838295,44.757259969834955,0.0091497404999181,"(44.729, 45.261]"
1393980,67.61242561784712,98.03147025479416,1393980,38.51651244703811,0.262757124971204,38.51651244703811,0.262757124971204,023403.96+001545.9,0.7795662844038462,44.895884945172874,0.0088878586868261,44.18407771613168,0.0088878586868261,-23.096866533456705,4.645744800567627,0.7795662844038462,44.895884945172874,0.0088878586868261,"(44.729, 45.261]"
1401520,95.82633969810873,249.46256161504232,1401520,33.43695828205663,-0.9857620837942308,33.43695828205663,-0.9857620837942308,021344.87-005908.7,0.89322134419772,45.17321787038252,0.0133742098463187,44.46141064134133,0.0133742098463187,-23.379444712319177,3.1461033821105957,0.89322134419772,45.17321787038252,0.0133742098463187,"(44.729, 45.261]"
1407448,32.51975329839206,65.20854923193163,1407448,29.03914203653892,-0.1279370850000725,29.03914203653892,-0.1279370850000725,015609.39-000740.5,0.7462769801363405,45.16123456302841,0.0064819533028313,44.44942733398722,0.0064819533028313,-23.383279800089216,5.240621566772461,0.7462769801363405,45.16123456302841,0.0064819533028313,"(44.729, 45.261]"
1414658,728.7441442550859,1126.6196272750797,1414658,23.70361680514508,-0.4182696729180191,23.70361680514508,-0.4182696729180191,013448.86-002505.7,0.5754155269019955,44.943372957582824,0.0049907696827133,44.23156572854163,0.0049907696827133,-22.99220345140445,7.92414665222168,0.5754155269019955,44.943372957582824,0.0049907696827133,"(44.729, 45.261]"
1409621,13.464201872500388,122.90305638525992,1409621,27.32670063983869,-0.9169270683060048,27.32670063983869,-0.9169270683060048,014918.40-005500.9,0.7204724342171076,45.11031194430754,0.00359176286263,44.39850471526635,0.00359176286263,-23.71487866296847,8.536164283752441,0.7204724342171076,45.11031194430754,0.00359176286263,"(44.729, 45.261]"
1399577,23.261061281958945,42.35407024534167,1399577,34.73569709569614,-0.8974250801584033,34.73569709569614,-0.8974250801584033,021856.56-005350.7,0.6825605111243259,44.856418089033006,0.0078562401299322,44.144610859991815,0.0078562401299322,-22.76610427765391,3.473904848098755,0.6825605111243259,44.856418089033006,0.0078562401299322,"(44.729, 45.261]"
1416318,148.72883111766325,282.8586541654001,1416318,22.54114009308116,-0.8200889738774257,22.54114009308116,-0.8200889738774257,013009.87-004912.3,0.6126439263081667,44.91713753110684,0.0048552633212857,44.20533030206565,0.0048552633212857,-23.28593722207741,7.2580485343933105,0.6126439263081667,44.91713753110684,0.0048552633212857,"(44.729, 45.261]"
1452401,22.17658168505697,43.92571019399147,1452401,346.1200995345209,-0.4327770977275533,346.1200995345209,-0.4327770977275533,230428.82-002557.9,0.8872375972054257,45.07192749814134,0.0095597029700869,44.36012026910015,0.0095597029700869,-22.803124556858968,3.2867119312286377,0.8872375972054257,45.07192749814134,0.0095597029700869,"(44.729, 45.261]"
1390590,133.07746983716433,276.30886407617226,1390590,40.92128046902042,0.2709981093563711,40.92128046902042,0.2709981093563711,024341.10+001615.5,0.9020997983157198,45.169229797225256,0.0105268939408205,44.457422568184064,0.0105268939408205,-22.81718059098102,4.354999542236328,0.9020997983157198,45.169229797225256,0.0105268939408205,"(44.729, 45.261]"
1416440,200.60692009521057,388.28833147552257,1416440,22.431281,0.880892,22.431281,0.880892,012943.50+005251.2,0.6395188980790425,45.244377122083954,0.0093051853532344,44.53256989304276,0.0093051853532344,-23.369193941370217,5.365118026733398,0.6395188980790425,45.244377122083954,0.0093051853532344,"(44.729, 45.261]"
1402152,12.028701190662314,57.231459383488016,1402152,33.00756136876484,-0.958510158973198,33.00756136876484,-0.958510158973198,021201.81-005730.6,0.8627755544503047,45.13879318747359,0.0092068816970716,44.4269859584324,0.0092068816970716,-23.207441204822803,4.366363525390625,0.8627755544503047,45.13879318747359,0.0092068816970716,"(44.729, 45.261]"
1449478,103.3282059923306,315.9464482429025,1449478,351.6217377280947,-0.2936665017344738,351.6217377280947,-0.2936665017344738,232629.21-001737.1,0.7865448586982715,45.258574732732164,0.0049273402970975,44.54676750369097,0.0049273402970975,-23.42007429932222,5.908563137054443,0.7865448586982715,45.258574732732164,0.0049273402970975,"(44.729, 45.261]"
1401882,180.16937484331552,373.4633724317499,1401882,33.19987386472417,-0.3824215587011675,33.19987386472417,-0.3824215587011675,021247.96-002256.7,0.4236792179351421,44.952680581617024,0.00837455417075,44.24087335257583,0.00837455417075,-22.8493069558829,13.009032249450684,0.4236792179351421,44.952680581617024,0.00837455417075,"(44.729, 45.261]"
1465408,199.5850680601624,292.3099542957657,1465408,321.48443489327155,0.7609508421946882,321.48443489327155,0.7609508421946882,212556.26+004539.4,0.2813689465652752,44.898188672728416,0.0018466745798804,44.186381443687225,0.0018466745798804,-22.76365638572511,19.477628707885742,0.2813689465652752,44.898188672728416,0.0018466745798804,"(44.729, 45.261]"
1439031,31.28540454763654,66.90984128016281,1439031,4.777588757488136,-0.2351228610307032,4.777588757488136,-0.2351228610307032,001906.62-001406.4,0.838035002555121,44.90069580400115,0.0078794081376507,44.18888857495996,0.0078794081376507,-23.098274182043774,3.177931070327759,0.838035002555121,44.90069580400115,0.0078794081376507,"(44.729, 45.261]"
1424481,89.79810245945649,238.78661900050287,1424481,16.30168173469388,0.5942385371491482,16.30168173469388,0.5942385371491482,010512.40+003539.2,0.8495642028981376,45.07267679191563,0.0222077570979095,44.36086956287444,0.0222077570979095,-22.99637360679655,3.2876462936401367,0.8495642028981376,45.07267679191563,0.0222077570979095,"(44.729, 45.261]"
1418037,59.814741195128,217.3531376197324,1418037,21.30344040453465,0.1486260510415569,21.30344040453465,0.1486260510415569,012512.82+000855.0,0.883182033971091,45.2438564517152,0.0085033911780243,44.53204922267401,0.0085033911780243,-23.000898460352623,3.667123317718506,0.883182033971091,45.2438564517152,0.0085033911780243,"(44.729, 45.261]"
1426842,32.28064209149971,78.37626864877942,1426842,14.414043965979598,-1.2062453006731853,14.414043965979598,-1.2062453006731853,005739.37-011222.4,0.9796456750423699,45.16705718202697,0.005834149812756,44.45524995298578,0.005834149812756,-23.533610063645227,3.7197659015655518,0.9796456750423699,45.16705718202697,0.005834149812756,"(44.729, 45.261]"
1390160,35.05209508150329,66.8158519472679,1390160,41.21795317042779,0.5318918915524145,41.21795317042779,0.5318918915524145,024452.30+003154.8,0.6725685057582503,44.81152024011396,0.0099969288283254,44.099713011072765,0.0099969288283254,-23.29048050443489,4.554006576538086,0.6725685057582503,44.81152024011396,0.0099969288283254,"(44.729, 45.261]"
1445926,20.871992652812267,31.98061674173424,1445926,358.24926402556525,-0.5831149078937208,358.24926402556525,-0.5831149078937208,235259.82-003459.2,0.8731922194143633,44.93211796711577,0.0067397834195048,44.22031073807458,0.0067397834195048,-22.9514926322384,3.966625452041626,0.8731922194143633,44.93211796711577,0.0067397834195048,"(44.729, 45.261]"
1445111,49.04078449091274,97.648429527396,1445111,359.56272507592723,1.0979350147334568,359.56272507592723,1.0979350147334568,235815.05+010552.5,0.7802637362674254,45.00234556385794,0.0067852005562265,44.29053833481675,0.0067852005562265,-22.680481552071285,3.3036022186279297,0.7802637362674254,45.00234556385794,0.0067852005562265,"(44.729, 45.261]"
1465196,51.122079443365074,104.35796417106474,1465196,321.89717380182526,1.0539058157002354,321.89717380182526,1.0539058157002354,212735.32+010314.0,0.772109602714034,45.226933344422115,0.0069129797831628,44.51512611538092,0.0069129797831628,-23.373942281669617,6.132747173309326,0.772109602714034,45.226933344422115,0.0069129797831628,"(44.729, 45.261]"
1389504,50.315752620206695,79.62495636890438,1389504,41.62361915173869,-0.6050893718830366,41.62361915173869,-0.6050893718830366,024629.66-003618.3,1.0069620250380278,45.05235995513731,0.0115122300443317,44.34055272609612,0.0115122300443317,-23.04730431800858,3.240126848220825,1.0069620250380278,45.05235995513731,0.0115122300443317,"(44.729, 45.261]"
1438019,38.60241441508186,62.3499168690864,1438019,5.671279622579732,0.9411351320878664,5.671279622579732,0.9411351320878664,002241.10+005628.0,0.7934727250290431,44.97662691412857,0.0091656401643405,44.26481968508738,0.0091656401643405,-22.862302636756542,3.294762372970581,0.7934727250290431,44.97662691412857,0.0091656401643405,"(44.729, 45.261]"
1407870,2191.1932762109354,3759.715513165247,1407870,28.71424249377111,0.9924312983394142,28.71424249377111,0.9924312983394142,015451.41+005932.7,0.38532249841746313,44.89372037330074,0.0062466284259699,44.181913144259546,0.0062466284259699,-22.899715380983093,12.573893547058105,0.38532249841746313,44.89372037330074,0.0062466284259699,"(44.729, 45.261]"
1446705,33.191026244095326,172.2938407509071,1446705,356.9254169589375,1.1753887811806567,356.9254169589375,1.1753887811806567,234742.10+011031.3,0.7501335616918238,45.02545998390179,0.006638278722324,44.3136527548606,0.006638278722324,-22.919930501838248,3.308868646621704,0.7501335616918238,45.02545998390179,0.006638278722324,"(44.729, 45.261]"
1409727,33.00154939090883,73.6915872502335,1409727,27.24652769927133,-0.8850375224587921,27.24652769927133,-0.8850375224587921,014859.16-005306.1,0.8780658714989394,45.22495055838411,0.0066036319306768,44.51314332934292,0.0066036319306768,-22.95492611714741,4.7631330490112305,0.8780658714989394,45.22495055838411,0.0066036319306768,"(44.729, 45.261]"
1421048,98.92713756524168,1123.5868957150328,1421048,19.041254338772124,-0.3003098845808628,19.041254338772124,-0.3003098845808628,011609.90-001801.1,0.387826682832273,45.04234274264668,0.0044319300828767,44.33053551360549,0.0044319300828767,-23.412469790434148,17.959354400634766,0.387826682832273,45.04234274264668,0.0044319300828767,"(44.729, 45.261]"
1440836,72.21940062526262,129.59447660076668,1440836,3.3176843592900696,0.4647839551285763,3.3176843592900696,0.4647839551285763,001316.24+002753.2,0.6261559677893537,44.81606179832565,0.00872655668309,44.10425456928446,0.00872655668309,-22.55346308505062,4.582996845245361,0.6261559677893537,44.81606179832565,0.00872655668309,"(44.729, 45.261]"
1461124,80.85492615816419,219.62328827407816,1461124,329.40736517118125,0.4068824388297077,329.40736517118125,0.4068824388297077,215737.76+002424.7,0.9351474963754026,45.12164539149566,0.0094775367111132,44.40983816245447,0.0094775367111132,-23.035393380646926,3.3467516899108887,0.9351474963754026,45.12164539149566,0.0094775367111132,"(44.729, 45.261]"
1389354,131.39501367443503,267.9658109722092,1389354,41.716134901007536,-1.1257463439285964,41.716134901007536,-1.1257463439285964,024651.87-010732.6,0.6220772679089853,45.12091001372393,0.0030117210917488,44.40910278468274,0.0030117210917488,-23.394120671391157,11.237210273742676,0.6220772679089853,45.12091001372393,0.0030117210917488,"(44.729, 45.261]"
1450637,741.7653608116997,1349.779762866164,1450637,349.4278683482379,1.2403435692077915,349.4278683482379,1.2403435692077915,231742.68+011425.2,0.5178651284515172,45.11320092389503,0.0067848375763226,44.40139369485384,0.0067848375763226,-22.614838217701248,6.839190483093262,0.5178651284515172,45.11320092389503,0.0067848375763226,"(44.729, 45.261]"
1439403,18.94589680685269,48.32035990624805,1439403,4.481922104286582,0.5910066764805662,4.481922104286582,0.5910066764805662,001755.66+003527.6,0.7906314101657039,44.94909582756329,0.0091036334026313,44.2372885985221,0.0091036334026313,-22.843268818508815,3.600902795791626,0.7906314101657039,44.94909582756329,0.0091036334026313,"(44.729, 45.261]"
1442340,34.5674768727787,39.8814417049995,1442340,2.013789900000006,0.78671024,2.013789900000006,0.78671024,000803.30+004712.1,0.6301735051669796,44.76408122132292,0.0075924469435726,44.05227399228173,0.0075924469435726,1.0,3.3325178623199463,0.6301735051669796,44.76408122132292,0.0075924469435726,"(44.729, 45.261]"
1390560,239.9697504732287,574.7668500168909,1390560,40.94728664308373,-0.8985951793540954,40.94728664308373,-0.8985951793540954,024347.34-005354.9,0.23772898413814111,44.73803585824893,0.021821656755236,44.026228629207736,0.021821656755236,-21.862886306591843,18.196496963500977,0.23772898413814111,44.73803585824893,0.021821656755236,"(44.729, 45.261]"
1430455,44.32821373986772,107.98741113471966,1430455,11.527768212681964,0.3126674874783458,11.527768212681964,0.3126674874783458,004606.66+001845.6,0.9019690981991921,45.11009461393648,0.0094912449839625,44.39828738489529,0.0094912449839625,-23.19633937349636,3.3420825004577637,0.9019690981991921,45.11009461393648,0.0094912449839625,"(44.729, 45.261]"
1451424,32.04499662813844,105.14112546017098,1451424,348.00213320269563,-0.6048218578049948,348.00213320269563,-0.6048218578049948,231200.51-003617.3,0.6638639913230624,44.754735634048274,0.0107447783752263,44.04292840500708,0.0107447783752263,-23.37420605413889,4.624304294586182,0.6638639913230624,44.754735634048274,0.0107447783752263,"(44.729, 45.261]"
1441456,468.7111636709927,564.5023539938963,1441456,2.773203251544629,0.4481942184041351,2.773203251544629,0.4481942184041351,001105.56+002653.4,0.4546894264500185,45.11047433031861,0.003093188748604,44.39866710127742,0.003093188748604,-22.869380572344415,14.357863426208496,0.4546894264500185,45.11047433031861,0.003093188748604,"(44.729, 45.261]"
1465987,17.072280272743154,58.45842272363249,1465987,320.50873937260496,-0.658725908124487,320.50873937260496,-0.658725908124487,212202.09-003931.4,0.5706515151327037,44.73885895600029,0.0069944240396182,44.0270517269591,0.0069944240396182,-22.352435278460923,5.0459160804748535,0.5706515151327037,44.73885895600029,0.0069944240396182,"(44.729, 45.261]"
1399183,46.363984639613726,98.03267921877628,1399183,35.01784134061222,-0.0361210998619005,35.01784134061222,-0.0361210998619005,022004.28-000210.0,0.6910890907217393,44.891050333943326,0.0080276305196669,44.179243104902135,0.0080276305196669,-22.779406923923755,4.280072212219238,0.6910890907217393,44.891050333943326,0.0080276305196669,"(44.729, 45.261]"
1413118,490.47354346567215,1369.5581712656065,1413118,24.8477846132131,-1.1089086022271686,24.8477846132131,-1.1089086022271686,013923.46-010632.0,0.4502051944214782,45.12901512493918,0.0036163339810606,44.41720789589799,0.0036163339810606,-23.871146327901126,11.701970100402832,0.4502051944214782,45.12901512493918,0.0036163339810606,"(44.729, 45.261]"
1423812,158.22115791519445,395.2776881197344,1423812,16.81036329485049,-0.8351905454152633,16.81036329485049,-0.8351905454152633,010714.48-005006.6,0.6513651145494035,44.80833384035848,0.0068157337733794,44.09652661131729,0.0068157337733794,-22.901048680394727,4.890032768249512,0.6513651145494035,44.80833384035848,0.0068157337733794,"(44.729, 45.261]"
1449236,18.98928166480764,44.29834645652083,1449236,352.066969754052,-0.3940902295441907,352.066969754052,-0.3940902295441907,232816.07-002338.7,0.7194772635852412,44.97064326564189,0.0066662085135398,44.2588360366007,0.0066662085135398,-22.96558492955572,3.666719436645508,0.7194772635852412,44.97064326564189,0.0066662085135398,"(44.729, 45.261]"
1408547,68.4065810035174,147.68579447247848,1408547,28.18513634772428,-0.6946968150823797,28.18513634772428,-0.6946968150823797,015244.43-004140.9,0.638234813676096,45.08751225795301,0.005647323210745,44.37570502891182,0.005647323210745,-22.976962147920535,5.285190105438232,0.638234813676096,45.08751225795301,0.005647323210745,"(44.729, 45.261]"
1398131,42.50082832244637,111.35463921746046,1398131,35.69897801644783,-0.3454446193658086,35.69897801644783,-0.3454446193658086,022247.75-002043.6,0.7936590928276833,45.253897941168475,0.0047236684130034,44.54209071212728,0.0047236684130034,-23.6672627068498,6.050427436828613,0.7936590928276833,45.253897941168475,0.0047236684130034,"(44.729, 45.261]"
1436735,22.94938093198609,37.93631543775382,1436735,6.724410858228225,-0.1878363000238853,6.724410858228225,-0.1878363000238853,002653.85-001116.2,0.8945343128575526,45.24973183409519,0.0066085210869211,44.537924605054,0.0066085210869211,-23.31401919846028,5.044411659240723,0.8945343128575526,45.24973183409519,0.0066085210869211,"(44.729, 45.261]"
1433074,125.6038219061003,382.111923592081,1433074,9.608677,0.077712,9.608677,0.077712,003826.08+000439.7,0.7373516727146961,45.2080704376984,0.0074215139268325,44.49626320865721,0.0074215139268325,-23.897075001380326,5.578049182891846,0.7373516727146961,45.2080704376984,0.0074215139268325,"(44.729, 45.261]"
1395636,14.111097469221736,41.26448563525437,1395636,37.40327844753297,0.1781397009406995,37.40327844753297,0.1781397009406995,022936.78+001041.3,0.9637499947795461,45.21822674356597,0.009377253113687,44.50641951452478,0.009377253113687,-23.250756861229643,4.415450572967529,0.9637499947795461,45.21822674356597,0.009377253113687,"(44.729, 45.261]"
1430506,135.2218598676485,317.62022334329026,1430506,11.487592651221604,0.6322471610914909,11.487592651221604,0.6322471610914909,004557.02+003756.0,1.0130753000503745,45.23726519881994,0.0093656237602886,44.52545796977875,0.0093656237602886,-23.373500710742864,3.3169875144958496,1.0130753000503745,45.23726519881994,0.0093656237602886,"(44.729, 45.261]"
1418089,15.631560720237788,27.612427047829406,1418089,21.259349273085476,-1.1491683502431491,21.259349273085476,-1.1491683502431491,012502.24-010857.0,0.703741034390626,44.93689579057136,0.0059998629967807,44.22508856153017,0.0059998629967807,-22.869524546556693,4.019411563873291,0.703741034390626,44.93689579057136,0.0059998629967807,"(44.729, 45.261]"
1396217,191.89758718454152,332.47061373654907,1396217,37.0407757872095,-0.2572204095232659,37.0407757872095,-0.2572204095232659,022809.78-001525.9,0.503188573024507,44.86291058912863,0.0036894761122887,44.15110336008744,0.0036894761122887,-22.68333492730575,9.686216354370117,0.503188573024507,44.86291058912863,0.0036894761122887,"(44.729, 45.261]"
1405386,18.274914135611468,47.43597466678431,1405386,30.70970757704319,-0.7185712421504082,30.70970757704319,-0.7185712421504082,020250.32-004306.8,0.7941681435595519,45.1301119541888,0.0084807966432514,44.41830472514761,0.0084807966432514,-23.276653759485253,3.562962293624878,0.7941681435595519,45.1301119541888,0.0084807966432514,"(44.729, 45.261]"
1400279,142.46878153027626,346.70508831363645,1400279,34.279948,1.08542,34.279948,1.08542,021707.18+010507.5,0.5403026864927523,45.124016711336374,0.0083731682055123,44.41220948229518,0.0083731682055123,-23.041336921423124,6.339757919311523,0.5403026864927523,45.124016711336374,0.0083731682055123,"(44.729, 45.261]"
1433784,22.129327356634533,33.60728519306426,1433784,9.071681941724592,-0.1485707550167978,9.071681941724592,-0.1485707550167978,003617.20-000854.8,0.6978235107046128,45.02920066659517,0.0044374749619251,44.31739343755398,0.0044374749619251,-22.973835654983315,5.0646514892578125,0.6978235107046128,45.02920066659517,0.0044374749619251,"(44.729, 45.261]"
1390574,64.74228918623896,140.1319104080456,1390574,40.93615689380502,-0.2862820202280506,40.93615689380502,-0.2862820202280506,024344.67-001710.6,0.9431267014160195,45.1492221973385,0.0057655512217884,44.43741496829731,0.0057655512217884,-22.822597235545185,3.6133649349212646,0.9431267014160195,45.1492221973385,0.0057655512217884,"(44.729, 45.261]"
1438645,12.716727632280696,32.79031658137851,1438645,5.114311517457256,-1.1245751813367657,5.114311517457256,-1.1245751813367657,002027.43-010728.4,0.6830388101416008,44.955596563356394,0.0080559881785511,44.2437893343152,0.0080559881785511,-22.56355632811764,3.2797791957855225,0.6830388101416008,44.955596563356394,0.0080559881785511,"(44.729, 45.261]"
1447691,54.83386651513109,179.3848230684623,1447691,354.8979263538857,-0.6196656447692009,354.8979263538857,-0.6196656447692009,233935.50-003710.7,0.7752275972824927,45.17140123867655,0.0062673792501826,44.45959400963536,0.0062673792501826,-23.217446140020495,7.107614517211914,0.7752275972824927,45.17140123867655,0.0062673792501826,"(44.729, 45.261]"
1423058,29.726608926589023,58.8768807022608,1423058,17.377484608116532,1.0104567710111032,17.377484608116532,1.0104567710111032,010930.59+010037.6,0.749471480715663,45.071486557597424,0.0062982775081046,44.35967932855623,0.0062982775081046,-22.87634190557881,4.533590316772461,0.749471480715663,45.071486557597424,0.0062982775081046,"(44.729, 45.261]"
1418636,16.076937868465084,62.50979516034381,1418636,20.82694888033141,-1.1139556742708625,20.82694888033141,-1.1139556742708625,012318.46-010650.2,0.6285517489080854,44.861750609592434,0.0076149008320349,44.14994338055124,0.0076149008320349,-22.94703667067206,6.59901762008667,0.6285517489080854,44.861750609592434,0.0076149008320349,"(44.729, 45.261]"
1465588,25.31444056820808,55.2477222910263,1465588,321.1790601463082,-1.0182599028037704,321.1790601463082,-1.0182599028037704,212442.97-010105.7,0.8812382332149861,45.18692292803906,0.0093956191280035,44.47511569899787,0.0093956191280035,-23.15963042461361,3.657860517501831,0.8812382332149861,45.18692292803906,0.0093956191280035,"(44.729, 45.261]"
1432695,153.31319218361753,351.5351084160082,1432695,9.88914,-0.129221,9.88914,-0.129221,003933.39-000745.1,0.5778446844993776,45.19587515079164,0.005038252371083,44.48406792175045,0.005038252371083,-23.251817381788825,6.022177219390869,0.5778446844993776,45.19587515079164,0.005038252371083,"(44.729, 45.261]"
1440232,18.163618781515872,49.76359496346692,1440232,3.826511619903158,-1.0000487047438713,3.826511619903158,-1.0000487047438713,001518.36-010000.1,0.7139618431870026,44.92474195772321,0.0063141535762483,44.212934728682015,0.0063141535762483,-22.753753356619242,3.945383310317993,0.7139618431870026,44.92474195772321,0.0063141535762483,"(44.729, 45.261]"
1438160,77.98715546919915,143.40078472981864,1438160,5.557619417574813,-0.5654227383612618,5.557619417574813,-0.5654227383612618,002213.82-003355.5,0.8782391422232072,45.23075483992825,0.0076786629676846,44.51894761088706,0.0076786629676846,-22.330469045982824,4.563656330108643,0.8782391422232072,45.23075483992825,0.0076786629676846,"(44.729, 45.261]"
1442095,40.73389568884159,127.25514737515752,1442095,2.1995299133426016,-0.2824970440773356,2.1995299133426016,-0.2824970440773356,000847.88-001656.9,0.7179043178518655,45.08697453562471,0.0051359102641512,44.37516730658352,0.0051359102641512,-23.179637670214003,5.5799126625061035,0.7179043178518655,45.08697453562471,0.0051359102641512,"(44.729, 45.261]"
1447194,18.96091489837401,66.22326383913065,1447194,355.9028895679543,1.1171238728296085,355.9028895679543,1.1171238728296085,234336.69+010701.6,0.6757370708642038,44.89478949404269,0.0054332935416034,44.1829822650015,0.0054332935416034,-22.73122644653168,4.808459758758545,0.6757370708642038,44.89478949404269,0.0054332935416034,"(44.729, 45.261]"
1434042,207.84647285302933,365.6289300622866,1434042,8.89153,-0.692123,8.89153,-0.692123,003533.96-004131.6,0.6177712772255557,45.18302530971952,0.0070974663372673,44.47121808067833,0.0070974663372673,-23.054085548665093,3.756582736968994,0.6177712772255557,45.18302530971952,0.0070974663372673,"(44.729, 45.261]"
1398077,13.560130687271922,41.04216386285617,1398077,35.732169639721484,-0.3920429875803055,35.732169639721484,-0.3920429875803055,022255.72-002331.3,0.7273159277226804,44.993309240124894,0.0045963093707612,44.2815020110837,0.0045963093707612,-22.944249817756827,3.8166117668151855,0.7273159277226804,44.993309240124894,0.0045963093707612,"(44.729, 45.261]"
1413978,35.58439043681601,107.02253414605345,1413978,24.198712815307974,-0.6397392462750722,24.198712815307974,-0.6397392462750722,013647.69-003823.0,0.6765483058900167,44.844927957095834,0.0066533081798425,44.13312072805464,0.0066533081798425,-22.73077489553937,3.126391887664795,0.6765483058900167,44.844927957095834,0.0066533081798425,"(44.729, 45.261]"
1414369,18.833966528984185,40.57805154047824,1414369,23.89258748743876,-1.0950425629949774,23.89258748743876,-1.0950425629949774,013534.22-010542.1,0.7484034407648045,45.037130931926065,0.005792766812064,44.32532370288487,0.005792766812064,-22.99425859551013,3.869968891143799,0.7484034407648045,45.037130931926065,0.005792766812064,"(44.729, 45.261]"
1420657,71.94248607465018,168.79960607077567,1420657,19.345995628601912,-0.0582468855121374,19.345995628601912,-0.0582468855121374,011723.03-000329.6,1.037318316354553,45.17186333021588,0.0164133245151205,44.460056101174686,0.0164133245151205,-22.656189075120167,3.302464246749878,1.037318316354553,45.17186333021588,0.0164133245151205,"(44.729, 45.261]"
1434947,905.1902375078928,3509.2010380895326,1434947,8.178115500368222,0.519701717952161,8.178115500368222,0.519701717952161,003242.74+003110.9,0.360561580436936,44.73044498699633,0.008427689204641,44.01863775795514,0.008427689204641,-22.956902664598555,6.626969337463379,0.360561580436936,44.73044498699633,0.008427689204641,"(44.729, 45.261]"
1464920,330.79277247403223,568.6914851951035,1464920,322.36856,1.1399172,322.36856,1.1399172,212928.45+010823.7,0.7182669751995672,45.16723997742005,0.0051219030247153,44.45543274837886,0.0051219030247153,1.0,6.147395133972168,0.7182669751995672,45.16723997742005,0.0051219030247153,"(44.729, 45.261]"
1449374,98.7142070326448,224.50587147077096,1449374,351.804123,-0.605095,351.804123,-0.605095,232712.98-003618.3,0.5653539997484205,44.94051008824187,0.0077105576229818,44.22870285920068,0.0077105576229818,-23.18639653752694,3.301522970199585,0.5653539997484205,44.94051008824187,0.0077105576229818,"(44.729, 45.261]"
1440699,16.719934543745204,44.13498677898248,1440699,3.43113222487068,0.0226598241208743,3.43113222487068,0.0226598241208743,001343.47+000121.5,0.6036741517645212,44.7406566654434,0.0083868265200415,44.02884943640221,0.0083868265200415,-22.269536526114234,4.879359722137451,0.6036741517645212,44.7406566654434,0.0083868265200415,"(44.729, 45.261]"
1456233,20.86910178412548,60.819572930958365,1456233,338.6546852051271,-0.5338820405502241,338.6546852051271,-0.5338820405502241,223437.12-003201.9,0.7667432373599018,45.110280844376696,0.005157254581988,44.398473615335504,0.005157254581988,-23.150643481441275,4.273822784423828,0.7667432373599018,45.110280844376696,0.005157254581988,"(44.729, 45.261]"
1400774,39.90551397510947,73.1303094873976,1400774,33.9248767069353,0.1651733237761798,33.9248767069353,0.1651733237761798,021541.97+000954.6,0.7116120139476304,45.20107624793904,0.0096179094566295,44.48926901889785,0.0096179094566295,-23.210055337575767,5.4501953125,0.7116120139476304,45.20107624793904,0.0096179094566295,"(44.729, 45.261]"
1437842,27.995148869393564,47.67330203409707,1437842,5.815513814633371,-1.07619306530351,5.815513814633371,-1.07619306530351,002315.72-010434.2,0.7299870707476583,44.94635051475417,0.0081745729711819,44.23454328571298,0.0081745729711819,-22.75069360064991,3.560166597366333,0.7299870707476583,44.94635051475417,0.0081745729711819,"(44.729, 45.261]"
1404810,98.99071678927862,235.9450270726477,1404810,31.12331695548897,1.166637042980458,31.12331695548897,1.166637042980458,020429.59+010959.8,0.6029580810958844,45.1664095938968,0.0040371115874364,44.45460236485561,0.0040371115874364,-23.0653387398721,7.884131908416748,0.6029580810958844,45.1664095938968,0.0040371115874364,"(44.729, 45.261]"
1410796,22.027501393380533,39.55013869770027,1410796,26.44999670925438,-0.8964062142540035,26.44999670925438,-0.8964062142540035,014547.99-005347.0,0.5236018812624648,44.77369663943454,0.0052077630612892,44.06188941039335,0.0052077630612892,-22.408822158956156,4.080928802490234,0.5236018812624648,44.77369663943454,0.0052077630612892,"(44.729, 45.261]"
1398392,13.594252099942796,83.82718389869649,1398392,35.546095693951315,0.3647223217596183,35.546095693951315,0.3647223217596183,022211.06+002153.0,0.8293588420394968,45.162633873726584,0.0058673689939006,44.45082664468539,0.0058673689939006,-23.09851362546177,5.512712001800537,0.8293588420394968,45.162633873726584,0.0058673689939006,"(44.729, 45.261]"
1425884,97.50887216356998,326.5918085296383,1425884,15.219798121846535,-0.5265634153312018,15.219798121846535,-0.5265634153312018,010052.75-003135.6,0.9224463601401672,44.83135049792608,0.0160851589784059,44.11954326888489,0.0160851589784059,-23.10819214023697,3.205991268157959,0.9224463601401672,44.83135049792608,0.0160851589784059,"(44.729, 45.261]"
1453328,27.32390644299672,126.31166648830816,1453328,344.414036,-0.189757,344.414036,-0.189757,225739.36-001123.1,0.5316497006236065,45.14473782184805,0.0068208218287395,44.432930592806855,0.0068208218287395,-23.42247588453179,6.351258277893066,0.5316497006236065,45.14473782184805,0.0068208218287395,"(44.729, 45.261]"
1449684,10.456707166204296,34.085005706079954,1449684,351.2454526135276,-0.5123302522416964,351.2454526135276,-0.5123302522416964,232458.90-003044.3,0.8697752819878598,45.11271517840052,0.0114236459726022,44.40090794935933,0.0114236459726022,-23.270850727095606,3.5660924911499023,0.8697752819878598,45.11271517840052,0.0114236459726022,"(44.729, 45.261]"
1465471,86.17875429330218,189.6292441658136,1465471,321.3932384899573,1.0849582310732475,321.3932384899573,1.0849582310732475,212534.37+010505.8,0.5885310635271642,45.24374395845636,0.0036657384018177,44.53193672941517,0.0036657384018177,-23.4444898680686,9.131815910339355,0.5885310635271642,45.24374395845636,0.0036657384018177,"(44.729, 45.261]"
1424346,40.85741665790408,106.31535410024246,1424346,16.407525887057517,0.6339785144030317,16.407525887057517,0.6339785144030317,010537.80+003802.3,0.7511240754568476,44.963895916589,0.0086733124950271,44.25208868754781,0.0086733124950271,-22.442934000429663,3.344806671142578,0.7511240754568476,44.963895916589,0.0086733124950271,"(44.729, 45.261]"
1434601,30.201915139256496,36.095925148300445,1434601,8.461811388328663,-0.7667529780310326,8.461811388328663,-0.7667529780310326,003350.83-004600.3,0.7337173072786467,45.08474476367673,0.0076511935758425,44.37293753463554,0.0076511935758425,-22.716868037687433,3.840568780899048,0.7337173072786467,45.08474476367673,0.0076511935758425,"(44.729, 45.261]"
1438751,91.3134398171526,282.7130095111997,1438751,5.023749,-0.837875,5.023749,-0.837875,002005.69-005016.3,0.5760223868927976,44.95434975245212,0.0071369591055656,44.242542523410926,0.0071369591055656,-23.463414119128707,5.104366302490234,0.5760223868927976,44.95434975245212,0.0071369591055656,"(44.729, 45.261]"
1465513,50.59263391144732,121.2797048230332,1465513,321.31641105482623,0.9611790390224094,321.31641105482623,0.9611790390224094,212515.93+005740.2,0.7919271028577192,45.174817324811265,0.0079972183195486,44.46301009577007,0.0079972183195486,-23.328436396556658,5.014299392700195,0.7919271028577192,45.174817324811265,0.0079972183195486,"(44.729, 45.261]"
1465748,192.30774400580253,454.2148326663053,1465748,320.9215142154877,1.099393007721409,320.9215142154877,1.099393007721409,212341.16+010557.8,0.38940345874312465,44.86799888303989,0.008664039885307,44.1561916539987,0.008664039885307,-23.00807290282282,11.954309463500977,0.38940345874312465,44.86799888303989,0.008664039885307,"(44.729, 45.261]"
1419292,31.32433038061464,83.72493710289561,1419292,20.334471077002632,-0.8058790020432985,20.334471077002632,-0.8058790020432985,012120.27-004821.1,0.6044412806818781,45.03891869699654,0.0041731370746589,44.32711146795535,0.0041731370746589,-23.02089233143087,6.209258556365967,0.6044412806818781,45.03891869699654,0.0041731370746589,"(44.729, 45.261]"
1410929,442.2300916664954,601.7227552136712,1410929,26.3608326500144,0.4662685908432394,26.3608326500144,0.4662685908432394,014526.59+002758.5,0.5576021570961879,45.02324278340632,0.0047881527676345,44.311435554365126,0.0047881527676345,-22.346248054972786,11.172612190246582,0.5576021570961879,45.02324278340632,0.0047881527676345,"(44.729, 45.261]"
1400433,138.92795594635703,180.45722009845332,1400433,34.15855843663081,1.0377205718826132,34.15855843663081,1.0377205718826132,021638.05+010215.7,0.6085612781076326,45.12078035591819,0.0046321033845018,44.408973126877,0.0046321033845018,-22.783656301737306,7.170064926147461,0.6085612781076326,45.12078035591819,0.0046321033845018,"(44.729, 45.261]"
1399188,17.406462784958077,30.996107474135407,1399188,35.01150894522047,-0.7757845227143023,35.01150894522047,-0.7757845227143023,022002.76-004632.8,0.7051389991546869,44.809198718280676,0.0065679526668631,44.097391489239484,0.0065679526668631,-22.523096978635568,3.1587140560150146,0.7051389991546869,44.809198718280676,0.0065679526668631,"(44.729, 45.261]"
1414968,11.886219693608169,19.73396562565097,1414968,23.5178937747116,-0.6794398301578022,23.5178937747116,-0.6794398301578022,013404.29-004045.9,0.5813331281204254,44.94196253215555,0.0033319994941187,44.23015530311436,0.0033319994941187,-22.572180498555213,6.159782409667969,0.5813331281204254,44.94196253215555,0.0033319994941187,"(44.729, 45.261]"
1396350,19.538298988563383,95.93963179255924,1396350,36.94005334902738,-0.4295351794972453,36.94005334902738,-0.4295351794972453,022745.61-002546.3,0.6182374995005735,45.02902276493691,0.002908206103779,44.31721553589572,0.002908206103779,-22.95761709797619,7.929878234863281,0.6182374995005735,45.02902276493691,0.002908206103779,"(44.729, 45.261]"
1393864,42.85250249256817,78.37483276016913,1393864,38.608002187140585,0.4035187218038717,38.608002187140585,0.4035187218038717,023425.92+002412.6,1.0507840946699996,45.111655575310856,0.0105617109358249,44.399848346269664,0.0105617109358249,-22.60921062268559,3.049259662628174,1.0507840946699996,45.111655575310856,0.0105617109358249,"(44.729, 45.261]"
1410804,104.80658773409031,383.4454736436039,1410804,26.44701978503954,-0.6602786804224587,26.44701978503954,-0.6602786804224587,014547.28-003937.0,0.8742430181565946,45.15373471874768,0.0085341919570431,44.44192748970649,0.0085341919570431,-23.352664993231116,3.8761777877807617,0.8742430181565946,45.15373471874768,0.0085341919570431,"(44.729, 45.261]"
1447425,60.56242758149258,160.26475402684576,1447425,355.4162277227827,-0.1221797512304109,355.4162277227827,-0.1221797512304109,234139.89-000719.8,0.9308884943160177,45.21951390365375,0.0126705799719317,44.50770667461256,0.0126705799719317,-22.82196732716449,3.4900944232940674,0.9308884943160177,45.21951390365375,0.0126705799719317,"(44.729, 45.261]"
1390715,12.382802618587382,31.298456722956992,1390715,40.831878805189234,-0.9011284355870492,40.831878805189234,-0.9011284355870492,024319.65-005404.0,0.8049790748359321,45.182062705156284,0.004811838015069,44.47025547611509,0.004811838015069,-23.303516459129277,6.283531188964844,0.8049790748359321,45.182062705156284,0.004811838015069,"(44.729, 45.261]"
1445516,139.48636906861935,182.21703099528256,1445516,358.93529199868186,-0.3268821789638298,358.93529199868186,-0.3268821789638298,235544.47-001936.7,0.6434791445143571,44.84408023634179,0.0059341053032611,44.1322730073006,0.0059341053032611,-22.711330218735046,5.977794647216797,0.6434791445143571,44.84408023634179,0.0059341053032611,"(44.729, 45.261]"
1430391,608.5667482449375,887.7795181780848,1430391,11.569513571453555,0.0469798584495608,11.569513571453555,0.0469798584495608,004616.68+000249.1,0.45317761563951797,44.93941045120732,0.0071653456117459,44.22760322216613,0.0071653456117459,-22.303696432458363,10.73953914642334,0.45317761563951797,44.93941045120732,0.0071653456117459,"(44.729, 45.261]"
1452138,53.586226790388615,90.18312991554951,1452138,346.638167849865,-0.990162798677112,346.638167849865,-0.990162798677112,230633.16-005924.5,0.662198011746292,45.07985529069024,0.0055786660001366,44.36804806164905,0.0055786660001366,-22.5521318561978,4.707633972167969,0.662198011746292,45.07985529069024,0.0055786660001366,"(44.729, 45.261]"
1464478,31.024471628977626,123.24522751542142,1464478,323.1359517600351,-1.218503329296306,323.1359517600351,-1.218503329296306,213232.62-011306.6,0.47723077557812177,44.83402958019105,0.0054651988472613,44.12222235114986,0.0054651988472613,-22.483408201844895,7.41759729385376,0.47723077557812177,44.83402958019105,0.0054651988472613,"(44.729, 45.261]"
1435556,13.836947698455102,104.52357812946262,1435556,7.676846894691607,-0.1045245689694859,7.676846894691607,-0.1045245689694859,003042.44-000616.2,0.8844160578116517,45.13412068752899,0.0066999249911354,44.4223134584878,0.0066999249911354,-23.28831401039909,4.109544277191162,0.8844160578116517,45.13412068752899,0.0066999249911354,"(44.729, 45.261]"
1440107,42.577693796146136,93.83363662818029,1440107,3.920877938016794,-0.3274405331222315,3.920877938016794,-0.3274405331222315,001541.01-001938.7,0.6839789556159417,44.79597542103071,0.0080316406746376,44.08416819198952,0.0080316406746376,-22.833694892543278,3.576375961303711,0.6839789556159417,44.79597542103071,0.0080316406746376,"(44.729, 45.261]"
1460990,47.23608598794535,101.93549863187124,1460990,329.6440412441598,0.3941867940377028,329.6440412441598,0.3941867940377028,215834.56+002339.0,0.7945728328488303,45.23919751086961,0.0053750210559897,44.52739028182842,0.0053750210559897,-23.274638012345232,5.682697296142578,0.7945728328488303,45.23919751086961,0.0053750210559897,"(44.729, 45.261]"
1451062,172.30017222176545,461.0175146253838,1451062,348.69356806432654,0.8961884632028253,348.69356806432654,0.8961884632028253,231446.45+005346.2,0.8425465075352015,45.19876275076041,0.0078616650461533,44.48695552171922,0.0078616650461533,-23.743265304090862,4.010680198669434,0.8425465075352015,45.19876275076041,0.0078616650461533,"(44.729, 45.261]"
1416734,44.470472050890216,503.559015898545,1416734,22.231432,1.017565,22.231432,1.017565,012855.54+010103.2,0.6981139475191864,45.070413217912694,0.0134724925567866,44.3586059888715,0.0134724925567866,-23.98009229616169,3.5428895950317383,0.6981139475191864,45.070413217912694,0.0134724925567866,"(44.729, 45.261]"
1447250,180.89460127657125,423.3784099455947,1447250,355.767676,-0.564178,355.767676,-0.564178,234304.24-003351.0,0.4280394035682175,45.056685806739644,0.0075066956461782,44.34487857769845,0.0075066956461782,-23.06770906926806,7.8625617027282715,0.4280394035682175,45.056685806739644,0.0075066956461782,"(44.729, 45.261]"
1414190,18.012122036280648,32.51347902320696,1414190,24.028348618461823,0.4384808528507493,24.028348618461823,0.4384808528507493,013606.80+002618.5,0.9261279575225021,45.14724213887188,0.0142622236425538,44.43543490983069,0.0142622236425538,-23.070285436749966,3.514094114303589,0.9261279575225021,45.14724213887188,0.0142622236425538,"(44.729, 45.261]"
1441471,39.363140493673846,122.65483569983932,1441471,2.763267,0.990889,2.763267,0.990889,001103.18+005927.2,0.486027735497032,45.083005130301565,0.0076033914355875,44.37119790126037,0.0076033914355875,-22.74862745932224,5.031798839569092,0.486027735497032,45.083005130301565,0.0076033914355875,"(44.729, 45.261]"
1404803,13.146165143107964,48.07617698816181,1404803,31.126716969048744,1.0200205026036635,31.126716969048744,1.0200205026036635,020430.41+010112.0,0.9477895026919314,45.22260581998453,0.0123019200354654,44.51079859094334,0.0123019200354654,-23.00206768936094,3.165088653564453,0.9477895026919314,45.22260581998453,0.0123019200354654,"(44.729, 45.261]"
1401435,39.15962710008369,63.118064175514746,1401435,33.48690212984599,0.3162813478036441,33.48690212984599,0.3162813478036441,021356.85+001858.6,0.8442443236474817,45.06224520348173,0.0065700106594981,44.35043797444054,0.0065700106594981,-23.146264478990624,4.830631732940674,0.8442443236474817,45.06224520348173,0.0065700106594981,"(44.729, 45.261]"
1439700,63.1790392061798,147.89759514586106,1439700,4.243610063130063,-0.108301651963328,4.243610063130063,-0.108301651963328,001658.46-000629.8,0.8281225913413467,45.15901811344049,0.0079823470771032,44.4472108843993,0.0079823470771032,-23.174760242410635,5.252142429351807,0.8281225913413467,45.15901811344049,0.0079823470771032,"(44.729, 45.261]"
1451442,33.27146528004989,2195.7170054223234,1451442,347.964212690097,0.9690393054797616,347.964212690097,0.9690393054797616,231151.41+005808.5,0.880832127802386,45.12259343689668,0.0136244381511225,44.41078620785549,0.0136244381511225,-23.214067568560104,3.130462408065796,0.880832127802386,45.12259343689668,0.0136244381511225,"(44.729, 45.261]"
1427852,949.848777908374,1671.472006596316,1427852,13.62263678233388,0.9800926033058044,13.62263678233388,0.9800926033058044,005429.43+005848.3,0.5056706339237799,45.13324485658202,0.0051095834095562,44.421437627540826,0.0051095834095562,-22.72222331049261,10.290447235107422,0.5056706339237799,45.13324485658202,0.0051095834095562,"(44.729, 45.261]"
1465084,40.27508404577839,103.64581626519704,1465084,322.10262420461555,0.6580522061927839,322.10262420461555,0.6580522061927839,212824.62+003928.9,0.9018858628973151,45.085763414217745,0.0117183639085318,44.37395618517655,0.0117183639085318,-23.222398894428327,3.3919780254364014,0.9018858628973151,45.085763414217745,0.0117183639085318,"(44.729, 45.261]"
1424693,46.08315769375278,57.76566690871663,1424693,16.14445197444285,-0.4029873679303553,16.14445197444285,-0.4029873679303553,010434.66-002410.7,0.5730381317519943,44.81027591812457,0.0064799268034079,44.098468689083376,0.0064799268034079,-22.498883765778537,5.059222221374512,0.5730381317519943,44.81027591812457,0.0064799268034079,"(44.729, 45.261]"
1401916,27.252938702944075,67.72128581748936,1401916,33.18102261507437,-0.0093873103918675,33.18102261507437,-0.0093873103918675,021243.44-000033.7,0.9866193295981986,45.223971803576035,0.0069525508578465,44.51216457453484,0.0069525508578465,-23.165205953313478,3.745635747909546,0.9866193295981986,45.223971803576035,0.0069525508578465,"(44.729, 45.261]"
1452086,122.78171985233028,128.9176432210706,1452086,346.7666980877232,0.8272326190607461,346.7666980877232,0.8272326190607461,230704.00+004938.0,0.4065721301744836,44.75313376318157,0.0081470204977698,44.04132653414038,0.0081470204977698,-22.100771777884322,7.113337516784668,0.4065721301744836,44.75313376318157,0.0081470204977698,"(44.729, 45.261]"
1400331,20.44115196588096,44.51785996761849,1400331,34.24431032458415,1.159968885943095,34.24431032458415,1.159968885943095,021658.63+010935.8,0.8972285210190292,45.253001041080175,0.0078100618061895,44.54119381203898,0.0078100618061895,-23.669243974255817,4.231642723083496,0.8972285210190292,45.253001041080175,0.0078100618061895,"(44.729, 45.261]"
1442019,70.94726664254469,114.38272037617962,1442019,2.2752524454344325,0.9088697977908856,2.2752524454344325,0.9088697977908856,000906.06+005431.9,0.7152534092288713,45.1603899233095,0.004534684950773,44.44858269426831,0.004534684950773,-23.435406364363068,6.224347114562988,0.7152534092288713,45.1603899233095,0.004534684950773,"(44.729, 45.261]"
1399149,49.64630543123989,127.02400666083436,1399149,35.04167287296838,-0.963167050007607,35.04167287296838,-0.963167050007607,022010.00-005747.4,0.6483699286852953,45.00040326175216,0.0042343481147035,44.28859603271097,0.0042343481147035,-22.895453196268367,5.257655620574951,0.6483699286852953,45.00040326175216,0.0042343481147035,"(44.729, 45.261]"
1451616,128.30052070165613,282.8437944024583,1451616,347.65036665830314,0.8862880259691163,347.65036665830314,0.8862880259691163,231036.08+005310.6,0.5207343162135077,44.898706077943835,0.0054697492340203,44.18689884890264,0.0054697492340203,-22.401928399087424,7.473923206329346,0.5207343162135077,44.898706077943835,0.0054697492340203,"(44.729, 45.261]"
1433977,113.16113791637288,213.19150420842607,1433977,8.940034990214826,0.2886667703785725,8.940034990214826,0.2886667703785725,003545.60+001719.2,0.8832842009567982,45.04198271256152,0.0106392295427646,44.33017548352033,0.0106392295427646,-22.741068299655275,3.1365699768066406,0.8832842009567982,45.04198271256152,0.0106392295427646,"(44.729, 45.261]"
1446422,47.33145707690655,92.8405624398728,1446422,357.4190205485894,0.2651406806525747,357.4190205485894,0.2651406806525747,234940.56+001554.5,0.8907018772907347,45.20944646894169,0.0099982207325659,44.4976392399005,0.0099982207325659,-23.185547970709948,3.6748971939086914,0.8907018772907347,45.20944646894169,0.0099982207325659,"(44.729, 45.261]"
1392934,52.04405277040228,124.49723117576865,1392934,39.30527339478489,0.6725537509306411,39.30527339478489,0.6725537509306411,023713.26+004021.1,1.0254334107446328,45.1391992722176,0.0076901211563367,44.42739204317641,0.0076901211563367,-22.60962373549922,3.5086586475372314,1.0254334107446328,45.1391992722176,0.0076901211563367,"(44.729, 45.261]"
1433422,39.58110549476285,115.73481607615544,1433422,9.356747,0.981471,9.356747,0.981471,003725.61+005853.2,0.6978668585091009,45.247782262570944,0.0068719693078733,44.53597503352975,0.0068719693078733,-23.444515461389297,4.341269493103027,0.6978668585091009,45.247782262570944,0.0068719693078733,"(44.729, 45.261]"
1393087,56.7457747711786,97.6872996413606,1393087,39.19112626266201,0.907506502900126,39.19112626266201,0.907506502900126,023645.87+005427.0,0.8110327939359692,44.985042013742714,0.0094227559219248,44.27323478470152,0.0094227559219248,-22.75950178275044,4.2886152267456055,0.8110327939359692,44.985042013742714,0.0094227559219248,"(44.729, 45.261]"
1411372,131.47729046721614,332.3987879631711,1411372,26.04417005240793,0.6467158270821742,26.04417005240793,0.6467158270821742,014410.60+003848.1,0.5550913190439885,45.12505502598708,0.0054080954922319,44.41324779694589,0.0054080954922319,-23.052881235773675,8.64503288269043,0.5550913190439885,45.12505502598708,0.0054080954922319,"(44.729, 45.261]"
1421723,144.40948701590622,595.664635768416,1421723,18.50980527005136,-0.7975033801878016,18.50980527005136,-0.7975033801878016,011402.35-004751.0,0.3503487085665303,44.93559632012088,0.0046833919576734,44.22378909107969,0.0046833919576734,-23.142259197255093,16.408567428588867,0.3503487085665303,44.93559632012088,0.0046833919576734,"(44.729, 45.261]"
1448481,40.37891191059544,114.22305784087504,1448481,353.5152150173477,-0.8816133339163296,353.5152150173477,-0.8816133339163296,233403.65-005253.8,0.7863562516820977,45.12580530683378,0.0152381681782323,44.41399807779259,0.0152381681782323,-23.038273435561788,3.5707030296325684,0.7863562516820977,45.12580530683378,0.0152381681782323,"(44.729, 45.261]"
1441215,28.06264093546039,58.25427410874134,1441215,2.976046860093845,1.0480767237363315,2.976046860093845,1.0480767237363315,001154.25+010253.0,0.8115469000479925,45.060296643012784,0.0053313954734584,44.34848941397159,0.0053313954734584,-22.743764887221992,3.996945858001709,0.8115469000479925,45.060296643012784,0.0053313954734584,"(44.729, 45.261]"
1446840,66.79322335096887,204.8322798422536,1446840,356.690053,0.6502,356.690053,0.6502,234645.61+003900.7,0.5533072935528331,45.14709256481182,0.0084229553421835,44.43528533577063,0.0084229553421835,-23.070834580797488,4.637872219085693,0.5533072935528331,45.14709256481182,0.0084229553421835,"(44.729, 45.261]"
1425983,34.61387209468743,95.52004750961608,1425983,15.141464104516205,0.2130519742648416,15.141464104516205,0.2130519742648416,010033.95+001246.9,1.1381969047043372,45.24401806326783,0.0072488997800554,44.53221083422664,0.0072488997800554,-22.769375983301355,3.9603867530822754,1.1381969047043372,45.24401806326783,0.0072488997800554,"(44.729, 45.261]"
1433369,29.56989442195282,104.83473024691102,1433369,9.399923,0.103676,9.399923,0.103676,003735.98+000613.2,0.7695821377387075,45.13474371581131,0.0125527874567019,44.42293648677012,0.0125527874567019,-23.66232322564748,3.1520442962646484,0.7695821377387075,45.13474371581131,0.0125527874567019,"(44.729, 45.261]"
1441441,126.93518553844685,227.75757345358835,1441441,2.7934162240782445,-0.7564501823423635,2.7934162240782445,-0.7564501823423635,001110.41-004523.2,0.6316953718521521,44.937283277599505,0.0061855690872647,44.22547604855831,0.0061855690872647,-21.616716191209104,4.497104167938232,0.6316953718521521,44.937283277599505,0.0061855690872647,"(44.729, 45.261]"
1392334,64.15707736731358,132.307228315619,1392334,39.75765306224315,0.8275773675084656,39.75765306224315,0.8275773675084656,023901.83+004939.2,0.8067464044168839,45.208100880811884,0.0043464192398765,44.49629365177069,0.0043464192398765,-23.632090287272234,5.767341136932373,0.8067464044168839,45.208100880811884,0.0043464192398765,"(44.729, 45.261]"
1464490,88.96178880928265,144.60159563691187,1464490,323.1225645466366,-0.8612277845569388,323.1225645466366,-0.8612277845569388,213229.41-005140.4,0.7240004281086582,44.95101695219416,0.0115060754249824,44.23920972315297,0.0115060754249824,-23.130561621074836,3.5188310146331787,0.7240004281086582,44.95101695219416,0.0115060754249824,"(44.729, 45.261]"
1449979,16.830011581954487,37.63926561962138,1449979,350.67459520259865,-1.224939367461803,350.67459520259865,-1.224939367461803,232241.90-011329.7,0.8954614741745792,45.243257199240325,0.0059506432473916,44.531449970199134,0.0059506432473916,-23.545354914740162,3.809370517730713,0.8954614741745792,45.243257199240325,0.0059506432473916,"(44.729, 45.261]"
1435152,50.10972769491728,141.42921426159072,1435152,8.012422,0.631371,8.012422,0.631371,003202.98+003752.9,0.6109968593781414,45.15145348284215,0.006902173029605,44.43964625380096,0.006902173029605,-23.321556425180997,4.127799034118652,0.6109968593781414,45.15145348284215,0.006902173029605,"(44.729, 45.261]"
1436280,59.5001947428492,126.33683413364102,1436280,7.107274421785519,0.5604316381177928,7.107274421785519,0.5604316381177928,002825.74+003337.5,0.7868090600317241,45.00102870606247,0.011112957726155,44.28922147702128,0.011112957726155,-22.162690419547612,4.118046760559082,0.7868090600317241,45.00102870606247,0.011112957726155,"(44.729, 45.261]"
1446677,52.76471344747703,104.99088545695564,1446677,356.9868821165387,0.1526670434239237,356.9868821165387,0.1526670434239237,234756.85+000909.6,0.5879676058806816,44.85526529734361,0.0074448765952297,44.143458068302415,0.0074448765952297,-22.600730481000923,3.186946392059326,0.5879676058806816,44.85526529734361,0.0074448765952297,"(44.729, 45.261]"
1448757,110.74254254056832,321.8501418912184,1448757,352.990738,-0.858604,352.990738,-0.858604,233157.77-005130.9,0.5831027741926637,45.14427198555401,0.0089474229191601,44.43246475651282,0.0089474229191601,-22.95976769052818,3.6621382236480713,0.5831027741926637,45.14427198555401,0.0089474229191601,"(44.729, 45.261]"
1464511,136.96716921569913,381.1573460336048,1464511,323.09148216833086,0.6036533980742301,323.09148216833086,0.6036533980742301,213221.95+003613.1,0.8182318062878452,45.05632657238009,0.0089608308774167,44.344519343338895,0.0089608308774167,-22.638701443149774,3.260873794555664,0.8182318062878452,45.05632657238009,0.0089608308774167,"(44.729, 45.261]"
1395377,248.88405277599267,624.3844564559591,1395377,37.58723801907746,0.2320987204958369,37.58723801907746,0.2320987204958369,023020.93+001355.5,0.33467009432378453,44.812302689212444,0.0052574077569822,44.10049546017125,0.0052574077569822,-21.91810244061566,11.243546485900879,0.33467009432378453,44.812302689212444,0.0052574077569822,"(44.729, 45.261]"
1430906,42.1204223208952,104.9429268290356,1430906,11.175309,-0.70286,11.175309,-0.70286,004442.07-004210.2,0.5581742222733069,45.14700706771103,0.0068072026635839,44.43519983866984,0.0068072026635839,-22.91437527958497,5.408721923828125,0.5581742222733069,45.14700706771103,0.0068072026635839,"(44.729, 45.261]"
1450098,10.042721869631778,20.79911146373908,1450098,350.4582168767098,-0.8499454876802661,350.4582168767098,-0.8499454876802661,232149.97-005059.8,0.8078115567378844,44.923309319137985,0.0079008721531366,44.21150209009679,0.0079008721531366,-23.060974361609254,3.4163506031036377,0.8078115567378844,44.923309319137985,0.0079008721531366,"(44.729, 45.261]"
1417619,72.6686472977677,178.5671289500361,1417619,21.62940640779958,-1.0666657128565136,21.62940640779958,-1.0666657128565136,012631.05-010359.9,0.8899782117347864,45.1739754043285,0.0086770695975246,44.46216817528731,0.0086770695975246,-22.614641690784268,3.0874574184417725,0.8899782117347864,45.1739754043285,0.0086770695975246,"(44.729, 45.261]"
1389718,81.18300838467401,223.0033056234972,1389718,41.49446816911963,0.0684636103888581,41.49446816911963,0.0684636103888581,024558.67+000406.4,0.8418483716451898,44.94692984718719,0.0084424017493276,44.235122618146,0.0084424017493276,-22.35373439231656,3.785473346710205,0.8418483716451898,44.94692984718719,0.0084424017493276,"(44.729, 45.261]"
1435974,20.017188908063066,50.65523594287044,1435974,7.363227857283521,0.648642733005702,7.363227857283521,0.648642733005702,002927.17+003855.1,0.9891633478523271,45.2290748064231,0.0084200859116272,44.51726757738191,0.0084200859116272,-23.222307242428368,3.163933753967285,0.9891633478523271,45.2290748064231,0.0084200859116272,"(44.729, 45.261]"
1440141,70.13085200978189,244.14022900388184,1440141,3.894473,-1.188556,3.894473,-1.188556,001534.67-011118.8,0.4073351446894955,44.94202601093005,0.0092531392833024,44.23021878188886,0.0092531392833024,-22.554077770419095,5.192098140716553,0.4073351446894955,44.94202601093005,0.0092531392833024,"(44.729, 45.261]"
1396812,38.586466794171045,121.44855592491857,1396812,36.6043601256762,-0.6776076847305856,36.6043601256762,-0.6776076847305856,022625.04-004039.3,1.015721814730838,45.17502234957313,0.0070167274513579,44.46321512053194,0.0070167274513579,-23.057961681347354,3.1138405799865723,1.015721814730838,45.17502234957313,0.0070167274513579,"(44.729, 45.261]"
1419741,36.27058372613955,84.67195796711998,1419741,19.99201450621058,0.7306373774520762,19.99201450621058,0.7306373774520762,011958.08+004350.2,0.6997544677704102,44.99956146098596,0.0089176581379462,44.28775423194477,0.0089176581379462,-22.529968779857928,4.220459938049316,0.6997544677704102,44.99956146098596,0.0089176581379462,"(44.729, 45.261]"
1394023,166.67691632800398,375.39515115722855,1394023,38.48844409431763,-0.9195870245533604,38.48844409431763,-0.9195870245533604,023357.22-005510.5,0.7820513673143806,45.26019926903865,0.0037941380822168,44.54839203999746,0.0037941380822168,-23.30894595137199,5.121045112609863,0.7820513673143806,45.26019926903865,0.0037941380822168,"(44.729, 45.261]"
1464721,213.45579235508427,397.9475397217844,1464721,322.7005240547132,0.6677511752557067,322.7005240547132,0.6677511752557067,213048.12+004003.9,0.6229615741430052,45.11363546818367,0.0044598458817688,44.40182823914248,0.0044598458817688,-23.077461625257975,5.7002363204956055,0.6229615741430052,45.11363546818367,0.0044598458817688,"(44.729, 45.261]"
1431987,569.9748692734703,1342.4029477414388,1431987,10.421125,-0.327177,10.421125,-0.327177,004141.07-001937.8,0.46384038992009674,45.25699838133076,0.0046718413703423,44.54519115228957,0.0046718413703423,-23.338526575030304,9.460393905639648,0.46384038992009674,45.25699838133076,0.0046718413703423,"(44.729, 45.261]"
1451828,84.56837038637232,103.29844424182784,1451828,347.264831015894,-0.5339474102980265,347.264831015894,-0.5339474102980265,230903.55-003202.2,0.4665245700086463,44.741666046556425,0.011735810629716,44.02985881751523,0.011735810629716,-21.813651120888824,5.445135593414307,0.4665245700086463,44.741666046556425,0.011735810629716,"(44.729, 45.261]"
1441840,677.4144807108792,1298.9619333874723,1441840,2.430711,1.083279,2.430711,1.083279,000943.37+010459.8,0.455961248313929,45.11201631444986,0.0069270457378358,44.40020908540867,0.0069270457378358,-23.320079292826218,6.696844100952148,0.455961248313929,45.11201631444986,0.0069270457378358,"(44.729, 45.261]"
1432791,431.225867252737,911.3014686485144,1432791,9.812762067702806,0.2992413827179772,9.812762067702806,0.2992413827179772,003915.06+001757.2,0.6339685414004209,45.045103374344,0.00565925807836,44.33329614530281,0.00565925807836,-22.945321679045417,5.880251407623291,0.6339685414004209,45.045103374344,0.00565925807836,"(44.729, 45.261]"
1395692,18.92797008525653,61.02938178096392,1395692,37.36805901733203,-0.0544556819995011,37.36805901733203,-0.0544556819995011,022928.33-000316.0,0.9891859948615848,45.21253503448017,0.0073530673636206,44.50072780543898,0.0073530673636206,-23.618578325213516,4.604362487792969,0.9891859948615848,45.21253503448017,0.0073530673636206,"(44.729, 45.261]"
1444948,171.35600856742218,279.3054907166015,1444948,359.808410216216,-0.3439522129165175,359.808410216216,-0.3439522129165175,235914.01-002038.2,0.521630054662568,45.14079342929365,0.0031137756925154,44.42898620025246,0.0031137756925154,-23.25440318602889,12.170108795166016,0.521630054662568,45.14079342929365,0.0031137756925154,"(44.729, 45.261]"
1389208,253.27814821016392,471.6922130307928,1389208,41.807188,-0.165884,41.807188,-0.165884,024713.72-000957.1,0.5693296271692894,44.94711083525317,0.021386479789399,44.23530360621198,0.021386479789399,-22.562822477779633,3.8004584312438965,0.5693296271692894,44.94711083525317,0.021386479789399,"(44.729, 45.261]"
1399915,31.115880374638287,97.84353974373305,1399915,34.51461565306624,-0.7266746962431826,34.51461565306624,-0.7266746962431826,021803.50-004336.0,0.37930121045366955,44.87740455874241,0.0030434192182831,44.16559732970122,0.0030434192182831,-22.464446255273323,10.523780822753906,0.37930121045366955,44.87740455874241,0.0030434192182831,"(44.729, 45.261]"
1425804,90.46889174479216,286.7146483509352,1425804,15.283575593994158,1.2206673901183769,15.283575593994158,1.2206673901183769,010108.05+011314.4,0.5875461671574045,44.8454501781263,0.0054567304050756,44.13364294908511,0.0054567304050756,-23.32174040906768,9.05813217163086,0.5875461671574045,44.8454501781263,0.0054567304050756,"(44.729, 45.261]"
1442579,658.7051979747645,1546.8828987470376,1442579,1.824263,-0.860494,1.824263,-0.860494,000717.82-005137.7,0.5262037876929588,45.15329764510472,0.009933551858051,44.44149041606353,0.009933551858051,-23.281808211560783,5.471996307373047,0.5262037876929588,45.15329764510472,0.009933551858051,"(44.729, 45.261]"
1399568,60.28395285015648,110.24227313493458,1399568,34.739565,-1.227482,34.739565,-1.227482,021857.49-011338.9,0.51129914218153,44.77083023213765,0.0083181335178572,44.059023003096456,0.0083181335178572,-22.84130261061204,3.8586511611938477,0.51129914218153,44.77083023213765,0.0083181335178572,"(44.729, 45.261]"
1446910,15.135997161194586,25.847278431086348,1446910,356.55592637469863,-0.4497254920015439,356.55592637469863,-0.4497254920015439,234613.42-002659.0,0.844687964611352,45.12021347267625,0.008546766425109,44.408406243635056,0.008546766425109,-23.237410259683678,4.298602104187012,0.844687964611352,45.12021347267625,0.008546766425109,"(44.729, 45.261]"
1449309,239.6848509651962,648.0523241855316,1449309,351.9321601059504,0.4769464827742962,351.9321601059504,0.4769464827742962,232743.71+002837.0,0.523457082647716,45.24330226829352,0.0050686883224777,44.53149503925233,0.0050686883224777,-22.657245765398883,13.41023063659668,0.523457082647716,45.24330226829352,0.0050686883224777,"(44.729, 45.261]"
1429776,27.95629361304951,47.85780048358599,1429776,11.989496698806306,0.5407076381983813,11.989496698806306,0.5407076381983813,004757.47+003226.5,0.7746013704491735,45.07659057522183,0.006864841210735,44.36478334618064,0.006864841210735,-22.92677151675615,4.377664566040039,0.7746013704491735,45.07659057522183,0.006864841210735,"(44.729, 45.261]"
1400718,61.55290373734485,127.82543952862574,1400718,33.964162430780995,0.4508553338206488,33.964162430780995,0.4508553338206488,021551.39+002703.0,1.0316281772882845,45.16533219802131,0.0076772256841195,44.45352496898012,0.0076772256841195,-23.184670759622584,3.2416229248046875,1.0316281772882845,45.16533219802131,0.0076772256841195,"(44.729, 45.261]"
1394610,11.824327662917536,69.14315572064771,1394610,38.07363478582812,-0.1743882418070221,38.07363478582812,-0.1743882418070221,023217.67-001027.7,0.8049343166308086,45.09685855114899,0.0064522317660653,44.3850513221078,0.0064522317660653,-23.294783967482672,4.249780654907227,0.8049343166308086,45.09685855114899,0.0064522317660653,"(44.729, 45.261]"
1390138,68.71669794887526,129.07592055478844,1390138,41.23093187894324,0.6077220672320577,41.23093187894324,0.6077220672320577,024455.42+003627.7,0.6273579572772688,45.08440066609145,0.0046816628432928,44.372593437050256,0.0046816628432928,-23.008144949146466,7.650505542755127,0.6273579572772688,45.08440066609145,0.0046816628432928,"(44.729, 45.261]"
1401098,85.2325069989304,193.61501802407804,1401098,33.69583401011738,-0.5474079475979104,33.69583401011738,-0.5474079475979104,021447.00-003250.6,0.34887561759797237,44.899657598927604,0.0055938100988974,44.18785036988641,0.0055938100988974,-22.884993128952324,15.901761054992676,0.34887561759797237,44.899657598927604,0.0055938100988974,"(44.729, 45.261]"
1465137,31.273702845435217,102.44371867816606,1465137,321.9977200000001,-1.044004,321.9977200000001,-1.044004,212759.45-010238.4,0.606332826777744,44.891634298994795,0.0068106848943472,44.1798270699536,0.0068106848943472,1.0,3.797858715057373,0.606332826777744,44.891634298994795,0.0068106848943472,"(44.729, 45.261]"
1415472,35.64422554024787,64.72797115632349,1415472,23.163042298391023,1.0367217490611775,23.163042298391023,1.0367217490611775,013239.13+010212.1,0.692098377441871,44.98375782833573,0.0060524327414483,44.27195059929454,0.0060524327414483,-22.890884784279688,4.353015899658203,0.692098377441871,44.98375782833573,0.0060524327414483,"(44.729, 45.261]"
1417762,189.3397752745383,566.4295014281274,1417762,21.50310416651212,1.2237032097474894,21.50310416651212,1.2237032097474894,012600.74+011325.3,0.595983609172886,45.10681350649711,0.0045136788838604,44.39500627745592,0.0045136788838604,-23.483251983013286,13.420032501220703,0.595983609172886,45.10681350649711,0.0045136788838604,"(44.729, 45.261]"
1414160,36.29843621172533,82.79144372383716,1414160,24.05300822060383,0.2309181261791647,24.05300822060383,0.2309181261791647,013612.72+001351.3,0.8073272095361101,45.05725787840173,0.009907458949808,44.34545064936054,0.009907458949808,-22.698738846499154,3.781371831893921,0.8073272095361101,45.05725787840173,0.009907458949808,"(44.729, 45.261]"
1431442,16.758431215534703,42.43655793134334,1431442,10.796513582142438,0.7342788013058195,10.796513582142438,0.7342788013058195,004311.16+004403.4,0.8338521886850029,45.23527500962532,0.0042046482385487,44.52346778058413,0.0042046482385487,-23.284188821177715,4.715869903564453,0.8338521886850029,45.23527500962532,0.0042046482385487,"(44.729, 45.261]"
1436275,64.83562186826572,137.97421220088503,1436275,7.111573,0.370718,7.111573,0.370718,002826.77+002214.5,0.4133977905120179,44.835900632991816,0.0065448284730891,44.124093403950624,0.0065448284730891,-22.53827357989317,5.920932769775391,0.4133977905120179,44.835900632991816,0.0065448284730891,"(44.729, 45.261]"
1416020,81.87395666320513,329.12133200158627,1416020,22.784024061742684,-0.4574504548161243,22.784024061742684,-0.4574504548161243,013108.16-002726.8,0.4447184389643677,44.952379801211634,0.0062782877563485,44.24057257217044,0.0062782877563485,-23.30403100400635,7.080367565155029,0.4447184389643677,44.952379801211634,0.0062782877563485,"(44.729, 45.261]"
1391899,35.70372274763817,77.99722394361996,1391899,40.04859483611362,0.7581329105697866,40.04859483611362,0.7581329105697866,024011.66+004529.2,1.010832453372806,45.21755641675723,0.0080104103116482,44.50574918771604,0.0080104103116482,-22.84971119284985,3.5147440433502197,1.010832453372806,45.21755641675723,0.0080104103116482,"(44.729, 45.261]"
1443830,39.54811909196706,117.95376042484132,1443830,0.817998,-0.363591,0.817998,-0.363591,000316.31-002148.9,0.5185356668917741,44.79579350679659,0.0102135843679462,44.0839862777554,0.0102135843679462,-22.40259341909819,3.3248400688171387,0.5185356668917741,44.79579350679659,0.0102135843679462,"(44.729, 45.261]"
1445007,60.49478520440017,87.1054972511389,1445007,359.709045883453,-0.6545249838359963,359.709045883453,-0.6545249838359963,235850.17-003916.2,0.5616506554048256,44.78015935523292,0.0086694311023229,44.068352126191726,0.0086694311023229,-21.6241461506001,3.2255470752716064,0.5616506554048256,44.78015935523292,0.0086694311023229,"(44.729, 45.261]"
1450529,41.52841684438017,95.37260679017444,1450529,349.64071480521744,-0.7102481136900991,349.64071480521744,-0.7102481136900991,231833.77-004236.8,0.6092583459332991,44.870011549696876,0.0062096597380296,44.158204320655685,0.0062096597380296,-22.929825966591185,4.357355117797852,0.6092583459332991,44.870011549696876,0.0062096597380296,"(44.729, 45.261]"
1392771,37.3023278735791,49.128939406740855,1392771,39.43389362588082,0.021816214325049,39.43389362588082,0.021816214325049,023744.13+000118.5,0.8130633465932461,44.91201800381496,0.010857709860101,44.200210774773765,0.010857709860101,-23.203841076001694,3.133361339569092,0.8130633465932461,44.91201800381496,0.010857709860101,"(44.729, 45.261]"
1429634,28.76611295166428,37.47242036704878,1429634,12.102076481854851,-0.0465434011039904,12.102076481854851,-0.0465434011039904,004824.49-000247.5,0.5393932932278994,44.80063882770699,0.0087356379590417,44.0888315986658,0.0087356379590417,-22.487055172949823,4.673731803894043,0.5393932932278994,44.80063882770699,0.0087356379590417,"(44.729, 45.261]"
1446779,57.69602588156534,147.94440917002606,1446779,356.80227259240564,-1.1229766596927029,356.80227259240564,-1.1229766596927029,234712.54-010722.7,0.7289759416916602,45.02320505495132,0.005268545495749,44.31139782591013,0.005268545495749,-23.041934007786395,3.624075174331665,0.7289759416916602,45.02320505495132,0.005268545495749,"(44.729, 45.261]"
1421146,32.22960252610085,72.45832550087351,1421146,18.96395938170305,-0.5860074643322111,18.96395938170305,-0.5860074643322111,011551.35-003509.6,0.9828702369593195,45.18714196852348,0.0092786437394103,44.475334739482285,0.0092786437394103,-22.877237895131557,3.146712303161621,0.9828702369593195,45.18714196852348,0.0092786437394103,"(44.729, 45.261]"
1429558,84.34579410358538,412.82353656571394,1429558,12.16454,-1.008151,12.16454,-1.008151,004839.48-010029.3,0.36464120840929387,44.836245907580704,0.0209681730076063,44.12443867853951,0.0209681730076063,-22.92998676965833,6.8465681076049805,0.36464120840929387,44.836245907580704,0.0209681730076063,"(44.729, 45.261]"
1430200,415.2561143110143,1002.0664733887407,1430200,11.691664203137066,0.4582394774444771,11.691664203137066,0.4582394774444771,004645.99+002729.6,0.46664652065489964,44.907176169637516,0.0090925332836242,44.195368940596325,0.0090925332836242,-23.33622406575508,7.277997016906738,0.46664652065489964,44.907176169637516,0.0090925332836242,"(44.729, 45.261]"
1401318,20.534719051191185,89.76193877201102,1401318,33.558611242052734,0.3741804584844875,33.558611242052734,0.3741804584844875,021414.06+002227.0,0.8698271143786317,45.090467550095504,0.0071127907785282,44.37866032105431,0.0071127907785282,-22.682323512760895,4.300293445587158,0.8698271143786317,45.090467550095504,0.0071127907785282,"(44.729, 45.261]"
1444668,63.11544117895544,138.065939328776,1444668,0.1123183696030878,0.3346646188519393,0.1123183696030878,0.3346646188519393,000026.95+002004.7,0.8217914286031022,45.18604562400541,0.0073519065859493,44.47423839496422,0.0073519065859493,-23.12530628945149,4.039599895477295,0.8217914286031022,45.18604562400541,0.0073519065859493,"(44.729, 45.261]"
1390885,44.54701972218079,111.27644420761872,1390885,40.71697633796879,-0.1036188730899909,40.71697633796879,-0.1036188730899909,024252.07-000613.0,0.8255513097322871,45.2519040348698,0.0050746185304504,44.54009680582861,0.0050746185304504,-23.029773904862402,5.618407726287842,0.8255513097322871,45.2519040348698,0.0050746185304504,"(44.729, 45.261]"
1392228,27.12167099177825,66.8328339389029,1392228,39.82915050711345,-0.3852314513935943,39.82915050711345,-0.3852314513935943,023918.99-002306.8,0.9025715820776732,44.965829151177594,0.0097640803897327,44.2540219221364,0.0097640803897327,-22.409829252606816,3.096724510192871,0.9025715820776732,44.965829151177594,0.0097640803897327,"(44.729, 45.261]"
1391194,54.1019294465114,75.63090683169007,1391194,40.53246733357355,0.7930865579875902,40.53246733357355,0.7930865579875902,024207.79+004735.1,0.6350333957461903,44.77703324952168,0.0084384675956918,44.06522602048049,0.0084384675956918,-21.957220808133126,3.425942897796631,0.6350333957461903,44.77703324952168,0.0084384675956918,"(44.729, 45.261]"
1449582,299.8963254109112,815.0351210501232,1449582,351.44374217219485,0.2971229857436046,351.44374217219485,0.2971229857436046,232546.49+001749.6,0.514006133523681,44.82002724882778,0.0054343740740954,44.108220019786586,0.0054343740740954,-22.868022495307955,6.597109794616699,0.514006133523681,44.82002724882778,0.0054343740740954,"(44.729, 45.261]"
1424962,135.40678283548002,286.30027235020964,1424962,15.939322580358532,0.9688420615086684,15.939322580358532,0.9688420615086684,010345.43+005807.8,1.0423620938868814,45.11041844278283,0.0102221453433664,44.39861121374164,0.0102221453433664,-23.158172255052186,3.5951197147369385,1.0423620938868814,45.11041844278283,0.0102221453433664,"(44.729, 45.261]"
1447325,51.23924146838455,112.13398173168952,1447325,355.6038229588451,0.1903571802466546,355.6038229588451,0.1903571802466546,234224.91+001125.2,0.9857869991020061,45.253352454244954,0.0106514693811803,44.54154522520376,0.0106514693811803,-23.388122289801327,3.4186699390411377,0.9857869991020061,45.253352454244954,0.0106514693811803,"(44.729, 45.261]"
1427762,62.37516724114941,118.37600058150822,1427762,13.691625948636386,0.6393574120582232,13.691625948636386,0.6393574120582232,005445.99+003821.6,0.5942748168425919,44.896247357470564,0.0061279716630053,44.18444012842937,0.0061279716630053,-22.434674842216367,4.813103199005127,0.5942748168425919,44.896247357470564,0.0061279716630053,"(44.729, 45.261]"
1450952,22.04020849246916,61.07836178011265,1450952,348.896017,0.024375,348.896017,0.024375,231535.04+000127.7,0.5903345668245702,45.15769078033079,0.0087279496985814,44.4458835512896,0.0087279496985814,-23.421062487609852,4.187358856201172,0.5903345668245702,45.15769078033079,0.0087279496985814,"(44.729, 45.261]"
1410181,97.959189902075,197.39813232684983,1410181,26.9178317167374,0.7747077445858149,26.9178317167374,0.7747077445858149,014740.27+004628.9,0.6875678342448712,44.96770777083577,0.0106252980048324,44.25590054179458,0.0106252980048324,-22.37111330172935,4.806146144866943,0.6875678342448712,44.96770777083577,0.0106252980048324,"(44.729, 45.261]"
1438083,177.7473440959913,172.08700097559893,1438083,5.630473866607304,1.1357785100609523,5.630473866607304,1.1357785100609523,002231.31+010808.8,0.5479654212024813,44.847985388904476,0.0119211982329581,44.136178159863285,0.0119211982329581,-22.380778403865484,4.606301784515381,0.5479654212024813,44.847985388904476,0.0119211982329581,"(44.729, 45.261]"
1395414,116.34498519221565,251.3758423157477,1395414,37.56078502832867,0.0461885823072622,37.56078502832867,0.0461885823072622,023014.58+000246.2,0.7724216391121606,44.91231898105194,0.0080114534437321,44.20051175201075,0.0080114534437321,-22.81642392961599,4.179704666137695,0.7724216391121606,44.91231898105194,0.0080114534437321,"(44.729, 45.261]"
1400512,42.127121346252935,113.06051237563364,1400512,34.10490937757987,-0.5987910550798137,34.10490937757987,-0.5987910550798137,021625.17-003555.6,0.7805167263570971,45.01769670298713,0.0067860434960884,44.30588947394594,0.0067860434960884,-22.872871405258195,3.226130962371826,0.7805167263570971,45.01769670298713,0.0067860434960884,"(44.729, 45.261]"
1418839,32.025095502787245,61.96890754129552,1418839,20.66324510296433,0.6123089339960394,20.66324510296433,0.6123089339960394,012239.17+003644.3,0.8525007672877853,44.93873279955302,0.0109971542748468,44.22692557051183,0.0109971542748468,-22.702771952175308,3.6197078227996826,0.8525007672877853,44.93873279955302,0.0109971542748468,"(44.729, 45.261]"
1397389,23.27805824451364,59.469025061338655,1397389,36.21731891893442,-1.1187573603579477,36.21731891893442,-1.1187573603579477,022452.15-010707.5,1.2646635877339847,45.23943974191668,0.0111578980293991,44.527632512875485,0.0111578980293991,-22.835350227851777,3.0187289714813232,1.2646635877339847,45.23943974191668,0.0111578980293991,"(44.729, 45.261]"
1444904,111.2919900405296,314.15826002856124,1444904,359.85939862312955,-0.7973457302353553,359.85939862312955,-0.7973457302353553,235926.25-004750.4,0.39623486292116755,44.94201631848628,0.0036208672317279,44.23020908944509,0.0036208672317279,-22.961508547038417,11.794615745544434,0.39623486292116755,44.94201631848628,0.0036208672317279,"(44.729, 45.261]"
1427651,15.567054805200934,47.125619208374886,1427651,13.787073355359198,-0.1868627328723346,13.787073355359198,-0.1868627328723346,005508.89-001112.7,0.6996127196100189,45.06279446135317,0.0083671912179852,44.35098723231198,0.0083671912179852,-23.130934870024863,5.145467281341553,0.6996127196100189,45.06279446135317,0.0083671912179852,"(44.729, 45.261]"
1404952,20.036248256196966,73.68289064451578,1404952,31.0173139755821,-0.8006992670155052,31.0173139755821,-0.8006992670155052,020404.15-004802.5,0.6454452041708598,45.026573438941185,0.0063582096195169,44.31476620989999,0.0063582096195169,-22.841093824493928,4.457930088043213,0.6454452041708598,45.026573438941185,0.0063582096195169,"(44.729, 45.261]"
1460416,57.56925937651669,71.41065333039984,1460416,330.72295932572325,0.9057389793659192,330.72295932572325,0.9057389793659192,220253.51+005420.6,0.7904759276214535,45.07848473009041,0.00984974670612,44.36667750104922,0.00984974670612,-23.16087536418763,3.525423526763916,0.7904759276214535,45.07848473009041,0.00984974670612,"(44.729, 45.261]"
1464503,71.88568138790136,174.83729254459828,1464503,323.1057285731999,0.2116503429880162,323.1057285731999,0.2116503429880162,213225.37+001241.9,0.3949678144710925,44.78686223330432,0.004603822925759,44.07505500426313,0.004603822925759,-22.31726489909912,9.188490867614746,0.3949678144710925,44.78686223330432,0.004603822925759,"(44.729, 45.261]"
1444719,61.17099118326298,111.3548518590544,1444719,0.07453,0.436838,0.07453,0.436838,000017.88+002612.6,0.544794276185431,45.141623651135454,0.0073464879195022,44.42981642209426,0.0073464879195022,-23.08807621220258,5.287378311157227,0.544794276185431,45.141623651135454,0.0073464879195022,"(44.729, 45.261]"
1451989,462.15477476538416,868.2269379967038,1451989,346.95848,-0.500807,346.95848,-0.500807,230750.03-003002.9,0.48717285556543444,44.91222139396017,0.0118673507997755,44.20041416491898,0.0118673507997755,-23.130335930567636,4.74373722076416,0.48717285556543444,44.91222139396017,0.0118673507997755,"(44.729, 45.261]"
1448393,16.444734371844756,40.47442359733943,1448393,353.6858215503992,0.540826819499261,353.6858215503992,0.540826819499261,233444.59+003226.9,0.9166263204177748,45.25835682106251,0.0089369597141626,44.54654959202132,0.0089369597141626,-23.445727472025286,3.938035726547241,0.9166263204177748,45.25835682106251,0.0089369597141626,"(44.729, 45.261]"
1431690,32.34792978197044,65.02429129586298,1431690,10.61768462274688,0.4881557295038722,10.61768462274688,0.4881557295038722,004228.24+002917.3,0.7124266632381854,45.02496521706608,0.0085246873619553,44.31315798802489,0.0085246873619553,-22.546255145462297,4.624156475067139,0.7124266632381854,45.02496521706608,0.0085246873619553,"(44.729, 45.261]"
1445212,87.58232248834211,222.5484260333182,1445212,359.384122,0.515111,359.384122,0.515111,235732.18+003054.3,0.6910681487420655,45.19317047111344,0.0081767507390679,44.48136324207225,0.0081767507390679,-23.20481678208161,3.6611502170562744,0.6910681487420655,45.19317047111344,0.0081767507390679,"(44.729, 45.261]"
1445419,21.01386940910292,58.10400273969732,1445419,359.0766767958127,0.6431336802703075,359.0766767958127,0.6431336802703075,235618.40+003835.2,1.1107542042128025,45.04979169485095,0.0162165489183934,44.33798446580976,0.0162165489183934,-22.721687507880734,3.0120301246643066,1.1107542042128025,45.04979169485095,0.0162165489183934,"(44.729, 45.261]"
1396183,83.12628137805495,167.65374435577917,1396183,37.05647670951068,0.5820934065736653,37.05647670951068,0.5820934065736653,022813.55+003455.5,0.7093045472094848,45.014561390329824,0.0078052342062235,44.30275416128863,0.0078052342062235,-22.377604410377756,3.91672420501709,0.7093045472094848,45.014561390329824,0.0078052342062235,"(44.729, 45.261]"
1432997,39.606731219273655,97.32076450934372,1432997,9.669145750513293,-0.6337150236819251,9.669145750513293,-0.6337150236819251,003840.59-003801.3,1.0076208949050847,45.19331845883943,0.0113575959244229,44.48151122979824,0.0113575959244229,-22.97163536781017,3.120305061340332,1.0076208949050847,45.19331845883943,0.0113575959244229,"(44.729, 45.261]"
1418412,55.44791376248663,98.43003364039792,1418412,21.007635962345947,-0.7465108562933839,21.007635962345947,-0.7465108562933839,012401.83-004447.4,0.8310300635415957,45.187250219335624,0.0069950771448361,44.47544299029443,0.0069950771448361,-23.509158164860104,4.410833358764648,0.8310300635415957,45.187250219335624,0.0069950771448361,"(44.729, 45.261]"
1451867,18.749313677881183,53.73629111264748,1451867,347.2023951939065,0.947636416691113,347.2023951939065,0.947636416691113,230848.57+005651.4,0.7412968583405721,44.92411549241721,0.0094894236205611,44.212308263376016,0.0094894236205611,-22.703105664001885,3.778574228286743,0.7412968583405721,44.92411549241721,0.0094894236205611,"(44.729, 45.261]"
1447653,84.70274756761408,186.08076833878965,1447653,354.96988,-0.144472,354.96988,-0.144472,233952.77-000840.0,0.7128262606626211,45.22168728252768,0.0100807411930325,44.50988005348649,0.0100807411930325,-23.79221392649746,3.458902597427368,0.7128262606626211,45.22168728252768,0.0100807411930325,"(44.729, 45.261]"
1413661,47.7076839640538,68.53976960873175,1413661,24.45643556044945,0.8001444254649651,24.45643556044945,0.8001444254649651,013749.54+004800.5,0.817831412861518,45.070520071549275,0.0078030338809931,44.35871284250808,0.0078030338809931,-22.292884176651523,5.173889636993408,0.817831412861518,45.070520071549275,0.0078030338809931,"(44.729, 45.261]"
1439301,177.33875704834117,352.3591051008729,1439301,4.565743217455065,0.2756656920449383,4.565743217455065,0.2756656920449383,001815.77+001632.3,0.5763314362357953,45.00213033081116,0.006732865177419,44.29032310176997,0.006732865177419,-22.35933625306268,5.571587562561035,0.5763314362357953,45.00213033081116,0.006732865177419,"(44.729, 45.261]"
1451952,84.01037295084544,201.70214451944,1451952,347.0338919600966,-0.475181187400245,347.0338919600966,-0.475181187400245,230808.13-002830.6,0.7436527500584222,44.96447555466016,0.0097665763471219,44.25266832561897,0.0097665763471219,-23.321075253964846,3.8350870609283447,0.7436527500584222,44.96447555466016,0.0097665763471219,"(44.729, 45.261]"
1447362,58.1239322946009,117.83410254334404,1447362,355.523953,-0.609345,355.523953,-0.609345,234205.74-003633.6,0.7224013220852015,45.17482438917449,0.0072010543357059,44.4630171601333,0.0072010543357059,-23.58564996161363,3.2900688648223877,0.7224013220852015,45.17482438917449,0.0072010543357059,"(44.729, 45.261]"
1408917,395.38410962137823,835.6339300686906,1408917,27.89506724287577,-0.0028903767042747,27.89506724287577,-0.0028903767042747,015134.81-000010.4,0.34610644982715794,44.78545411584085,0.002006844887191,44.07364688679966,0.002006844887191,-22.77748240090896,13.836962699890137,0.34610644982715794,44.78545411584085,0.002006844887191,"(44.729, 45.261]"
1464464,901.3833593609788,2884.392189875762,1464464,323.18853721904475,0.0295612256110455,323.18853721904475,0.0295612256110455,213245.24+000146.4,0.2342624677863558,44.913292604975624,0.0033363719398593,44.20148537593443,0.0033363719398593,-22.48929702563215,29.926803588867188,0.2342624677863558,44.913292604975624,0.0033363719398593,"(44.729, 45.261]"
1437033,35.23994514222203,83.09100057037237,1437033,6.491805273137288,-0.5013176157949866,6.491805273137288,-0.5013176157949866,002558.03-003004.7,0.7045767481549874,45.13874814496711,0.0060581156503474,44.42694091592592,0.0060581156503474,-22.709721082826565,4.414525985717773,0.7045767481549874,45.13874814496711,0.0060581156503474,"(44.729, 45.261]"
1392325,95.36691669710392,161.27130824042644,1392325,39.76705975736586,-0.7363409004671121,39.76705975736586,-0.7363409004671121,023904.09-004410.8,0.567868125826183,44.973155382977225,0.0042374572930583,44.261348153936034,0.0042374572930583,-22.567164011766543,6.60836124420166,0.567868125826183,44.973155382977225,0.0042374572930583,"(44.729, 45.261]"
1422049,33.36720373890204,86.75211622748704,1422049,18.24382165940781,0.6337696081617621,18.24382165940781,0.6337696081617621,011258.51+003801.5,0.9582042881098475,45.16467761756608,0.006748422490002,44.452870388524886,0.006748422490002,-23.43524650755789,3.406930446624756,0.9582042881098475,45.16467761756608,0.006748422490002,"(44.729, 45.261]"
1420902,127.8369911202172,271.6828662603637,1420902,19.16128350146505,1.07455782724894,19.16128350146505,1.07455782724894,011638.70+010428.4,0.782285284277384,45.08069360284154,0.005419855019209,44.36888637380035,0.005419855019209,-23.084932732513842,4.865220069885254,0.782285284277384,45.08069360284154,0.005419855019209,"(44.729, 45.261]"
1408408,353.169094519776,854.8270354587492,1408408,28.28221342171213,0.2177969224738379,28.28221342171213,0.2177969224738379,015307.73+001304.0,0.3386680125282691,44.86931263621758,0.010232687477476,44.15750540717639,0.010232687477476,-22.76768933279576,13.168538093566895,0.3386680125282691,44.86931263621758,0.010232687477476,"(44.729, 45.261]"
1398648,148.00137619486728,548.0432943939334,1398648,35.382455609380884,0.6636784162744734,35.382455609380884,0.6636784162744734,022131.78+003949.2,0.42509687475887287,44.84857395535346,0.0087586368105263,44.13676672631227,0.0087586368105263,-23.41650024386023,15.257864952087402,0.42509687475887287,44.84857395535346,0.0087586368105263,"(44.729, 45.261]"
1450261,14.761354933507072,54.13742520066703,1450261,350.16618217789625,-0.8722696183266893,350.16618217789625,-0.8722696183266893,232039.88-005220.1,0.757941642093462,45.003359143488844,0.0099654281136523,44.29155191444765,0.0099654281136523,-23.126398054496818,4.029983043670654,0.757941642093462,45.003359143488844,0.0099654281136523,"(44.729, 45.261]"
1393571,29.913196437009624,84.31059692208076,1393571,38.81678259157883,0.2947515777610091,38.81678259157883,0.2947515777610091,023516.02+001741.1,0.8386239973467452,45.09090146096352,0.0065342277045452,44.37909423192233,0.0065342277045452,-23.278796914533842,5.108455657958984,0.8386239973467452,45.09090146096352,0.0065342277045452,"(44.729, 45.261]"
1447588,59.24996571011248,150.3445514958254,1447588,355.09446814337383,-0.428100740931513,355.09446814337383,-0.428100740931513,234022.67-002541.1,0.9539989484818628,45.17032669479457,0.0090944106497659,44.458519465753376,0.0090944106497659,-22.734242613569716,3.0203068256378174,0.9539989484818628,45.17032669479457,0.0090944106497659,"(44.729, 45.261]"
1464802,63.8168965024404,144.8440276200463,1464802,322.5528485321815,-1.072896060477526,322.5528485321815,-1.072896060477526,213012.68-010422.4,0.8185146407041464,45.10408497193362,0.0129486098929234,44.392277742892425,0.0129486098929234,-22.63671848924503,3.8723294734954834,0.8185146407041464,45.10408497193362,0.0129486098929234,"(44.729, 45.261]"
1416862,17.411103792371854,37.90424921453948,1416862,22.152140833710057,-0.2311348494977524,22.152140833710057,-0.2311348494977524,012836.51-001352.0,2.1091462773062135,44.94180388613516,0.0618377974870689,45.340968897416325,0.012018849929781,-25.01204896082378,3.0117311477661133,2.1091462773062135,44.94180388613516,0.0618377974870689,"(44.729, 45.261]"
1450339,11.035178409568406,42.58197480338836,1450339,350.0142319173815,1.2112994449050876,350.0142319173815,1.2112994449050876,232003.41+011240.6,0.9572068173036393,45.19275378019595,0.0103585723874282,44.48094655115476,0.0103585723874282,-23.281481582059133,3.0310447216033936,0.9572068173036393,45.19275378019595,0.0103585723874282,"(44.729, 45.261]"
1451159,94.1274456729443,179.0373279282318,1451159,348.49225311008854,-0.4919969355515874,348.49225311008854,-0.4919969355515874,231358.14-002931.1,0.6747627819427072,45.10135706856112,0.0055309715677722,44.38954983951993,0.0055309715677722,-22.899342872730095,5.363900184631348,0.6747627819427072,45.10135706856112,0.0055309715677722,"(44.729, 45.261]"
1431849,65.45040614007287,137.34188262733,1431849,10.524177729874108,0.0651271559006483,10.524177729874108,0.0651271559006483,004205.80+000354.4,0.8612769509366816,45.08409818987361,0.0077356716568139,44.372290960832416,0.0077356716568139,-22.421103918481162,3.0190834999084473,0.8612769509366816,45.08409818987361,0.0077356716568139,"(44.729, 45.261]"
1445308,24.972347869301,485.1852988182893,1445308,359.2413419647889,1.2183379251104218,359.2413419647889,1.2183379251104218,235657.92+011306.0,0.3732853738155542,44.73826056627543,0.0110920290155718,44.02645333723424,0.0110920290155718,-23.181058401176657,14.072489738464355,0.3732853738155542,44.73826056627543,0.0110920290155718,"(44.729, 45.261]"
1443839,67.25256452451501,104.47433749573273,1443839,0.8153679827420319,0.3260427650032553,0.8153679827420319,0.3260427650032553,000315.68+001933.7,0.552129579926037,44.82388149182553,0.0066488187487081,44.11207426278434,0.0066488187487081,-22.55223791513243,4.773433685302734,0.552129579926037,44.82388149182553,0.0066488187487081,"(44.729, 45.261]"
1390124,38.01761425159373,47.24331151607041,1390124,41.24557414458144,0.9602633187941122,41.24557414458144,0.9602633187941122,024458.93+005736.9,0.7001591014046252,44.73467687551112,0.0157249114502668,44.02286964646993,0.0157249114502668,-22.665670935719266,3.6565256118774414,0.7001591014046252,44.73467687551112,0.0157249114502668,"(44.729, 45.261]"
1437416,302.7438270117822,556.9412092393184,1437416,6.156919268743608,0.1446519736832367,6.156919268743608,0.1446519736832367,002437.66+000840.7,0.4266443402955969,44.97294676715401,0.003615338801886,44.26113953811282,0.003615338801886,-23.510323816265636,13.816810607910156,0.4266443402955969,44.97294676715401,0.003615338801886,"(44.729, 45.261]"
1410515,178.26875562308516,607.3255210945152,1410515,26.665017851823336,0.6765838081922996,26.665017851823336,0.6765838081922996,014639.60+004035.7,0.5943823363861725,45.06697403002154,0.0074966548695591,44.35516680098035,0.0074966548695591,-23.41237302340583,8.773226737976074,0.5943823363861725,45.06697403002154,0.0074966548695591,"(44.729, 45.261]"
1390668,33.28086234692846,142.75864340129036,1390668,40.86647859513022,0.9319785224850506,40.86647859513022,0.9319785224850506,024327.95+005555.1,0.7499226705210674,45.24949070101518,0.0058885375442763,44.53768347197399,0.0058885375442763,-22.882079784448447,8.68751049041748,0.7499226705210674,45.24949070101518,0.0058885375442763,"(44.729, 45.261]"
1420551,200.96761935697663,378.6504162725882,1420551,19.421356379817624,0.3406361101570405,19.421356379817624,0.3406361101570405,011741.12+002026.2,0.5702170417124006,44.87803251904789,0.0061567438730776,44.1662252900067,0.0061567438730776,-23.005003013010864,5.956450939178467,0.5702170417124006,44.87803251904789,0.0061567438730776,"(44.729, 45.261]"
1389472,59.36206870736488,167.8803255920812,1389472,41.65329929070762,-0.0290576636385142,41.65329929070762,-0.0290576636385142,024636.79-000144.6,0.7940026963446064,45.199988016233675,0.0077159279584329,44.48818078719248,0.0077159279584329,-22.92022629941852,4.857339859008789,0.7940026963446064,45.199988016233675,0.0077159279584329,"(44.729, 45.261]"
1441078,11.531764750369168,21.4977050605659,1441078,3.098544594914511,-0.3372758910981226,3.098544594914511,-0.3372758910981226,001223.65-002014.1,0.6440946414640035,44.88831194718868,0.0063394543982582,44.17650471814749,0.0063394543982582,-22.622052057426092,4.415622711181641,0.6440946414640035,44.88831194718868,0.0063394543982582,"(44.729, 45.261]"
1398033,43.75368879626792,78.68509287311723,1398033,35.76027482616678,-0.2057482530758,35.76027482616678,-0.2057482530758,022302.46-001220.6,0.9220731861233369,45.18658522180993,0.0082645112378045,44.474777992768736,0.0082645112378045,-22.821918651075446,3.500293016433716,0.9220731861233369,45.18658522180993,0.0082645112378045,"(44.729, 45.261]"
1394874,174.30738681734144,356.504990643134,1394874,37.91113301241901,-1.0632477928599868,37.91113301241901,-1.0632477928599868,023138.67-010347.6,0.48162453045150383,44.80328516477599,0.0059704231284243,44.0914779357348,0.0059704231284243,-21.618322926688954,5.9560370445251465,0.48162453045150383,44.80328516477599,0.0059704231284243,"(44.729, 45.261]"
1464404,11.102644883558558,36.12801160697246,1464404,323.317290985101,-1.0184644294270373,323.317290985101,-1.0184644294270373,213316.14-010106.4,0.8558543386314811,45.0924284821664,0.0081100210834677,44.380621253125206,0.0081100210834677,-23.106354271412247,3.599917411804199,0.8558543386314811,45.0924284821664,0.0081100210834677,"(44.729, 45.261]"
1424023,11.85315454897965,45.43453415804517,1424023,16.64164174908103,0.223859072625111,16.64164174908103,0.223859072625111,010633.99+001325.8,0.9181433807561238,45.238312965315274,0.0075751299614275,44.52650573627408,0.0075751299614275,-23.49339231265542,4.241086006164551,0.9181433807561238,45.238312965315274,0.0075751299614275,"(44.729, 45.261]"
1465550,76.2440023878155,186.4265205112856,1465550,321.2591848347985,-1.0087378118105048,321.2591848347985,-1.0087378118105048,212502.20-010031.4,0.5883682452320793,45.13437380557921,0.0030219741765016,44.42256657653802,0.0030219741765016,-23.263056009531283,11.019198417663574,0.5883682452320793,45.13437380557921,0.0030219741765016,"(44.729, 45.261]"
1447522,104.834215075897,279.8511547906058,1447522,355.2105164286538,1.1098529824292265,355.2105164286538,1.1098529824292265,234050.52+010635.4,0.35870136438316647,44.97570894550021,0.0032383019469826,44.26390171645902,0.0032383019469826,-23.17318843345979,15.90849781036377,0.35870136438316647,44.97570894550021,0.0032383019469826,"(44.729, 45.261]"
1389083,26.12674385232062,77.1779343317938,1389083,41.91165257186407,0.2897697504181902,41.91165257186407,0.2897697504181902,024738.79+001723.1,1.0113225534724952,45.2020958089238,0.0072224852382198,44.49028857988261,0.0072224852382198,-23.228039753794146,3.1106977462768555,1.0113225534724952,45.2020958089238,0.0072224852382198,"(44.729, 45.261]"
1405046,89.44274540012972,135.5693189520523,1405046,30.96454692165536,0.1809037037510813,30.96454692165536,0.1809037037510813,020351.49+001051.2,0.5596936650853064,44.928945305243275,0.0064433469425324,44.21713807620208,0.0064433469425324,-22.551666990197756,7.564774513244629,0.5596936650853064,44.928945305243275,0.0064433469425324,"(44.729, 45.261]"
1445003,179.7250191399456,340.0256403924418,1445003,359.7168949961655,0.9257008408526604,359.7168949961655,0.9257008408526604,235852.05+005532.5,0.7021307300826449,45.07775617451314,0.0045287101993238,44.36594894547195,0.0045287101993238,-22.87488444980315,5.204074859619141,0.7021307300826449,45.07775617451314,0.0045287101993238,"(44.729, 45.261]"
1389093,51.5581229770446,103.07337572156568,1389093,41.90349102537266,0.4884469048154142,41.90349102537266,0.4884469048154142,024736.83+002918.4,0.7865630034006716,45.03934121125601,0.0074699524050423,44.32753398221482,0.0074699524050423,-22.86174887052233,4.226587295532227,0.7865630034006716,45.03934121125601,0.0074699524050423,"(44.729, 45.261]"
1445341,92.62330699095516,131.73742195976195,1445341,359.1904837749547,-1.1338598086345508,359.1904837749547,-1.1338598086345508,235645.71-010801.8,0.6996306119012254,45.255133094726915,0.0045195958075368,44.54332586568572,0.0045195958075368,-23.071675573987054,5.55172061920166,0.6996306119012254,45.255133094726915,0.0045195958075368,"(44.729, 45.261]"
1410788,42.25581594438443,47.39062079175253,1410788,26.454823799626865,0.8324491180327013,26.454823799626865,0.8324491180327013,014549.15+004956.8,1.0465075547750093,45.138262058058395,0.0078331542885301,44.4264548290172,0.0078331542885301,-23.68810689704105,3.4554712772369385,1.0465075547750093,45.138262058058395,0.0078331542885301,"(44.729, 45.261]"
1465534,27.735653694046945,82.31926366070444,1465534,321.2886076761613,-0.8984767122232064,321.2886076761613,-0.8984767122232064,212509.26-005354.5,0.695155054498013,45.09010973891573,0.0039029430553227,44.37830250987454,0.0039029430553227,-23.361392492784116,4.595064163208008,0.695155054498013,45.09010973891573,0.0039029430553227,"(44.729, 45.261]"
1438429,32.15758083508362,61.09638415654624,1438429,5.325074600142309,-0.409670502454746,5.325074600142309,-0.409670502454746,002118.01-002434.8,0.6848255989235732,44.90435974693583,0.0088629772493789,44.19255251789464,0.0088629772493789,-22.823539458500107,3.560805082321167,0.6848255989235732,44.90435974693583,0.0088629772493789,"(44.729, 45.261]"
1410835,940.821573670481,1543.170208801399,1410835,26.4282423231082,0.8875121676469825,26.4282423231082,0.8875121676469825,014542.77+005315.0,0.3892128228064993,45.03998582357589,0.0071844721639919,44.3281785945347,0.0071844721639919,-22.74398240871003,16.575153350830078,0.3892128228064993,45.03998582357589,0.0071844721639919,"(44.729, 45.261]"
1402753,15.72281244274246,68.5757533318966,1402753,32.55892581632287,0.8467625145530545,32.55892581632287,0.8467625145530545,021014.14+005048.3,0.8721160041371386,45.16272115317432,0.0062652046976516,44.450913924133125,0.0062652046976516,-23.080988085275052,4.922112464904785,0.8721160041371386,45.16272115317432,0.0062652046976516,"(44.729, 45.261]"
1434307,34.44632671297268,77.85254255033051,1434307,8.691516875131356,0.3133178188034098,8.691516875131356,0.3133178188034098,003445.96+001847.9,0.8698358873419383,45.003831897691654,0.0070160583688974,44.29202466865046,0.0070160583688974,-22.564946397235495,3.0720298290252686,0.8698358873419383,45.003831897691654,0.0070160583688974,"(44.729, 45.261]"
1446563,23.461262666826304,33.29304704660306,1446563,357.1746136677275,0.991334766797953,357.1746136677275,0.991334766797953,234841.90+005928.8,0.5586013448988253,44.80294927361455,0.0058471037887599,44.09114204457336,0.0058471037887599,-22.17258196972575,4.5062384605407715,0.5586013448988253,44.80294927361455,0.0058471037887599,"(44.729, 45.261]"
1448071,84.70245570664264,138.5556658442115,1448071,354.2224528122989,-0.1983643202182736,354.2224528122989,-0.1983643202182736,233653.38-001154.1,0.7307440688811786,45.1225174555314,0.009221625507866,44.41071022649021,0.009221625507866,-22.55194991845743,4.5649189949035645,0.7307440688811786,45.1225174555314,0.009221625507866,"(44.729, 45.261]"
1396292,21.08637201713232,56.08116375608201,1396292,36.983544302725136,1.2478364490147322,36.983544302725136,1.2478364490147322,022756.05+011452.2,0.8380492832715574,44.99046224980894,0.005583022091347,44.27865502076775,0.005583022091347,-23.182325338350935,3.9981274604797363,0.8380492832715574,44.99046224980894,0.005583022091347,"(44.729, 45.261]"
1390840,112.40889846977534,339.2502715932173,1390840,40.75042486587056,-0.723972526929804,40.75042486587056,-0.723972526929804,024300.10-004326.3,0.6519142287572888,45.180925172182704,0.0063646593806083,44.46911794314151,0.0063646593806083,-21.642580327535487,7.4211859703063965,0.6519142287572888,45.180925172182704,0.0063646593806083,"(44.729, 45.261]"
1441148,145.01552275024125,376.2932843195598,1441148,3.0311386533329028,0.4519610331250486,3.0311386533329028,0.4519610331250486,001207.47+002707.0,0.41407692204744734,45.08001484908155,0.0021478231547753,44.36820762004036,0.0021478231547753,-22.539380128729302,15.216259956359863,0.41407692204744734,45.08001484908155,0.0021478231547753,"(44.729, 45.261]"
1465112,11.215174000031244,35.34764926575545,1465112,322.0459741877882,0.907656759363728,322.0459741877882,0.907656759363728,212811.03+005427.5,0.6196110366734227,44.84024698660352,0.0084953908010021,44.128439757562326,0.0084953908010021,-22.832294692253235,4.704689025878906,0.6196110366734227,44.84024698660352,0.0084953908010021,"(44.729, 45.261]"
1433910,90.01660119808123,273.1256311813319,1433910,8.985888570291843,0.1796537089335583,8.985888570291843,0.1796537089335583,003556.61+001046.7,0.33046551773278626,44.88682617152393,0.0070247290748923,44.17501894248274,0.0070247290748923,-22.02461630734798,9.449957847595215,0.33046551773278626,44.88682617152393,0.0070247290748923,"(44.729, 45.261]"
1441842,20.075570163598822,33.130243961129324,1441842,2.4300759194820216,0.6461986470366143,2.4300759194820216,0.6461986470366143,000943.21+003846.3,0.8258071555196669,45.09486666081611,0.0064225767739038,44.38305943177492,0.0064225767739038,-23.117668583728396,3.9569568634033203,0.8258071555196669,45.09486666081611,0.0064225767739038,"(44.729, 45.261]"
1417857,17.8876282926754,60.69344541431834,1417857,21.43927421476672,0.5216249929076334,21.43927421476672,0.5216249929076334,012545.42+003117.8,0.808091366801254,45.07742697524029,0.0082275911895095,44.3656197461991,0.0082275911895095,-23.084281540407083,4.437633514404297,0.808091366801254,45.07742697524029,0.0082275911895095,"(44.729, 45.261]"
1396177,274.4187714816479,967.3623305902436,1396177,37.059295947044745,-0.6648668901940762,37.059295947044745,-0.6648668901940762,022814.23-003953.5,0.9454112835471548,45.13845834170122,0.0123834426909432,44.426651112660025,0.0123834426909432,-24.04881877487316,3.1566812992095947,0.9454112835471548,45.13845834170122,0.0123834426909432,"(44.729, 45.261]"
1400369,22.95525383545798,752.642337856527,1400369,34.218631219820274,-0.3931584863004939,34.218631219820274,-0.3931584863004939,021652.47-002335.3,0.3045957908582668,44.750638661374154,0.0030418754711512,44.03883143233296,0.0030418754711512,-23.284938740060067,18.947044372558594,0.3045957908582668,44.750638661374154,0.0030418754711512,"(44.729, 45.261]"
1436247,342.5085454277652,1825.0365635071853,1436247,7.13214591587689,-0.0703501346672362,7.13214591587689,-0.0703501346672362,002831.71-000413.2,0.2521625976018152,44.89620779265079,0.0030351695109551,44.1844005636096,0.0030351695109551,-23.45052363273467,36.73271942138672,0.2521625976018152,44.89620779265079,0.0030351695109551,"(44.729, 45.261]"
1428060,13.089080401671763,31.01036248249348,1428060,13.448888026546657,-1.040334403050874,13.448888026546657,-1.040334403050874,005347.73-010225.2,0.9498101383181189,45.23192038060515,0.0120816184404972,44.52011315156396,0.0120816184404972,-23.09121759852879,4.055092811584473,0.9498101383181189,45.23192038060515,0.0120816184404972,"(44.729, 45.261]"
1460993,1347.889776955332,2600.998196456403,1460993,329.63852831976754,1.215432904346092,329.63852831976754,1.215432904346092,215833.24+011255.5,0.2177346831306572,44.898344794147505,0.0042421407211925,44.18653756510631,0.0042421407211925,-22.52015356083004,13.172332763671875,0.2177346831306572,44.898344794147505,0.0042421407211925,"(44.729, 45.261]"
1432737,97.56138211130356,225.9007670304739,1432737,9.858102,1.19661,9.858102,1.19661,003925.94+011147.7,0.6393190731027157,45.140310109696394,0.0071631660983051,44.4285028806552,0.0071631660983051,-23.578433682349758,6.441342830657959,0.6393190731027157,45.140310109696394,0.0071631660983051,"(44.729, 45.261]"
1446095,14.01189140578267,52.5253106019734,1446095,357.974464128314,0.0098087859466954,357.974464128314,0.0098087859466954,235153.87+000035.3,1.0465819444782654,45.21417985827784,0.0114664329259355,44.502372629236646,0.0114664329259355,-24.095491382485957,3.082822561264038,1.0465819444782654,45.21417985827784,0.0114664329259355,"(44.729, 45.261]"
1445573,201.19102012767783,490.6503901796864,1445573,358.840736845292,1.1466994925094656,358.840736845292,1.1466994925094656,235521.77+010848.1,0.7487599642351594,45.073922484144056,0.0073967997043773,44.362115255102864,0.0073967997043773,-23.56263110996728,5.588547229766846,0.7487599642351594,45.073922484144056,0.0073967997043773,"(44.729, 45.261]"
1442047,447.0586251329488,1864.2135820148312,1442047,2.246610609570496,1.2308861325750895,2.246610609570496,1.2308861325750895,000859.18+011351.1,0.2868245587515347,44.90218168093489,0.0038306693831273,44.190374451893696,0.0038306693831273,-23.00036322122817,27.48464012145996,0.2868245587515347,44.90218168093489,0.0038306693831273,"(44.729, 45.261]"
1427040,51.662712942076496,150.46209726321118,1427040,14.250094408053346,-1.097919568735593,14.250094408053346,-1.097919568735593,005700.02-010552.5,0.6089920214945811,45.14694464000267,0.0052946356125787,44.43513741096148,0.0052946356125787,-22.905625884329755,6.475752353668213,0.6089920214945811,45.14694464000267,0.0052946356125787,"(44.729, 45.261]"
1419454,810.9586453137368,1960.069219961464,1419454,20.21225431899396,-0.3091815104069359,20.21225431899396,-0.3091815104069359,012050.94-001833.0,0.34915640269962384,45.18039309477204,0.0054942751127491,44.46858586573085,0.0054942751127491,-23.38085408505635,15.51002311706543,0.34915640269962384,45.18039309477204,0.0054942751127491,"(44.729, 45.261]"
1408577,47.03680755756768,226.9541506935048,1408577,28.16226141905562,0.1598720667288847,28.16226141905562,0.1598720667288847,015238.94+000935.5,0.34971930551908464,45.100459480629,0.0055432486676387,44.38865225158781,0.0055432486676387,-23.20457549093708,19.777612686157227,0.34971930551908464,45.100459480629,0.0055432486676387,"(44.729, 45.261]"
1441615,84.9206666855837,106.2228523048486,1441615,2.6205829758178183,0.11540434186128,2.6205829758178183,0.11540434186128,001028.93+000655.4,0.5718088797346927,44.901969932607955,0.0053128812895977,44.19016270356676,0.0053128812895977,-22.447832562650113,3.8926515579223633,0.5718088797346927,44.901969932607955,0.0053128812895977,"(44.729, 45.261]"
1438056,30.68400550807544,74.60570364239456,1438056,5.649840243663107,0.3138911992698321,5.649840243663107,0.3138911992698321,002235.96+001850.0,0.5223412778870272,44.736779761140745,0.0083856804421884,44.024972532099554,0.0083856804421884,-21.962185044279074,4.3793625831604,0.5223412778870272,44.736779761140745,0.0083856804421884,"(44.729, 45.261]"
1465261,33.33851111055344,110.00844298500736,1465261,321.78190654292814,0.9428598354260372,321.78190654292814,0.9428598354260372,212707.65+005634.2,0.8366524155930707,45.195617423565736,0.0053245727766437,44.483810194524544,0.0053245727766437,-23.017750449396885,4.909779071807861,0.8366524155930707,45.195617423565736,0.0053245727766437,"(44.729, 45.261]"
1402153,80.10378039836948,220.32148906235804,1402153,33.006800258441785,0.8030168806848393,33.006800258441785,0.8030168806848393,021201.63+004810.8,1.218379644203328,45.22487450475314,0.0100812601876114,44.51306727571195,0.0100812601876114,-22.895225578128436,3.057506799697876,1.218379644203328,45.22487450475314,0.0100812601876114,"(44.729, 45.261]"
1415453,157.70572774853375,332.0944542720352,1415453,23.173273834115427,0.4584423999591396,23.173273834115427,0.4584423999591396,013241.58+002730.3,0.9727191902647337,45.13987569907624,0.0096864129368547,44.42806847003505,0.0096864129368547,-23.648298887532075,3.0669381618499756,0.9727191902647337,45.13987569907624,0.0096864129368547,"(44.729, 45.261]"
1419466,25.01433509943814,55.634854350959046,1419466,20.19801235032456,0.2555860572839331,20.19801235032456,0.2555860572839331,012047.52+001520.1,0.8180002311566695,44.9853019153708,0.0127458904446875,44.273494686329606,0.0127458904446875,-23.365647540125888,3.266122341156006,0.8180002311566695,44.9853019153708,0.0127458904446875,"(44.729, 45.261]"
1396923,96.98485507181006,210.3284843659034,1396923,36.53190638008952,-0.7602966024137288,36.53190638008952,-0.7602966024137288,022607.65-004537.0,0.5740152595634294,44.979733803187834,0.0048777854590582,44.26792657414664,0.0048777854590582,-23.04199834871809,8.495004653930664,0.5740152595634294,44.979733803187834,0.0048777854590582,"(44.729, 45.261]"
1392252,35.50043283215407,108.663515396682,1392252,39.808177772231616,-0.9824941444364064,39.808177772231616,-0.9824941444364064,023913.96-005856.9,0.3841189865923602,44.798623067858514,0.0074094050872766,44.08681583881732,0.0074094050872766,-22.60079587961959,7.171780586242676,0.3841189865923602,44.798623067858514,0.0074094050872766,"(44.729, 45.261]"
1399458,29.235704677939395,62.69863485709133,1399458,34.8215321326059,-0.21227959713132,34.8215321326059,-0.21227959713132,021917.16-001244.2,0.9284118488503998,45.256301777711634,0.011335300132238,44.54449454867044,0.011335300132238,-22.932539750278227,3.773776054382324,0.9284118488503998,45.256301777711634,0.011335300132238,"(44.729, 45.261]"
1447193,88.57406946190088,243.966408172786,1447193,355.904121,-0.917666,355.904121,-0.917666,234336.98-005503.5,0.5163896074027808,45.20867382106916,0.0058518528614825,44.49686659202797,0.0058518528614825,-23.400566529547362,5.587647438049316,0.5163896074027808,45.20867382106916,0.0058518528614825,"(44.729, 45.261]"
1436633,242.421387219302,729.2456184420178,1436633,6.809230243772075,0.2010458615812347,6.809230243772075,0.2010458615812347,002714.21+001203.7,0.45371895214371893,45.12694408415055,0.0021256748892604,44.41513685510936,0.0021256748892604,-23.600441640717538,12.411063194274902,0.45371895214371893,45.12694408415055,0.0021256748892604,"(44.729, 45.261]"
1422964,12.929915056371728,22.15489426144636,1422964,17.458504981937367,0.3949227550364066,17.458504981937367,0.3949227550364066,010950.04+002341.7,0.7508973183236944,44.95496815812436,0.011432523015241,44.24316092908317,0.011432523015241,-22.72184245506538,3.113938331604004,0.7508973183236944,44.95496815812436,0.011432523015241,"(44.729, 45.261]"
1461193,99.30100695103722,323.43195855580376,1461193,329.2923188714548,0.9710230396442212,329.2923188714548,0.9710230396442212,215710.15+005815.6,0.820780184087005,45.20547369040936,0.0089849256332499,44.49366646136817,0.0089849256332499,-22.497305408805847,4.027127742767334,0.820780184087005,45.20547369040936,0.0089849256332499,"(44.729, 45.261]"
1407514,59.47111086356925,205.0688098200516,1407514,28.977946,1.171778,28.977946,1.171778,015554.70+011018.4,0.4508622072561649,44.76632917745642,0.0076906574956225,44.05452194841523,0.0076906574956225,-22.523187121095855,4.112194061279297,0.4508622072561649,44.76632917745642,0.0076906574956225,"(44.729, 45.261]"
1460573,80.92084380621992,174.86080104806825,1460573,330.441739,0.789239,330.441739,0.789239,220146.01+004721.2,0.4736031281163902,45.010157072380245,0.0081752101478791,44.298349843339054,0.0081752101478791,-22.804839147374057,4.418220520019531,0.4736031281163902,45.010157072380245,0.0081752101478791,"(44.729, 45.261]"
1427942,87.4608959997329,157.80002347096465,1427942,13.54434773040955,0.5927093391024217,13.54434773040955,0.5927093391024217,005410.64+003533.7,0.8195120735644442,45.19765205983365,0.0072070550407197,44.48584483079246,0.0072070550407197,-22.764260253210924,5.635523796081543,0.8195120735644442,45.19765205983365,0.0072070550407197,"(44.729, 45.261]"
1446836,45.21779075670145,94.75752225310453,1446836,356.70163828939747,-1.0212253355760108,356.70163828939747,-1.0212253355760108,234648.39-010116.4,0.4247046158072898,44.80836614720232,0.0093323401724916,44.09655891816113,0.0093323401724916,-22.578967920288253,9.017602920532227,0.4247046158072898,44.80836614720232,0.0093323401724916,"(44.729, 45.261]"
1464752,85.97250025029759,129.58433738343967,1464752,322.64805539652593,0.3101324883895763,322.64805539652593,0.3101324883895763,213035.53+001836.4,0.6431446177155971,44.95891273531145,0.0077899549187883,44.24710550627026,0.0077899549187883,-22.99341394774429,5.529874324798584,0.6431446177155971,44.95891273531145,0.0077899549187883,"(44.729, 45.261]"
1408410,437.2677388034658,989.0072996717832,1408410,28.281712473366724,0.6433806034162558,28.281712473366724,0.6433806034162558,015307.61+003836.1,0.5163064889895155,45.15777377113397,0.0060716474438251,44.445966542092776,0.0060716474438251,-23.037727074356923,8.178366661071777,0.5163064889895155,45.15777377113397,0.0060716474438251,"(44.729, 45.261]"
1423563,16.80520527042874,740.234647133525,1423563,17.00080328288462,1.1466120214900288,17.00080328288462,1.1466120214900288,010800.19+010847.8,0.7698269947503354,44.93057506405755,0.009390023965313,44.21876783501636,0.009390023965313,-22.97310054355722,3.6527514457702637,0.7698269947503354,44.93057506405755,0.009390023965313,"(44.729, 45.261]"
1401637,56.75535354515099,114.1281211908691,1401637,33.360764698328104,0.1489577812467769,33.360764698328104,0.1489577812467769,021326.58+000856.2,0.9593063138852792,45.05008771467849,0.010210203068258,44.3382804856373,0.010210203068258,-23.564471234236787,3.4415647983551025,0.9593063138852792,45.05008771467849,0.010210203068258,"(44.729, 45.261]"
1448318,65.65732030508363,295.1392689275756,1448318,353.8077968333072,-1.1442213556225944,353.8077968333072,-1.1442213556225944,233513.87-010839.1,0.5455086683451928,44.73410684406022,0.0128848225813378,44.02229961501903,0.0128848225813378,-22.10245262393662,3.340460777282715,0.5455086683451928,44.73410684406022,0.0128848225813378,"(44.729, 45.261]"
1438909,47.01234064022577,133.34451655051646,1438909,4.88568090087756,0.7844163002523612,4.88568090087756,0.7844163002523612,001932.56+004703.8,0.6384838744461293,44.92823583648389,0.0085017582968305,44.2164286074427,0.0085017582968305,-22.65246288002646,3.267338752746582,0.6384838744461293,44.92823583648389,0.0085017582968305,"(44.729, 45.261]"
1464788,124.59057581171652,423.1399698850039,1464788,322.5720896336593,0.7018138326705343,322.5720896336593,0.7018138326705343,213017.30+004206.5,0.4970491540043492,45.05181162545032,0.005269025246875,44.34000439640913,0.005269025246875,-22.728738604587605,11.086851119995117,0.4970491540043492,45.05181162545032,0.005269025246875,"(44.729, 45.261]"
1440316,173.345595844765,253.041647311543,1440316,3.750092625223374,0.319062761815974,3.750092625223374,0.319062761815974,001500.02+001908.6,0.4613113879478678,44.84115157482815,0.0099036097100544,44.12934434578696,0.0099036097100544,-22.737955629033646,11.090360641479492,0.4613113879478678,44.84115157482815,0.0099036097100544,"(44.729, 45.261]"
1390941,20.850733426391376,92.39606775013266,1390941,40.67828615610358,0.2217066280572727,40.67828615610358,0.2217066280572727,024242.78+001318.1,0.7338657883201485,45.093654238492405,0.0069062187104478,44.381847009451214,0.0069062187104478,-22.866400883690474,4.791542053222656,0.7338657883201485,45.093654238492405,0.0069062187104478,"(44.729, 45.261]"
1437573,1044.4109291818036,2674.405371323067,1437573,6.029453636474045,1.106222492060144,6.029453636474045,1.106222492060144,002407.06+010622.4,0.8237817810623907,45.09083787328285,0.0112222075181058,44.37903064424166,0.0112222075181058,-23.66909655237414,3.7047595977783203,0.8237817810623907,45.09083787328285,0.0112222075181058,"(44.729, 45.261]"
1463789,64.86419016524823,136.03033958840254,1463789,324.3498567659792,0.8873479745224677,324.3498567659792,0.8873479745224677,213723.96+005314.4,0.6354018699057108,45.23251175328356,0.0028248098410799,44.52070452424237,0.0028248098410799,-23.348256568298392,7.738593101501465,0.6354018699057108,45.23251175328356,0.0028248098410799,"(44.729, 45.261]"
1463788,124.6472113088271,244.4044705607755,1463788,324.3516667974316,0.9348570172469768,324.3516667974316,0.9348570172469768,213724.40+005605.4,0.7150573127522382,45.20909974425527,0.0053296042779287,44.49729251521408,0.0053296042779287,-23.785216955138164,6.7464752197265625,0.7150573127522382,45.20909974425527,0.0053296042779287,"(44.729, 45.261]"
1452514,25.869071198041,37.67416336928708,1452514,345.9418266183888,-0.0797610686479315,345.9418266183888,-0.0797610686479315,230346.03-000447.1,0.6509029170035983,44.75212637966011,0.0118315894114076,44.04031915061892,0.0118315894114076,-21.832386879008258,3.0520429611206055,0.6509029170035983,44.75212637966011,0.0118315894114076,"(44.729, 45.261]"
1404598,16.47364992131101,73.28509878178326,1404598,31.272438006874,-0.2739311792789789,31.272438006874,-0.2739311792789789,020505.38-001626.1,0.5898527534324561,44.96197629023225,0.0043506248837417,44.25016906119106,0.0043506248837417,-22.274125112795268,5.243216514587402,0.5898527534324561,44.96197629023225,0.0043506248837417,"(44.729, 45.261]"
1452020,535.0215961944525,1335.6980569464076,1452020,346.90070290060146,-0.3742551220603395,346.90070290060146,-0.3742551220603395,230736.16-002227.3,0.5524629946777814,44.83538285061047,0.0089535721247884,44.12357562156928,0.0089535721247884,-22.89094336919441,5.548634052276611,0.5524629946777814,44.83538285061047,0.0089535721247884,"(44.729, 45.261]"
1416551,11.243492814172123,938.5223796139412,1416551,22.357584149768,-0.9833965945253664,22.357584149768,-0.9833965945253664,012925.82-005900.2,0.7125265893086259,45.22330274296923,0.0132245812429587,44.51149551392804,0.0132245812429587,2.0,5.876286029815674,0.7125265893086259,45.22330274296923,0.0132245812429587,"(44.729, 45.261]"
1419990,19.136046238940207,114.9356527187157,1419990,19.833413114863124,-0.4216212626929196,19.833413114863124,-0.4216212626929196,011920.01-002517.8,1.089106970009932,45.11993599744768,0.0083250356650594,44.40812876840649,0.0083250356650594,-22.48080222269538,3.2977118492126465,1.089106970009932,45.11993599744768,0.0083250356650594,"(44.729, 45.261]"
1448628,67.95178973098899,233.34160157510763,1448628,353.2454284487996,-1.099093375333491,353.2454284487996,-1.099093375333491,233258.90-010556.7,0.6041259319649719,44.98040896745558,0.0099374764781003,44.26860173841439,0.0099374764781003,-23.23123833589054,6.562119960784912,0.6041259319649719,44.98040896745558,0.0099374764781003,"(44.729, 45.261]"
1397345,421.1750331883464,911.5631446243784,1397345,36.24360954707993,1.1090320079135436,36.24360954707993,1.1090320079135436,022458.46+010632.5,0.6213654875261769,45.16303999998922,0.0066457285538312,44.45123277094803,0.0066457285538312,-23.558828524779365,11.400288581848145,0.6213654875261769,45.16303999998922,0.0066457285538312,"(44.729, 45.261]"
1443682,185.3097056397349,566.5552924027357,1443682,0.9466961589338324,0.8957525119377603,0.9466961589338324,0.8957525119377603,000347.20+005344.7,0.5796387788237742,44.87575611501801,0.0057628786344814,44.163948885976815,0.0057628786344814,-22.917287151413873,6.042126178741455,0.5796387788237742,44.87575611501801,0.0057628786344814,"(44.729, 45.261]"
1422047,46.05783612661042,109.12225732610962,1422047,18.244299,1.054058,18.244299,1.054058,011258.63+010314.6,0.3850523726743268,44.7971707178332,0.0074346104137035,44.085363488792005,0.0074346104137035,-22.85424097145942,6.380150318145752,0.3850523726743268,44.7971707178332,0.0074346104137035,"(44.729, 45.261]"
1398737,11.247702225509824,18.29246348885548,1398737,35.3204791216936,-0.6560952340885261,35.3204791216936,-0.6560952340885261,022116.91-003921.9,0.7992134607859551,45.05513023024084,0.0112598126601213,44.34332300119965,0.0112598126601213,-22.54479996913989,3.391676187515259,0.7992134607859551,45.05513023024084,0.0112598126601213,"(44.729, 45.261]"
1403281,78.75415518185484,263.7487387732573,1403281,32.19564880741393,-0.1180579228010264,32.19564880741393,-0.1180579228010264,020846.95-000705.0,0.7729619246329952,45.00520039869237,0.0065423278410747,44.293393169651175,0.0065423278410747,-23.46346771804843,4.1357927322387695,0.7729619246329952,45.00520039869237,0.0065423278410747,"(44.729, 45.261]"
1448970,94.72404504789024,212.49097913529988,1448970,352.6127565978137,1.046792604573421,352.6127565978137,1.046792604573421,233027.06+010248.4,0.7209000695956617,45.072135618580894,0.0084387464943418,44.3603283895397,0.0084387464943418,-22.610211244994662,3.0870518684387207,0.7209000695956617,45.072135618580894,0.0084387464943418,"(44.729, 45.261]"
1450229,38.04344538116525,66.59448520855123,1450229,350.2376955568393,-0.0572594243052921,350.2376955568393,-0.0572594243052921,232057.04-000326.1,0.7501152547253687,45.01381028599618,0.0058979692985019,44.30200305695499,0.0058979692985019,-22.95160817494472,4.321830749511719,0.7501152547253687,45.01381028599618,0.0058979692985019,"(44.729, 45.261]"
1440012,11.19720324074102,31.16258141508951,1440012,4.004346072004239,0.5867497345482302,4.004346072004239,0.5867497345482302,001601.04+003512.2,1.0023591300402215,45.22891912014205,0.0071241758202305,44.51711189110086,0.0071241758202305,-23.249179334865772,3.698075532913208,1.0023591300402215,45.22891912014205,0.0071241758202305,"(44.729, 45.261]"
1437583,73.65520369857819,170.77395844925712,1437583,6.017115006700156,-0.7611408763028302,6.017115006700156,-0.7611408763028302,002404.10-004540.1,0.8650641317736525,45.22743646355047,0.0076790766911543,44.51562923450928,0.0076790766911543,-23.128953350640803,3.6584458351135254,0.8650641317736525,45.22743646355047,0.0076790766911543,"(44.729, 45.261]"
1464614,36.90797191738505,176.86668638004178,1464614,322.89950915984065,0.1810455498264136,322.89950915984065,0.1810455498264136,213135.88+001051.7,0.49103337366848715,44.86036820782707,0.0053603293670647,44.14856097878588,0.0053603293670647,-22.727588635662233,8.894695281982422,0.49103337366848715,44.86036820782707,0.0053603293670647,"(44.729, 45.261]"
1397524,76.09538693819779,186.1717557060265,1397524,36.1275267779331,-0.0108115073205661,36.1275267779331,-0.0108115073205661,022430.60-000038.9,0.4308621439073467,45.15933210454719,0.0048116982751302,44.447524875506,0.0048116982751302,-23.244667987496097,17.822336196899414,0.4308621439073467,45.15933210454719,0.0048116982751302,"(44.729, 45.261]"
1452026,16.21335270932816,30.018415036289035,1452026,346.8888568918377,-0.686927922461204,346.8888568918377,-0.686927922461204,230733.32-004112.9,0.7810854229216123,44.987714718311175,0.0090143664920709,44.27590748926998,0.0090143664920709,-22.95105744258165,3.9763269424438477,0.7810854229216123,44.987714718311175,0.0090143664920709,"(44.729, 45.261]"
1450621,12.657389525616937,31.027431518034284,1450621,349.45740405742106,0.2168604598487157,349.45740405742106,0.2168604598487157,231749.77+001300.6,0.814329860125911,45.094321199843144,0.0068789105572797,44.38251397080195,0.0068789105572797,-23.024157726879764,3.20906662940979,0.814329860125911,45.094321199843144,0.0068789105572797,"(44.729, 45.261]"
1438690,14.021777740479664,43.41771960144147,1438690,5.075560001414317,-0.1136123114800477,5.075560001414317,-0.1136123114800477,002018.13-000649.0,0.7304886175481454,44.76697002213803,0.010438977278568,44.05516279309684,0.010438977278568,-22.61184520262109,3.5223021507263184,0.7304886175481454,44.76697002213803,0.010438977278568,"(44.729, 45.261]"
1461111,727.9322395057716,2164.9201589140703,1461111,329.43409104071907,0.8843346702370259,329.43409104071907,0.8843346702370259,215744.18+005303.6,0.2672806849401065,45.13895363624428,0.0017984217365061,44.42714640720309,0.0017984217365061,-22.95980013870729,25.135845184326172,0.2672806849401065,45.13895363624428,0.0017984217365061,"(44.729, 45.261]"
1389212,47.70701366475439,34.991708776459355,1389212,41.803759,-1.185074,41.803759,-1.185074,024712.90-011106.2,0.4863546831611697,44.76107429489725,0.015076364191362,44.04926706585606,0.015076364191362,-22.588607002083176,3.602800130844116,0.4863546831611697,44.76107429489725,0.015076364191362,"(44.729, 45.261]"
1440418,21.7332798572988,58.35539781409367,1440418,3.671762915516968,-0.419430471497246,3.671762915516968,-0.419430471497246,001441.22-002509.9,0.8385689042925413,45.15264824899956,0.0073203202048865,44.44084101995837,0.0073203202048865,-23.81410613511578,4.001009941101074,0.8385689042925413,45.15264824899956,0.0073203202048865,"(44.729, 45.261]"
1388390,236.6671257385993,551.6371366908655,1388390,42.414912,0.116744,42.414912,0.116744,024939.57+000700.2,0.5643425917920363,45.223425442897174,0.0076540721453319,44.51161821385598,0.0076540721453319,-23.299465185021337,5.783180236816406,0.5643425917920363,45.223425442897174,0.0076540721453319,"(44.729, 45.261]"
1415102,16.93394886966827,31.933388000811743,1415102,23.430492569489218,0.3617856934543562,23.430492569489218,0.3617856934543562,013343.31+002142.4,0.8505661887051132,45.19436850431911,0.0050487550250224,44.48256127527792,0.0050487550250224,-23.44099970693723,5.005290508270264,0.8505661887051132,45.19436850431911,0.0050487550250224,"(44.729, 45.261]"
1448307,268.99464029634106,791.8421604689628,1448307,353.82427447904115,-0.8241605122491285,353.82427447904115,-0.8241605122491285,233517.82-004926.9,0.6704267528087661,45.0086428691766,0.005731079001233,44.296835640135406,0.005731079001233,-23.235879466997503,6.925781726837158,0.6704267528087661,45.0086428691766,0.005731079001233,"(44.729, 45.261]"
1449585,30.4493381485779,56.715780267417486,1449585,351.438276,-0.719201,351.438276,-0.719201,232545.18-004309.1,0.5648512687148489,45.11287836890868,0.0076250912990118,44.40107113986749,0.0076250912990118,-23.06130085508296,4.1961894035339355,0.5648512687148489,45.11287836890868,0.0076250912990118,"(44.729, 45.261]"
1444532,24.86094002434018,65.59809933869397,1444532,0.2431184925490583,0.4245208820502312,0.2431184925490583,0.4245208820502312,000058.34+002528.2,0.8650858946917472,45.133968408898944,0.010642085490879,44.42216117985775,0.010642085490879,-23.238656569775625,6.029724597930908,0.8650858946917472,45.133968408898944,0.010642085490879,"(44.729, 45.261]"
1405523,275.83184500035475,679.5005196027109,1405523,30.59852497608756,0.3155152041590601,30.59852497608756,0.3155152041590601,020223.64+001855.8,0.3668182682158843,45.0359435957025,0.0038431877297959,44.32413636666131,0.0038431877297959,-23.037622461003494,13.94793701171875,0.3668182682158843,45.0359435957025,0.0038431877297959,"(44.729, 45.261]"
1465564,69.72446782641576,195.5369767112972,1465564,321.23284546380177,0.660809459238327,321.23284546380177,0.660809459238327,212455.88+003938.9,0.6306397915765356,44.889203702796905,0.008372137443974,44.177396473755714,0.008372137443974,-23.122131710947837,3.9288909435272217,0.6306397915765356,44.889203702796905,0.008372137443974,"(44.729, 45.261]"
1441032,14.43133867519389,17.403104815455386,1441032,3.1407568569660214,0.5362353289257931,3.1407568569660214,0.5362353289257931,001233.78+003210.4,0.5908142209579792,44.75588319556108,0.0091071427606408,44.04407596651989,0.0091071427606408,-22.905185017828074,3.9417638778686523,0.5908142209579792,44.75588319556108,0.0091071427606408,"(44.729, 45.261]"
1408161,143.2858704297719,309.0522944257643,1408161,28.48158186728877,0.5384355902580781,28.48158186728877,0.5384355902580781,015355.57+003218.3,0.45285597905899727,45.1729274091729,0.0022556256769519,44.46112018013171,0.0022556256769519,-23.541835221077523,16.03070640563965,0.45285597905899727,45.1729274091729,0.0022556256769519,"(44.729, 45.261]"
1443223,89.84183094440584,73.41224648604305,1443223,1.316388,-0.6252,1.316388,-0.6252,000515.93-003730.7,0.4769905543068739,44.77910583410986,0.0135629684720832,44.06729860506867,0.0135629684720832,-22.49947345448414,4.144704818725586,0.4769905543068739,44.77910583410986,0.0135629684720832,"(44.729, 45.261]"
1389284,111.89265132811587,302.3604604415075,1389284,41.75186036948679,1.1123589665262392,41.75186036948679,1.1123589665262392,024700.44+010644.4,0.6662702310747555,44.994841225405814,0.0056298953230538,44.28303399636462,0.0056298953230538,-23.070208946876996,5.016561031341553,0.6662702310747555,44.994841225405814,0.0056298953230538,"(44.729, 45.261]"
1452405,146.42281126983764,326.2362633122916,1452405,346.116108998381,-0.1342506896446096,346.116108998381,-0.1342506896446096,230427.86-000803.3,0.5256045358745233,44.943473789852895,0.0028931934760656,44.2316665608117,0.0028931934760656,-22.989585465753077,10.639551162719727,0.5256045358745233,44.943473789852895,0.0028931934760656,"(44.729, 45.261]"
1445349,380.8493905815467,885.3901146908825,1445349,359.180646,0.241131,359.180646,0.241131,235643.35+001428.0,0.6136507342083952,45.20070221213253,0.0091303365973161,44.48889498309134,0.0091303365973161,-23.22353002377083,4.652169227600098,0.6136507342083952,45.20070221213253,0.0091303365973161,"(44.729, 45.261]"
1433249,69.49732249256274,113.4494482337704,1433249,9.489685547647468,0.5349695803520421,9.489685547647468,0.5349695803520421,003757.52+003205.8,0.7040771234820217,44.9547427898463,0.007502347537823,44.24293556080511,0.007502347537823,-22.641845232087537,4.352096080780029,0.7040771234820217,44.9547427898463,0.007502347537823,"(44.729, 45.261]"
1437910,49.96765941907016,161.53111888789726,1437910,5.758522804585255,-0.4522208898500317,5.758522804585255,-0.4522208898500317,002302.04-002707.9,0.699323400463852,45.03067531320183,0.0056666886564968,44.31886808416064,0.0056666886564968,-22.98373924164021,5.10995626449585,0.699323400463852,45.03067531320183,0.0056666886564968,"(44.729, 45.261]"
1408642,152.46773587465452,215.6468193067416,1408642,28.109333931644983,-0.6585780564527894,28.109333931644983,-0.6585780564527894,015226.24-003930.8,0.6958125622866872,45.23021929146551,0.0043720894115217,44.51841206242432,0.0043720894115217,-22.966701119498364,5.203652858734131,0.6958125622866872,45.23021929146551,0.0043720894115217,"(44.729, 45.261]"
1438166,13.19160369500417,39.18562037797651,1438166,5.550907,-0.742131,5.550907,-0.742131,002212.21-004431.6,0.4210340557575466,44.777321946895974,0.0111247115543022,44.06551471785478,0.0111247115543022,-22.544644545534464,4.829914569854736,0.4210340557575466,44.777321946895974,0.0111247115543022,"(44.729, 45.261]"
1451950,161.99209725248997,341.0617276746184,1451950,347.0366639093938,-0.3905724771846183,347.0366639093938,-0.3905724771846183,230808.79-002326.0,0.5511381722817624,45.02242388534242,0.0082124594437509,44.31061665630123,0.0082124594437509,-22.59397026443761,7.667517185211182,0.5511381722817624,45.02242388534242,0.0082124594437509,"(44.729, 45.261]"
1450551,16.673719467297204,194.6460131391552,1450551,349.58807752661346,0.4935242693673011,349.58807752661346,0.4935242693673011,231821.13+002936.6,0.3759208483044464,45.10707298798482,0.0027923832973471,44.39526575894363,0.0027923832973471,-23.015219860667756,17.59912872314453,0.3759208483044464,45.10707298798482,0.0027923832973471,"(44.729, 45.261]"
1394684,96.25373150052194,159.03028068815394,1394684,38.03091242112416,0.5630861956181991,38.03091242112416,0.5630861956181991,023207.41+003347.1,0.8460776346699679,45.246402505804554,0.0046437213208321,44.53459527676336,0.0046437213208321,-23.582217768018875,6.588524341583252,0.8460776346699679,45.246402505804554,0.0046437213208321,"(44.729, 45.261]"
1450696,43.09646882968904,112.2984075797372,1450696,349.3331858121536,-0.3184639517055798,349.3331858121536,-0.3184639517055798,231719.96-001906.4,0.7578254410345328,45.09722685710513,0.0058024466336057,44.385419628063936,0.0058024466336057,-23.38642487555923,4.180146217346191,0.7578254410345328,45.09722685710513,0.0058024466336057,"(44.729, 45.261]"
1409057,1278.803826732043,2938.233154054108,1409057,27.77415878802492,-0.5740013642757664,27.77415878802492,-0.5740013642757664,015105.79-003426.4,0.33531010053182025,44.80506381619498,0.0015808795444556,44.09325658715379,0.0015808795444556,-23.004358493062313,18.378557205200195,0.33531010053182025,44.80506381619498,0.0015808795444556,"(44.729, 45.261]"
1412267,30.06465283814622,80.69462548211588,1412267,25.419417878169803,-0.4162815033773194,25.419417878169803,-0.4162815033773194,014140.66-002458.6,1.1380691334288744,45.22229145818047,0.0066034027831847,44.51048422913928,0.0066034027831847,-23.81459607193401,3.130868434906006,1.1380691334288744,45.22229145818047,0.0066034027831847,"(44.729, 45.261]"
1392878,278.60532400695496,448.8520135954618,1392878,39.34142790964759,-1.0378432776929594,39.34142790964759,-1.0378432776929594,023721.94-010216.2,0.4408991631545537,44.729105647479315,0.0121188218638152,44.01729841843812,0.0121188218638152,-22.608462754799458,5.049617290496826,0.4408991631545537,44.729105647479315,0.0121188218638152,"(44.729, 45.261]"
1445037,307.17108087037246,503.2033836896566,1445037,359.66509423091327,0.4851185963085923,359.66509423091327,0.4851185963085923,235839.62+002906.4,0.5177564574162448,45.24509657464951,0.0025745993466692,44.53328934560832,0.0025745993466692,-23.243682174817984,13.491973876953125,0.5177564574162448,45.24509657464951,0.0025745993466692,"(44.729, 45.261]"
1408080,31.39007013921279,82.46035951112539,1408080,28.54397476838794,-0.3189262315125672,28.54397476838794,-0.3189262315125672,015410.55-001908.1,0.8028067696220702,45.11504476089525,0.0070749962708909,44.40323753185406,0.0070749962708909,-23.724973633389734,3.8979103565216064,0.8028067696220702,45.11504476089525,0.0070749962708909,"(44.729, 45.261]"
1409018,12.475912984745358,23.885575802851363,1409018,27.80954640567337,0.9231304606908408,27.80954640567337,0.9231304606908408,015114.29+005523.2,0.7931770678164568,44.979231517689094,0.0072580550695029,44.2674242886479,0.0072580550695029,-23.032179019890474,3.0393428802490234,0.7931770678164568,44.979231517689094,0.0072580550695029,"(44.729, 45.261]"
1394834,15.99736517570024,23.199520414944143,1394834,37.94117527598248,-0.2823906150477371,37.94117527598248,-0.2823906150477371,023145.88-001656.6,1.0636187171701734,45.1066204334506,0.0115249774745684,44.39481320440941,0.0115249774745684,-22.769748043281684,3.303936004638672,1.0636187171701734,45.1066204334506,0.0115249774745684,"(44.729, 45.261]"
1445369,37.238502840837455,74.3894232263861,1445369,359.154779,1.189331,359.154779,1.189331,235637.14+011121.5,0.5453953514474313,44.94876560631183,0.0086965413010737,44.23695837727064,0.0086965413010737,-22.725633049459695,3.6428112983703613,0.5453953514474313,44.94876560631183,0.0086965413010737,"(44.729, 45.261]"
1450295,29.2316591539341,97.11994201739304,1450295,350.10055150810723,0.1336373809600439,350.10055150810723,0.1336373809600439,232024.13+000801.0,0.9776904450925852,45.143507386458204,0.0112492761064793,44.43170015741701,0.0112492761064793,-22.88829871096506,3.1333627700805664,0.9776904450925852,45.143507386458204,0.0112492761064793,"(44.729, 45.261]"
1431587,37.83973156102935,94.53279168802804,1431587,10.691126303682635,-0.210284427837694,10.691126303682635,-0.210284427837694,004245.87-001237.0,0.9415029973497369,45.16641156904553,0.0114223848424934,44.45460434000434,0.0114223848424934,-23.006754859872988,3.0992789268493652,0.9415029973497369,45.16641156904553,0.0114223848424934,"(44.729, 45.261]"
1405489,130.122910567275,292.51116323054805,1405489,30.622639244524716,0.145754114572597,30.622639244524716,0.145754114572597,020229.43+000844.7,0.7571306083133553,45.21584953335026,0.0047025542957577,44.50404230430907,0.0047025542957577,-23.483752624971544,5.918822765350342,0.7571306083133553,45.21584953335026,0.0047025542957577,"(44.729, 45.261]"
1463308,125.25323296285848,529.1659812755634,1463308,325.2503667353413,-0.4574457138308466,325.2503667353413,-0.4574457138308466,214100.08-002726.8,0.5329601522115917,45.16291396797113,0.00879530677323,44.45110673892994,0.00879530677323,-24.243379777368002,15.237404823303223,0.5329601522115917,45.16291396797113,0.00879530677323,"(44.729, 45.261]"
1462784,63.05317586232466,278.9628240411284,1462784,326.14497355224114,-1.1021082434717122,326.14497355224114,-1.1021082434717122,214434.79-010607.5,0.7778890378213559,45.200110695741614,0.0077308946777492,44.48830346670042,0.0077308946777492,-22.803418094185588,5.727048397064209,0.7778890378213559,45.200110695741614,0.0077308946777492,"(44.729, 45.261]"
1451208,63.83411291908039,124.90399160473328,1451208,348.3682225988347,1.186258905676853,348.3682225988347,1.186258905676853,231328.37+011110.5,0.6700207627816223,45.15501445243631,0.0043685547977858,44.44320722339512,0.0043685547977858,-22.8061731551429,5.818079948425293,0.6700207627816223,45.15501445243631,0.0043685547977858,"(44.729, 45.261]"
1413456,29.635733159490083,61.10646196457972,1413456,24.598335221732214,0.2430905700380421,24.598335221732214,0.2430905700380421,013823.60+001435.1,0.6172407584044646,44.9965532175365,0.0052297742702336,44.28474598849531,0.0052297742702336,-22.073273612165956,5.268640995025635,0.6172407584044646,44.9965532175365,0.0052297742702336,"(44.729, 45.261]"
1417993,171.68383310401344,155.23034941223872,1417993,21.335411639459835,-0.5427645515986053,21.335411639459835,-0.5427645515986053,012520.49-003233.9,0.7762560554729829,44.815110093055445,0.0109742810102702,44.10330286401425,0.0109742810102702,-22.348412693728093,3.472907781600952,0.7762560554729829,44.815110093055445,0.0109742810102702,"(44.729, 45.261]"
1424394,74.25844318779832,200.80043956076065,1424394,16.37173931347907,-0.294127889953153,16.37173931347907,-0.294127889953153,010529.21-001738.8,0.7644219654194684,45.10773647492773,0.0075623719667845,44.395929245886535,0.0075623719667845,-23.105355853545646,4.643333435058594,0.7644219654194684,45.10773647492773,0.0075623719667845,"(44.729, 45.261]"
1416489,27.610570423609765,57.673818269118186,1416489,22.405900603233817,0.6552458805672939,22.405900603233817,0.6552458805672939,012937.41+003918.8,0.6559749988500239,45.05175995242999,0.004998847163474,44.3399527233888,0.004998847163474,-22.740369265471745,5.191900730133057,0.6559749988500239,45.05175995242999,0.004998847163474,"(44.729, 45.261]"
1431720,38.77684696077,129.80285534144193,1431720,10.602207,-1.026508,10.602207,-1.026508,004224.52-010135.4,0.45728468606563877,44.908599674456795,0.0076976497700478,44.1967924454156,0.0076976497700478,-22.794721779111935,5.55416202545166,0.45728468606563877,44.908599674456795,0.0076976497700478,"(44.729, 45.261]"
1452454,466.81978909915887,723.0234403767703,1452454,346.0322698518248,-0.3590146458748321,346.0322698518248,-0.3590146458748321,230407.74-002132.4,0.6693678018385625,45.163913335327685,0.0045608561924481,44.45210610628649,0.0045608561924481,-22.62179945976741,6.161599636077881,0.6693678018385625,45.163913335327685,0.0045608561924481,"(44.729, 45.261]"
1391812,10.719050541366002,24.55809267269588,1391812,40.11953785881573,-1.1444347522197398,40.11953785881573,-1.1444347522197398,024028.68-010839.9,0.6084955122126374,44.76806191066692,0.0041225435387772,44.05625468162573,0.0041225435387772,-22.415004236398897,3.6972174644470215,0.6084955122126374,44.76806191066692,0.0041225435387772,"(44.729, 45.261]"
1449077,1337.617007365933,1977.358788548472,1449077,352.370373,-1.234899,352.370373,-1.234899,232928.88-011405.6,0.5354474127460491,45.161718477851664,0.0081587783628087,44.44991124881047,0.0081587783628087,-22.941376615460065,5.143866539001465,0.5354474127460491,45.161718477851664,0.0081587783628087,"(44.729, 45.261]"
1421460,465.5634181481883,1090.564099289702,1421460,18.712488284951405,0.8023107131019221,18.712488284951405,0.8023107131019221,011450.99+004808.3,0.7543751837258954,44.98589405957527,0.0081344533935343,44.27408683053408,0.0081344533935343,-23.01383804786182,3.9289231300354004,0.7543751837258954,44.98589405957527,0.0081344533935343,"(44.729, 45.261]"
1444950,81.02163729711654,115.76404978063358,1444950,359.8063039150483,-0.1181864521412304,359.8063039150483,-0.1181864521412304,235913.51-000705.4,0.6980424631507622,44.988146816450936,0.0085831685238986,44.276339587409744,0.0085831685238986,-22.218699645365536,4.337050914764404,0.6980424631507622,44.988146816450936,0.0085831685238986,"(44.729, 45.261]"
1443425,613.7266206255947,567.3102359181721,1443425,1.166559,-0.029582,1.166559,-0.029582,000439.97-000146.4,0.5835036869691616,45.05236985424167,0.0108302235542723,44.34056262520048,0.0108302235542723,-23.151808916013962,3.9288747310638428,0.5835036869691616,45.05236985424167,0.0108302235542723,"(44.729, 45.261]"
1451545,11.322358543481643,63.92207176875351,1451545,347.7928463324331,1.0025372156039547,347.7928463324331,1.0025372156039547,231110.28+010009.1,0.8998634438453513,45.225322270565776,0.0170375876453441,44.513515041524585,0.0170375876453441,-23.29176658438759,4.148190498352051,0.8998634438453513,45.225322270565776,0.0170375876453441,"(44.729, 45.261]"
1432990,367.1541724688109,909.9918736258068,1432990,9.673053688643831,0.0407601773974513,9.673053688643831,0.0407601773974513,003841.53+000226.7,0.649864590653264,45.142991876721744,0.0059625599962416,44.43118464768055,0.0059625599962416,-23.670274476815596,4.625842571258545,0.649864590653264,45.142991876721744,0.0059625599962416,"(44.729, 45.261]"
1406658,198.00078587627527,596.1711743509101,1406658,29.690768325763862,-0.3607174406700426,29.690768325763862,-0.3607174406700426,015845.78-002138.5,0.5639971429653288,45.144594151291855,0.0036533256171225,44.43278692225066,0.0036533256171225,-22.971980000615712,11.183503150939941,0.5639971429653288,45.144594151291855,0.0036533256171225,"(44.729, 45.261]"
1449685,172.672247701802,876.5415664294371,1449685,351.24441473540065,-0.0508394936976939,351.24441473540065,-0.0508394936976939,232458.65-000303.0,0.5330619634324687,45.085003663644784,0.0113136677325442,44.37319643460359,0.0113136677325442,-23.85446087192034,13.03767204284668,0.5330619634324687,45.085003663644784,0.0113136677325442,"(44.729, 45.261]"
1436181,108.08115384270374,353.8876665399502,1436181,7.190682336129157,1.195867110408063,7.190682336129157,1.195867110408063,002845.76+011145.1,0.6864892748224404,45.096699508389676,0.0038125976215646,44.384892279348485,0.0038125976215646,-23.30989387458072,6.5664801597595215,0.6864892748224404,45.096699508389676,0.0038125976215646,"(44.729, 45.261]"
1415596,319.2723284361724,682.2064120349482,1415596,23.08208551333217,0.6476417396877512,23.08208551333217,0.6476417396877512,013219.70+003851.5,0.7944656847531977,45.14124335245873,0.0028419996505562,44.42943612341754,0.0028419996505562,-23.386264137788427,5.013221740722656,0.7944656847531977,45.14124335245873,0.0028419996505562,"(44.729, 45.261]"
1398051,270.43416994020714,745.9909556648648,1398051,35.74849093263674,-0.8432616391402294,35.74849093263674,-0.8432616391402294,022259.63-005035.7,0.5531740319144713,45.234967539187664,0.004731435615696,44.52316031014647,0.004731435615696,-23.66685283933753,8.452509880065918,0.5531740319144713,45.234967539187664,0.004731435615696,"(44.729, 45.261]"
1422497,29.13848293957444,104.2585629575879,1422497,17.868282698154434,0.0288197533012373,17.868282698154434,0.0288197533012373,011128.38+000143.7,0.764590570666028,45.08820961865046,0.0046828301697878,44.37640238960927,0.0046828301697878,-23.14607736973205,6.421019077301025,0.764590570666028,45.08820961865046,0.0046828301697878,"(44.729, 45.261]"
1444328,19.37357954560649,40.83284622636166,1444328,0.4039497468730246,0.5641413755091337,0.4039497468730246,0.5641413755091337,000136.94+003350.9,1.0629347604071548,45.09746738145645,0.0124722027363226,44.385660152415255,0.0124722027363226,-23.341750038698986,3.0778846740722656,1.0629347604071548,45.09746738145645,0.0124722027363226,"(44.729, 45.261]"
1391169,113.29609454651953,247.4179841514284,1391169,40.54972029397257,-1.166613400315312,40.54972029397257,-1.166613400315312,024211.93-010959.8,0.48796776827586597,44.938228428368035,0.0044748923837971,44.22642119932684,0.0044748923837971,-22.374526409621186,8.291704177856445,0.48796776827586597,44.938228428368035,0.0044748923837971,"(44.729, 45.261]"
1455982,26.069824901644,48.80220576186438,1455982,339.1432814243202,-0.7660999379587854,339.1432814243202,-0.7660999379587854,223634.38-004557.9,0.7215013186316893,44.91236893276362,0.0089479319102885,44.20056170372243,0.0089479319102885,-22.99643029278423,3.1383707523345947,0.7215013186316893,44.91236893276362,0.0089479319102885,"(44.729, 45.261]"
1444096,29.073713930685592,75.45660220976178,1444096,0.5914511199459866,0.2130475692964243,0.5914511199459866,0.2130475692964243,000221.94+001246.9,0.6772513882035844,44.87223680799519,0.0092959959902181,44.160429578954,0.0092959959902181,-22.57390909983262,5.055756568908691,0.6772513882035844,44.87223680799519,0.0092959959902181,"(44.729, 45.261]"
1446020,161.11459558804623,395.6110839973371,1446020,358.088298,-0.857208,358.088298,-0.857208,235221.19-005125.9,0.43743857619616616,45.23684088565247,0.0061551064249592,44.52503365661128,0.0061551064249592,-23.077998705281292,5.664105415344238,0.43743857619616616,45.23684088565247,0.0061551064249592,"(44.729, 45.261]"
1388747,193.34762278425185,974.9670738360534,1388747,42.156436,1.188685,42.156436,1.188685,024837.54+011119.2,0.8092663611934512,45.19861125157159,0.0255877468355656,44.4868040225304,0.0255877468355656,-23.92762314881217,3.080354928970337,0.8092663611934512,45.19861125157159,0.0255877468355656,"(44.729, 45.261]"
1451913,30.566095218645582,33.07038773354736,1451913,347.1089179489537,-0.4405990063040332,347.1089179489537,-0.4405990063040332,230826.14-002626.1,0.7805705756665701,44.95692691097521,0.0076300840217164,44.24511968193402,0.0076300840217164,-22.90662086477532,3.1993179321289062,0.7805705756665701,44.95692691097521,0.0076300840217164,"(44.729, 45.261]"
1393875,57.458566371796536,113.96991007349732,1393875,38.5969018191464,0.7703975164493533,38.5969018191464,0.7703975164493533,023423.25+004613.4,1.098052500641556,45.18149684095513,0.0097574767197023,44.469689611913935,0.0097574767197023,-22.455394837750262,3.65026593208313,1.098052500641556,45.18149684095513,0.0097574767197023,"(44.729, 45.261]"
1436796,114.80445017842936,307.7282345980823,1436796,6.675770717336493,-1.2120070332145283,6.675770717336493,-1.2120070332145283,002642.18-011243.2,0.7189456271776078,45.13040700243837,0.004553466474789,44.418599773397176,0.004553466474789,-23.872168581931096,6.088650226593018,0.7189456271776078,45.13040700243837,0.004553466474789,"(44.729, 45.261]"
1462972,24.06565266021231,60.60182804552488,1462972,325.8418120265493,-0.6755982426415977,325.8418120265493,-0.6755982426415977,214322.03-004032.1,0.8861846766178986,45.13495064421813,0.0115727887318364,44.42314341517694,0.0115727887318364,-22.60640332968103,4.143692493438721,0.8861846766178986,45.13495064421813,0.0115727887318364,"(44.729, 45.261]"
1413535,87.8067165863494,244.5096175077487,1413535,24.53992289577345,-1.1434214809059644,24.53992289577345,-1.1434214809059644,013809.58-010836.3,0.6223289294020078,44.84613361078,0.0073281577084536,44.13432638173881,0.0073281577084536,-21.995450174813264,3.678934335708618,0.6223289294020078,44.84613361078,0.0073281577084536,"(44.729, 45.261]"
1445959,202.78762688596336,478.70981964110297,1445959,358.205821,-0.108185,358.205821,-0.108185,235249.39-000629.4,0.6299889681570294,45.236393495392804,0.0095918305317539,44.52458626635161,0.0095918305317539,-23.54799312439739,5.234707832336426,0.6299889681570294,45.236393495392804,0.0095918305317539,"(44.729, 45.261]"
1416498,22.82634288048985,83.36758110857473,1416498,22.400116,-0.965127,22.400116,-0.965127,012936.02-005754.4,0.5471805507120433,44.95499449696312,0.0164709546223882,44.243187267921925,0.0164709546223882,-23.01938976334643,3.4413561820983887,0.5471805507120433,44.95499449696312,0.0164709546223882,"(44.729, 45.261]"
1412518,89.56517492556819,242.5558406972376,1412518,25.26613786815713,0.8432633359959102,25.26613786815713,0.8432633359959102,014103.87+005035.7,0.651871413683554,44.889727984194614,0.0119874195865925,44.17792075515342,0.0119874195865925,-22.683265922601453,3.514711856842041,0.651871413683554,44.889727984194614,0.0119874195865925,"(44.729, 45.261]"
1415269,70.7399694387118,525.1080148972029,1415269,23.313351383344585,-0.5812055402578528,23.313351383344585,-0.5812055402578528,013315.20-003452.3,0.6281766486243069,45.24976891558555,0.0025748438110291,44.53796168654436,0.0025748438110291,-23.654015337598604,10.805809020996094,0.6281766486243069,45.24976891558555,0.0025748438110291,"(44.729, 45.261]"
1465453,320.49935183051724,573.8272633274022,1465453,321.41516228144616,1.0571054662079928,321.41516228144616,1.0571054662079928,212539.63+010325.5,0.7244103153086947,44.88917634345767,0.0058984449242593,44.17736911441648,0.0058984449242593,-23.023050810521585,3.948025703430176,0.7244103153086947,44.88917634345767,0.0058984449242593,"(44.729, 45.261]"
1423105,109.427123907441,241.76757991739612,1423105,17.344824,-0.439211,17.344824,-0.439211,010922.75-002621.1,0.6300810012681043,45.159865575530795,0.0081629289755014,44.4480583464896,0.0081629289755014,-23.048391699073928,4.148055076599121,0.6300810012681043,45.159865575530795,0.0081629289755014,"(44.729, 45.261]"
1399342,112.46463116673782,238.63854715114545,1399342,34.909545,-0.36431,34.909545,-0.36431,021938.29-002151.5,0.557600998296844,45.2294666137135,0.0037096620385739,44.51765938467231,0.0037096620385739,-22.838766083815795,5.497766971588135,0.557600998296844,45.2294666137135,0.0037096620385739,"(44.729, 45.261]"
1435882,247.33303130219684,493.6555636406876,1435882,7.430280751731816,0.1483778986578526,7.430280751731816,0.1483778986578526,002943.26+000854.1,0.782820821088171,45.14444204035312,0.0030364491623728,44.43263481131193,0.0030364491623728,-22.817887211536725,3.8647003173828125,0.782820821088171,45.14444204035312,0.0030364491623728,"(44.729, 45.261]"
1432767,142.67959343669708,306.8544979521923,1432767,9.83888,-1.163893,9.83888,-1.163893,003921.33-010950.0,0.48774518214706236,44.96394876676471,0.0083459396272616,44.25214153772352,0.0083459396272616,-22.76935417076604,4.7095208168029785,0.48774518214706236,44.96394876676471,0.0083459396272616,"(44.729, 45.261]"
1451430,229.84935914858505,645.7585250711747,1451430,347.9923111076042,-0.2932400519674837,347.9923111076042,-0.2932400519674837,231158.15-001735.6,0.5841195708439989,44.88617230753015,0.0042441662914356,44.17436507848896,0.0042441662914356,-22.476826136043314,5.933029651641846,0.5841195708439989,44.88617230753015,0.0042441662914356,"(44.729, 45.261]"
1420525,170.194721515485,383.61022271449474,1420525,19.441217839143206,0.8563683130094625,19.441217839143206,0.8563683130094625,011745.89+005122.9,0.8487101712524613,45.08823451923699,0.0066621172806868,44.3764272901958,0.0066621172806868,-23.39228286806893,3.1376378536224365,0.8487101712524613,45.08823451923699,0.0066621172806868,"(44.729, 45.261]"
1404047,40.24618385141319,152.06180185965945,1404047,31.658307,0.780095,31.658307,0.780095,020637.99+004648.3,0.4865306292842564,44.961826612690885,0.0102757676740559,44.25001938364969,0.0102757676740559,-22.58716275847512,4.0014848709106445,0.4865306292842564,44.961826612690885,0.0102757676740559,"(44.729, 45.261]"
1444924,40.65558162208122,115.78274908240134,1444924,359.82980888055965,-0.5225165336203734,359.82980888055965,-0.5225165336203734,235919.15-003121.0,0.8358436241367914,45.07136042889386,0.0073860577302227,44.35955319985267,0.0073860577302227,-23.18377223536804,3.9434874057769775,0.8358436241367914,45.07136042889386,0.0073860577302227,"(44.729, 45.261]"
1414283,56.20768190929968,72.13116387379131,1414283,23.96219295636952,0.5250346199663081,23.96219295636952,0.5250346199663081,013550.92+003130.1,0.7889466235178992,45.05880438692403,0.0055086289122314,44.34699715788284,0.0055086289122314,-23.40298525294102,4.665208339691162,0.7889466235178992,45.05880438692403,0.0055086289122314,"(44.729, 45.261]"
1450080,32.12027394203681,61.510623374393184,1450080,350.49512762305903,-0.723290489965945,350.49512762305903,-0.723290489965945,232158.83-004323.8,0.6975180125210663,44.81661979636401,0.0086583372097948,44.10481256732282,0.0086583372097948,-22.553666744875837,3.520606279373169,0.6975180125210663,44.81661979636401,0.0086583372097948,"(44.729, 45.261]"
1427160,11.818025293762917,27.806300611731068,1427160,14.147747742983965,-0.8309787278207843,14.147747742983965,-0.8309787278207843,005635.45-004951.5,0.9829907313859095,45.20190764518393,0.0080800983318276,44.49010041614274,0.0080800983318276,-23.53036898046407,3.5750460624694824,0.9829907313859095,45.20190764518393,0.0080800983318276,"(44.729, 45.261]"
1412933,19.628370889449208,29.55826633014941,1412933,24.972002550699514,0.6080469834376777,24.972002550699514,0.6080469834376777,013953.28+003628.9,0.7371095281155755,44.84253523049307,0.0089233895846803,44.13072800145188,0.0089233895846803,-22.489470008655527,4.002110481262207,0.7371095281155755,44.84253523049307,0.0089233895846803,"(44.729, 45.261]"
1392319,133.1848843797556,412.91211683724026,1392319,39.76974713191549,0.3432779030832205,39.76974713191549,0.3432779030832205,023904.73+002035.8,0.5420666517122776,45.01668567267134,0.0034433375111042,44.30487844363015,0.0034433375111042,-22.925467147955075,9.663639068603516,0.5420666517122776,45.01668567267134,0.0034433375111042,"(44.729, 45.261]"
1423342,39.88698651769811,45.57828794289335,1423342,17.16258844246184,0.5193068259604495,17.16258844246184,0.5193068259604495,010839.02+003109.5,0.6936814009544265,45.178244309519904,0.0035181751930828,44.46643708047871,0.0035181751930828,-22.907919190107716,5.9796953201293945,0.6936814009544265,45.178244309519904,0.0035181751930828,"(44.729, 45.261]"
1409843,14.661781946136736,44.814809251677,1409843,27.168219651164986,-0.7588878993065054,27.168219651164986,-0.7588878993065054,014840.37-004531.9,0.6952757742861623,44.89640766325108,0.0082491617619844,44.18460043420989,0.0082491617619844,-23.258636276478914,5.110841274261475,0.6952757742861623,44.89640766325108,0.0082491617619844,"(44.729, 45.261]"
1463700,47.39301418181375,118.88604995232568,1463700,324.52106605767136,0.9097314660957384,324.52106605767136,0.9097314660957384,213805.05+005435.0,0.7607732698999209,45.20341740884989,0.0068097227724415,44.491610179808696,0.0068097227724415,-23.38241411776349,4.083206653594971,0.7607732698999209,45.20341740884989,0.0068097227724415,"(44.729, 45.261]"
1420112,146.31427321071877,294.9793756020686,1420112,19.756434140202927,-0.578630556755534,19.756434140202927,-0.578630556755534,011901.54-003443.0,0.6612166077571903,45.030660712618975,0.0049599383418907,44.31885348357778,0.0049599383418907,-23.390418873818643,8.113351821899414,0.6612166077571903,45.030660712618975,0.0049599383418907,"(44.729, 45.261]"
1432579,219.99400705660332,220.0725426275769,1432579,9.975042169771145,0.9604300458760444,9.975042169771145,0.9604300458760444,003954.01+005737.5,0.679812052258875,44.91378481761355,0.0057076353712659,44.20197758857236,0.0057076353712659,-22.956170789435703,5.349528789520264,0.679812052258875,44.91378481761355,0.0057076353712659,"(44.729, 45.261]"
1464727,34.71717523700269,101.41445173879208,1464727,322.69061811003115,-0.6404108313853601,322.69061811003115,-0.6404108313853601,213045.74-003825.4,0.49451200743873036,44.81910966356919,0.0103458091371173,44.107302434528,0.0103458091371173,-22.9712631754405,7.426934719085693,0.49451200743873036,44.81910966356919,0.0103458091371173,"(44.729, 45.261]"
1439041,84.27399849198378,131.99792538329288,1439041,4.769653815053431,0.9902379961736604,4.769653815053431,0.9902379961736604,001904.71+005924.8,0.7077973197954353,45.04524822342648,0.0083754529151462,44.33344099438529,0.0083754529151462,-23.035072531865282,3.829676628112793,0.7077973197954353,45.04524822342648,0.0083754529151462,"(44.729, 45.261]"
1465557,51.39949921550468,111.12372050530112,1465557,321.2432563481726,-0.1117150996458947,321.2432563481726,-0.1117150996458947,212458.38-000642.1,0.5121851706780075,44.83376397974493,0.0041870942496586,44.12195675070374,0.0041870942496586,-22.814297787297818,9.777637481689453,0.5121851706780075,44.83376397974493,0.0041870942496586,"(44.729, 45.261]"
1387855,14.909638770491048,141.30723656772918,1387855,42.832474,-0.808811,42.832474,-0.808811,025119.79-004831.7,0.5592365029070787,44.901474271995596,0.0158608286198678,44.189667042954405,0.0158608286198678,-23.679844551824946,4.143389701843262,0.5592365029070787,44.901474271995596,0.0158608286198678,"(44.729, 45.261]"
1416626,34.559339745152734,37.84090765977816,1416626,22.2990965497404,0.6667393770486856,22.2990965497404,0.6667393770486856,012911.78+004000.2,0.7418216126598656,45.100326260704726,0.0050463431689742,44.388519031663535,0.0050463431689742,-23.398914999119743,7.507401466369629,0.7418216126598656,45.100326260704726,0.0050463431689742,"(44.729, 45.261]"
1398383,96.10699268826738,196.67812614703053,1398383,35.55128452763508,1.239796564258953,35.55128452763508,1.239796564258953,022212.30+011423.2,0.7199479879292272,44.80898948190802,0.0132362156601679,44.09718225286683,0.0132362156601679,-22.68093367598991,3.1806273460388184,0.7199479879292272,44.80898948190802,0.0132362156601679,"(44.729, 45.261]"
1465536,11.073910060204694,30.54139168555,1465536,321.2876565000036,-0.7352644684679228,321.2876565000036,-0.7352644684679228,212509.03-004406.9,0.7163162931436766,45.02299399784467,0.0079776736843584,44.31118676880348,0.0079776736843584,-22.74017442866654,4.235766887664795,0.7163162931436766,45.02299399784467,0.0079776736843584,"(44.729, 45.261]"
1396774,144.77250623248858,275.260928974237,1396774,36.63280267028709,0.0519906218820272,36.63280267028709,0.0519906218820272,022631.87+000307.1,0.8839833644869733,45.065279289769684,0.0228007878527627,44.35347206072849,0.0228007878527627,-23.486788703068783,3.3356471061706543,0.8839833644869733,45.065279289769684,0.0228007878527627,"(44.729, 45.261]"
1422760,214.2616807417002,435.5708999026885,1422760,17.63945291769781,0.1419252685761647,17.63945291769781,0.1419252685761647,011033.46+000830.9,0.46827440576096835,45.230704569749214,0.0055174824001831,44.51889734070802,0.0055174824001831,-23.528025318510334,12.996941566467285,0.46827440576096835,45.230704569749214,0.0055174824001831,"(44.729, 45.261]"
1406986,117.39713540267134,322.39909454618146,1406986,29.431545288685115,-1.167052181625155,29.431545288685115,-1.167052181625155,015743.57-011001.3,0.5436058394591942,45.04591830345147,0.0079911838704234,44.33411107441028,0.0079911838704234,-23.177109987628917,6.906961441040039,0.5436058394591942,45.04591830345147,0.0079911838704234,"(44.729, 45.261]"
1426899,25.426200745751817,97.17130628160224,1426899,14.364506,-0.024372,14.364506,-0.024372,005727.48-000127.7,0.6564052550684559,45.210710467042446,0.0086012702235294,44.498903238001255,0.0086012702235294,-23.695026766595927,3.727266788482666,0.6564052550684559,45.210710467042446,0.0086012702235294,"(44.729, 45.261]"
1449968,54.93519594231015,147.10460665709755,1449968,350.69154262087613,-0.4273120862908262,350.69154262087613,-0.4273120862908262,232245.97-002538.3,0.82305043908188,45.04806308683483,0.0099124962264625,44.33625585779364,0.0099124962264625,-22.77786702236104,3.582301378250122,0.82305043908188,45.04806308683483,0.0099124962264625,"(44.729, 45.261]"
1437496,115.1652298999503,252.3869115796516,1437496,6.091010431796804,0.4190297873043603,6.091010431796804,0.4190297873043603,002421.84+002508.5,0.5997619245734999,45.172298345192196,0.0028600701704242,44.460491116151005,0.0028600701704242,-23.29370005630882,7.398520469665527,0.5997619245734999,45.172298345192196,0.0028600701704242,"(44.729, 45.261]"
1389481,46.252581166296046,80.30948249463351,1389481,41.64160589353884,-0.0073692388065013,41.64160589353884,-0.0073692388065013,024633.98-000026.5,0.8269704176998863,45.04571941027866,0.0048691525129491,44.333912181237466,0.0048691525129491,-22.647812921147583,3.9805121421813965,0.8269704176998863,45.04571941027866,0.0048691525129491,"(44.729, 45.261]"
1445434,135.80882802875183,478.9666951743783,1445434,359.0564216824169,-0.6889015187919378,359.0564216824169,-0.6889015187919378,235613.54-004120.0,0.5361352453024715,44.89258120668495,0.0080233651452026,44.18077397764376,0.0080233651452026,-23.057231063477076,5.778866767883301,0.5361352453024715,44.89258120668495,0.0080233651452026,"(44.729, 45.261]"
1451699,60.34925600595718,116.00772611862548,1451699,347.49483191551684,1.2226519820674044,347.49483191551684,1.2226519820674044,230958.75+011321.5,0.6897190132923553,45.029822030580476,0.0063867646143904,44.318014801539285,0.0063867646143904,-23.072315941865302,3.1806066036224365,0.6897190132923553,45.029822030580476,0.0063867646143904,"(44.729, 45.261]"
1438353,18.205652308652976,32.50488725774372,1438353,5.3802877761892205,0.4209157962184631,5.3802877761892205,0.4209157962184631,002131.26+002515.2,0.7674838672613785,44.85748393244218,0.007062036117734,44.14567670340099,0.007062036117734,-22.98640409073766,3.4080684185028076,0.7674838672613785,44.85748393244218,0.007062036117734,"(44.729, 45.261]"
1448732,27.601629989878152,65.9715465193124,1448732,353.03560103208133,-1.151161204572944,353.03560103208133,-1.151161204572944,233208.54-010904.1,0.6394811911674737,44.97721207492143,0.0047334237062983,44.26540484588024,0.0047334237062983,-22.946535473383317,4.3356404304504395,0.6394811911674737,44.97721207492143,0.0047334237062983,"(44.729, 45.261]"
1430624,39.92770328597753,402.97283473674565,1430624,11.394468710890749,-0.6018803659505285,11.394468710890749,-0.6018803659505285,004534.67-003606.7,0.6370917683418192,45.233548574224244,0.003281741385372,44.52174134518305,0.003281741385372,-23.820103174507356,10.149232864379883,0.6370917683418192,45.233548574224244,0.003281741385372,"(44.729, 45.261]"
1388109,37.08374381269581,111.84172071697722,1388109,42.62768567434472,0.5597022091522175,42.62768567434472,0.5597022091522175,025030.64+003334.9,0.833922673356547,44.950249565311275,0.0077176729736976,44.23844233627008,0.0077176729736976,-23.31470825864499,3.4580135345458984,0.833922673356547,44.950249565311275,0.0077176729736976,"(44.729, 45.261]"
1399897,331.7169087694168,654.6532160939108,1399897,34.524363,-0.079783,34.524363,-0.079783,021805.84-000447.2,0.5207551951190666,45.10405727355575,0.0104965473566345,44.39225004451456,0.0104965473566345,-22.657906971549522,4.799283981323242,0.5207551951190666,45.10405727355575,0.0104965473566345,"(44.729, 45.261]"
1453238,98.7234448972132,227.12409240028595,1453238,344.58749030749857,0.2681440041050427,344.58749030749857,0.2681440041050427,225820.99+001605.3,0.5720781385128778,44.78114568305549,0.0070824102177589,44.0693384540143,0.0070824102177589,-23.17187288366422,6.827980041503906,0.5720781385128778,44.78114568305549,0.0070824102177589,"(44.729, 45.261]"
1416912,48.51083575967856,155.2899042435282,1416912,22.112588,0.055662,22.112588,0.055662,012827.02+000320.3,0.5534496256509219,44.928872204051856,0.0113959411573389,44.217064975010665,0.0113959411573389,-22.788348442142485,3.166428327560425,0.5534496256509219,44.928872204051856,0.0113959411573389,"(44.729, 45.261]"
1447380,10.87002122882298,59.06247474123325,1447380,355.4914503569974,-0.6866187827028247,355.4914503569974,-0.6866187827028247,234157.94-004111.8,1.0041905592473386,45.198435476998114,0.0099441934634683,44.48662824795692,0.0099441934634683,-23.11846056848674,3.3165769577026367,1.0041905592473386,45.198435476998114,0.0099441934634683,"(44.729, 45.261]"
1400740,67.84879627455318,114.50269641047738,1400740,33.943871,1.01619,33.943871,1.01619,021546.52+010058.2,0.5339381156493074,44.74966683793872,0.0071846518092257,44.03785960889753,0.0071846518092257,-22.640922651823285,3.257133960723877,0.5339381156493074,44.74966683793872,0.0071846518092257,"(44.729, 45.261]"
1420944,136.49545456600228,193.12107787324348,1420944,19.124152372645217,0.8997522698952188,19.124152372645217,0.8997522698952188,011629.79+005359.1,0.3526001504943791,44.84318997269836,0.0033408013717313,44.13138274365717,0.0033408013717313,-22.76524619008265,12.326695442199707,0.3526001504943791,44.84318997269836,0.0033408013717313,"(44.729, 45.261]"
1392109,39.062010022840425,102.02164163918827,1392109,39.915299458143245,-0.7105467711814566,39.915299458143245,-0.7105467711814566,023939.67-004237.9,0.9092122983538271,44.90530514851552,0.0121031235257369,44.193497919474325,0.0121031235257369,-22.001912644431915,3.16996431350708,0.9092122983538271,44.90530514851552,0.0121031235257369,"(44.729, 45.261]"
1395295,18.123584151887467,39.47407648401153,1395295,37.647704323958784,0.0486180172005158,37.647704323958784,0.0486180172005158,023035.44+000255.0,0.988146428933275,45.168057460115016,0.0078041749879602,44.456250231073824,0.0078041749879602,-23.384883898169168,3.2461228370666504,0.988146428933275,45.168057460115016,0.0078041749879602,"(44.729, 45.261]"
1400602,186.603676657131,933.3388466687908,1400602,34.04401922898315,0.0939898305717068,34.04401922898315,0.0939898305717068,021610.56+000538.3,0.3839993422115989,45.04207007563598,0.0089820962497633,44.33026284659479,0.0089820962497633,-23.636560978400688,14.638847351074219,0.3839993422115989,45.04207007563598,0.0089820962497633,"(44.729, 45.261]"
1403908,59.41187067702543,133.56178834659875,1403908,31.74883593512658,-0.5024291651564223,31.74883593512658,-0.5024291651564223,020659.72-003008.7,0.673079615951162,45.03218720329359,0.0057760162807838,44.3203799742524,0.0057760162807838,-23.157348924970897,4.557963848114014,0.673079615951162,45.03218720329359,0.0057760162807838,"(44.729, 45.261]"
1427219,25.2313771357764,63.07874283763967,1427219,14.092381323997015,1.1212325873983078,14.092381323997015,1.1212325873983078,005622.17+010716.4,0.6657500989411601,44.934385038187884,0.0079082731946478,44.22257780914669,0.0079082731946478,-22.98486023918838,4.53459358215332,0.6657500989411601,44.934385038187884,0.0079082731946478,"(44.729, 45.261]"
1426655,41.4816973479654,81.15319690225817,1426655,14.562051449926123,1.0075194486811028,14.562051449926123,1.0075194486811028,005814.89+010027.0,0.7068996689911052,44.7531224207244,0.0085850897699231,44.04131519168321,0.0085850897699231,-22.70108608308955,3.4312658309936523,0.7068996689911052,44.7531224207244,0.0085850897699231,"(44.729, 45.261]"
1464749,140.253671637045,331.4525759793789,1464749,322.6563843167856,0.116622034397863,322.6563843167856,0.116622034397863,213037.53+000659.8,0.5632909893321384,44.8935970330439,0.0069898545433169,44.18178980400271,0.0069898545433169,-22.635705666990777,6.905725002288818,0.5632909893321384,44.8935970330439,0.0069898545433169,"(44.729, 45.261]"
1391960,51.90709540780824,134.74083540428808,1391960,40.01498455392061,-1.131194012400603,40.01498455392061,-1.131194012400603,024003.59-010752.2,0.5899914889855767,45.10664110850127,0.0039823609634765,44.39483387946008,0.0039823609634765,-22.956376071337758,9.876486778259277,0.5899914889855767,45.10664110850127,0.0039823609634765,"(44.729, 45.261]"
1392025,145.63764338185487,259.16993658494977,1392025,39.96882698332827,-0.3407797627034694,39.96882698332827,-0.3407797627034694,023952.51-002026.8,0.5886819421637907,45.14710586665524,0.0047623948207231,44.435298637614046,0.0047623948207231,-22.711023812492733,6.1284966468811035,0.5886819421637907,45.14710586665524,0.0047623948207231,"(44.729, 45.261]"
1389307,15.232282247939771,714.0026391032852,1389307,41.73805709831987,0.4922013133364173,41.73805709831987,0.4922013133364173,024657.13+002931.9,0.5569303520879111,44.915177694613725,0.0098664966966985,44.20337046557253,0.0098664966966985,-23.93343755024568,11.273473739624023,0.5569303520879111,44.915177694613725,0.0098664966966985,"(44.729, 45.261]"
1410521,17.7512804157537,42.91395422457784,1410521,26.66217361299897,-0.0903964419014841,26.66217361299897,-0.0903964419014841,014638.92-000525.4,0.8652666476482198,44.98235010864977,0.0067587860904048,44.27054287960858,0.0067587860904048,-22.77229520142116,3.8068149089813232,0.8652666476482198,44.98235010864977,0.0067587860904048,"(44.729, 45.261]"
1461136,20.58179597154964,67.5726271707475,1461136,329.391037505745,0.3194619218654947,329.391037505745,0.3194619218654947,215733.84+001910.0,0.6585976642815615,44.94170903853308,0.0046346185150305,44.229901809491885,0.0046346185150305,-22.723546740634657,5.364590167999268,0.6585976642815615,44.94170903853308,0.0046346185150305,"(44.729, 45.261]"
1389116,23.382306154313973,55.1910803762366,1389116,41.88375936936768,0.791800745661071,41.88375936936768,0.791800745661071,024732.10+004730.4,0.6331076465664421,44.989924627706024,0.0067249852087449,44.27811739866483,0.0067249852087449,-22.882255743317952,5.736706733703613,0.6331076465664421,44.989924627706024,0.0067249852087449,"(44.729, 45.261]"
1450279,23.79660796622285,87.99660112556329,1450279,350.13577507106663,-1.1680548618330338,350.13577507106663,-1.1680548618330338,232032.58-011004.9,0.9495173441395719,45.22422880947609,0.0104578398942472,44.512421580434896,0.0104578398942472,-23.100353354672688,3.52286434173584,0.9495173441395719,45.22422880947609,0.0104578398942472,"(44.729, 45.261]"
1444765,10.06670273451935,12.482817816581372,1444765,0.0457485770166101,0.9481538195578052,0.0457485770166101,0.9481538195578052,000010.97+005653.3,0.6531233929809119,44.76324154368656,0.0078428991138075,44.05143431464537,0.0078428991138075,-22.364628368804592,5.4725141525268555,0.6531233929809119,44.76324154368656,0.0078428991138075,"(44.729, 45.261]"
1447678,85.29653602706938,172.9026353485486,1447678,354.9247464270149,0.6533969335935147,354.9247464270149,0.6533969335935147,233941.93+003912.2,0.6736816617958161,44.79460123672016,0.0109387756273733,44.08279400767897,0.0109387756273733,-22.493703054216603,3.0156197547912598,0.6736816617958161,44.79460123672016,0.0109387756273733,"(44.729, 45.261]"
1466201,92.1045019075907,271.6266856511662,1466201,320.11236064999264,-1.154351405948563,320.11236064999264,-1.154351405948563,212026.96-010915.6,0.5698836837846679,45.11753133648318,0.0024675278459866,44.40572410744199,0.0024675278459866,-23.215056613471297,7.736208438873291,0.5698836837846679,45.11753133648318,0.0024675278459866,"(44.729, 45.261]"
1453289,1398.7042745888234,2429.446509262887,1453289,344.4884295379913,-0.4356536251499672,344.4884295379913,-0.4356536251499672,225757.22-002608.3,0.25056367151675923,44.8642719980376,0.0028667371198736,44.15246476899641,0.0028667371198736,-22.289729217655843,28.526126861572266,0.25056367151675923,44.8642719980376,0.0028667371198736,"(44.729, 45.261]"
1424842,1937.990891949708,3246.489666541334,1424842,16.029186635657794,1.2369272346173434,16.029186635657794,1.2369272346173434,010407.00+011412.9,0.31230796841664665,45.19054288636268,0.0022585228803784,44.47873565732149,0.0022585228803784,-22.972954084057015,24.182109832763672,0.31230796841664665,45.19054288636268,0.0022585228803784,"(44.729, 45.261]"
1418448,157.34528128183214,240.83782014603065,1418448,20.98293165604457,1.157543090414448,20.98293165604457,1.157543090414448,012355.90+010927.1,0.7922906519573427,44.99138398987763,0.0102218666123903,44.27957676083644,0.0102218666123903,-22.523988064529664,3.028360366821289,0.7922906519573427,44.99138398987763,0.0102218666123903,"(44.729, 45.261]"
1460795,21.981907027231248,50.04293614149135,1460795,329.9832913210141,0.7805334797904421,329.9832913210141,0.7805334797904421,215955.98+004649.9,0.7935905665269489,45.194074395251334,0.0032564942732697,44.48226716621014,0.0032564942732697,-23.25606888594569,5.453012943267822,0.7935905665269489,45.194074395251334,0.0032564942732697,"(44.729, 45.261]"
1444189,48.02957160274424,56.42777651044644,1444189,0.5182980716526799,0.7835156755011857,0.5182980716526799,0.7835156755011857,000204.39+004700.6,0.7535270659983276,44.987367876354156,0.0048265251891024,44.275560647312965,0.0048265251891024,-23.092460685230126,5.37810754776001,0.7535270659983276,44.987367876354156,0.0048265251891024,"(44.729, 45.261]"
1412815,33.87808549550045,133.65469053363574,1412815,25.054290338573423,1.13148227423,25.054290338573423,1.13148227423,014013.02+010753.3,0.9452589114252623,45.090610157215096,0.0113972905453287,44.378802928173904,0.0113972905453287,-22.796682465609802,3.0867929458618164,0.9452589114252623,45.090610157215096,0.0113972905453287,"(44.729, 45.261]"
1389501,26.40345435577868,71.90440893421346,1389501,41.626743157984826,-0.6394366693524234,41.626743157984826,-0.6394366693524234,024630.41-003821.9,1.0146647439131806,45.18815224367121,0.0080111360151704,44.47634501463002,0.0080111360151704,-23.193846464406473,3.930114984512329,1.0146647439131806,45.18815224367121,0.0080111360151704,"(44.729, 45.261]"
1390257,33.97914276939072,82.58853290142434,1390257,41.15613106396877,0.1510587453788766,41.15613106396877,0.1510587453788766,024437.47+000903.8,0.9084691476471515,45.06300108199126,0.005916443434657,44.35119385295007,0.005916443434657,-22.552163619585617,3.3510894775390625,0.9084691476471515,45.06300108199126,0.005916443434657,"(44.729, 45.261]"
1449035,297.4305432611517,455.2880523894253,1449035,352.4730396499275,0.8518605450925865,352.4730396499275,0.8518605450925865,232953.52+005106.6,0.5017712286888132,45.05194438436631,0.0072524006377499,44.34013715532512,0.0072524006377499,-22.989353247942432,11.201388359069824,0.5017712286888132,45.05194438436631,0.0072524006377499,"(44.729, 45.261]"
1463512,61.37897060800744,229.3971539382124,1463512,324.86802933915925,-0.1748745686151015,324.86802933915925,-0.1748745686151015,213928.32-001029.5,0.8970734201204864,45.245561436366486,0.0060596618806805,44.533754207325295,0.0060596618806805,-22.978958830002288,4.364418029785156,0.8970734201204864,45.245561436366486,0.0060596618806805,"(44.729, 45.261]"
1408482,205.4811473965047,494.4135781362153,1408482,28.225206132269705,1.0762786086531642,28.225206132269705,1.0762786086531642,015254.04+010434.6,0.5695701953378924,45.13960666564001,0.0031381017177025,44.42779943659882,0.0031381017177025,-23.2917319572092,8.260903358459473,0.5695701953378924,45.13960666564001,0.0031381017177025,"(44.729, 45.261]"
1466725,112.04872699086316,212.113194835053,1466725,318.9795280065284,-0.3123025033548336,318.9795280065284,-0.3123025033548336,211555.08-001844.2,0.87023516995128,44.98068603181039,0.0100178988732544,44.2688788027692,0.0100178988732544,-22.778989993621508,3.496424436569214,0.87023516995128,44.98068603181039,0.0100178988732544,"(44.729, 45.261]"
1437444,58.62334831563681,78.15890590401521,1437444,6.137092052770545,1.1861761817876886,6.137092052770545,1.1861761817876886,002432.90+011110.2,0.627539082162213,44.995649462947476,0.0038720753669032,44.283842233906284,0.0038720753669032,-23.134108029050676,5.339634418487549,0.627539082162213,44.995649462947476,0.0038720753669032,"(44.729, 45.261]"
1451362,145.53561585351665,217.3880682063691,1451362,348.1053238542255,-0.591621098687878,348.1053238542255,-0.591621098687878,231225.27-003529.8,0.8613009255834081,45.20746256319236,0.006413347919949,44.49565533415117,0.006413347919949,-22.956569975317354,3.842604398727417,0.8613009255834081,45.20746256319236,0.006413347919949,"(44.729, 45.261]"
1434250,47.886820919585865,183.38659753041927,1434250,8.73923205839742,0.8260469927013719,8.73923205839742,0.8260469927013719,003457.41+004933.7,0.7239766500677358,45.161819899669474,0.0077736558607384,44.45001267062828,0.0077736558607384,-22.818797399295146,4.406373500823975,0.7239766500677358,45.161819899669474,0.0077736558607384,"(44.729, 45.261]"
1449943,102.39876667663611,211.83334589797616,1449943,350.7304140190607,-0.930328672297816,350.7304140190607,-0.930328672297816,232255.29-005549.1,0.75471769827705,44.99980102009496,0.00775285678111,44.287993791053765,0.00775285678111,-23.948235285691194,4.933070182800293,0.75471769827705,44.99980102009496,0.00775285678111,"(44.729, 45.261]"
1447896,31.474608748696603,49.34285499176552,1447896,354.5375267132731,-1.0163321935992533,354.5375267132731,-1.0163321935992533,233809.00-010058.7,0.7193731070143955,44.90744008049767,0.0094460325974559,44.19563285145648,0.0094460325974559,-22.38874401787481,3.117541551589966,0.7193731070143955,44.90744008049767,0.0094460325974559,"(44.729, 45.261]"
1430304,49.35231002975311,125.1542939116307,1430304,11.626558,0.875525,11.626558,0.875525,004630.37+005231.8,0.5021111996327663,44.869509730289145,0.0107892927534578,44.157702501247954,0.0107892927534578,-22.463668051431497,5.1033453941345215,0.5021111996327663,44.869509730289145,0.0107892927534578,"(44.729, 45.261]"
1443873,17.396102785833975,82.21222215357648,1443873,0.7863956555510843,-0.8022757719017461,0.7863956555510843,-0.8022757719017461,000308.73-004808.1,0.9308985750870692,45.23441737518317,0.0078558245603801,44.52261014614198,0.0078558245603801,-23.52474842384186,4.379644393920898,0.9308985750870692,45.23441737518317,0.0078558245603801,"(44.729, 45.261]"
1396450,18.816051010433625,63.33964950167524,1396450,36.87256022369809,-0.1076020814531976,36.87256022369809,-0.1076020814531976,022729.41-000627.3,0.9873404907396066,45.18884999471549,0.0064553086188787,44.4770427656743,0.0064553086188787,-23.282297694012183,4.459813117980957,0.9873404907396066,45.18884999471549,0.0064553086188787,"(44.729, 45.261]"
1426634,105.88291979421123,223.37462308947423,1426634,14.581881506106726,-0.0281045777674224,14.581881506106726,-0.0281045777674224,005819.65-000141.1,0.7328531694938857,45.123521053302234,0.0087103062089468,44.41171382426104,0.0087103062089468,-22.412760836893263,4.184001445770264,0.7328531694938857,45.123521053302234,0.0087103062089468,"(44.729, 45.261]"
1423657,98.3301510209133,218.56576021688045,1423657,16.915832923214026,0.4063928606689649,16.915832923214026,0.4063928606689649,010739.79+002423.0,0.5173977012225177,44.809698719999595,0.0066452566787589,44.0978914909584,0.0066452566787589,-22.282436107171037,5.721327304840088,0.5173977012225177,44.809698719999595,0.0066452566787589,"(44.729, 45.261]"
1428352,23.886482298413046,96.48722174168634,1428352,13.183026,-0.998352,13.183026,-0.998352,005243.92-005954.0,0.6595679611955443,45.194108761371155,0.0136742567073007,44.48230153232996,0.0136742567073007,-23.378368477810806,3.0053727626800537,0.6595679611955443,45.194108761371155,0.0136742567073007,"(44.729, 45.261]"
1465764,332.98970959226443,538.5712794924518,1465764,320.8975378541227,-0.332822830222156,320.8975378541227,-0.332822830222156,212335.40-001958.1,0.5032361742541327,44.88766143889137,0.004387516146231,44.17585420985018,0.004387516146231,-22.436419827967555,8.367103576660156,0.5032361742541327,44.88766143889137,0.004387516146231,"(44.729, 45.261]"
1397381,35.53980738296887,93.71181084256044,1397381,36.22112522807072,0.2171509076314259,36.22112522807072,0.2171509076314259,022453.07+001301.7,0.5306102333290843,44.77727265863023,0.0085307287703031,44.06546542958904,0.0085307287703031,-22.05552004819391,5.423783302307129,0.5306102333290843,44.77727265863023,0.0085307287703031,"(44.729, 45.261]"
1446343,97.99031709941946,190.9795214701877,1446343,357.5698629640141,0.8946240427318739,357.5698629640141,0.8946240427318739,235016.76+005340.6,0.6054239095130126,45.03697367287565,0.0063280785137749,44.325166443834455,0.0063280785137749,-22.54234828271404,5.004344463348389,0.6054239095130126,45.03697367287565,0.0063280785137749,"(44.729, 45.261]"
1414215,21.467117693690373,44.5775773614721,1414215,24.00734783712226,0.5892438475140359,24.00734783712226,0.5892438475140359,013601.76+003521.2,0.798509365094248,45.043277981973894,0.0078807717533244,44.3314707529327,0.0078807717533244,-22.546578382281066,4.08360481262207,0.798509365094248,45.043277981973894,0.0078807717533244,"(44.729, 45.261]"
1403475,22.754042639264657,72.65762102202308,1403475,32.04735235384072,-0.9097246408018452,32.04735235384072,-0.9097246408018452,020811.36-005435.0,0.6400891852611942,45.06403218563177,0.0040495997255227,44.352224956590575,0.0040495997255227,-22.847884843569407,4.8423919677734375,0.6400891852611942,45.06403218563177,0.0040495997255227,"(44.729, 45.261]"
1450675,58.31556156655194,127.0419067299042,1450675,349.3706939038815,0.6179789209438665,349.3706939038815,0.6179789209438665,231728.96+003704.7,0.5949608352251742,45.10527345435386,0.0040071355868178,44.39346622531267,0.0040071355868178,-22.890603843276125,5.779208660125732,0.5949608352251742,45.10527345435386,0.0040071355868178,"(44.729, 45.261]"
1441681,12.701811126080257,55.18875339938108,1441681,2.572237968602792,-0.9570951386907662,2.572237968602792,-0.9570951386907662,001017.33-005725.5,0.9245688430271266,45.14079807126954,0.0090391377625067,44.42899084222835,0.0090391377625067,-23.390394925855087,3.6994693279266357,0.9245688430271266,45.14079807126954,0.0090391377625067,"(44.729, 45.261]"
1411785,32.00451232926475,57.9806330930138,1411785,25.749697,-0.398712,25.749697,-0.398712,014259.92-002355.3,0.6315875825339687,45.183548094774444,0.0079065240127391,44.47174086573325,0.0079065240127391,-23.200025553480852,4.199859142303467,0.6315875825339687,45.183548094774444,0.0079065240127391,"(44.729, 45.261]"
1445904,28.82726019912343,75.6485735263722,1445904,358.28359659736094,0.8518000897051646,358.28359659736094,0.8518000897051646,235308.06+005106.4,0.5352890300328752,44.91614001962672,0.0087231479134821,44.204332790585525,0.0087231479134821,-22.321870634466336,5.537432670593262,0.5352890300328752,44.91614001962672,0.0087231479134821,"(44.729, 45.261]"
1442975,57.99803434154299,455.938239742994,1442975,1.5113816068770518,0.8396279952901342,1.5113816068770518,0.8396279952901342,000602.73+005022.6,0.7934914734510798,45.198375886831386,0.0066883789279437,44.486568657790194,0.0066883789279437,-22.833925252292712,4.217600345611572,0.7934914734510798,45.198375886831386,0.0066883789279437,"(44.729, 45.261]"
1432773,69.68708386907093,200.33975202112427,1432773,9.8356576780306,0.4999429793343695,9.8356576780306,0.4999429793343695,003920.55+002959.7,0.7854503787117241,45.14498975000223,0.0085060802712142,44.43318252096104,0.0085060802712142,-22.110146002931995,3.4963583946228027,0.7854503787117241,45.14498975000223,0.0085060802712142,"(44.729, 45.261]"
1445540,10.301377937109482,79.11609316307782,1445540,358.8869078459302,-0.7253434383533212,358.8869078459302,-0.7253434383533212,235532.85-004331.2,0.8704297769340292,45.01421304304112,0.0088046342721703,44.302405813999925,0.0088046342721703,-23.05971696757225,3.471198558807373,0.8704297769340292,45.01421304304112,0.0088046342721703,"(44.729, 45.261]"
1395671,561.2552783260575,1241.2285802242895,1395671,37.37881667623611,-0.1459378596834049,37.37881667623611,-0.1459378596834049,022930.91-000845.3,0.6093721067189786,44.80398559008748,0.0050027004931152,44.09217836104629,0.0050027004931152,-23.9684033338665,5.320240020751953,0.6093721067189786,44.80398559008748,0.0050027004931152,"(44.729, 45.261]"
1447758,31.319030143709952,77.02821925870936,1447758,354.75923689674187,0.522499777610084,354.75923689674187,0.522499777610084,233902.21+003120.9,0.9379854453850003,45.21142833992922,0.0067189190731333,44.49962111088803,0.0067189190731333,-23.672461127968898,3.8630590438842773,0.9379854453850003,45.21142833992922,0.0067189190731333,"(44.729, 45.261]"
1450062,282.34981572567426,394.894617683096,1450062,350.522730377724,0.4572457856454439,350.522730377724,0.4572457856454439,232205.45+002726.0,0.34741437774576844,44.73951947828315,0.0058818151511701,44.02771224924196,0.0058818151511701,-22.260444838063655,11.544825553894043,0.34741437774576844,44.73951947828315,0.0058818151511701,"(44.729, 45.261]"
1398995,108.71256167515612,237.44102644172835,1398995,35.146653265539896,-0.0156259324433741,35.146653265539896,-0.0156259324433741,022035.19-000056.2,0.6519192662142425,44.94237539639537,0.0067125218932666,44.23056816735418,0.0067125218932666,-22.555388571396318,4.5259599685668945,0.6519192662142425,44.94237539639537,0.0067125218932666,"(44.729, 45.261]"
1391663,181.4169883765196,1210.7591632604765,1391663,40.2201181081086,-0.6863672957712464,40.2201181081086,-0.6863672957712464,024052.82-004110.9,0.24664130797152972,45.04461518433383,0.0074051211670429,44.33280795529264,0.0074051211670429,-23.209606101843615,34.99205017089844,0.24664130797152972,45.04461518433383,0.0074051211670429,"(44.729, 45.261]"
1423504,18.936023566804163,35.776581514469406,1423504,17.045837855444756,0.1591617364211224,17.045837855444756,0.1591617364211224,010811.00+000932.9,0.5840416202102532,44.96000552731659,0.0068710092675594,44.2481982982754,0.0068710092675594,-22.582977318122012,5.881869792938232,0.5840416202102532,44.96000552731659,0.0068710092675594,"(44.729, 45.261]"
1425370,285.61951435884856,195.0895514089673,1425370,15.620015551370573,1.1837979135902377,15.620015551370573,1.1837979135902377,010228.80+011101.6,0.7012226602681896,44.74776181147929,0.0130883276210695,44.0359545824381,0.0130883276210695,-22.755688334054664,3.555675983428955,0.7012226602681896,44.74776181147929,0.0130883276210695,"(44.729, 45.261]"
1455452,228.35584284831268,602.7102816938279,1455452,340.24870799635426,-0.9579985998494028,340.24870799635426,-0.9579985998494028,224059.68-005728.7,0.7171999487027194,45.196176552966186,0.0044539533190963,44.484369323924994,0.0044539533190963,-23.586272078715705,6.805176734924316,0.7171999487027194,45.196176552966186,0.0044539533190963,"(44.729, 45.261]"
1408785,30.794941930866383,95.89503123758634,1408785,27.987816593629415,-0.56444631921007,27.987816593629415,-0.56444631921007,015157.07-003352.0,0.7990327535417113,45.083744665981,0.0067648931423605,44.37193743693981,0.0067648931423605,-22.861019657602508,4.2364654541015625,0.7990327535417113,45.083744665981,0.0067648931423605,"(44.729, 45.261]"
1415032,743.4862258220679,2512.096337035276,1415032,23.469420886005597,1.2292259247006156,23.469420886005597,1.2292259247006156,013352.66+011345.2,0.3081619900644826,44.906441980017874,0.002343050288708,44.19463475097668,0.002343050288708,-23.14698538563473,23.03862953186035,0.3081619900644826,44.906441980017874,0.002343050288708,"(44.729, 45.261]"
1420771,33.91574496798619,109.3009853564915,1420771,19.266111781106503,0.7063491229630853,19.266111781106503,0.7063491229630853,011703.86+004222.8,0.9979558779366691,45.19490693154478,0.0120890481190016,44.48309970250359,0.0120890481190016,-23.42090334416764,3.1311652660369873,0.9979558779366691,45.19490693154478,0.0120890481190016,"(44.729, 45.261]"
1391051,25.33969282360288,48.146882838403286,1391051,40.61392799035937,0.1459625329804683,40.61392799035937,0.1459625329804683,024227.34+000845.4,0.6501490030541793,45.065829356477046,0.0044807677314544,44.354022127435854,0.0044807677314544,-22.74516442876433,7.150313377380371,0.6501490030541793,45.065829356477046,0.0044807677314544,"(44.729, 45.261]"
1447192,145.73886460579115,350.96027776220353,1447192,355.9093250043644,0.0522092915642219,355.9093250043644,0.0522092915642219,234338.23+000307.9,0.4523491361117669,44.887528851550854,0.0041392786992489,44.17572162250966,0.0041392786992489,-22.94574933257312,9.219232559204102,0.4523491361117669,44.887528851550854,0.0041392786992489,"(44.729, 45.261]"
1399656,106.99444689753165,256.5590261715603,1399656,34.68061950670176,1.0504172796455902,34.68061950670176,1.0504172796455902,021843.34+010301.5,0.838975600124724,45.073004045720324,0.0093915880960615,44.36119681667913,0.0093915880960615,-22.326159860294204,3.317258358001709,0.838975600124724,45.073004045720324,0.0093915880960615,"(44.729, 45.261]"
1416298,34.31935939347474,321.274589551034,1416298,22.55720642505492,0.6204827591889744,22.55720642505492,0.6204827591889744,013013.72+003713.7,0.7415923019215919,45.168685811634845,0.0050065178182414,44.45687858259365,0.0050065178182414,-22.929490568183244,5.850612640380859,0.7415923019215919,45.168685811634845,0.0050065178182414,"(44.729, 45.261]"
1426673,128.30598540456944,325.2294556954532,1426673,14.54595887369819,-1.1755909112435488,14.54595887369819,-1.1755909112435488,005811.03-011032.1,0.9005748140084265,45.125855639196125,0.0069621158481432,44.41404841015493,0.0069621158481432,-24.09547361842129,3.8035316467285156,0.9005748140084265,45.125855639196125,0.0069621158481432,"(44.729, 45.261]"
1446742,41.09416852454089,78.93034538659644,1446742,356.85550890724585,-0.9464458853060383,356.85550890724585,-0.9464458853060383,234725.32-005647.2,0.6620563555924324,44.83534237482483,0.0110261022698345,44.12353514578364,0.0110261022698345,-22.579540284724455,3.624633550643921,0.6620563555924324,44.83534237482483,0.0110261022698345,"(44.729, 45.261]"
1412909,27.68276825329524,233.8689641492611,1412909,24.98665496984995,0.7612945318430288,24.98665496984995,0.7612945318430288,013956.79+004540.6,0.6564200988130909,45.15103911073765,0.0052192197322327,44.43923188169646,0.0052192197322327,-23.35694127270889,9.251976013183594,0.6564200988130909,45.15103911073765,0.0052192197322327,"(44.729, 45.261]"
1455430,107.99273570516172,192.11124392091943,1455430,340.2926295771159,-0.3251608085963103,340.2926295771159,-0.3251608085963103,224110.23-001930.5,0.6823274218752935,45.16049635062327,0.0048448011577626,44.44868912158208,0.0048448011577626,-23.188845384540542,5.357358455657959,0.6823274218752935,45.16049635062327,0.0048448011577626,"(44.729, 45.261]"
1394145,33.18394805368087,114.49193539545114,1394145,38.400427543557406,0.5040038718976863,38.400427543557406,0.5040038718976863,023336.10+003014.4,0.6102762071861106,45.226742125933534,0.0031606819073992,44.51493489689234,0.0031606819073992,-23.155798731145882,10.067078590393066,0.6102762071861106,45.226742125933534,0.0031606819073992,"(44.729, 45.261]"
1391563,213.7089205386457,360.8571849334005,1391563,40.291632008184216,-0.3810131606066717,40.291632008184216,-0.3810131606066717,024109.99-002251.6,0.4465258126958776,44.77242779415317,0.0050479113311503,44.060620565111975,0.0050479113311503,-22.01868077024606,8.626985549926758,0.4465258126958776,44.77242779415317,0.0050479113311503,"(44.729, 45.261]"
1424294,633.2855146604503,1274.5002697217587,1424294,16.443787637781348,0.1180396221892467,16.443787637781348,0.1180396221892467,010546.50+000704.9,0.264272545383876,44.91753344226822,0.004171088967265,44.20572621322703,0.004171088967265,-21.827678755916892,19.00381851196289,0.264272545383876,44.91753344226822,0.004171088967265,"(44.729, 45.261]"
1411433,50.91885401875654,129.91726608468815,1411433,26.00232599723606,0.927333197772232,26.00232599723606,0.927333197772232,014400.55+005538.3,1.10210509758935,45.166402933963134,0.0109349150318358,44.45459570492194,0.0109349150318358,-22.879558113931374,3.085268020629883,1.10210509758935,45.166402933963134,0.0109349150318358,"(44.729, 45.261]"
1390276,82.56880674167117,189.47850622812567,1390276,41.139077421154354,0.3303182613577771,41.139077421154354,0.3303182613577771,024433.37+001949.1,0.978503047205324,45.221680377515,0.0104848823863044,44.50987314847381,0.0104848823863044,-23.369415409716453,4.231743812561035,0.978503047205324,45.221680377515,0.0104848823863044,"(44.729, 45.261]"
1402235,254.3830037904808,615.5750249017497,1402235,32.9418097621587,1.048589914111186,32.9418097621587,1.048589914111186,021146.03+010254.9,0.694767583509379,45.13283435957433,0.0032022626747512,44.42102713053314,0.0032022626747512,-22.97826790067793,5.981041431427002,0.694767583509379,45.13283435957433,0.0032022626747512,"(44.729, 45.261]"
1403961,68.40656395787713,88.531942188458,1403961,31.718535231086666,0.3344466147828294,31.718535231086666,0.3344466147828294,020652.44+002004.0,0.8041767734784782,45.033697838139034,0.0055869244682611,44.32189060909784,0.0055869244682611,-22.45077358997361,3.872624397277832,0.8041767734784782,45.033697838139034,0.0055869244682611,"(44.729, 45.261]"
1442905,10.065368865397293,27.444984855321007,1442905,1.561633107900121,0.6133356259199294,1.561633107900121,0.6133356259199294,000614.79+003648.0,0.6699022000973849,44.90175701682465,0.0059772397011244,44.189949787783455,0.0059772397011244,-22.635806972019402,3.7728500366210938,0.6699022000973849,44.90175701682465,0.0059772397011244,"(44.729, 45.261]"
1405684,34.31015579880201,69.93719863059165,1405684,30.472329562209552,-1.0476895648363924,30.472329562209552,-1.0476895648363924,020153.35-010251.6,0.7341885146515977,44.938837995947374,0.0072645341189954,44.22703076690618,0.0072645341189954,-22.697715064733515,3.1286675930023193,0.7341885146515977,44.938837995947374,0.0072645341189954,"(44.729, 45.261]"
1404826,111.52348067828648,316.6245823424739,1404826,31.115658953828135,-0.8215705769414107,31.115658953828135,-0.8215705769414107,020427.75-004917.6,0.9310386060551805,45.25369467042908,0.0080087829222854,44.541887441387885,0.0080087829222854,-23.681902079770893,3.125096559524536,0.9310386060551805,45.25369467042908,0.0080087829222854,"(44.729, 45.261]"
1410554,50.313598962885074,162.45254579448425,1410554,26.63469,0.265853,26.63469,0.265853,014632.32+001557.0,0.40915549560282116,44.79986159157548,0.0107467451599028,44.08805436253429,0.0107467451599028,-22.525945472715176,6.023293495178223,0.40915549560282116,44.79986159157548,0.0107467451599028,"(44.729, 45.261]"
1411463,38.59575556381371,168.11372996212853,1411463,25.975450950175627,-0.0832837583107505,25.975450950175627,-0.0832837583107505,014354.10-000459.8,0.8966395247990331,45.0525266240789,0.0140278223549152,44.34071939503771,0.0140278223549152,-23.277108076947176,3.059739589691162,0.8966395247990331,45.0525266240789,0.0140278223549152,"(44.729, 45.261]"
1462745,280.141484548531,484.3824503327551,1462745,326.19312265121863,-0.6571983781733913,326.19312265121863,-0.6571983781733913,214446.34-003925.9,0.4952671833749847,45.247011869845714,0.002109178060369,44.53520464080452,0.002109178060369,-23.310404063687635,13.222195625305176,0.4952671833749847,45.247011869845714,0.002109178060369,"(44.729, 45.261]"
1447945,114.0624924124764,247.40215559446665,1447945,354.45902482099086,0.6823661485359818,354.45902482099086,0.6823661485359818,233750.16+004056.5,0.8396061216467772,45.10037736560452,0.0071214524067642,44.38857013656333,0.0071214524067642,-23.79806466787999,3.683605670928955,0.8396061216467772,45.10037736560452,0.0071214524067642,"(44.729, 45.261]"
1409645,31.20259649242315,59.02755897866377,1409645,27.307384278954828,-0.615324893694404,27.307384278954828,-0.615324893694404,014913.77-003655.1,0.7850693897702696,44.78568848958596,0.008278215537306,44.073881260544766,0.008278215537306,-22.125388507814037,3.23313045501709,0.7850693897702696,44.78568848958596,0.008278215537306,"(44.729, 45.261]"
1449971,32.76394906695995,76.47576739619485,1449971,350.6891107791609,0.8035519158567744,350.6891107791609,0.8035519158567744,232245.38+004812.7,0.7617580791899192,44.95860203622252,0.007689877564033,44.24679480718133,0.007689877564033,-22.626947987944867,3.0347273349761963,0.7617580791899192,44.95860203622252,0.007689877564033,"(44.729, 45.261]"
1426367,155.35232744138403,367.3799250730213,1426367,14.839045268109489,0.6857703974651553,14.839045268109489,0.6857703974651553,005921.37+004108.7,0.42328341804443903,45.05622143535485,0.0035953849199259,44.34441420631366,0.0035953849199259,-23.50283405302628,11.540478706359863,0.42328341804443903,45.05622143535485,0.0035953849199259,"(44.729, 45.261]"
1411940,131.9713770477032,392.976299468841,1411940,25.634396615326807,0.7665617058021976,25.634396615326807,0.7665617058021976,014232.25+004559.6,0.41278301268241374,44.894591140042294,0.0055443900508223,44.1827839110011,0.0055443900508223,-23.07434938054831,9.364276885986328,0.41278301268241374,44.894591140042294,0.0055443900508223,"(44.729, 45.261]"
1434367,31.73499422692868,34.475164819400504,1434367,8.644387486844366,0.205683659077221,8.644387486844366,0.205683659077221,003434.65+001220.4,0.814582680545771,45.056336667176005,0.004615466041173,44.34452943813481,0.004615466041173,-23.45758402886465,4.244608402252197,0.814582680545771,45.056336667176005,0.004615466041173,"(44.729, 45.261]"
1406360,89.55972855504669,211.6666331382008,1406360,29.954238296974022,-1.2224870274861668,29.954238296974022,-1.2224870274861668,015949.01-011320.9,0.8441159528664622,45.07004305300196,0.0081902416831702,44.35823582396077,0.0081902416831702,-23.147644443262394,3.762061834335327,0.8441159528664622,45.07004305300196,0.0081902416831702,"(44.729, 45.261]"
1431939,55.50232662892359,137.55543999262616,1431939,10.454335900404374,-0.8452410854979886,10.454335900404374,-0.8452410854979886,004149.04-005042.8,0.6374856679727295,44.82614930443311,0.0044591068037114,44.11434207539192,0.0044591068037114,-21.986922734324462,3.335437774658203,0.6374856679727295,44.82614930443311,0.0044591068037114,"(44.729, 45.261]"
1389136,206.42836705980525,251.67963207541965,1389136,41.86474903710209,-0.1782010654000392,41.86474903710209,-0.1782010654000392,024727.53-001041.5,0.339174445667296,44.7517942207397,0.0040373498455323,44.039986991698505,0.0040373498455323,-22.619158991902786,13.167832374572754,0.339174445667296,44.7517942207397,0.0040373498455323,"(44.729, 45.261]"
1404898,20.508539204365785,64.65025702547203,1404898,31.054677673718125,0.5264866164231077,31.054677673718125,0.5264866164231077,020413.12+003135.3,0.9384783982222833,45.232801608699766,0.0110622588700834,44.520994379658575,0.0110622588700834,-22.93984183709274,3.5694289207458496,0.9384783982222833,45.232801608699766,0.0110622588700834,"(44.729, 45.261]"
1447750,29.446002544839622,83.33383446302243,1447750,354.77658628578104,-0.8981460025936104,354.77658628578104,-0.8981460025936104,233906.38-005353.3,0.7741673137841824,45.17100140842576,0.0082656641812377,44.45919417938457,0.0082656641812377,-23.0507852996494,4.351234436035156,0.7741673137841824,45.17100140842576,0.0082656641812377,"(44.729, 45.261]"
1448963,983.8721637404656,1891.036629484371,1448963,352.62151588208616,0.6296242485215758,352.62151588208616,0.6296242485215758,233029.16+003746.6,0.5353977711140225,45.13158944044965,0.0056603887984039,44.41978221140846,0.0056603887984039,-23.81201917993637,11.257224082946777,0.5353977711140225,45.13158944044965,0.0056603887984039,"(44.729, 45.261]"
1434129,102.3729934203896,307.39663263270046,1434129,8.823464,-1.227276,8.823464,-1.227276,003517.63-011338.1,0.5684424499632349,45.16805510290402,0.0083665789279976,44.45624787386283,0.0083665789279976,-23.139282514070025,5.114549160003662,0.5684424499632349,45.16805510290402,0.0083665789279976,"(44.729, 45.261]"
1464104,15.552872241802817,53.85688278800975,1464104,323.8184243236868,-0.4631392603671296,323.8184243236868,-0.4631392603671296,213516.42-002747.3,0.5096671145663092,44.89753351421035,0.0038031247588676,44.18572628516916,0.0038031247588676,-23.001175571994636,6.784112453460693,0.5096671145663092,44.89753351421035,0.0038031247588676,"(44.729, 45.261]"
1402400,89.71184330113972,201.74252791237527,1402400,32.82947576334863,0.023429967461818,32.82947576334863,0.023429967461818,021119.07+000124.3,1.2433070137794655,45.247797247696774,0.0132873704910991,44.53599001865558,0.0132873704910991,-22.84297307265918,3.1396710872650146,1.2433070137794655,45.247797247696774,0.0132873704910991,"(44.729, 45.261]"
1416085,57.92981046620241,84.35661275877696,1416085,22.72911635297828,-0.9862258603695856,22.72911635297828,-0.9862258603695856,013054.98-005910.4,0.7382768169635437,44.936334055797595,0.0079820671215777,44.2245268267564,0.0079820671215777,-22.665032003593982,3.3198893070220947,0.7382768169635437,44.936334055797595,0.0079820671215777,"(44.729, 45.261]"
1395736,24.792355624469987,77.72449559169227,1395736,37.33868820709603,-0.4863475716258272,37.33868820709603,-0.4863475716258272,022921.28-002910.8,0.8106915635162831,44.95804074344786,0.0127960081201905,44.24623351440667,0.0127960081201905,-22.55505587062001,3.324740171432495,0.8106915635162831,44.95804074344786,0.0127960081201905,"(44.729, 45.261]"
1433362,62.260188061740784,126.14803797695332,1433362,9.40257194475345,0.1638593116476893,9.40257194475345,0.1638593116476893,003736.61+000949.8,0.9442290300067482,45.155532988098514,0.0139913188004179,44.44372575905732,0.0139913188004179,-22.598040788229834,3.5650157928466797,0.9442290300067482,45.155532988098514,0.0139913188004179,"(44.729, 45.261]"
1425942,211.10926811055444,312.26135750588884,1425942,15.176416,1.083783,15.176416,1.083783,010042.33+010501.6,0.6386870439099152,45.04833392287281,0.0077862982222001,44.336526693831615,0.0077862982222001,-23.28846029579852,3.4279699325561523,0.6386870439099152,45.04833392287281,0.0077862982222001,"(44.729, 45.261]"
1414557,23.035176981856928,50.62223315846844,1414557,23.7798330326575,-1.2076203290346543,23.7798330326575,-1.2076203290346543,013507.15-011227.4,0.8871974511070873,45.081836737077154,0.0088497470483552,44.37002950803596,0.0088497470483552,-23.18374434584286,3.0120134353637695,0.8871974511070873,45.081836737077154,0.0088497470483552,"(44.729, 45.261]"
1409573,53.94023103974761,163.83717146875154,1409573,27.365696800621144,-0.7076511279776743,27.365696800621144,-0.7076511279776743,014927.76-004227.5,0.34299004722164045,44.863791937958375,0.0028059738438521,44.15198470891718,0.0028059738438521,-22.617781116550468,15.717175483703613,0.34299004722164045,44.863791937958375,0.0028059738438521,"(44.729, 45.261]"
1450666,48.845495851107785,133.33209806748664,1450666,349.38731444884127,0.3147429674259771,349.38731444884127,0.3147429674259771,231732.95+001853.0,0.9865263710475342,45.25609520716826,0.0097538811550492,44.544287978127066,0.0097538811550492,-23.503956035870058,3.4955596923828125,0.9865263710475342,45.25609520716826,0.0097538811550492,"(44.729, 45.261]"
1427064,17.049787592187023,66.75201481704777,1427064,14.232593615810115,0.7443109989828344,14.232593615810115,0.7443109989828344,005655.82+004439.5,0.9075708648287518,45.10195363883125,0.0071599750446083,44.390146409790056,0.0071599750446083,-22.719219352909445,3.451280117034912,0.9075708648287518,45.10195363883125,0.0071599750446083,"(44.729, 45.261]"
1419262,146.45653420301423,254.2301951740341,1419262,20.359852,-0.982512,20.359852,-0.982512,012126.36-005857.0,0.5785634251351508,45.0384963419638,0.008692744936571,44.32668911292261,0.008692744936571,-23.101434351055936,4.191176414489746,0.5785634251351508,45.0384963419638,0.008692744936571,"(44.729, 45.261]"
1425925,145.0260721128564,454.9530499526199,1425925,15.186287459915256,1.0051259972539346,15.186287459915256,1.0051259972539346,010044.70+010018.4,0.9498082805811917,45.22676638147868,0.0077031131448634,44.51495915243749,0.0077031131448634,-23.07823281239453,3.0667264461517334,0.9498082805811917,45.22676638147868,0.0077031131448634,"(44.729, 45.261]"
1416685,37.21961990048208,58.3825959715177,1416685,22.25580892097929,0.3869272116011147,22.25580892097929,0.3869272116011147,012901.39+002312.9,0.9138353077364069,45.25767641688955,0.0106911655762722,44.54586918784836,0.0106911655762722,-22.268310828340386,4.944427490234375,0.9138353077364069,45.25767641688955,0.0106911655762722,"(44.729, 45.261]"
1405002,22.51293686567516,67.96750627060722,1405002,30.99331052669592,-1.0896473696330031,30.99331052669592,-1.0896473696330031,020358.39-010522.7,0.7109904833337962,44.88360702243541,0.011249602241012,44.17179979339422,0.011249602241012,-22.826498923722113,3.1313393115997314,0.7109904833337962,44.88360702243541,0.011249602241012,"(44.729, 45.261]"
1385019,247.5155153770457,508.26678208884056,1385019,49.496512,-0.768459,49.496512,-0.768459,031759.16-004606.4,0.6463158203636337,45.134351491599354,0.008615944494398,44.42254426255816,0.008615944494398,-23.496690318764795,4.274871826171875,0.6463158203636337,45.134351491599354,0.008615944494398,"(44.729, 45.261]"
1458950,172.18169512953116,279.41707969642954,1458950,333.545541,0.756751,333.545541,0.756751,221410.92+004524.3,0.45223066875775597,45.01254113033316,0.0058127093642568,44.30073390129197,0.0058127093642568,-22.86788845813229,5.1936845779418945,0.45223066875775597,45.01254113033316,0.0058127093642568,"(44.729, 45.261]"
1426065,33.80880573787914,57.24655546025977,1426065,15.07768487030421,-0.0824908328150782,15.07768487030421,-0.0824908328150782,010018.64-000456.9,0.6408655007465789,45.08224958221937,0.0069917149893612,44.37044235317818,0.0069917149893612,-22.864135563209967,5.014518737792969,0.6408655007465789,45.08224958221937,0.0069917149893612,"(44.729, 45.261]"
1390318,81.45556741218303,185.1374986074605,1390318,41.11295492917566,0.3807727247119227,41.11295492917566,0.3807727247119227,024427.10+002250.7,0.6985046173387938,45.14467567763939,0.002844041846977,44.4328684485982,0.002844041846977,-22.71375408509957,6.549788475036621,0.6985046173387938,45.14467567763939,0.002844041846977,"(44.729, 45.261]"
1464084,35.01865083208259,97.76039052049944,1464084,323.8548949228483,-0.2266752908934817,323.8548949228483,-0.2266752908934817,213525.17-001336.0,0.7271636311106031,44.927616578840016,0.005552482304413,44.215809349798825,0.005552482304413,-22.928041310980404,4.0517964363098145,0.7271636311106031,44.927616578840016,0.005552482304413,"(44.729, 45.261]"
1452066,70.02359438215555,207.69789702573115,1452066,346.80415226954017,0.3060492300604414,346.80415226954017,0.3060492300604414,230712.99+001821.7,1.0001678326777665,45.192362484726104,0.0084082690426789,44.48055525568491,0.0084082690426789,-23.368521102311984,3.3314099311828613,1.0001678326777665,45.192362484726104,0.0084082690426789,"(44.729, 45.261]"
1433240,94.0433170842504,246.8457575308589,1433240,9.497884,0.886467,9.497884,0.886467,003759.49+005311.2,0.5111118480801253,44.868660648762656,0.0098417294402182,44.156853419721465,0.0098417294402182,-22.540056600690924,3.604970932006836,0.5111118480801253,44.868660648762656,0.0098417294402182,"(44.729, 45.261]"
1417461,289.27635927078524,589.1044125139538,1417461,21.7450099977812,0.0465105390941344,21.7450099977812,0.0465105390941344,012658.80+000247.4,0.6236380841050476,44.95570888963156,0.0037333125614189,44.24390166059037,0.0037333125614189,-18.793489691064217,10.062127113342285,0.6236380841050476,44.95570888963156,0.0037333125614189,"(44.729, 45.261]"
1390709,59.82764320715537,157.83939970019,1390709,40.83493741476851,-0.3070865461654336,40.83493741476851,-0.3070865461654336,024320.38-001825.5,0.37312257680120164,44.77428998820108,0.0070954834485874,44.06248275915989,0.0070954834485874,-22.9337177900301,12.73192024230957,0.37312257680120164,44.77428998820108,0.0070954834485874,"(44.729, 45.261]"
1436702,98.58067005706684,207.65271637264271,1436702,6.751190028931037,1.0008490434243216,6.751190028931037,1.0008490434243216,002700.28+010003.0,1.0925901057940037,45.25873535395792,0.0136972594346005,44.546928124916725,0.0136972594346005,-23.215991697951793,3.567185878753662,1.0925901057940037,45.25873535395792,0.0136972594346005,"(44.729, 45.261]"
1429720,57.51171087972993,120.23336370153532,1429720,12.032919131246754,0.0874552622705932,12.032919131246754,0.0874552622705932,004807.90+000514.8,0.7797788381510194,45.13085021005711,0.0086841150607845,44.41904298101592,0.0086841150607845,-23.09450006440734,5.322466850280762,0.7797788381510194,45.13085021005711,0.0086841150607845,"(44.729, 45.261]"
1446847,28.804010987621577,68.00164144864328,1446847,356.6770593375184,-0.3156000535624153,356.6770593375184,-0.3156000535624153,234642.49-001856.1,0.7244110554620108,45.10613801714311,0.0061117217477821,44.39433078810192,0.0061117217477821,-23.319515281349208,3.9062552452087402,0.7244110554620108,45.10613801714311,0.0061117217477821,"(44.729, 45.261]"
1452487,10.007907644127195,23.02127057797144,1452487,345.9838156326011,-0.4639256992351027,345.9838156326011,-0.4639256992351027,230356.11-002750.1,0.6964420491449692,45.006752103568274,0.0136342241784497,44.29494487452708,0.0136342241784497,-22.80366016922608,3.3549747467041016,0.6964420491449692,45.006752103568274,0.0136342241784497,"(44.729, 45.261]"
1445235,236.90354957886703,566.7156832649648,1445235,359.351486,1.092663,359.351486,1.092663,235724.35+010533.5,0.6971996840192556,45.167747700087546,0.0068246097670439,44.455940471046354,0.0068246097670439,-23.390895481759355,3.635798931121826,0.6971996840192556,45.167747700087546,0.0068246097670439,"(44.729, 45.261]"
1411465,17.864069141869493,76.07841996711379,1411465,25.97049093700898,-0.7141786421169994,25.97049093700898,-0.7141786421169994,014352.91-004251.0,0.6648993084743663,45.218659205936945,0.0061300884847739,44.50685197689575,0.0061300884847739,-23.08760050559612,9.532912254333496,0.6648993084743663,45.218659205936945,0.0061300884847739,"(44.729, 45.261]"
1451295,496.7114682231336,1817.284086795796,1451295,348.21204476986225,0.2886235311280194,348.21204476986225,0.2886235311280194,231250.89+001719.0,0.25764712680079416,45.02746081018893,0.0022791288961308,44.315653581147735,0.0022791288961308,-23.206523992905687,40.40144348144531,0.25764712680079416,45.02746081018893,0.0022791288961308,"(44.729, 45.261]"
1440293,39.56043010173983,96.53920118110618,1440293,3.768890592544608,1.2082355771071518,3.768890592544608,1.2082355771071518,001504.53+011229.6,0.6545429592396621,44.83914880065619,0.0065449928836969,44.127341571615,0.0065449928836969,-22.89942000903363,5.457273006439209,0.6545429592396621,44.83914880065619,0.0065449928836969,"(44.729, 45.261]"
1396959,28.68575961785881,65.37642889690557,1396959,36.51355750040791,-1.0996090501853406,36.51355750040791,-1.0996090501853406,022603.25-010558.5,0.6424911879577375,44.773936388251585,0.0077549424450609,44.06212915921039,0.0077549424450609,-22.469091869197403,3.3599023818969727,0.6424911879577375,44.773936388251585,0.0077549424450609,"(44.729, 45.261]"
1425385,17.306252402281462,81.96216783034723,1425385,15.609382969815684,-0.0404858778781407,15.609382969815684,-0.0404858778781407,010226.25-000225.7,0.7663482761005262,45.02268161715617,0.0070037227146642,44.310874388114975,0.0070037227146642,-23.487106608325217,4.287891387939453,0.7663482761005262,45.02268161715617,0.0070037227146642,"(44.729, 45.261]"
1441259,57.35612042411283,309.67621425375245,1441259,2.937257984494664,0.9992305976589834,2.937257984494664,0.9992305976589834,001144.94+005957.2,0.7726853777158655,45.07839380074215,0.0074917421989759,44.36658657170096,0.0074917421989759,-22.297702874785696,3.673413038253784,0.7726853777158655,45.07839380074215,0.0074917421989759,"(44.729, 45.261]"
1396628,14.096806627688231,47.74880052312535,1396628,36.73793753803838,-0.4474332580485135,36.73793753803838,-0.4474332580485135,022657.10-002650.7,0.7617604216602433,45.00673050980086,0.0052326966215296,44.29492328075967,0.0052326966215296,-22.761092912816082,5.759774684906006,0.7617604216602433,45.00673050980086,0.0052326966215296,"(44.729, 45.261]"
1448814,41.1563020025172,135.2914874608603,1448814,352.8974287984638,-1.0437720589495552,352.8974287984638,-1.0437720589495552,233135.38-010237.5,0.4205090141370669,45.23538033831969,0.0040019776813728,44.5235731092785,0.0040019776813728,-23.4232647728639,14.802567481994629,0.4205090141370669,45.23538033831969,0.0040019776813728,"(44.729, 45.261]"
1402051,226.2969647349992,318.3551357249426,1402051,33.081420338743214,0.9779613650173864,33.081420338743214,0.9779613650173864,021219.54+005840.6,0.4561593038990717,44.9656102448824,0.0021304474150625,44.25380301584121,0.0021304474150625,-23.167872145988877,11.934501647949219,0.4561593038990717,44.9656102448824,0.0021304474150625,"(44.729, 45.261]"
1442949,84.47527723095803,90.10453808830462,1442949,1.5354912500628473,1.0041029401713737,1.5354912500628473,1.0041029401713737,000608.51+010014.7,0.6138053602112543,44.77484687842824,0.0066834980297549,44.06303964938705,0.0066834980297549,-22.393479804361174,3.8003101348876953,0.6138053602112543,44.77484687842824,0.0066834980297549,"(44.729, 45.261]"
1444319,14.19844503188254,29.51919406547613,1444319,0.4119702346102372,-0.0954716505211527,0.4119702346102372,-0.0954716505211527,000138.87-000543.6,0.816821950470189,44.9638913902479,0.0078915159217203,44.25208416120671,0.0078915159217203,-22.733713528451975,4.7576212882995605,0.816821950470189,44.9638913902479,0.0078915159217203,"(44.729, 45.261]"
1412275,162.41831358167718,537.7670497373109,1412275,25.413542796410866,-0.9511948684100632,25.413542796410866,-0.9511948684100632,014139.25-005704.3,0.6167679958646595,44.99600282744833,0.0040400445360795,44.28419559840714,0.0040400445360795,-21.055252518205364,5.014688491821289,0.6167679958646595,44.99600282744833,0.0040400445360795,"(44.729, 45.261]"
1407107,511.84962361413534,1709.8470208452554,1407107,29.323906280458687,0.6856881930620268,29.323906280458687,0.6856881930620268,015717.73+004108.4,0.3896931112617002,45.03141741989138,0.003354173591795,44.31961019085019,0.003354173591795,-22.869112478145826,16.12352180480957,0.3896931112617002,45.03141741989138,0.003354173591795,"(44.729, 45.261]"
1439263,53.65517929419905,113.46026431444656,1439263,4.5961319183000455,0.972098957909363,4.5961319183000455,0.972098957909363,001823.07+005819.5,0.8295455299009986,45.23133956702625,0.0052190536321106,44.519532337985055,0.0052190536321106,-23.449205825317577,4.971267223358154,0.8295455299009986,45.23133956702625,0.0052190536321106,"(44.729, 45.261]"
1417558,27.21382221102637,75.33126493139783,1417558,21.679812048407637,-0.6647990311024174,21.679812048407637,-0.6647990311024174,012643.15-003953.2,0.8264130143491945,45.10786717282623,0.0102569974127746,44.39605994378504,0.0102569974127746,-22.8394695681487,3.1705756187438965,0.8264130143491945,45.10786717282623,0.0102569974127746,"(44.729, 45.261]"
1461100,1088.4209950034883,2256.271791546461,1461100,329.45692678604064,0.6660320406546815,329.45692678604064,0.6660320406546815,215749.66+003957.7,0.47200817286416885,45.18945752526085,0.0062920371212733,44.47765029621966,0.0062920371212733,-22.730079515145366,15.196728706359863,0.47200817286416885,45.18945752526085,0.0062920371212733,"(44.729, 45.261]"
1406587,84.00843472785813,149.02773675447415,1406587,29.75331273624636,0.219124607651822,29.75331273624636,0.219124607651822,015900.79+001308.8,0.7976179212494438,45.02994674770002,0.0089568336503589,44.31813951865883,0.0089568336503589,-22.88543930463899,3.276468276977539,0.7976179212494438,45.02994674770002,0.0089568336503589,"(44.729, 45.261]"
1413455,13.077133587401274,46.57516241249816,1413455,24.600908884962383,0.4810215762966315,24.600908884962383,0.4810215762966315,013824.21+002851.6,0.7377679811159535,44.83032357555318,0.0072646907110147,44.11851634651199,0.0072646907110147,-22.719036649776672,4.0945353507995605,0.7377679811159535,44.83032357555318,0.0072646907110147,"(44.729, 45.261]"
1459280,41.15632762560292,111.9759671735222,1459280,332.9545198169862,1.0713759975723482,332.9545198169862,1.0713759975723482,221149.08+010416.9,0.6459743479142985,45.11896085326055,0.0068557863288702,44.40715362421936,0.0068557863288702,-22.224151943156794,5.46913480758667,0.6459743479142985,45.11896085326055,0.0068557863288702,"(44.729, 45.261]"
1418760,750.0811993345508,766.3270769455464,1418760,20.734127162332484,-0.0479690222002674,20.734127162332484,-0.0479690222002674,012256.19-000252.6,0.3407187445060586,44.96051960718431,0.0064876583772353,44.24871237814312,0.0064876583772353,-22.80953755214538,11.495147705078125,0.3407187445060586,44.96051960718431,0.0064876583772353,"(44.729, 45.261]"
1431219,21.24062173020421,74.5677947742401,1431219,10.947225836863597,0.8863703641622477,10.947225836863597,0.8863703641622477,004347.33+005310.9,0.8321165656637203,45.00657731125837,0.0099252306374246,44.29477008221718,0.0099252306374246,-23.44815245903129,3.358311414718628,0.8321165656637203,45.00657731125837,0.0099252306374246,"(44.729, 45.261]"
1439562,87.34145396071054,192.84546311470743,1439562,4.350910668215477,-0.0105809663495397,4.350910668215477,-0.0105809663495397,001724.21-000038.0,0.8587843495348294,45.13420641870966,0.0103515609599895,44.42239918966847,0.0103515609599895,-23.460538871924353,4.088816165924072,0.8587843495348294,45.13420641870966,0.0103515609599895,"(44.729, 45.261]"
1436628,36.302335136087024,78.10839241624134,1436628,6.811632884869425,-1.198981983995712,6.811632884869425,-1.198981983995712,002714.79-011156.3,0.9734706336606551,45.24945790570417,0.006799575281029,44.53765067666298,0.006799575281029,-23.06026062871039,3.406359910964966,0.9734706336606551,45.24945790570417,0.006799575281029,"(44.729, 45.261]"
1444473,73.75570858353372,202.49383231041267,1444473,0.2880330451939983,-0.6893935300558758,0.2880330451939983,-0.6893935300558758,000109.12-004121.8,0.41714450498011024,45.18020521274989,0.0015336591139671,44.4683979837087,0.0015336591139671,-23.514487241529753,14.802136421203613,0.41714450498011024,45.18020521274989,0.0015336591139671,"(44.729, 45.261]"
1445848,43.78493891173457,125.8634536937934,1445848,358.3728745363971,0.112701759785107,358.3728745363971,0.112701759785107,235329.48+000645.7,0.8978831360763005,45.06241985062152,0.0104387636368592,44.350612621580325,0.0104387636368592,-23.170096423746212,4.84260892868042,0.8978831360763005,45.06241985062152,0.0104387636368592,"(44.729, 45.261]"
1420197,29.703159290765107,69.0662789555829,1420197,19.69865952054212,-1.0205002675549752,19.69865952054212,-1.0205002675549752,011847.67-010113.8,0.6916312197435742,45.206892281685114,0.0074690312829197,44.49508505264392,0.0074690312829197,-22.842778797971544,4.895198822021484,0.6916312197435742,45.206892281685114,0.0074690312829197,"(44.729, 45.261]"
1460215,41.22766587713271,163.9694982842493,1460215,331.150046574057,0.7895334775453154,331.150046574057,0.7895334775453154,220436.01+004722.3,0.5164420610242794,44.91949395352657,0.0053692748845932,44.20768672448538,0.0053692748845932,-22.2942295655199,7.7799530029296875,0.5164420610242794,44.91949395352657,0.0053692748845932,"(44.729, 45.261]"
1449917,811.9475585183976,2007.1976413515804,1449917,350.7697360611079,1.1386781046860082,350.7697360611079,1.1386781046860082,232304.73+010819.2,0.5305651259625818,45.09687957682064,0.0048622399240585,44.38507234777945,0.0048622399240585,-23.653453490220425,9.449216842651367,0.5305651259625818,45.09687957682064,0.0048622399240585,"(44.729, 45.261]"
1394310,269.9733903652125,870.1509527718886,1394310,38.29051051245837,-0.8687791744706168,38.29051051245837,-0.8687791744706168,023309.72-005207.6,0.8016659186107696,45.230682661391214,0.0050118640927223,44.51887543235002,0.0050118640927223,-23.37741739669627,5.5040693283081055,0.8016659186107696,45.230682661391214,0.0050118640927223,"(44.729, 45.261]"
1451198,1063.25798530004,1470.3070753221552,1451198,348.3913845366564,-0.8527421345708781,348.3913845366564,-0.8527421345708781,231333.93-005109.8,0.4007123103203678,44.75068379037471,0.0039903827193157,44.03887656133352,0.0039903827193157,-22.46825857670976,11.701122283935547,0.4007123103203678,44.75068379037471,0.0039903827193157,"(44.729, 45.261]"
1395036,82.70201130483768,164.61567461284298,1395036,37.79623368493219,-0.0543556126495208,37.79623368493219,-0.0543556126495208,023111.09-000315.6,0.8949417983287655,45.14026964847738,0.0084411272535511,44.42846241943619,0.0084411272535511,-22.7411120156789,4.166378974914551,0.8949417983287655,45.14026964847738,0.0084411272535511,"(44.729, 45.261]"
1411898,41.94914005517669,117.34434834525123,1411898,25.65927099999999,0.48487546,25.65927099999999,0.48487546,014238.22+002905.5,0.9701999633472959,45.209851831776774,0.0069378056872118,44.49804460273558,0.0069378056872118,1.0,3.8464138507843018,0.9701999633472959,45.209851831776774,0.0069378056872118,"(44.729, 45.261]"
1392238,676.0845072466735,918.9629898564044,1392238,39.820232889010526,0.8649572916856404,39.820232889010526,0.8649572916856404,023916.85+005153.8,0.5373267143040905,45.11888681283225,0.0039152172115315,44.40707958379106,0.0039152172115315,-23.134380290357498,10.1473970413208,0.5373267143040905,45.11888681283225,0.0039152172115315,"(44.729, 45.261]"
1464828,15.245340586761875,116.5236792095172,1464828,322.5205501888927,-0.9895346391138266,322.5205501888927,-0.9895346391138266,213004.93-005922.3,0.7116986764704243,45.07070880420737,0.0046214621269484,44.35890157516618,0.0046214621269484,-23.29992233676475,5.41769552230835,0.7116986764704243,45.07070880420737,0.0046214621269484,"(44.729, 45.261]"
1414502,254.45542914467387,480.2200021379945,1414502,23.809998667266825,-0.1177432145857196,23.809998667266825,-0.1177432145857196,013514.39-000703.8,0.6717416883944505,45.17347227292016,0.0043314601748924,44.461665043878966,0.0043314601748924,-23.419006120909636,9.216059684753418,0.6717416883944505,45.17347227292016,0.0043314601748924,"(44.729, 45.261]"
1431301,13.931236454400056,49.53141464157405,1431301,10.890146628374602,-0.7388211704557187,10.890146628374602,-0.7388211704557187,004333.63-004419.7,0.5783233576393488,44.827254369619745,0.0072064591626954,44.11544714057855,0.0072064591626954,-22.65047566646173,3.9369890689849854,0.5783233576393488,44.827254369619745,0.0072064591626954,"(44.729, 45.261]"
1450704,24.0096175815646,46.10520432849097,1450704,349.32425928595774,1.135976854828607,349.32425928595774,1.135976854828607,231717.82+010809.5,0.8621674125177096,45.163377019781976,0.0123563447863119,44.451569790740784,0.0123563447863119,-23.16007718432316,3.9187941551208496,0.8621674125177096,45.163377019781976,0.0123563447863119,"(44.729, 45.261]"
1423069,28.248737186640817,131.42266524079935,1423069,17.368127,1.075565,17.368127,1.075565,010928.35+010432.0,0.4479029419646647,45.034098549362234,0.0069375942998028,44.32229132032104,0.0069375942998028,-23.047285093948023,6.713748455047607,0.4479029419646647,45.034098549362234,0.0069375942998028,"(44.729, 45.261]"
1403898,20.268057664804168,76.52872434345934,1403898,31.754875724288468,-0.1122907288218053,31.754875724288468,-0.1122907288218053,020701.17-000644.2,0.8143263095899556,45.099673147585676,0.0093398379750304,44.387865918544485,0.0093398379750304,-22.48234405389011,3.2602202892303467,0.8143263095899556,45.099673147585676,0.0093398379750304,"(44.729, 45.261]"
1399980,17.73804600816698,42.9719039941184,1399980,34.47485235837223,0.4445915946135162,34.47485235837223,0.4445915946135162,021753.96+002640.5,0.6881697366982304,45.09131042556224,0.0045189477595428,44.37950319652105,0.0045189477595428,-23.11217081623776,4.469329833984375,0.6881697366982304,45.09131042556224,0.0045189477595428,"(44.729, 45.261]"
1418450,52.587721419718605,137.64688931000285,1418450,20.980716,-0.430965,20.980716,-0.430965,012355.37-002551.4,0.43078765593405954,44.86189092564358,0.0138456140523466,44.15008369660239,0.0138456140523466,-22.731592624796296,5.620548725128174,0.43078765593405954,44.86189092564358,0.0138456140523466,"(44.729, 45.261]"
1423746,51.57821190651387,161.47877674143186,1423746,16.852336999999977,-0.58436448,16.852336999999977,-0.58436448,010724.56-003503.7,0.7503113613036297,45.12225969866643,0.0066248426098702,44.41045246962524,0.0066248426098702,1.0,4.967623710632324,0.7503113613036297,45.12225969866643,0.0066248426098702,"(44.729, 45.261]"
1450458,68.67047571100176,90.07523683909828,1450458,349.772898658078,-0.0039000409979647,349.772898658078,-0.0039000409979647,231905.49-000014.0,0.5539498940067582,45.032922413997554,0.0070503427914019,44.32111518495636,0.0070503427914019,-22.343758483568514,5.160420894622803,0.5539498940067582,45.032922413997554,0.0070503427914019,"(44.729, 45.261]"
1406697,104.30270440210572,254.1599052472449,1406697,29.658827016103643,0.1599599265095564,29.658827016103643,0.1599599265095564,015838.11+000935.8,0.4997193427361967,44.87879036301806,0.009889475573015,44.16698313397687,0.009889475573015,-22.444959293736645,5.431575298309326,0.4997193427361967,44.87879036301806,0.009889475573015,"(44.729, 45.261]"
1446962,103.81748069081117,202.76759622193663,1446962,356.4693571609649,0.220053331516274,356.4693571609649,0.220053331516274,234552.64+001312.1,0.6417887749685605,44.83568704208333,0.0108213053254146,44.12387981304214,0.0108213053254146,-23.078366132993228,3.8102591037750244,0.6417887749685605,44.83568704208333,0.0108213053254146,"(44.729, 45.261]"
1446988,133.03252356696967,305.0045168125007,1446988,356.41540073840736,1.0092701617638746,356.41540073840736,1.0092701617638746,234539.69+010033.3,0.7835631018937894,45.10906463461441,0.0062551607559804,44.39725740557322,0.0062551607559804,-22.8722388526094,4.2720417976379395,0.7835631018937894,45.10906463461441,0.0062551607559804,"(44.729, 45.261]"
1434529,44.310750203767896,119.60769085470662,1434529,8.523803,-0.263406,8.523803,-0.263406,003405.71-001548.2,0.6997634040663048,45.25152686146432,0.0065211246611482,44.53971963242313,0.0065211246611482,-23.427959306596154,4.2181572914123535,0.6997634040663048,45.25152686146432,0.0065211246611482,"(44.729, 45.261]"
1418265,440.2837032255702,756.0330913092936,1418265,21.12130238316503,0.935562504737754,21.12130238316503,0.935562504737754,012429.11+005608.0,0.38101477952934276,44.94878653528053,0.0094907050903429,44.23697930623934,0.0094907050903429,-23.047246446087534,12.840435981750488,0.38101477952934276,44.94878653528053,0.0094907050903429,"(44.729, 45.261]"
1435059,26.950711082986533,90.118171067641,1435059,8.094152,-1.204918,8.094152,-1.204918,003222.59-011217.7,0.4855683699375953,44.73568143856642,0.0096307125393551,44.023874209525225,0.0096307125393551,-22.546303861308612,3.2598421573638916,0.4855683699375953,44.73568143856642,0.0096307125393551,"(44.729, 45.261]"
1455706,45.90498900301506,166.04509377879967,1455706,339.7076027743233,-0.0994194383770591,339.7076027743233,-0.0994194383770591,223849.82-000557.9,0.9664336261749888,45.17489919251146,0.0097669679951835,44.46309196347027,0.0097669679951835,-23.16678285986777,3.144500970840454,0.9664336261749888,45.17489919251146,0.0097669679951835,"(44.729, 45.261]"
1445339,14.445190175881056,20.7840357556179,1445339,359.19090559101267,0.3815965979331657,359.19090559101267,0.3815965979331657,235645.81+002253.7,0.8665069177120196,44.85060721488299,0.0136162009930416,44.1387999858418,0.0136162009930416,-22.1343377840152,3.1480798721313477,0.8665069177120196,44.85060721488299,0.0136162009930416,"(44.729, 45.261]"
1449316,33.916359122206785,71.20642103963354,1449316,351.9170329336338,-0.0288795443546678,351.9170329336338,-0.0288795443546678,232740.08-000143.9,0.7713201097274326,45.011941764318124,0.0084050625034244,44.30013453527693,0.0084050625034244,-22.942930746291434,3.359182357788086,0.7713201097274326,45.011941764318124,0.0084050625034244,"(44.729, 45.261]"
1412391,30.40450832013253,69.91341284005388,1412391,25.34935641755686,0.1401570455895108,25.34935641755686,0.1401570455895108,014123.84+000824.5,0.7348757782584745,44.75244832269555,0.0111988388457398,44.04064109365436,0.0111988388457398,-22.617037320225478,3.4169206619262695,0.7348757782584745,44.75244832269555,0.0111988388457398,"(44.729, 45.261]"
1438605,36.45737573494215,58.73034866135211,1438605,5.146636051786472,-1.1099829990222274,5.146636051786472,-1.1099829990222274,002035.19-010635.9,0.6494548148300822,45.021203622236634,0.0073224679562748,44.30939639319544,0.0073224679562748,-22.94102739048542,4.642056941986084,0.6494548148300822,45.021203622236634,0.0073224679562748,"(44.729, 45.261]"
1411830,124.9762394495145,348.47778617390304,1411830,25.714198766323875,1.048912476945961,25.714198766323875,1.048912476945961,014251.40+010256.0,0.742889483513787,45.06629992077228,0.0041246033572015,44.35449269173109,0.0041246033572015,-23.283425071430333,7.290088653564453,0.742889483513787,45.06629992077228,0.0041246033572015,"(44.729, 45.261]"
1416391,50.53566677914706,140.84699950957148,1416391,22.477111922024164,-0.0687395111571725,22.477111922024164,-0.0687395111571725,012954.50-000407.4,0.522666727979783,44.84239540783572,0.0098076818089332,44.130588178794525,0.0098076818089332,-22.323924229452984,6.613848686218262,0.522666727979783,44.84239540783572,0.0098076818089332,"(44.729, 45.261]"
1437208,32.889761165849535,87.42392925832603,1437208,6.334756768121963,1.025057395590082,6.334756768121963,1.025057395590082,002520.34+010130.2,0.684056507187369,45.05858352875169,0.0039118164933142,44.3467762997105,0.0039118164933142,-22.57017597321469,4.951933860778809,0.684056507187369,45.05858352875169,0.0039118164933142,"(44.729, 45.261]"
1448633,32.24574612538955,65.12084088661817,1448633,353.2292581477223,0.2473779019377111,353.2292581477223,0.2473779019377111,233255.02+001450.5,0.6582561245703815,44.81230282151111,0.0083002679581518,44.10049559246992,0.0083002679581518,-22.537716305236902,3.1606855392456055,0.6582561245703815,44.81230282151111,0.0083002679581518,"(44.729, 45.261]"
1417443,21.77149859211064,30.834143127479365,1417443,21.759743154602347,1.2232369369470235,21.759743154602347,1.2232369369470235,012702.33+011323.6,0.7343940361653692,44.890306219455674,0.0073371767356178,44.17849899041448,0.0073371767356178,-22.72494273059675,3.695431709289551,0.7343940361653692,44.890306219455674,0.0073371767356178,"(44.729, 45.261]"
1428716,470.7671709721904,1435.6977766477726,1428716,12.856877058973794,0.7112022843634936,12.856877058973794,0.7112022843634936,005125.65+004240.3,0.49941782553814607,44.94040679160364,0.0052747709737666,44.22859956256245,0.0052747709737666,-22.881891128949007,8.021041870117188,0.49941782553814607,44.94040679160364,0.0052747709737666,"(44.729, 45.261]"
1465642,39.44820491309197,79.73435191722241,1465642,321.08244760498013,-1.1518017542355343,321.08244760498013,-1.1518017542355343,212419.78-010906.4,0.7496392459684849,45.057408974054844,0.0064409738867468,44.34560174501365,0.0064409738867468,-23.18868592433287,4.071029186248779,0.7496392459684849,45.057408974054844,0.0064409738867468,"(44.729, 45.261]"
1426518,38.41017230872403,55.05281442499874,1426518,14.689559695991145,0.9443293274364462,14.689559695991145,0.9443293274364462,005845.49+005639.5,0.6819481909673087,44.95349878982167,0.0098168837222338,44.24169156078048,0.0098168837222338,-22.755861492955617,3.2900187969207764,0.6819481909673087,44.95349878982167,0.0098168837222338,"(44.729, 45.261]"
1440760,16.160824463399603,36.52804071214004,1440760,3.3801069038702,0.0528544333957796,3.3801069038702,0.0528544333957796,001331.22+000310.2,0.6233220189559107,44.78356975094309,0.0056270143529353,44.071762521901896,0.0056270143529353,-22.154836525608772,4.243210315704346,0.6233220189559107,44.78356975094309,0.0056270143529353,"(44.729, 45.261]"
1449558,208.7799878681524,580.5885883245684,1449558,351.48260759048173,-1.0271268285281472,351.48260759048173,-1.0271268285281472,232555.82-010137.6,0.8064354057425105,45.1338037881359,0.0057971243220897,44.42199655909471,0.0057971243220897,-22.41942494943489,4.471244812011719,0.8064354057425105,45.1338037881359,0.0057971243220897,"(44.729, 45.261]"
1417249,25.86934828590194,47.640808858988485,1417249,21.89909982254948,-1.1231550443090963,21.89909982254948,-1.1231550443090963,012735.78-010723.3,0.7484747668219585,44.96022896098937,0.0068780917868203,44.24842173194818,0.0068780917868203,-22.632572060452855,3.646918296813965,0.7484747668219585,44.96022896098937,0.0068780917868203,"(44.729, 45.261]"
1390938,61.04036015926985,103.16420557688224,1390938,40.68200674098932,0.4088691562713153,40.68200674098932,0.4088691562713153,024243.68+002431.9,0.8548808773288031,45.102463348811604,0.0080004633077876,44.39065611977041,0.0080004633077876,-23.530041451574643,3.3094680309295654,0.8548808773288031,45.102463348811604,0.0080004633077876,"(44.729, 45.261]"
1395729,175.3966878747668,389.9257527625825,1395729,37.34291403439363,-0.0595361478077412,37.34291403439363,-0.0595361478077412,022922.29-000334.3,0.5638208777431245,45.06943150323768,0.0045430314682128,44.35762427419649,0.0045430314682128,-23.05868650379409,8.938199043273926,0.5638208777431245,45.06943150323768,0.0045430314682128,"(44.729, 45.261]"
1435985,72.25467539545515,145.1756920574161,1435985,7.35335010774503,0.603132135775494,7.35335010774503,0.603132135775494,002924.80+003611.2,0.6480347303306384,44.92471906302268,0.0075197727544527,44.21291183398149,0.0075197727544527,-22.71908225160993,4.376977920532227,0.6480347303306384,44.92471906302268,0.0075197727544527,"(44.729, 45.261]"
1452320,31.268719250634216,66.33696983164741,1452320,346.27363557555987,-0.2720354739137902,346.27363557555987,-0.2720354739137902,230505.67-001619.3,0.6041397957220443,44.837001871868935,0.0064792597329912,44.12519464282774,0.0064792597329912,-22.081824920096604,3.9481585025787354,0.6041397957220443,44.837001871868935,0.0064792597329912,"(44.729, 45.261]"
1389862,90.50869741512238,156.31553379052073,1389862,41.39470507865309,0.7710357017155857,41.39470507865309,0.7710357017155857,024534.72+004615.7,0.572460045584635,45.2076838235326,0.0040390722247352,44.495876594491406,0.0040390722247352,-22.86396717432787,10.19499397277832,0.572460045584635,45.2076838235326,0.0040390722247352,"(44.729, 45.261]"
1408507,28.39946762165044,67.58638159595344,1408507,28.207300686323173,-0.6481966982821884,28.207300686323173,-0.6481966982821884,015249.75-003853.5,0.7521969956676693,45.12668059258989,0.0040315054519126,44.4148733635487,0.0040315054519126,-22.506204980988915,3.927072048187256,0.7521969956676693,45.12668059258989,0.0040315054519126,"(44.729, 45.261]"
1460890,137.09681882205788,249.1807716183454,1460890,329.820885,0.232384,329.820885,0.232384,215917.01+001356.5,0.49250290168736227,44.83264753233529,0.0175557399714989,44.120840303294095,0.0175557399714989,-22.56512065195074,3.63684344291687,0.49250290168736227,44.83264753233529,0.0175557399714989,"(44.729, 45.261]"
1406141,278.3945405990361,529.6284201084154,1406141,30.134366,-0.532168,30.134366,-0.532168,020032.24-003155.8,0.3803119039630975,44.91171114397632,0.008975275505783,44.19990391493513,0.008975275505783,-23.03534374753861,6.799241065979004,0.3803119039630975,44.91171114397632,0.008975275505783,"(44.729, 45.261]"
1440689,215.77327808237823,751.1027003735132,1440689,3.4438407805025406,0.5674863301528651,3.4438407805025406,0.5674863301528651,001346.52+003402.9,0.2741097522939787,44.85543039390397,0.0042578636856376,44.14362316486278,0.0042578636856376,-22.57290615946756,19.511014938354492,0.2741097522939787,44.85543039390397,0.0042578636856376,"(44.729, 45.261]"
1440679,13.092136465098804,24.33789938882532,1440679,3.450648572526916,-0.5948847456191507,3.450648572526916,-0.5948847456191507,001348.15-003541.5,0.7542335599099735,44.95501717576388,0.0103242688743776,44.243209946722686,0.0103242688743776,-22.419028679940165,3.5466246604919434,0.7542335599099735,44.95501717576388,0.0103242688743776,"(44.729, 45.261]"
1451374,141.18407469864937,238.14410669753136,1451374,348.0831604982409,-0.1245917674541882,348.0831604982409,-0.1245917674541882,231219.95-000728.5,0.5883265705867026,45.02078305778358,0.0118192825574645,44.30897582874239,0.0118192825574645,-22.74652252890162,7.079539775848389,0.5883265705867026,45.02078305778358,0.0118192825574645,"(44.729, 45.261]"
1445061,12.921242834657756,30.723120117876967,1445061,359.62515521963326,0.1951727429064309,359.62515521963326,0.1951727429064309,235830.03+001142.6,1.2289595035388643,45.16847120778951,0.0093129279827408,44.45666397874832,0.0093129279827408,-23.582564696792733,3.005268096923828,1.2289595035388643,45.16847120778951,0.0093129279827408,"(44.729, 45.261]"
1421062,15.022109130280493,66.71755979000517,1421062,19.023926868191424,-1.045196735062495,19.023926868191424,-1.045196735062495,011605.74-010242.7,0.9133400459651964,45.25760647996441,0.00721095109105,44.54579925092322,0.00721095109105,-23.090760883015964,3.3393542766571045,0.9133400459651964,45.25760647996441,0.00721095109105,"(44.729, 45.261]"
1452621,47.37225117663088,80.44918603487892,1452621,345.723196075718,-0.852023972504735,345.723196075718,-0.852023972504735,230253.56-005107.2,0.7190989362268141,44.97810230728137,0.0081262523176484,44.26629507824018,0.0081262523176484,-23.117768247945026,3.5391135215759277,0.7190989362268141,44.97810230728137,0.0081262523176484,"(44.729, 45.261]"
1393327,39.42544748823304,113.62112313371362,1393327,38.99952540570331,1.1106380238375122,38.99952540570331,1.1106380238375122,023559.88+010638.2,0.9800269742840839,45.114898008664625,0.0096163007342511,44.40309077962343,0.0096163007342511,-23.563725824649218,3.258384943008423,0.9800269742840839,45.114898008664625,0.0096163007342511,"(44.729, 45.261]"
1465089,205.0105587976336,505.7315162397549,1465089,322.0967329682082,0.0525984160874512,322.0967329682082,0.0525984160874512,212823.21+000309.3,0.4232730294769139,44.98645980489264,0.0065691532728955,44.27465257585145,0.0065691532728955,-23.123869452497136,9.235462188720703,0.4232730294769139,44.98645980489264,0.0065691532728955,"(44.729, 45.261]"
1390561,274.043254834463,341.563722850534,1390561,40.94631068003861,-0.8303853117193539,40.94631068003861,-0.8303853117193539,024347.11-004949.3,0.5650784784548823,45.19131478801896,0.0028794687146316,44.479507558977765,0.0028794687146316,-23.410663046583974,13.620626449584961,0.5650784784548823,45.19131478801896,0.0028794687146316,"(44.729, 45.261]"
1439435,23.915791067798125,106.50222281831152,1439435,4.4590972345491,0.0337055949589012,4.4590972345491,0.0337055949589012,001750.18+000201.3,0.9172027210437144,45.13932507575626,0.0105471432809309,44.42751784671507,0.0105471432809309,-22.647863554624973,3.1113781929016113,0.9172027210437144,45.13932507575626,0.0105471432809309,"(44.729, 45.261]"
1427238,74.87767683266678,262.94798359961965,1427238,14.07353961072222,0.2841992284487204,14.07353961072222,0.2841992284487204,005617.64+001703.1,0.7156892923313853,45.02639831981448,0.0035002382939772,44.31459109077329,0.0035002382939772,-23.40852459523531,4.777833938598633,0.7156892923313853,45.02639831981448,0.0035002382939772,"(44.729, 45.261]"
1448773,122.57872907217433,312.86934410724155,1448773,352.9637957728527,0.0087710514989514,352.9637957728527,0.0087710514989514,233151.31+000031.5,0.5807477229954241,44.795232779733766,0.0086238352794332,44.083425550692574,0.0086238352794332,-23.24363948233126,5.734440326690674,0.5807477229954241,44.795232779733766,0.0086238352794332,"(44.729, 45.261]"
1441822,22.240907619736028,164.42916246293655,1441822,2.4466834656084284,-0.3679450855829668,2.4466834656084284,-0.3679450855829668,000947.20-002204.6,0.5917360990556293,45.011691881741115,0.0040678879524946,44.29988465269992,0.0040678879524946,-22.62813419276449,7.3646697998046875,0.5917360990556293,45.011691881741115,0.0040678879524946,"(44.729, 45.261]"
1464904,222.1394395392199,911.8148303018644,1464904,322.4141852834783,-0.122158751396668,322.4141852834783,-0.122158751396668,212939.40-000719.7,0.553697485854487,45.201314004687354,0.0025761230943643,44.48950677564616,0.0025761230943643,-24.408803814783965,21.20673370361328,0.553697485854487,45.201314004687354,0.0025761230943643,"(44.729, 45.261]"
1431926,73.71776014857736,783.6633852382066,1431926,10.461063653956426,0.1244986778904345,10.461063653956426,0.1244986778904345,004150.65+000728.1,0.45588173467714604,44.92674672818227,0.0118055651733435,44.21493949914108,0.0118055651733435,-23.522411035419037,11.844433784484863,0.45588173467714604,44.92674672818227,0.0118055651733435,"(44.729, 45.261]"
1446091,19.341841390760933,45.83591676475264,1446091,357.9769600710638,0.4104964001409505,357.9769600710638,0.4104964001409505,235154.47+002437.7,0.9485288216238689,45.03530806183904,0.0128858586774924,44.32350083279785,0.0128858586774924,-22.751108190638288,3.9975428581237793,0.9485288216238689,45.03530806183904,0.0128858586774924,"(44.729, 45.261]"
1445137,55.04711195935357,114.29159091446957,1445137,359.5122015615835,-1.192601145360911,359.5122015615835,-1.192601145360911,235802.92-011133.3,0.9778046664121851,45.138237738534094,0.0093246743788384,44.4264305094929,0.0093246743788384,-23.533221989059015,3.4904074668884277,0.9778046664121851,45.138237738534094,0.0093246743788384,"(44.729, 45.261]"
1398765,233.0968926553551,516.7819376748239,1398765,35.30416719939683,1.1196107062110956,35.30416719939683,1.1196107062110956,022113.00+010710.5,0.8978957899866975,45.22671953193537,0.0055957538831776,44.51491230289418,0.0055957538831776,-23.785172112108445,4.788054943084717,0.8978957899866975,45.22671953193537,0.0055957538831776,"(44.729, 45.261]"
1391595,59.22624856980895,134.73548976042434,1391595,40.26231886018019,-1.1009790564774091,40.26231886018019,-1.1009790564774091,024102.95-010603.5,0.8288430971413331,45.2369617748791,0.010603764341436,44.52515454583791,0.010603764341436,-23.011567813385838,5.020639419555664,0.8288430971413331,45.2369617748791,0.010603764341436,"(44.729, 45.261]"
1431088,29.364644388079235,78.88699234290821,1431088,11.045315329204245,0.3311779161660473,11.045315329204245,0.3311779161660473,004410.87+001952.2,0.7774215741677964,44.922408359201754,0.0073458815694493,44.21060113016056,0.0073458815694493,-22.710437254552907,3.373607873916626,0.7774215741677964,44.922408359201754,0.0073458815694493,"(44.729, 45.261]"
1435195,23.69365235779686,61.512066973277406,1435195,7.976228335578753,-0.8984689063322934,7.976228335578753,-0.8984689063322934,003154.29-005354.4,0.8980262893257561,45.1064156947087,0.010321961045971,44.39460846566751,0.010321961045971,-23.467523723780207,3.126718044281006,0.8980262893257561,45.1064156947087,0.010321961045971,"(44.729, 45.261]"
1394284,137.4100063927371,356.22534717942943,1394284,38.307477979354616,-0.5321125116124931,38.307477979354616,-0.5321125116124931,023313.79-003155.6,0.8208104820603582,45.210499532789854,0.0146552844459293,44.49869230374866,0.0146552844459293,-22.667360093129634,3.7869927883148193,0.8208104820603582,45.210499532789854,0.0146552844459293,"(44.729, 45.261]"
1401611,21.80245318863418,118.96400512450889,1401611,33.37898734636258,1.1441990991523483,33.37898734636258,1.1441990991523483,021330.95+010839.1,0.9781732140139506,45.2350222728576,0.0079298425603688,44.52321504381641,0.0079298425603688,-23.68342895732274,4.222321510314941,0.9781732140139506,45.2350222728576,0.0079298425603688,"(44.729, 45.261]"
1460481,62.84577976958872,415.7009669526933,1460481,330.6194605029422,0.8172246791581502,330.6194605029422,0.8172246791581502,220228.67+004902.0,0.6670485547944895,44.97686164136784,0.0019691170028188,44.26505441232665,0.0019691170028188,-25.61617419456533,6.0878682136535645,0.6670485547944895,44.97686164136784,0.0019691170028188,"(44.729, 45.261]"
1417732,699.5089790484907,1570.696627336575,1417732,21.535060212674274,0.4320035063760872,21.535060212674274,0.4320035063760872,012608.41+002555.2,0.6093804155714836,45.169697957926864,0.0071567110792223,44.45789072888567,0.0071567110792223,-23.30877550363368,6.706509113311768,0.6093804155714836,45.169697957926864,0.0071567110792223,"(44.729, 45.261]"
1464739,63.6400966419278,133.67368499543204,1464739,322.6708575490595,-0.3499500968745376,322.6708575490595,-0.3499500968745376,213041.00-002059.8,0.5623276956287143,45.197267396757546,0.0030526757204079,44.485460167716354,0.0030526757204079,-22.742409417490602,8.049705505371094,0.5623276956287143,45.197267396757546,0.0030526757204079,"(44.729, 45.261]"
1448012,72.04241628866816,163.679282001532,1448012,354.325474054752,0.8030719744104312,354.325474054752,0.8030719744104312,233718.11+004811.0,0.7126638816392312,45.03498729636574,0.0069520571843249,44.32318006732455,0.0069520571843249,-22.809617168306303,3.500501871109009,0.7126638816392312,45.03498729636574,0.0069520571843249,"(44.729, 45.261]"
1391184,34.28754778968433,110.27874751470988,1391184,40.53670103245116,0.0343576472818854,40.53670103245116,0.0343576472818854,024208.80+000203.6,0.9772440613247695,45.25197232095443,0.0094156850878803,44.54016509191324,0.0094156850878803,-22.714821180374017,4.325684070587158,0.9772440613247695,45.25197232095443,0.0094156850878803,"(44.729, 45.261]"
1418324,30.652660327555623,168.69328957009125,1418324,21.06809841874681,0.6811880986684336,21.06809841874681,0.6811880986684336,012416.34+004052.2,0.5944592227700667,44.80054279442217,0.00822150733282,44.08873556538098,0.00822150733282,-22.834655646614124,5.9075493812561035,0.5944592227700667,44.80054279442217,0.00822150733282,"(44.729, 45.261]"
1448047,247.92593133015,412.7648582382669,1448047,354.2654438445785,0.6368776471200888,354.2654438445785,0.6368776471200888,233703.70+003812.7,0.486197613331802,44.84919335215336,0.0045612491714521,44.137386123112165,0.0045612491714521,-22.853980772347096,9.157997131347656,0.486197613331802,44.84919335215336,0.0045612491714521,"(44.729, 45.261]"
1393124,25.11234100728603,51.49476421408564,1393124,39.16403142104628,0.2457973146408395,39.16403142104628,0.2457973146408395,023639.36+001444.8,0.8872055228594733,45.2206417956092,0.0071982343897545,44.508834566568005,0.0071982343897545,-23.638676879023684,5.481775283813477,0.8872055228594733,45.2206417956092,0.0071982343897545,"(44.729, 45.261]"
1437865,118.21394779684138,401.7231305969679,1437865,5.794521676016814,0.7411819317380112,5.794521676016814,0.7411819317380112,002310.68+004428.2,0.6820092051344457,45.25037900318608,0.0050891837847579,44.53857177414489,0.0050891837847579,-23.59474532393051,6.292311668395996,0.6820092051344457,45.25037900318608,0.0050891837847579,"(44.729, 45.261]"
1459520,67.04272000960493,184.6256530721309,1459520,332.5057602524553,0.1769205311114998,332.5057602524553,0.1769205311114998,221001.38+001036.9,0.8751966946870364,45.101826434501,0.0105557303358203,44.39001920545981,0.0105557303358203,-21.89411373088967,3.255460739135742,0.8751966946870364,45.101826434501,0.0105557303358203,"(44.729, 45.261]"
1417216,46.93683257079338,104.01339464193568,1417216,21.92154437414075,0.2566256010639103,21.92154437414075,0.2566256010639103,012741.17+001523.8,0.656476299164571,44.81416735395975,0.0096578507196056,44.10236012491856,0.0096578507196056,-22.334786047315834,4.922033786773682,0.656476299164571,44.81416735395975,0.0096578507196056,"(44.729, 45.261]"
1418434,23.64242437565519,58.983613484995935,1418434,20.99167536976443,1.0428946420216485,20.99167536976443,1.0428946420216485,012358.00+010234.4,0.8937246674342517,45.173226075152634,0.0066134793411052,44.46141884611144,0.0066134793411052,-22.877604310345504,3.476116895675659,0.8937246674342517,45.173226075152634,0.0066134793411052,"(44.729, 45.261]"
1426479,82.50298842145106,184.0930853921864,1426479,14.73053558545811,0.0570812410787803,14.73053558545811,0.0570812410787803,005855.32+000325.4,0.787948781485091,45.08788071612655,0.0088688910717635,44.37607348708536,0.0088688910717635,-23.699483743440265,3.337069034576416,0.787948781485091,45.08788071612655,0.0088688910717635,"(44.729, 45.261]"
1464382,200.67198941646632,499.9107871420655,1464382,323.348843,1.135623,323.348843,1.135623,213323.72+010808.2,0.4373930338885253,45.23839485408336,0.0055041675447071,44.52658762504217,0.0055041675447071,-22.994065786915687,7.409328937530518,0.4373930338885253,45.23839485408336,0.0055041675447071,"(44.729, 45.261]"
1409956,187.380393110816,431.7881314846302,1409956,27.092921652511897,0.0041309410063234,27.092921652511897,0.0041309410063234,014822.30+000014.8,0.8599284484764425,45.22997111113468,0.0048575906961438,44.51816388209349,0.0048575906961438,-24.13856808407363,3.9634125232696533,0.8599284484764425,45.22997111113468,0.0048575906961438,"(44.729, 45.261]"
1455818,94.53270079866373,228.6227396077133,1455818,339.48672402555616,-1.2270680707333352,339.48672402555616,-1.2270680707333352,223756.81-011337.4,0.5415529095628708,45.01211591639211,0.0043582753840354,44.30030868735092,0.0043582753840354,-22.918410563158595,8.385143280029297,0.5415529095628708,45.01211591639211,0.0043582753840354,"(44.729, 45.261]"
1427698,128.59129876031918,202.7657440575969,1427698,13.74972446276621,-0.4341839014115639,13.74972446276621,-0.4341839014115639,005459.93-002603.0,0.6190825802218936,45.15377159860943,0.0077610677239867,44.44196436956824,0.0077610677239867,-23.368503723464734,7.050281047821045,0.6190825802218936,45.15377159860943,0.0077610677239867,"(44.729, 45.261]"
1416491,164.97545522716493,362.19808385673866,1416491,22.405307911149,-0.7693551700117753,22.405307911149,-0.7693551700117753,012937.27-004609.6,0.62469755748664,44.750509177951145,0.0058755198812434,44.03870194890995,0.0058755198812434,-23.14766343922289,6.603172779083252,0.62469755748664,44.750509177951145,0.0058755198812434,"(44.729, 45.261]"
1423606,16.049109341241845,46.87178027336699,1423606,16.954231118627934,-1.1228740878493388,16.954231118627934,-1.1228740878493388,010749.01-010722.3,0.9576242291714999,45.25343795618883,0.0094296664400239,44.54163072714764,0.0094296664400239,-23.706481015131867,3.521170139312744,0.9576242291714999,45.25343795618883,0.0094296664400239,"(44.729, 45.261]"
1422963,376.2371731480288,667.6717711492956,1422963,17.45868048931017,0.3924152239384989,17.45868048931017,0.3924152239384989,010950.08+002332.6,0.33190549793452684,44.90624715811783,0.003135981354525,44.19443992907664,0.003135981354525,-22.597163233169407,16.34007453918457,0.33190549793452684,44.90624715811783,0.003135981354525,"(44.729, 45.261]"
1413958,39.75050912532091,60.43816735538138,1413958,24.21094987056394,0.0973143044476501,24.21094987056394,0.0973143044476501,013650.62+000550.3,0.7620996552193687,45.04634972195378,0.0088732636339123,44.33454249291259,0.0088732636339123,-23.56155709752538,4.212428569793701,0.7620996552193687,45.04634972195378,0.0088732636339123,"(44.729, 45.261]"
1391155,16.070426836709792,42.52911907896716,1391155,40.55792223136882,-0.0273602045215585,40.55792223136882,-0.0273602045215585,024213.90-000138.4,0.6873555200576466,44.84814868752216,0.0063365661623464,44.13634145848097,0.0063365661623464,-22.718495830327353,3.4809606075286865,0.6873555200576466,44.84814868752216,0.0063365661623464,"(44.729, 45.261]"
1406458,20.31315083873724,61.79057020981372,1406458,29.86029822831741,0.1975326322622703,29.86029822831741,0.1975326322622703,015926.47+001151.1,0.6993858237472388,45.23749265863789,0.0058300577791001,44.5256854295967,0.0058300577791001,-23.253725253653744,5.712202548980713,0.6993858237472388,45.23749265863789,0.0058300577791001,"(44.729, 45.261]"
1411879,35.969607450478534,84.36547165288091,1411879,25.67574724283305,0.5078732180773963,25.67574724283305,0.5078732180773963,014242.17+003028.3,0.6484919536341917,44.74185615680781,0.0097159499588883,44.03004892776662,0.0097159499588883,-22.68928751896205,3.4598071575164795,0.6484919536341917,44.74185615680781,0.0097159499588883,"(44.729, 45.261]"
1401182,51.70000273685831,120.29670260116184,1401182,33.634677182617295,0.5309999095861329,33.634677182617295,0.5309999095861329,021432.32+003151.5,0.7894027165966718,44.93670270945433,0.0052660967371345,44.22489548041314,0.0052660967371345,-22.642484343865544,3.98976469039917,0.7894027165966718,44.93670270945433,0.0052660967371345,"(44.729, 45.261]"
1431979,27.98162503783114,43.15480150204993,1431979,10.424962191998477,1.043254243321532,10.424962191998477,1.043254243321532,004141.99+010235.7,0.8242126823675979,45.205316772710134,0.0052830523918707,44.49350954366894,0.0052830523918707,-23.403688607402916,5.5738420486450195,0.8242126823675979,45.205316772710134,0.0052830523918707,"(44.729, 45.261]"
1397487,24.67724766227464,55.42107352156335,1397487,36.15385344535241,-0.101021045459151,36.15385344535241,-0.101021045459151,022436.92-000603.6,0.775084118352783,45.11138903719605,0.0047750946651134,44.399581808154856,0.0047750946651134,-23.04466584100202,4.31311559677124,0.775084118352783,45.11138903719605,0.0047750946651134,"(44.729, 45.261]"
1431992,20.85706615819389,69.57398490864568,1431992,10.415553894391566,-0.6668427815491842,10.415553894391566,-0.6668427815491842,004139.73-004000.6,0.8375569008851675,45.20846157824319,0.0045465631307095,44.496654349202,0.0045465631307095,-23.809762136148656,5.071183681488037,0.8375569008851675,45.20846157824319,0.0045465631307095,"(44.729, 45.261]"
1430537,80.09145309083344,287.16795071304546,1430537,11.460340484421138,1.1229229708351238,11.460340484421138,1.1229229708351238,004550.48+010722.5,0.7525638249224151,44.925358656963155,0.0055598006915751,44.21355142792196,0.0055598006915751,-22.72787896789279,3.1616528034210205,0.7525638249224151,44.925358656963155,0.0055598006915751,"(44.729, 45.261]"
1451555,348.62506759093446,788.4916413275877,1451555,347.7659961323216,-0.1860357484139335,347.7659961323216,-0.1860357484139335,231103.83-001109.7,0.4811406166475834,44.96805453000824,0.0069148378599876,44.25624730096705,0.0069148378599876,-23.14790738792516,12.407470703125,0.4811406166475834,44.96805453000824,0.0069148378599876,"(44.729, 45.261]"
1393631,77.75777076617065,273.3508216788233,1393631,38.77208078667843,0.2907821522095067,38.77208078667843,0.2907821522095067,023505.29+001726.8,0.863467880327755,45.1268670386149,0.0080009575750708,44.415059809573705,0.0080009575750708,-22.73875649893431,3.344963788986206,0.863467880327755,45.1268670386149,0.0080009575750708,"(44.729, 45.261]"
1441420,30.76380548448808,113.42439147697644,1441420,2.815378,1.249787,2.815378,1.249787,001115.69+011459.2,0.5805249316786754,45.12155041333329,0.0059301845021764,44.4097431842921,0.0059301845021764,-23.392517235346673,4.644495964050293,0.5805249316786754,45.12155041333329,0.0059301845021764,"(44.729, 45.261]"
1405167,89.2991478848663,120.62160894332165,1405167,30.874382925841985,-0.5850824747080077,30.874382925841985,-0.5850824747080077,020329.85-003506.2,0.577686485383771,44.82844929033015,0.0069719194897039,44.11664206128896,0.0069719194897039,-22.51210130165893,4.309757232666016,0.577686485383771,44.82844929033015,0.0069719194897039,"(44.729, 45.261]"
1447395,133.94903711758906,83.4471040115311,1447395,355.4522707043122,1.2437047769262966,355.4522707043122,1.2437047769262966,234148.54+011437.3,0.6857400727142507,44.97612239415236,0.006465052767183,44.26431516511117,0.006465052767183,-22.797281866228847,4.056593894958496,0.6857400727142507,44.97612239415236,0.006465052767183,"(44.729, 45.261]"
1431200,24.548554657064457,121.0458825367233,1431200,10.95943608024271,0.964057122856678,10.95943608024271,0.964057122856678,004350.26+005750.6,0.7922992106147496,45.01034194459425,0.0137322362159473,44.29853471555306,0.0137322362159473,-22.483551451520025,3.770284414291382,0.7922992106147496,45.01034194459425,0.0137322362159473,"(44.729, 45.261]"
1430825,615.774868068847,782.2796559050576,1430825,11.244505141170066,0.7221874127398242,11.244505141170066,0.7221874127398242,004458.68+004319.8,0.35002856090370144,44.86423494372969,0.0047693953898004,44.1524277146885,0.0047693953898004,-23.317670456918115,12.875456809997559,0.35002856090370144,44.86423494372969,0.0047693953898004,"(44.729, 45.261]"
1451209,19.15119335000867,86.82622975309303,1451209,348.3679241393089,-0.1030290896402212,348.3679241393089,-0.1030290896402212,231328.30-000610.9,0.7537681930012599,45.032906006872665,0.0089590037524693,44.32109877783147,0.0089590037524693,-23.342735163084196,3.9403789043426514,0.7537681930012599,45.032906006872665,0.0089590037524693,"(44.729, 45.261]"
1391336,11.050274952666015,317.617445451566,1391336,40.43618500000002,0.56255322,40.43618500000002,0.56255322,024144.68+003345.1,0.8814076753074316,45.220255964489155,0.0055354035262169,44.50844873544796,0.0055354035262169,1.0,5.193315029144287,0.8814076753074316,45.220255964489155,0.0055354035262169,"(44.729, 45.261]"
1463776,51.17419312783516,132.6401026978548,1463776,324.375597083043,-0.7176520250227422,324.375597083043,-0.7176520250227422,213730.14-004303.5,0.6731373507963624,45.20793976606247,0.0067772345003227,44.49613253702128,0.0067772345003227,-23.219064780476295,7.395998477935791,0.6731373507963624,45.20793976606247,0.0067772345003227,"(44.729, 45.261]"
1398128,87.06743376240401,176.0084730917651,1398128,35.700572,0.377717,35.700572,0.377717,022248.13+002239.7,0.5831618673878549,45.11890562949488,0.00742620280554,44.40709840045369,0.00742620280554,-23.176219216304922,5.085109710693359,0.5831618673878549,45.11890562949488,0.00742620280554,"(44.729, 45.261]"
1409407,17.05839136813091,44.010567933307854,1409407,27.502042635369087,0.4384909148605654,27.502042635369087,0.4384909148605654,015000.49+002618.5,0.7292706161177388,44.97250041726265,0.005268854645088,44.26069318822146,0.005268854645088,-22.706457505857614,3.5405917167663574,0.7292706161177388,44.97250041726265,0.005268854645088,"(44.729, 45.261]"
1390757,79.92516753087494,195.41681049888652,1390757,40.80927357945933,0.8491933522848887,40.80927357945933,0.8491933522848887,024314.22+005057.0,0.8003039906069135,45.23833753460039,0.0059446815734425,44.5265303055592,0.0059446815734425,-23.442152848984872,6.900982856750488,0.8003039906069135,45.23833753460039,0.0059446815734425,"(44.729, 45.261]"
1413621,63.584677276790266,164.8510290354454,1413621,24.48240266003552,-0.0797554985952177,24.48240266003552,-0.0797554985952177,013755.77-000447.1,0.7693468664482166,45.00697329307029,0.0088049667909153,44.2951660640291,0.0088049667909153,-22.579901209530203,3.785809278488159,0.7693468664482166,45.00697329307029,0.0088049667909153,"(44.729, 45.261]"
1451204,17.698794691649578,45.40350581392504,1451204,348.3809769063282,0.5592760095319083,348.3809769063282,0.5592760095319083,231331.43+003333.3,0.4446073631827045,44.78607327332874,0.0083532481310832,44.07426604428755,0.0083532481310832,-22.129685470428672,8.102128982543945,0.4446073631827045,44.78607327332874,0.0083532481310832,"(44.729, 45.261]"
1409794,88.83328222405092,183.65393716907607,1409794,27.20845598004281,0.5037643938004516,27.20845598004281,0.5037643938004516,014850.02+003013.5,0.8803469957956075,44.9864885385366,0.0076431216421859,44.274681309495406,0.0076431216421859,-23.229947472376303,4.175321102142334,0.8803469957956075,44.9864885385366,0.0076431216421859,"(44.729, 45.261]"
1403636,192.3092972047298,346.7617832131349,1403636,31.92764664134444,1.2304737866273203,31.92764664134444,1.2304737866273203,020742.63+011349.7,0.5511363070317855,44.963242794370395,0.0028657447139934,44.2514355653292,0.0028657447139934,-22.8229984571649,9.01941204071045,0.5511363070317855,44.963242794370395,0.0028657447139934,"(44.729, 45.261]"
1460963,74.18901698556601,122.66798356589956,1460963,329.6920155771356,0.7526640039886396,329.6920155771356,0.7526640039886396,215846.08+004509.5,0.6837054419293115,45.02154054402521,0.0084957204258557,44.309733314984015,0.0084957204258557,-22.96813466542475,3.9575181007385254,0.6837054419293115,45.02154054402521,0.0084957204258557,"(44.729, 45.261]"
1445319,42.304667192128754,95.72451081794776,1445319,359.224482,-1.125435,359.224482,-1.125435,235653.87-010731.5,0.6016312684881646,45.029078346370234,0.014233075248704,44.31727111732904,0.014233075248704,-23.020492320043754,3.7187106609344482,0.6016312684881646,45.029078346370234,0.014233075248704,"(44.729, 45.261]"
1391813,31.321231415753264,93.25751393899542,1391813,40.11863439398896,-0.6812350116009138,40.11863439398896,-0.6812350116009138,024028.47-004052.4,0.7380275111336213,44.95772138417066,0.0061858093559798,44.24591415512947,0.0061858093559798,-22.813149953882746,3.799286365509033,0.7380275111336213,44.95772138417066,0.0061858093559798,"(44.729, 45.261]"
1396980,24.149618503983696,62.90634693581371,1396980,36.49614864948683,-0.591180904688142,36.49614864948683,-0.591180904688142,022559.07-003528.2,0.953794256316358,45.21634325869956,0.0079712863205934,44.50453602965837,0.0079712863205934,-23.354055650420616,4.114567756652832,0.953794256316358,45.21634325869956,0.0079712863205934,"(44.729, 45.261]"
1449174,62.86792540119328,144.33534542555395,1449174,352.1675573857383,-0.1423509802413988,352.1675573857383,-0.1423509802413988,232840.21-000832.4,0.9592942300082989,45.21072875877754,0.0100237469727311,44.49892152973635,0.0100237469727311,-22.73047857981332,3.414212703704834,0.9592942300082989,45.21072875877754,0.0100237469727311,"(44.729, 45.261]"
1448498,61.8981856397442,95.77431772411416,1448498,353.4882519522531,-0.8551280664596981,353.4882519522531,-0.8551280664596981,233357.18-005118.4,0.8667392117277865,45.23547699516702,0.0079514758677987,44.52366976612583,0.0079514758677987,-23.128389558529207,4.6934990882873535,0.8667392117277865,45.23547699516702,0.0079514758677987,"(44.729, 45.261]"
1449578,96.74447403911292,208.8101858769936,1449578,351.4479489766824,-0.2800441375057773,351.4479489766824,-0.2800441375057773,232547.50-001648.1,0.8462532812942283,45.169880771840035,0.0151766078335349,44.45807354279884,0.0151766078335349,-22.750067726888016,3.5648086071014404,0.8462532812942283,45.169880771840035,0.0151766078335349,"(44.729, 45.261]"
1439011,10.823934559187617,48.04061698583256,1439011,4.796854464417697,-0.2687832633775545,4.796854464417697,-0.2687832633775545,001911.24-001607.6,0.9096007804768489,45.16917413413912,0.0092443182182897,44.45736690509793,0.0092443182182897,-23.559212510676236,3.5380892753601074,0.9096007804768489,45.16917413413912,0.0092443182182897,"(44.729, 45.261]"
1398422,36.552720934344144,49.99176442917437,1398422,35.52334690583814,-0.4922148076407546,35.52334690583814,-0.4922148076407546,022205.60-002931.9,0.7908729013889235,45.022158240450175,0.0100184452766001,44.31035101140898,0.0100184452766001,-23.22458055121663,3.220107078552246,0.7908729013889235,45.022158240450175,0.0100184452766001,"(44.729, 45.261]"
1403894,117.4449155762197,232.55071396337547,1403894,31.758689138353414,0.3560279970875049,31.758689138353414,0.3560279970875049,020702.08+002121.7,0.8250341008061111,45.23730703016215,0.0059499928791062,44.52549980112096,0.0059499928791062,-23.2609552600661,4.294398307800293,0.8250341008061111,45.23730703016215,0.0059499928791062,"(44.729, 45.261]"
1388359,42.78826316253624,119.0357939215341,1388359,42.438353221075005,-0.7866414379530475,42.438353221075005,-0.7866414379530475,024945.20-004711.9,0.7907448281787892,45.22033230942242,0.0105335863161251,44.508525080381226,0.0105335863161251,-23.49886148562967,4.139977931976318,0.7907448281787892,45.22033230942242,0.0105335863161251,"(44.729, 45.261]"
1451363,381.0290077024992,715.2182935466649,1451363,348.0994938495474,0.3524993795790848,348.0994938495474,0.3524993795790848,231223.87+002108.9,0.5930392572277238,44.974619378332335,0.0094513061176044,44.26281214929114,0.0094513061176044,-23.398950694448317,4.467106819152832,0.5930392572277238,44.974619378332335,0.0094513061176044,"(44.729, 45.261]"
1421684,63.79095258350033,116.11617667773088,1421684,18.536874265276715,0.1275691763538792,18.536874265276715,0.1275691763538792,011408.84+000739.2,0.7497449280757574,45.168159674413275,0.004829518773235,44.45635244537208,0.004829518773235,-23.035932715366318,6.06252908706665,0.7497449280757574,45.168159674413275,0.004829518773235,"(44.729, 45.261]"
1452587,101.15606262019138,278.76177258789374,1452587,345.7904988158233,0.5365294610999207,345.7904988158233,0.5365294610999207,230309.71+003211.5,0.44470223632805345,44.88671024291827,0.0049522491235585,44.17490301387708,0.0049522491235585,-22.14307180225143,7.174456596374512,0.44470223632805345,44.88671024291827,0.0049522491235585,"(44.729, 45.261]"
1398249,164.64146524796064,442.60087205716064,1398249,35.624992,0.810419,35.624992,0.810419,022229.99+004837.5,0.6157957013593843,45.214876074905355,0.0067377112375766,44.50306884586416,0.0067377112375766,-23.502927791419197,5.386593341827393,0.6157957013593843,45.214876074905355,0.0067377112375766,"(44.729, 45.261]"
1445280,11.327855858171128,48.40415609887415,1445280,359.28290930033467,-0.2377089920530307,359.28290930033467,-0.2377089920530307,235707.89-001415.7,1.0425798660442165,45.14561517790321,0.0103183617622661,44.43380794886202,0.0103183617622661,-23.44239375334554,4.3020806312561035,1.0425798660442165,45.14561517790321,0.0103183617622661,"(44.729, 45.261]"
1457990,218.0096978692771,427.4716630521365,1457990,335.3906576710913,1.0220011749389677,335.3906576710913,1.0220011749389677,222133.75+010119.2,0.5347734222649003,44.975253838788085,0.0049742761435709,44.26344660974689,0.0049742761435709,-23.044874272243145,8.60986042022705,0.5347734222649003,44.975253838788085,0.0049742761435709,"(44.729, 45.261]"
1432321,62.119436829031216,127.55978314288583,1432321,10.183941156807094,1.0618434346331178,10.183941156807094,1.0618434346331178,004044.14+010342.6,0.8943277926771198,45.09974036137768,0.0130501966851994,44.387933132336485,0.0130501966851994,-23.639916647822226,3.713855743408203,0.8943277926771198,45.09974036137768,0.0130501966851994,"(44.729, 45.261]"
1464396,11.331876880986073,25.68865924402114,1464396,323.3247508818241,-0.6009342869519461,323.3247508818241,-0.6009342869519461,213317.94-003603.3,0.49694976224472015,44.927625138962085,0.0017457281970436,44.215817909920894,0.0017457281970436,-22.524183918936643,6.411452770233154,0.49694976224472015,44.927625138962085,0.0017457281970436,"(44.729, 45.261]"
1402415,31.60206378960178,66.65415080887007,1402415,32.81575026416806,0.7149007071083322,32.81575026416806,0.7149007071083322,021115.78+004253.6,0.8803571417793735,44.969340312969,0.009600399979913,44.25753308392781,0.009600399979913,-22.862333437506138,3.2101330757141113,0.8803571417793735,44.969340312969,0.009600399979913,"(44.729, 45.261]"
1466266,24.77088298889629,34.1131982619536,1466266,319.96518842783644,-0.8350154892955006,319.96518842783644,-0.8350154892955006,211951.64-005006.0,0.8020033707898995,45.09015199336117,0.0047289892055353,44.378344764319976,0.0047289892055353,-23.351315406585012,3.7879366874694824,0.8020033707898995,45.09015199336117,0.0047289892055353,"(44.729, 45.261]"
1397905,581.1054963994982,1588.5325917639227,1397905,35.854211951268354,-0.6035182003689089,35.854211951268354,-0.6035182003689089,022325.01-003612.6,0.4784067479877243,45.14946323464104,0.0041919793715088,44.43765600559985,0.0041919793715088,-23.65895359642802,12.15196704864502,0.4784067479877243,45.14946323464104,0.0041919793715088,"(44.729, 45.261]"
1459457,41.734111441339046,89.90235986580359,1459457,332.6231989912596,0.2900335730593752,332.6231989912596,0.2900335730593752,221029.56+001724.1,0.9924877325224286,45.24868399506538,0.012422561774958,44.536876766024186,0.012422561774958,-23.069394983963615,3.4005990028381348,0.9924877325224286,45.24868399506538,0.012422561774958,"(44.729, 45.261]"
1425042,84.73569372079938,123.31382121180069,1425042,15.87121334697828,-0.4694619302848133,15.87121334697828,-0.4694619302848133,010329.09-002810.0,0.7706068687099675,45.17001967711593,0.0076662341947866,44.45821244807474,0.0076662341947866,-22.312069603907258,3.976543426513672,0.7706068687099675,45.17001967711593,0.0076662341947866,"(44.729, 45.261]"
1445195,66.41255739673426,185.2720993767867,1445195,359.4017725570146,-0.4469518173326506,359.4017725570146,-0.4469518173326506,235736.42-002649.0,0.6513554166120512,45.1090020828678,0.0035579161952092,44.39719485382661,0.0035579161952092,-22.66354099361769,10.764348030090332,0.6513554166120512,45.1090020828678,0.0035579161952092,"(44.729, 45.261]"
1392860,105.85084878074473,274.8185291663149,1392860,39.361632255199765,0.8248864102323209,39.361632255199765,0.8248864102323209,023726.79+004929.5,0.881656862657693,45.234955891197835,0.0067528319522125,44.52314866215664,0.0067528319522125,-23.71148051480862,5.7891154289245605,0.881656862657693,45.234955891197835,0.0067528319522125,"(44.729, 45.261]"
1416294,283.0553849604234,581.0195692658133,1416294,22.562926887911157,0.432553347705808,22.562926887911157,0.432553347705808,013015.10+002557.1,0.33674052252523934,45.0492812920559,0.0040556024160736,44.33747406301471,0.0040556024160736,-22.619405439144643,17.61203956604004,0.33674052252523934,45.0492812920559,0.0040556024160736,"(44.729, 45.261]"
1416613,99.75680041021364,547.7182249343966,1416613,22.311495,-0.541418,22.311495,-0.541418,012914.75-003229.1,0.6882620705028085,45.23662511182124,0.0066222098470305,44.52481788278005,0.0066222098470305,-23.715066786017633,4.150335311889648,0.6882620705028085,45.23662511182124,0.0066222098470305,"(44.729, 45.261]"
1401167,182.24359319217209,543.2071053404038,1401167,33.64494651870417,-0.7118346248261038,33.64494651870417,-0.7118346248261038,021434.78-004242.6,0.436673003564694,45.18103328909296,0.002371989828017,44.46922606005177,0.002371989828017,-22.9294517455828,15.487671852111816,0.436673003564694,45.18103328909296,0.002371989828017,"(44.729, 45.261]"
1449763,33.933173281393046,176.963387119135,1449763,351.100731,0.169948,351.100731,0.169948,232424.17+001011.8,0.5864021935125454,45.10648989211536,0.0085027703878992,44.39468266307417,0.0085027703878992,-22.94864808071425,4.359986305236816,0.5864021935125454,45.10648989211536,0.0085027703878992,"(44.729, 45.261]"
1411377,69.5123271854939,153.94312971131785,1411377,26.038527517772884,0.0687677075005854,26.038527517772884,0.0687677075005854,014409.24+000407.5,0.8455985234489711,45.11809856240582,0.0062296792961156,44.40629133336463,0.0062296792961156,-23.328896615577232,5.502396106719971,0.8455985234489711,45.11809856240582,0.0062296792961156,"(44.729, 45.261]"
1420575,18.566664341266424,68.44368448606697,1420575,19.403627462058964,0.3345403995683117,19.403627462058964,0.3345403995683117,011736.87+002004.3,0.9567427821057306,45.03414667849958,0.0066503005174887,44.32233944945839,0.0066503005174887,-23.138662781757045,3.9065399169921875,0.9567427821057306,45.03414667849958,0.0066503005174887,"(44.729, 45.261]"
1434469,54.87346862812203,151.03388535418935,1434469,8.563035465450582,-0.1300229666657127,8.563035465450582,-0.1300229666657127,003415.12-000748.0,0.697181544676532,45.08792158936729,0.0044510502868391,44.3761143603261,0.0044510502868391,-23.20036324468626,6.017364501953125,0.697181544676532,45.08792158936729,0.0044510502868391,"(44.729, 45.261]"
1413427,17.05952488955182,50.454720062335696,1413427,24.62317327221473,-0.1535257599181246,24.62317327221473,-0.1535257599181246,013829.56-000912.6,1.110448174188983,45.24913905629568,0.00811876000785,44.53733182725449,0.00811876000785,-23.35438747315491,3.830463171005249,1.110448174188983,45.24913905629568,0.00811876000785,"(44.729, 45.261]"
1449856,89.5898397596793,221.7884523804988,1449856,350.898969,-0.516035,350.898969,-0.516035,232335.75-003057.7,0.5657093032653594,45.24374589141199,0.0075204876621981,44.5319386623708,0.0075204876621981,-23.151763869505217,5.765739917755127,0.5657093032653594,45.24374589141199,0.0075204876621981,"(44.729, 45.261]"
1406846,69.26680219930581,338.2495360342056,1406846,29.534081,0.138336,29.534081,0.138336,015808.17+000818.0,0.5870461991201211,44.8783535441393,0.0109128211218383,44.16654631509811,0.0109128211218383,-22.797235459097294,3.0723745822906494,0.5870461991201211,44.8783535441393,0.0109128211218383,"(44.729, 45.261]"
1432415,176.52052689759407,308.5912991071104,1432415,10.108889312060796,0.4083345913226986,10.108889312060796,0.4083345913226986,004026.13+002430.0,0.7180807844316631,44.87311189542056,0.0060479337569994,44.161304666379365,0.0060479337569994,-22.888559470728136,4.148500442504883,0.7180807844316631,44.87311189542056,0.0060479337569994,"(44.729, 45.261]"
1389337,38.52534233694104,85.93798391433442,1389337,41.72402604267364,0.9830758003794592,41.72402604267364,0.9830758003794592,024653.76+005859.0,0.811893732768816,45.20791262363235,0.0053048139810876,44.49610539459116,0.0053048139810876,-23.24364738676781,4.934407711029053,0.811893732768816,45.20791262363235,0.0053048139810876,"(44.729, 45.261]"
1397897,11.315033290605156,30.307650578131383,1397897,35.856969812705984,0.0681211646777967,35.856969812705984,0.0681211646777967,022325.67+000405.2,0.7737590621821262,45.107556169179844,0.0088919073812014,44.39574894013865,0.0088919073812014,-23.322725776418064,4.2879958152771,0.7737590621821262,45.107556169179844,0.0088919073812014,"(44.729, 45.261]"
1445800,12.48788693643374,59.64442398279392,1445800,358.4485785870469,-1.203094168399644,358.4485785870469,-1.203094168399644,235347.65-011211.1,0.7282937882790796,45.079629350783485,0.0061317449533255,44.36782212174229,0.0061317449533255,-22.651123633318583,3.842285394668579,0.7282937882790796,45.079629350783485,0.0061317449533255,"(44.729, 45.261]"
1452650,108.66117603169596,217.67442787493903,1452650,345.66105837096643,0.8885115701242727,345.66105837096643,0.8885115701242727,230238.65+005318.6,0.34392326247073435,44.86751374786861,0.0035821591685731,44.155706518827415,0.0035821591685731,-22.756668091080705,13.391674995422363,0.34392326247073435,44.86751374786861,0.0035821591685731,"(44.729, 45.261]"
1396916,75.89571975770215,292.45359517127866,1396916,36.534515,-0.392376,36.534515,-0.392376,022608.28-002332.5,0.9362480573798537,45.131935746229125,0.0101295739091398,44.42012851718793,0.0101295739091398,1.0,3.602356195449829,0.9362480573798537,45.131935746229125,0.0101295739091398,"(44.729, 45.261]"
1435473,11.940538594815054,13.908802830564063,1435473,7.748721944582684,0.6722042091579653,7.748721944582684,0.6722042091579653,003059.69+004019.9,0.6715033126553581,44.82802670424745,0.0098465079410772,44.11621947520626,0.0098465079410772,-22.453192912693233,3.9929847717285156,0.6715033126553581,44.82802670424745,0.0098465079410772,"(44.729, 45.261]"
1392713,20.60155557502373,52.47706422677651,1392713,39.477823848516366,0.4458770739928678,39.477823848516366,0.4458770739928678,023754.67+002645.1,0.7308254623324015,44.87400909874509,0.0079239014667464,44.1622018697039,0.0079239014667464,-22.591183273207108,3.4613349437713623,0.7308254623324015,44.87400909874509,0.0079239014667464,"(44.729, 45.261]"
1448432,79.58030446609098,314.051539023216,1448432,353.6056019301335,-0.9004755508386254,353.6056019301335,-0.9004755508386254,233425.34-005401.7,0.6782439344920962,45.230244817156645,0.0055744234674328,44.518437588115454,0.0055744234674328,-23.650360160318215,7.6017889976501465,0.6782439344920962,45.230244817156645,0.0055744234674328,"(44.729, 45.261]"
1393299,37.439950243566,144.84621674371277,1393299,39.01655649951011,-0.3978656216367425,39.01655649951011,-0.3978656216367425,023603.97-002352.3,0.7163967463617632,45.10367771526828,0.0088807335295122,44.39187048622709,0.0088807335295122,-23.25049838853833,4.615994453430176,0.7163967463617632,45.10367771526828,0.0088807335295122,"(44.729, 45.261]"
1444080,33.092860740850206,75.58660346633324,1444080,0.6006904369526751,0.2945182287074393,0.6006904369526751,0.2945182287074393,000224.16+001740.2,0.8994381968913141,45.02931546313057,0.0078716942426915,44.31750823408938,0.0078716942426915,-22.776475180904217,3.8562698364257812,0.8994381968913141,45.02931546313057,0.0078716942426915,"(44.729, 45.261]"
1391046,39.153084261924505,115.94729268225976,1391046,40.61546599169681,0.7699996533134155,40.61546599169681,0.7699996533134155,024227.71+004611.9,0.7145151136106136,44.864167989878304,0.0064643036628559,44.15236076083711,0.0064643036628559,-22.635494210500646,3.8227601051330566,0.7145151136106136,44.864167989878304,0.0064643036628559,"(44.729, 45.261]"
1447594,456.5200847974804,1124.5971780512702,1447594,355.0826148820317,-0.9856465465794386,355.0826148820317,-0.9856465465794386,234019.82-005908.3,0.3129452324096178,44.897850181552194,0.0039152606009871,44.186042952511,0.0039152606009871,-23.039955061445816,13.38936996459961,0.3129452324096178,44.897850181552194,0.0039152606009871,"(44.729, 45.261]"
1437782,146.0501246389401,165.47822639194766,1437782,5.865329,0.165801,5.865329,0.165801,002327.67+000956.8,0.5342450749368187,44.841537288632985,0.0117709198879047,44.12973005959179,0.0117709198879047,-22.524410659725643,3.0944008827209473,0.5342450749368187,44.841537288632985,0.0117709198879047,"(44.729, 45.261]"
1453250,63.4908114116635,250.4267776931008,1453250,344.5646310904608,0.5937617193146938,344.5646310904608,0.5937617193146938,225815.51+003537.5,0.7696312827846252,45.09036142842796,0.0093750937626531,44.37855419938677,0.0093750937626531,-22.940957770104912,3.7855215072631836,0.7696312827846252,45.09036142842796,0.0093750937626531,"(44.729, 45.261]"
1402325,24.9555989595419,51.76294734769855,1402325,32.88084764953239,0.6254883032815705,32.88084764953239,0.6254883032815705,021131.40+003731.7,0.7757539269374124,44.77122016742082,0.0098386164819181,44.05941293837963,0.0098386164819181,-22.14798694169859,3.0945968627929688,0.7757539269374124,44.77122016742082,0.0098386164819181,"(44.729, 45.261]"
1447274,34.807428720234206,157.62059526389518,1447274,355.7182209180563,-0.6542526317127644,355.7182209180563,-0.6542526317127644,234252.37-003915.3,0.4050953845509381,45.13332103038263,0.0032218450994108,44.42151380134144,0.0032218450994108,-23.291328558533753,20.80158042907715,0.4050953845509381,45.13332103038263,0.0032218450994108,"(44.729, 45.261]"
1410130,779.5412733313641,1619.8271592915496,1410130,26.9663868688438,-0.2972720332630033,26.9663868688438,-0.2972720332630033,014751.93-001750.1,0.794204053374955,45.043407815519416,0.0075363449367067,44.331600586478224,0.0075363449367067,-23.26358456777017,4.292998790740967,0.794204053374955,45.043407815519416,0.0075363449367067,"(44.729, 45.261]"
1412294,656.7646517479382,935.9823388302324,1412294,25.40100320947833,0.4190394076887428,25.40100320947833,0.4190394076887428,014136.24+002508.5,0.4921401638023152,45.10933164461543,0.0029721280645134,44.39752441557424,0.0029721280645134,-22.85177211545651,14.05067253112793,0.4921401638023152,45.10933164461543,0.0029721280645134,"(44.729, 45.261]"
1438573,47.80117268790414,103.33725808000013,1438573,5.173878912073178,-1.0365688059454952,5.173878912073178,-1.0365688059454952,002041.73-010211.6,0.8481336558001674,45.04122591282792,0.0111474748847157,44.32941868378673,0.0111474748847157,-23.03320616638516,3.6636223793029785,0.8481336558001674,45.04122591282792,0.0111474748847157,"(44.729, 45.261]"
1464925,43.47747517617759,155.50869239309694,1464925,322.3614980569836,0.9637824945794972,322.3614980569836,0.9637824945794972,212926.75+005749.6,0.7783644529530492,45.061326274682834,0.0078301645271459,44.34951904564164,0.0078301645271459,-23.082483945641044,3.2468206882476807,0.7783644529530492,45.061326274682834,0.0078301645271459,"(44.729, 45.261]"
1401051,28.74505744536925,120.35584203457282,1401051,33.732019,0.692112,33.732019,0.692112,021455.68+004131.6,0.593764204497014,45.01752873497695,0.0075053495574124,44.30572150593576,0.0075053495574124,-23.135004304901003,5.059932708740234,0.593764204497014,45.01752873497695,0.0075053495574124,"(44.729, 45.261]"
1437048,26.16692138040882,79.92772475994707,1437048,6.480171002996194,0.0521205258816613,6.480171002996194,0.0521205258816613,002555.24+000307.6,0.9197035007099186,45.22803906064752,0.0110316429569579,44.516231831606326,0.0110316429569579,-23.087566697993783,3.8857085704803467,0.9197035007099186,45.22803906064752,0.0110316429569579,"(44.729, 45.261]"
1446154,94.11479957968308,190.30587971415503,1446154,357.895709,-1.192802,357.895709,-1.192802,235134.97-011134.0,0.5213485617013732,44.954091789617955,0.0091572440041822,44.24228456057676,0.0091572440041822,-23.05736487236222,4.103468418121338,0.5213485617013732,44.954091789617955,0.0091572440041822,"(44.729, 45.261]"
1404468,151.24161559253596,321.3442578426225,1404468,31.349523,-0.277685,31.349523,-0.277685,020523.88-001639.6,0.6457519957474062,45.253936639264666,0.0084709671473639,44.542129410223474,0.0084709671473639,-23.05948790297671,4.631587982177734,0.6457519957474062,45.253936639264666,0.0084709671473639,"(44.729, 45.261]"
1391215,372.7262823395866,851.6625679276707,1391215,40.51987634341913,0.1373783633973531,40.51987634341913,0.1373783633973531,024204.77+000814.5,0.382591474040555,45.14725572574366,0.0016550719920616,44.43544849670247,0.0016550719920616,-23.179429411805465,21.179134368896484,0.382591474040555,45.14725572574366,0.0016550719920616,"(44.729, 45.261]"
1436805,61.86367587852828,96.42327172552328,1436805,6.6697329996045145,-0.190327919634005,6.6697329996045145,-0.190327919634005,002640.73-001125.1,0.7273057856916174,45.18477174955637,0.0098871448472408,44.47296452051518,0.0098871448472408,-23.105648267983625,6.967141151428223,0.7273057856916174,45.18477174955637,0.0098871448472408,"(44.729, 45.261]"
1450831,101.10295229912232,123.70835093357276,1450831,349.1105196621892,-0.0716201037689983,349.1105196621892,-0.0716201037689983,231626.52-000417.8,0.478646334779417,44.73762876572237,0.0094488789593221,44.02582153668118,0.0094488789593221,-21.79988191020187,7.016217231750488,0.478646334779417,44.73762876572237,0.0094488789593221,"(44.729, 45.261]"
1400269,130.04289218364968,284.0102474610151,1400269,34.286406,0.305225,34.286406,0.305225,021708.73+001818.8,0.6880020475447484,45.22692547711479,0.0042735271564993,44.5151182480736,0.0042735271564993,-23.602218796317484,5.157219886779785,0.6880020475447484,45.22692547711479,0.0042735271564993,"(44.729, 45.261]"
1424035,75.69966419933446,145.78256896071272,1424035,16.634161031502245,0.3394326634722969,16.634161031502245,0.3394326634722969,010632.19+002021.9,0.8944761470285327,45.07957276859579,0.0069198925628732,44.3677655395546,0.0069198925628732,-22.561224217632557,4.5958991050720215,0.8944761470285327,45.07957276859579,0.0069198925628732,"(44.729, 45.261]"
1455586,37.53253751327527,178.89493456481614,1455586,339.973574425714,-0.6867262765134428,339.973574425714,-0.6867262765134428,223953.65-004112.2,0.6200360545227966,45.146916125101,0.0025306324733662,44.43510889605981,0.0025306324733662,-23.454754715583213,10.040386199951172,0.6200360545227966,45.146916125101,0.0025306324733662,"(44.729, 45.261]"
1436889,70.44600621357844,188.2171650125233,1436889,6.608173010186716,0.1713200354904238,6.608173010186716,0.1713200354904238,002625.96+001016.7,0.3971006885695547,44.86850888068919,0.0040320725252023,44.156701651648,0.0040320725252023,-22.448775788400223,7.638059139251709,0.3971006885695547,44.86850888068919,0.0040320725252023,"(44.729, 45.261]"
1427813,43.46873806510412,101.04825550930272,1427813,13.65188054931086,0.8815929704284612,13.65188054931086,0.8815929704284612,005436.45+005253.7,0.7313929555043275,45.11434229079563,0.009033832229786,44.40253506175444,0.009033832229786,-22.760392899042188,4.827149391174316,0.7313929555043275,45.11434229079563,0.009033832229786,"(44.729, 45.261]"
1451643,108.43044356757932,213.4270843869674,1451643,347.6058288895735,-0.5835550026147812,347.6058288895735,-0.5835550026147812,231025.39-003500.7,0.4655712277403684,44.748854085824114,0.0081529862007236,44.03704685678292,0.0081529862007236,-21.558939023224315,5.702229976654053,0.4655712277403684,44.748854085824114,0.0081529862007236,"(44.729, 45.261]"
1434527,1138.485831940248,2340.631538198314,1434527,8.525637,0.248231,8.525637,0.248231,003406.15+001453.6,0.6315726621983924,45.14894415929694,0.0063577661353591,44.43713693025575,0.0063577661353591,-23.40152607801212,4.145255088806152,0.6315726621983924,45.14894415929694,0.0063577661353591,"(44.729, 45.261]"
1466279,93.7027062421098,130.98974050012444,1466279,319.93741633676314,-0.577113357634471,319.93741633676314,-0.577113357634471,211944.97-003437.6,0.5539481357119891,44.79228946166449,0.0085574883013102,44.0804822326233,0.0085574883013102,-22.677150566913866,6.840824604034424,0.5539481357119891,44.79228946166449,0.0085574883013102,"(44.729, 45.261]"
1452502,59.08801834220424,123.38689026244724,1452502,345.95967120371535,-0.8935215892867461,345.95967120371535,-0.8935215892867461,230350.32-005336.6,0.8569721467984217,45.018601496997306,0.0098387323922146,44.306794267956114,0.0098387323922146,-24.027355658068448,4.3408002853393555,0.8569721467984217,45.018601496997306,0.0098387323922146,"(44.729, 45.261]"
1446560,59.62043936037461,154.08334695407325,1446560,357.18005072099527,-0.9412904318694298,357.18005072099527,-0.9412904318694298,234843.21-005628.6,0.6186113322137303,44.996849430996335,0.0053329357109426,44.28504220195514,0.0053329357109426,-22.82519215207916,5.875122547149658,0.6186113322137303,44.996849430996335,0.0053329357109426,"(44.729, 45.261]"
1407272,253.4641532493968,601.5455795952907,1407272,29.193544,-0.266296,29.193544,-0.266296,015646.45-001558.6,0.39036783668580993,45.175655755484854,0.0065557177658739,44.46384852644366,0.0065557177658739,-22.916126058735546,10.22068977355957,0.39036783668580993,45.175655755484854,0.0065557177658739,"(44.729, 45.261]"
1427351,16.37293888369347,141.1079267985739,1427351,14.007661188510658,-0.2930355011792113,14.007661188510658,-0.2930355011792113,005601.83-001734.9,0.8087782531066771,45.19628839580066,0.0087325762774526,44.484481166759466,0.0087325762774526,-23.230985957697555,3.8012068271636963,0.8087782531066771,45.19628839580066,0.0087325762774526,"(44.729, 45.261]"
1465039,366.5936279973283,1415.1806522968843,1465039,322.1908552617145,-1.1117900178052862,322.1908552617145,-1.1117900178052862,212845.80-010642.4,0.4723788651742718,45.01842110467829,0.0016560124928908,44.3066138756371,0.0016560124928908,-23.549301169089194,19.632184982299805,0.4723788651742718,45.01842110467829,0.0016560124928908,"(44.729, 45.261]"
1417821,324.7414819629211,718.887069429343,1417821,21.46519344698794,0.3391386257487695,21.46519344698794,0.3391386257487695,012551.64+002020.8,0.5188754529047537,44.76531483731962,0.0047687223898869,44.05350760827843,0.0047687223898869,-21.749721512510085,3.962292194366455,0.5188754529047537,44.76531483731962,0.0047687223898869,"(44.729, 45.261]"
1407241,64.72074752655986,121.95549110579452,1407241,29.22159545731506,0.735767004522,29.22159545731506,0.735767004522,015653.18+004408.7,0.7308922031312289,44.94141963261316,0.0090192116934204,44.22961240357197,0.0090192116934204,-22.78560308795015,3.0977730751037598,0.7308922031312289,44.94141963261316,0.0090192116934204,"(44.729, 45.261]"
1419677,59.30212665550267,149.04543987832736,1419677,20.03634880833627,-0.0206775731287738,20.03634880833627,-0.0206775731287738,012008.72-000114.4,0.9548346073640389,45.15066710859195,0.0056749129628279,44.43885987955076,0.0056749129628279,-22.792156153924818,5.286922454833984,0.9548346073640389,45.15066710859195,0.0056749129628279,"(44.729, 45.261]"
1449572,54.75482941927786,133.26761923854932,1449572,351.4574681428762,-1.1161746590039243,351.4574681428762,-1.1161746590039243,232549.79-010658.2,0.8826823464885322,45.25138262383748,0.0096416978238771,44.53957539479629,0.0096416978238771,-22.753798826092257,3.665663003921509,0.8826823464885322,45.25138262383748,0.0096416978238771,"(44.729, 45.261]"
1405383,178.8892523643534,611.8754063057739,1405383,30.712545,-0.154755,30.712545,-0.154755,020251.01-000917.1,0.37790260527240427,45.05025430571846,0.0055190616065488,44.33844707667727,0.0055190616065488,-22.69479086042339,8.272791862487793,0.37790260527240427,45.05025430571846,0.0055190616065488,"(44.729, 45.261]"
1457320,163.04369709109258,422.3335819983092,1457320,336.6519190369961,0.519050848647877,336.6519190369961,0.519050848647877,222636.46+003108.5,0.8683879128301356,45.15011865452723,0.0069587316853159,44.43831142548604,0.0069587316853159,-23.77288868092907,4.141643524169922,0.8683879128301356,45.15011865452723,0.0069587316853159,"(44.729, 45.261]"
1424476,13.888539423298718,39.13623917761056,1424476,16.305887068359965,-0.4403169638361843,16.305887068359965,-0.4403169638361843,010513.41-002625.1,0.8623917057873759,44.94667441867541,0.0062470621141628,44.234867189634215,0.0062470621141628,-22.49231363204549,4.09544038772583,0.8623917057873759,44.94667441867541,0.0062470621141628,"(44.729, 45.261]"
1392426,11.656415248091012,60.527688744561374,1392426,39.6909571168024,-0.7158933863514891,39.6909571168024,-0.7158933863514891,023845.82-004257.2,0.6913189266662552,44.93376217253518,0.0079058689821813,44.22195494349399,0.0079058689821813,-22.56912539773821,3.0948092937469482,0.6913189266662552,44.93376217253518,0.0079058689821813,"(44.729, 45.261]"
1433564,150.5065760133715,443.9810940043651,1433564,9.23221556742294,-0.4228886087333373,9.23221556742294,-0.4228886087333373,003655.73-002522.3,0.9784514343447053,45.1415263708461,0.0098716467739095,44.42971914180491,0.0098716467739095,-23.676382388686612,3.14247989654541,0.9784514343447053,45.1415263708461,0.0098716467739095,"(44.729, 45.261]"
1418178,63.92800007824077,44.22452673293488,1418178,21.18744817576317,-0.1190135057466667,21.18744817576317,-0.1190135057466667,012444.98-000708.4,0.8287540051990473,44.77332849534882,0.0141426142356948,44.06152126630763,0.0141426142356948,-23.203025655739424,3.190725564956665,0.8287540051990473,44.77332849534882,0.0141426142356948,"(44.729, 45.261]"
1408057,51.94207739475087,118.29543406444492,1408057,28.56096317086315,0.070447524362496,28.56096317086315,0.070447524362496,015414.63+000413.6,0.7899943418731488,44.963031466880224,0.0104609409575679,44.25122423783903,0.0104609409575679,-23.062935804083036,3.602527618408203,0.7899943418731488,44.963031466880224,0.0104609409575679,"(44.729, 45.261]"
1422394,300.8272407241532,715.5124019866338,1422394,17.952591552210905,-0.4642920153392726,17.952591552210905,-0.4642920153392726,011148.62-002751.4,0.6991854010454657,45.1524024392258,0.0038747032820189,44.44059521018461,0.0038747032820189,-19.1309497824839,7.143342018127441,0.6991854010454657,45.1524024392258,0.0038747032820189,"(44.729, 45.261]"
1420614,203.5063306067554,356.8964521068904,1420614,19.375412177176887,0.5762695008493312,19.375412177176887,0.5762695008493312,011730.09+003434.5,0.5740460149343738,45.02171571178399,0.0039037868250453,44.3099084827428,0.0039037868250453,-22.32920466710359,7.878505706787109,0.5740460149343738,45.02171571178399,0.0039037868250453,"(44.729, 45.261]"
1389251,281.95584611396754,1064.402832694076,1389251,41.7777318566105,0.3883715188736648,41.7777318566105,0.3883715188736648,024706.65+002318.1,0.3639592810377438,45.029557438548764,0.0038700738558965,44.31775020950757,0.0038700738558965,-23.570402269106413,26.974746704101562,0.3639592810377438,45.029557438548764,0.0038700738558965,"(44.729, 45.261]"
1451254,57.85514138921,261.6145892654761,1451254,348.2904814263832,0.4427101401811577,348.2904814263832,0.4427101401811577,231309.71+002633.7,0.28564522745736903,44.892879590736975,0.0028453382788349,44.18107236169578,0.0028453382788349,-22.314093929442166,18.6932315826416,0.28564522745736903,44.892879590736975,0.0028453382788349,"(44.729, 45.261]"
1452533,26.56531505833308,89.27443402370841,1452533,345.890512,0.242637,345.890512,0.242637,230333.72+001433.4,0.5684064754324384,44.91059513263575,0.0149597846094664,44.19878790359456,0.0149597846094664,-23.255790565726045,3.8397579193115234,0.5684064754324384,44.91059513263575,0.0149597846094664,"(44.729, 45.261]"
1393559,39.367378026735885,161.65335611085152,1393559,38.82609890505831,-0.2841765450590788,38.82609890505831,-0.2841765450590788,023518.26-001703.0,0.8814072610399644,45.12358340007345,0.006508435903072,44.41177617103226,0.006508435903072,-22.850280786140132,5.0269365310668945,0.8814072610399644,45.12358340007345,0.006508435903072,"(44.729, 45.261]"
1451590,114.23666930016849,299.782210634348,1451590,347.699953,-0.55538,347.699953,-0.55538,231047.98-003319.3,0.5768360019254216,45.12054483824467,0.0098464233996793,44.40873760920348,0.0098464233996793,-23.287355625955854,4.01074743270874,0.5768360019254216,45.12054483824467,0.0098464233996793,"(44.729, 45.261]"
1441138,53.910408448820206,356.85876619264496,1441138,3.039417537597501,-0.0618464506879356,3.039417537597501,-0.0618464506879356,001209.46-000342.6,0.8917574257918932,45.25040176124766,0.0111432460126792,44.53859453220647,0.0111432460126792,-23.513009619925192,3.396095037460327,0.8917574257918932,45.25040176124766,0.0111432460126792,"(44.729, 45.261]"
1444219,49.42858828901784,85.87608756547137,1444219,0.4984467142805666,-0.8233686577999719,0.4984467142805666,-0.8233686577999719,000159.62-004924.1,0.8120311144477336,45.14534038818332,0.0081473461687266,44.43353315914213,0.0081473461687266,-23.402275776387768,4.638612270355225,0.8120311144477336,45.14534038818332,0.0081473461687266,"(44.729, 45.261]"
1424273,89.92867593939687,149.8292897917646,1424273,16.463156826929335,-0.9382018075234756,16.463156826929335,-0.9382018075234756,010551.15-005617.5,0.741780274577696,45.0402176866615,0.0036115029117986,44.32841045762031,0.0036115029117986,-23.396179591294217,6.731195449829102,0.741780274577696,45.0402176866615,0.0036115029117986,"(44.729, 45.261]"
1402364,292.11122737016944,745.4645345347031,1402364,32.84741074465114,0.333190413476356,32.84741074465114,0.333190413476356,021123.37+001959.4,0.48696596008665066,45.24320088554451,0.0074756186628874,44.53139365650332,0.0074756186628874,-23.648529578884766,13.149744987487793,0.48696596008665066,45.24320088554451,0.0074756186628874,"(44.729, 45.261]"
1411112,34.03716910442351,74.120449434578,1411112,26.222590864306973,0.4726619188438689,26.222590864306973,0.4726619188438689,014453.42+002821.5,0.7839888235005115,45.04507178829695,0.0041706117751658,44.33326455925576,0.0041706117751658,-23.247197502500313,5.787660121917725,0.7839888235005115,45.04507178829695,0.0041706117751658,"(44.729, 45.261]"
1464758,106.0969368689469,466.62912144039495,1464758,322.6360462428253,0.6276502761444911,322.6360462428253,0.6276502761444911,213032.65+003739.5,0.9481840306607645,45.22925657797141,0.0089214197657305,44.51744934893022,0.0089214197657305,-23.192573079427813,3.8824996948242188,0.9481840306607645,45.22925657797141,0.0089214197657305,"(44.729, 45.261]"
1419251,1068.8616978473574,1876.628191999324,1419251,20.36703372208614,0.5807246728720374,20.36703372208614,0.5807246728720374,012128.08+003450.6,0.32887313524430367,45.07056307449747,0.0022711164451507,44.35875584545628,0.0022711164451507,-22.737193420917254,21.646175384521484,0.32887313524430367,45.07056307449747,0.0022711164451507,"(44.729, 45.261]"
1452167,32.6518401154814,81.51265598686625,1452167,346.56707601035635,0.4445869891714187,346.56707601035635,0.4445869891714187,230616.09+002640.5,0.683749235100645,44.8599441587818,0.0052768300865686,44.14813692974061,0.0052768300865686,-22.820449952476068,3.6058881282806396,0.683749235100645,44.8599441587818,0.0052768300865686,"(44.729, 45.261]"
1416814,130.58986267683898,204.1175925529196,1416814,22.17940023339861,-0.5349661044201489,22.17940023339861,-0.5349661044201489,012843.05-003205.8,0.6560952319662248,44.879352398131374,0.0049975854622132,44.16754516909018,0.0049975854622132,-22.505465517445028,4.794236183166504,0.6560952319662248,44.879352398131374,0.0049975854622132,"(44.729, 45.261]"
1425139,102.97622547417446,221.5460706272405,1425139,15.798547439870164,-0.694116160654794,15.798547439870164,-0.694116160654794,010311.65-004138.8,0.7548369606417389,45.25067806506974,0.0065537485089457,44.53887083602855,0.0065537485089457,-23.616797725148015,6.2955474853515625,0.7548369606417389,45.25067806506974,0.0065537485089457,"(44.729, 45.261]"
1465328,116.66189835910356,349.7301639356762,1465328,321.626876,-1.116214,321.626876,-1.116214,212630.45-010658.3,0.6595540920564217,45.204855538788514,0.0154487861574423,44.49304830974732,0.0154487861574423,-22.805798195702113,4.415957450866699,0.6595540920564217,45.204855538788514,0.0154487861574423,"(44.729, 45.261]"
1447246,469.0616491857914,566.1503586484439,1447246,355.78074989009843,0.6485558540670725,355.78074989009843,0.6485558540670725,234307.38+003854.8,0.6659974911642479,44.81054195067156,0.0116283253941844,44.09873472163037,0.0116283253941844,-23.921689284544186,3.5759010314941406,0.6659974911642479,44.81054195067156,0.0116283253941844,"(44.729, 45.261]"
1404497,82.06164156214187,260.2937625927097,1404497,31.33247300840844,0.2384672236911733,31.33247300840844,0.2384672236911733,020519.79+001418.4,0.6550994302044941,44.99767310637937,0.0075541946856745,44.285865877338175,0.0075541946856745,-23.21580150014545,6.535519599914551,0.6550994302044941,44.99767310637937,0.0075541946856745,"(44.729, 45.261]"
1464182,578.6253999950816,1521.1431210585988,1464182,323.68181870545857,-0.6281172559276348,323.68181870545857,-0.6281172559276348,213443.63-003741.2,0.7333965882921546,45.11302461772593,0.0057130564488048,44.401217388684735,0.0057130564488048,-23.21895470992562,9.539732933044434,0.7333965882921546,45.11302461772593,0.0057130564488048,"(44.729, 45.261]"
1391118,24.95540407398231,58.75622636944296,1391118,40.57772183967143,0.3158548448334846,40.57772183967143,0.3158548448334846,024218.65+001857.0,1.0102166754854462,45.14391125183584,0.0175937608362346,44.43210402279465,0.0175937608362346,-23.222819145282454,3.252490282058716,1.0102166754854462,45.14391125183584,0.0175937608362346,"(44.729, 45.261]"
1440829,92.3188612107111,372.5875015364875,1440829,3.3227694575851388,-0.1099339492616629,3.3227694575851388,-0.1099339492616629,001317.46-000635.7,0.6811741669789996,45.166826587134345,0.0066635012711948,44.45501935809315,0.0066635012711948,-23.528284922624522,5.609359264373779,0.6811741669789996,45.166826587134345,0.0066635012711948,"(44.729, 45.261]"
1456414,37.98561221031273,122.36160745004187,1456414,338.3608896081089,-0.5170914970060004,338.3608896081089,-0.5170914970060004,223326.61-003101.5,0.6872958298157661,45.10222054260766,0.0053512697215829,44.39041331356647,0.0053512697215829,-23.202658572918647,4.788849353790283,0.6872958298157661,45.10222054260766,0.0053512697215829,"(44.729, 45.261]"
1405432,26.80648924002785,120.63588808706312,1405432,30.671952061546108,0.2198791379753532,30.671952061546108,0.2198791379753532,020241.26+001311.5,0.7773150820439093,45.172398197987604,0.0078750891743553,44.46059096894641,0.0078750891743553,-23.51064572024253,5.1701555252075195,0.7773150820439093,45.172398197987604,0.0078750891743553,"(44.729, 45.261]"
1411057,17.379860232865454,47.72576854916692,1411057,26.25794,-0.783898,26.25794,-0.783898,014501.90-004702.0,0.5231155778163222,44.843391153884625,0.0111950190699907,44.13158392484343,0.0111950190699907,-22.541349053752363,3.016557455062866,0.5231155778163222,44.843391153884625,0.0111950190699907,"(44.729, 45.261]"
1419358,12.517837819330763,44.62783999057958,1419358,20.285891663217328,-0.0566240229403107,20.285891663217328,-0.0566240229403107,012108.61-000323.8,1.0828914976903106,45.14281958677736,0.0071822240644081,44.431012357736165,0.0071822240644081,-23.36487018435318,3.6748762130737305,1.0828914976903106,45.14281958677736,0.0071822240644081,"(44.729, 45.261]"
1435575,18.627629792522885,63.94249799956032,1435575,7.656443754776693,-0.6803294611007696,7.656443754776693,-0.6803294611007696,003037.54-004049.1,0.6677575984024607,45.20996435465072,0.0081693132807103,44.49815712560953,0.0081693132807103,-23.242356118485446,5.043675422668457,0.6677575984024607,45.20996435465072,0.0081693132807103,"(44.729, 45.261]"
1445857,103.580401759638,254.67290453843805,1445857,358.35656895929395,-0.3618769086150257,358.35656895929395,-0.3618769086150257,235325.57-002142.7,0.8340076023115325,45.15765616240561,0.00769321552049,44.44584893336442,0.00769321552049,-22.21495250923224,3.1220998764038086,0.8340076023115325,45.15765616240561,0.00769321552049,"(44.729, 45.261]"
1417771,65.41024706867627,94.44162944853824,1417771,21.495124048720225,-0.7165433935878579,21.495124048720225,-0.7165433935878579,012558.82-004259.5,0.9198997394604375,45.198640474093445,0.0105857804524802,44.48683324505225,0.0105857804524802,-23.37936773609488,3.42315936088562,0.9198997394604375,45.198640474093445,0.0105857804524802,"(44.729, 45.261]"
1423288,33.455065629605976,115.54280508446924,1423288,17.203113146894964,0.0475508241620567,17.203113146894964,0.0475508241620567,010848.74+000251.1,0.9271359687809992,45.11697297488484,0.0085808243207772,44.40516574584365,0.0085808243207772,-23.599832127791526,3.5861520767211914,0.9271359687809992,45.11697297488484,0.0085808243207772,"(44.729, 45.261]"
1389066,506.4734948853541,1260.633660381919,1389066,41.92436028611792,1.2264933476233009,41.92436028611792,1.2264933476233009,024741.84+011335.3,0.5407316436710633,45.032554881392954,0.0101296459069324,44.32074765235176,0.0101296459069324,-23.304215424331467,7.593952178955078,0.5407316436710633,45.032554881392954,0.0101296459069324,"(44.729, 45.261]"
1417891,538.5839385733317,1244.4289473183524,1417891,21.412269067906664,-0.6222524948076732,21.412269067906664,-0.6222524948076732,012538.94-003720.1,0.6066512885410512,45.13454946251719,0.0057555868760772,44.422742233476,0.0057555868760772,-23.72394399871899,9.835286140441895,0.6066512885410512,45.13454946251719,0.0057555868760772,"(44.729, 45.261]"
1446060,115.39728633095169,284.0880002684914,1446060,358.04053886890523,0.2392851982906833,358.04053886890523,0.2392851982906833,235209.72+001421.4,0.6395257526227925,45.16344644641802,0.0044538059065253,44.45163921737683,0.0044538059065253,-23.185804201773582,6.42533016204834,0.6395257526227925,45.16344644641802,0.0044538059065253,"(44.729, 45.261]"
1451670,20.933297672620203,26.81422875678952,1451670,347.54312947492963,-0.1001487113893359,347.54312947492963,-0.1001487113893359,231010.35-000600.5,0.6563817853948513,44.748133309859696,0.0087280816023209,44.036326080818505,0.0087280816023209,-22.51408152973693,3.269948720932007,0.6563817853948513,44.748133309859696,0.0087280816023209,"(44.729, 45.261]"
1403952,74.5137351212253,155.92419979161784,1403952,31.72635249525183,1.161733323872113,31.72635249525183,1.161733323872113,020654.32+010942.2,0.806776649566009,45.25594064159248,0.0056656142247106,44.54413341255129,0.0056656142247106,-23.45484418729427,5.219827175140381,0.806776649566009,45.25594064159248,0.0056656142247106,"(44.729, 45.261]"
1450365,51.241605296628975,90.91255462977456,1450365,349.94192623597087,-0.8621710146090682,349.94192623597087,-0.8621710146090682,231946.06-005143.8,0.9496040097565853,45.24332568234118,0.0090463296493794,44.53151845329999,0.0090463296493794,-23.424769715707836,4.058012962341309,0.9496040097565853,45.24332568234118,0.0090463296493794,"(44.729, 45.261]"
1406866,188.9785392795086,570.243449304172,1406866,29.521355417268865,-0.6290186841494941,29.521355417268865,-0.6290186841494941,015805.12-003744.4,0.5849661088567576,45.17781445557401,0.0045795206635972,44.46600722653282,0.0045795206635972,-22.92503783809903,9.740606307983398,0.5849661088567576,45.17781445557401,0.0045795206635972,"(44.729, 45.261]"
1424484,36.77592251296354,79.59603322516533,1424484,16.299638226944168,-0.4874463910807827,16.299638226944168,-0.4874463910807827,010511.91-002914.8,0.6624360727654962,44.885643479631824,0.0046212932063589,44.17383625059063,0.0046212932063589,-22.414891666274148,4.6639628410339355,0.6624360727654962,44.885643479631824,0.0046212932063589,"(44.729, 45.261]"
1417903,47.81395814880303,102.60233313738054,1417903,21.40491612842509,0.8627083593958981,21.40491612842509,0.8627083593958981,012537.17+005145.7,0.7915359507884409,45.02594373166514,0.0079542774715903,44.314136502623946,0.0079542774715903,-22.808107291321118,4.326067924499512,0.7915359507884409,45.02594373166514,0.0079542774715903,"(44.729, 45.261]"
1391947,68.13606345718772,120.75335580035178,1391947,40.02113356241006,0.8330242330067084,40.02113356241006,0.8330242330067084,024005.07+004958.8,0.6919340672434199,44.949185396446545,0.0055509571533569,44.23737816740535,0.0055509571533569,-22.871468380968924,4.187926769256592,0.6919340672434199,44.949185396446545,0.0055509571533569,"(44.729, 45.261]"
1409565,18.615681183251112,40.11674780484662,1409565,27.373480694257125,1.1696485931479352,27.373480694257125,1.1696485931479352,014929.63+011010.7,0.7411544225614836,45.13253520344864,0.0047163493154265,44.42072797440745,0.0047163493154265,-23.08627778125086,4.657966613769531,0.7411544225614836,45.13253520344864,0.0047163493154265,"(44.729, 45.261]"
1406548,1074.3539864435486,3344.455430247093,1406548,29.79191920282483,1.0873625367387731,29.79191920282483,1.0873625367387731,015910.06+010514.5,0.21813655633719173,45.21819562043733,0.0024673155190662,44.506388391396136,0.0024673155190662,-23.67466631982125,41.023651123046875,0.21813655633719173,45.21819562043733,0.0024673155190662,"(44.729, 45.261]"
1447420,75.66193329080379,203.930246102454,1447420,355.41884074988656,0.7108694287792006,355.41884074988656,0.7108694287792006,234140.52+004239.1,0.7825125670864779,44.91208885890626,0.008094421858491,44.20028162986507,0.008094421858491,-22.544450538208864,3.427187442779541,0.7825125670864779,44.91208885890626,0.008094421858491,"(44.729, 45.261]"
1412881,25.88036026659921,1043.063922622878,1412881,25.01638728613688,1.1151582318423752,25.01638728613688,1.1151582318423752,014003.93+010654.5,0.6772642058179478,44.9729311040507,0.0067502754129051,44.26112387500951,0.0067502754129051,-22.731997433106386,4.638563632965088,0.6772642058179478,44.9729311040507,0.0067502754129051,"(44.729, 45.261]"
1425044,68.61254557978502,186.6491060475848,1425044,15.869281149391316,0.920870583699409,15.869281149391316,0.920870583699409,010328.62+005515.1,0.9277668625412974,45.2233700560678,0.0130454869064386,44.51156282702661,0.0130454869064386,-23.94023963783164,4.118259429931641,0.9277668625412974,45.2233700560678,0.0130454869064386,"(44.729, 45.261]"
1415275,24.120896543774137,55.58202451672061,1415275,23.31006527462864,1.0883723637019775,23.31006527462864,1.0883723637019775,013314.41+010518.1,0.6860968867506904,45.04313678441221,0.0088167737586779,44.33132955537102,0.0088167737586779,-22.697741772679816,5.026419639587402,0.6860968867506904,45.04313678441221,0.0088167737586779,"(44.729, 45.261]"
1448584,38.22151386747071,127.04357887093435,1448584,353.3285692386372,-0.1587795185299503,353.3285692386372,-0.1587795185299503,233318.85-000931.6,0.8883684688931857,45.11769032386804,0.012992216427051,44.40588309482685,0.012992216427051,-23.654049884451,3.0187971591949463,0.8883684688931857,45.11769032386804,0.012992216427051,"(44.729, 45.261]"
1449711,42.4589573766044,143.32019123539305,1449711,351.18511463853133,-0.3579998351506624,351.18511463853133,-0.3579998351506624,232444.42-002128.7,0.9625345237611859,45.26004700660452,0.0111462107550082,44.54823977756333,0.0111462107550082,-22.71416247295711,3.5388317108154297,0.9625345237611859,45.26004700660452,0.0111462107550082,"(44.729, 45.261]"
1420461,566.0865769807199,1237.4051937226277,1420461,19.49164907221055,0.3511586173647592,19.49164907221055,0.3511586173647592,011757.99+002104.1,0.6121894586876936,45.041434468288,0.0109845728577617,44.32962723924681,0.0109845728577617,-23.102842179658094,11.758074760437012,0.6121894586876936,45.041434468288,0.0109845728577617,"(44.729, 45.261]"
1395405,240.31593277853847,538.944997679986,1395405,37.56449910953321,0.5994694175926749,37.56449910953321,0.5994694175926749,023015.47+003558.0,0.4464743274658524,45.17824973593914,0.0033669660874515,44.46644250689795,0.0033669660874515,-22.74151477145175,14.370755195617676,0.4464743274658524,45.17824973593914,0.0033669660874515,"(44.729, 45.261]"
1465198,82.87654362747922,195.99965434919827,1465198,321.8926344128352,-1.1287591296774482,321.8926344128352,-1.1287591296774482,212734.23-010743.5,0.5377456113972183,44.937129283673855,0.0052617532784147,44.22532205463266,0.0052617532784147,-22.349872117129593,4.863806247711182,0.5377456113972183,44.937129283673855,0.0052617532784147,"(44.729, 45.261]"
1405609,123.90591715018536,229.52106063182296,1405609,30.52965037773976,1.0308735697505051,30.52965037773976,1.0308735697505051,020207.11+010151.1,0.7592455385532657,45.03395785037284,0.0065666942412256,44.32215062133165,0.0065666942412256,-23.778088779915336,5.307337760925293,0.7592455385532657,45.03395785037284,0.0065666942412256,"(44.729, 45.261]"
1401833,77.97538987246858,493.8511263504462,1401833,33.231337,0.968008,33.231337,0.968008,021255.52+005804.8,0.505411971907096,44.947543061866384,0.0100101341732532,44.23573583282519,0.0100101341732532,-23.06359752155096,5.075366973876953,0.505411971907096,44.947543061866384,0.0100101341732532,"(44.729, 45.261]"
1424578,11.70137517099665,29.046602518015128,1424578,16.229182798175785,0.2791953340594786,16.229182798175785,0.2791953340594786,010455.00+001645.1,0.7217831207849488,44.76154860966173,0.0090323928995843,44.04974138062054,0.0090323928995843,-22.502790131188963,3.025787115097046,0.7217831207849488,44.76154860966173,0.0090323928995843,"(44.729, 45.261]"
1394039,26.093425182112124,91.24980396287847,1394039,38.47588174844191,-0.1923407010825421,38.47588174844191,-0.1923407010825421,023354.21-001132.4,0.95038428579582,45.192613439378555,0.0059042627143597,44.48080621033736,0.0059042627143597,-23.443751333405,4.043238639831543,0.95038428579582,45.192613439378555,0.0059042627143597,"(44.729, 45.261]"
1390117,223.8383548725737,695.7527339641204,1390117,41.24859763381056,0.7167923492096351,41.24859763381056,0.7167923492096351,024459.66+004300.4,0.7771417321170125,44.91581536954743,0.0094948251407274,44.20400814050624,0.0094948251407274,-22.626987662260085,3.5774788856506348,0.7771417321170125,44.91581536954743,0.0094948251407274,"(44.729, 45.261]"
1397408,209.5589125467736,233.50728344849816,1397408,36.204287,-0.659856,36.204287,-0.659856,022449.02-003935.4,0.5440425393403996,44.8338617505819,0.0099241448391325,44.12205452154071,0.0099241448391325,-22.72117843167566,3.773711919784546,0.5440425393403996,44.8338617505819,0.0099241448391325,"(44.729, 45.261]"
1463310,20.349747912819247,102.68991316838932,1463310,325.249345,-0.373908,325.249345,-0.373908,214059.84-002226.0,0.6155986352153359,45.11770305878151,0.0057082038039872,44.40589582974032,0.0057082038039872,-23.71904936938993,4.736941814422607,0.6155986352153359,45.11770305878151,0.0057082038039872,"(44.729, 45.261]"
1399479,109.99649820713736,315.8508894500137,1399479,34.8018332196844,0.7908113168542641,34.8018332196844,0.7908113168542641,021912.44+004726.9,0.8203115938083014,45.09645356268908,0.0082070924609034,44.384646333647886,0.0082070924609034,-22.007930776115952,4.070724010467529,0.8203115938083014,45.09645356268908,0.0082070924609034,"(44.729, 45.261]"
1452340,220.15271888035653,718.847962881372,1452340,346.2335903082089,0.1201146482490135,346.2335903082089,0.1201146482490135,230456.06+000712.4,0.484331855414869,45.22633563205064,0.0022451508908964,44.51452840300945,0.0022451508908964,-23.48736883469259,18.573598861694336,0.484331855414869,45.22633563205064,0.0022451508908964,"(44.729, 45.261]"
1407338,221.15212706552896,320.18087445090185,1407338,29.139873382761397,0.9636489936901802,29.139873382761397,0.9636489936901802,015633.56+005749.1,0.6055230123842237,44.84685000335128,0.0074265628598126,44.13504277431009,0.0074265628598126,-23.182106133044382,4.010868072509766,0.6055230123842237,44.84685000335128,0.0074265628598126,"(44.729, 45.261]"
1447071,19.55305645009309,32.16905643172903,1447071,356.21402518837573,-0.3976826755217137,356.21402518837573,-0.3976826755217137,234451.36-002351.6,0.8193930098420275,44.94052938389273,0.010661013809269,44.22872215485154,0.010661013809269,-22.703584762151014,3.2020952701568604,0.8193930098420275,44.94052938389273,0.010661013809269,"(44.729, 45.261]"
1428444,26.815946940076262,55.43803743278814,1428444,13.104744869668592,0.3905373451434774,13.104744869668592,0.3905373451434774,005225.13+002325.9,0.6776423103654843,44.93285750187504,0.0059576912121634,44.22105027283385,0.0059576912121634,-22.85192059429552,4.475934028625488,0.6776423103654843,44.93285750187504,0.0059576912121634,"(44.729, 45.261]"
1420371,58.96978855802247,195.01601771496405,1420371,19.566332831122107,0.4435290930119829,19.566332831122107,0.4435290930119829,011815.91+002636.7,0.8665401020087552,45.08444606252605,0.0147163432453112,44.37263883348486,0.0147163432453112,-22.613757711965988,3.075507402420044,0.8665401020087552,45.08444606252605,0.0147163432453112,"(44.729, 45.261]"
1388382,11.094275642207377,70.52905512815704,1388382,42.41700550696012,-0.3102555336911678,42.41700550696012,-0.3102555336911678,024940.08-001836.9,0.8536898120170078,45.12994822417758,0.0067700993853954,44.41814099513639,0.0067700993853954,-23.259525140908796,3.4611306190490723,0.8536898120170078,45.12994822417758,0.0067700993853954,"(44.729, 45.261]"
1445033,100.97764834578103,200.99519670356963,1445033,359.6693881059372,-0.5270188646970266,359.6693881059372,-0.5270188646970266,235840.65-003137.2,0.8861502051483768,45.243446133035874,0.0053861098336263,44.53163890399468,0.0053861098336263,-23.179727331887435,4.059736728668213,0.8861502051483768,45.243446133035874,0.0053861098336263,"(44.729, 45.261]"
1443393,472.0811553579117,1210.8661250768264,1443393,1.1904959933087866,0.3791680453758799,1.1904959933087866,0.3791680453758799,000445.71+002245.0,0.49694931270683707,45.20229120092849,0.005412231525824,44.4904839718873,0.005412231525824,-23.578382184645484,14.205351829528809,0.49694931270683707,45.20229120092849,0.005412231525824,"(44.729, 45.261]"
1388721,40.961896330453385,102.04082240898872,1388721,42.17426331046028,0.5124473485795064,42.17426331046028,0.5124473485795064,024841.82+003044.8,0.5959352828836995,44.87679175251706,0.0073431853506811,44.164984523475866,0.0073431853506811,-22.60294321659948,4.9858717918396,0.5959352828836995,44.87679175251706,0.0073431853506811,"(44.729, 45.261]"
1405175,39.90937107380309,108.851145427559,1405175,30.868088170713065,-0.1508406904837364,30.868088170713065,-0.1508406904837364,020328.34-000903.0,0.9671107136232068,45.19140851448041,0.0067102015730746,44.479601285439216,0.0067102015730746,-23.336106395941368,3.035198926925659,0.9671107136232068,45.19140851448041,0.0067102015730746,"(44.729, 45.261]"
1413518,34.579391581729816,64.2386290753342,1413518,24.5556752999824,-0.2071952455241523,24.5556752999824,-0.2071952455241523,013813.36-001225.9,0.8880791779963103,44.88510869863021,0.0089638250296566,44.17330146958902,0.0089638250296566,-22.756131131447795,3.6462807655334473,0.8880791779963103,44.88510869863021,0.0089638250296566,"(44.729, 45.261]"
1423553,151.72383249409057,394.13767545075206,1423553,17.00758565790317,0.2034852784027894,17.00758565790317,0.2034852784027894,010801.82+001212.5,0.8193383767243566,45.12854591286592,0.0122724163728484,44.416738683824725,0.0122724163728484,-23.221551664208572,3.711191177368164,0.8193383767243566,45.12854591286592,0.0122724163728484,"(44.729, 45.261]"
1452300,13.520972007192947,33.58675267058827,1452300,346.3135143890974,-0.8794100561420923,346.3135143890974,-0.8794100561420923,230515.24-005245.8,0.7864003050655223,45.08720500461217,0.0088967480486239,44.37539777557098,0.0088967480486239,-23.052784478524085,3.4885778427124023,0.7864003050655223,45.08720500461217,0.0088967480486239,"(44.729, 45.261]"
1413219,60.71425852325699,100.99487388051192,1413219,24.777516605280084,0.3568626681370472,24.777516605280084,0.3568626681370472,013906.60+002124.7,0.5672600901036993,44.792286804565265,0.0055136339873449,44.08047957552407,0.0055136339873449,-22.206587315635723,4.717215061187744,0.5672600901036993,44.792286804565265,0.0055136339873449,"(44.729, 45.261]"
1422097,534.8781842989558,1726.9637702064904,1422097,18.20380653236417,0.3862787826425107,18.20380653236417,0.3862787826425107,011248.91+002310.6,0.9759220634280197,45.212032927751714,0.0147321652670839,44.50022569871052,0.0147321652670839,-24.336870950089754,3.531132936477661,0.9759220634280197,45.212032927751714,0.0147321652670839,"(44.729, 45.261]"
1445708,10.289082233777323,40.511652242189946,1445708,358.6077738771256,-1.0965115408077737,358.6077738771256,-1.0965115408077737,235425.86-010547.4,1.0675471182409118,45.17383974792293,0.0090358429382852,44.46203251888174,0.0090358429382852,-23.637155419724145,3.4048309326171875,1.0675471182409118,45.17383974792293,0.0090358429382852,"(44.729, 45.261]"
1425741,53.70056056331567,223.4488751154132,1425741,15.333374821021906,0.3939806786509557,15.333374821021906,0.3939806786509557,010120.01+002338.3,0.9288759298022291,45.24928311565491,0.0063638147237128,44.53747588661372,0.0063638147237128,-23.603076851577672,3.2572104930877686,0.9288759298022291,45.24928311565491,0.0063638147237128,"(44.729, 45.261]"
1449643,164.82892077275957,361.3933929330465,1449643,351.3196991760593,0.8656308358334094,351.3196991760593,0.8656308358334094,232516.72+005156.2,0.7927003565829509,45.25194010963206,0.0052488709587166,44.54013288059087,0.0052488709587166,-23.459306239115595,4.969265937805176,0.7927003565829509,45.25194010963206,0.0052488709587166,"(44.729, 45.261]"
1439356,11.86811673920602,35.08663088324132,1439356,4.5261261280994365,-0.6991972168077802,4.5261261280994365,-0.6991972168077802,001806.27-004157.1,0.6259326952149963,44.98987537395656,0.0040002087113606,44.278068144915366,0.0040002087113606,-22.771484038615068,6.467645645141602,0.6259326952149963,44.98987537395656,0.0040002087113606,"(44.729, 45.261]"
1403414,302.7169380392171,622.3430824282473,1403414,32.08761064297363,0.9358038690714088,32.08761064297363,0.9358038690714088,020821.02+005608.8,0.8017020242966162,45.14551171793213,0.0093009527198653,44.43370448889094,0.0093009527198653,-23.254654524740243,3.4809823036193848,0.8017020242966162,45.14551171793213,0.0093009527198653,"(44.729, 45.261]"
1444705,19.61176774156018,55.56675965378855,1444705,0.0835340366319314,0.3355692398236803,0.0835340366319314,0.3355692398236803,000020.04+002008.0,0.9314990291947487,45.134507472314716,0.0069980508124558,44.422700243273525,0.0069980508124558,-23.456473717797056,4.660444736480713,0.9314990291947487,45.134507472314716,0.0069980508124558,"(44.729, 45.261]"
1394013,50.14065555001799,135.76867592604242,1394013,38.49472883360905,-0.3276438420838364,38.49472883360905,-0.3276438420838364,023358.73-001939.5,0.5452633865746369,44.885247289687904,0.0060108123782569,44.17344006064671,0.0060108123782569,-22.5371004918158,6.349767208099365,0.5452633865746369,44.885247289687904,0.0060108123782569,"(44.729, 45.261]"
1411402,38.0302154359727,89.72196483979243,1411402,26.022407,-0.855237,26.022407,-0.855237,014405.37-005118.8,0.7050480019408311,45.184050368108835,0.015248721339784,44.47224313906764,0.015248721339784,-23.515069087809042,3.152005434036255,0.7050480019408311,45.184050368108835,0.015248721339784,"(44.729, 45.261]"
1441811,58.26880131756048,155.26980883868472,1441811,2.455163493469932,-0.4142699204653082,2.455163493469932,-0.4142699204653082,000949.23-002451.3,0.7504809247044334,45.08616934797244,0.008524838268741,44.374362118931245,0.008524838268741,-23.43934669854266,4.269458293914795,0.7504809247044334,45.08616934797244,0.008524838268741,"(44.729, 45.261]"
1418000,21.904419457672848,71.7609648410603,1418000,21.329512077977725,0.5633936687678505,21.329512077977725,0.5633936687678505,012519.08+003348.2,0.7782930324680242,45.20993345540665,0.0042979682838897,44.49812622636546,0.0042979682838897,-23.472968409342528,6.349877834320068,0.7782930324680242,45.20993345540665,0.0042979682838897,"(44.729, 45.261]"
1413626,108.90572748414422,247.47390561404427,1413626,24.478324926726863,-0.3544202744027541,24.478324926726863,-0.3544202744027541,013754.79-002115.9,0.6176301401069874,44.73186534419742,0.0071085244899897,44.02005811515623,0.0071085244899897,-22.686133684580277,5.101634979248047,0.6176301401069874,44.73186534419742,0.0071085244899897,"(44.729, 45.261]"
1416253,1201.2078203753224,2746.1229431354586,1416253,22.59801285457397,0.0977215269178519,22.59801285457397,0.0977215269178519,013023.52+000551.7,0.34537015574996627,45.09276227763472,0.0021897416304277,44.38095504859353,0.0021897416304277,-22.692256088178667,22.60868263244629,0.34537015574996627,45.09276227763472,0.0021897416304277,"(44.729, 45.261]"
1420691,190.703071172987,356.2281100836779,1420691,19.322560979098427,0.2576754927010224,19.322560979098427,0.2576754927010224,011717.41+001527.6,0.6774401039935214,45.220170038063664,0.0039969487165194,44.50836280902247,0.0039969487165194,-23.06302804099238,7.5110368728637695,0.6774401039935214,45.220170038063664,0.0039969487165194,"(44.729, 45.261]"
1446103,65.82688056195896,186.4654014433421,1446103,357.96179983847463,-1.1768162079331357,357.96179983847463,-1.1768162079331357,235150.83-011036.5,0.4046465014215251,45.129607912316175,0.0076307185838331,44.41780068327498,0.0076307185838331,-23.08359277242955,16.92009162902832,0.4046465014215251,45.129607912316175,0.0076307185838331,"(44.729, 45.261]"
1408531,277.123689579628,724.6958955741351,1408531,28.193628,0.710839,28.193628,0.710839,015246.47+004239.0,0.4311289364632548,45.23728604626188,0.0053017739883181,44.52547881722069,0.0053017739883181,-23.195357357588914,11.06180191040039,0.4311289364632548,45.23728604626188,0.0053017739883181,"(44.729, 45.261]"
1424441,115.19263919934448,387.6516210718791,1424441,16.325532484578275,0.2625379790894486,16.325532484578275,0.2625379790894486,010518.12+001545.1,0.41771312840550373,44.82783229579988,0.0031503468162803,44.11602506675869,0.0031503468162803,-21.640128502311367,13.300052642822266,0.41771312840550373,44.82783229579988,0.0031503468162803,"(44.729, 45.261]"
1408203,39.7063567933714,147.12334666686723,1408203,28.448916,-0.604982,28.448916,-0.604982,015347.73-003617.9,0.43806938113941946,44.79537166807996,0.0047542379205651,44.08356443903877,0.0047542379205651,-22.746728723842995,5.792553901672363,0.43806938113941946,44.79537166807996,0.0047542379205651,"(44.729, 45.261]"
1452423,17.9185183362919,64.22292366802553,1452423,346.0651353407338,0.2694488324325139,346.0651353407338,0.2694488324325139,230415.63+001610.0,0.6070515666016737,44.83162051063595,0.0063502247557956,44.11981328159476,0.0063502247557956,-22.593738056270272,4.438558578491211,0.6070515666016737,44.83162051063595,0.0063502247557956,"(44.729, 45.261]"
1395772,372.38389743515074,597.145330371283,1395772,37.31879565103839,-0.1893940454402125,37.31879565103839,-0.1893940454402125,022916.51-001121.8,0.6582630459582655,44.87543609591884,0.0069970245323638,44.16362886687765,0.0069970245323638,-22.73433408307451,3.517103433609009,0.6582630459582655,44.87543609591884,0.0069970245323638,"(44.729, 45.261]"
1434724,65.29142234993695,132.60796009437595,1434724,8.361634100000003,1.1758154,8.361634100000003,1.1758154,003326.79+011032.9,0.6929931011908996,44.81842936940283,0.0093874139173557,44.10662214036164,0.0093874139173557,1.0,3.127640724182129,0.6929931011908996,44.81842936940283,0.0093874139173557,"(44.729, 45.261]"
1425589,384.6762071655032,845.3411231415113,1425589,15.46285484225271,0.3413402608239516,15.46285484225271,0.3413402608239516,010151.08+002028.8,0.3218740430646739,44.904665598145414,0.0034088950302688,44.19285836910422,0.0034088950302688,-22.887474446187138,15.177088737487793,0.3218740430646739,44.904665598145414,0.0034088950302688,"(44.729, 45.261]"
1464337,273.7229101427079,637.1351218385122,1464337,323.44113904216726,-0.2343306935026972,323.44113904216726,-0.2343306935026972,213345.87-001403.5,0.772725678515836,45.170159934183594,0.0055600359311291,44.4583527051424,0.0055600359311291,-22.47717267527376,4.990589618682861,0.772725678515836,45.170159934183594,0.0055600359311291,"(44.729, 45.261]"
1414367,34.8431836723198,87.02612268206454,1414367,23.89467670211793,-0.4097545691567871,23.89467670211793,-0.4097545691567871,013534.72-002435.1,0.9624810962402459,45.19956891667021,0.0104732980258255,44.48776168762902,0.0104732980258255,-23.744564639210086,3.448932647705078,0.9624810962402459,45.19956891667021,0.0104732980258255,"(44.729, 45.261]"
1451982,399.0029574236143,1181.943138104352,1451982,346.9662597202567,-0.5045082555121208,346.9662597202567,-0.5045082555121208,230751.90-003016.2,0.46064033942404037,45.04670726938066,0.0033171433275498,44.33490004033947,0.0033171433275498,-23.487643634160914,16.528411865234375,0.46064033942404037,45.04670726938066,0.0033171433275498,"(44.729, 45.261]"
1450911,270.1393991415691,383.87680027914,1450911,348.97063874235414,1.2350298908891917,348.97063874235414,1.2350298908891917,231552.95+011406.1,0.521771405341696,44.96114224573001,0.006348833500219,44.24933501668882,0.006348833500219,-22.275077603884796,7.488135814666748,0.521771405341696,44.96114224573001,0.006348833500219,"(44.729, 45.261]"
1455105,12.140419318728744,44.95268545939456,1455105,340.931824442235,-1.161780278643867,340.931824442235,-1.161780278643867,224343.63-010942.4,0.8083047100540615,45.01392073717204,0.0102604358501494,44.30211350813085,0.0102604358501494,-23.128166844881008,3.0027990341186523,0.8083047100540615,45.01392073717204,0.0102604358501494,"(44.729, 45.261]"
1415105,30.29272155301665,88.0619375969264,1415105,23.42943115373032,-0.9262277140835502,23.42943115373032,-0.9262277140835502,013343.06-005534.4,0.7290415019273733,44.97233480503614,0.0054770864382192,44.26052757599495,0.0054770864382192,-22.642838706708524,4.729901313781738,0.7290415019273733,44.97233480503614,0.0054770864382192,"(44.729, 45.261]"
1438798,50.684920017910464,157.20931439628805,1438798,4.97725383665005,-0.9300525331417724,4.97725383665005,-0.9300525331417724,001954.54-005548.1,0.682558123888383,45.11592696753974,0.0055002684838001,44.40411973849855,0.0055002684838001,-22.945108435768034,5.063933372497559,0.682558123888383,45.11592696753974,0.0055002684838001,"(44.729, 45.261]"
1451731,36.40485186672163,95.02739393311968,1451731,347.44320671123285,-0.9864581148976252,347.44320671123285,-0.9864581148976252,230946.36-005911.2,0.6973691906337025,44.84815667615576,0.007004549808645,44.13634944711457,0.007004549808645,-22.331247889983995,3.152160167694092,0.6973691906337025,44.84815667615576,0.007004549808645,"(44.729, 45.261]"
1434370,13.341870191090052,29.64020404015032,1434370,8.641787984574167,-1.1374310334371571,8.641787984574167,-1.1374310334371571,003434.02-010814.7,0.8415596055235841,45.18872271699844,0.0076512004054372,44.47691548795725,0.0076512004054372,-23.198442024965082,4.296365737915039,0.8415596055235841,45.18872271699844,0.0076512004054372,"(44.729, 45.261]"
1452924,55.38503391322106,106.08858683138784,1452924,345.1736748379835,-0.0977413565863009,345.1736748379835,-0.0977413565863009,230041.68-000551.8,0.7692560971358653,45.084596618736654,0.0080711826789254,44.37278938969546,0.0080711826789254,-22.66266976930609,3.280998706817627,0.7692560971358653,45.084596618736654,0.0080711826789254,"(44.729, 45.261]"
1445301,15.720266246291436,71.18283418245363,1445301,359.25245080063166,-0.0427658022050235,359.25245080063166,-0.0427658022050235,235700.58-000233.9,1.2315452420322015,45.22591560267421,0.0086624833021673,44.51410837363302,0.0086624833021673,-23.054664138481304,3.360642671585083,1.2315452420322015,45.22591560267421,0.0086624833021673,"(44.729, 45.261]"
1402047,42.66252609029028,183.917002156662,1402047,33.08491867688856,-0.3945181221924396,33.08491867688856,-0.3945181221924396,021220.38-002340.2,0.6713778436205218,45.094447143016595,0.0043883900270849,44.3826399139754,0.0043883900270849,-22.814286294714897,5.7430877685546875,0.6713778436205218,45.094447143016595,0.0043883900270849,"(44.729, 45.261]"
1438081,61.32630666659267,133.82120392761507,1438081,5.6322180463041605,0.4273255488467534,5.6322180463041605,0.4273255488467534,002231.73+002538.3,0.8317945327549671,44.97462785483747,0.0109348695526172,44.26282062579628,0.0109348695526172,-21.74935115295444,3.2130563259124756,0.8317945327549671,44.97462785483747,0.0109348695526172,"(44.729, 45.261]"
1394651,57.5308614806313,147.4364656576044,1394651,38.04927806413875,0.1339768528288611,38.04927806413875,0.1339768528288611,023211.82+000802.3,0.4319874328493365,45.2444800734743,0.0022678569961236,44.53267284443311,0.0022678569961236,-23.232491151298195,15.226371765136719,0.4319874328493365,45.2444800734743,0.0022678569961236,"(44.729, 45.261]"
1447170,46.58774333662032,188.0626535141234,1447170,355.9782773517041,-0.0192624730026013,355.9782773517041,-0.0192624730026013,234354.78-000109.3,0.8227336226536971,45.01556935771477,0.0075377462736341,44.303762128673576,0.0075377462736341,-22.767889412809055,3.572706460952759,0.8227336226536971,45.01556935771477,0.0075377462736341,"(44.729, 45.261]"
1406664,24.37417664343345,79.20009449809447,1406664,29.6862938034152,0.30826935016849,29.6862938034152,0.30826935016849,015844.71+001829.7,0.8198925083190729,45.11333285122281,0.0077006599451188,44.401525622181616,0.0077006599451188,-23.187770234826917,3.5458526611328125,0.8198925083190729,45.11333285122281,0.0077006599451188,"(44.729, 45.261]"
1391825,22.04630155859613,49.23620506776226,1391825,40.107838000000015,0.2433273,40.107838000000015,0.2433273,024025.88+001435.9,1.0778867274002775,45.24876520076368,0.0096169671232146,44.53695797172249,0.0096169671232146,1.0,3.337829113006592,1.0778867274002775,45.24876520076368,0.0096169671232146,"(44.729, 45.261]"
1432383,1084.792132245819,2265.7381320849217,1432383,10.13376419385448,-0.2307803214100995,10.13376419385448,-0.2307803214100995,004032.10-001350.8,0.24219101029713502,44.825553985794535,0.0031068192004219,44.11374675675334,0.0031068192004219,-23.026798907468642,19.107749938964844,0.24219101029713502,44.825553985794535,0.0031068192004219,"(44.729, 45.261]"
1395300,30.709808012089937,86.24980158109899,1395300,37.64313358258955,-0.3665428075983026,37.64313358258955,-0.3665428075983026,023034.35-002159.5,0.6417411984685852,45.13417244534965,0.0053148006504066,44.42236521630846,0.0053148006504066,-22.478666638794852,8.545005798339844,0.6417411984685852,45.13417244534965,0.0053148006504066,"(44.729, 45.261]"
1460318,126.31233906032436,342.30977246645085,1460318,330.90828252248537,0.8588916136427543,330.90828252248537,0.8588916136427543,220337.98+005132.0,0.7105953884970958,44.781295703827766,0.0124204815306789,44.069488474786574,0.0124204815306789,-23.464796327941855,3.501328229904175,0.7105953884970958,44.781295703827766,0.0124204815306789,"(44.729, 45.261]"
1410165,21.035797356000643,38.49709524119034,1410165,26.933130993610803,0.6993646672345489,26.933130993610803,0.6993646672345489,014743.95+004157.7,0.8222482498009767,45.07057998326582,0.0060859989372872,44.35877275422463,0.0060859989372872,-23.1984197426528,5.051251411437988,0.8222482498009767,45.07057998326582,0.0060859989372872,"(44.729, 45.261]"
1403616,21.573019917258257,231.55464743604225,1403616,31.940172515783598,0.025816518686602,31.940172515783598,0.025816518686602,020745.64+000132.9,0.6513137874109157,44.776942251693825,0.0052431964129979,44.06513502265263,0.0052431964129979,-22.07765888648056,3.9672508239746094,0.6513137874109157,44.776942251693825,0.0052431964129979,"(44.729, 45.261]"
1449269,353.9551575488432,596.7556440041803,1449269,352.0061352375783,0.2847264547883923,352.0061352375783,0.2847264547883923,232801.47+001705.0,0.41112333448093713,45.027642614870544,0.0087101098840811,44.31583538582935,0.0087101098840811,-23.370229515028118,14.28035831451416,0.41112333448093713,45.027642614870544,0.0087101098840811,"(44.729, 45.261]"
1393575,70.47502304379687,135.1431875085833,1393575,38.81445285667155,-0.0297378173720184,38.81445285667155,-0.0297378173720184,023515.46-000147.0,0.8100454958386867,45.18864973296304,0.0064675347328986,44.47684250392185,0.0064675347328986,-22.92251928113064,5.0385613441467285,0.8100454958386867,45.18864973296304,0.0064675347328986,"(44.729, 45.261]"
1421829,52.48880558030401,118.459374686068,1421829,18.415115110203857,-0.0923272642642246,18.415115110203857,-0.0923272642642246,011339.62-000532.3,0.9735161902049021,45.21209056861262,0.0103501622164259,44.50028333957143,0.0103501622164259,-23.278184518004753,3.668370008468628,0.9735161902049021,45.21209056861262,0.0103501622164259,"(44.729, 45.261]"
1401456,114.15672832240416,539.0641129061189,1401456,33.47653409923352,0.0124687140605448,33.47653409923352,0.0124687140605448,021354.36+000044.8,0.673703466771896,44.963033994075104,0.0056869834279282,44.25122676503391,0.0056869834279282,-22.88617153633062,6.615998268127441,0.673703466771896,44.963033994075104,0.0056869834279282,"(44.729, 45.261]"
1422650,275.9044857134008,518.286286332916,1422650,17.720230874619375,0.7801940596095115,17.720230874619375,0.7801940596095115,011052.85+004648.6,0.4309340232584335,44.94029349859587,0.0037627396359063,44.22848626955468,0.0037627396359063,-22.740113889503075,9.186134338378906,0.4309340232584335,44.94029349859587,0.0037627396359063,"(44.729, 45.261]"
1390630,87.48099424392095,207.0997442483456,1390630,40.89771441016328,-0.113277255530639,40.89771441016328,-0.113277255530639,024335.45-000647.7,0.9675923371616163,45.10901459016601,0.0133133236192612,44.39720736112482,0.0133133236192612,-22.533854968080657,3.1134278774261475,0.9675923371616163,45.10901459016601,0.0133133236192612,"(44.729, 45.261]"
1442102,42.123985276290185,108.32402792611612,1442102,2.1949638667383056,0.5700159563644333,2.1949638667383056,0.5700159563644333,000846.79+003412.0,0.8897513700764561,45.192329633196664,0.0085620407782869,44.48052240415547,0.0085620407782869,-23.136589157986286,3.3080646991729736,0.8897513700764561,45.192329633196664,0.0085620407782869,"(44.729, 45.261]"
1408915,34.945184058123345,47.91305222402601,1408915,27.895491461113807,-0.4860342461702188,27.895491461113807,-0.4860342461702188,015134.91-002909.7,0.7368409078952629,44.89245440700554,0.0065685238300261,44.180647177964346,0.0065685238300261,-22.957635571532965,3.479954957962036,0.7368409078952629,44.89245440700554,0.0065685238300261,"(44.729, 45.261]"
1427574,55.171732777040894,149.32763299281248,1427574,13.840050721050048,-0.5875369170654936,13.840050721050048,-0.5875369170654936,005521.61-003515.1,0.7169789714315293,44.99839012616631,0.0068511615395827,44.28658289712512,0.0068511615395827,-23.047856625169945,4.343195915222168,0.7169789714315293,44.99839012616631,0.0068511615395827,"(44.729, 45.261]"
1422068,17.918960755573337,55.37741970413591,1422068,18.23066518628515,-1.0673602172987553,18.23066518628515,-1.0673602172987553,011255.35-010402.4,0.6460323492811454,45.12047607878959,0.0029196913387821,44.4086688497484,0.0029196913387821,-23.07478669429793,5.708491325378418,0.6460323492811454,45.12047607878959,0.0029196913387821,"(44.729, 45.261]"
1447127,163.04636105424743,229.94195439380107,1447127,356.07023208421026,0.8715803930601609,356.07023208421026,0.8715803930601609,234416.85+005217.6,0.5902768318005577,44.82884452930281,0.0062840916005946,44.11703730026162,0.0062840916005946,-22.452139024084154,5.025094985961914,0.5902768318005577,44.82884452930281,0.0062840916005946,"(44.729, 45.261]"
1447839,26.408558897648764,141.8795107083521,1447839,354.63833490235675,0.6114624566274888,354.63833490235675,0.6114624566274888,233833.20+003641.2,0.6278556061936218,44.824744374911354,0.0056026567927567,44.11293714587016,0.0056026567927567,-22.340547071349253,5.084057331085205,0.6278556061936218,44.824744374911354,0.0056026567927567,"(44.729, 45.261]"
1418566,32.542067993133706,67.18470392328305,1418566,20.892087425681368,-0.3858220294447851,20.892087425681368,-0.3858220294447851,012334.10-002308.9,0.7114289084132628,45.19174922061125,0.0062551572847766,44.47994199157006,0.0062551572847766,-23.268215086668363,6.824538707733154,0.7114289084132628,45.19174922061125,0.0062551572847766,"(44.729, 45.261]"
1395141,414.8098608124847,973.6145146863548,1395141,37.73301674761353,1.129536133799445,37.73301674761353,1.129536133799445,023055.92+010746.3,0.7642767521260404,45.08257585348375,0.0048212719963274,44.37076862444256,0.0048212719963274,-22.10714579679185,5.519474506378174,0.7642767521260404,45.08257585348375,0.0048212719963274,"(44.729, 45.261]"
1426725,27.10935266753256,61.48968629672306,1426725,14.509402137040157,0.263869318239645,14.509402137040157,0.263869318239645,005802.25+001549.9,0.794524084028503,45.22205856970384,0.0045135549562829,44.51025134066265,0.0045135549562829,-23.013679298236777,4.528689384460449,0.794524084028503,45.22205856970384,0.0045135549562829,"(44.729, 45.261]"
1450867,17.19072751874638,49.27433468427072,1450867,349.0530436528743,-0.380756795917367,349.0530436528743,-0.380756795917367,231612.73-002250.7,0.6276795981536742,44.95085112206351,0.0053147855915192,44.23904389302232,0.0053147855915192,-22.577370322162015,4.229934215545654,0.6276795981536742,44.95085112206351,0.0053147855915192,"(44.729, 45.261]"
1438671,26.175408316817023,82.4839341403662,1438671,5.0916505945359605,-1.1851297292085716,5.0916505945359605,-1.1851297292085716,002021.99-011106.4,0.8615154972801634,45.20906128926677,0.0078970169082701,44.49725406022558,0.0078970169082701,-23.44372565850276,3.6675305366516113,0.8615154972801634,45.20906128926677,0.0078970169082701,"(44.729, 45.261]"
1445690,18.74253847152523,50.68151552148736,1445690,358.6405481387422,-0.8711388032319073,358.6405481387422,-0.8711388032319073,235433.73-005216.0,0.9089794291290435,44.97153793370196,0.0133565445807626,44.25973070466077,0.0133565445807626,-22.948944787723303,3.3550326824188232,0.9089794291290435,44.97153793370196,0.0133565445807626,"(44.729, 45.261]"
1388492,62.65057185225197,143.4248062689752,1388492,42.33252423803594,0.3192582734787019,42.33252423803594,0.3192582734787019,024919.80+001909.3,0.6616951080704134,44.97737563509207,0.0069516164681679,44.26556840605088,0.0069516164681679,-23.283209922731213,5.2095723152160645,0.6616951080704134,44.97737563509207,0.0069516164681679,"(44.729, 45.261]"
1463328,23.443464016878828,36.2765135608536,1463328,325.2212065227797,-0.5599148623446673,325.2212065227797,-0.5599148623446673,214053.08-003335.6,0.6207022301851791,44.85318963665581,0.0064695317614855,44.14138240761462,0.0064695317614855,-22.970488223738315,4.6296210289001465,0.6207022301851791,44.85318963665581,0.0064695317614855,"(44.729, 45.261]"
1452397,101.9756279860759,236.64545847844948,1452397,346.1282020298806,0.444442319925223,346.1282020298806,0.444442319925223,230430.76+002639.9,0.881298168001881,45.2224039735276,0.0083025722987422,44.510596744486406,0.0083025722987422,-23.11314016257912,4.103024005889893,0.881298168001881,45.2224039735276,0.0083025722987422,"(44.729, 45.261]"
1447141,203.5648434743851,317.4009531553989,1447141,356.04422548128434,-0.5237815396030493,356.04422548128434,-0.5237815396030493,234410.61-003125.6,0.42818319153387235,44.775110902599394,0.0066792807296955,44.0633036735582,0.0066792807296955,-22.710512879632592,9.983579635620117,0.42818319153387235,44.775110902599394,0.0066792807296955,"(44.729, 45.261]"
1450194,306.3990124790229,610.9164505804918,1450194,350.308905,0.419595,350.308905,0.419595,232114.13+002510.5,0.503624778445702,45.16061392677532,0.0091765377599308,44.44880669773413,0.0091765377599308,-23.415494744722892,5.039634704589844,0.503624778445702,45.16061392677532,0.0091765377599308,"(44.729, 45.261]"
1452205,36.934116781416165,68.48649468162866,1452205,346.4988148099766,1.16584855695961,346.4988148099766,1.16584855695961,230559.71+010957.0,0.9659567928465794,45.21960835086028,0.013802023602448,44.507801121819085,0.013802023602448,-23.027171618638132,3.5090622901916504,0.9659567928465794,45.21960835086028,0.013802023602448,"(44.729, 45.261]"
1451412,69.45443218235626,108.7403807683065,1451412,348.0211221693594,-0.3824915235281844,348.0211221693594,-0.3824915235281844,231205.06-002256.9,0.7009527515002412,45.07602388988177,0.0065439621332963,44.364216660840576,0.0065439621332963,-22.774903925079702,4.673162937164307,0.7009527515002412,45.07602388988177,0.0065439621332963,"(44.729, 45.261]"
1400666,25.20569268956281,70.43948388003946,1400666,34.00317916770757,0.2973507339652017,34.00317916770757,0.2973507339652017,021600.76+001750.4,0.9246517216023585,45.11035099003286,0.0097180717759854,44.39854376099167,0.0097180717759854,-23.230413488590106,3.574327230453491,0.9246517216023585,45.11035099003286,0.0097180717759854,"(44.729, 45.261]"
1418663,59.204643160339046,146.00386957408716,1418663,20.80564732043905,1.241484565340899,20.80564732043905,1.241484565340899,012313.35+011429.3,0.467091909421939,44.85303965684715,0.0040402161123047,44.14123242780596,0.0040402161123047,-22.829628047923325,8.621503829956055,0.467091909421939,44.85303965684715,0.0040402161123047,"(44.729, 45.261]"
1435044,38.28129159274562,89.08096942345583,1435044,8.104194675990584,-0.5178309176986504,8.104194675990584,-0.5178309176986504,003225.00-003104.1,0.5949162306679692,45.015035096340206,0.0030318115045844,44.303227867299015,0.0030318115045844,-22.918487289842545,7.009280204772949,0.5949162306679692,45.015035096340206,0.0030318115045844,"(44.729, 45.261]"
1414610,71.06940099695191,196.0697592653885,1414610,23.74169346687662,-0.7174685858889015,23.74169346687662,-0.7174685858889015,013458.00-004302.8,0.6710560390134411,45.16420155229645,0.004511710602344,44.452394323255255,0.004511710602344,-23.34705708196293,6.564935684204102,0.6710560390134411,45.16420155229645,0.004511710602344,"(44.729, 45.261]"
1413865,63.669062265150416,142.20654196995207,1413865,24.28641,-1.121908,24.28641,-1.121908,013708.73-010718.8,0.49440140337026306,45.254394647571004,0.006996608499147,44.54258741852981,0.006996608499147,-23.14419333326732,6.698626518249512,0.49440140337026306,45.254394647571004,0.006996608499147,"(44.729, 45.261]"
1458954,77.47434540573977,207.18517795517613,1458954,333.5410362413109,0.876116488387924,333.5410362413109,0.876116488387924,221409.84+005234.0,0.908561229816896,45.18779435353057,0.007760280694093,44.47598712448938,0.007760280694093,-23.490661523800103,4.827054023742676,0.908561229816896,45.18779435353057,0.007760280694093,"(44.729, 45.261]"
1441112,115.5465761871949,204.5063012398878,1441112,3.074634898667398,-1.087078380516425,3.074634898667398,-1.087078380516425,001217.91-010513.4,0.8589716502627422,45.16091251900603,0.0063391443630074,44.44910528996484,0.0063391443630074,-22.98934540354536,3.6179022789001465,0.8589716502627422,45.16091251900603,0.0063391443630074,"(44.729, 45.261]"
1417234,41.1910478028953,150.02836027976883,1417234,21.91051767478774,-0.5410034156700068,21.91051767478774,-0.5410034156700068,012738.52-003227.6,0.863174189623025,45.144779630387994,0.0070383921035492,44.4329724013468,0.0070383921035492,-22.64066617254552,3.5700879096984863,0.863174189623025,45.144779630387994,0.0070383921035492,"(44.729, 45.261]"
1403562,20.12012511562737,64.87610125774967,1403562,31.978122221724117,0.0252329837634506,31.978122221724117,0.0252329837634506,020754.74+000130.8,0.8570382210246373,45.19337916219531,0.0050947757351238,44.48157193315412,0.0050947757351238,-23.060952281152066,4.718311309814453,0.8570382210246373,45.19337916219531,0.0050947757351238,"(44.729, 45.261]"
1405534,1322.401367425201,3413.2022884888534,1405534,30.5917062773828,1.0991972954997478,30.5917062773828,1.0991972954997478,020222.00+010557.1,0.5016367890311518,44.80256808473654,0.0067655148263661,44.09076085569535,0.0067655148263661,-23.39942756877022,5.359084606170654,0.5016367890311518,44.80256808473654,0.0067655148263661,"(44.729, 45.261]"
1396872,96.20513211629064,184.00336948075844,1396872,36.56704764131443,0.0591180640641341,36.56704764131443,0.0591180640641341,022616.09+000332.8,0.8816856402297639,45.25765344620324,0.007075290158891,44.54584621716205,0.007075290158891,-23.009129385810233,5.464870452880859,0.8816856402297639,45.25765344620324,0.007075290158891,"(44.729, 45.261]"
1393040,286.7575136329133,642.9978781419945,1393040,39.22785092849222,0.3784466643498392,39.22785092849222,0.3784466643498392,023654.68+002242.4,0.43298291572258624,44.94405446408087,0.0038012672720668,44.23224723503968,0.0038012672720668,-22.52626698231609,13.854475021362305,0.43298291572258624,44.94405446408087,0.0038012672720668,"(44.729, 45.261]"
1438752,74.3223790344315,216.43157726766023,1438752,5.023628313351594,1.1429361222344492,5.023628313351594,1.1429361222344492,002005.67+010834.5,0.7434973621470282,45.13159011755983,0.0092742185542,44.41978288851864,0.0092742185542,-22.930879530057478,4.020447731018066,0.7434973621470282,45.13159011755983,0.0092742185542,"(44.729, 45.261]"
1420154,99.42190339258562,234.82761527983732,1420154,19.72464109046571,-1.048374382360196,19.72464109046571,-1.048374382360196,011853.91-010254.1,0.6679859922539406,45.04203852647281,0.0049198892394031,44.33023129743162,0.0049198892394031,-23.110166991206974,4.9852142333984375,0.6679859922539406,45.04203852647281,0.0049198892394031,"(44.729, 45.261]"
1422491,233.01712317659684,549.613062357132,1422491,17.87523600175524,0.5478170114982718,17.87523600175524,0.5478170114982718,011130.05+003252.1,0.9803212304308202,45.21489546670068,0.009418120872759,44.50308823765949,0.009418120872759,-22.311157017866513,4.225757598876953,0.9803212304308202,45.21489546670068,0.009418120872759,"(44.729, 45.261]"
1412370,64.89430520784863,139.89163350124394,1412370,25.35697665115231,-0.0540837204727982,25.35697665115231,-0.0540837204727982,014125.67-000314.7,0.9146571383901424,45.045329884566975,0.0097136543452585,44.33352265552578,0.0097136543452585,-23.55697055598151,3.025099992752075,0.9146571383901424,45.045329884566975,0.0097136543452585,"(44.729, 45.261]"
1427523,80.18493227969913,147.77069534385782,1427523,13.872671166433022,-0.0647099820412817,13.872671166433022,-0.0647099820412817,005529.44-000352.9,0.5751356879884539,44.85645699689077,0.0058254287948642,44.14464976784958,0.0058254287948642,-22.484318351888618,5.062532901763916,0.5751356879884539,44.85645699689077,0.0058254287948642,"(44.729, 45.261]"
1401120,93.88472851941432,325.4656911435317,1401120,33.67313976234857,0.96864571380956,33.67313976234857,0.96864571380956,021441.55+005807.1,0.8504829192299306,45.02643846138835,0.0100843985590017,44.31463123234716,0.0100843985590017,-22.438471194762993,3.11191987991333,0.8504829192299306,45.02643846138835,0.0100843985590017,"(44.729, 45.261]"
1448463,62.706297767399626,98.45022259246235,1448463,353.5570287856995,-1.167473857540652,353.5570287856995,-1.167473857540652,233413.68-011002.9,0.5441757880960614,44.86590986303716,0.0093553129764707,44.15410263399597,0.0093553129764707,-22.60924921666792,5.224374771118164,0.5441757880960614,44.86590986303716,0.0093553129764707,"(44.729, 45.261]"
1424945,57.257523490547975,88.51945304393406,1424945,15.954396707320337,-0.2759875437902742,15.954396707320337,-0.2759875437902742,010349.05-001633.5,1.1849793585080493,45.2325197257818,0.0104821786111592,44.52071249674061,0.0104821786111592,-22.586180726939993,3.787675619125366,1.1849793585080493,45.2325197257818,0.0104821786111592,"(44.729, 45.261]"
1463555,16.665856632732353,42.39105464457732,1463555,324.79971559734065,-0.597655498674082,324.79971559734065,-0.597655498674082,213911.93-003551.5,0.8807628699765504,45.18501501982151,0.0100247310728605,44.47320779078032,0.0100247310728605,-23.288506889058233,3.585834264755249,0.8807628699765504,45.18501501982151,0.0100247310728605,"(44.729, 45.261]"
1442458,52.98443112001535,119.06314700321909,1442458,1.9226242146930872,1.202633765447136,1.9226242146930872,1.202633765447136,000741.42+011209.4,0.7773767186203501,45.18529759157008,0.0056957319883359,44.473490362528885,0.0056957319883359,-23.34409879681992,5.048493385314941,0.7773767186203501,45.18529759157008,0.0056957319883359,"(44.729, 45.261]"
1397678,66.48860610130332,123.77342580204974,1397678,36.01839446589124,0.0851715358999666,36.01839446589124,0.0851715358999666,022404.41+000506.6,0.8022277353131549,45.25494759498598,0.0095655484932315,44.54314036594479,0.0095655484932315,-23.31158777653378,4.835119724273682,0.8022277353131549,45.25494759498598,0.0095655484932315,"(44.729, 45.261]"
1448374,48.93331427731751,117.61353103433052,1448374,353.7140375389723,-1.1429848985932352,353.7140375389723,-1.1429848985932352,233451.36-010834.7,0.6570124333280335,45.08931118136984,0.0044093558368238,44.377503952328645,0.0044093558368238,-22.486456553071736,4.9886064529418945,0.6570124333280335,45.08931118136984,0.0044093558368238,"(44.729, 45.261]"
1411533,15.596228701752128,25.694556960800988,1411533,25.92129330893181,1.1819209521952458,25.92129330893181,1.1819209521952458,014341.11+011054.9,1.099848818244525,45.15275483795577,0.007156472379421,44.44094760891458,0.007156472379421,-23.102853941213525,3.465189218521118,1.099848818244525,45.15275483795577,0.007156472379421,"(44.729, 45.261]"
1456343,86.00533183097286,270.15179043994743,1456343,338.48619279354426,-0.295508076319785,338.48619279354426,-0.295508076319785,223356.68-001743.8,0.43916896883877937,45.022740970433446,0.0043893941471111,44.310933741392255,0.0043893941471111,-22.769069023701295,12.75200080871582,0.43916896883877937,45.022740970433446,0.0043893941471111,"(44.729, 45.261]"
1450026,16.318710161005917,103.0577675444868,1450026,350.57927474665,1.1970378621661542,350.57927474665,1.1970378621661542,232219.02+011149.3,0.8233625431507734,45.18577034850813,0.0099108797307287,44.47396311946694,0.0099108797307287,-23.798336995713246,4.950312614440918,0.8233625431507734,45.18577034850813,0.0099108797307287,"(44.729, 45.261]"
1412839,59.13734293273744,136.57565383562846,1412839,25.04122550026036,-1.1514127473669478,25.04122550026036,-1.1514127473669478,014009.89-010905.0,0.47063052305258213,44.92134659136032,0.0042636635897785,44.20953936231913,0.0042636635897785,-22.818161371517565,11.54096794128418,0.47063052305258213,44.92134659136032,0.0042636635897785,"(44.729, 45.261]"
1429547,18.471850067182515,37.11214901335693,1429547,12.172730098168586,0.9282601407795328,12.172730098168586,0.9282601407795328,004841.45+005541.7,0.6014225999556347,44.74912865794223,0.0069792382180402,44.03732142890104,0.0069792382180402,-21.85157847558315,3.580484628677368,0.6014225999556347,44.74912865794223,0.0069792382180402,"(44.729, 45.261]"
1410222,1088.1925078963598,3562.5109406850565,1410222,26.88322080536148,-0.3387377591309103,26.88322080536148,-0.3387377591309103,014731.97-002019.4,0.5550175231266815,45.241821525873966,0.003173567075219,44.530014296832775,0.003173567075219,-23.35571206284981,17.71949005126953,0.5550175231266815,45.241821525873966,0.003173567075219,"(44.729, 45.261]"
1397937,26.420850787459216,55.28558048181172,1397937,35.83352086014646,0.4779795111537898,35.83352086014646,0.4779795111537898,022320.04+002840.7,0.9220828558864915,45.15302946642427,0.01107364226878,44.44122223738308,0.01107364226878,-23.292048121809362,3.167022228240967,0.9220828558864915,45.15302946642427,0.01107364226878,"(44.729, 45.261]"
1411340,53.85066074265813,124.21820310926444,1411340,26.064947585078528,-0.2058813165919836,26.064947585078528,-0.2058813165919836,014415.58-001221.1,1.0337989907967542,45.13952068286137,0.0157359180288594,44.427713453820175,0.0157359180288594,-23.22305744612519,3.4925835132598877,1.0337989907967542,45.13952068286137,0.0157359180288594,"(44.729, 45.261]"
1396117,14.792817801057156,35.11538247828872,1396117,37.10064381670341,-0.4813082779745767,37.10064381670341,-0.4813082779745767,022824.15-002852.7,0.805206425250202,44.78764207676737,0.0065603594370813,44.07583484772618,0.0065603594370813,-22.699113389821203,4.309243202209473,0.805206425250202,44.78764207676737,0.0065603594370813,"(44.729, 45.261]"
1445663,80.69867132292028,122.14124530115934,1445663,358.6914953576753,0.9231834759970412,358.6914953576753,0.9231834759970412,235445.95+005523.4,0.7534716154640337,45.069867658559154,0.01001509358078323,44.35806042951796,0.01001509358078323,-25.39310053572628,3.4963536262512207,0.7534716154640337,45.069867658559154,0.01001509358078323,"(44.729, 45.261]"
1434170,12.58363956111634,47.84438174263992,1434170,8.791898364098245,-0.8734999027020627,8.791898364098245,-0.8734999027020627,003510.05-005224.5,0.680087545628225,44.84845100308313,0.0086190657572515,44.136643774041936,0.0086190657572515,-22.55145900382042,3.6694798469543457,0.680087545628225,44.84845100308313,0.0086190657572515,"(44.729, 45.261]"
1451925,57.09768904705725,67.2146509954654,1451925,347.0763632209786,-0.1283798200640646,347.0763632209786,-0.1283798200640646,230818.32-000742.1,0.7468577195769378,44.783496763746506,0.0096624755737337,44.071689534705314,0.0096624755737337,-22.985731564647562,3.7435221672058105,0.7468577195769378,44.783496763746506,0.0096624755737337,"(44.729, 45.261]"
1426363,33.792446817232964,83.65862854717591,1426363,14.840240770497104,-0.5032038087096844,14.840240770497104,-0.5032038087096844,005921.65-003011.5,0.681126239652717,44.78338529305206,0.0069367540415896,44.07157806401087,0.0069367540415896,-22.46451891548432,4.828292369842529,0.681126239652717,44.78338529305206,0.0069367540415896,"(44.729, 45.261]"
1449726,184.13660273400168,166.20750249514214,1449726,351.1448276898753,-0.4241120208185049,351.1448276898753,-0.4241120208185049,232434.75-002526.8,0.5898174276581484,44.818936126413604,0.0078488885384864,44.10712889737241,0.0078488885384864,-22.508429414964894,5.479452610015869,0.5898174276581484,44.818936126413604,0.0078488885384864,"(44.729, 45.261]"
1451235,130.16249267233832,318.5710974578691,1451235,348.3095463579882,-0.8499657187895289,348.3095463579882,-0.8499657187895289,231314.29-005059.8,0.84993877588526,45.069343340216705,0.0066897628637541,44.35753611117551,0.0066897628637541,-22.351266721877646,4.081023693084717,0.84993877588526,45.069343340216705,0.0066897628637541,"(44.729, 45.261]"
1426796,63.90784667161781,187.28346573873307,1426796,14.450478,0.379564,14.450478,0.379564,005748.11+002246.4,0.4820735353493058,44.89188614839857,0.0139198800026143,44.18007891935738,0.0139198800026143,-22.744611345098292,3.536867141723633,0.4820735353493058,44.89188614839857,0.0139198800026143,"(44.729, 45.261]"
1429412,39.47024536972343,112.2882413268938,1429412,12.294199492275084,-0.8801359452590763,12.294199492275084,-0.8801359452590763,004910.60-005248.4,0.6314515242329798,44.76811125263249,0.0094201238793907,44.056304023591295,0.0094201238793907,-22.58816527595896,4.087856769561768,0.6314515242329798,44.76811125263249,0.0094201238793907,"(44.729, 45.261]"
1466004,34.39256179745597,180.74824593152164,1466004,320.48402913548387,-1.1036137101359045,320.48402913548387,-1.1036137101359045,212156.16-010613.0,0.708298433052186,45.12634361918524,0.0055763224251101,44.41453639014405,0.0055763224251101,-23.412986970758084,5.248469352722168,0.708298433052186,45.12634361918524,0.0055763224251101,"(44.729, 45.261]"
1416806,17.799305520305555,45.02917128404682,1416806,22.185293639157976,1.0897048701782754,22.185293639157976,1.0897048701782754,012844.47+010522.9,0.8874032331610084,45.05894128183774,0.0126820755459355,44.34713405279655,0.0126820755459355,-22.58188153493643,3.2183148860931396,0.8874032331610084,45.05894128183774,0.0126820755459355,"(44.729, 45.261]"
1430988,47.06886736138521,106.67772871952106,1430988,11.112488656780272,0.908848648006422,11.112488656780272,0.908848648006422,004426.99+005431.8,0.6247234071849267,44.77280630237031,0.0073473077726404,44.06099907332912,0.0073473077726404,-22.659045877907623,3.0490033626556396,0.6247234071849267,44.77280630237031,0.0073473077726404,"(44.729, 45.261]"
1437051,46.798846371126295,112.18731489402892,1437051,6.475423752448819,-0.4627420695813909,6.475423752448819,-0.4627420695813909,002554.10-002745.8,0.9850471218030428,45.146675153944514,0.0193979738714915,44.43486792490332,0.0193979738714915,-22.978815026450352,3.242096424102783,0.9850471218030428,45.146675153944514,0.0193979738714915,"(44.729, 45.261]"
1449607,41.493968440426855,81.22364019143019,1449607,351.372636,-0.793074,351.372636,-0.793074,232529.43-004735.0,0.629863357126984,45.21282372197556,0.0074116419348335,44.50101649293437,0.0074116419348335,-23.23808853780869,4.040189743041992,0.629863357126984,45.21282372197556,0.0074116419348335,"(44.729, 45.261]"
1449899,32.83183816706596,98.01366427961808,1449899,350.8146674232486,0.0524764360213944,350.8146674232486,0.0524764360213944,232315.52+000308.9,0.9303420998512297,45.24049749010056,0.0075203166688346,44.52869026105937,0.0075203166688346,-23.514986273713706,3.976861000061035,0.9303420998512297,45.24049749010056,0.0075203166688346,"(44.729, 45.261]"
1462582,44.99526504246163,116.15090522477924,1462582,326.508212873013,-0.9442193318762608,326.508212873013,-0.9442193318762608,214601.97-005639.1,0.677719095554433,44.96579958752789,0.0045821505301262,44.2539923584867,0.0045821505301262,-23.139213787315434,4.471731185913086,0.677719095554433,44.96579958752789,0.0045821505301262,"(44.729, 45.261]"
1437343,999.4079844667698,1800.0963923290158,1437343,6.210420507240997,0.5799181705433725,6.210420507240997,0.5799181705433725,002450.50+003447.7,0.523303485835618,45.1298728694613,0.0039249956095197,44.41806564042011,0.0039249956095197,-23.388775118702696,11.390769958496094,0.523303485835618,45.1298728694613,0.0039249956095197,"(44.729, 45.261]"
1440992,75.94652541842746,174.9245799456213,1440992,3.182038257295119,0.4891310651940236,3.182038257295119,0.4891310651940236,001243.68+002920.8,0.6625110873909533,44.972247837828995,0.0049614908482382,44.2604406087878,0.0049614908482382,-23.165093410607245,3.987018346786499,0.6625110873909533,44.972247837828995,0.0049614908482382,"(44.729, 45.261]"
1464972,65.98031210664168,148.881080337103,1464972,322.3013743926209,0.8373099578325517,322.3013743926209,0.8373099578325517,212912.32+005014.3,0.7757534874563347,44.87254723327304,0.0103947935874728,44.16074000423185,0.0103947935874728,-22.787472187568305,3.1606557369232178,0.7757534874563347,44.87254723327304,0.0103947935874728,"(44.729, 45.261]"
1410258,2141.1174946507485,3862.255662283329,1410258,26.86062806214227,0.3400950606025578,26.86062806214227,0.3400950606025578,014726.55+002024.3,0.4085877367551317,44.89568526596309,0.0046626855295137,44.1838780369219,0.0046626855295137,-22.531758648155158,8.897878646850586,0.4085877367551317,44.89568526596309,0.0046626855295137,"(44.729, 45.261]"
1423993,36.9062991641941,124.16162463344324,1423993,16.659675642243748,0.5681824809940744,16.659675642243748,0.5681824809940744,010638.32+003405.4,0.5877945972968037,44.783843507315495,0.006591871985577313,44.072036278274304,0.006591871985577313,-25.027833105491478,4.4880266189575195,0.5877945972968037,44.783843507315495,0.006591871985577313,"(44.729, 45.261]"
1415746,87.73114733618226,84.32873023067509,1415746,22.978806701664325,0.3692917978675913,22.978806701664325,0.3692917978675913,013154.91+002209.4,0.6541326298307476,44.78698259831448,0.0095073306613393,44.07517536927329,0.0095073306613393,-22.684886544366325,4.231558322906494,0.6541326298307476,44.78698259831448,0.0095073306613393,"(44.729, 45.261]"
1460601,204.52512165925108,534.2883490894703,1460601,330.3925758010494,0.8915606739102313,330.3925758010494,0.8915606739102313,220134.21+005329.6,0.7549999321358027,45.16953889820986,0.0052646933492646,44.457731669168666,0.0052646933492646,-23.533906946528898,5.139526844024658,0.7549999321358027,45.16953889820986,0.0052646933492646,"(44.729, 45.261]"
1439653,45.68484990128631,106.36840058310987,1439653,4.285667135808865,0.740848920093348,4.285667135808865,0.740848920093348,001708.56+004427.0,0.5659567218263027,44.79424791610752,0.0041559429220185,44.08244068706633,0.0041559429220185,-21.955968303301063,4.608154296875,0.5659567218263027,44.79424791610752,0.0041559429220185,"(44.729, 45.261]"
1402662,60.84027210697059,110.82317182425696,1402662,32.62463787041537,1.022932657586905,32.62463787041537,1.022932657586905,021029.91+010122.5,0.6344297485620204,44.78188370261218,0.0062498848411216,44.070076473570985,0.0062498848411216,-22.588088267501785,4.354668617248535,0.6344297485620204,44.78188370261218,0.0062498848411216,"(44.729, 45.261]"
1434403,216.72771726070528,481.3915040889321,1434403,8.614641723654557,0.7378912259312547,8.614641723654557,0.7378912259312547,003427.51+004416.4,0.6321446412150579,45.039505909815674,0.0056118044352899,44.32769868077448,0.0056118044352899,-23.035482623343082,6.32088041305542,0.6321446412150579,45.039505909815674,0.0056118044352899,"(44.729, 45.261]"
1449564,200.5897767117402,437.03100707481326,1449564,351.4754460418648,-0.6680642006704972,351.4754460418648,-0.6680642006704972,232554.10-004005.0,0.6653405594425515,45.05176400203977,0.0066445247293955,44.339956772998576,0.0066445247293955,-22.383456915155314,5.695045471191406,0.6653405594425515,45.05176400203977,0.0066445247293955,"(44.729, 45.261]"
1434574,75.45685981320665,207.2059501822792,1434574,8.486248736584116,0.4829751967685521,8.486248736584116,0.4829751967685521,003356.69+002858.7,0.8139275369712806,44.99842411220325,0.0110849059407556,44.28661688316206,0.0110849059407556,-23.02733468995195,3.01926589012146,0.8139275369712806,44.99842411220325,0.0110849059407556,"(44.729, 45.261]"
1465043,198.57457127145537,442.56823025363366,1465043,322.1809149454268,0.4099062115180946,322.1809149454268,0.4099062115180946,212843.41+002435.6,0.34662006356171005,45.0180261971282,0.0053244433375887,44.30621896808701,0.0053244433375887,-22.634443724482544,16.354114532470703,0.34662006356171005,45.0180261971282,0.0053244433375887,"(44.729, 45.261]"
1450118,22.545910634123405,40.63262095077586,1450118,350.43012033662154,0.1052884594689582,350.43012033662154,0.1052884594689582,232143.22+000619.0,0.870739103879132,45.140322615176935,0.0061636907473889,44.42851538613574,0.0061636907473889,-22.819212091621516,4.201973915100098,0.870739103879132,45.140322615176935,0.0061636907473889,"(44.729, 45.261]"
1449403,45.66867709329606,117.8727132055994,1449403,351.75067761116657,-0.2874501278719162,351.75067761116657,-0.2874501278719162,232700.16-001714.8,0.8434696317838727,45.21965421653937,0.0064551122406868,44.507846987498176,0.0064551122406868,-23.345584993715832,3.78842830657959,0.8434696317838727,45.21965421653937,0.0064551122406868,"(44.729, 45.261]"
1420500,103.94910967116432,133.81143873292663,1420500,19.45961368976949,0.8899203815298191,19.45961368976949,0.8899203815298191,011750.30+005323.7,0.7330340736270856,44.738237709852626,0.006662440020068772,44.026430480811435,0.006662440020068772,-25.87454007092966,4.321489334106445,0.7330340736270856,44.738237709852626,0.006662440020068772,"(44.729, 45.261]"
1437755,35.76352754701376,73.58810300782575,1437755,5.878445122978405,1.177401580519821,5.878445122978405,1.177401580519821,002330.82+011038.6,0.9360262327312537,45.2487776976309,0.0090826541052173,44.53697046858971,0.0090826541052173,-22.921062886317554,3.2306838035583496,0.9360262327312537,45.2487776976309,0.0090826541052173,"(44.729, 45.261]"
1466059,34.257688528422904,121.72238364,1466059,320.3846192707739,-1.115874332305694,320.3846192707739,-1.115874332305694,212132.30-010657.1,0.8834104422409377,45.22674098071855,0.007113002544191,44.51493375167736,0.007113002544191,-23.84432471615547,4.253169536590576,0.8834104422409377,45.22674098071855,0.007113002544191,"(44.729, 45.261]"
1444110,261.01060602498984,584.8287891411724,1444110,0.579628,0.375815,0.579628,0.375815,000219.11+002232.9,0.5479511631343538,45.21425360648726,0.0047507732255205,44.50244637744607,0.0047507732255205,-23.13020680357475,7.214864253997803,0.5479511631343538,45.21425360648726,0.0047507732255205,"(44.729, 45.261]"
1432562,15.535164090025312,40.19529076526472,1432562,9.995550006408166,0.4730563861667412,9.995550006408166,0.4730563861667412,003958.93+002823.0,0.7993190557354164,44.89646306669624,0.0085347199342002,44.18465583765505,0.0085347199342002,-22.979627359904224,3.5029377937316895,0.7993190557354164,44.89646306669624,0.0085347199342002,"(44.729, 45.261]"
1425556,69.8228530205393,110.20300506746813,1425556,15.483978882366593,0.4710688202568258,15.483978882366593,0.4710688202568258,010156.15+002815.8,0.71806141852039,44.83317632829784,0.00680289647741,44.12136909925665,0.00680289647741,-21.947531942648855,5.398566246032715,0.71806141852039,44.83317632829784,0.00680289647741,"(44.729, 45.261]"
1441198,59.79788482500963,168.24311984470518,1441198,2.989311068586156,0.1013863122810677,2.989311068586156,0.1013863122810677,001157.43+000604.9,0.5827627611040996,44.81691940809108,0.0058803783392349,44.10511217904989,0.0058803783392349,-22.894803898751377,6.790774345397949,0.5827627611040996,44.81691940809108,0.0058803783392349,"(44.729, 45.261]"
1400465,417.8203656459438,868.1970401813026,1400465,34.141749,-0.966451,34.141749,-0.966451,021634.01-005759.2,0.4377449400246555,44.98451220482799,0.0058841956733814,44.2727049757868,0.0058841956733814,-23.051158290578396,6.636392593383789,0.4377449400246555,44.98451220482799,0.0058841956733814,"(44.729, 45.261]"
1401170,1138.6392845369,1116.8324172373789,1401170,33.64409750764065,1.0188522321132998,33.64409750764065,1.0188522321132998,021434.58+010107.8,0.4621012944235039,44.95896464178169,0.0040912585534691,44.2471574127405,0.0040912585534691,-22.708166779889066,10.6283597946167,0.4621012944235039,44.95896464178169,0.0040912585534691,"(44.729, 45.261]"
1451998,145.58063180686298,204.7671561815143,1451998,346.93807928271656,-0.0259679655979362,346.93807928271656,-0.0259679655979362,230745.13-000133.4,0.459604692209129,44.82306199465235,0.0067239321731058,44.11125476561116,0.0067239321731058,-21.68729546587478,6.295229434967041,0.459604692209129,44.82306199465235,0.0067239321731058,"(44.729, 45.261]"
1414248,64.47552015794336,170.70767534000643,1414248,23.98640262389354,-1.2165967395552972,23.98640262389354,-1.2165967395552972,013556.73-011259.7,0.8919543370195551,45.008945046541754,0.0129711334191391,44.29713781750056,0.0129711334191391,-23.583141713697565,3.0607986450195312,0.8919543370195551,45.008945046541754,0.0129711334191391,"(44.729, 45.261]"
1400345,774.349309558616,1957.470701785788,1400345,34.232786927639154,-0.8747287445107065,34.232786927639154,-0.8747287445107065,021655.86-005229.0,0.27784128304068806,44.994092327986785,0.0018624569377365,44.28228509894559,0.0018624569377365,-22.686762798231396,24.05895233154297,0.27784128304068806,44.994092327986785,0.0018624569377365,"(44.729, 45.261]"
1422344,19.62760863367356,67.71595382919891,1422344,17.998275,-0.270626,17.998275,-0.270626,011159.58-001614.2,0.4587013460261126,44.90830442295284,0.0082824101070073,44.19649719391165,0.0082824101070073,-22.50814179944319,5.142919540405273,0.4587013460261126,44.90830442295284,0.0082824101070073,"(44.729, 45.261]"
1444975,16.742985815551535,47.44256875199554,1444975,359.7645344690831,-0.0261917715580713,359.7645344690831,-0.0261917715580713,235903.48-000134.2,0.5845442288930869,44.861070680752654,0.0067952679992551,44.14926345171146,0.0067952679992551,-22.793987744563665,4.626322269439697,0.5845442288930869,44.861070680752654,0.0067952679992551,"(44.729, 45.261]"
1429519,52.61990157514109,122.25446212466436,1429519,12.193697604827491,-0.5520694642300585,12.193697604827491,-0.5520694642300585,004846.48-003307.4,1.1009225079112286,45.23394541157354,0.0086609508786601,44.52213818253235,0.0086609508786601,-23.226736359388326,3.106992244720459,1.1009225079112286,45.23394541157354,0.0086609508786601,"(44.729, 45.261]"
1408395,42.09640520342003,106.27519140159498,1408395,28.293931205685283,-0.702329538307865,28.293931205685283,-0.702329538307865,015310.54-004208.3,0.7045523939950405,45.05720210181535,0.0043962613390178,44.34539487277416,0.0043962613390178,-22.79181572100475,5.156131744384766,0.7045523939950405,45.05720210181535,0.0043962613390178,"(44.729, 45.261]"
1423647,44.45478823180066,137.0347540538638,1423647,16.922297989903583,-0.8725448617725182,16.922297989903583,-0.8725448617725182,010741.35-005221.1,0.9105548424318367,45.23666836803567,0.0150534829707353,44.52486113899448,0.0150534829707353,-23.949187814285313,3.4890944957733154,0.9105548424318367,45.23666836803567,0.0150534829707353,"(44.729, 45.261]"
1403425,92.9761777073344,199.86836623843783,1403425,32.077661,-0.092893,32.077661,-0.092893,020818.63-000534.4,0.49387773503009974,45.04497714009921,0.0073702381178542,44.33316991105802,0.0073702381178542,-23.05233314941977,5.6547064781188965,0.49387773503009974,45.04497714009921,0.0073702381178542,"(44.729, 45.261]"
1429156,21.4682016066457,40.40267101783206,1429156,12.49754481574954,-0.6788765781124494,12.49754481574954,-0.6788765781124494,004959.41-004043.9,0.9647684878748244,45.23694269438461,0.0057048954074865,44.52513546534342,0.0057048954074865,-23.137641629312792,4.485462665557861,0.9647684878748244,45.23694269438461,0.0057048954074865,"(44.729, 45.261]"
1460330,862.8515806408734,2359.273449122866,1460330,330.8847956239042,0.7336791436993024,330.8847956239042,0.7336791436993024,220332.35+004401.2,0.36890527671033113,45.18225993961054,0.0023798116349702,44.47045271056935,0.0023798116349702,-24.048954979871688,23.282011032104492,0.36890527671033113,45.18225993961054,0.0023798116349702,"(44.729, 45.261]"
1407350,1019.3957604397608,2087.2787935738297,1407350,29.121103633469424,0.1234249870296044,29.121103633469424,0.1234249870296044,015629.06+000724.3,0.3605274342332117,45.24230857437214,0.002044753871953,44.53050134533095,0.002044753871953,-23.38600246210415,21.65808868408203,0.3605274342332117,45.24230857437214,0.002044753871953,"(44.729, 45.261]"
1398617,14.4439441417651,48.29828286065165,1398617,35.39831986116548,-1.0810777978669772,35.39831986116548,-1.0810777978669772,022135.59-010451.8,1.1777913500462076,45.24521315027543,0.0128070444021481,44.53340592123424,0.0128070444021481,-23.189508962252447,3.3159823417663574,1.1777913500462076,45.24521315027543,0.0128070444021481,"(44.729, 45.261]"
1412282,233.29919037409783,575.332710938971,1412282,25.40833462412081,1.1688232982916529,25.40833462412081,1.1688232982916529,014138.00+011007.7,0.6097896576472737,45.143529431560744,0.0065666887227529,44.43172220251955,0.0065666887227529,-22.563390635050137,7.650156021118164,0.6097896576472737,45.143529431560744,0.0065666887227529,"(44.729, 45.261]"
1450783,96.41828541955802,164.06727946376503,1450783,349.197576,0.65902,349.197576,0.65902,231647.41+003932.4,0.5799817487297028,45.17000956590909,0.0105293916720583,44.4582023368679,0.0105293916720583,-22.96985765938617,3.8400719165802,0.5799817487297028,45.17000956590909,0.0105293916720583,"(44.729, 45.261]"
1400779,68.42926641065384,311.9531066996756,1400779,33.921383,-1.047496,33.921383,-1.047496,021541.13-010250.9,0.5095631372820172,45.03151421930484,0.0101021890022323,44.31970699026365,0.0101021890022323,-23.46822318932989,5.103425025939941,0.5095631372820172,45.03151421930484,0.0101021890022323,"(44.729, 45.261]"
1409451,335.3647396363753,670.9262479775638,1409451,27.465236745963608,0.4267907746116715,27.465236745963608,0.4267907746116715,014951.65+002536.4,0.2525057247208946,44.772176518404876,0.0036491520440975,44.060369289363685,0.0036491520440975,-22.324177027218784,19.177169799804688,0.2525057247208946,44.772176518404876,0.0036491520440975,"(44.729, 45.261]"
1465305,14.55129656018688,31.662008362882325,1465305,321.6787024959349,0.8291651742417997,321.6787024959349,0.8291651742417997,212642.88+004944.9,0.7710699541847812,44.98003126067702,0.004728996999205,44.26822403163583,0.004728996999205,-22.524047050470646,4.35762357711792,0.7710699541847812,44.98003126067702,0.004728996999205,"(44.729, 45.261]"
1463399,67.17881312131868,101.2114595639888,1463399,325.09432098521233,0.1014581039089449,325.09432098521233,0.1014581039089449,214022.63+000605.2,0.5238369028026568,44.77725453897193,0.0057174540897406,44.06544730993074,0.0057174540897406,-22.20254061524647,4.872572422027588,0.5238369028026568,44.77725453897193,0.0057174540897406,"(44.729, 45.261]"
1440608,31.559466910061392,56.506681959960375,1440608,3.5030003562383314,-0.214160027509272,3.5030003562383314,-0.214160027509272,001400.72-001250.9,0.7418869067007621,44.95705384499337,0.0074913401718497,44.245246615952176,0.0074913401718497,-23.5471286689268,5.3729963302612305,0.7418869067007621,44.95705384499337,0.0074913401718497,"(44.729, 45.261]"
1395169,22.998475918525305,96.22689750053888,1395169,37.72118622641352,-1.04327262753249,37.72118622641352,-1.04327262753249,023053.08-010235.7,0.6693306351522044,45.20673565394869,0.004106280268509,44.4949284249075,0.004106280268509,-23.05851120384606,6.129053115844727,0.6693306351522044,45.20673565394869,0.004106280268509,"(44.729, 45.261]"
1406372,416.0161242140954,775.6526030094296,1406372,29.941348,0.089281,29.941348,0.089281,015945.92+000521.4,0.38905181320234433,45.21506766508648,0.0042231868746611,44.50326043604529,0.0042231868746611,-23.058623815232007,11.287257194519043,0.38905181320234433,45.21506766508648,0.0042231868746611,"(44.729, 45.261]"
1407212,66.07407949396743,296.5942958947093,1407212,29.24335296299921,0.2710840031228965,29.24335296299921,0.2710840031228965,015658.40+001615.9,0.35953763987494414,44.97016550664373,0.0064385024867483,44.25835827760254,0.0064385024867483,-23.0676204408196,11.824877738952637,0.35953763987494414,44.97016550664373,0.0064385024867483,"(44.729, 45.261]"
1413877,15.122377859215376,47.93113428591207,1413877,24.274476993156554,-1.004846588722182,24.274476993156554,-1.004846588722182,013705.87-010017.4,0.7424654876411187,45.170229800301584,0.0085480642014061,44.45842257126039,0.0085480642014061,-22.97707323992478,4.642665386199951,0.7424654876411187,45.170229800301584,0.0085480642014061,"(44.729, 45.261]"
1446811,40.08679290631397,316.0746563158286,1446811,356.7378448180945,0.7552280722989005,356.7378448180945,0.7552280722989005,234657.08+004518.8,0.6036054189508354,45.03321798202826,0.0054030809858929,44.32141075298707,0.0054030809858929,-23.146172016040754,7.84100341796875,0.6036054189508354,45.03321798202826,0.0054030809858929,"(44.729, 45.261]"
1438356,18.34240655338759,29.163883187259582,1438356,5.379071700672625,0.6134001319668522,5.379071700672625,0.6134001319668522,002130.97+003648.2,0.9768540583284109,45.23293156004489,0.0102330624181412,44.5211243310037,0.0102330624181412,-23.5682775651092,3.150756597518921,0.9768540583284109,45.23293156004489,0.0102330624181412,"(44.729, 45.261]"
1410175,68.97018742754398,177.80860518981848,1410175,26.92278413642441,-0.6095244273693756,26.92278413642441,-0.6095244273693756,014741.46-003634.2,0.6134947356349589,44.937316550914545,0.0050982411113942,44.22550932187335,0.0050982411113942,-23.48743831233224,6.797284126281738,0.6134947356349589,44.937316550914545,0.0050982411113942,"(44.729, 45.261]"
1449718,72.20634997087168,172.34411838578967,1449718,351.160505,-0.097939,351.160505,-0.097939,232438.52-000552.5,0.6112619908663134,45.173297458247305,0.0074694854475545,44.46149022920611,0.0074694854475545,-23.432188021932557,3.5358521938323975,0.6112619908663134,45.173297458247305,0.0074694854475545,"(44.729, 45.261]"
1394449,26.23078849030611,109.5053196124875,1394449,38.198291774153205,-0.8876646008043809,38.198291774153205,-0.8876646008043809,023247.59-005315.5,0.9499039956482136,45.20687651754334,0.0114384484718463,44.49506928850215,0.0114384484718463,-23.642548701368423,3.3540079593658447,0.9499039956482136,45.20687651754334,0.0114384484718463,"(44.729, 45.261]"
1403410,79.91564209579212,122.61755208519104,1403410,32.098084,0.747268,32.098084,0.747268,020823.54+004450.1,0.4939624924645039,44.840572733766734,0.0139432699048889,44.12876550472554,0.0139432699048889,-22.973172599543222,3.583275318145752,0.4939624924645039,44.840572733766734,0.0139432699048889,"(44.729, 45.261]"
1418807,313.7743021588474,369.19740559627024,1418807,20.68408310254017,0.3703787094826606,20.68408310254017,0.3703787094826606,012244.17+002213.3,0.5754878398163826,44.80612672781977,0.0042878421898073,44.09431949877858,0.0042878421898073,-22.768151290238265,6.380468368530273,0.5754878398163826,44.80612672781977,0.0042878421898073,"(44.729, 45.261]"
1445736,29.444390933885582,49.3079120208638,1445736,358.5523460500177,0.5752368039439573,358.5523460500177,0.5752368039439573,235412.56+003430.8,1.0996312843114755,45.19639352972342,0.0055390226002351,44.48458630068223,0.0055390226002351,-23.149712391175157,4.224758148193359,1.0996312843114755,45.19639352972342,0.0055390226002351,"(44.729, 45.261]"
1446768,252.632114045394,243.5567132615824,1446768,356.816616,0.934162,356.816616,0.934162,234715.98+005602.9,0.4560424122837475,44.835140773398095,0.0133984696362183,44.1233335443569,0.0133984696362183,-22.761615025492926,3.8574938774108887,0.4560424122837475,44.835140773398095,0.0133984696362183,"(44.729, 45.261]"
1390067,32.53812837286102,55.76459030970569,1390067,41.28011116293453,-0.0424138157557076,41.28011116293453,-0.0424138157557076,024507.22-000232.6,0.5661611651397758,44.79442254870788,0.0065060543717585,44.08261531966669,0.0065060543717585,-22.405095193226444,4.093848705291748,0.5661611651397758,44.79442254870788,0.0065060543717585,"(44.729, 45.261]"
1452111,129.6911302926474,286.20563416622537,1452111,346.70275,0.685133,346.70275,0.685133,230648.66+004106.4,0.40528743544091317,45.17007590059077,0.0045068313182774,44.458268671549575,0.0045068313182774,-22.862649042366872,8.264450073242188,0.40528743544091317,45.17007590059077,0.0045068313182774,"(44.729, 45.261]"
1462842,35.45418475161964,294.325480094599,1462842,326.044290811778,-1.0204101066292788,326.044290811778,-1.0204101066292788,214410.62-010113.4,0.3558821595075165,45.06262924490776,0.0030243556147837,44.35082201586657,0.0030243556147837,-23.36509610239069,21.760555267333984,0.3558821595075165,45.06262924490776,0.0030243556147837,"(44.729, 45.261]"
1419108,27.88424521998773,53.35347163009042,1419108,20.48363865928128,0.0577334665707397,20.48363865928128,0.0577334665707397,012156.07+000327.8,0.7869591421837385,45.15857648710674,0.0095781686483249,44.44676925806555,0.0095781686483249,-23.184567903952892,3.4804654121398926,0.7869591421837385,45.15857648710674,0.0095781686483249,"(44.729, 45.261]"
1446637,94.65781943425728,153.59013544019564,1446637,357.0537062583671,1.006155007775017,357.0537062583671,1.006155007775017,234812.88+010022.1,0.7186356220895402,44.9370975525246,0.0081359377245355,44.22529032348341,0.0081359377245355,-22.818857498603418,3.572537899017334,0.7186356220895402,44.9370975525246,0.0081359377245355,"(44.729, 45.261]"
1420331,19.76428977317671,58.35078764351996,1420331,19.60182611393682,-0.7113429271281515,19.60182611393682,-0.7113429271281515,011824.43-004240.8,0.9283496340821439,45.22748308497899,0.0086008755270938,44.5156758559378,0.0086008755270938,-23.03035522531795,3.9280474185943604,0.9283496340821439,45.22748308497899,0.0086008755270938,"(44.729, 45.261]"
1423028,41.348558874376366,507.0361918632392,1423028,17.401221,0.974861,17.401221,0.974861,010936.29+005829.4,0.5876296790169999,44.959166067457275,0.0122226735530368,44.24735883841608,0.0122226735530368,-22.978580011208628,3.5471434593200684,0.5876296790169999,44.959166067457275,0.0122226735530368,"(44.729, 45.261]"
1440298,12.597302400945894,39.27131689670068,1440298,3.7662772940392415,0.3538165668707799,3.7662772940392415,0.3538165668707799,001503.90+002113.7,1.1088790600288734,45.242599410278224,0.0172179391409841,44.53079218123703,0.0172179391409841,-23.331114790924413,3.1090824604034424,1.1088790600288734,45.242599410278224,0.0172179391409841,"(44.729, 45.261]"
1438319,130.07250167182585,295.73691289297426,1438319,5.407156424329571,1.0464200717632974,5.407156424329571,1.0464200717632974,002137.71+010247.1,0.7113908448374212,45.0803614197637,0.0106974091339502,44.368554190722506,0.0106974091339502,-22.432545544706528,3.9634182453155518,0.7113908448374212,45.0803614197637,0.0106974091339502,"(44.729, 45.261]"
1448444,57.74152711460949,136.40003994186944,1448444,353.59194715492885,0.8003757119165996,353.59194715492885,0.8003757119165996,233422.06+004801.3,1.0059618306462286,45.22820099383067,0.0157631832307956,44.51639376478948,0.0157631832307956,-22.981647083379453,3.2815101146698,1.0059618306462286,45.22820099383067,0.0157631832307956,"(44.729, 45.261]"
1452023,10.359951590280277,103.63957700350402,1452023,346.89820938475407,0.9262301670817498,346.89820938475407,0.9262301670817498,230735.57+005534.4,0.6270936522193293,44.886100546276325,0.005456508663947,44.17429331723513,0.005456508663947,-22.811870280145495,4.169888019561768,0.6270936522193293,44.886100546276325,0.005456508663947,"(44.729, 45.261]"
1438453,769.7458392406942,941.9250786589312,1438453,5.299911,0.236894,5.299911,0.236894,002111.97+001412.8,0.5229677341756785,44.82966757403079,0.0163923655270537,44.1178603449896,0.0163923655270537,-22.73335686557722,3.3526246547698975,0.5229677341756785,44.82966757403079,0.0163923655270537,"(44.729, 45.261]"
1403119,127.90684155441416,250.1058030274677,1403119,32.29462520505507,0.7268072332294295,32.29462520505507,0.7268072332294295,020910.71+004336.5,0.8575742238818517,44.94927627352302,0.006750613212425,44.23746904448183,0.006750613212425,-22.04805733517802,3.155702590942383,0.8575742238818517,44.94927627352302,0.006750613212425,"(44.729, 45.261]"
1431402,78.36769827205998,185.2466490547262,1431402,10.818782,0.179202,10.818782,0.179202,004316.50+001045.1,0.5806120770070887,45.112439282314995,0.007699108456336,44.4006320532738,0.007699108456336,-23.340227357881282,5.58864164352417,0.5806120770070887,45.112439282314995,0.007699108456336,"(44.729, 45.261]"
1402749,10.044224215866068,27.34493469655345,1402749,32.56089949701915,-0.7602388618074339,32.56089949701915,-0.7602388618074339,021014.61-004536.8,0.6993815456132075,45.032974390892385,0.0061155207673131,44.32116716185119,0.0061155207673131,-22.971850275839163,4.855879306793213,0.6993815456132075,45.032974390892385,0.0061155207673131,"(44.729, 45.261]"
1442999,986.5430267955924,2955.4651388905354,1442999,1.4884881434465456,0.4771424981932255,1.4884881434465456,0.4771424981932255,000557.23+002837.7,0.259460994305688,45.12817362366139,0.0030494225095374,44.4163663946202,0.0030494225095374,-22.827493679605134,25.570234298706055,0.259460994305688,45.12817362366139,0.0030494225095374,"(44.729, 45.261]"
1440738,65.45329291505512,230.94112054075336,1440738,3.3977119808266707,-0.502268845362542,3.3977119808266707,-0.502268845362542,001335.45-003008.1,0.5993155140346298,44.86571368060724,0.0044978826416866,44.15390645156605,0.0044978826416866,-22.200518246770695,4.598182678222656,0.5993155140346298,44.86571368060724,0.0044978826416866,"(44.729, 45.261]"
1413082,31.04057540083881,77.88767727946588,1413082,24.87026225203556,0.7302775416779548,24.87026225203556,0.7302775416779548,013928.86+004348.9,0.570015966805364,44.85701967409892,0.0075162457971984,44.14521244505773,0.0075162457971984,-22.467366554354406,4.615145683288574,0.570015966805364,44.85701967409892,0.0075162457971984,"(44.729, 45.261]"
1448151,807.2317616893143,2232.1135808663635,1448151,354.0822973642676,-0.0147778287354543,354.0822973642676,-0.0147778287354543,233619.75-000053.2,0.3753723982722345,45.124862232875046,0.0025325895041667,44.413055003833854,0.0025325895041667,-22.82868943340933,22.29929542541504,0.3753723982722345,45.124862232875046,0.0025325895041667,"(44.729, 45.261]"
1435264,49.22267542140741,131.63463240365368,1435264,7.926270582740472,-0.572372703142149,7.926270582740472,-0.572372703142149,003142.30-003420.5,0.8080619437139396,45.1463130519858,0.0035059900590255,44.43450582294461,0.0035059900590255,-23.189423062371326,5.017621994018555,0.8080619437139396,45.1463130519858,0.0035059900590255,"(44.729, 45.261]"
1404784,68.40417095093144,151.51083895165664,1404784,31.138840704218616,0.1577992950681881,31.138840704218616,0.1577992950681881,020433.32+000928.0,0.64763529298954,44.810067725215305,0.0068880371945674,44.09826049617411,0.0068880371945674,-22.530152044001046,4.866395950317383,0.64763529298954,44.810067725215305,0.0068880371945674,"(44.729, 45.261]"
1453233,17.75160395462965,49.24240116918301,1453233,344.5962283223517,-0.3503188948072871,344.5962283223517,-0.3503188948072871,225823.09-002101.1,0.9005968485874276,45.06544646476639,0.009488459856783,44.3536392357252,0.009488459856783,-23.267714175609203,3.225351333618164,0.9005968485874276,45.06544646476639,0.009488459856783,"(44.729, 45.261]"
1452333,147.06978907337458,245.8826703290414,1452333,346.251242,-0.116295,346.251242,-0.116295,230500.29-000658.6,0.5200722576785451,45.186976598712135,0.0045617292123374,44.475169369670944,0.0045617292123374,-23.102150104892587,6.624921798706055,0.5200722576785451,45.186976598712135,0.0045617292123374,"(44.729, 45.261]"
1412115,23.0008590251826,50.06865469633758,1412115,25.517186491277016,0.2455755644913358,25.517186491277016,0.2455755644913358,014204.12+001444.0,0.878789294874639,44.86369736276139,0.011573310071185,44.1518901337202,0.011573310071185,-22.590753608338915,3.0760977268218994,0.878789294874639,44.86369736276139,0.011573310071185,"(44.729, 45.261]"
1452912,20.46064864757537,53.94303012201013,1452912,345.1895850234961,-1.2451000659635645,345.1895850234961,-1.2451000659635645,230045.50-011442.3,0.5508092582842586,45.0479595606684,0.0058607679055562,44.33615233162721,0.0058607679055562,-22.409671601481413,6.747422695159912,0.5508092582842586,45.0479595606684,0.0058607679055562,"(44.729, 45.261]"
1437413,14.409027921301742,30.92271235574577,1437413,6.158042435655489,0.4677554685303664,6.158042435655489,0.4677554685303664,002437.93+002803.9,0.8828922782029597,45.19122101860318,0.008625329840914,44.47941378956199,0.008625329840914,-23.083294043245395,4.246551036834717,0.8828922782029597,45.19122101860318,0.008625329840914,"(44.729, 45.261]"
1445206,24.76862316604421,63.47893106068383,1445206,359.39002409813,-0.5270037277236649,359.39002409813,-0.5270037277236649,235733.60-003137.2,1.0293412785158473,45.11549042063553,0.0125201028921289,44.40368319159434,0.0125201028921289,-22.538338616891878,3.5586252212524414,1.0293412785158473,45.11549042063553,0.0125201028921289,"(44.729, 45.261]"
1420895,76.432318422943,344.1498704542345,1420895,19.167307243401133,0.948692944884301,19.167307243401133,0.948692944884301,011640.15+005655.2,0.47803310875901645,45.079272964124506,0.0064421815785102,44.367465735083314,0.0064421815785102,-22.996761352513793,11.824529647827148,0.47803310875901645,45.079272964124506,0.0064421815785102,"(44.729, 45.261]"
1428402,40.45003424163964,294.55549250238096,1428402,13.135140409524675,0.8564082764812999,13.135140409524675,0.8564082764812999,005232.43+005123.0,0.40894780307053546,45.125664335000174,0.0080673638652548,44.41385710595898,0.0080673638652548,-23.540398154732937,14.12958812713623,0.40894780307053546,45.125664335000174,0.0080673638652548,"(44.729, 45.261]"
1450338,160.79869963618725,640.8358218852755,1450338,350.0142758548033,0.8207078809130622,350.0142758548033,0.8207078809130622,232003.42+004914.5,0.7538577942917419,44.94658407600032,0.0088463018771705,44.23477684695913,0.0088463018771705,-22.481763218818973,3.7010769844055176,0.7538577942917419,44.94658407600032,0.0088463018771705,"(44.729, 45.261]"
1423564,30.36677248353364,85.52280120014073,1423564,17.00031034071812,0.9255668957122456,17.00031034071812,0.9255668957122456,010800.07+005532.0,0.6964455589364458,45.027401432503495,0.00596610897637,44.315594203462304,0.00596610897637,-23.145823325182963,4.546669960021973,0.6964455589364458,45.027401432503495,0.00596610897637,"(44.729, 45.261]"
1448690,22.35240846906589,66.9602103242454,1448690,353.11071585512605,1.029581660208578,353.11071585512605,1.029581660208578,233226.57+010146.4,0.654487692522878,44.81393992868693,0.0106035158943953,44.102132699645736,0.0106035158943953,-22.37203491621261,3.25740647315979,0.654487692522878,44.81393992868693,0.0106035158943953,"(44.729, 45.261]"
1415483,60.95001818887752,168.3101524622081,1415483,23.15664574292964,-0.1658475450308827,23.15664574292964,-0.1658475450308827,013237.59-000957.0,0.8467305983164229,45.01870531801115,0.0090888380557281,44.30689808896996,0.0090888380557281,-23.391773151146236,3.45992112159729,0.8467305983164229,45.01870531801115,0.0090888380557281,"(44.729, 45.261]"
1432010,28.945197714380463,88.9517396014843,1432010,10.401917557397155,0.431098863261258,10.401917557397155,0.431098863261258,004136.46+002551.9,0.8991346795943018,45.17206685264866,0.0074464628342454,44.46025962360747,0.0074464628342454,-22.840546042341433,4.420716762542725,0.8991346795943018,45.17206685264866,0.0074464628342454,"(44.729, 45.261]"
1447578,46.709901842806765,107.14936682782624,1447578,355.11313,0.43328217,355.11313,0.43328217,234027.15+002559.8,0.8135055302992541,45.1049927341545,0.0054925937034191,44.39318550511331,0.0054925937034191,1.0,5.268545150756836,0.8135055302992541,45.1049927341545,0.0054925937034191,"(44.729, 45.261]"
1412657,118.05982539328036,137.18203476904418,1412657,25.16963566724951,0.2994953795876272,25.16963566724951,0.2994953795876272,014040.71+001758.1,0.40501586681853524,44.915154318933034,0.0074189199684582,44.20334708989184,0.0074189199684582,-23.110062092067533,14.909542083740234,0.40501586681853524,44.915154318933034,0.0074189199684582,"(44.729, 45.261]"
1398761,774.0303852312433,2676.96697110501,1398761,35.3047667903146,1.0174734843571482,35.3047667903146,1.0174734843571482,022113.14+010102.9,0.35378629482688356,45.154015962302715,0.0017070794628146,44.44220873326152,0.0017070794628146,-23.388903958889408,25.109033584594727,0.35378629482688356,45.154015962302715,0.0017070794628146,"(44.729, 45.261]"
1439829,16.616331409873276,47.18267515723483,1439829,4.144904620525267,-0.1101434937695757,4.144904620525267,-0.1101434937695757,001634.77-000636.5,0.7277198163958891,44.94872729698998,0.0098863470022401,44.23692006794879,0.0098863470022401,-22.295618470283642,3.200768232345581,0.7277198163958891,44.94872729698998,0.0098863470022401,"(44.729, 45.261]"
1422564,28.54283504095265,54.20843661921635,1422564,17.804026836385688,0.3519725443832698,17.804026836385688,0.3519725443832698,011112.96+002107.1,1.0611292911458436,45.17777783256718,0.0085242349348995,44.46597060352599,0.0085242349348995,-22.503322795287925,3.6572370529174805,1.0611292911458436,45.17777783256718,0.0085242349348995,"(44.729, 45.261]"
1396013,296.27062724994653,727.4521821563991,1396013,37.15777842921728,0.3709284811165937,37.15777842921728,0.3709284811165937,022837.86+002215.3,0.623516906019105,45.06495344308841,0.0058317369809977,44.35314621404722,0.0058317369809977,-23.37428573981613,7.835290431976318,0.623516906019105,45.06495344308841,0.0058317369809977,"(44.729, 45.261]"
1448018,30.935064387866905,79.57068137653945,1448018,354.3162541445757,-1.0951010641496894,354.3162541445757,-1.0951010641496894,233715.90-010542.3,0.9143286454258935,45.24265381911729,0.0086532726229471,44.530846590076095,0.0086532726229471,-23.584865280769602,3.3898377418518066,0.9143286454258935,45.24265381911729,0.0086532726229471,"(44.729, 45.261]"
1395004,16.484606472561058,45.8033962163513,1395004,37.82502527362669,-0.4317422661949944,37.82502527362669,-0.4317422661949944,023118.00-002554.2,0.808542639552246,45.05405704959433,0.0071557358292047,44.342249820553135,0.0071557358292047,-22.988031386029874,4.596726894378662,0.808542639552246,45.05405704959433,0.0071557358292047,"(44.729, 45.261]"
1442132,20.280606691100125,54.13281606740602,1442132,2.1720432499487288,1.2158776551534136,2.1720432499487288,1.2158776551534136,000841.29+011257.1,0.7092698988737806,45.00365007165915,0.0064889911773811,44.29184284261796,0.0064889911773811,-23.074854955364536,4.268200397491455,0.7092698988737806,45.00365007165915,0.0064889911773811,"(44.729, 45.261]"
1410220,46.60181474817117,96.8112631186246,1410220,26.883403262642588,-0.3938547926443007,26.883403262642588,-0.3938547926443007,014732.01-002337.8,0.7093092481373471,45.25101518159072,0.0033520433944502,44.539207952549525,0.0033520433944502,-23.397308781042284,7.789989471435547,0.7093092481373471,45.25101518159072,0.0033520433944502,"(44.729, 45.261]"
1448042,144.45661684394662,334.8814463850308,1448042,354.276515,0.358987,354.276515,0.358987,233706.36+002132.3,0.7127906039919926,45.25490709691227,0.0079639651573657,44.54309986787108,0.0079639651573657,-24.057052694165918,3.9365243911743164,0.7127906039919926,45.25490709691227,0.0079639651573657,"(44.729, 45.261]"
1436913,33.09547349415207,74.81825897595927,1436913,6.593845644446153,1.0199931738203452,6.593845644446153,1.0199931738203452,002622.52+010111.9,0.5967982587593271,44.91348761424331,0.0062659416249388,44.20168038520212,0.0062659416249388,-22.400437226421293,5.094062805175781,0.5967982587593271,44.91348761424331,0.0062659416249388,"(44.729, 45.261]"
1397597,37.57466116562298,85.91794116779559,1397597,36.07036448315393,-0.8144288433785685,36.07036448315393,-0.8144288433785685,022416.88-004851.9,0.7224872698130551,44.973229800620224,0.0065263956315888,44.26142257157903,0.0065263956315888,-22.43845972242678,3.750847339630127,0.7224872698130551,44.973229800620224,0.0065263956315888,"(44.729, 45.261]"
1450791,145.30937432220855,197.84098012199783,1450791,349.18782428269265,-0.1915342333948971,349.18782428269265,-0.1915342333948971,231645.07-001129.5,0.5964144994614538,44.90682169779078,0.0065022838338677,44.19501446874959,0.0065022838338677,-22.888859934027646,5.862826824188232,0.5964144994614538,44.90682169779078,0.0065022838338677,"(44.729, 45.261]"
1463119,60.09790286458544,1432.3661152843283,1463119,325.602516,-1.101909,325.602516,-1.101909,214224.60-010606.8,0.5562667950164282,45.187981989330076,0.0050937757574764,44.476174760288885,0.0050937757574764,-23.477671036787957,5.5548882484436035,0.5562667950164282,45.187981989330076,0.0050937757574764,"(44.729, 45.261]"
1446045,25.541155062879724,55.32153761390825,1446045,358.05850629712484,-0.9018761337971646,358.05850629712484,-0.9018761337971646,235214.04-005406.7,0.7083791137323894,45.113655770056305,0.0046747448682573,44.40184854101511,0.0046747448682573,-22.966396225301082,4.576013088226318,0.7083791137323894,45.113655770056305,0.0046747448682573,"(44.729, 45.261]"
1452310,30.43856148305575,41.11069835948772,1452310,346.2867788332079,0.3563475444246556,346.2867788332079,0.3563475444246556,230508.82+002122.8,0.5467278169866431,44.84859777816345,0.0050167172312072,44.13679054912226,0.0050167172312072,-22.57282391216244,4.339366436004639,0.5467278169866431,44.84859777816345,0.0050167172312072,"(44.729, 45.261]"
1460565,144.83579417112,458.7777272682042,1460565,330.466802,0.506188,330.466802,0.506188,220152.03+003022.2,0.37470251499092383,44.81156313069461,0.0081348705326291,44.09975590165342,0.0081348705326291,-22.565883519820424,6.493515491485596,0.37470251499092383,44.81156313069461,0.0081348705326291,"(44.729, 45.261]"
1445572,43.4135207684719,109.90558880781197,1445572,358.8409190822176,-1.164522722167182,358.8409190822176,-1.164522722167182,235521.82-010952.2,0.6011187266254885,45.16265081261249,0.0034455263171864,44.4508435835713,0.0034455263171864,-23.274869566943767,6.792862892150879,0.6011187266254885,45.16265081261249,0.0034455263171864,"(44.729, 45.261]"
1419898,263.68888863969954,601.071449455757,1419898,19.89196630290229,0.415229397409211,19.89196630290229,0.415229397409211,011934.07+002454.8,0.51976629894833,44.767291827452674,0.0032781615116981,44.05548459841148,0.0032781615116981,-22.588310696174347,11.304917335510254,0.51976629894833,44.767291827452674,0.0032781615116981,"(44.729, 45.261]"
1440085,1399.7384610570646,2225.8681059128576,1440085,3.939006,0.139618,3.939006,0.139618,001545.36+000822.6,0.3708678979421725,44.78060696387227,0.0073547444287243,44.06879973483108,0.0073547444287243,-23.175463778662774,10.756625175476074,0.3708678979421725,44.78060696387227,0.0073547444287243,"(44.729, 45.261]"
1405084,45.98117294533184,136.74787801569215,1405084,30.92661995657248,-1.133973103135756,30.92661995657248,-1.133973103135756,020342.38-010802.3,0.7093243746317491,45.10411066362827,0.0159607092055296,44.39230343458708,0.0159607092055296,-23.36128708650549,4.433846473693848,0.7093243746317491,45.10411066362827,0.0159607092055296,"(44.729, 45.261]"
1407414,189.5307432963181,345.2804423025791,1407414,29.062950663745987,0.9803488801329914,29.062950663745987,0.9803488801329914,015615.10+005849.2,0.7805701973368107,45.05336712629571,0.0067721178227948,44.34155989725452,0.0067721178227948,-23.675746672323484,4.122478008270264,0.7805701973368107,45.05336712629571,0.0067721178227948,"(44.729, 45.261]"
1465793,71.06048908737519,139.28445481469848,1465793,320.84854496523474,0.7906050717830715,320.84854496523474,0.7906050717830715,212323.65+004726.1,0.7891972039373205,45.244504506852515,0.0044519217795624,44.53269727781132,0.0044519217795624,-23.225138259577047,5.855672836303711,0.7891972039373205,45.244504506852515,0.0044519217795624,"(44.729, 45.261]"
1392931,16.84899908051378,44.98562349508512,1392931,39.30651065449693,-0.2619861131397996,39.30651065449693,-0.2619861131397996,023713.56-001543.1,1.0778905412476723,45.2218967896353,0.0108173284546708,44.51008956059411,0.0108173284546708,-23.110990144614583,3.8825576305389404,1.0778905412476723,45.2218967896353,0.0108173284546708,"(44.729, 45.261]"
1400524,21.340923034855283,76.1214743177897,1400524,34.09523103791989,-0.6166685474712293,34.09523103791989,-0.6166685474712293,021622.85-003700.0,0.6686274369385347,44.91937653235911,0.0125389374041517,44.20756930331792,0.0125389374041517,-22.676976481814187,4.5146074295043945,0.6686274369385347,44.91937653235911,0.0125389374041517,"(44.729, 45.261]"
1419766,114.97013845509764,212.6682424224873,1419766,19.977339380830347,0.1843938526946041,19.977339380830347,0.1843938526946041,011954.56+001103.8,0.7599791158421656,45.25492101150009,0.0039291701385231,44.543113782458896,0.0039291701385231,-23.284173322700724,4.262954235076904,0.7599791158421656,45.25492101150009,0.0039291701385231,"(44.729, 45.261]"
1399288,288.863631599099,354.7927609336058,1399288,34.941772,-0.07972,34.941772,-0.07972,021946.02-000446.9,0.5561368513052963,45.120851850284865,0.0119200065327653,44.40904462124367,0.0119200065327653,-22.85486222505632,5.039868354797363,0.5561368513052963,45.120851850284865,0.0119200065327653,"(44.729, 45.261]"
1464568,17.924585905542013,57.86186428393398,1464568,322.9851954922273,-1.186287834016757,322.9851954922273,-1.186287834016757,213156.44-011110.6,0.7007283569314028,45.112820003946474,0.0065304846605407,44.40101277490528,0.0065304846605407,-22.92812517521769,4.028689861297607,0.7007283569314028,45.112820003946474,0.0065304846605407,"(44.729, 45.261]"
1425727,23.887761576490217,221.741341568972,1425727,15.34760912711377,0.8370368372452497,15.34760912711377,0.8370368372452497,010123.42+005013.3,0.6995672864466909,45.19926749476092,0.0072759781412479,44.487460265719726,0.0072759781412479,-24.011742382547002,7.98406457901001,0.6995672864466909,45.19926749476092,0.0072759781412479,"(44.729, 45.261]"
1419142,11.176671463855214,32.24130984169795,1419142,20.46096206550638,0.6481531448685998,20.46096206550638,0.6481531448685998,012150.63+003853.3,0.9068123194953293,45.150722323363674,0.0084899360820429,44.43891509432248,0.0084899360820429,-23.338685825405893,3.2177436351776123,0.9068123194953293,45.150722323363674,0.0084899360820429,"(44.729, 45.261]"
1442121,74.13232100300857,115.13765100571,1442121,2.1840069601256573,-1.044840084385588,2.1840069601256573,-1.044840084385588,000844.16-010241.4,0.586674183059649,44.799933597873505,0.0081559946736007,44.08812636883231,0.0081559946736007,-22.73034725504477,4.913140296936035,0.586674183059649,44.799933597873505,0.0081559946736007,"(44.729, 45.261]"
1451752,69.64854049752378,155.02492061941612,1451752,347.41098589906096,1.1927733769895517,347.41098589906096,1.1927733769895517,230938.63+011133.9,0.5922582546824444,45.10691012867949,0.0039732660799245,44.395102899638296,0.0039732660799245,-23.20722680874904,6.608512878417969,0.5922582546824444,45.10691012867949,0.0039732660799245,"(44.729, 45.261]"
1397999,12.302193543117438,64.73592098182888,1397999,35.78449062230524,-0.4867170422219362,35.78449062230524,-0.4867170422219362,022308.27-002912.1,0.6513045755483788,44.933019778287,0.0064991307113366,44.221212549245806,0.0064991307113366,-22.76272938334463,4.936396598815918,0.6513045755483788,44.933019778287,0.0064991307113366,"(44.729, 45.261]"
