object_id,chi_sq_g,chi_sq_all,objectId,RA,DEC,RA,DEC,SDSS_NAME,Z_SYS,LOGLBOL,LOGLBOL_ERR,LOGL3000,LOGL3000_ERR,M_I,SN_MEDIAN_ALL,Z,LOGLBOL_CALC,LOGLBOL_ERR_CALC,LOGLBOL_bin
1466252,28.39142902751588,768.1967382192277,1466252,320.0061363474134,-0.3431573819137102,320.0061363474134,-0.3431573819137102,212001.47-002035.3,1.5268267937192208,46.56842570163893,0.0022880601112369,45.85661847259774,0.0022880601112369,-26.69439150689638,11.292844772338867,1.5268267937192208,46.56842570163893,0.0022880601112369,"(46.324, 46.855]"
1441521,193.85364306938453,568.9658020355298,1441521,2.7231869838223446,0.1119135105347585,2.7231869838223446,0.1119135105347585,001053.56+000642.8,1.8834493666709047,46.58030873185232,0.0044444103036305,45.86850150281113,0.0044444103036305,-26.70095097346071,10.26590633392334,1.8834493666709047,46.58030873185232,0.0044444103036305,"(46.324, 46.855]"
1412687,151.60295818277203,1148.7066915297416,1412687,25.15197676320192,0.0599637055357077,25.15197676320192,0.0599637055357077,014036.47+000335.8,1.6376759768754692,46.81540203534552,0.0008170263608775,46.10359480630433,0.0008170263608775,-27.563811852007287,27.171207427978516,1.6376759768754692,46.81540203534552,0.0008170263608775,"(46.324, 46.855]"
1445535,129.7144992748075,385.5661420214243,1445535,358.8945521527099,-0.1477734911835383,358.8945521527099,-0.1477734911835383,235534.69-000851.9,2.875885787189944,46.332879766933395,0.0074474012020999,0.0,-1.0,-26.14288232090906,3.0589942932128906,2.875885787189944,46.332879766933395,0.0074474012020999,"(46.324, 46.855]"
1435708,289.9367786832999,657.3250602127921,1435708,7.55106101423516,0.7263027254554166,7.55106101423516,0.7263027254554166,003012.25+004334.6,2.305113214553646,46.72390043026288,0.0023698958117321,46.00432875219091,0.0151422182083287,-26.954296396173337,12.088509559631348,2.305113214553646,46.72390043026288,0.0023698958117321,"(46.324, 46.855]"
1439089,122.34203584842602,209.82514423908304,1439089,4.726582295744947,-0.1036371627862071,4.726582295744947,-0.1036371627862071,001854.37-000613.0,2.400978749435522,46.49099947255794,0.0037796062287043,45.95283737480396,0.0194873867858014,-26.788048461743323,9.580695152282715,2.400978749435522,46.49099947255794,0.0037796062287043,"(46.324, 46.855]"
1425039,478.4605885938687,1339.2682481043948,1425039,15.87266613856653,0.6819230006780433,15.87266613856653,0.6819230006780433,010329.43+004054.9,1.4333736377711164,46.58729473484726,0.0019349008693012,45.87548750580607,0.0019349008693012,-26.639298214687653,21.12738037109375,1.4333736377711164,46.58729473484726,0.0019349008693012,"(46.324, 46.855]"
1419699,187.8568334100902,642.1902909422433,1419699,20.021883842319784,-1.1498861716181987,20.021883842319784,-1.1498861716181987,012005.25-010859.5,1.2634211229092542,46.61090809449915,0.0017873256008229,45.89910086545796,0.0017873256008229,-26.45226181048413,21.554712295532227,1.2634211229092542,46.61090809449915,0.0017873256008229,"(46.324, 46.855]"
1457231,47.773541769944366,198.73913249460207,1457231,336.8083147645148,-0.9996013118545536,336.8083147645148,-0.9996013118545536,222713.99-005958.5,2.234523559034142,46.46895380740175,0.0030226325093565,45.715369064034,0.0115784288991669,-26.413956099744063,9.453984260559082,2.234523559034142,46.46895380740175,0.0030226325093565,"(46.324, 46.855]"
1414701,38.77728575561809,172.8041269702531,1414701,23.676496028411748,0.2479081785944507,23.676496028411748,0.2479081785944507,013442.35+001452.4,3.1974009145593474,46.704205836385555,0.0045628750037671,0.0,-1.0,-26.383703501341614,6.75938081741333,3.1974009145593474,46.704205836385555,0.0045628750037671,"(46.324, 46.855]"
1407747,120.7491732689652,352.41976629075697,1407747,28.8050891671986,0.1567565237027209,28.8050891671986,0.1567565237027209,015513.22+000924.3,2.129365359558307,46.66991125474156,0.002262123118399,45.966302850299726,0.0066755395762179,-27.115886244688742,11.922067642211914,2.129365359558307,46.66991125474156,0.002262123118399,"(46.324, 46.855]"
1456011,95.0269832160516,347.46946884710775,1456011,339.08786682626675,-0.5143598375138264,339.08786682626675,-0.5143598375138264,223621.08-003051.6,0.8760712379295618,46.412065656787114,0.0013375412974454,45.70025842774592,0.0013375412974454,-26.00060354916603,30.331525802612305,0.8760712379295618,46.412065656787114,0.0013375412974454,"(46.324, 46.855]"
1392568,43.605922223523656,171.82864579100874,1392568,39.58296123811833,0.7148439064372036,39.58296123811833,0.7148439064372036,023819.91+004253.4,2.169971663829249,46.73295579416763,0.003100733756554,45.55910987160794,0.0079276643320795,-26.415534544834262,10.118875503540039,2.169971663829249,46.73295579416763,0.003100733756554,"(46.324, 46.855]"
1424948,164.67907813859583,435.89421736975066,1424948,15.953293362252367,0.02408466076609,15.953293362252367,0.02408466076609,010348.79+000126.7,2.2698578413123167,46.60261005926001,0.0035912292774398,45.93091908891076,0.0080985660847829,-26.230927408443215,11.052308082580566,2.2698578413123167,46.60261005926001,0.0035912292774398,"(46.324, 46.855]"
1415529,80.98031652563576,176.7808230979158,1415529,23.128657968296736,-0.7813621331303705,23.128657968296736,-0.7813621331303705,013230.87-004652.9,1.8908873777841606,46.68530280132829,0.0032025434011551,45.9734955722871,0.0032025434011551,-26.726301470564394,10.65647029876709,1.8908873777841606,46.68530280132829,0.0032025434011551,"(46.324, 46.855]"
1428312,64.825985748096,210.33612498982995,1428312,13.214896,-1.095323,13.214896,-1.095323,005251.57-010543.1,2.487469751163711,46.66042873616522,0.0074203321949966,0.0,-1.0,1.0,4.921407699584961,2.487469751163711,46.66042873616522,0.0074203321949966,"(46.324, 46.855]"
1433440,50.88472230149364,257.697915059371,1433440,9.342405260707949,-0.1946352338776436,9.342405260707949,-0.1946352338776436,003722.17-001140.6,1.3705762270225892,46.4004803665929,0.0021045327265625,45.68867313755171,0.0021045327265625,-25.901193915685095,10.246695518493652,1.3705762270225892,46.4004803665929,0.0021045327265625,"(46.324, 46.855]"
1388826,93.47312048332437,179.81069296724056,1388826,42.08929704628711,-0.7952477228076082,42.08929704628711,-0.7952477228076082,024821.43-004742.8,2.2448750527721013,46.32978176610298,0.0043391936451904,45.63472983820866,0.0116093722952648,-25.795853682526065,6.629723072052002,2.2448750527721013,46.32978176610298,0.0043391936451904,"(46.324, 46.855]"
1452992,37.26604173373597,100.261543717529,1452992,345.0653737003918,0.5220301644696208,345.0653737003918,0.5220301644696208,230015.68+003119.3,2.175315229048869,46.81159948910687,0.0018859528184336,46.01118132393974,0.0044729151226157,-27.055483256197647,17.323659896850586,2.175315229048869,46.81159948910687,0.0018859528184336,"(46.324, 46.855]"
1422027,574.8164416509201,2245.6657331125166,1422027,18.257253471173414,-0.0010980290432926,18.257253471173414,-0.0010980290432926,011301.74-000003.9,0.9733796827130716,46.333583220718424,0.0008379873239228,45.62177599167723,0.0008379873239228,-25.817262515983526,32.153690338134766,0.9733796827130716,46.333583220718424,0.0008379873239228,"(46.324, 46.855]"
1448300,161.88203993738176,384.3033343807965,1448300,353.834214,-0.309481,353.834214,-0.309481,233520.21-001834.1,1.9211930898554952,46.36628238560328,0.0,45.592220083880136,0.0134350664516418,-25.98898098842743,4.420197486877441,1.9211930898554952,46.36628238560328,0.0,"(46.324, 46.855]"
1445899,244.8367285475344,934.313167909729,1445899,358.2979660939069,-0.2072550025918501,358.2979660939069,-0.2072550025918501,235311.51-001226.1,2.087755703382362,46.47048584011103,0.0023118727894591,45.85317086183254,0.0035943396796973,-27.045935712969367,12.992749214172363,2.087755703382362,46.47048584011103,0.0023118727894591,"(46.324, 46.855]"
1430599,102.50008734426648,341.6094198794742,1430599,11.409454,0.504579,11.409454,0.504579,004538.26+003016.4,2.10963347806281,46.3889688312733,0.0075733114979321,0.0,-1.0,-26.18285633419638,5.267350196838379,2.10963347806281,46.3889688312733,0.0075733114979321,"(46.324, 46.855]"
1419450,94.74928919354186,211.10113546551725,1419450,20.21519101446989,-0.3491910524089882,20.21519101446989,-0.3491910524089882,012051.64-002057.0,3.3401701353786217,46.40453586294584,0.0052074988816173,0.0,-1.0,-24.6544687579632,4.862299919128418,3.3401701353786217,46.40453586294584,0.0052074988816173,"(46.324, 46.855]"
1414556,111.26959294621444,284.4887550814376,1414556,23.779895966950107,0.3983593019237215,23.779895966950107,0.3983593019237215,013507.17+002354.0,2.2380240072671906,46.506729711782036,0.0036459582644958,45.82202372486228,0.0121188775092129,-26.27463124616444,10.098837852478027,2.2380240072671906,46.506729711782036,0.0036459582644958,"(46.324, 46.855]"
1444342,214.65933967899588,518.1522710515874,1444342,0.3904253940243052,-0.108503757492226,0.3904253940243052,-0.108503757492226,000133.70-000630.6,2.053491572660589,46.33045634714786,0.004108659144137,45.59363220257819,0.0066832032456041,-25.47618483876277,9.685431480407715,2.053491572660589,46.33045634714786,0.004108659144137,"(46.324, 46.855]"
1417592,291.7230092991087,779.177310348554,1417592,21.646092346737248,0.3770290303132886,21.646092346737248,0.3770290303132886,012635.06+002237.3,1.9366914382907863,46.6318935462154,0.0022850029682359,45.92008631717421,0.0022850029682359,-26.419468647409197,17.06342887878418,1.9366914382907863,46.6318935462154,0.0022850029682359,"(46.324, 46.855]"
1438668,145.613926507697,463.18535558094624,1438668,5.096588172883514,-0.1863133029357062,5.096588172883514,-0.1863133029357062,002023.18-001110.7,1.6414523369386618,46.51764275460991,0.002284396278096,45.80583552556872,0.002284396278096,-26.262123780415973,13.277678489685059,1.6414523369386618,46.51764275460991,0.002284396278096,"(46.324, 46.855]"
1451309,97.5935514989381,236.39405460241016,1451309,348.1897121112913,0.1527189012850806,348.1897121112913,0.1527189012850806,231245.53+000909.7,2.4524734140544453,46.550258975302754,0.0022022854644703,45.81141601915223,0.0309560333672962,-26.376596421413605,8.262674331665039,2.4524734140544453,46.550258975302754,0.0022022854644703,"(46.324, 46.855]"
1435845,114.31787186153744,263.71477334056374,1435845,7.454624,1.213522,7.454624,1.213522,002949.10+011248.6,1.910495248268714,46.515802887097685,0.0,45.71832561014544,0.0068995031782712,-26.2787912180005,7.189022541046143,1.910495248268714,46.515802887097685,0.0,"(46.324, 46.855]"
1463940,259.0816115197079,745.6605248176326,1463940,324.11036029341443,1.038505042314826,324.11036029341443,1.038505042314826,213626.48+010218.6,2.064854057704053,46.562698142581695,0.0046736885370606,45.8643744647656,0.0061398792656639,-25.96470338006594,10.797773361206055,2.064854057704053,46.562698142581695,0.0046736885370606,"(46.324, 46.855]"
1465528,24.394937742906432,89.41391093141681,1465528,321.2990428647954,0.9005710324892235,321.2990428647954,0.9005710324892235,212511.77+005402.0,2.6740331810298423,46.41623183158091,0.0040510750582321,0.0,-1.0,-25.926787095981023,6.145392894744873,2.6740331810298423,46.41623183158091,0.0040510750582321,"(46.324, 46.855]"
1463301,79.04330427227885,282.47170806543573,1463301,325.261713721024,-0.3294630561356672,325.261713721024,-0.3294630561356672,214102.81-001946.0,2.217568380953937,46.343439809520845,0.0033738735565336,45.5975242113698,0.0145906621538216,-25.85113607015287,5.929113388061523,2.217568380953937,46.343439809520845,0.0033738735565336,"(46.324, 46.855]"
1427605,111.17370887233234,267.12809192893064,1427605,13.820784164296796,1.145747008060707,13.820784164296796,1.145747008060707,005516.98+010844.6,3.141097901673174,46.62220095364281,0.0049802209023823,0.0,-1.0,-26.976621850049103,5.350269794464111,3.141097901673174,46.62220095364281,0.0049802209023823,"(46.324, 46.855]"
1397529,210.3376521338089,737.5569968099189,1397529,36.12571897168108,-0.6920012324046423,36.12571897168108,-0.6920012324046423,022430.17-004131.2,1.666762412344606,46.37114942181231,0.0033471536025722,45.65934219277112,0.0033471536025722,-26.36827363972987,9.814377784729004,1.666762412344606,46.37114942181231,0.0033471536025722,"(46.324, 46.855]"
1418269,241.1792804703435,993.082725314464,1418269,21.117094562806244,-0.1884557595342298,21.117094562806244,-0.1884557595342298,012428.10-001118.4,1.736707364690498,46.68947182094124,0.0026582290316987,45.97766459190005,0.0026582290316987,-26.517815030605295,11.416886329650879,1.736707364690498,46.68947182094124,0.0026582290316987,"(46.324, 46.855]"
1414938,247.1014901283502,629.9731093172899,1414938,23.536333176076997,-0.0877318713032518,23.536333176076997,-0.0877318713032518,013408.72-000515.8,2.6196084370130515,46.674737523291185,0.002843105163631,0.0,-1.0,-26.99548679862741,8.787899017333984,2.6196084370130515,46.674737523291185,0.002843105163631,"(46.324, 46.855]"
1450555,115.2559978170388,353.2436086693138,1450555,349.5769407862,-0.1841841514587132,349.5769407862,-0.1841841514587132,231818.46-001103.0,2.245015163865885,46.339896945705966,0.0044808082088145,45.634676306566114,0.0154351648092685,-26.14841242190495,5.923206806182861,2.245015163865885,46.339896945705966,0.0044808082088145,"(46.324, 46.855]"
1463437,33.84397031962266,81.92584407563369,1463437,325.01152921073657,-0.763600553121419,325.01152921073657,-0.763600553121419,214002.76-004548.9,2.3287094551554235,46.64011533229546,0.0030699183528462,45.92759586903133,0.0054398696330402,-26.878375771362357,12.322773933410645,2.3287094551554235,46.64011533229546,0.0030699183528462,"(46.324, 46.855]"
1452600,51.33482833011848,93.83396715276427,1452600,345.75635933582015,0.6151442369925396,345.75635933582015,0.6151442369925396,230301.52+003654.5,2.818837018261847,46.761088339906834,0.0026039804655653143,0.0,-1.0,-27.174341422536813,8.368620872497559,2.818837018261847,46.761088339906834,0.0026039804655653143,"(46.324, 46.855]"
1399365,41.501806467115294,145.89439790145005,1399365,34.89386680502719,-0.0529338199916842,34.89386680502719,-0.0529338199916842,021934.52-000310.5,3.025686646428126,46.44961654525872,0.0088818216113963,0.0,-1.0,-26.323667831566986,3.7842607498168945,3.025686646428126,46.44961654525872,0.0088818216113963,"(46.324, 46.855]"
1451234,39.59631809022184,123.79355734064607,1451234,348.3095566079529,-0.9299876148480002,348.3095566079529,-0.9299876148480002,231314.29-005547.9,2.501051567837003,46.537273421275614,0.0044745995630499,0.0,-1.0,-26.27336954188482,6.86260986328125,2.501051567837003,46.537273421275614,0.0044745995630499,"(46.324, 46.855]"
1452666,440.5985906166409,1453.2509826990276,1452666,345.6206519957324,0.3803400256692502,345.6206519957324,0.3803400256692502,230228.95+002249.2,1.691179635395266,46.683897372024774,0.0014328236865068,45.97209014298358,0.0014328236865068,-26.862005671301993,24.96112632751465,1.691179635395266,46.683897372024774,0.0014328236865068,"(46.324, 46.855]"
1447379,166.8601195902497,652.0506565116717,1447379,355.4917072268264,0.2922553268386184,355.4917072268264,0.2922553268386184,234158.00+001732.1,1.0732408775142055,46.3843568218426,0.0037042544299445,45.67254959280141,0.0037042544299445,-25.255230782418288,16.683273315429688,1.0732408775142055,46.3843568218426,0.0037042544299445,"(46.324, 46.855]"
1409729,192.6911541603414,343.4048520872931,1409729,27.245529,-0.617552,27.245529,-0.617552,014858.92-003703.1,1.639286438315504,46.38949868642683,0.006042333796504,45.67769145738564,0.006042333796504,-26.17836011427323,7.172767162322998,1.639286438315504,46.38949868642683,0.006042333796504,"(46.324, 46.855]"
1402316,162.2513332057633,394.1686581781776,1402316,32.886382028240334,-0.751738186243642,32.886382028240334,-0.751738186243642,021132.73-004506.2,1.8847174834783453,46.43167533859289,0.003864437059132,45.7198681095517,0.003864437059132,-25.768581843231157,12.323945999145508,1.8847174834783453,46.43167533859289,0.003864437059132,"(46.324, 46.855]"
1441864,55.42208540224922,150.399002480227,1441864,2.410363732219274,-0.6638350752993318,2.410363732219274,-0.6638350752993318,000938.48-003949.8,2.2527306553683655,46.68019254163471,0.0027296358180706,45.75177357000058,0.0134966532344833,-26.56425742077414,9.954665184020996,2.2527306553683655,46.68019254163471,0.0027296358180706,"(46.324, 46.855]"
1428168,477.8742789497412,1727.2559001890536,1428168,13.350324964295568,0.2591332250460498,13.350324964295568,0.2591332250460498,005324.07+001532.8,1.4104954598411061,46.57618550334867,0.0017674613092637,45.86437827430748,0.0017674613092637,-25.924241796537107,18.725852966308594,1.4104954598411061,46.57618550334867,0.0017674613092637,"(46.324, 46.855]"
1449617,41.64682949033962,126.85976147253211,1449617,351.3604491456443,0.4045389396426432,351.3604491456443,0.4045389396426432,232526.50+002416.3,3.119640409478906,46.4622049467806,0.0089425807896574,0.0,-1.0,-26.7098966661806,4.069142818450928,3.119640409478906,46.4622049467806,0.0089425807896574,"(46.324, 46.855]"
1435949,121.59371683292792,548.9719897240784,1435949,7.382427753071036,1.1123637457037618,7.382427753071036,1.1123637457037618,002931.78+010644.5,2.2172430790852795,46.70425325266415,0.0022249476987354,45.93527976460093,0.0085761064937841,-26.863282987100497,13.277868270874023,2.2172430790852795,46.70425325266415,0.0022249476987354,"(46.324, 46.855]"
1451416,38.0147578900561,258.1498979972544,1451416,348.01193,-0.927142,348.01193,-0.927142,231202.86-005537.7,1.6092798301984101,46.39240319820592,0.0039279382132946,45.68059596916473,0.0039279382132946,-26.217398251089165,6.361295700073242,1.6092798301984101,46.39240319820592,0.0039279382132946,"(46.324, 46.855]"
1456132,396.5147649909986,1258.467203869697,1456132,338.840049384544,-1.1958281521076195,338.840049384544,-1.1958281521076195,223521.61-011144.9,1.795806629735984,46.70937311221362,0.0022831943977479,45.99756588317243,0.0022831943977479,-26.13155686384362,20.5228271484375,1.795806629735984,46.70937311221362,0.0022831943977479,"(46.324, 46.855]"
1466113,73.57114233149733,213.3703494701801,1466113,320.27125345091304,-0.8713817692646058,320.27125345091304,-0.8713817692646058,212105.10-005216.9,2.4661741014883334,46.348716511849695,0.0044355207300412,0.0,-1.0,-26.22642484883298,5.33699893951416,2.4661741014883334,46.348716511849695,0.0044355207300412,"(46.324, 46.855]"
1390576,27.93985961445584,86.21799698077271,1390576,40.93465428339036,-0.03364076302748,40.93465428339036,-0.03364076302748,024344.31-000201.1,2.0857630911676233,46.76537331864988,0.0024906210715869,45.86403050701008,0.0048611121153996,-26.349883377378255,15.476320266723633,2.0857630911676233,46.76537331864988,0.0024906210715869,"(46.324, 46.855]"
1397854,102.5742350738103,233.66225572167247,1397854,35.88856420766933,1.1448720468785596,35.88856420766933,1.1448720468785596,022333.25+010841.5,2.6229225884876026,46.60399324381396,0.0020378045397499,0.0,-1.0,-26.672835263598465,8.341726303100586,2.6229225884876026,46.60399324381396,0.0020378045397499,"(46.324, 46.855]"
1421843,94.05074349157324,205.0955838059879,1421843,18.39912210062625,-0.672898298707571,18.39912210062625,-0.672898298707571,011335.78-004022.4,2.537981393503344,46.36657681949247,0.0063969358957045,0.0,-1.0,-25.824231297829506,6.485902786254883,2.537981393503344,46.36657681949247,0.0063969358957045,"(46.324, 46.855]"
1409774,15.597797828506138,76.48871248059518,1409774,27.217737533277045,-0.1101076734591827,27.217737533277045,-0.1101076734591827,014852.25-000636.3,3.312227117700276,46.53642133200496,0.0050852427327114,0.0,-1.0,-26.45612541270429,5.386573791503906,3.312227117700276,46.53642133200496,0.0050852427327114,"(46.324, 46.855]"
1448806,524.192982453805,2498.383766030694,1448806,352.9138590745421,-0.2546554433937613,352.9138590745421,-0.2546554433937613,233139.32-001516.7,0.8018319407023917,46.43778527685642,0.0014074989203542,45.725978047815225,0.0014074989203542,-25.51116328013978,34.152400970458984,0.8018319407023917,46.43778527685642,0.0014074989203542,"(46.324, 46.855]"
1453014,277.2283399826021,654.3183252660842,1453014,345.037897,-0.167134,345.037897,-0.167134,230009.09-001001.6,1.8934800495460666,46.36439991728877,0.011898746897156,45.65259268824758,0.011898746897156,-26.55472399948384,4.913021087646484,1.8934800495460666,46.36439991728877,0.011898746897156,"(46.324, 46.855]"
1465875,13.155463823650294,42.30328000727229,1465875,320.7103537494684,0.4187073428680229,320.7103537494684,0.4187073428680229,212250.48+002507.3,3.2775144023189027,46.60631352077156,0.008671192296866,0.0,-1.0,-27.08162351343941,5.542353630065918,3.2775144023189027,46.60631352077156,0.008671192296866,"(46.324, 46.855]"
1407727,81.82557067647257,460.0685687811537,1407727,28.816390844308483,-1.1796815119985489,28.816390844308483,-1.1796815119985489,015515.93-011046.8,1.5632806352406834,46.624638473771896,0.0013798085561163,45.912831244730704,0.0013798085561163,-26.770833387156003,19.84653091430664,1.5632806352406834,46.624638473771896,0.0013798085561163,"(46.324, 46.855]"
1466282,457.7539957494243,964.3759280965036,1466282,319.9277990081087,-1.0907946598610632,319.9277990081087,-1.0907946598610632,211942.67-010526.8,1.401250520760729,46.58692459366662,0.0027927389980355,45.87511736462543,0.0027927389980355,-26.709988396676184,16.320165634155273,1.401250520760729,46.58692459366662,0.0027927389980355,"(46.324, 46.855]"
1465646,79.67428033263414,222.30291427877395,1465646,321.080251072414,0.7204143506579685,321.080251072414,0.7204143506579685,212419.26+004313.4,1.577358872342516,46.49290081628226,0.0019583617834442,45.78109358724107,0.0019583617834442,-26.24173096236875,14.582818984985352,1.577358872342516,46.49290081628226,0.0019583617834442,"(46.324, 46.855]"
1438436,24.60405342352765,64.10720216988435,1438436,5.315741026902656,-0.7569194899990159,5.315741026902656,-0.7569194899990159,002115.77-004524.9,2.6302771731579027,46.34484271300913,0.0046896589937936,0.0,-1.0,-25.29237875440994,5.057281970977783,2.6302771731579027,46.34484271300913,0.0046896589937936,"(46.324, 46.855]"
1399019,134.84484772873222,265.71085415870925,1399019,35.129947,-1.082855,35.129947,-1.082855,022031.18-010458.2,1.6491068402809186,46.38979355371091,0.0060757286783328,45.67798632466972,0.0060757286783328,-26.153644300120376,6.279752254486084,1.6491068402809186,46.38979355371091,0.0060757286783328,"(46.324, 46.855]"
1419335,158.4734916288124,656.8428707551459,1419335,20.30058914751073,-0.5102878310857385,20.30058914751073,-0.5102878310857385,012112.14-003037.0,1.6580668223240365,46.478378048593044,0.0029439932977695,45.76657081955185,0.0029439932977695,-26.454436474230498,9.945528984069824,1.6580668223240365,46.478378048593044,0.0029439932977695,"(46.324, 46.855]"
1446314,41.13420170290595,361.9893294519458,1446314,357.6133684241869,1.13352837921978,357.6133684241869,1.13352837921978,235027.20+010800.7,2.8896724931424105,46.5673866436721,0.005583712377021,0.0,-1.0,-27.196327078265565,5.553216934204102,2.8896724931424105,46.5673866436721,0.005583712377021,"(46.324, 46.855]"
1463643,148.74746215859946,421.3244836772193,1463643,324.61094265503147,0.0335298170193271,324.61094265503147,0.0335298170193271,213826.62+000200.7,2.232141396883254,46.83709312118941,0.001682265851965,46.08128528621543,0.0040637191955461,-26.66932903724115,15.919795036315918,2.232141396883254,46.83709312118941,0.001682265851965,"(46.324, 46.855]"
1465251,399.58105202689535,973.4303043646484,1465251,321.7997515433973,-0.5189941043302851,321.7997515433973,-0.5189941043302851,212711.94-003108.3,2.0841381879087595,46.39961723042351,0.004611007344426,45.582767276900725,0.0054676912308657,-26.02555478505147,10.488532066345215,2.0841381879087595,46.39961723042351,0.004611007344426,"(46.324, 46.855]"
1466096,406.969808451645,1423.788605166102,1466096,320.2940432061574,-0.4755757122265118,320.2940432061574,-0.4755757122265118,212110.57-002832.0,2.555464344819746,46.83803288502272,0.0011661815953445,0.0,-1.0,-27.522317744743397,13.039773941040039,2.555464344819746,46.83803288502272,0.0011661815953445,"(46.324, 46.855]"
1409800,257.4986694607702,881.5701383804999,1409800,27.202349,-0.752739,27.202349,-0.752739,014848.56-004509.8,1.9147203024293487,46.486005633980945,0.0,45.70445319681807,0.0068231348324303,-26.378554491294835,7.005216598510742,1.9147203024293487,46.486005633980945,0.0,"(46.324, 46.855]"
1463868,269.51986848654144,725.7065570555488,1463868,324.20100584552523,1.0240733658500747,324.20100584552523,1.0240733658500747,213648.24+010126.6,2.0389797974555512,46.78969025794647,0.0025020133423616,46.13211341773408,0.0025906103212136,-27.148941155216978,16.154054641723633,2.0389797974555512,46.78969025794647,0.0025020133423616,"(46.324, 46.855]"
1431544,348.640100996464,2024.0532354934085,1431544,10.72324369419971,-0.9184647890869396,10.72324369419971,-0.9184647890869396,004253.57-005506.4,1.8887156152215852,46.687147302027554,0.0029251296146028,45.97534007298636,0.0029251296146028,-27.226814237629494,15.802817344665527,1.8887156152215852,46.687147302027554,0.0029251296146028,"(46.324, 46.855]"
1409509,71.94982669161237,389.8333547576256,1409509,27.417192907439244,0.2883311796045618,27.417192907439244,0.2883311796045618,014940.12+001717.9,1.4705638457507835,46.75238340106606,0.001114567478087,46.04057617202487,0.001114567478087,-26.797592705748322,23.74177360534668,1.4705638457507835,46.75238340106606,0.001114567478087,"(46.324, 46.855]"
1445074,380.3059975620619,1853.78590909409,1445074,359.60903212006826,1.1723180807254558,359.60903212006826,1.1723180807254558,235826.16+011020.3,0.8945886273186439,46.38681724992631,0.0012274689498994,45.67501002088512,0.0012274689498994,-25.371070537653218,34.65987014770508,0.8945886273186439,46.38681724992631,0.0012274689498994,"(46.324, 46.855]"
1433925,183.48296135707287,331.0713219046363,1433925,8.975706677723638,-0.2314039391606395,8.975706677723638,-0.2314039391606395,003554.16-001353.0,2.7822214257936526,46.342613975201694,0.0050764992804452,0.0,-1.0,-26.414293758371663,4.838942050933838,2.7822214257936526,46.342613975201694,0.0050764992804452,"(46.324, 46.855]"
1452753,130.38918425245632,366.1943962099071,1452753,345.445003,1.131986,345.445003,1.131986,230146.80+010755.1,1.982486355392725,46.498759422955125,0.0128954008617867,45.81638291098907,0.0201284863775796,-26.336337641659863,5.810941696166992,1.982486355392725,46.498759422955125,0.0128954008617867,"(46.324, 46.855]"
1407577,17.52797700244354,62.50786051162752,1407577,28.94285640772296,-0.053119703894965,28.94285640772296,-0.053119703894965,015546.28-000311.2,2.8385137487862,46.46252589987355,0.0081822776123168,0.0,-1.0,-25.447354062991888,3.9575870037078857,2.8385137487862,46.46252589987355,0.0081822776123168,"(46.324, 46.855]"
1444151,185.9925257189522,478.8146288051997,1444151,0.550049258043515,0.5481633909860917,0.550049258043515,0.5481633909860917,000212.01+003253.3,2.685336579244697,46.480525188893765,0.0048455137516931,0.0,-1.0,-27.11953619933549,6.654242992401123,2.685336579244697,46.480525188893765,0.0048455137516931,"(46.324, 46.855]"
1449734,382.87392593467496,1094.5783951293238,1449734,351.1403715663941,0.2334502475777864,351.1403715663941,0.2334502475777864,232433.68+001400.4,1.4111905799046005,46.369355727042716,0.0034615185084696,45.657548498001525,0.0034615185084696,-26.16571760888773,15.146642684936523,1.4111905799046005,46.369355727042716,0.0034615185084696,"(46.324, 46.855]"
1436664,118.42148015870656,118.76031060494934,1436664,6.784386188363044,0.4358444790429815,6.784386188363044,0.4358444790429815,002708.25+002609.0,1.9205742100111212,46.66487370772309,0.0028519661633019,45.9530664786819,0.0028519661633019,-26.727679979538863,10.394424438476562,1.9205742100111212,46.66487370772309,0.0028519661633019,"(46.324, 46.855]"
1428948,31.01084911979115,85.77746578778498,1428948,12.669098828085108,0.8707348723755827,12.669098828085108,0.8707348723755827,005040.58+005214.6,2.3946084285147173,46.356716621573945,0.0056670380172931,45.49395380755573,0.0378686132832974,-25.557451390074256,5.969569206237793,2.3946084285147173,46.356716621573945,0.0056670380172931,"(46.324, 46.855]"
1431598,23.127049179260705,67.44670989014786,1431598,10.681602896797584,0.887592462671383,10.681602896797584,0.887592462671383,004243.58+005315.3,3.4207437102746714,46.6461980051503,0.018900326540777,0.0,-1.0,-26.499675846956187,6.468160152435303,3.4207437102746714,46.6461980051503,0.018900326540777,"(46.324, 46.855]"
1446679,113.08164674605588,683.2777111112453,1446679,356.9793218724513,-0.0592305814610483,356.9793218724513,-0.0592305814610483,234755.03-000333.2,1.4960112924293278,46.71164160654304,0.0018790430947035,45.99983437750185,0.0018790430947035,-26.589810699526826,18.67143440246582,1.4960112924293278,46.71164160654304,0.0018790430947035,"(46.324, 46.855]"
1431899,11.138579154087733,39.01768282480211,1431899,10.47655683324831,-0.4988593907113078,10.47655683324831,-0.4988593907113078,004154.37-002955.8,3.833144515205685,46.72205448404822,0.0383277707909996,0.0,-1.0,-26.955737493647085,4.694919109344482,3.833144515205685,46.72205448404822,0.0383277707909996,"(46.324, 46.855]"
1395127,57.44834183325244,215.5367927102259,1395127,37.74088994491397,0.6775903338542888,37.74088994491397,0.6775903338542888,023057.81+004039.3,1.9564112831970788,46.32601645577574,0.0048623646531353,45.61420922673455,0.0048623646531353,-25.61395651212686,10.303890228271484,1.9564112831970788,46.32601645577574,0.0048623646531353,"(46.324, 46.855]"
1447967,871.2059127904926,1977.2993671477464,1447967,354.4177076473871,1.0512892735916366,354.4177076473871,1.0512892735916366,233740.24+010304.6,2.8415456243916215,46.664933065400575,0.0029201775984972,0.0,-1.0,-26.33198508543664,7.357143878936768,2.8415456243916215,46.664933065400575,0.0029201775984972,"(46.324, 46.855]"
1464779,93.33038274275565,271.7084511369268,1464779,322.5953073526508,0.4557394437720192,322.5953073526508,0.4557394437720192,213022.87+002720.6,2.167255100768246,46.36748976994541,0.0033684971323388,45.74786293152752,0.0055643016330932,-25.85833742187732,7.386220932006836,2.167255100768246,46.36748976994541,0.0033684971323388,"(46.324, 46.855]"
1444735,401.2281629009824,630.0470271583812,1444735,0.0645082635077756,0.8796827193934789,0.0645082635077756,0.8796827193934789,000015.48+005246.8,1.8623243733543988,46.62320486281527,0.0011156605207816,45.91139763377408,0.0011156605207816,-26.534489981929447,16.51563262939453,1.8623243733543988,46.62320486281527,0.0011156605207816,"(46.324, 46.855]"
1445501,65.40415789151885,1058.912334081364,1445501,358.9678599622789,0.9999589947435488,358.9678599622789,0.9999589947435488,235552.28+005959.8,1.1900770129083935,46.74419882217977,0.0007890393923695,46.03239159313858,0.0007890393923695,-26.876395518968643,37.55882263183594,1.1900770129083935,46.74419882217977,0.0007890393923695,"(46.324, 46.855]"
1464950,24.680912051801275,63.38533264193632,1464950,322.3262094072948,-1.137600666442469,322.3262094072948,-1.137600666442469,212918.29-010815.3,2.2781457608190254,46.449590188256785,0.0040386621095223,45.67683393850616,0.0159875182407347,-25.917586130665654,6.433341979980469,2.2781457608190254,46.449590188256785,0.0040386621095223,"(46.324, 46.855]"
1399979,39.0264789392088,117.8083275098347,1399979,34.474903210388405,0.1906491796076752,34.474903210388405,0.1906491796076752,021753.97+001126.3,2.6041340824855994,46.43493515839119,0.0048783691858886,0.0,-1.0,-25.829594387696385,5.699536323547363,2.6041340824855994,46.43493515839119,0.0048783691858886,"(46.324, 46.855]"
1440190,58.7351077310329,276.2706737904828,1440190,3.858269,0.391293,3.858269,0.391293,001525.98+002328.6,1.7641517043361354,46.331473995308194,0.0060633505811296,45.619666766267,0.0060633505811296,-25.784316238497613,5.634598255157471,1.7641517043361354,46.331473995308194,0.0060633505811296,"(46.324, 46.855]"
1428080,91.19890037726486,356.2865221908967,1428080,13.425688103192169,0.865822509129572,13.425688103192169,0.865822509129572,005342.16+005156.9,1.440186906697503,46.341210585313185,0.0024338741444935,45.62940335627199,0.0024338741444935,-25.867506865380356,12.301225662231445,1.440186906697503,46.341210585313185,0.0024338741444935,"(46.324, 46.855]"
1437687,690.644375582687,1518.4849650708795,1437687,5.929083434536125,1.0452764787747248,5.929083434536125,1.0452764787747248,002342.98+010242.9,1.6377139319131757,46.77413872999662,0.0019608667370043,46.06233150095543,0.0019608667370043,-27.017921744530565,18.014169692993164,1.6377139319131757,46.77413872999662,0.0019608667370043,"(46.324, 46.855]"
1444426,268.87495024527954,622.9997889532459,1444426,0.326674,-1.039397,0.326674,-1.039397,000118.40-010221.8,1.9701721958711127,46.41959144363946,0.0147471968663595,45.672074418523785,0.01697942858382,-26.288647951609164,4.963602542877197,1.9701721958711127,46.41959144363946,0.0147471968663595,"(46.324, 46.855]"
1404279,248.121659804735,734.6218527995632,1404279,31.48354815527864,0.6880394271898426,31.48354815527864,0.6880394271898426,020556.05+004116.9,1.830242659297046,46.3280458734806,0.0039391581992127,45.616238644439406,0.0039391581992127,-25.566384876242964,8.285292625427246,1.830242659297046,46.3280458734806,0.0039391581992127,"(46.324, 46.855]"
1433653,82.55002286501733,220.91127333419973,1433653,9.154982176820395,1.0540223916087823,9.154982176820395,1.0540223916087823,003637.19+010314.4,2.2858984376461398,46.67588653988581,0.0039954527913224,45.75802626401578,0.0096924650024767,-26.867530035503563,11.531847953796387,2.2858984376461398,46.67588653988581,0.0039954527913224,"(46.324, 46.855]"
1433955,652.4453887697716,1605.079154556461,1433955,8.952231060144356,-1.2129277897473465,8.952231060144356,-1.2129277897473465,003548.53-011246.5,2.0173232753941104,46.74276432718639,0.0016857962779006,46.04693491276672,0.0023214993386204,-26.77579228075484,18.295610427856445,2.0173232753941104,46.74276432718639,0.0016857962779006,"(46.324, 46.855]"
1404619,50.18118499133123,133.78207537239535,1404619,31.258863,-0.395376,31.258863,-0.395376,020502.12-002343.3,1.9776913464521944,46.37833699682575,0.0214401756644164,45.60511451861964,0.0204575324688072,-25.88978699473688,4.2550787925720215,1.9776913464521944,46.37833699682575,0.0214401756644164,"(46.324, 46.855]"
1400995,28.698211919876204,158.67684889843582,1400995,33.77343475743086,0.4576188603775451,33.77343475743086,0.4576188603775451,021505.62+002727.4,2.010242194954025,46.846394297086526,0.0031508642329463,46.09300548460581,0.0017587836264603,-27.262747198529553,15.952916145324707,2.010242194954025,46.846394297086526,0.0031508642329463,"(46.324, 46.855]"
1431784,203.0713549368907,968.2770213424606,1431784,10.564740549219891,-0.5820712706845773,10.564740549219891,-0.5820712706845773,004215.53-003455.4,2.130017399062363,46.51746477367361,0.0052829801940248,46.048054290298,0.0043401952957751,-26.413772147834113,10.529792785644531,2.130017399062363,46.51746477367361,0.0052829801940248,"(46.324, 46.855]"
1463647,13.972986408720455,110.72488938976358,1463647,324.60793015171976,1.2320006391741989,324.60793015171976,1.2320006391741989,213825.90+011355.2,3.011368573025528,46.50645257987398,0.0095763673121247,0.0,-1.0,-27.480086513225917,8.146910667419434,3.011368573025528,46.50645257987398,0.0095763673121247,"(46.324, 46.855]"
1404116,112.71137029734145,466.7599151210258,1404116,31.599901555541955,0.423470889058074,31.599901555541955,0.423470889058074,020623.97+002524.4,1.221183741257451,46.380573064839034,0.0030925356819757,45.66876583579784,0.0030925356819757,-25.499805430544097,11.574051856994629,1.221183741257451,46.380573064839034,0.0030925356819757,"(46.324, 46.855]"
1464570,103.76174094818548,369.25340824770353,1464570,322.9798406282886,0.6548314371772627,322.9798406282886,0.6548314371772627,213155.16+003917.3,1.4895426051455363,46.59734637602181,0.0018089457878112,45.88553914698062,0.0018089457878112,-26.01154848591465,18.69318962097168,1.4895426051455363,46.59734637602181,0.0018089457878112,"(46.324, 46.855]"
1422814,54.19700772593641,189.70237607091545,1422814,17.588331,-0.423146,17.588331,-0.423146,011021.19-002523.3,1.9609222670837108,46.34783254297543,0.0,45.70602432924821,0.0091831775308151,-26.30191494563533,6.493894577026367,1.9609222670837108,46.34783254297543,0.0,"(46.324, 46.855]"
1415810,53.98461055158533,204.74721452816857,1415810,22.923310936148567,-1.057021400305689,22.923310936148567,-1.057021400305689,013141.59-010325.2,3.02045369149551,46.49465285355414,0.0070136651523462,0.0,-1.0,-26.47913980839764,3.979884624481201,3.02045369149551,46.49465285355414,0.0070136651523462,"(46.324, 46.855]"
1445498,55.82361483506228,152.54567452050802,1445498,358.9690240909801,0.7956596674581738,358.9690240909801,0.7956596674581738,235552.56+004744.3,2.3481604386437076,46.41830069649782,0.0021372045460843,45.78683953976075,0.0125071865425603,-25.992188361605397,11.693344116210938,2.3481604386437076,46.41830069649782,0.0021372045460843,"(46.324, 46.855]"
1431070,93.53504872916008,365.48666394089537,1431070,11.057200422896017,0.8613932593378766,11.057200422896017,0.8613932593378766,004413.72+005141.0,0.9403019589827316,46.33321397924241,0.002936202517926,45.62140675020122,0.002936202517926,-25.625220241919163,19.99697494506836,0.9403019589827316,46.33321397924241,0.002936202517926,"(46.324, 46.855]"
1434584,193.04107150922184,868.6476339497991,1434584,8.480647488395448,-0.014002706368415,8.480647488395448,-0.014002706368415,003355.35-000050.4,2.6804083356739135,46.72798536578015,0.0035256691264535,0.0,-1.0,-27.1109207505996,9.356541633605957,2.6804083356739135,46.72798536578015,0.0035256691264535,"(46.324, 46.855]"
1396994,104.31317972675866,269.9826092448732,1396994,36.48977658141961,0.4873025833987994,36.48977658141961,0.4873025833987994,022557.54+002914.2,2.429042880587835,46.34862385733613,0.002893250856605,45.47814320731174,0.0323504238989755,-26.274890847633706,7.934479713439941,2.429042880587835,46.34862385733613,0.002893250856605,"(46.324, 46.855]"
1447228,164.0075411021135,408.229403013397,1447228,355.82230657265734,-0.4614347215209633,355.82230657265734,-0.4614347215209633,234317.35-002741.1,1.9739786392668313,46.76628335782522,0.0016684557104547,46.05447612878403,0.0016684557104547,-26.662766411423085,21.01971435546875,1.9739786392668313,46.76628335782522,0.0016684557104547,"(46.324, 46.855]"
1402580,23.46564545979324,51.61393969452118,1402580,32.68208939369595,-0.1231985091965225,32.68208939369595,-0.1231985091965225,021043.70-000723.5,2.7444262141661318,46.589416978845215,0.0039231015523455,0.0,-1.0,-26.601000932689523,7.18911075592041,2.7444262141661318,46.589416978845215,0.0039231015523455,"(46.324, 46.855]"
1450084,44.93935756705003,89.72131679737525,1450084,350.491968,-0.688225,350.491968,-0.688225,232158.07-004117.6,2.1058436592769443,46.411985580136104,0.0112998553857153,0.0,-1.0,-26.75561396780107,4.552100658416748,2.1058436592769443,46.411985580136104,0.0112998553857153,"(46.324, 46.855]"
1445892,48.26934517014289,604.7528048098151,1445892,358.30678072548955,-0.83977884021646,358.30678072548955,-0.83977884021646,235313.62-005023.2,1.955442713772559,46.74040880054983,0.001767808684093,46.02860157150864,0.001767808684093,-26.789100251524083,16.05324935913086,1.955442713772559,46.74040880054983,0.001767808684093,"(46.324, 46.855]"
1448663,102.1941854735046,786.5475434093003,1448663,353.16360048698846,-1.123886471224526,353.16360048698846,-1.123886471224526,233239.26-010725.9,1.8895334873960221,46.83755390054483,0.0018245195544821,46.12574667150364,0.0018245195544821,-26.724946375049285,16.226573944091797,1.8895334873960221,46.83755390054483,0.0018245195544821,"(46.324, 46.855]"
1430983,68.7830350444826,215.1070562058973,1430983,11.115361,-0.159334,11.115361,-0.159334,004427.68-000933.6,1.700430043926219,46.3933526668125,0.0056023323806115,45.681545437771305,0.0056023323806115,-26.046028770197147,8.00778865814209,1.700430043926219,46.3933526668125,0.0056023323806115,"(46.324, 46.855]"
1405374,124.32892343442388,327.2956100744095,1405374,30.718508672631977,0.8521748117177402,30.718508672631977,0.8521748117177402,020252.44+005107.8,2.9115754963198746,46.774892084182866,0.0025151229935893,0.0,-1.0,-26.58007815329899,8.066130638122559,2.9115754963198746,46.774892084182866,0.0025151229935893,"(46.324, 46.855]"
1446082,318.57541647832124,601.7148292066976,1446082,357.989946455666,0.6029307167220559,357.989946455666,0.6029307167220559,235157.58+003610.5,1.3584400409337778,46.66755099942985,0.0010496784851454,45.95574377038866,0.0010496784851454,-26.550054853168945,32.147029876708984,1.3584400409337778,46.66755099942985,0.0010496784851454,"(46.324, 46.855]"
1419440,63.30072000246473,129.98550338217274,1419440,20.219325298350757,0.7209959904733663,20.219325298350757,0.7209959904733663,012052.63+004315.5,2.309115351346144,46.456585305691426,0.0036597993347804,45.74322362537511,0.0156206386512423,-26.87363387439756,9.297635078430176,2.309115351346144,46.456585305691426,0.0036597993347804,"(46.324, 46.855]"
1402157,33.9819820174744,163.75701738597132,1402157,33.00355364788967,0.0738004943227156,33.00355364788967,0.0738004943227156,021200.85+000425.6,2.679936891326472,46.645185912109646,0.0023298097878239,0.0,-1.0,-27.029065820470525,7.071386814117432,2.679936891326472,46.645185912109646,0.0023298097878239,"(46.324, 46.855]"
1390153,1000.4661062629835,2629.3190583714563,1390153,41.22177905011176,1.1479490301145947,41.22177905011176,1.1479490301145947,024453.22+010852.6,1.9591617593948256,46.56422969948919,0.0026082272370153,45.852422470448,0.0026082272370153,-26.242502498999798,15.65515422821045,1.9591617593948256,46.56422969948919,0.0026082272370153,"(46.324, 46.855]"
1446222,14.277427899257685,30.14388031761314,1446222,357.78971945993874,-0.0171181340547248,357.78971945993874,-0.0171181340547248,235109.53-000101.6,3.14473180017916,46.498375597580825,0.0080181552454767,0.0,-1.0,-26.278134606443093,4.109524250030518,3.14473180017916,46.498375597580825,0.0080181552454767,"(46.324, 46.855]"
1465456,167.4083314041162,494.8926830569926,1465456,321.4119429899183,0.9822193641276468,321.4119429899183,0.9822193641276468,212538.86+005855.9,2.631598077005424,46.822013130282755,0.0021382898588093,0.0,-1.0,-26.942813919966845,14.408060073852539,2.631598077005424,46.822013130282755,0.0021382898588093,"(46.324, 46.855]"
1394791,30.21712478169697,93.34096982019312,1394791,37.969856525081696,1.060774999009025,37.969856525081696,1.060774999009025,023152.76+010338.7,2.8410728332857538,46.547479390921076,0.0037957574050153,0.0,-1.0,-26.096144423629415,5.701279640197754,2.8410728332857538,46.547479390921076,0.0037957574050153,"(46.324, 46.855]"
1427348,113.62770391550326,297.2123478945598,1427348,14.010650888110549,-0.0341719523821125,14.010650888110549,-0.0341719523821125,005602.55-000203.0,2.3817808783588106,46.631392167221655,0.0025567370711137,46.16478337874491,0.0178660782657189,-26.801977300927227,8.186367988586426,2.3817808783588106,46.631392167221655,0.0025567370711137,"(46.324, 46.855]"
1420354,25.113372486873512,93.28458566578158,1420354,19.57945013092865,-0.983513001212886,19.57945013092865,-0.983513001212886,011819.06-005900.6,3.5777299818926522,46.62102264146602,0.0102862597099075,0.0,-1.0,-26.911337657419637,3.1438193321228027,3.5777299818926522,46.62102264146602,0.0102862597099075,"(46.324, 46.855]"
1396110,32.000595004710775,92.15677444411492,1396110,37.10387220324045,0.1341061563960361,37.10387220324045,0.1341061563960361,022824.92+000802.7,2.9935430588195593,46.49912518832402,0.0038801651194582,0.0,-1.0,-25.74629528308554,5.7245306968688965,2.9935430588195593,46.49912518832402,0.0038801651194582,"(46.324, 46.855]"
1445809,18.163189464598805,76.81680493945338,1445809,358.436880124229,-0.7726425352399162,358.436880124229,-0.7726425352399162,235344.85-004621.5,2.2336899450964167,46.53539067530804,0.00353508298031,45.84351190281722,0.006104601210481,-26.36353450731665,8.837546348571777,2.2336899450964167,46.53539067530804,0.00353508298031,"(46.324, 46.855]"
1406705,2267.3810784792563,6885.385460805547,1406705,29.651111340415923,1.108865569334932,29.651111340415923,1.108865569334932,015836.26+010631.9,0.7234825958065189,46.380036642420635,0.0009670073330241,45.66822941337944,0.0009670073330241,-26.21775622902693,39.235191345214844,0.7234825958065189,46.380036642420635,0.0009670073330241,"(46.324, 46.855]"
1446596,211.9311665339431,705.0002431521699,1446596,357.1057173100975,0.3444727996949822,357.1057173100975,0.3444727996949822,234825.37+002040.1,2.658566276294723,46.61360661211584,0.0035270078046885,0.0,-1.0,-26.779164440387916,7.985313415527344,2.658566276294723,46.61360661211584,0.0035270078046885,"(46.324, 46.855]"
1462941,430.0423731954346,1658.9215759995395,1462941,325.8903518916409,-0.9702492442612612,325.8903518916409,-0.9702492442612612,214333.68-005812.8,2.678315481559022,46.44437840474887,0.0038443034929471,0.0,-1.0,-26.908418262335235,5.507979393005371,2.678315481559022,46.44437840474887,0.0038443034929471,"(46.324, 46.855]"
1448100,214.2352997013547,877.4012897679067,1448100,354.17755507074224,0.2814959710298428,354.17755507074224,0.2814959710298428,233642.61+001653.3,2.604109211976353,46.82658386608808,0.0015867352861711,0.0,-1.0,-27.127695432806856,17.148317337036133,2.604109211976353,46.82658386608808,0.0015867352861711,"(46.324, 46.855]"
1407738,20.94913759343905,90.1362018733144,1407738,28.81074725425548,0.8787959027345243,28.81074725425548,0.8787959027345243,015514.57+005243.6,3.38973687030597,46.48285039291527,0.02153526974487,0.0,-1.0,-26.46048669352844,4.002746105194092,3.38973687030597,46.48285039291527,0.02153526974487,"(46.324, 46.855]"
1410722,33.42768774114068,79.1322878735495,1410722,26.504108824042987,0.4030586090809206,26.504108824042987,0.4030586090809206,014600.98+002411.0,2.9692756435650955,46.459502138626384,0.0072594702413866,0.0,-1.0,-26.17294813694864,3.9246761798858643,2.9692756435650955,46.459502138626384,0.0072594702413866,"(46.324, 46.855]"
1422953,24.05621467026929,67.74481860280403,1422953,17.468191546474202,0.1148221712423595,17.468191546474202,0.1148221712423595,010952.36+000653.3,2.8922587839442895,46.44961196254042,0.0065631780815351,0.0,-1.0,-26.264789132044974,4.915588855743408,2.8922587839442895,46.44961196254042,0.0065631780815351,"(46.324, 46.855]"
1413521,29.522912301600964,117.43201434825647,1413521,24.551279823360773,-0.3967719302328815,24.551279823360773,-0.3967719302328815,013812.30-002348.3,3.159831504876042,46.32835178852215,0.0168271553008949,0.0,-1.0,-26.688332008394013,3.549478530883789,3.159831504876042,46.32835178852215,0.0168271553008949,"(46.324, 46.855]"
1440342,72.77105233611061,184.38210411883864,1440342,3.7309445611199408,-0.6029965857366566,3.7309445611199408,-0.6029965857366566,001455.42-003610.7,2.4990124765606354,46.419060628756924,0.0035438106954188,0.0,-1.0,-25.740489706637128,5.100647449493408,2.4990124765606354,46.419060628756924,0.0035438106954188,"(46.324, 46.855]"
1430147,180.69404878586408,608.7410423615044,1430147,11.734982,-0.985695,11.734982,-0.985695,004656.39-005908.5,1.9793670678010353,46.53355383635023,0.012230453887863,45.766583293796586,0.0140826869012684,-26.323840267641078,6.577455997467041,1.9793670678010353,46.53355383635023,0.012230453887863,"(46.324, 46.855]"
1453126,1114.9193323761915,2738.008748206021,1453126,344.82567634030687,-0.0200074756700619,344.82567634030687,-0.0200074756700619,225918.16-000112.0,1.3442905012005855,46.58531902956679,0.0012021321149902,45.8735118005256,0.0012021321149902,-25.836916025589538,32.9223747253418,1.3442905012005855,46.58531902956679,0.0012021321149902,"(46.324, 46.855]"
1428652,77.25065823961302,274.08021895355193,1428652,12.90974,-0.803358,12.90974,-0.803358,005138.33-004812.0,2.101712582116213,46.563755450035686,0.0105634337065723,0.0,-1.0,-26.412473890567274,5.635880947113037,2.101712582116213,46.563755450035686,0.0105634337065723,"(46.324, 46.855]"
1423936,84.49726644636982,249.4607107318317,1423936,16.704368594281917,-0.5678567979957948,16.704368594281917,-0.5678567979957948,010649.04-003404.2,2.7095376068390356,46.528194290206095,0.0040897871139016,0.0,-1.0,-26.099348310471147,5.437323093414307,2.7095376068390356,46.528194290206095,0.0040897871139016,"(46.324, 46.855]"
1413939,249.9628168221722,993.913648906648,1413939,24.22639840251173,-0.5709687861446335,24.22639840251173,-0.5709687861446335,013654.33-003415.4,2.7295863599692343,46.854589037397375,0.0016037562313933,0.0,-1.0,-27.58055252629527,13.683111190795898,2.7295863599692343,46.854589037397375,0.0016037562313933,"(46.324, 46.855]"
1396123,408.183876654486,1347.349831232843,1396123,37.096911443897255,-0.441174185092561,37.096911443897255,-0.441174185092561,022823.25-002628.2,2.3628489610409305,46.622044525336456,0.0018829857120543,45.58887535572979,0.0216707374369953,-26.366707347953678,12.790457725524902,2.3628489610409305,46.622044525336456,0.0018829857120543,"(46.324, 46.855]"
1446062,53.6947155581888,123.5276678137296,1446062,358.02684299185654,-0.7685152748670794,358.02684299185654,-0.7685152748670794,235206.44-004606.6,2.732816796127126,46.3311681908854,0.0057261517653799,0.0,-1.0,-26.226434107392727,3.92703914642334,2.732816796127126,46.3311681908854,0.0057261517653799,"(46.324, 46.855]"
1413816,156.23022422820975,361.1118577189544,1413816,24.334899,0.074776,24.334899,0.074776,013720.37+000429.1,1.681325135930425,46.42286460736126,0.0065429592701882,45.71105737832007,0.0065429592701882,-26.068760604795376,5.767764568328857,1.681325135930425,46.42286460736126,0.0065429592701882,"(46.324, 46.855]"
1398041,170.12583373375512,464.65696563967526,1398041,35.751748,0.880574,35.751748,0.880574,022300.41+005250.0,1.253074875025019,46.50820017907939,0.0016871470046346,45.7963929500382,0.0016871470046346,-26.256543124983043,17.79796028137207,1.253074875025019,46.50820017907939,0.0016871470046346,"(46.324, 46.855]"
1452836,253.69580954231432,517.206712895339,1452836,345.326019,1.014881,345.326019,1.014881,230118.24+010053.5,2.074640554542013,46.4702640210764,0.0077956892400621,0.0,-1.0,-26.447204118061194,5.727224826812744,2.074640554542013,46.4702640210764,0.0077956892400621,"(46.324, 46.855]"
1423277,199.81576938774072,300.64400059989566,1423277,17.213265,0.854913,17.213265,0.854913,010851.18+005117.6,2.131112270178029,46.46500685909763,0.0097415862399081,0.0,-1.0,-26.251611434083078,5.865122318267822,2.131112270178029,46.46500685909763,0.0097415862399081,"(46.324, 46.855]"
1411121,21.445145876843416,124.51541058109234,1411121,26.217534505780463,0.8004760024531724,26.217534505780463,0.8004760024531724,014452.20+004801.7,3.1112690334200988,46.405363160092946,0.0094712272623489,0.0,-1.0,-25.659042497520826,3.7808678150177,3.1112690334200988,46.405363160092946,0.0094712272623489,"(46.324, 46.855]"
1440590,340.33077912211644,1224.612582311619,1440590,3.519203779961717,-1.0660809888829457,3.519203779961717,-1.0660809888829457,001404.60-010357.8,0.9811922201135244,46.431202691210885,0.0024494829633994,45.71939546216969,0.0024494829633994,-26.08133628504114,23.195466995239258,0.9811922201135244,46.431202691210885,0.0024494829633994,"(46.324, 46.855]"
1447458,105.30830493080975,231.52434701958208,1447458,355.3321299463196,-1.116028256708888,355.3321299463196,-1.116028256708888,234119.71-010657.7,2.452706123007218,46.45433274956596,0.0047228184208236,0.0,-1.0,-25.557101094033005,4.723232269287109,2.452706123007218,46.45433274956596,0.0047228184208236,"(46.324, 46.855]"
1450797,30.76784436813235,83.4061668181781,1450797,349.1822680931238,0.5071343619065886,349.1822680931238,0.5071343619065886,231643.74+003025.6,2.8092795629030807,46.35675902272523,0.0092000044261517,0.0,-1.0,-25.68280298892735,4.320669174194336,2.8092795629030807,46.35675902272523,0.0092000044261517,"(46.324, 46.855]"
1436786,21.75708204415045,119.71680958813232,1436786,6.684303087511694,-0.4434765162658529,6.684303087511694,-0.4434765162658529,002644.23-002636.5,2.836980861964022,46.5515310978386,0.004425367202586,0.0,-1.0,-26.59648621482177,6.43528413772583,2.836980861964022,46.5515310978386,0.004425367202586,"(46.324, 46.855]"
1448354,401.7240142277184,792.3817560361317,1448354,353.73336,0.566564,353.73336,0.566564,233456.00+003359.6,1.7729877220022903,46.47091350989017,0.0050559980717714,45.759106280848975,0.0050559980717714,-26.37625787096938,7.6928887367248535,1.7729877220022903,46.47091350989017,0.0050559980717714,"(46.324, 46.855]"
1417140,20.935181676116056,56.34304528186946,1417140,21.972344880270384,-0.1724378938996167,21.972344880270384,-0.1724378938996167,012753.36-001020.7,2.1155901005512554,46.39282762206379,0.0031144277976231,45.51567957776715,0.0092104514142619,-25.634854978997083,8.576119422912598,2.1155901005512554,46.39282762206379,0.0031144277976231,"(46.324, 46.855]"
1466530,17.338339472304042,268.6646117342144,1466530,319.4338019115396,-0.3675287026223807,319.4338019115396,-0.3675287026223807,211744.11-002203.1,2.9508986547981744,46.55213375756171,0.0056971284630868,0.0,-1.0,-27.967937304716223,6.206770420074463,2.9508986547981744,46.55213375756171,0.0056971284630868,"(46.324, 46.855]"
1431054,13.891782482700656,37.21719032843628,1431054,11.065953933361207,-0.7175353197380436,11.065953933361207,-0.7175353197380436,004415.82-004303.1,3.2507874696206285,46.816032905819256,0.0047142676233775,0.0,-1.0,-26.79687347347231,6.313079357147217,3.2507874696206285,46.816032905819256,0.0047142676233775,"(46.324, 46.855]"
1433937,166.06027570319887,412.7016914522095,1433937,8.966599463613477,0.9573378361369256,8.966599463613477,0.9573378361369256,003551.98+005726.4,1.9079055212642748,46.70920883916383,0.0022332577442405,45.99740161012264,0.0022332577442405,-26.73689328879621,19.052419662475586,1.9079055212642748,46.70920883916383,0.0022332577442405,"(46.324, 46.855]"
1449164,130.46422222336065,260.9030701126381,1449164,352.190154,0.083659,352.190154,0.083659,232845.63+000501.1,1.5259914584096925,46.42029586288212,0.0089798788424495,45.70848863384093,0.0089798788424495,-25.915495422501763,7.213207721710205,1.5259914584096925,46.42029586288212,0.0089798788424495,"(46.324, 46.855]"
1448522,11.10145167883309,40.213035845830085,1448522,353.4535586788594,-1.043868358321606,353.4535586788594,-1.043868358321606,233348.85-010237.9,3.2848985790520064,46.42888286184622,0.0104159100242995,0.0,-1.0,-26.65018073275845,3.594693660736084,3.2848985790520064,46.42888286184622,0.0104159100242995,"(46.324, 46.855]"
1424130,112.7341139893096,225.12421282346392,1424130,16.568310648507957,0.9490916347608008,16.568310648507957,0.9490916347608008,010616.39+005656.7,1.8701569151790292,46.38940959646703,0.0041086396675957,45.67760236742584,0.0041086396675957,-26.221912724920315,9.15009593963623,1.8701569151790292,46.38940959646703,0.0041086396675957,"(46.324, 46.855]"
1409078,1224.717951774163,3819.513865634165,1409078,27.7577018722448,0.9421331033026848,27.7577018722448,0.9421331033026848,015101.84+005631.6,0.9846543925007638,46.38596145209416,0.002449001116318,45.674154223052966,0.002449001116318,-25.856544436896787,19.13399314880371,0.9846543925007638,46.38596145209416,0.002449001116318,"(46.324, 46.855]"
1419799,274.4564928675832,443.6142241795546,1419799,19.95533174262965,-0.2616761288164293,19.95533174262965,-0.2616761288164293,011949.27-001542.0,1.817785708593034,46.61520491855331,0.0031184997091102,45.90339768951212,0.0031184997091102,-26.538851379772993,13.95859146118164,1.817785708593034,46.61520491855331,0.0031184997091102,"(46.324, 46.855]"
1425063,128.4125154208646,310.1691739703376,1425063,15.854339240642346,0.3241698695162551,15.854339240642346,0.3241698695162551,010325.04+001927.0,2.62024149365852,46.76625766004262,0.0021837974659639,0.0,-1.0,-27.098455736877604,11.457222938537598,2.62024149365852,46.76625766004262,0.0021837974659639,"(46.324, 46.855]"
1423891,26.563108670674023,79.62283116233067,1423891,16.74837445460605,0.2566502809985207,16.74837445460605,0.2566502809985207,010659.60+001523.9,1.7613363067865955,46.517093319146575,0.0026893662379983,45.80528609010538,0.0026893662379983,-26.30166329768604,12.918773651123047,1.7613363067865955,46.517093319146575,0.0026893662379983,"(46.324, 46.855]"
1421017,98.90608377236602,324.5270763356065,1421017,19.064639220243333,-0.7263244349791887,19.064639220243333,-0.7263244349791887,011615.51-004334.7,1.286549730278654,46.411355338472625,0.0015100055238264,45.69954810943143,0.0015100055238264,-26.126416495831247,16.95545196533203,1.286549730278654,46.411355338472625,0.0015100055238264,"(46.324, 46.855]"
1401299,294.3543454182962,410.3934995595261,1401299,33.570658,-0.874763,33.570658,-0.874763,021416.95-005229.1,1.8006722580708079,46.33595534188876,0.0116270414896142,45.62414811284757,0.0116270414896142,-25.98822398892829,6.373723983764648,1.8006722580708079,46.33595534188876,0.0116270414896142,"(46.324, 46.855]"
1434105,906.3429819583158,2599.222060296206,1434105,8.843945521051012,1.2457789807901594,8.843945521051012,1.2457789807901594,003522.54+011444.8,1.3474614888557874,46.705735988348266,0.0013013274680915,45.993928759307074,0.0013013274680915,-26.60033125922925,26.499942779541016,1.3474614888557874,46.705735988348266,0.0013013274680915,"(46.324, 46.855]"
1433320,447.7241396843383,1662.095341159333,1433320,9.437904826069826,-0.924211323115264,9.437904826069826,-0.924211323115264,003745.09-005527.1,1.6272001794733355,46.48092048443519,0.0035823266865122,45.769113255394,0.0035823266865122,-27.042704852289237,14.53328800201416,1.6272001794733355,46.48092048443519,0.0035823266865122,"(46.324, 46.855]"
1436613,1020.6631715239675,3287.232623427292,1436613,6.822428315050047,0.6231955834705815,6.822428315050047,0.6231955834705815,002717.38+003723.5,1.2294490162429046,46.39797859936654,0.0014935305043621,45.68617137032535,0.0014935305043621,-27.09198778433387,22.31570053100586,1.2294490162429046,46.39797859936654,0.0014935305043621,"(46.324, 46.855]"
1423412,58.76356261666288,178.56903733581626,1423412,17.109650585945715,-0.7672704075825205,17.109650585945715,-0.7672704075825205,010826.31-004602.1,2.243023073438772,46.431099230722516,0.0037189913503894,45.7400839604115,0.0154835626358114,-26.572802419295563,6.841549873352051,2.243023073438772,46.431099230722516,0.0037189913503894,"(46.324, 46.855]"
1418189,40.96087117983734,79.83248319221882,1418189,21.179585277513752,-0.9864575449880878,21.179585277513752,-0.9864575449880878,012443.10-005911.2,1.8845759009646066,46.472766077089176,0.0031300359365324,45.760958848047984,0.0031300359365324,-21.265720523709742,12.955747604370117,1.8845759009646066,46.472766077089176,0.0031300359365324,"(46.324, 46.855]"
1453316,109.0052148674994,284.0693893718701,1453316,344.4362866192454,1.1011993668992175,344.4362866192454,1.1011993668992175,225744.70+010604.3,2.3113399412366937,46.56997885287919,0.0036636234673714,46.04474857138345,0.0079711068308903,-26.62371554675763,9.298957824707031,2.3113399412366937,46.56997885287919,0.0036636234673714,"(46.324, 46.855]"
1423684,216.57301546487577,629.8640663913923,1423684,16.89556225723372,-1.0641486214195626,16.89556225723372,-1.0641486214195626,010734.93-010350.9,2.117458071861927,46.54933132979428,0.0031601211941065,45.805658441019546,0.007141053335566,-26.255201639164703,12.216894149780273,2.117458071861927,46.54933132979428,0.0031601211941065,"(46.324, 46.855]"
1435291,171.84624790364668,363.44899785120526,1435291,7.906135,-0.531986,7.906135,-0.531986,003137.47-003155.1,1.6126783236621878,46.39867639700149,0.0060467442860208,45.686869167960296,0.0060467442860208,-26.20942225883288,7.651785850524902,1.6126783236621878,46.39867639700149,0.0060467442860208,"(46.324, 46.855]"
1393415,58.05098425525664,148.00307945566067,1393415,38.92760316247615,1.034526936566799,38.92760316247615,1.034526936566799,023542.62+010204.2,2.171608550727833,46.37607820999236,0.0040977264152388,45.454021804348336,0.0125747819267267,-25.722408408577802,6.826252460479736,2.171608550727833,46.37607820999236,0.0040977264152388,"(46.324, 46.855]"
1453429,113.40016378373772,536.15677045815,1453429,344.20356876843016,0.8245410712065417,344.20356876843016,0.8245410712065417,225648.85+004928.3,1.5197599116983131,46.3270674493414,0.0024896956889328,45.61526022030021,0.0024896956889328,-25.793864093188798,11.657197952270508,1.5197599116983131,46.3270674493414,0.0024896956889328,"(46.324, 46.855]"
1426256,137.3496351304106,286.5053223444514,1426256,14.925563608723255,0.1054188020453732,14.925563608723255,0.1054188020453732,005942.13+000619.5,2.5078458881223593,46.66140352917676,0.0036686010102791,0.0,-1.0,-26.628043692905564,8.258997917175293,2.5078458881223593,46.66140352917676,0.0036686010102791,"(46.324, 46.855]"
1435036,199.63335997422712,659.1349501041695,1435036,8.109619893097431,0.283256863128341,8.109619893097431,0.283256863128341,003226.30+001659.7,2.056570367018124,46.63962580531283,0.002516988553566,45.81321250152554,0.0032819055929955,-26.705405135419838,15.497696876525879,2.056570367018124,46.63962580531283,0.002516988553566,"(46.324, 46.855]"
1451969,2056.6861571853324,7218.828459964233,1451969,346.9957969731746,1.0216248386176356,346.9957969731746,1.0216248386176356,230758.99+010117.8,1.5626934589772512,46.8367485730565,0.0014023666511668,46.124941344015305,0.0014023666511668,-27.425287977834323,26.414518356323242,1.5626934589772512,46.8367485730565,0.0014023666511668,"(46.324, 46.855]"
1452796,217.47745331583985,982.6680182465994,1452796,345.3825344889357,-0.121206923434147,345.3825344889357,-0.121206923434147,230131.80-000716.3,2.099087965562155,46.549404380419254,0.0023892516019117,46.11654450956208,0.0018023667505993,-27.222338674342538,20.235048294067383,2.099087965562155,46.549404380419254,0.0023892516019117,"(46.324, 46.855]"
1410757,374.1966395384512,1835.806526878412,1410757,26.474998242140146,-0.1124565934338059,26.474998242140146,-0.1124565934338059,014553.99-000644.8,1.6365650017109807,46.71708895678762,0.0019273907678467,46.00528172774643,0.0019273907678467,-27.11942719587172,17.995426177978516,1.6365650017109807,46.71708895678762,0.0019273907678467,"(46.324, 46.855]"
1447724,109.20668720816349,606.3713054081005,1447724,354.82445,-0.495433,354.82445,-0.495433,233917.86-002943.5,1.3513842949896777,46.59291129802105,0.0018705474945939,45.88110406897986,0.0018705474945939,-26.614298983548267,15.753889083862305,1.3513842949896777,46.59291129802105,0.0018705474945939,"(46.324, 46.855]"
1422813,55.41827233442298,148.77099074329823,1422813,17.589539104963805,0.5106046445724582,17.589539104963805,0.5106046445724582,011021.48+003038.1,1.5108810104994075,46.3428493382519,0.00176578381976,45.63104210921071,0.00176578381976,-25.817940978480753,10.911872863769531,1.5108810104994075,46.3428493382519,0.00176578381976,"(46.324, 46.855]"
1435692,228.10247213312664,704.6727883731046,1435692,7.562521307291832,1.2246360210095266,7.562521307291832,1.2246360210095266,003015.00+011328.6,2.22791455770582,46.528915655083374,0.0035603698928916,45.71382011023306,0.012480585139059,-26.607766263224498,9.116049766540527,2.22791455770582,46.528915655083374,0.0035603698928916,"(46.324, 46.855]"
1410002,380.8051530964089,1201.6306942218428,1410002,27.053372973107912,-0.8524527247272707,27.053372973107912,-0.8524527247272707,014812.80-005108.8,1.817054222253615,46.72346666149375,0.0020468501602266,46.01165943245256,0.0020468501602266,-26.960072661910353,18.323667526245117,1.817054222253615,46.72346666149375,0.0020468501602266,"(46.324, 46.855]"
1437813,146.2846246180424,179.18079371582246,1437813,5.844631280434347,-0.8081506886684469,5.844631280434347,-0.8081506886684469,002322.71-004829.3,2.254160783659487,46.43910185976921,0.0029681021816614,46.15230734240728,0.0090739762252205,-27.422492511766766,12.171595573425293,2.254160783659487,46.43910185976921,0.0029681021816614,"(46.324, 46.855]"
1410649,60.71259249766045,145.91135177144983,1410649,26.56014560147969,-0.5809686329345644,26.56014560147969,-0.5809686329345644,014614.43-003451.4,2.355322552313737,46.42218924272022,0.0023336154907873,45.53591682296648,0.0436767158042989,-26.419416317978662,5.807992935180664,2.355322552313737,46.42218924272022,0.0023336154907873,"(46.324, 46.855]"
1459775,229.42023824422031,430.8938596439535,1459775,332.0374163882063,0.4829008115736961,332.0374163882063,0.4829008115736961,220808.97+002858.4,2.809869789707974,46.78929738455852,0.0029683630632604,0.0,-1.0,-27.679796810658715,10.737873077392578,2.809869789707974,46.78929738455852,0.0029683630632604,"(46.324, 46.855]"
1445376,14.600802013788725,38.48482623582759,1445376,359.1445799939428,-0.7510436432541012,359.1445799939428,-0.7510436432541012,235634.69-004503.7,3.3825443516625158,46.659049830871716,0.0120159943326392,0.0,-1.0,-26.911354249842308,3.7481443881988525,3.3825443516625158,46.659049830871716,0.0120159943326392,"(46.324, 46.855]"
1463350,85.6467108148531,381.4042451636631,1463350,325.1827346022041,-0.599014999910154,325.1827346022041,-0.599014999910154,214043.85-003556.4,2.128308435113924,46.59448101470608,0.0031597144981141,45.957824142734175,0.0035377824022475,-26.596613053732202,12.979280471801758,2.128308435113924,46.59448101470608,0.0031597144981141,"(46.324, 46.855]"
1455540,28.666664487776035,70.57569277789119,1455540,340.0792649860455,-0.1386745122722184,340.0792649860455,-0.1386745122722184,224019.02-000819.2,2.9668010881519966,46.71795925349717,0.0037883064617361,0.0,-1.0,-27.24724786872692,7.827530860900879,2.9668010881519966,46.71795925349717,0.0037883064617361,"(46.324, 46.855]"
1394495,19.031321356784897,231.8336651244837,1394495,38.16038952725153,-0.3267490844129748,38.16038952725153,-0.3267490844129748,023238.49-001936.2,3.3395273010958104,46.732175875120504,0.0153452776176372,0.0,-1.0,-27.205824570881294,6.5076189041137695,3.3395273010958104,46.732175875120504,0.0153452776176372,"(46.324, 46.855]"
1460213,85.66627931916095,207.76653732612093,1460213,331.157694969709,0.9390450438821488,331.157694969709,0.9390450438821488,220437.84+005620.5,2.4356946030467626,46.4768085488259,0.004693938239324,45.8092664785748,0.0421196235398682,-26.296271128769586,6.74024772644043,2.4356946030467626,46.4768085488259,0.004693938239324,"(46.324, 46.855]"
1447970,26.8209675609895,90.20260221901616,1447970,354.4166326479065,-0.4503235267061543,354.4166326479065,-0.4503235267061543,233739.99-002701.1,2.5115210519729394,46.354065280802814,0.0040899190533387,0.0,-1.0,-26.37658681440395,4.995751857757568,2.5115210519729394,46.354065280802814,0.0040899190533387,"(46.324, 46.855]"
1425616,188.5103990140468,415.9557239320241,1425616,15.433467427815923,-0.6844212605605026,15.433467427815923,-0.6844212605605026,010144.03-004103.9,2.0128844849963254,46.34292753462675,0.0057947600105201,45.573631665372176,0.0056721449166978,-25.676519469989262,6.690213203430176,2.0128844849963254,46.34292753462675,0.0057947600105201,"(46.324, 46.855]"
1465118,35.826497959085195,93.27238142782166,1465118,322.0377064973695,0.071053811661338,322.0377064973695,0.071053811661338,212809.04+000415.7,2.241494749941068,46.48896013885662,0.003445023427588,45.93864222742057,0.0058745831124085,-26.48441383443253,11.163101196289062,2.241494749941068,46.48896013885662,0.003445023427588,"(46.324, 46.855]"
1465022,26.64793724520932,78.22463975310332,1465022,322.21392154220416,0.2999450516727132,322.21392154220416,0.2999450516727132,212851.34+001759.8,2.24657251796567,46.45873605994405,0.0053816444000105,45.73083548133155,0.0112617501705436,-26.22503734861778,10.255820274353027,2.24657251796567,46.45873605994405,0.0053816444000105,"(46.324, 46.855]"
1438563,22.64156324238317,57.60658887949864,1438563,5.186609936519064,-0.3684956443503915,5.186609936519064,-0.3684956443503915,002044.78-002206.5,2.5592345122675133,46.32439811644682,0.0044626075833846,0.0,-1.0,-26.012707148623193,4.86320686340332,2.5592345122675133,46.32439811644682,0.0044626075833846,"(46.324, 46.855]"
1448634,147.96302246014173,511.6117202937425,1448634,353.22545695824306,-0.946710792514051,353.22545695824306,-0.946710792514051,233254.10-005648.1,3.2600301664813705,46.69584602350303,0.0061630577144775,0.0,-1.0,-27.228453505375185,4.928908824920654,3.2600301664813705,46.69584602350303,0.0061630577144775,"(46.324, 46.855]"
1390505,27.590581090298286,75.11305328170545,1390505,40.98189325483813,0.7146222186618982,40.98189325483813,0.7146222186618982,024355.65+004252.6,2.353774515881667,46.44396004100128,0.0028115201047924,45.701367076380166,0.0192338149025523,-26.30161537286637,8.046529769897461,2.353774515881667,46.44396004100128,0.0028115201047924,"(46.324, 46.855]"
1445495,53.96655476415916,309.4011924192069,1445495,358.97163160580595,-0.7225614447017731,358.97163160580595,-0.7225614447017731,235553.19-004321.2,2.544626916518783,46.78443023693289,0.0023566355284891,0.0,-1.0,-27.306176113070162,11.37313461303711,2.544626916518783,46.78443023693289,0.0023566355284891,"(46.324, 46.855]"
1429095,27.91609547887097,199.200219161336,1429095,12.557414,-0.412896,12.557414,-0.412896,005013.77-002446.4,2.036873121526916,46.45987516745618,0.0058207477159974,45.95356575457164,0.0071688555724485,-26.72016751357056,11.81440258026123,2.036873121526916,46.45987516745618,0.0058207477159974,"(46.324, 46.855]"
1438525,13.283353337144952,49.343531205885085,1438525,5.229072664569685,-0.8541128446705836,5.229072664569685,-0.8541128446705836,002054.97-005114.8,3.2591890831031822,46.505407915408114,0.0067124997803276,0.0,-1.0,-26.327085871405544,4.124495983123779,3.2591890831031822,46.505407915408114,0.0067124997803276,"(46.324, 46.855]"
1460759,65.88889206074296,195.96513112637425,1460759,330.056436,-0.320041,330.056436,-0.320041,220013.54-001912.1,2.1306133003159884,46.55715093441152,0.0071235197726799,0.0,-1.0,-26.48695967952428,5.945249557495117,2.1306133003159884,46.55715093441152,0.0071235197726799,"(46.324, 46.855]"
1443409,19.776750062342856,102.04860213160916,1443409,1.1760185480244214,0.066257057911621,1.1760185480244214,0.066257057911621,000442.24+000358.5,2.732951499237315,46.58622052001039,0.0043865566665566,0.0,-1.0,-26.695204107497652,9.441452026367188,2.732951499237315,46.58622052001039,0.0043865566665566,"(46.324, 46.855]"
1450154,22.446460072126246,57.072263276825055,1450154,350.3741737405252,-0.4127149527287184,350.3741737405252,-0.4127149527287184,232129.80-002445.7,3.594524404417659,46.768121980169624,0.0050369921242889,0.0,-1.0,-27.30471366158753,5.8590569496154785,3.594524404417659,46.768121980169624,0.0050369921242889,"(46.324, 46.855]"
1420730,10.760824831141752,135.13942647741243,1420730,19.294094381062973,0.978188610440623,19.294094381062973,0.978188610440623,011710.58+005841.4,3.4752964560545916,46.59058591651949,0.0106799189666197,0.0,-1.0,-27.14978988670891,5.149840354919434,3.4752964560545916,46.59058591651949,0.0106799189666197,"(46.324, 46.855]"
1437890,222.34543463013904,546.606666085568,1437890,5.775922046366929,0.6060528605774019,5.775922046366929,0.6060528605774019,002306.22+003621.7,1.741917676572063,46.53124352183482,0.0037426386909551,45.819436292793625,0.0037426386909551,-26.571769919848748,13.061922073364258,1.741917676572063,46.53124352183482,0.0037426386909551,"(46.324, 46.855]"
1425981,62.51858635303367,109.19708944175136,1425981,15.142514,0.724676,15.142514,0.724676,010034.20+004328.8,1.8019095479534883,46.3265034436601,0.0110833876962281,45.61469621461891,0.0110833876962281,-26.13549738682873,5.4719414710998535,1.8019095479534883,46.3265034436601,0.0110833876962281,"(46.324, 46.855]"
1423994,186.02645164184045,747.6782970266925,1423994,16.659275899906675,0.7223716338239251,16.659275899906675,0.7223716338239251,010638.22+004320.5,1.1209604846620735,46.38265763787448,0.001361434521808,45.67085040883329,0.001361434521808,-25.777466646572304,22.518108367919922,1.1209604846620735,46.38265763787448,0.001361434521808,"(46.324, 46.855]"
1427961,81.14399377766594,190.11986291295403,1427961,13.52084887698722,-1.095095395200434,13.52084887698722,-1.095095395200434,005405.00-010542.3,2.7423637315299128,46.328175947917835,0.0066408892540756,0.0,-1.0,-26.38056370939271,3.9781458377838135,2.7423637315299128,46.328175947917835,0.0066408892540756,"(46.324, 46.855]"
1392617,24.46060580245988,83.56070366873917,1392617,39.54651707362882,0.8027488969641023,39.54651707362882,0.8027488969641023,023811.16+004809.8,3.2794260229975274,46.35610465519183,0.014892902797488,0.0,-1.0,-26.303144180251344,3.2455976009368896,3.2794260229975274,46.35610465519183,0.014892902797488,"(46.324, 46.855]"
1389465,64.019875475623,181.52214555894528,1389465,41.656264624922585,-0.1549453746887768,41.656264624922585,-0.1549453746887768,024637.50-000917.8,1.6492550653054894,46.39902422143944,0.004421238785941,45.68721699239825,0.004421238785941,-25.69516853924409,17.373353958129883,1.6492550653054894,46.39902422143944,0.004421238785941,"(46.324, 46.855]"
1465896,24.54786832311329,109.35038248471372,1465896,320.67920819701845,-0.4482469124460568,320.67920819701845,-0.4482469124460568,212243.01-002653.6,1.9809590160047665,46.84393232438797,0.0011841140992068,46.13212509534678,0.0011841140992068,-27.107589870211886,18.266721725463867,1.9809590160047665,46.84393232438797,0.0011841140992068,"(46.324, 46.855]"
1402839,332.4332714164678,905.209697751228,1402839,32.500273179005546,-1.035766315691222,32.500273179005546,-1.035766315691222,021000.06-010208.7,2.3300769567855872,46.715039895369955,0.002836520916162,46.3608398484223,0.0071399431296725,-27.456847362853914,10.516630172729492,2.3300769567855872,46.715039895369955,0.002836520916162,"(46.324, 46.855]"
1435137,121.45772768942248,339.8005418593244,1435137,8.023083891122452,-0.7359789600645789,8.023083891122452,-0.7359789600645789,003205.54-004409.5,2.492453378586163,46.52534044806813,0.0031178324868541,0.0,-1.0,-26.44407572355785,4.809401988983154,2.492453378586163,46.52534044806813,0.0031178324868541,"(46.324, 46.855]"
1404927,15.34237262876679,70.74053374990459,1404927,31.033282645510248,-1.1959431264204674,31.033282645510248,-1.1959431264204674,020407.98-011145.3,2.911011820667859,46.347486627144704,0.0056763833419637,0.0,-1.0,-26.272887455310514,4.294736385345459,2.911011820667859,46.347486627144704,0.0056763833419637,"(46.324, 46.855]"
1438188,145.9069927252592,310.9600857648418,1438188,5.525246,-1.216799,5.525246,-1.216799,002206.05-011300.4,1.9676412131655185,46.40210090964772,0.0111605150359004,45.582660189216256,0.0207396501663339,-26.168649093972178,4.998950958251953,1.9676412131655185,46.40210090964772,0.0111605150359004,"(46.324, 46.855]"
1428267,223.4060084033661,489.40889519786026,1428267,13.264370169282984,-0.910236351725625,13.264370169282984,-0.910236351725625,005303.44-005436.8,1.1702126978486076,46.639069640000315,0.0011460571313044,45.92726241095912,0.0011460571313044,-26.628456836371203,22.22985076904297,1.1702126978486076,46.639069640000315,0.0011460571313044,"(46.324, 46.855]"
1465119,816.5784049347059,3631.257731367459,1465119,322.0330822981715,-1.1079401523237062,322.0330822981715,-1.1079401523237062,212807.93-010628.5,1.1001371261583117,46.562902762903825,0.0019991528635081,45.85109553386263,0.0019991528635081,-25.975997800279842,30.265844345092773,1.1001371261583117,46.562902762903825,0.0019991528635081,"(46.324, 46.855]"
1401744,46.4040176422366,271.46518142384866,1401744,33.288892183878374,-0.7931053822059895,33.288892183878374,-0.7931053822059895,021309.33-004735.1,1.514274494455028,46.794544286987495,0.0016388192994831,46.082737057946304,0.0016388192994831,-27.196488436204827,19.121707916259766,1.514274494455028,46.794544286987495,0.0016388192994831,"(46.324, 46.855]"
1408566,136.27273113525297,497.8775725736136,1408566,28.1725859220727,0.6317792033973899,28.1725859220727,0.6317792033973899,015241.42+003754.4,2.512981504162835,46.634438679138356,0.0035201303145022,0.0,-1.0,-26.285299813735186,7.164712429046631,2.512981504162835,46.634438679138356,0.0035201303145022,"(46.324, 46.855]"
1439157,112.9597994689443,421.0075620906774,1439157,4.677855,0.845041,4.677855,0.845041,001842.68+005042.1,1.990378866012537,46.39551918884671,0.0126131463942691,45.87020850645734,0.0079099594678382,-26.551756992692614,5.095329761505127,1.990378866012537,46.39551918884671,0.0126131463942691,"(46.324, 46.855]"
1444854,153.30327970907703,419.8770906793743,1444854,359.9504,0.208215,359.9504,0.208215,235948.09+001229.5,2.0696574319032344,46.5962667658707,0.0051934451832025,45.74923625532489,0.0203681017308703,-26.33221135964431,6.865862846374512,2.0696574319032344,46.5962667658707,0.0051934451832025,"(46.324, 46.855]"
1441780,554.6454488182334,1818.4633654085187,1441780,2.491045125383493,0.6194150248733741,2.491045125383493,0.6194150248733741,000957.85+003709.8,2.7424945528967437,46.74911591645799,0.0030916529894504,0.0,-1.0,-26.97369592602449,9.867512702941895,2.7424945528967437,46.74911591645799,0.0030916529894504,"(46.324, 46.855]"
1432449,66.24787316566534,283.4942821913267,1432449,10.077827684511362,0.9238658893148513,10.077827684511362,0.9238658893148513,004018.67+005525.9,2.0850833355440144,46.6917136870536,0.0031478475503803,46.10823581318093,0.0037026982617405,-26.873582460325196,11.29684829711914,2.0850833355440144,46.6917136870536,0.0031478475503803,"(46.324, 46.855]"
1389005,86.16931550454369,217.36625820729304,1389005,41.964243,-1.142012,41.964243,-1.142012,024751.41-010831.2,1.5986590000821037,46.39193449595009,0.0040729035013491,45.6801272669089,0.0040729035013491,-26.248558045595274,7.7758989334106445,1.5986590000821037,46.39193449595009,0.0040729035013491,"(46.324, 46.855]"
1435285,74.52207806930274,331.1526801868651,1435285,7.909087211611222,0.5592437103743264,7.909087211611222,0.5592437103743264,003138.18+003333.2,2.749682484181949,46.85103029767643,0.0021350669424613,0.0,-1.0,-27.626649969493272,10.832817077636719,2.749682484181949,46.85103029767643,0.0021350669424613,"(46.324, 46.855]"
1464183,31.32071775253911,104.53438128785923,1464183,323.6795384475483,0.1747317463653221,323.6795384475483,0.1747317463653221,213443.08+001029.0,2.6299191702062816,46.39915565097976,0.0043835719627161,0.0,-1.0,-26.206354262777857,5.19401216506958,2.6299191702062816,46.39915565097976,0.0043835719627161,"(46.324, 46.855]"
1445753,124.6360187297147,325.00796827897875,1445753,358.5262950996272,-0.3529369920101531,358.5262950996272,-0.3529369920101531,235406.31-002110.5,3.530868465015366,46.57299071874602,0.0127812694251048,0.0,-1.0,-26.90183123959427,3.363361120223999,3.530868465015366,46.57299071874602,0.0127812694251048,"(46.324, 46.855]"
1398944,10.81070006077123,93.9609770109358,1398944,35.188734,1.214677,35.188734,1.214677,022045.29+011252.8,1.654311947579911,46.35105485977061,0.0071375132123172,45.63924763072942,0.0071375132123172,-25.672113416127786,4.944413661956787,1.654311947579911,46.35105485977061,0.0071375132123172,"(46.324, 46.855]"
1408771,32.12045458773931,93.57530599885628,1408771,27.997694656202874,-0.7848960068577587,27.997694656202874,-0.7848960068577587,015159.44-004705.6,2.299188908963277,46.6861561396771,0.0021902586986151,45.99109756033689,0.0116193642779975,-26.909897036712046,10.644156455993652,2.299188908963277,46.6861561396771,0.0021902586986151,"(46.324, 46.855]"
1445049,128.4584424766725,266.4605193276562,1445049,359.6443435443012,-0.809735269593547,359.6443435443012,-0.809735269593547,235834.64-004835.0,2.27650443954701,46.59844910634403,0.0022923298275401,45.83041368800103,0.0114224357137651,-26.50487750504029,11.046372413635254,2.27650443954701,46.59844910634403,0.0022923298275401,"(46.324, 46.855]"
1431417,26.46819251749553,25.4477049776872,1431417,10.811160565859284,-0.6634170975995392,10.811160565859284,-0.6634170975995392,004314.67-003948.3,2.8473357987972308,46.41203992594019,0.0075974146437651,0.0,-1.0,-26.200940432164355,3.7135977745056152,2.8473357987972308,46.41203992594019,0.0075974146437651,"(46.324, 46.855]"
1444307,262.8728511366347,517.1713652951978,1444307,0.4222461396239687,-0.2944506827801966,0.4222461396239687,-0.2944506827801966,000141.33-001740.0,2.461395153902621,46.46005569811957,0.0047170267945411,0.0,-1.0,-26.35295564402745,6.504871368408203,2.461395153902621,46.46005569811957,0.0047170267945411,"(46.324, 46.855]"
1391575,151.37633289990163,390.9997719055983,1391575,40.2800183163406,-0.0241454411692907,40.2800183163406,-0.0241454411692907,024107.20-000126.9,2.2646679200858446,46.50511516507434,0.0032048449519415,45.70873229228263,0.0122886622065294,-25.806517265334143,7.480442047119141,2.2646679200858446,46.50511516507434,0.0032048449519415,"(46.324, 46.855]"
1431909,165.13269593976742,247.81287172126443,1431909,10.468968877224484,0.5013935813536634,10.468968877224484,0.5013935813536634,004152.55+003005.0,2.353315614644953,46.763651417679114,0.0026059546809626,46.0026907233099,0.0097266926348886,-26.796545204290798,13.443758010864258,2.353315614644953,46.763651417679114,0.0026059546809626,"(46.324, 46.855]"
1444827,582.7443139628107,1572.830147796015,1444827,359.99255915999595,0.8610550850662211,359.99255915999595,0.8610550850662211,235958.21+005139.7,2.0173594027950537,46.659840933554584,0.0021092691905337,46.05489351649967,0.0023167094139928,-27.114397690872604,18.57862663269043,2.0173594027950537,46.659840933554584,0.0021092691905337,"(46.324, 46.855]"
1403215,72.6798177244771,214.62577039418304,1403215,32.22759548240632,-1.22674151607284,32.22759548240632,-1.22674151607284,020854.62-011336.2,3.2448263365607692,46.658443225559225,0.0096977493241467,0.0,-1.0,-26.698940410675256,3.402402877807617,3.2448263365607692,46.658443225559225,0.0096977493241467,"(46.324, 46.855]"
1407839,128.1554810082528,370.3751842517072,1407839,28.73594957189374,-0.4478807554728269,28.73594957189374,-0.4478807554728269,015456.62-002652.3,2.322828868822655,46.57596621821756,0.0038507478705689,46.008532411021285,0.0087029462556884,-26.55327056088733,10.330310821533203,2.322828868822655,46.57596621821756,0.0038507478705689,"(46.324, 46.855]"
1451068,532.3151461969353,1805.971160929644,1451068,348.68796346235024,0.1436204623508947,348.68796346235024,0.1436204623508947,231445.11+000837.0,1.1221228177251605,46.36619996114676,0.0012027896192634,45.65439273210557,0.0012027896192634,-25.560426617745886,27.5803279876709,1.1221228177251605,46.36619996114676,0.0012027896192634,"(46.324, 46.855]"
1448686,915.594102424148,1933.319048727833,1448686,353.1175523896534,0.0091093452179752,353.1175523896534,0.0091093452179752,233228.21+000032.7,1.610338257848926,46.70084854873366,0.0024032795712116,45.98904131969247,0.0024032795712116,-26.82905964231611,19.959043502807617,1.610338257848926,46.70084854873366,0.0024032795712116,"(46.324, 46.855]"
1446292,64.74888298227799,135.8092930276444,1446292,357.649017,-1.001907,357.649017,-1.001907,235035.76-010006.8,1.830784160142497,46.34935156089231,0.011600678078274,45.63754433185112,0.011600678078274,-26.087746640877306,5.970442771911621,1.830784160142497,46.34935156089231,0.011600678078274,"(46.324, 46.855]"
1444557,169.59075309383613,643.6268524105456,1444557,0.2212235445517194,-0.6202291235761946,0.2212235445517194,-0.6202291235761946,000053.09-003712.8,1.3102712239920773,46.47735788754373,0.0018938554357532,45.76555065850254,0.0018938554357532,-26.25569078854273,21.471094131469727,1.3102712239920773,46.47735788754373,0.0018938554357532,"(46.324, 46.855]"
1421743,36.62559545524659,150.11752750745345,1421743,18.49448759219611,0.2428324339108993,18.49448759219611,0.2428324339108993,011358.67+001434.1,3.026541301709279,46.59110111793389,0.0030567890219934,0.0,-1.0,-26.79560347255263,9.053208351135254,3.026541301709279,46.59110111793389,0.0030567890219934,"(46.324, 46.855]"
1452995,312.7920052768845,789.5665180099112,1452995,345.06326209219856,1.088913596213205,345.06326209219856,1.088913596213205,230015.18+010520.0,1.6442106033839712,46.49672460807782,0.0022808748564102,45.78491737903663,0.0022808748564102,-26.384433332135213,14.967357635498047,1.6442106033839712,46.49672460807782,0.0022808748564102,"(46.324, 46.855]"
1440953,57.54076382684613,370.86153352230167,1440953,3.2185974422075674,0.4755114310792231,3.2185974422075674,0.4755114310792231,001252.46+002831.8,1.6191770599602224,46.72833559172773,0.0025217358427624,46.016528362686536,0.0025217358427624,-26.78984562877475,19.977251052856445,1.6191770599602224,46.72833559172773,0.0025217358427624,"(46.324, 46.855]"
1448487,105.89112251229754,224.85949941591133,1448487,353.5050433369296,0.975097001651358,353.5050433369296,0.975097001651358,233401.21+005830.3,2.501462316520896,46.401135594519445,0.0044454957834005,0.0,-1.0,-26.29402444148299,5.8494157791137695,2.501462316520896,46.401135594519445,0.0044454957834005,"(46.324, 46.855]"
1411148,145.1954362835973,435.11111355961833,1411148,26.19550812898792,0.1264593311174338,26.19550812898792,0.1264593311174338,014446.92+000735.2,2.4874733595410308,46.800251066753155,0.0025560581754184,0.0,-1.0,-26.73450419565096,12.443418502807617,2.4874733595410308,46.800251066753155,0.0025560581754184,"(46.324, 46.855]"
1429590,107.30873337610056,238.01831530053084,1429590,12.134605,0.183873,12.134605,0.183873,004832.30+001101.9,2.0989015331372185,46.654802989707484,0.0073581322527651,0.0,-1.0,-26.61359274209749,8.566493034362793,2.0989015331372185,46.654802989707484,0.0073581322527651,"(46.324, 46.855]"
1418985,18.922277604903563,53.86646235703265,1418985,20.566492477618745,-0.6931716204803826,20.566492477618745,-0.6931716204803826,012215.95-004135.4,2.8904000558759404,46.67816587628195,0.0051100641714612,0.0,-1.0,-27.125490590723757,6.4121904373168945,2.8904000558759404,46.67816587628195,0.0051100641714612,"(46.324, 46.855]"
1435413,446.4495703636185,1050.3149114311757,1435413,7.797182018848673,-0.189235275804887,7.797182018848673,-0.189235275804887,003111.32-001121.2,1.5119702501272216,46.47531193358209,0.002309335882817,45.7635047045409,0.002309335882817,-26.00986238885292,16.477712631225586,1.5119702501272216,46.47531193358209,0.002309335882817,"(46.324, 46.855]"
1394642,75.19855493436494,367.7868714264166,1394642,38.0581879343182,-0.1422089169330813,38.0581879343182,-0.1422089169330813,023213.96-000831.9,2.810169042005679,46.41277737775426,0.0033357520824566,0.0,-1.0,-26.469524574946405,5.679776668548584,2.810169042005679,46.41277737775426,0.0033357520824566,"(46.324, 46.855]"
1435710,12.806951034958525,37.46075485175575,1435710,7.549089082493693,0.7972193472230059,7.549089082493693,0.7972193472230059,003011.78+004749.9,3.108262803462341,46.386328061278405,0.0093034392894502,0.0,-1.0,-26.28825576440924,3.509284257888794,3.108262803462341,46.386328061278405,0.0093034392894502,"(46.324, 46.855]"
1422688,101.84608478787024,495.4095763882349,1422688,17.694360887621826,0.744686367300036,17.694360887621826,0.744686367300036,011046.64+004440.8,2.196320712900033,46.36853181298485,0.0046330299947214,45.66691897286899,0.0104782640723435,-25.584075826549604,6.66323709487915,2.196320712900033,46.36853181298485,0.0046330299947214,"(46.324, 46.855]"
1464933,34.38909573036239,90.75260266703502,1464933,322.3536173978385,-0.1261930762801726,322.3536173978385,-0.1261930762801726,212924.86-000734.2,2.4569716035476135,46.789376153590744,0.0037601944318872,0.0,-1.0,-26.982708186985914,11.918377876281738,2.4569716035476135,46.789376153590744,0.0037601944318872,"(46.324, 46.855]"
1429896,107.38083437144482,288.916314886051,1429896,11.909163762732137,0.3320316636065537,11.909163762732137,0.3320316636065537,004738.19+001955.3,2.482340466411638,46.32660143118412,0.0037782503593959,0.0,-1.0,-25.552566332027208,4.838702201843262,2.482340466411638,46.32660143118412,0.0037782503593959,"(46.324, 46.855]"
1417513,40.10210866567516,75.29311256046566,1417513,21.71241974187365,0.7800160023073253,21.71241974187365,0.7800160023073253,012650.98+004648.0,2.731606886599165,46.33572313599355,0.0072096815338369,0.0,-1.0,-25.862399749647132,4.453343868255615,2.731606886599165,46.33572313599355,0.0072096815338369,"(46.324, 46.855]"
1447124,43.20288439376233,368.12867653099295,1447124,356.076546,-0.149187,356.076546,-0.149187,234418.37-000857.0,1.7314346053616108,46.32863267122623,0.0074247602377504,45.61682544218504,0.0074247602377504,-26.111017284528003,3.5969929695129395,1.7314346053616108,46.32863267122623,0.0074247602377504,"(46.324, 46.855]"
1430522,85.94730121243356,190.3291646886624,1430522,11.47365825766991,-0.0488510963082224,11.47365825766991,-0.0488510963082224,004553.67-000255.8,2.2185970411717837,46.4536021498278,0.0039123532324865,45.49057154881222,0.026782316837,-26.070264897648023,6.047143936157227,2.2185970411717837,46.4536021498278,0.0039123532324865,"(46.324, 46.855]"
1408352,1817.649637607288,2659.2171684871737,1408352,28.325799677531126,0.1531792786061521,28.325799677531126,0.1531792786061521,015318.19+000911.4,0.8371579292878569,46.47715431270246,0.0009610774972834,45.76534708366127,0.0009610774972834,-26.03575193563269,30.57501792907715,0.8371579292878569,46.47715431270246,0.0009610774972834,"(46.324, 46.855]"
1423712,22.838874162440387,46.84369791834019,1423712,16.877357319257484,-0.1386790046062765,16.877357319257484,-0.1386790046062765,010730.56-000819.2,2.3202912323105793,46.34173752373855,0.0065161961226856,45.270141883357546,0.048826954812192,-25.86435876660022,4.385895729064941,2.3202912323105793,46.34173752373855,0.0065161961226856,"(46.324, 46.855]"
1397011,90.61498410335068,352.5361800093107,1397011,36.47864421698267,0.9212617322764082,36.47864421698267,0.9212617322764082,022554.87+005516.5,1.7706696003330262,46.460632468764764,0.0035631875200543,45.74882523972357,0.0035631875200543,-25.897203982767632,13.853485107421875,1.7706696003330262,46.460632468764764,0.0035631875200543,"(46.324, 46.855]"
1423133,92.54342651141768,362.1101301127388,1423133,17.31659985549844,-0.5346203206952127,17.31659985549844,-0.5346203206952127,010915.98-003204.6,1.7774374435092088,46.551696115157554,0.0014038331350398,45.83988888611636,0.0014038331350398,-26.62034780279521,13.300787925720215,1.7774374435092088,46.551696115157554,0.0014038331350398,"(46.324, 46.855]"
1449158,104.53711820091432,457.8217416652976,1449158,352.199988,-0.453622,352.199988,-0.453622,232847.99-002713.0,1.88408804027452,46.44750746821797,0.0111704939364507,45.73570023917678,0.0111704939364507,-26.399043846947247,7.500457763671875,1.88408804027452,46.44750746821797,0.0111704939364507,"(46.324, 46.855]"
1446048,31.41078015567333,106.44834084652388,1446048,358.05486974120936,-1.2027425645719525,358.05486974120936,-1.2027425645719525,235213.16-011209.8,3.2934627423853096,46.675126769168955,0.0062094661837157,0.0,-1.0,-26.04319116041846,4.429084777832031,3.2934627423853096,46.675126769168955,0.0062094661837157,"(46.324, 46.855]"
1447809,64.81984372638422,284.883894295213,1447809,354.67892802289657,-0.5100343787988831,354.67892802289657,-0.5100343787988831,233842.94-003036.1,2.704531478227626,46.76823382804079,0.0031888631016414,0.0,-1.0,-26.25509424492362,9.69124698638916,2.704531478227626,46.76823382804079,0.0031888631016414,"(46.324, 46.855]"
1452052,51.773757727629416,439.3451043101838,1452052,346.8404742512961,1.0488226350191847,346.8404742512961,1.0488226350191847,230721.71+010255.7,3.2244009338899473,46.84871700620915,0.0075786534574859,0.0,-1.0,-27.545507276254483,8.215428352355957,3.2244009338899473,46.84871700620915,0.0075786534574859,"(46.324, 46.855]"
1439851,387.6398626459117,755.9232962645266,1439851,4.128098836336591,0.5432389705778733,4.128098836336591,0.5432389705778733,001630.74+003235.6,2.095193849314506,46.711669290555704,0.0016210062050738,46.07192501241922,0.0045568401737376,-27.359092300143633,17.8405818939209,2.095193849314506,46.711669290555704,0.0016210062050738,"(46.324, 46.855]"
1432729,86.40785926129529,398.1225358697064,1432729,9.86686592110954,0.1647093970434139,9.86686592110954,0.1647093970434139,003928.04+000952.9,1.0092794300986048,46.416512383059555,0.0018847782091526,45.70470515401836,0.0018847782091526,-26.086222899688376,17.692174911499023,1.0092794300986048,46.416512383059555,0.0018847782091526,"(46.324, 46.855]"
1405013,73.91238202143082,518.5933736953194,1405013,30.9870862180407,1.2006878714951614,30.9870862180407,1.2006878714951614,020356.90+011202.4,1.571870494959017,46.43600345153212,0.0028795476131797,45.72419622249093,0.0028795476131797,-26.140551038090265,11.107912063598633,1.571870494959017,46.43600345153212,0.0028795476131797,"(46.324, 46.855]"
1446450,449.4401211334326,1591.4355886084847,1446450,357.37013410534314,-1.1526724433928703,357.37013410534314,-1.1526724433928703,234928.83-010909.6,1.3843585719195244,46.608963477142055,0.0010748373317248,45.89715624810086,0.0010748373317248,-26.540400113492908,26.96706199645996,1.3843585719195244,46.608963477142055,0.0010748373317248,"(46.324, 46.855]"
1464093,19.66042321282743,55.9281682199092,1464093,323.8358678276691,-1.1304023347283605,323.8358678276691,-1.1304023347283605,213520.60-010749.4,2.8143028239109826,46.38876740159006,0.0040638653739968,0.0,-1.0,-26.049860335431056,4.556025505065918,2.8143028239109826,46.38876740159006,0.0040638653739968,"(46.324, 46.855]"
1448194,142.4981490389871,378.4983017225925,1448194,354.007852,0.389124,354.007852,0.389124,233601.88+002320.8,2.1522721261820275,46.512237073979534,0.0067313971640103,0.0,-1.0,-26.779995153022668,6.207792282104492,2.1522721261820275,46.512237073979534,0.0067313971640103,"(46.324, 46.855]"
1408709,46.22371732011468,110.42574939148014,1408709,28.043143863219825,1.2080213490933596,28.043143863219825,1.2080213490933596,015210.35+011228.8,3.1609910036700404,46.39926907257684,0.011057123146724,0.0,-1.0,-26.091936399665073,3.551178455352783,3.1609910036700404,46.39926907257684,0.011057123146724,"(46.324, 46.855]"
1408120,13.27497797802958,32.967217560397124,1408120,28.51433650514505,0.5738562162214482,28.51433650514505,0.5738562162214482,015403.44+003425.8,2.819722941658851,46.396174599456984,0.0068446863246229,0.0,-1.0,-26.25428894370194,4.838674068450928,2.819722941658851,46.396174599456984,0.0068446863246229,"(46.324, 46.855]"
1425235,13.017058598400675,93.53613108278977,1425235,15.718681283473444,-0.9774729254750076,15.718681283473444,-0.9774729254750076,010252.48-005838.9,3.0520457037083433,46.530419890763845,0.0090240520788178,0.0,-1.0,-26.38057621505993,5.0404744148254395,3.0520457037083433,46.530419890763845,0.0090240520788178,"(46.324, 46.855]"
1456268,19.91703289989012,150.20336666887442,1456268,338.587849306478,-0.8001517203060587,338.587849306478,-0.8001517203060587,223421.08-004800.5,3.0222043444994435,46.776963053120724,0.0047757534070633,0.0,-1.0,-27.348462699687655,6.974226474761963,3.0222043444994435,46.776963053120724,0.0047757534070633,"(46.324, 46.855]"
1441560,74.62215295222114,180.0465183200198,1441560,2.6850908536916904,0.562441987510694,2.6850908536916904,0.562441987510694,001044.42+003344.7,2.5499678468139106,46.46041657872576,0.0029199721811679,0.0,-1.0,-26.03045008491695,6.455634117126465,2.5499678468139106,46.46041657872576,0.0029199721811679,"(46.324, 46.855]"
1450668,583.7346689665433,1072.9103249475058,1450668,349.384976,-0.369717,349.384976,-0.369717,231732.39-002210.9,1.5874903200673462,46.433131561509654,0.0033803829919776,45.72132433246846,0.0033803829919776,-25.90814847931525,8.223356246948242,1.5874903200673462,46.433131561509654,0.0033803829919776,"(46.324, 46.855]"
1448979,217.554522735188,660.8531761819672,1448979,352.60275535455906,-0.5273212821787342,352.60275535455906,-0.5273212821787342,233024.66-003138.3,2.5601802727379455,46.56513239308406,0.0035435237414347,0.0,-1.0,-26.546582794631682,7.594386100769043,2.5601802727379455,46.56513239308406,0.0035435237414347,"(46.324, 46.855]"
1424726,20.14368061335649,187.1478688834476,1424726,16.123971917692018,-0.6161125032168489,16.123971917692018,-0.6161125032168489,010429.75-003658.0,2.9291745704220498,46.77268260780895,0.0026400176942118,0.0,-1.0,-27.246138293472832,7.916064739227295,2.9291745704220498,46.77268260780895,0.0026400176942118,"(46.324, 46.855]"
1438281,57.05779991546037,141.21645089366947,1438281,5.441178218505343,-0.9115288925145648,5.441178218505343,-0.9115288925145648,002145.88-005441.5,2.565082143027228,46.32904123569971,0.0046932242650328,0.0,-1.0,-25.10775134281618,3.6036338806152344,2.565082143027228,46.32904123569971,0.0046932242650328,"(46.324, 46.855]"
1424614,96.20927644303886,269.6377876043422,1424614,16.207490983362362,0.402667278652606,16.207490983362362,0.402667278652606,010449.79+002409.6,2.605764119309248,46.54150812990052,0.0039316023546938,0.0,-1.0,-26.562749972672524,7.881518840789795,2.605764119309248,46.54150812990052,0.0039316023546938,"(46.324, 46.855]"
1441329,61.50521685845916,154.20497669418185,1441329,2.8834059377043104,-0.0949017580717231,2.8834059377043104,-0.0949017580717231,001132.01-000541.6,2.895710924522276,46.740370794132005,0.0034492339070624,0.0,-1.0,-26.952433261831246,6.919914722442627,2.895710924522276,46.740370794132005,0.0034492339070624,"(46.324, 46.855]"
1439259,19.850432558766705,51.30597401357887,1439259,4.600304683644652,-0.6065795698082438,4.600304683644652,-0.6065795698082438,001824.07-003623.6,2.578281791864946,46.3655324783798,0.0058273335951426,0.0,-1.0,-25.761926696201577,4.902899742126465,2.578281791864946,46.3655324783798,0.0058273335951426,"(46.324, 46.855]"
1402706,117.31620378088014,328.49516840111363,1402706,32.599425039639435,-1.082144937859037,32.599425039639435,-1.082144937859037,021023.86-010455.7,2.3951737226414505,46.618634886654334,0.0032165505066714,46.021430901412806,0.0180521502694759,-26.898962716948148,10.225712776184082,2.3951737226414505,46.618634886654334,0.0032165505066714,"(46.324, 46.855]"
1448710,298.04547877984265,535.3530661576816,1448710,353.0776135642864,-0.978534243021202,353.0776135642864,-0.978534243021202,233218.62-005842.7,1.5807926959075245,46.569504563411435,0.0013770832196264,45.85769733437024,0.0013770832196264,-26.40987559884745,17.890640258789062,1.5807926959075245,46.569504563411435,0.0013770832196264,"(46.324, 46.855]"
1433987,24.487675155305585,95.75372373527824,1433987,8.933543811109704,-1.169096468495876,8.933543811109704,-1.169096468495876,003544.05-011008.7,3.2112439431231414,46.60926435227371,0.0045259841661255,0.0,-1.0,-27.15131092800998,4.653420925140381,3.2112439431231414,46.60926435227371,0.0045259841661255,"(46.324, 46.855]"
1447077,163.17496613369738,604.4505281825433,1447077,356.19253639967263,0.5681764307565849,356.19253639967263,0.5681764307565849,234446.20+003405.4,2.3271368479061185,46.802574591960415,0.0012676299438751,45.98655169627239,0.0076717234409215,-27.065802333355137,13.165897369384766,2.3271368479061185,46.802574591960415,0.0012676299438751,"(46.324, 46.855]"
1393202,164.794487368373,510.00225758628295,1393202,39.086638345921614,-0.5617411339988744,39.086638345921614,-0.5617411339988744,023620.79-003342.2,1.6714782895435543,46.67756862169184,0.0015173885586143,45.96576139265065,0.0015173885586143,-26.714180452491803,24.28765106201172,1.6714782895435543,46.67756862169184,0.0015173885586143,"(46.324, 46.855]"
1413413,155.1422674593064,476.0829449661332,1413413,24.63052121795829,-1.0452437750141632,24.63052121795829,-1.0452437750141632,013831.32-010242.8,2.358036023207809,46.3964944280681,0.0039783524180592,45.62426231324908,0.0325164573298266,-25.882176998380448,6.129132270812988,2.358036023207809,46.3964944280681,0.0039783524180592,"(46.324, 46.855]"
1430523,73.33182660534888,130.69869719636438,1430523,11.472157,1.157488,11.472157,1.157488,004553.31+010926.9,2.0434550358737593,46.39590335874159,0.0124043994855327,45.74105496177565,0.0152423916406014,-26.237751852941212,6.215357303619385,2.0434550358737593,46.39590335874159,0.0124043994855327,"(46.324, 46.855]"
1450914,394.4450248879315,946.4513131538738,1450914,348.9601945645589,0.6809841359765342,348.9601945645589,0.6809841359765342,231550.44+004051.5,1.4880045323788431,46.399232661706726,0.0025286385402623,45.687425432665535,0.0025286385402623,-25.75147557994296,14.681081771850586,1.4880045323788431,46.399232661706726,0.0025286385402623,"(46.324, 46.855]"
1413568,44.56853177053246,108.9286166955695,1413568,24.511528600856423,-1.0097301372202017,24.511528600856423,-1.0097301372202017,013802.76-010035.0,2.492219821738291,46.55206198058435,0.0021711840413765,0.0,-1.0,-27.147925176478463,11.649615287780762,2.492219821738291,46.55206198058435,0.0021711840413765,"(46.324, 46.855]"
1449940,135.14352008469237,327.58251344785185,1449940,350.7388826163904,0.954568826070226,350.7388826163904,0.954568826070226,232257.33+005716.4,2.7847913220145606,46.6989288177655,0.003799242503085,0.0,-1.0,-27.124167380095034,7.159543514251709,2.7847913220145606,46.6989288177655,0.003799242503085,"(46.324, 46.855]"
1405853,19.90951613135937,59.47529102874066,1405853,30.346970648602596,-1.0833460036720444,30.346970648602596,-1.0833460036720444,020123.27-010500.0,2.935255036167188,46.63890472065577,0.0048475043959044,0.0,-1.0,-26.031825847964356,5.464224815368652,2.935255036167188,46.63890472065577,0.0048475043959044,"(46.324, 46.855]"
1438314,178.16103148781525,690.8253344706945,1438314,5.413751449113704,-0.5318281398580835,5.413751449113704,-0.5318281398580835,002139.30-003154.5,2.1563977457269567,46.83979034957518,0.0022522419928066,46.35743549697416,0.0029321081865063,-27.431938409239258,19.238025665283203,2.1563977457269567,46.83979034957518,0.0022522419928066,"(46.324, 46.855]"
1451693,89.48670629562518,271.52581900029577,1451693,347.49915984373,0.9335982853463034,347.49915984373,0.9335982853463034,230959.79+005600.9,2.418300831537118,46.610583611479385,0.003382634420582,45.694260553906986,0.0357044945683071,-26.439012849594693,9.592188835144043,2.418300831537118,46.610583611479385,0.003382634420582,"(46.324, 46.855]"
1450055,53.74945575164747,179.6677743136512,1450055,350.5304333638758,0.5636090855665156,350.5304333638758,0.5636090855665156,232207.30+003348.9,2.6974741707194445,46.3956340431654,0.007595681724112,0.0,-1.0,-26.048105690709644,5.375028133392334,2.6974741707194445,46.3956340431654,0.007595681724112,"(46.324, 46.855]"
1403400,103.80102140208987,245.9068966984218,1403400,32.11004262023491,0.6362507284342949,32.11004262023491,0.6362507284342949,020826.41+003810.5,2.3704552470427904,46.50405978289717,0.0057882117340355,45.510589606982734,0.0319938233240186,-26.702516037358286,6.22478723526001,2.3704552470427904,46.50405978289717,0.0057882117340355,"(46.324, 46.855]"
1439710,381.0288671413088,795.7179941741097,1439710,4.237507,0.925594,4.237507,0.925594,001657.00+005532.1,1.753324929412122,46.607388918712964,0.0041612208599168,45.89558168967177,0.0041612208599168,-26.581795259068198,12.349408149719238,1.753324929412122,46.607388918712964,0.0041612208599168,"(46.324, 46.855]"
1459632,61.466406440264656,161.5077315915086,1459632,332.27410135324703,0.5864053289209491,332.27410135324703,0.5864053289209491,220905.78+003511.0,2.8475955169894487,46.40946097935271,0.0032629012806708,0.0,-1.0,-25.834447361798176,4.936260223388672,2.8475955169894487,46.40946097935271,0.0032629012806708,"(46.324, 46.855]"
1407711,148.1339841013426,419.00661191942953,1407711,28.836845907860607,0.3477323776076893,28.836845907860607,0.3477323776076893,015520.84+002051.8,2.4361183683251793,46.3866556765874,0.0064011292345824,45.53418046178424,0.0371418971114074,-25.70548958387504,5.9930644035339355,2.4361183683251793,46.3866556765874,0.0064011292345824,"(46.324, 46.855]"
1411008,11.176718089238486,87.46968895400944,1411008,26.29896686516025,-0.7247113835389486,26.29896686516025,-0.7247113835389486,014511.75-004328.9,3.0514123337730705,46.55438713900119,0.0074474198537579,0.0,-1.0,-26.78763293702499,4.906549453735352,3.0514123337730705,46.55438713900119,0.0074474198537579,"(46.324, 46.855]"
1439483,93.40202293788036,195.84827095773176,1439483,4.414483557537153,-0.134731317707306,4.414483557537153,-0.134731317707306,001739.47-000805.0,2.7613701784598694,46.40036962425878,0.0042155298356938,0.0,-1.0,-26.59372994627154,4.966731071472168,2.7613701784598694,46.40036962425878,0.0042155298356938,"(46.324, 46.855]"
1449645,253.3482976710084,990.0821720267976,1449645,351.31651164262723,0.7805124693896742,351.31651164262723,0.7805124693896742,232515.96+004649.8,3.096818598707825,46.76489116799882,0.0032262749406868,0.0,-1.0,-26.81747981378738,8.560619354248047,3.096818598707825,46.76489116799882,0.0032262749406868,"(46.324, 46.855]"
1449070,21.99445336419942,77.18113788699124,1449070,352.3806763213701,-0.3433902131497404,352.3806763213701,-0.3433902131497404,232931.36-002036.2,3.0102703423098998,46.497613497700165,0.0061078101499134,0.0,-1.0,-26.803751404491972,4.323117256164551,3.0102703423098998,46.497613497700165,0.0061078101499134,"(46.324, 46.855]"
1464864,169.83684423395988,346.3290190853196,1464864,322.4672812168684,0.5456984229267461,322.4672812168684,0.5456984229267461,212952.14+003244.5,1.866634614956145,46.50742051458401,0.0026634656586956,45.79561328554282,0.0026634656586956,-26.539279071000685,13.243510246276855,1.866634614956145,46.50742051458401,0.0026634656586956,"(46.324, 46.855]"
1441202,14.292666335904414,3248.765890018438,1441202,2.9860250218684428,-0.0946555697551869,2.9860250218684428,-0.0946555697551869,001156.64-000540.7,3.1348437751757885,46.39430065906665,0.0109774471863772,0.0,-1.0,-26.21012023008662,3.4266555309295654,3.1348437751757885,46.39430065906665,0.0109774471863772,"(46.324, 46.855]"
1463489,99.07648534228846,274.71747386351007,1463489,324.89933822223844,-0.8712605030828945,324.89933822223844,-0.8712605030828945,213935.84-005216.5,2.5226054733684355,46.7071198087527,0.0025406197268509,0.0,-1.0,-27.202618692549997,9.512468338012695,2.5226054733684355,46.7071198087527,0.0025406197268509,"(46.324, 46.855]"
1431581,476.39425092784415,696.5366163461865,1431581,10.696497,1.005369,10.696497,1.005369,004247.15+010019.3,1.1134721809839179,46.34300614033685,0.0019896245503829,45.631198911295655,0.0019896245503829,-25.879580225453875,12.503190994262695,1.1134721809839179,46.34300614033685,0.0019896245503829,"(46.324, 46.855]"
1444556,47.66195292096257,60.1134337832348,1444556,0.2215472849578184,-0.2924895257035412,0.2215472849578184,-0.2924895257035412,000053.17-001732.9,2.762577493525428,46.45787895214607,0.0061806888062498,0.0,-1.0,-26.900516779047667,4.608297824859619,2.762577493525428,46.45787895214607,0.0061806888062498,"(46.324, 46.855]"
1450281,110.2385365546043,372.0945563903767,1450281,350.12905171919806,-0.677591557014552,350.12905171919806,-0.677591557014552,232030.97-004039.3,1.7192809855976114,46.708688128486074,0.0013134321175556,45.99688089944488,0.0013134321175556,-26.916918284299726,19.814382553100586,1.7192809855976114,46.708688128486074,0.0013134321175556,"(46.324, 46.855]"
1417561,24.362137900109627,110.29081289442983,1417561,21.678798721133315,0.0441688978330866,21.678798721133315,0.0441688978330866,012642.91+000239.0,3.2310343777874686,46.744592341659505,0.0033516900061165,0.0,-1.0,-27.494203673037894,5.367531776428223,3.2310343777874686,46.744592341659505,0.0033516900061165,"(46.324, 46.855]"
1420571,26.72440035984184,223.58158012930505,1420571,19.405590291923403,0.6320071908444441,19.405590291923403,0.6320071908444441,011737.34+003755.2,2.155729809731657,46.382986152271194,0.0057266473261385,45.67117892323,0.0057266473261385,-26.255793336796017,3.1823477745056152,2.155729809731657,46.382986152271194,0.0057266473261385,"(46.324, 46.855]"
1426321,200.62689085115733,757.1043115181251,1426321,14.87525629097621,1.1901164154629853,14.87525629097621,1.1901164154629853,005930.06+011124.4,1.0321319161868523,46.361110553015834,0.0019961543609809,45.64930332397464,0.0019961543609809,-25.824931155652813,21.49799156188965,1.0321319161868523,46.361110553015834,0.0019961543609809,"(46.324, 46.855]"
1446438,17.646814873489777,155.0379366518223,1446438,357.38874138239873,0.315791672413697,357.38874138239873,0.315791672413697,234933.29+001856.8,3.3247830599335746,46.661139701438934,0.0039240891568042,0.0,-1.0,-27.1663622155498,6.103435516357422,3.3247830599335746,46.661139701438934,0.0039240891568042,"(46.324, 46.855]"
1408409,218.04108654541864,685.9145360107071,1408409,28.282201766370783,-0.2876255076818147,28.282201766370783,-0.2876255076818147,015307.72-001715.4,2.6640554131892915,46.37254131571394,0.0048719287041301,0.0,-1.0,-25.627165521136746,3.9309871196746826,2.6640554131892915,46.37254131571394,0.0048719287041301,"(46.324, 46.855]"
1391582,417.7160831178259,891.7931441882307,1391582,40.27256339186766,1.104115360323067,40.27256339186766,1.104115360323067,024105.41+010614.8,1.5529424416691846,46.352083438750704,0.0039094004508406,45.64027620970951,0.0039094004508406,-26.129591352655396,16.211856842041016,1.5529424416691846,46.352083438750704,0.0039094004508406,"(46.324, 46.855]"
1448950,149.15097014936103,398.2171262902541,1448950,352.64793006353113,0.9784342920528488,352.64793006353113,0.9784342920528488,233035.50+005842.3,2.715243998890312,46.39829914684796,0.0060668174447364,0.0,-1.0,-26.500255718080535,4.1143317222595215,2.715243998890312,46.39829914684796,0.0060668174447364,"(46.324, 46.855]"
1398829,34.76953840641041,62.74536873794644,1398829,35.2636266743165,0.3907304650631353,35.2636266743165,0.3907304650631353,022103.27+002326.6,2.6026934398665507,46.37455516057099,0.0084706573453772,0.0,-1.0,-26.416216770524375,6.537957668304443,2.6026934398665507,46.37455516057099,0.0084706573453772,"(46.324, 46.855]"
1451881,63.492714862698485,180.41563745373568,1451881,347.182332,1.185918,347.182332,1.185918,230843.75+011109.3,1.52268599020533,46.34062710453036,0.0053183543315569,45.62881987548917,0.0053183543315569,-25.878819290106232,7.081181049346924,1.52268599020533,46.34062710453036,0.0053183543315569,"(46.324, 46.855]"
1438588,23.46420486784268,94.91893927065126,1438588,5.164439749590542,1.2381690569456918,5.164439749590542,1.2381690569456918,002039.46+011417.4,2.356873787078221,46.54239727015629,0.0037821624663472,45.61003639734313,0.0361157730897296,-25.98673896465256,7.503875255584717,2.356873787078221,46.54239727015629,0.0037821624663472,"(46.324, 46.855]"
1458882,117.93095540687553,529.9284191600531,1458882,333.6637747885683,0.620713764507152,333.6637747885683,0.620713764507152,221439.30+003714.5,1.4767501127145624,46.565668528874234,0.0023294425830364,45.85386129983304,0.0023294425830364,-26.345322030991536,17.872802734375,1.4767501127145624,46.565668528874234,0.0023294425830364,"(46.324, 46.855]"
1424190,58.474928068874576,140.90063480742987,1424190,16.52821621422174,-1.0543220771271535,16.52821621422174,-1.0543220771271535,010606.77-010315.5,2.289324378453626,46.39084885429744,0.004556763759961,45.45858203599232,0.0130562323209098,-25.58029026655226,5.201592922210693,2.289324378453626,46.39084885429744,0.004556763759961,"(46.324, 46.855]"
1445234,21.175662328025947,54.16922933361995,1445234,359.3545301295813,0.6641257034186879,359.3545301295813,0.6641257034186879,235725.08+003950.8,3.1117343067359178,46.34994809645457,0.0071309319428678,0.0,-1.0,-26.122706461143398,3.0978469848632812,3.1117343067359178,46.34994809645457,0.0071309319428678,"(46.324, 46.855]"
1457336,24.0577099035888,102.13380779279416,1457336,336.62718470934726,-1.2373403025794725,336.62718470934726,-1.2373403025794725,222630.52-011414.4,3.2703203361709896,46.77816300851468,0.0023790009950204,0.0,-1.0,-27.172398332710898,8.586342811584473,3.2703203361709896,46.77816300851468,0.0023790009950204,"(46.324, 46.855]"
1435340,63.293827831764574,159.99065661572962,1435340,7.869095152364847,0.0026173137944251,7.869095152364847,0.0026173137944251,003128.58+000009.4,2.7746493452477825,46.511313975269,0.0044300958208545,0.0,-1.0,-26.728044145280343,7.4007415771484375,2.7746493452477825,46.511313975269,0.0044300958208545,"(46.324, 46.855]"
1387819,46.147143181242285,133.35786086986187,1387819,42.86970125219585,-0.4474797737570442,42.86970125219585,-0.4474797737570442,025128.72-002650.9,2.338418219274268,46.57888119341632,0.0022313827111908,45.46617764757742,0.0319110398722095,-26.805319488825724,8.983319282531738,2.338418219274268,46.57888119341632,0.0022313827111908,"(46.324, 46.855]"
1394568,549.114309503937,975.3230687768504,1394568,38.11057870577008,-0.1958692335253022,38.11057870577008,-0.1958692335253022,023226.53-001145.1,1.7299280177993173,46.528576350057,0.0023596981467761,45.81676912101581,0.0023596981467761,-27.07662848501722,23.060806274414062,1.7299280177993173,46.528576350057,0.0023596981467761,"(46.324, 46.855]"
1438089,36.96496612157086,102.74349735504693,1438089,5.626146269436276,-0.4598610764452183,5.626146269436276,-0.4598610764452183,002230.27-002735.4,2.537600566810255,46.348810899087454,0.0030428036255187,0.0,-1.0,-26.123692117863175,5.430334091186523,2.537600566810255,46.348810899087454,0.0030428036255187,"(46.324, 46.855]"
1443430,68.40129340545607,307.7243687999055,1443430,1.163565,-0.529315,1.163565,-0.529315,000439.25-003145.5,1.8610751327784565,46.35951515646563,0.0092748417849151,45.64770792742444,0.0092748417849151,-26.118667662465477,4.564662933349609,1.8610751327784565,46.35951515646563,0.0092748417849151,"(46.324, 46.855]"
1412495,43.02481101010092,127.61410937545097,1412495,25.28113978132688,1.0379419745672476,25.28113978132688,1.0379419745672476,014107.47+010216.5,3.3924432828643343,46.5941927727007,0.0158478025827513,0.0,-1.0,-26.59851276600103,5.201998710632324,3.3924432828643343,46.5941927727007,0.0158478025827513,"(46.324, 46.855]"
1432338,24.61622678930909,72.69405713197217,1432338,10.17348365470798,-1.043224263002682,10.17348365470798,-1.043224263002682,004041.63-010235.6,3.118025830238812,46.68314521427466,0.0036027981575621,0.0,-1.0,-27.100525134355163,6.501669406890869,3.118025830238812,46.68314521427466,0.0036027981575621,"(46.324, 46.855]"
1394735,53.17405944928167,133.8244813816422,1394735,38.0028192012849,-1.1499688418224374,38.0028192012849,-1.1499688418224374,023200.67-010859.8,2.780396612526997,46.51290492537464,0.0070497042460146,0.0,-1.0,-26.700820150510488,4.874098300933838,2.780396612526997,46.51290492537464,0.0070497042460146,"(46.324, 46.855]"
1441927,18.413884442678608,53.98516471831883,1441927,2.355109206862835,-0.9341643403871212,2.355109206862835,-0.9341643403871212,000925.22-005602.9,3.155612706311543,46.56833861659421,0.01093497553207,0.0,-1.0,-26.015192887681504,3.668039083480835,3.155612706311543,46.56833861659421,0.01093497553207,"(46.324, 46.855]"
1428433,32.899383974735606,108.4825630611146,1428433,13.114630334416688,-0.055937695699807,13.114630334416688,-0.055937695699807,005227.51-000321.3,2.516236939315935,46.57667060146404,0.0027751572493954,0.0,-1.0,-26.39191027183331,8.583280563354492,2.516236939315935,46.57667060146404,0.0027751572493954,"(46.324, 46.855]"
1453214,347.8815078185245,782.1815570527542,1453214,344.64515024609625,0.8829950090638453,344.64515024609625,0.8829950090638453,225834.83+005258.7,1.6295132754380544,46.85507088180236,0.0009497341536714,46.14326365276117,0.0009497341536714,-26.866933814046543,29.565406799316406,1.6295132754380544,46.85507088180236,0.0009497341536714,"(46.324, 46.855]"
1425522,62.02532952351079,175.59415319572554,1425522,15.511533154999997,1.2480580667294097,15.511533154999997,1.2480580667294097,010202.76+011453.0,2.542628433227595,46.46501778549839,0.0044445255661642,0.0,-1.0,-26.207767444138998,6.174643516540527,2.542628433227595,46.46501778549839,0.0044445255661642,"(46.324, 46.855]"
1407997,660.200271974008,2221.4986528134204,1407997,28.6073097214566,-0.5171216970780802,28.6073097214566,-0.5171216970780802,015425.75-003101.6,1.72168790845092,46.730657443321164,0.0022308512732855,46.01885021427997,0.0022308512732855,-26.948699948931697,16.740230560302734,1.72168790845092,46.730657443321164,0.0022308512732855,"(46.324, 46.855]"
1459689,24.94087993840564,33.843870057137195,1459689,332.1875623444392,1.002116853689397,332.1875623444392,1.002116853689397,220845.01+010007.6,2.358445433451941,46.33421655918962,0.0062679500861797,45.68103849516864,0.050337484632827,-25.930067315100782,4.994073390960693,2.358445433451941,46.33421655918962,0.0062679500861797,"(46.324, 46.855]"
1412084,93.6847201573554,428.3688736840277,1412084,25.540516132313662,-0.3967508007651634,25.540516132313662,-0.3967508007651634,014209.72-002348.3,1.354344192493658,46.482124748694574,0.001613826971095,45.77031751965338,0.001613826971095,-26.187470789866012,20.615280151367188,1.354344192493658,46.482124748694574,0.001613826971095,"(46.324, 46.855]"
1444156,83.15518937787623,365.0413121406575,1444156,0.5437036608411745,-1.0240487855450806,0.5437036608411745,-1.0240487855450806,000210.48-010126.5,2.6366748724657327,46.848999881907076,0.0016775260086738,0.0,-1.0,-27.301963428501438,10.178596496582031,2.6366748724657327,46.848999881907076,0.0016775260086738,"(46.324, 46.855]"
1458629,21.930701857209847,85.93341634392918,1458629,334.15045210619564,0.7664709754558698,334.15045210619564,0.7664709754558698,221636.10+004559.2,2.970888289347909,46.419797015462784,0.0047178922825068,0.0,-1.0,-26.0695606580536,4.504629135131836,2.970888289347909,46.419797015462784,0.0047178922825068,"(46.324, 46.855]"
1411662,56.629261614250666,282.3562988321771,1411662,25.82654456899325,1.0275801336033936,25.82654456899325,1.0275801336033936,014318.37+010139.2,2.6361170763329844,46.490968591376465,0.0032394741970414,0.0,-1.0,-26.496578148671773,9.62733268737793,2.6361170763329844,46.490968591376465,0.0032394741970414,"(46.324, 46.855]"
1394784,209.80993481217013,930.3621153878244,1394784,37.97411422037885,-0.5422695422337948,37.97411422037885,-0.5422695422337948,023153.78-003232.1,1.725702020634025,46.432825000658646,0.0032916886436211,45.721017771617454,0.0032916886436211,-26.62828918825086,14.774158477783203,1.725702020634025,46.432825000658646,0.0032916886436211,"(46.324, 46.855]"
1459626,184.472300260875,665.1567782353148,1459626,332.29040982923914,0.752232130496155,332.29040982923914,0.752232130496155,220909.69+004508.0,1.4235411220715122,46.40950313208213,0.0021993559388064,45.69769590304094,0.0021993559388064,-26.181989136052888,16.000879287719727,1.4235411220715122,46.40950313208213,0.0021993559388064,"(46.324, 46.855]"
1449165,11.199211298727423,91.4055143542489,1449165,352.1884892951968,-0.5288999608727099,352.1884892951968,-0.5288999608727099,232845.23-003144.0,3.265884797676339,46.58580012443108,0.01267704847195,0.0,-1.0,-27.080561330224718,4.370662689208984,3.265884797676339,46.58580012443108,0.01267704847195,"(46.324, 46.855]"
1449989,76.628271557463,267.24302378812666,1449989,350.6603660644863,0.8482015471951257,350.6603660644863,0.8482015471951257,232238.48+005053.5,3.114620961790195,46.516997713656224,0.011059417150296,0.0,-1.0,-26.465966413521432,3.532589912414551,3.114620961790195,46.516997713656224,0.011059417150296,"(46.324, 46.855]"
1424129,30.979752580132505,118.45317588587962,1424129,16.5691050725596,0.9429220609094928,16.5691050725596,0.9429220609094928,010616.58+005634.5,2.7727942508158896,46.378349973197345,0.0043202955448577,0.0,-1.0,-25.6203616852955,4.287632942199707,2.7727942508158896,46.378349973197345,0.0043202955448577,"(46.324, 46.855]"
1442117,108.56293495714075,280.7734964739331,1442117,2.186263,0.430721,2.186263,0.430721,000844.70+002550.5,2.1150254903407566,46.734061399149894,0.0060563313357242,0.0,-1.0,-27.02134434057889,7.689964771270752,2.1150254903407566,46.734061399149894,0.0060563313357242,"(46.324, 46.855]"
1431008,58.80905065293009,122.24107716720788,1431008,11.101979312475123,0.4924972787634314,11.101979312475123,0.4924972787634314,004424.47+002932.9,2.1675639039476295,46.567155646115076,0.0031559580197182,45.78582005991098,0.0090941839719818,-26.42326860340495,11.041924476623535,2.1675639039476295,46.567155646115076,0.0031559580197182,"(46.324, 46.855]"
1420284,489.2538530227794,1372.5128601176405,1420284,19.63623294746668,0.8102532274642691,19.63623294746668,0.8102532274642691,011832.69+004836.9,1.5385711628094618,46.56130127341475,0.0011546341630719,45.84949404437356,0.0011546341630719,-26.05087706007677,17.933488845825195,1.5385711628094618,46.56130127341475,0.0011546341630719,"(46.324, 46.855]"
1424151,50.63295217321648,181.7160870367525,1424151,16.55676299999999,-0.86336593,16.55676299999999,-0.86336593,010613.62-005148.1,2.8898360856450873,46.61947931564118,0.0041067603436388,0.0,-1.0,1.0,7.104145050048828,2.8898360856450873,46.61947931564118,0.0041067603436388,"(46.324, 46.855]"
1420092,134.11689353529863,302.2407425553123,1420092,19.765409,0.840434,19.765409,0.840434,011903.69+005025.5,2.133768909948324,46.53425198897082,0.0083585537850048,0.0,-1.0,-26.185244980366488,6.043257236480713,2.133768909948324,46.53425198897082,0.0083585537850048,"(46.324, 46.855]"
1427995,129.2496672446132,285.1030758923865,1427995,13.497122488082107,0.8679745758952238,13.497122488082107,0.8679745758952238,005359.30+005204.7,2.2129110685049325,46.387138426841034,0.0051404556503058,45.69202138753671,0.0076520441112144,-25.410513241816073,6.943120002746582,2.2129110685049325,46.387138426841034,0.0051404556503058,"(46.324, 46.855]"
1409574,68.24191584364736,189.2482161692328,1409574,27.363515264934502,1.2444525262816546,27.363515264934502,1.2444525262816546,014927.24+011440.0,3.1416437973112403,46.367312426334024,0.0075817434103413,0.0,-1.0,-25.654711411016105,3.373002290725708,3.1416437973112403,46.367312426334024,0.0075817434103413,"(46.324, 46.855]"
1455967,87.0769785278475,215.88612955042964,1455967,339.1782204766796,-1.1832765769906322,339.1782204766796,-1.1832765769906322,223642.77-011059.7,2.262405489158788,46.363356723068705,0.0032374630725477,45.52121083348367,0.0248623218896106,-26.110212266969405,6.3476996421813965,2.262405489158788,46.363356723068705,0.0032374630725477,"(46.324, 46.855]"
1407316,17.727154652373233,45.62101442636766,1407316,29.15720673527041,0.0366487365060132,29.15720673527041,0.0366487365060132,015637.72+000211.9,2.755891192962064,46.408625714914635,0.0066661639799079,0.0,-1.0,-26.32667466709116,4.937979221343994,2.755891192962064,46.408625714914635,0.0066661639799079,"(46.324, 46.855]"
1419136,26.28225611399785,112.44494219573085,1419136,20.46534444567496,-0.6760217442968318,20.46534444567496,-0.6760217442968318,012151.68-004033.6,2.775637975456907,46.58490283163024,0.0059622955366087,0.0,-1.0,-26.429833638199334,6.252777099609375,2.775637975456907,46.58490283163024,0.0059622955366087,"(46.324, 46.855]"
1420976,49.79357811156963,142.99033559402235,1420976,19.09151707013313,0.0532166031239533,19.09151707013313,0.0532166031239533,011621.96+000311.5,2.6496282496776495,46.69465729524627,0.008409289059589,0.0,-1.0,-27.11637449889271,9.312628746032715,2.6496282496776495,46.69465729524627,0.008409289059589,"(46.324, 46.855]"
1428313,25.79521410592303,72.25929869365417,1428313,13.21408163351066,0.8069401395687815,13.21408163351066,0.8069401395687815,005251.37+004824.9,3.360188330090744,46.730759643917054,0.0072604728421836,0.0,-1.0,-26.8587371643825,5.18963623046875,3.360188330090744,46.730759643917054,0.0072604728421836,"(46.324, 46.855]"
1395077,86.83532696303713,283.5660271964296,1395077,37.76938233083456,0.2365950809205683,37.76938233083456,0.2365950809205683,023104.65+001411.7,2.7359544065316257,46.5382329503517,0.0037084048677975,0.0,-1.0,-27.036599254307497,8.395870208740234,2.7359544065316257,46.5382329503517,0.0037084048677975,"(46.324, 46.855]"
1443082,23.119425363282755,91.33944568691614,1443082,1.436355,-0.951857,1.436355,-0.951857,000544.72-005706.6,2.124959675601944,46.337672128496216,0.0115559889496701,0.0,-1.0,-25.946897946593676,3.5493712425231934,2.124959675601944,46.337672128496216,0.0115559889496701,"(46.324, 46.855]"
1455059,199.27726489750523,388.2247006167512,1455059,341.012811,-1.205313,341.012811,-1.205313,224403.07-011219.1,2.070132669212998,46.42999774998597,0.012065392230717,0.0,-1.0,-26.786437452201465,5.951995849609375,2.070132669212998,46.42999774998597,0.012065392230717,"(46.324, 46.855]"
1464440,27.453616351797496,71.57855193757003,1464440,323.2346270141809,0.4566714950011747,323.2346270141809,0.4566714950011747,213256.31+002724.0,1.9677510133557616,46.34074162169632,0.0056455714307404,45.628934392655125,0.0056455714307404,-25.81550928492248,6.0867919921875,1.9677510133557616,46.34074162169632,0.0056455714307404,"(46.324, 46.855]"
1414436,63.925299043872045,240.83988320694863,1414436,23.845914034851543,1.1347333414758691,23.845914034851543,1.1347333414758691,013523.01+010805.0,2.448648242907219,46.335836490839384,0.0057003145249439,45.95733181798789,0.0231199311998615,-26.393958243201627,6.485849380493164,2.448648242907219,46.335836490839384,0.0057003145249439,"(46.324, 46.855]"
1425028,463.20171912230336,1231.2547493136285,1425028,15.883465199363968,1.075872365401456,15.883465199363968,1.075872365401456,010332.03+010433.1,1.5759828844989134,46.37627594367582,0.0019841827242252,45.66446871463463,0.0019841827242252,-25.787380521628585,19.682619094848633,1.5759828844989134,46.37627594367582,0.0019841827242252,"(46.324, 46.855]"
1443324,168.63390900804717,406.9437964118378,1443324,1.2371506677958788,0.1176426639328862,1.2371506677958788,0.1176426639328862,000456.91+000703.5,2.2958017864376297,46.52921223419891,0.0031842000667658,45.958694230712425,0.0103925911077062,-26.363344305049317,9.437979698181152,2.2958017864376297,46.52921223419891,0.0031842000667658,"(46.324, 46.855]"
1396862,123.079284249343,258.4449135470333,1396862,36.57227473963201,-0.1841513903188147,36.57227473963201,-0.1841513903188147,022617.34-001102.9,2.4383095202845455,46.51948815062688,0.0028239063135373,45.99766714454218,0.0164182086139668,-26.189589915641573,8.061851501464844,2.4383095202845455,46.51948815062688,0.0028239063135373,"(46.324, 46.855]"
1438981,260.59672720223057,560.5693656138245,1438981,4.822127250724492,0.4598377568473618,4.822127250724492,0.4598377568473618,001917.31+002735.4,2.4185655254125686,46.74798089297735,0.001618954059829,46.12600001880585,0.0081816576113169,-26.336087774883556,11.921692848205566,2.4185655254125686,46.74798089297735,0.001618954059829,"(46.324, 46.855]"
1452355,15.592968359535298,157.47791012966795,1452355,346.19446499930365,-0.5712428131696539,346.19446499930365,-0.5712428131696539,230446.67-003416.4,1.5092856270492945,46.406202037518874,0.0022197056489972,45.69439480847768,0.0022197056489972,-26.030561272662855,13.207062721252441,1.5092856270492945,46.406202037518874,0.0022197056489972,"(46.324, 46.855]"
1460871,42.62959155084864,185.9553331623709,1460871,329.8642016020005,-0.0796442782699936,329.8642016020005,-0.0796442782699936,215927.40-000446.7,3.0799571242314334,46.47796375256808,0.0062271922117922,0.0,-1.0,-26.91474861513632,5.5990681648254395,3.0799571242314334,46.47796375256808,0.0062271922117922,"(46.324, 46.855]"
1417770,117.27836660083774,248.3439747174945,1417770,21.495379256138136,0.4521242305487691,21.495379256138136,0.4521242305487691,012558.89+002707.6,2.3857203355046437,46.38989273373619,0.0025525475004819,45.75047896820411,0.0154469145325428,-26.06393509043729,6.7718377113342285,2.3857203355046437,46.38989273373619,0.0025525475004819,"(46.324, 46.855]"
1403412,179.46451558306197,295.46565978072124,1403412,32.088306,0.626303,32.088306,0.626303,020821.19+003734.6,2.019514375898363,46.4636182036991,0.0080096242023621,45.72934070115057,0.0088265838157042,-26.039740028446797,5.853630065917969,2.019514375898363,46.4636182036991,0.0080096242023621,"(46.324, 46.855]"
1431172,129.36880653280284,428.3329711092333,1431172,10.985291,-0.475126,10.985291,-0.475126,004356.46-002830.4,1.8740896178642799,46.48523281044907,0.0078645564429677,45.77342558140788,0.0078645564429677,-26.288497199306306,7.367962837219238,1.8740896178642799,46.48523281044907,0.0078645564429677,"(46.324, 46.855]"
1466100,55.31414133833636,122.0076632279104,1466100,320.28755240278963,-1.0084923927700564,320.28755240278963,-1.0084923927700564,212109.01-010030.5,2.894022060781119,46.69872125064295,0.0035354742132049,0.0,-1.0,-27.102304285538366,7.959860801696777,2.894022060781119,46.69872125064295,0.0035354742132049,"(46.324, 46.855]"
1443711,24.469642187150843,79.51750407605579,1443711,0.9204397121503972,0.471771602725805,0.9204397121503972,0.471771602725805,000340.90+002818.3,3.5581124633202945,46.55299714844096,0.0067670713865588,0.0,-1.0,-27.26147470032229,4.376040458679199,3.5581124633202945,46.55299714844096,0.0067670713865588,"(46.324, 46.855]"
1414982,179.72726308029627,353.00606028534986,1414982,23.505288098696237,-0.3528484235062987,23.505288098696237,-0.3528484235062987,013401.26-002110.2,2.2437053614698104,46.56547120268488,0.0030944245214428,45.83029975469708,0.0099446324017442,-26.44661685653664,10.529884338378906,2.2437053614698104,46.56547120268488,0.0030944245214428,"(46.324, 46.855]"
1465015,84.27954508655863,279.50017063345445,1465015,322.22355465096194,-0.9363170495826674,322.22355465096194,-0.9363170495826674,212853.65-005610.7,2.721959938981501,46.50655053888579,0.0037120216213182,0.0,-1.0,-26.87080600339769,5.370358943939209,2.721959938981501,46.50655053888579,0.0037120216213182,"(46.324, 46.855]"
1452296,89.03099059949828,170.1697281030739,1452296,346.32514503868134,0.9315745130896128,346.32514503868134,0.9315745130896128,230518.03+005553.6,2.5603422843388874,46.37163948353743,0.0042002468050164,0.0,-1.0,-25.71640475522654,3.9593310356140137,2.5603422843388874,46.37163948353743,0.0042002468050164,"(46.324, 46.855]"
1447104,161.20093585981144,277.31884884825547,1447104,356.12084,-0.094958,356.12084,-0.094958,234429.00-000541.8,2.1896288609354144,46.492512835839605,0.0067656658470873,0.0,-1.0,-26.143177916079843,4.333158493041992,2.1896288609354144,46.492512835839605,0.0067656658470873,"(46.324, 46.855]"
1453087,101.46174259499436,229.4566939707536,1453087,344.88744182521924,0.5274457989740892,344.88744182521924,0.5274457989740892,225932.98+003138.8,2.136630045087392,46.418128919165454,0.0038772690106974,45.584376625093,0.0158310195616309,-25.54589178429545,6.450191497802734,2.136630045087392,46.418128919165454,0.0038772690106974,"(46.324, 46.855]"
1443347,67.11764392303441,159.4359426461059,1443347,1.2243156275320644,0.2627826632749415,1.2243156275320644,0.2627826632749415,000453.83+001546.0,2.8693614007700408,46.513064348885145,0.0030798627077608,0.0,-1.0,-26.349547865109056,8.432146072387695,2.8693614007700408,46.513064348885145,0.0030798627077608,"(46.324, 46.855]"
1466613,403.7872578019807,2025.8495100687733,1466613,319.2554644950216,-0.4441199012194233,319.2554644950216,-0.4441199012194233,211701.31-002638.8,1.1410163107032916,46.38746411658298,0.0012775865804641,45.67565688754179,0.0012775865804641,-25.72843044336503,20.3576602935791,1.1410163107032916,46.38746411658298,0.0012775865804641,"(46.324, 46.855]"
1397733,20.18914243269035,108.86023771168264,1397733,35.97113206945767,0.4228641659084046,35.97113206945767,0.4228641659084046,022353.07+002522.3,3.5632392072415215,46.654412195741145,0.0035200425466079,0.0,-1.0,-27.109168259368655,6.133934497833252,3.5632392072415215,46.654412195741145,0.0035200425466079,"(46.324, 46.855]"
1430857,13.947058067897796,87.00365789899045,1430857,11.219826558276282,-0.1406167140395113,11.219826558276282,-0.1406167140395113,004452.75-000826.2,3.6235039316567907,46.538437168790104,0.0111638313936204,0.0,-1.0,-27.320118680109726,4.481368064880371,3.6235039316567907,46.538437168790104,0.0111638313936204,"(46.324, 46.855]"
1422644,13.309982162914062,47.27192937062053,1422644,17.723406378466454,-0.7761662841312595,17.723406378466454,-0.7761662841312595,011053.61-004634.1,3.066992565371124,46.33902176267185,0.0069286164776229,0.0,-1.0,-25.571637987262807,3.220257043838501,3.066992565371124,46.33902176267185,0.0069286164776229,"(46.324, 46.855]"
1453226,338.54883429158104,1498.0269884027832,1453226,344.62448116907143,0.4985437310111884,344.62448116907143,0.4985437310111884,225829.87+002954.7,2.070189940753879,46.69859840087571,0.0026221760699414,45.94552828927795,0.0082120481953431,-27.19808656669194,16.22121238708496,2.070189940753879,46.69859840087571,0.0026221760699414,"(46.324, 46.855]"
1406190,826.7290888092084,2233.123401098725,1406190,30.090131771481783,-0.2171683393588792,30.090131771481783,-0.2171683393588792,020021.63-001301.8,1.411310111926149,46.3819493777908,0.0023968347261416,45.670142148749605,0.0023968347261416,-25.450228111644055,16.80091094970703,1.411310111926149,46.3819493777908,0.0023968347261416,"(46.324, 46.855]"
1451730,196.15185268282127,430.3658825363634,1451730,347.4447409718407,0.5385894646653304,347.4447409718407,0.5385894646653304,230946.73+003218.9,1.7763095914379154,46.40509133822094,0.0032397848856611,45.69328410917975,0.0032397848856611,-26.167650673896244,13.866119384765625,1.7763095914379154,46.40509133822094,0.0032397848856611,"(46.324, 46.855]"
1440135,392.3807302716802,899.7275252934227,1440135,3.8988114977727832,-0.1873267341387402,3.8988114977727832,-0.1873267341387402,001535.71-001114.3,1.2981514932403153,46.3588709091953,0.0014403986748554,45.64706368015411,0.0014403986748554,-25.980486214810398,17.71124839782715,1.2981514932403153,46.3588709091953,0.0014403986748554,"(46.324, 46.855]"
1444778,197.21275362294625,302.3325470250518,1444778,0.0339,0.276301,0.0339,0.276301,000008.13+001634.6,1.8377564077147692,46.36607047661164,0.0088594767892828,45.65426324757045,0.0088594767892828,-26.037723388977156,5.151782035827637,1.8377564077147692,46.36607047661164,0.0088594767892828,"(46.324, 46.855]"
1410942,170.1961055376043,408.17595371318606,1410942,26.351848937450427,0.8143022740139865,26.351848937450427,0.8143022740139865,014524.44+004851.4,2.116009553373468,46.47119208467267,0.0051199902751619,45.693237781273474,0.0098476472086836,-25.744018403919362,8.667337417602539,2.116009553373468,46.47119208467267,0.0051199902751619,"(46.324, 46.855]"
1424647,10.738528764315443,27.0309821001152,1424647,16.178559765544303,0.1115366595496902,16.178559765544303,0.1115366595496902,010442.85+000641.5,2.15064700908296,46.34517592685532,0.0070735737034404,45.39367357614636,0.0113557318692514,-25.49922682940759,5.634453296661377,2.15064700908296,46.34517592685532,0.0070735737034404,"(46.324, 46.855]"
1424316,1455.0171132832982,8537.649822899879,1424316,16.431338819489667,0.6677402448620311,16.431338819489667,0.6677402448620311,010543.52+004003.8,1.07487471720579,46.82731625154855,0.0008697789118876,46.11550902250736,0.0008697789118876,-26.8153396671255,40.74238586425781,1.07487471720579,46.82731625154855,0.0008697789118876,"(46.324, 46.855]"
1447130,73.64336735696602,203.65610840090795,1447130,356.06541564376033,-0.5942099355167456,356.06541564376033,-0.5942099355167456,234415.69-003539.1,2.1014910460913248,46.451708257867224,0.0044453333153349,45.73017893218125,0.0061649321931191,-25.86740135719381,9.980387687683105,2.1014910460913248,46.451708257867224,0.0044453333153349,"(46.324, 46.855]"
1441051,109.82327314192496,273.2329174352247,1441051,3.1238078733298646,0.0105260261724097,3.1238078733298646,0.0105260261724097,001229.71+000037.8,2.0294151066936186,46.57124464804076,0.0066642580287066,45.88087257090097,0.0048256098158319,-26.886618174131513,9.55147933959961,2.0294151066936186,46.57124464804076,0.0066642580287066,"(46.324, 46.855]"
1445999,214.7918676647884,483.1203873759114,1445999,358.133645,-0.251096,358.133645,-0.251096,235232.07-001503.9,1.7293291278959448,46.448752010310415,0.0051481954117811,45.73694478126922,0.0051481954117811,-26.09240527888224,7.898965358734131,1.7293291278959448,46.448752010310415,0.0051481954117811,"(46.324, 46.855]"
1465806,32.51212775970053,297.96803525030464,1465806,320.83195699462493,-0.3794093147514708,320.83195699462493,-0.3794093147514708,212319.66-002245.8,2.6184119408206072,46.32497087073122,0.0032150384015494,0.0,-1.0,-27.492158997518633,11.716625213623047,2.6184119408206072,46.32497087073122,0.0032150384015494,"(46.324, 46.855]"
1451501,36.58880395297281,111.83646609011276,1451501,347.85370323566906,1.1646325275657476,347.85370323566906,1.1646325275657476,231124.88+010952.6,3.4043720290568054,46.80231090768632,0.0049731460132456,0.0,-1.0,-27.55703978947384,6.8727617263793945,3.4043720290568054,46.80231090768632,0.0049731460132456,"(46.324, 46.855]"
1389729,126.12849378181356,327.08304351750104,1389729,41.48846394768222,-0.1398484448718024,41.48846394768222,-0.1398484448718024,024557.23-000823.4,2.202595905764892,46.80489707581129,0.0018119928877844,45.94840252672792,0.0040888929736553,-26.344309053453404,17.264360427856445,2.202595905764892,46.80489707581129,0.0018119928877844,"(46.324, 46.855]"
1390962,1231.3475682720716,3307.636899231121,1390962,40.66799177258992,0.9575306916751188,40.66799177258992,0.9575306916751188,024240.31+005727.1,0.568812072204886,46.54994854142548,0.0008819303570035,45.83814131238429,0.0008819303570035,-26.315339029215473,50.594825744628906,0.568812072204886,46.54994854142548,0.0008819303570035,"(46.324, 46.855]"
1410871,38.50637726346149,110.45200520442822,1410871,26.40467692879938,-0.7419642362890734,26.40467692879938,-0.7419642362890734,014537.12-004431.0,2.812390754338542,46.43548855578106,0.002760943458572,0.0,-1.0,-26.489214768815934,4.243642330169678,2.812390754338542,46.43548855578106,0.002760943458572,"(46.324, 46.855]"
1413630,231.82781740079307,674.8107014709572,1413630,24.47463712122885,-0.9072921892860476,24.47463712122885,-0.9072921892860476,013753.91-005426.2,2.497750587382052,46.643217914514054,0.0041060932846797,0.0,-1.0,-26.912560995862503,5.478571891784668,2.497750587382052,46.643217914514054,0.0041060932846797,"(46.324, 46.855]"
1443890,124.78679636094218,277.3590835468965,1443890,0.76386,0.172118,0.76386,0.172118,000303.32+001019.6,1.5207969602271794,46.64451000935182,0.0060331066722518,45.93270278031063,0.0060331066722518,-24.58834611074722,9.201024055480957,1.5207969602271794,46.64451000935182,0.0060331066722518,"(46.324, 46.855]"
1447229,27.343675269879665,194.35042943635017,1447229,355.8218692539716,0.6869751383716565,355.8218692539716,0.6869751383716565,234317.24+004113.1,2.4175930051691927,46.496054131319255,0.0045542171619281,45.939773447373184,0.0220453102968321,-26.672583362879845,8.832832336425781,2.4175930051691927,46.496054131319255,0.0045542171619281,"(46.324, 46.855]"
1446016,49.13213500641207,138.3174333633439,1446016,358.1005658620104,-0.1641761245978311,358.1005658620104,-0.1641761245978311,235224.13-000951.0,2.741333769731879,46.49793367347474,0.0026836111076917,0.0,-1.0,-27.303873925106735,6.576065540313721,2.741333769731879,46.49793367347474,0.0026836111076917,"(46.324, 46.855]"
1447411,55.95109958381813,145.82435883207813,1447411,355.4325532736804,0.0527051072575965,355.4325532736804,0.0527051072575965,234143.81+000309.7,2.403852675991875,46.58606284251229,0.0024219727746306,46.1924485873516,0.0101027136662068,-27.140412426735573,10.13907241821289,2.403852675991875,46.58606284251229,0.0024219727746306,"(46.324, 46.855]"
1440110,210.9983920076644,462.92285267113726,1440110,3.9179400987680415,0.7271444378249199,3.9179400987680415,0.7271444378249199,001540.30+004337.7,2.46489527261591,46.49770910401759,0.0033335406142249,45.92372720526064,0.0326151483403762,-26.038781043526566,7.8132805824279785,2.46489527261591,46.49770910401759,0.0033335406142249,"(46.324, 46.855]"
1446100,249.26330876406823,869.7452703011492,1446100,357.9634850305316,0.5760660634967412,357.9634850305316,0.5760660634967412,235151.23+003433.8,2.5078994400256094,46.80335102341609,0.0021584635485716,0.0,-1.0,-26.97309232576722,12.974443435668945,2.5078994400256094,46.80335102341609,0.0021584635485716,"(46.324, 46.855]"
1434937,73.2440880918778,178.00752751241345,1434937,8.185186332963212,0.2606503283584928,8.185186332963212,0.2606503283584928,003244.44+001538.3,2.8815118677563345,46.618083956944744,0.0051994136207405,0.0,-1.0,-26.905766333663557,8.126015663146973,2.8815118677563345,46.618083956944744,0.0051994136207405,"(46.324, 46.855]"
1396048,375.6304835311926,1142.78669777094,1396048,37.140684386479336,1.2190443200398904,37.140684386479336,1.2190443200398904,022833.76+011308.5,1.3289995479821883,46.421066106595504,0.0022110682542368,45.70925887755431,0.0022110682542368,-26.04543719721708,19.993921279907227,1.3289995479821883,46.421066106595504,0.0022110682542368,"(46.324, 46.855]"
1417572,256.118699708286,689.6626864046716,1417572,21.6689227057694,0.4225478197372036,21.6689227057694,0.4225478197372036,012640.54+002521.1,2.259129747458322,46.68642777054302,0.0038068752129909,45.95425750978898,0.0085729709148729,-26.279918458302163,8.81287956237793,2.259129747458322,46.68642777054302,0.0038068752129909,"(46.324, 46.855]"
1390424,19.247380736125727,89.90706942208107,1390424,41.04096668508868,-0.0365758301922075,41.04096668508868,-0.0365758301922075,024409.83-000211.6,3.2393892944745977,46.57659566193722,0.0056246830565029,0.0,-1.0,-26.300216921687742,5.174022197723389,3.2393892944745977,46.57659566193722,0.0056246830565029,"(46.324, 46.855]"
1420923,136.9391264348739,438.1815039470084,1420923,19.141692773246238,-0.9517138461538022,19.141692773246238,-0.9517138461538022,011634.00-005706.1,2.7862945480174477,46.775626276168836,0.0036327479724498,0.0,-1.0,-26.925650666195594,8.40096664428711,2.7862945480174477,46.775626276168836,0.0036327479724498,"(46.324, 46.855]"
1464958,30.28757939229636,66.90583011542536,1464958,322.31588476558125,-0.4560289842566197,322.31588476558125,-0.4560289842566197,212915.81-002721.7,3.1817324199168238,46.375042339943754,0.0123426159341377,0.0,-1.0,-26.370268028446233,3.1578915119171143,3.1817324199168238,46.375042339943754,0.0123426159341377,"(46.324, 46.855]"
1392401,24.354132472749104,61.03777731744311,1392401,39.70578440811982,0.1169701125957036,39.70578440811982,0.1169701125957036,023849.38+000701.0,2.1289096191975325,46.36339394147322,0.0053708880633251,45.6830613510166,0.0167874738505382,-26.386570316143366,12.228212356567383,2.1289096191975325,46.36339394147322,0.0053708880633251,"(46.324, 46.855]"
1403595,429.55620949007385,1223.4754978172211,1403595,31.956888601019784,-0.1395449490559851,31.956888601019784,-0.1395449490559851,020749.65-000822.3,1.31940738473485,46.56933957730599,0.0024415422996817,45.8575323482648,0.0024415422996817,-26.295093886044675,15.703410148620605,1.31940738473485,46.56933957730599,0.0024415422996817,"(46.324, 46.855]"
1410819,131.68572934157902,482.499813304572,1410819,26.43804861332268,0.6787011807358441,26.43804861332268,0.6787011807358441,014545.13+004043.3,2.5627307670581594,46.775362294703115,0.001575841959454,0.0,-1.0,-27.08940598484285,14.05068588256836,2.5627307670581594,46.775362294703115,0.001575841959454,"(46.324, 46.855]"
1450497,157.48625851614378,422.6104503816981,1450497,349.699003,-0.352885,349.699003,-0.352885,231847.76-002110.3,2.0459332536963006,46.567198680714334,0.0075403195453489,45.6087690689689,0.0224047502159798,-26.21343887696,6.271070957183838,2.0459332536963006,46.567198680714334,0.0075403195453489,"(46.324, 46.855]"
1441787,10.42581586540686,25.75435008779284,1441787,2.4768818935903028,-0.4309874098846421,2.4768818935903028,-0.4309874098846421,000954.45-002551.5,2.666754867317753,46.41552066002779,0.0045934914242984,0.0,-1.0,-25.848175398334153,4.481715202331543,2.666754867317753,46.41552066002779,0.0045934914242984,"(46.324, 46.855]"
1403372,91.64567884102128,180.0093464895455,1403372,32.13052115865585,0.1050477181055743,32.13052115865585,0.1050477181055743,020831.32+000618.1,2.5901894407014354,46.389470621563355,0.0047731127626633,0.0,-1.0,-26.50850413526513,7.368076324462891,2.5901894407014354,46.389470621563355,0.0047731127626633,"(46.324, 46.855]"
1389560,470.67617806132114,1692.3762514062842,1389560,41.58796301100793,-0.0311356728901613,41.58796301100793,-0.0311356728901613,024621.11-000152.0,1.2961024212776349,46.62789516966522,0.0013685883231389,45.91608794062403,0.0013685883231389,-26.738543850114098,25.94051170349121,1.2961024212776349,46.62789516966522,0.0013685883231389,"(46.324, 46.855]"
1446837,100.65160288011874,297.74419919816825,1446837,356.70049166880085,-0.0811799781795284,356.70049166880085,-0.0811799781795284,234648.11-000452.2,2.175726410873463,46.43926212387116,0.0034315219311267,45.55620566926447,0.0120956532158515,-25.60603806185569,7.654364585876465,2.175726410873463,46.43926212387116,0.0034315219311267,"(46.324, 46.855]"
1449921,465.6798443669066,914.480968828758,1449921,350.7654915000322,-0.8801542896061413,350.7654915000322,-0.8801542896061413,232303.71-005248.5,1.9481404421078146,46.614400123494704,0.002445783859283,45.90259289445351,0.002445783859283,-26.348741055354893,16.23676872253418,1.9481404421078146,46.614400123494704,0.002445783859283,"(46.324, 46.855]"
1389763,121.78581690393573,305.9687714804933,1389763,41.46163210523176,-0.7245144360955208,41.46163210523176,-0.7245144360955208,024550.79-004328.2,2.1346384310006914,46.46208808894547,0.0063219709339676,44.729466130462654,0.0634575651408795,-25.860812922377406,3.1201369762420654,2.1346384310006914,46.46208808894547,0.0063219709339676,"(46.324, 46.855]"
1451008,200.53917725432748,1167.6589791173296,1451008,348.7889489321961,0.1739697899994612,348.7889489321961,0.1739697899994612,231509.34+001026.2,0.8477169096203843,46.43105675798962,0.0032248972837862,45.71924952894843,0.0032248972837862,-26.25029376112013,37.38203430175781,0.8477169096203843,46.43105675798962,0.0032248972837862,"(46.324, 46.855]"
1445144,168.14555758482848,437.9736124513358,1445144,359.503099,-1.001805,359.503099,-1.001805,235800.74-010006.4,2.1223724367396875,46.623681357848625,0.0072589528398765,0.0,-1.0,-26.81276820396771,5.979259967803955,2.1223724367396875,46.623681357848625,0.0072589528398765,"(46.324, 46.855]"
1428682,244.55310903433465,692.5884274693983,1428682,12.879876,0.09287,12.879876,0.09287,005131.17+000534.3,2.020857740877972,46.63881711536925,0.0062932382786016,45.92133354736771,0.0146361944082293,-26.673080989635398,8.922937393188477,2.020857740877972,46.63881711536925,0.0062932382786016,"(46.324, 46.855]"
1448157,41.21342340001798,128.86088639520483,1448157,354.0646032751639,-0.188904384605362,354.0646032751639,-0.188904384605362,233615.50-001120.0,2.2320317982930176,46.609294972518335,0.0048498049515863,45.94768077740126,0.0114453033620591,-26.533255248778516,9.96718978881836,2.2320317982930176,46.609294972518335,0.0048498049515863,"(46.324, 46.855]"
1464427,127.67589854147307,631.6501573233448,1464427,323.2730904898423,0.6063307334471418,323.2730904898423,0.6063307334471418,213305.54+003622.7,1.4124777424903459,46.57640950911436,0.0023417246551602,45.86460228007317,0.0023417246551602,-26.256254974263836,20.734760284423828,1.4124777424903459,46.57640950911436,0.0023417246551602,"(46.324, 46.855]"
1453220,67.40905515749697,126.22360456726696,1453220,344.6374355685611,-0.5680504086287509,344.6374355685611,-0.5680504086287509,225832.98-003404.9,2.5196392253452866,46.436383964212745,0.0044634845425761,0.0,-1.0,-26.47061739925662,7.285485744476318,2.5196392253452866,46.436383964212745,0.0044634845425761,"(46.324, 46.855]"
1432549,145.52238186687896,161.89895688417167,1432549,10.004151,0.558544,10.004151,0.558544,004000.99+003330.7,1.6759416876861397,46.40894390306329,0.0082951071940229,45.6971366740221,0.0082951071940229,-26.141120235008735,5.062260627746582,1.6759416876861397,46.40894390306329,0.0082951071940229,"(46.324, 46.855]"
1402432,128.27884986541076,233.3386612271764,1402432,32.807575,0.529453,32.807575,0.529453,021113.81+003146.0,1.8038454450884083,46.410762231968334,0.0086829048900938,45.69895500292714,0.0086829048900938,-26.094679486228593,7.163834571838379,1.8038454450884083,46.410762231968334,0.0086829048900938,"(46.324, 46.855]"
1430828,514.9666421843862,1373.0323204414797,1430828,11.24252065283963,0.8455117566193986,11.24252065283963,0.8455117566193986,004458.20+005043.8,1.202355172533266,46.34234195211642,0.0017393739701745,45.63053472307523,0.0017393739701745,-25.651903149257095,14.582245826721191,1.202355172533266,46.34234195211642,0.0017393739701745,"(46.324, 46.855]"
1413260,339.32804909150144,641.5108011401064,1413260,24.74454343935696,-0.260228227799532,24.74454343935696,-0.260228227799532,013858.69-001536.8,1.802849123329018,46.72089357004687,0.0041478020218406,46.00908634100568,0.0041478020218406,-26.76609850053945,14.140650749206543,1.802849123329018,46.72089357004687,0.0041478020218406,"(46.324, 46.855]"
1420121,19.496509551834432,76.20582053828201,1420121,19.74722559997633,1.1867161399647017,19.74722559997633,1.1867161399647017,011859.33+011112.1,3.1640152173703564,46.493594419373,0.0094720495329205,0.0,-1.0,-26.389740573175438,3.426574230194092,3.1640152173703564,46.493594419373,0.0094720495329205,"(46.324, 46.855]"
1449250,89.25076249952062,206.7459169583212,1449250,352.0399183914047,0.7324485381470269,352.0399183914047,0.7324485381470269,232809.58+004356.8,2.2659264981936786,46.560409982563414,0.0028393092713585,45.77834426425802,0.0118623820587409,-26.628972467821868,8.012445449829102,2.2659264981936786,46.560409982563414,0.0028393092713585,"(46.324, 46.855]"
1433291,98.2927045803758,168.79390110002373,1433291,9.45875,0.115245,9.45875,0.115245,003750.10+000654.8,2.0170441678644506,46.362388155866505,0.0135599706936169,45.50078360063719,0.0171418522199005,-26.21864450880624,4.668793678283691,2.0170441678644506,46.362388155866505,0.0135599706936169,"(46.324, 46.855]"
1460064,11.919606258553522,37.811102877614815,1460064,331.4858881216968,0.8389594631780994,331.4858881216968,0.8389594631780994,220556.61+005020.2,3.164151559989376,46.411667550698674,0.0069929156938144,0.0,-1.0,-26.09617970645592,3.4770679473876953,3.164151559989376,46.411667550698674,0.0069929156938144,"(46.324, 46.855]"
1392181,1173.0929355883777,2599.344432857506,1392181,39.86278152456868,1.0081325615958598,39.86278152456868,1.0081325615958598,023927.06+010029.2,1.306382415526961,46.59905449094567,0.0014295955405358,45.88724726190448,0.0014295955405358,-26.609688014708915,26.776823043823242,1.306382415526961,46.59905449094567,0.0014295955405358,"(46.324, 46.855]"
1419709,190.28692512647223,378.1187201299613,1419709,20.017942057463596,0.9613053482476562,20.017942057463596,0.9613053482476562,012004.30+005740.6,2.332524832193885,46.40812493070269,0.0044115998896607,46.03851914811446,0.0088301358065443,-26.99380323221996,10.386436462402344,2.332524832193885,46.40812493070269,0.0044115998896607,"(46.324, 46.855]"
1407811,31.16092355864781,183.13505762302813,1407811,28.751844540540844,1.100080701926038,28.751844540540844,1.100080701926038,015500.44+010600.2,2.562299086045996,46.57246226973981,0.0041939379238762,0.0,-1.0,-26.769214885264326,9.163758277893066,2.562299086045996,46.57246226973981,0.0041939379238762,"(46.324, 46.855]"
1460852,141.21462926081395,406.2918069053651,1460852,329.89659660230285,0.2990380342195523,329.89659660230285,0.2990380342195523,215935.18+001756.5,2.012024951681268,46.548996877267555,0.0037003034235247,45.7109333898196,0.0035208432602615,-26.307517686105648,11.377888679504395,2.012024951681268,46.548996877267555,0.0037003034235247,"(46.324, 46.855]"
1445405,277.96264788646226,469.5466046620868,1445405,359.0934348932013,-0.3988415013583693,359.0934348932013,-0.3988415013583693,235622.42-002355.8,1.9765681474508612,46.61614191933551,0.0028501586175337,45.90433469029432,0.0028501586175337,-26.65890416476212,14.61007022857666,1.9765681474508612,46.61614191933551,0.0028501586175337,"(46.324, 46.855]"
1463578,21.07295447373168,79.88406047278565,1463578,324.7585815224164,-0.40157137904301,324.7585815224164,-0.40157137904301,213902.05-002405.6,3.371848465580355,46.67398446097005,0.0083685121897438,0.0,-1.0,-26.949852788053224,5.16660213470459,3.371848465580355,46.67398446097005,0.0083685121897438,"(46.324, 46.855]"
1414975,334.2705200064161,1112.8119016924054,1414975,23.51181845576849,0.6622483544764862,23.51181845576849,0.6622483544764862,013402.83+003944.0,2.5748735880002864,46.77237100620565,0.0016819799262854,0.0,-1.0,-27.53897158029428,12.9832763671875,2.5748735880002864,46.77237100620565,0.0016819799262854,"(46.324, 46.855]"
1459429,315.14967600743694,749.2870732627143,1459429,332.67527238633267,1.056074126798585,332.67527238633267,1.056074126798585,221042.06+010321.8,1.8405386796644563,46.7510350047162,0.0019703263113513,46.03922777567501,0.0019703263113513,-26.843039487915597,13.587736129760742,1.8405386796644563,46.7510350047162,0.0019703263113513,"(46.324, 46.855]"
1447799,116.69533979657376,310.84685969598735,1447799,354.68937918040126,-0.0588440151781961,354.68937918040126,-0.0588440151781961,233845.45-000331.8,2.990389808514492,46.65065330710859,0.0036022624364235,0.0,-1.0,-27.28200202589316,4.917167663574219,2.990389808514492,46.65065330710859,0.0036022624364235,"(46.324, 46.855]"
1432192,47.8084172109055,118.4931467043292,1432192,10.266634017689682,1.0006005284419437,10.266634017689682,1.0006005284419437,004103.99+010002.1,2.811540427571303,46.74777258539949,0.0020757262853408,0.0,-1.0,-27.181640062120657,10.772371292114258,2.811540427571303,46.74777258539949,0.0020757262853408,"(46.324, 46.855]"
1438063,125.79740719057102,309.632397527045,1438063,5.6463071854394045,0.092968090571019,5.6463071854394045,0.092968090571019,002235.11+000534.6,2.1763335793032583,46.451105611502626,0.0049564891774238,45.69412138431803,0.013088303937792,-25.8389968985478,8.618914604187012,2.1763335793032583,46.451105611502626,0.0049564891774238,"(46.324, 46.855]"
1435540,68.40667036204616,161.2728963410278,1435540,7.692128546352935,0.0206485818702113,7.692128546352935,0.0206485818702113,003046.11+000114.3,2.9059261875957336,46.37524612564615,0.0047742343884813,0.0,-1.0,-26.306662065183186,4.23184061050415,2.9059261875957336,46.37524612564615,0.0047742343884813,"(46.324, 46.855]"
1427029,176.86414644357805,457.8854175058598,1427029,14.257506512096754,0.9558458967784744,14.257506512096754,0.9558458967784744,005701.80+005721.0,2.4473176077870713,46.51731813874113,0.0042369388621743,45.95998965603777,0.0376897155417772,-26.58812134821847,6.231298446655273,2.4473176077870713,46.51731813874113,0.0042369388621743,"(46.324, 46.855]"
1451161,48.94278950819424,167.50671060075277,1451161,348.48824,-0.91591,348.48824,-0.91591,231357.17-005457.2,2.065027304288542,46.54976763763098,0.0075843053140438,45.68685222113065,0.0216676282905261,-26.317852769483245,5.9079060554504395,2.065027304288542,46.54976763763098,0.0075843053140438,"(46.324, 46.855]"
1446870,25.948022839868912,47.373900250219606,1446870,356.63271657023466,0.8735382609471267,356.63271657023466,0.8735382609471267,234631.85+005224.7,2.713026229464075,46.41147782910591,0.0089077907984957,0.0,-1.0,-26.16794866730288,4.435137748718262,2.713026229464075,46.41147782910591,0.0089077907984957,"(46.324, 46.855]"
1451652,12.465534593535743,40.725466719706745,1451652,347.58551050272223,-1.232712522446971,347.58551050272223,-1.232712522446971,231020.52-011357.7,3.3680830260463424,46.694630936789935,0.0104617951566439,0.0,-1.0,-26.727613761559798,4.043503284454346,3.3680830260463424,46.694630936789935,0.0104617951566439,"(46.324, 46.855]"
1431197,26.62674976273324,72.61140691752551,1431197,10.962760530824028,0.9795157603664668,10.962760530824028,0.9795157603664668,004351.06+005846.2,3.241894946417496,46.46981764714319,0.0098704105685882,0.0,-1.0,-26.035866175094164,3.5751659870147705,3.241894946417496,46.46981764714319,0.0098704105685882,"(46.324, 46.855]"
1403828,251.60824733783784,1012.4249878276596,1403828,31.79368966556202,0.1716565580099999,31.79368966556202,0.1716565580099999,020710.48+001017.9,0.9224375025321327,46.38244721026919,0.0020434052759519,45.670639981228,0.0020434052759519,-25.628841213841373,18.134414672851562,0.9224375025321327,46.38244721026919,0.0020434052759519,"(46.324, 46.855]"
1394830,267.8798237333702,1026.929700455889,1394830,37.9436775915883,0.4613222563754607,37.9436775915883,0.4613222563754607,023146.48+002740.7,1.498860030178406,46.38149207725006,0.0026687153258642,45.66968484820887,0.0026687153258642,-25.887977618242584,18.040847778320312,1.498860030178406,46.38149207725006,0.0026687153258642,"(46.324, 46.855]"
1450182,15.052888110909583,38.61684174335453,1450182,350.324956124791,-1.198603776606761,350.324956124791,-1.198603776606761,232117.98-011154.9,2.433044795274464,46.37573773422527,0.0042047713832609,45.70540517727957,0.042986181224446,-25.841944573476585,5.572210788726807,2.433044795274464,46.37573773422527,0.0042047713832609,"(46.324, 46.855]"
1399278,178.71421882465788,517.3634091240488,1399278,34.94735290635872,-0.7959874851698363,34.94735290635872,-0.7959874851698363,021947.36-004745.5,1.4282502177541678,46.55167323099238,0.0022389127442359,45.83986600195119,0.0022389127442359,-26.420667201740468,17.978973388671875,1.4282502177541678,46.55167323099238,0.0022389127442359,"(46.324, 46.855]"
1397063,152.44282804363485,347.83936777762455,1397063,36.44328097884983,1.1315901073294894,36.44328097884983,1.1315901073294894,022546.38+010753.7,1.8228502769566113,46.7502412723691,0.0028368017405391,46.03843404332791,0.0028368017405391,-26.03310602751594,12.533491134643555,1.8228502769566113,46.7502412723691,0.0028368017405391,"(46.324, 46.855]"
1427502,158.11246599455978,845.7234447532203,1427502,13.895916083649167,-0.5495357989965312,13.895916083649167,-0.5495357989965312,005535.01-003258.3,2.040981925257844,46.75814278464544,0.0018143355774213887,46.147296512094364,0.0025995085131960143,-27.185271360347596,16.07025146484375,2.040981925257844,46.75814278464544,0.0018143355774213887,"(46.324, 46.855]"
1396650,91.14810236732208,263.5598464358962,1396650,36.72445078682948,-0.3398574995877264,36.72445078682948,-0.3398574995877264,022653.86-002023.4,2.4422915452003218,46.341133360540894,0.0047591651340432,0.0,-1.0,-26.10037902595258,4.8372416496276855,2.4422915452003218,46.341133360540894,0.0047591651340432,"(46.324, 46.855]"
1455868,136.6390440214437,481.9582370638037,1455868,339.3840715461563,-0.2918597949282288,339.3840715461563,-0.2918597949282288,223732.17-001730.6,2.5729320990146083,46.71647473032297,0.0022631172088871,0.0,-1.0,-26.706761483061563,10.60183334350586,2.5729320990146083,46.71647473032297,0.0022631172088871,"(46.324, 46.855]"
1459226,62.19096433824084,260.48720151532103,1459226,333.04331324735267,0.7862804265048038,333.04331324735267,0.7862804265048038,221210.39+004710.6,2.353420164789744,46.590904954254114,0.0179505210836588,45.87909772521292,0.0179505210836588,-26.79214822141462,12.12096881866455,2.353420164789744,46.590904954254114,0.0179505210836588,"(46.324, 46.855]"
1400349,54.611887839635486,206.87197882915007,1400349,34.230132,0.465294,34.230132,0.465294,021655.23+002755.0,2.1726695534251133,46.71210341907998,0.0042714353378698,0.0,-1.0,-26.577447128857045,9.244552612304688,2.1726695534251133,46.71210341907998,0.0042714353378698,"(46.324, 46.855]"
1459688,105.53722063728677,341.1237384648221,1459688,332.1886485398477,0.7950946127837968,332.1886485398477,0.7950946127837968,220845.27+004742.3,2.0416728328262757,46.681364427970706,0.0025819734133243,45.942325157604095,0.0041726281309912,-26.856424002540837,13.482254981994629,2.0416728328262757,46.681364427970706,0.0025819734133243,"(46.324, 46.855]"
1432798,338.09541319792777,2135.4809454497536,1432798,9.807789146820369,-0.9858346178897148,9.807789146820369,-0.9858346178897148,003913.86-005909.0,2.0833937033622645,46.68101413374326,0.0026117049121161,46.124021456827606,0.0022312696534996,-27.167459699761103,12.115835189819336,2.0833937033622645,46.68101413374326,0.0026117049121161,"(46.324, 46.855]"
1453193,95.590363707769,224.8576168626317,1453193,344.69437,0.34773,344.69437,0.34773,225846.64+002051.8,2.0812903064040285,46.65161174783737,0.0099782648879305,0.0,-1.0,-26.84966603216902,5.866281986236572,2.0812903064040285,46.65161174783737,0.0099782648879305,"(46.324, 46.855]"
1390677,66.84101973545809,319.8411730632597,1390677,40.85822474257225,-0.5292315363362673,40.85822474257225,-0.5292315363362673,024325.97-003145.2,3.451499968000931,46.7400564539634,0.0043081701041103,0.0,-1.0,-27.855852311259415,7.376933574676514,3.451499968000931,46.7400564539634,0.0043081701041103,"(46.324, 46.855]"
1463718,52.21399096756604,154.59417856112137,1463718,324.490567,-0.084183,324.490567,-0.084183,213757.73-000503.0,1.7824219124875653,46.53959958008129,0.0076732176771336,45.827792351040095,0.0076732176771336,-26.07510381364761,8.039214134216309,1.7824219124875653,46.53959958008129,0.0076732176771336,"(46.324, 46.855]"
1412297,123.64486343963668,438.5170031486732,1412297,25.399770117530352,1.151139399187354,25.399770117530352,1.151139399187354,014135.94+010904.1,2.408263353603946,46.41226396166245,0.0042732109204983,45.809066159856535,0.0236877921678697,-26.191596203082312,6.692920207977295,2.408263353603946,46.41226396166245,0.0042732109204983,"(46.324, 46.855]"
1447176,50.89974203740444,330.4618508639301,1447176,355.9513783444106,0.0341356990996902,355.9513783444106,0.0341356990996902,234348.33+000202.8,1.8156255319076935,46.754367794036675,0.0024165732427263,46.04256056499548,0.0024165732427263,-26.43854954044716,17.173099517822266,1.8156255319076935,46.754367794036675,0.0024165732427263,"(46.324, 46.855]"
1429620,15.1883795412214,63.888552567153575,1429620,12.113166434179988,0.681393821634962,12.113166434179988,0.681393821634962,004827.15+004053.0,3.676324430903273,46.57485657179842,0.010915809819167,0.0,-1.0,-26.574012681083765,3.6321609020233154,3.676324430903273,46.57485657179842,0.010915809819167,"(46.324, 46.855]"
1441182,73.89888071982716,230.33345541570387,1441182,3.0055277086392493,-0.479457781990999,3.0055277086392493,-0.479457781990999,001201.32-002846.0,2.7084993815581875,46.63039461673639,0.0028853709439822,0.0,-1.0,-26.337755077160395,7.5601487159729,2.7084993815581875,46.63039461673639,0.0028853709439822,"(46.324, 46.855]"
1418623,280.420951390417,819.4973690154943,1418623,20.84319085239809,0.821648192393533,20.84319085239809,0.821648192393533,012322.36+004917.9,2.1826542653221654,46.34287945917537,0.005979933173819,45.70769058698068,0.0100331912406055,-26.570186799382867,5.850767135620117,2.1826542653221654,46.34287945917537,0.005979933173819,"(46.324, 46.855]"
1447384,20.566336164003992,51.212627571261024,1447384,355.4850108690235,0.0444003940809177,355.4850108690235,0.0444003940809177,234156.40+000239.8,3.1609607325511124,46.37168903959221,0.0159863601633567,0.0,-1.0,-25.795323571983047,3.140873908996582,3.1609607325511124,46.37168903959221,0.0159863601633567,"(46.324, 46.855]"
1395698,65.2738194268449,184.7309155208462,1395698,37.365263730278,-1.0237445259203566,37.365263730278,-1.0237445259203566,022927.66-010125.4,2.131516795182513,46.342233536483235,0.00461298592651,45.56556837084263,0.0081886261416173,-25.770642939010312,8.087686538696289,2.131516795182513,46.342233536483235,0.00461298592651,"(46.324, 46.855]"
1451448,152.16717204522294,412.9036757648233,1451448,347.95226,0.740569,347.95226,0.740569,231148.54+004426.0,2.18918076672073,46.56031854283444,0.0137387780996931,0.0,-1.0,-26.48337994322747,5.332542419433594,2.18918076672073,46.56031854283444,0.0137387780996931,"(46.324, 46.855]"
1433083,356.2385533609764,1049.4530548521054,1433083,9.59922808607456,-0.0069612976099875,9.59922808607456,-0.0069612976099875,003823.81-000025.0,1.6081619104049525,46.72801610613924,0.0024507424522539,46.01620887709805,0.0024507424522539,-27.273405070570313,23.48888397216797,1.6081619104049525,46.72801610613924,0.0024507424522539,"(46.324, 46.855]"
1446386,27.77813721126316,199.9354906035844,1446386,357.482341,-0.452817,357.482341,-0.452817,234955.76-002710.1,1.851066799973533,46.38940793791638,0.0156629364704627,45.67760070887519,0.0156629364704627,-26.442974054157595,5.17241096496582,1.851066799973533,46.38940793791638,0.0156629364704627,"(46.324, 46.855]"
1464361,88.7075349213033,304.16376104675305,1464361,323.3848476183316,-1.1556277118317713,323.3848476183316,-1.1556277118317713,213332.36-010920.2,2.359552714433277,46.77377993779291,0.0023371938320977,46.092344012545546,0.0107493664670812,-26.92127976337758,10.52059268951416,2.359552714433277,46.77377993779291,0.0023371938320977,"(46.324, 46.855]"
1393076,89.1787922880494,584.0810253942203,1393076,39.19633467874846,-0.5233902774502684,39.19633467874846,-0.5233902774502684,023647.12-003124.2,2.3943910971107867,46.64125227285208,0.0027510939168386,46.15535496788192,0.0120170617745891,-27.184096480347552,11.484786033630371,2.3943910971107867,46.64125227285208,0.0027510939168386,"(46.324, 46.855]"
1448126,68.15865593246761,215.9717094749972,1448126,354.1304438278534,-0.6345672612067847,354.1304438278534,-0.6345672612067847,233631.30-003804.4,1.981466626627514,46.51621911472705,0.0038506421537327,45.80441188568586,0.0038506421537327,-26.232519143579854,11.517248153686523,1.981466626627514,46.51621911472705,0.0038506421537327,"(46.324, 46.855]"
1400566,107.56721234228452,290.18347462663496,1400566,34.072033,1.209507,34.072033,1.209507,021617.28+011234.2,2.191612628444418,46.50227344690832,0.0090379816758208,0.0,-1.0,-26.140616393972998,5.491986274719238,2.191612628444418,46.50227344690832,0.0090379816758208,"(46.324, 46.855]"
1389192,253.75400370995547,492.8727709452557,1389192,41.82254193245603,-0.0145659546449114,41.82254193245603,-0.0145659546449114,024717.41-000052.4,2.4972873442006422,46.40402491337379,0.0045699082474968,0.0,-1.0,-26.634771455150933,6.37847375869751,2.4972873442006422,46.40402491337379,0.0045699082474968,"(46.324, 46.855]"
1445112,129.2274844618835,340.31469906165484,1445112,359.5625131846799,0.5009775529198617,359.5625131846799,0.5009775529198617,235815.00+003003.5,2.495069118685393,46.35003478735916,0.0046982527079002,0.0,-1.0,-26.360833177401407,4.937000751495361,2.495069118685393,46.35003478735916,0.0046982527079002,"(46.324, 46.855]"
1447040,832.2922353953535,1180.5665635647813,1447040,356.27631401935537,1.0265340880429503,356.27631401935537,1.0265340880429503,234506.31+010135.5,1.794916437341121,46.759696136580274,0.0018673440724654,46.04788890753908,0.0018673440724654,-26.480643799130103,17.238943099975586,1.794916437341121,46.759696136580274,0.0018673440724654,"(46.324, 46.855]"
1421252,155.7042638224321,520.8239767914295,1421252,18.89012933295656,0.9828789251551606,18.89012933295656,0.9828789251551606,011533.63+005858.3,1.3950877091028793,46.732557313196416,0.0013014285899437,46.020750084155225,0.0013014285899437,-26.662529195498085,21.621809005737305,1.3950877091028793,46.732557313196416,0.0013014285899437,"(46.324, 46.855]"
1448755,74.7005727192543,169.63169350091457,1448755,352.991905,0.399776,352.991905,0.399776,233158.05+002359.1,2.202254191981586,46.43585350775986,0.0125224610066396,0.0,-1.0,-26.195434625415647,4.240240573883057,2.202254191981586,46.43585350775986,0.0125224610066396,"(46.324, 46.855]"
1425326,40.51601456253332,84.64682846650896,1425326,15.650407476349002,1.187885558103277,15.650407476349002,1.187885558103277,010236.09+011116.3,2.1423332803629926,46.34963046002359,0.005666726604268,45.70654696099011,0.0088686662027761,-25.952953362767634,8.006321907043457,2.1423332803629926,46.34963046002359,0.005666726604268,"(46.324, 46.855]"
1388952,18.316557362725487,51.223313785345134,1388952,42.00114285327315,0.1491551720698443,42.00114285327315,0.1491551720698443,024800.27+000856.9,2.306549588209274,46.39761900466592,0.0036728647100829,45.64689634155363,0.0219903991448617,-26.07950220739203,7.826768398284912,2.306549588209274,46.39761900466592,0.0036728647100829,"(46.324, 46.855]"
1451514,410.9301033959097,1098.6448475933455,1451514,347.841574,0.833297,347.841574,0.833297,231121.97+004959.8,2.078669258424893,46.733387619765224,0.0073197834304714,0.0,-1.0,-26.843701601620054,7.474946975708008,2.078669258424893,46.733387619765224,0.0073197834304714,"(46.324, 46.855]"
1444823,203.0705538712235,466.9652447548633,1444823,359.9944578919961,-1.20705738290118,359.9944578919961,-1.20705738290118,235958.66-011225.4,1.775445936463938,46.755109776673734,0.00271215968462,46.04330254763254,0.00271215968462,-27.031028960640203,17.849172592163086,1.775445936463938,46.755109776673734,0.00271215968462,"(46.324, 46.855]"
1434649,168.30931608276404,1629.6935996173772,1434649,8.4175684149169,-0.923759946385573,8.4175684149169,-0.923759946385573,003340.21-005525.5,0.9383893133075023,46.49448690533505,0.0007903127453587,45.78267967629386,0.0007903127453587,-26.634810078120562,34.84034729003906,0.9383893133075023,46.49448690533505,0.0007903127453587,"(46.324, 46.855]"
1409283,203.000982661782,850.2494738025094,1409283,27.60184033409746,0.7425085210243585,27.60184033409746,0.7425085210243585,015024.44+004433.0,1.9970200655608914,46.758494772900654,0.002546514679949,46.04668754385946,0.002546514679949,-26.882430454981073,13.50506591796875,1.9970200655608914,46.758494772900654,0.002546514679949,"(46.324, 46.855]"
1389446,32.439447769625666,102.53804958097662,1389446,41.66617285362864,-0.043660216922912,41.66617285362864,-0.043660216922912,024639.88-000237.1,2.3321350113655392,46.43729318441255,0.0038108607207973,45.85421526184368,0.0163301407189457,-26.124058545731025,7.0711541175842285,2.3321350113655392,46.43729318441255,0.0038108607207973,"(46.324, 46.855]"
1423247,51.11586107929222,188.7226283781498,1423247,17.23837400000002,0.031846,17.23837400000002,0.031846,010857.20+000154.6,2.425702902151722,46.54096822783183,0.0039051706185908,45.843621894543645,0.0205874512421821,1.0,8.936431884765625,2.425702902151722,46.54096822783183,0.0039051706185908,"(46.324, 46.855]"
1397558,123.33400063194352,383.5860521483411,1397558,36.10725636864265,-0.6823230581815819,36.10725636864265,-0.6823230581815819,022425.74-004056.3,2.887971333647241,46.793692231404165,0.0034637947847464,0.0,-1.0,-26.913220543738845,11.042877197265625,2.887971333647241,46.793692231404165,0.0034637947847464,"(46.324, 46.855]"
1400454,25.4353254540471,33.05820548404341,1400454,34.14537254092323,0.9749571323209836,34.14537254092323,0.9749571323209836,021634.88+005829.8,2.749728677828665,46.80806085631986,0.0031472146225013,0.0,-1.0,-27.19097522422218,11.756464004516602,2.749728677828665,46.80806085631986,0.0031472146225013,"(46.324, 46.855]"
1391199,404.9061418122161,747.0457423092249,1391199,40.52998702169563,-0.4719176111973511,40.52998702169563,-0.4719176111973511,024207.19-002818.9,1.7161871493153937,46.540631214293896,0.002147784503002,45.828823985252704,0.002147784503002,-25.946341098079174,16.67329216003418,1.7161871493153937,46.540631214293896,0.002147784503002,"(46.324, 46.855]"
1406011,85.10744095567341,209.7173389270287,1406011,30.233427,0.490761,30.233427,0.490761,020056.02+002926.7,2.156358236448681,46.4532612040352,0.01159017988914,0.0,-1.0,-25.781986734572524,4.281460762023926,2.156358236448681,46.4532612040352,0.01159017988914,"(46.324, 46.855]"
1441643,141.18714638966287,365.1266226765175,1441643,2.600766,-0.92393,2.600766,-0.92393,001024.18-005526.1,1.9322350327166145,46.332147407907634,0.0,45.41503995018439,0.0135624227686221,-25.90871938835918,4.047486782073975,1.9322350327166145,46.332147407907634,0.0,"(46.324, 46.855]"
1423192,14.638258237945426,35.800935867781426,1423192,17.27423327053026,0.2714502228967171,17.27423327053026,0.2714502228967171,010905.81+001617.2,3.7030628471106457,46.52555932528069,0.0444881507629837,0.0,-1.0,-27.05188093104079,3.136120557785034,3.7030628471106457,46.52555932528069,0.0444881507629837,"(46.324, 46.855]"
1390914,20.3620659720726,84.95354634998336,1390914,40.69998005294899,-1.0124750804944465,40.69998005294899,-1.0124750804944465,024247.99-010044.9,3.8945871053517234,46.579558715294155,0.0170458043179699,0.0,-1.0,-26.6204365052455,3.767711639404297,3.8945871053517234,46.579558715294155,0.0170458043179699,"(46.324, 46.855]"
1455657,960.6010322715348,3413.255427524279,1455657,339.8306635410307,-0.1383429888326703,339.8306635410307,-0.1383429888326703,223919.35-000818.0,1.5050788024022217,46.68527445775227,0.0013656487060131,45.97346722871108,0.0013656487060131,-27.008688977051005,30.584997177124023,1.5050788024022217,46.68527445775227,0.0013656487060131,"(46.324, 46.855]"
1403998,534.037502536485,1436.6710010535696,1403998,31.692989041224,1.0848673401013789,31.692989041224,1.0848673401013789,020646.31+010505.5,2.2761307636316888,46.493385503819816,0.0030342515363877,46.091591286470816,0.0090548045375236,-26.65655357402298,13.262036323547363,2.2761307636316888,46.493385503819816,0.0030342515363877,"(46.324, 46.855]"
1414728,25.63824595571753,56.030064677711,1414728,23.65905600000002,0.93569238,23.65905600000002,0.93569238,013438.17+005608.4,1.9056313960302567,46.33470825984689,0.0043658088688118,45.6229010308057,0.0043658088688118,1.0,6.584081649780273,1.9056313960302567,46.33470825984689,0.0043658088688118,"(46.324, 46.855]"
1445710,360.463007780508,549.8413491678734,1445710,358.60224510139307,-0.1884484551234001,358.60224510139307,-0.1884484551234001,235424.53-001118.4,1.8132137396035461,46.70412135147116,0.0017352777997849,45.99231412242997,0.0017352777997849,-26.508086896866242,19.25157356262207,1.8132137396035461,46.70412135147116,0.0017352777997849,"(46.324, 46.855]"
1406726,74.84616831766834,409.1796393200468,1406726,29.632193147796784,0.8189156984123166,29.632193147796784,0.8189156984123166,015831.72+004908.0,1.8173557319625286,46.39490152107721,0.0029007795192974,45.68309429203602,0.0029007795192974,-26.36336022529815,9.53082275390625,1.8173557319625286,46.39490152107721,0.0029007795192974,"(46.324, 46.855]"
1398027,141.227967757632,295.21891584519585,1398027,35.7669077756632,-0.2567701343074313,35.7669077756632,-0.2567701343074313,022304.05-001524.3,2.1438397402950824,46.630447901420276,0.0023863232096275,45.92207461323345,0.0065944868201484,-26.591713809398954,16.209697723388672,2.1438397402950824,46.630447901420276,0.0023863232096275,"(46.324, 46.855]"
1409455,245.0232010603305,2890.276918213164,1409455,27.46233241244522,-1.0539325696411903,27.46233241244522,-1.0539325696411903,014950.95-010314.1,1.0798648640312591,46.66503897738452,0.0007982193658158,45.95323174834333,0.0007982193658158,-26.735906342083126,34.05164337158203,1.0798648640312591,46.66503897738452,0.0007982193658158,"(46.324, 46.855]"
1404467,31.914393293884416,89.4849613305827,1404467,31.350933859940163,0.4706343251112495,31.350933859940163,0.4706343251112495,020524.22+002814.2,3.364254883273054,46.55821766132292,0.0069448857020582,0.0,-1.0,-26.835221373709636,5.189176559448242,3.364254883273054,46.55821766132292,0.0069448857020582,"(46.324, 46.855]"
1417345,227.15061048906875,802.6948298287039,1417345,21.831136,0.930822,21.831136,0.930822,012719.47+005550.9,1.803460758122618,46.389053377640074,0.0076157156470344,45.67724614859888,0.0076157156470344,-26.407285413319208,7.457394123077393,1.803460758122618,46.389053377640074,0.0076157156470344,"(46.324, 46.855]"
1415125,28.646032826380186,101.91030571355807,1415125,23.412934037269792,-0.1550771422809215,23.412934037269792,-0.1550771422809215,013339.10-000918.2,2.731715425547275,46.51599405217671,0.0040570161834274,0.0,-1.0,-26.874150856487276,6.8379716873168945,2.731715425547275,46.51599405217671,0.0040570161834274,"(46.324, 46.855]"
1432418,936.1639824753024,3547.0175843452143,1432418,10.10659840914525,-0.5064367228425071,10.10659840914525,-0.5064367228425071,004025.58-003023.1,1.1273147288247232,46.44350215526952,0.0013609185450746,45.73169492622833,0.0013609185450746,-26.094531088682825,21.56170654296875,1.1273147288247232,46.44350215526952,0.0013609185450746,"(46.324, 46.855]"
1447165,486.17288157819024,1074.5068619140454,1447165,355.9930068985321,1.120729929180346,355.9930068985321,1.120729929180346,234358.32+010714.6,2.173260470780247,46.61494925765023,0.0033476414099169,45.876137334609815,0.0056412173311137,-26.72975881689581,10.720830917358398,2.173260470780247,46.61494925765023,0.0033476414099169,"(46.324, 46.855]"
1405964,491.9379476229967,2347.519346577504,1405964,30.271464971057547,0.1049882883503532,30.271464971057547,0.1049882883503532,020105.15+000617.9,1.2058088260409194,46.63888587677441,0.0011672011996353,45.92707864773322,0.0011672011996353,-26.67127170388041,26.005823135375977,1.2058088260409194,46.63888587677441,0.0011672011996353,"(46.324, 46.855]"
1445853,539.9096313728824,1387.0200478900706,1445853,358.36527558209707,-0.472868387051492,358.36527558209707,-0.472868387051492,235327.66-002822.3,2.2850441448695262,46.67249241144653,0.0041965452420846,46.02521057957024,0.0078639987518336,-26.336195590858964,11.665722846984863,2.2850441448695262,46.67249241144653,0.0041965452420846,"(46.324, 46.855]"
1409761,15.92389206437858,102.54105257345692,1409761,27.228247524872906,0.9254235494911492,27.228247524872906,0.9254235494911492,014854.77+005531.5,1.9680768337315173,46.3503845518675,0.0057569718102676,45.63857732282631,0.0057569718102676,-25.650777061616935,6.554388523101807,1.9680768337315173,46.3503845518675,0.0057569718102676,"(46.324, 46.855]"
1393179,73.74482375177152,413.4178566652034,1393179,39.118739007120496,1.2163087579798069,39.118739007120496,1.2163087579798069,023628.49+011258.7,1.9051909726805352,46.57611960815267,0.0034970606210009,45.86431237911148,0.0034970606210009,-26.15177889216853,9.88279914855957,1.9051909726805352,46.57611960815267,0.0034970606210009,"(46.324, 46.855]"
1429232,38.44721312995152,161.16179636779538,1429232,12.45562986612788,-1.0242727217976004,12.45562986612788,-1.0242727217976004,004949.35-010127.3,2.954466271867983,46.41399230500447,0.0047771790021329,0.0,-1.0,-26.53365406881679,4.407925128936768,2.954466271867983,46.41399230500447,0.0047771790021329,"(46.324, 46.855]"
1414040,151.3765083972616,310.0854886503045,1414040,24.144662800367826,-0.9662917931757974,24.144662800367826,-0.9662917931757974,013634.71-005758.6,2.62819921768519,46.47259905302497,0.0035347378105115,0.0,-1.0,-26.38903136133912,5.443121433258057,2.62819921768519,46.47259905302497,0.0035347378105115,"(46.324, 46.855]"
1435462,55.639061954064765,105.37643262963678,1435462,7.756256995302522,0.3920470959965531,7.756256995302522,0.3920470959965531,003101.50+002331.3,2.5395525210818644,46.55215854570824,0.0047934658292732,0.0,-1.0,-26.463810872756614,7.9704179763793945,2.5395525210818644,46.55215854570824,0.0047934658292732,"(46.324, 46.855]"
1394667,293.1672252520607,636.6651876896186,1394667,38.04363940991004,-0.131357571114354,38.04363940991004,-0.131357571114354,023210.47-000752.8,1.3633325932146843,46.60090180735802,0.0013438979146727,45.88909457831683,0.0013438979146727,-26.741677471282024,25.19596290588379,1.3633325932146843,46.60090180735802,0.0013438979146727,"(46.324, 46.855]"
1440967,119.38273168790757,253.6348691089664,1440967,3.208428463030998,0.3612125438742525,3.208428463030998,0.3612125438742525,001250.02+002140.3,2.970250565471299,46.76435769614679,0.0033226270846569,0.0,-1.0,-26.259554248104305,9.374143600463867,2.970250565471299,46.76435769614679,0.0033226270846569,"(46.324, 46.855]"
1452980,164.39831438841222,772.1214470853731,1452980,345.09095155777425,-0.1302925536384739,345.09095155777425,-0.1302925536384739,230021.82-000749.0,1.9757330387416396,46.649189948528864,0.0030119121892226,45.93738271948767,0.0030119121892226,-26.7883260712715,16.07164764404297,1.9757330387416396,46.649189948528864,0.0030119121892226,"(46.324, 46.855]"
1407797,64.09976156537516,193.2648493258819,1407797,28.7635389219854,-0.9416416408126242,28.7635389219854,-0.9416416408126242,015503.24-005629.9,2.6548868746358942,46.67914444822527,0.0027923666261138,0.0,-1.0,-26.504774386803906,8.009862899780273,2.6548868746358942,46.67914444822527,0.0027923666261138,"(46.324, 46.855]"
1445591,309.0545640684816,1614.249896167134,1445591,358.8157813765062,-0.4783552986379044,358.8157813765062,-0.4783552986379044,235515.78-002842.0,1.928289796276181,46.8133975195996,0.0023493729490695,46.101590290558406,0.0023493729490695,-27.022405046962064,20.401826858520508,1.928289796276181,46.8133975195996,0.0023493729490695,"(46.324, 46.855]"
1407153,15.04563238523051,53.78393380947368,1407153,29.290002956687104,-0.3029348189161677,29.290002956687104,-0.3029348189161677,015709.60-001810.5,3.1510111253579343,46.44760645149128,0.0053022387124848,0.0,-1.0,-26.631527146947743,3.8386640548706055,3.1510111253579343,46.44760645149128,0.0053022387124848,"(46.324, 46.855]"
1421634,111.18068056764392,581.9532410185927,1421634,18.57611846165692,0.3673727650536644,18.57611846165692,0.3673727650536644,011418.26+002202.5,1.6860657529974317,46.592105965782395,0.0018314446824412,45.8802987367412,0.0018314446824412,-26.648590267018573,15.924399375915527,1.6860657529974317,46.592105965782395,0.0018314446824412,"(46.324, 46.855]"
1451677,60.19089062433951,184.52480681712368,1451677,347.52443541294747,-1.1377321014540591,347.52443541294747,-1.1377321014540591,231005.86-010815.8,1.394857062529299,46.456108433329284,0.0019949948885269,45.74430120428809,0.0019949948885269,-26.31043411759749,20.326629638671875,1.394857062529299,46.456108433329284,0.0019949948885269,"(46.324, 46.855]"
1453360,107.3848119825017,267.8209188157003,1453360,344.323038,0.94741,344.323038,0.94741,225717.52+005650.6,2.0090125549961266,46.36700651858843,0.0108546567015039,45.75506154854863,0.0164828753541392,-26.098166791445475,4.404260635375977,2.0090125549961266,46.36700651858843,0.0108546567015039,"(46.324, 46.855]"
1448920,30.68277445211702,87.53128446865712,1448920,352.701785996495,0.783357190953422,352.701785996495,0.783357190953422,233048.42+004700.0,2.6433063227236437,46.42437984908724,0.0069117766271524,0.0,-1.0,-26.82794972403636,5.0577712059021,2.6433063227236437,46.42437984908724,0.0069117766271524,"(46.324, 46.855]"
1445955,427.9022755901044,1320.797614584241,1445955,358.21099000000004,-0.20855537,358.21099000000004,-0.20855537,235250.63-001230.7,2.245428788938136,46.63319387314909,0.0041979599606527,45.97145015812612,0.0059526610806912,1.0,10.343704223632812,2.245428788938136,46.63319387314909,0.0041979599606527,"(46.324, 46.855]"
1449708,127.28275796892748,260.92022247102307,1449708,351.191614,1.156081,351.191614,1.156081,232445.98+010921.8,1.7539829537597862,46.34243902144495,0.0128495771216812,45.63063179240376,0.0128495771216812,-25.87250873334555,4.172860145568848,1.7539829537597862,46.34243902144495,0.0128495771216812,"(46.324, 46.855]"
1465788,385.91973001904654,1095.2491192788837,1465788,320.85859075170123,0.6995549511007833,320.85859075170123,0.6995549511007833,212326.06+004158.3,2.086873490836946,46.46196588452132,0.004800838764126,45.7367973924301,0.0078022167126796,-26.66462240890057,9.229071617126465,2.086873490836946,46.46196588452132,0.004800838764126,"(46.324, 46.855]"
1447301,24.74510665887681,97.085228252086,1447301,355.6537769533103,-0.7091182180197392,355.6537769533103,-0.7091182180197392,234236.90-004232.8,2.893025335363122,46.46832801410994,0.0068630132550282,0.0,-1.0,-26.3321100142129,5.043172836303711,2.893025335363122,46.46832801410994,0.0068630132550282,"(46.324, 46.855]"
1449089,143.9500060693124,221.1831014859415,1449089,352.331796,-0.550992,352.331796,-0.550992,232919.63-003303.5,1.8195792655899063,46.45733394110941,0.0103254786466706,45.74552671206822,0.0103254786466706,-26.406403284465455,5.974169731140137,1.8195792655899063,46.45733394110941,0.0103254786466706,"(46.324, 46.855]"
1440826,43.913688258784994,150.62206151621356,1440826,3.3260713788416503,-0.7711261466153796,3.3260713788416503,-0.7711261466153796,001318.25-004616.0,2.950225711760922,46.53605587811238,0.0060999640130319,0.0,-1.0,-26.058291559681635,4.979676723480225,2.950225711760922,46.53605587811238,0.0060999640130319,"(46.324, 46.855]"
1395245,28.298411384291832,217.93481722424207,1395245,37.677037040806326,-0.3425556589624497,37.677037040806326,-0.3425556589624497,023042.48-002033.2,3.105831794590531,46.71297752534369,0.010176863795074,0.0,-1.0,-26.94876211729025,6.856530666351318,3.105831794590531,46.71297752534369,0.010176863795074,"(46.324, 46.855]"
1436014,21.411225473233863,182.3252823000737,1436014,7.331112412381744,0.1368669583441613,7.331112412381744,0.1368669583441613,002919.46+000812.7,2.7167467173151625,46.45831698743423,0.0044571233436592,0.0,-1.0,-26.817634788289126,7.881350517272949,2.7167467173151625,46.45831698743423,0.0044571233436592,"(46.324, 46.855]"
1434410,10.039824959747037,67.75077374955946,1434410,8.609296564138617,0.4338955257437757,8.609296564138617,0.4338955257437757,003426.23+002602.0,3.2277789269939103,46.64585769625773,0.0035006485387469,0.0,-1.0,-26.676194674339385,6.303040504455566,3.2277789269939103,46.64585769625773,0.0035006485387469,"(46.324, 46.855]"
1392220,33.05871338209551,144.30312348988525,1392220,39.83881826623876,0.0137914139696034,39.83881826623876,0.0137914139696034,023921.31+000049.6,2.2870716831012126,46.79932159156403,0.0026328826981796,45.08982502871396,0.035111977341721,-26.234002985209834,6.415454387664795,2.2870716831012126,46.79932159156403,0.0026328826981796,"(46.324, 46.855]"
1448348,1306.9635205961429,2484.915851123763,1448348,353.7458060043151,-0.1167771340658616,353.7458060043151,-0.1167771340658616,233458.99-000700.3,1.1232867122303842,46.64867080322237,0.0005685235276118,45.93686357418118,0.0005685235276118,-26.732426372298537,36.29936981201172,1.1232867122303842,46.64867080322237,0.0005685235276118,"(46.324, 46.855]"
1435771,33.62638374719406,103.38393176523834,1435771,7.504796385219663,-1.1467498009070527,7.504796385219663,-1.1467498009070527,003001.15-010848.2,2.4712185117678973,46.392285860415036,0.0065058807592528,0.0,-1.0,-26.274314832179986,5.544816970825195,2.4712185117678973,46.392285860415036,0.0065058807592528,"(46.324, 46.855]"
1401218,35.26817291321844,122.39024699071336,1401218,33.61130758107788,-0.4223210790104562,33.61130758107788,-0.4223210790104562,021426.71-002520.3,2.2332542845796266,46.50010856161911,0.0040107752071705,45.74138946642745,0.0154756766176049,-26.379770989626454,6.771744728088379,2.2332542845796266,46.50010856161911,0.0040107752071705,"(46.324, 46.855]"
1459310,166.98412521674044,328.12237749922906,1459310,332.901167,0.738222,332.901167,0.738222,221136.28+004417.5,1.9607261365772248,46.56862764757717,0.0,45.80768038166051,0.0086832601033819,-26.313611278557413,6.402233123779297,1.9607261365772248,46.56862764757717,0.0,"(46.324, 46.855]"
1389454,11.210304765169075,46.86405421287297,1389454,41.66294081494061,0.826223731070578,41.66294081494061,0.826223731070578,024639.10+004934.4,3.745744839134545,46.457740232258374,0.0630875411122282,0.0,-1.0,-26.777650520617193,3.373347282409668,3.745744839134545,46.457740232258374,0.0630875411122282,"(46.324, 46.855]"
1421361,53.81127324051494,194.96849843276075,1421361,18.804872,0.336991,18.804872,0.336991,011513.16+002013.1,2.119896812637783,46.542581705599765,0.0046375643462113,0.0,-1.0,-26.372863985928266,7.0847320556640625,2.119896812637783,46.542581705599765,0.0046375643462113,"(46.324, 46.855]"
1430723,420.213026471104,1439.446332776658,1430723,11.314350973747883,-1.2215943035416117,11.314350973747883,-1.2215943035416117,004515.44-011317.7,1.5946397847411085,46.52581964679607,0.0021711314476782,45.81401241775488,0.0021711314476782,-26.143668660598635,17.458133697509766,1.5946397847411085,46.52581964679607,0.0021711314476782,"(46.324, 46.855]"
1439611,74.29868195553172,416.77162935548006,1439611,4.316062,-1.166548,4.316062,-1.166548,001715.85-010959.5,1.8996572117372283,46.44881031181664,0.0108368296746341,45.73700308277545,0.0108368296746341,-26.63887071707086,5.777523040771484,1.8996572117372283,46.44881031181664,0.0108368296746341,"(46.324, 46.855]"
1446002,27.373941525531063,80.66634222273915,1446002,358.1256732323011,0.0977808522861098,358.1256732323011,0.0977808522861098,235230.16+000552.0,3.15792476937481,46.71116519494314,0.007073353029309,0.0,-1.0,-26.89870078362979,5.12738037109375,3.15792476937481,46.71116519494314,0.007073353029309,"(46.324, 46.855]"
1448821,31.49383095140014,85.15913921661578,1448821,352.88450158055423,-0.82914330035007,352.88450158055423,-0.82914330035007,233132.28-004944.9,2.6218252071044055,46.67259388828476,0.0026384074875984,0.0,-1.0,-26.997013044215556,7.970442771911621,2.6218252071044055,46.67259388828476,0.0026384074875984,"(46.324, 46.855]"
1434039,36.314940952662624,87.35148694775972,1434039,8.892755038303505,-0.5397679796879329,8.892755038303505,-0.5397679796879329,003534.26-003223.1,2.849218422305383,46.70328373754828,0.0031406081469036,0.0,-1.0,-27.02569652693557,9.523694038391113,2.849218422305383,46.70328373754828,0.0031406081469036,"(46.324, 46.855]"
1391073,82.3341586114396,215.3006230473228,1391073,40.60011794837072,1.0812510686128485,40.60011794837072,1.0812510686128485,024224.02+010452.5,2.4428923296316762,46.77788478322265,0.0053127602744673,46.214442038418426,0.0399266922425667,-27.3383694165864,12.100809097290039,2.4428923296316762,46.77788478322265,0.0053127602744673,"(46.324, 46.855]"
1431852,34.30850798670789,263.2957841792078,1431852,10.523514737283769,-1.244914059149759,10.523514737283769,-1.244914059149759,004205.64-011441.6,2.4773259739966855,46.4697346131535,0.0033409652771858,0.0,-1.0,-25.89252283793373,5.5225443840026855,2.4773259739966855,46.4697346131535,0.0033409652771858,"(46.324, 46.855]"
1393522,13.879207850243365,134.82242764018486,1393522,38.85362117204852,-0.3882043357770577,38.85362117204852,-0.3882043357770577,023524.86-002317.5,2.3920803696513295,46.331488342499874,0.0116762086651966,45.9573379802426,0.0183519919467549,-26.337385792983667,3.7123663425445557,2.3920803696513295,46.331488342499874,0.0116762086651966,"(46.324, 46.855]"
1431625,67.21519084741468,162.82398246846404,1431625,10.661544930947947,-0.7072488259297167,10.661544930947947,-0.7072488259297167,004238.77-004226.0,2.8664965243863163,46.56058610095517,0.004474843867591,0.0,-1.0,-26.51972322667378,5.768054008483887,2.8664965243863163,46.56058610095517,0.004474843867591,"(46.324, 46.855]"
1414873,197.98845915868253,1221.2802018963223,1414873,23.574230053087888,-0.8433941574508237,23.574230053087888,-0.8433941574508237,013417.81-005036.2,2.2621867257650585,46.81451930004738,0.0030694111289406,46.48323376223217,0.002789557224041,-28.204644984216277,20.349689483642578,2.2621867257650585,46.81451930004738,0.0030694111289406,"(46.324, 46.855]"
1408717,35.076032832206785,69.88202925370072,1408717,28.036361249957903,-0.1588986631822179,28.036361249957903,-0.1588986631822179,015208.72-000932.0,2.521843876165156,46.49702565244,0.0029580803988089,0.0,-1.0,-26.981966187087913,6.832934856414795,2.521843876165156,46.49702565244,0.0029580803988089,"(46.324, 46.855]"
1442084,25.33198468424936,102.28159791265676,1442084,2.2088366811255185,0.2013112278261012,2.2088366811255185,0.2013112278261012,000850.12+001204.7,2.121381898442127,46.35546269885222,0.0037418365375039,45.650668808776096,0.078138082445335,-25.512603197659637,7.182865142822266,2.121381898442127,46.35546269885222,0.0037418365375039,"(46.324, 46.855]"
1447045,145.63482116672384,412.4807267856054,1447045,356.253905,-0.534307,356.253905,-0.534307,234500.93-003203.5,2.0116138211434977,46.523344685374795,0.0106071159038272,45.65229462755613,0.0167733214687331,-26.162635123884517,5.096201419830322,2.0116138211434977,46.523344685374795,0.0106071159038272,"(46.324, 46.855]"
1427972,169.81101220216703,531.2915139522682,1427972,13.512439291171669,0.9607660003909232,13.512439291171669,0.9607660003909232,005402.98+005738.7,2.4678827209104117,46.40381445155243,0.0027370885818704,0.0,-1.0,-26.599743696403575,7.054811477661133,2.4678827209104117,46.40381445155243,0.0027370885818704,"(46.324, 46.855]"
1412288,32.963125517168834,148.2867848493981,1412288,25.406124609457837,-0.9127765667256372,25.406124609457837,-0.9127765667256372,014137.46-005445.9,3.3365018965894437,46.47838159391264,0.0114370123154543,0.0,-1.0,-26.736413299928127,3.593484878540039,3.3365018965894437,46.47838159391264,0.0114370123154543,"(46.324, 46.855]"
1416717,332.55151733860265,923.1573670210322,1416717,22.239033858069945,0.8475055047395689,22.239033858069945,0.8475055047395689,012857.36+005051.0,2.611050497738492,46.60239186661171,0.0042591084167789,0.0,-1.0,-25.8317044734834,9.967982292175293,2.611050497738492,46.60239186661171,0.0042591084167789,"(46.324, 46.855]"
1396159,42.46232220800917,95.65161714964124,1396159,37.070568042459286,-0.9108279174639324,37.070568042459286,-0.9108279174639324,022816.93-005438.9,2.318891831861131,46.36233333206857,0.0051227716633341,45.81536615369338,0.016892476149394,-25.85619112816036,5.716759204864502,2.318891831861131,46.36233333206857,0.0051227716633341,"(46.324, 46.855]"
1439199,188.7737462917869,482.4760828638308,1439199,4.651703350152559,-0.492519760267268,4.651703350152559,-0.492519760267268,001836.40-002933.0,1.853954308896943,46.72223236253263,0.0016076948035994,46.01042513349144,0.0016076948035994,-26.83003255211721,20.235389709472656,1.853954308896943,46.72223236253263,0.0016076948035994,"(46.324, 46.855]"
1401048,298.27551449586133,1131.950252920893,1401048,33.738362183988855,-1.0566168478689055,33.738362183988855,-1.0566168478689055,021457.20-010323.8,1.7718297064002337,46.546198726114355,0.0037811270470484,45.83439149707316,0.0037811270470484,-26.731454191710352,11.80103874206543,1.7718297064002337,46.546198726114355,0.0037811270470484,"(46.324, 46.855]"
1449362,11.31002325469612,51.24645502926022,1449362,351.8248057767573,0.0960518131784154,351.8248057767573,0.0960518131784154,232717.95+000545.7,3.6753480235778953,46.80755960599889,0.0069043124347594,0.0,-1.0,-27.408124997677717,4.6537251472473145,3.6753480235778953,46.80755960599889,0.0069043124347594,"(46.324, 46.855]"
1413867,119.55374143596394,564.2073000894425,1413867,24.28593557908408,-0.4107941919455299,24.28593557908408,-0.4107941919455299,013708.62-002438.8,1.220192096750911,46.48366230053339,0.0007410963180625,45.7718550714922,0.0007410963180625,-26.207987872807255,24.647689819335938,1.220192096750911,46.48366230053339,0.0007410963180625,"(46.324, 46.855]"
1460440,85.83802959916241,258.26103148662327,1460440,330.68927647570894,1.149692155999857,330.68927647570894,1.149692155999857,220245.42+010858.8,1.971799801542271,46.74250789900828,0.0027489665941935,46.03070066996709,0.0027489665941935,-21.45243283594383,18.836360931396484,1.971799801542271,46.74250789900828,0.0027489665941935,"(46.324, 46.855]"
1414501,78.21966970947506,203.39098651591183,1414501,23.810544057833223,-0.8886161586085882,23.810544057833223,-0.8886161586085882,013514.53-005319.0,2.10786106235917,46.67308985664411,0.0032868044808154,46.04554911293778,0.0047661253515443,-27.080840383245,13.953767776489258,2.10786106235917,46.67308985664411,0.0032868044808154,"(46.324, 46.855]"
1404710,57.48116013721928,127.76795780886788,1404710,31.19717784474585,0.2290662150332508,31.19717784474585,0.2290662150332508,020447.32+001344.6,2.445345604809306,46.41783818538119,0.0052289324613177,45.79633350756355,0.0315723047726166,-26.004482841712008,6.960458755493164,2.445345604809306,46.41783818538119,0.0052289324613177,"(46.324, 46.855]"
1449538,266.6189541300497,931.5808442022588,1449538,351.51856816505773,-1.1531390620633153,351.51856816505773,-1.1531390620633153,232604.45-010911.3,3.035391681542739,46.66155842532083,0.006740317584164,0.0,-1.0,-26.593165747788976,4.619741916656494,3.035391681542739,46.66155842532083,0.006740317584164,"(46.324, 46.855]"
1424908,112.49435693889464,295.7669302972359,1424908,15.976965556551548,0.2594820795372518,15.976965556551548,0.2594820795372518,010354.47+001534.1,2.735635348116461,46.688889867247234,0.0036559358618539,0.0,-1.0,-26.586768635445317,8.061766624450684,2.735635348116461,46.688889867247234,0.0036559358618539,"(46.324, 46.855]"
1418534,427.5257905011941,1356.7185505952411,1418534,20.916972776244407,1.0588901438034932,20.916972776244407,1.0588901438034932,012340.07+010332.0,1.3247129590850364,46.416198787064985,0.0017816092663593,45.704391558023794,0.0017816092663593,-25.937029000992595,18.707983016967773,1.3247129590850364,46.416198787064985,0.0017816092663593,"(46.324, 46.855]"
1435328,324.6754797050401,510.6175718284926,1435328,7.88103043763374,0.5722862251458957,7.88103043763374,0.5722862251458957,003131.44+003420.2,1.7314356004876579,46.712886048504544,0.0029957723565274,46.00107881946335,0.0029957723565274,-26.937080913910574,12.292984008789062,1.7314356004876579,46.712886048504544,0.0029957723565274,"(46.324, 46.855]"
1394963,137.51289356831336,404.78258231623226,1394963,37.852980630768336,0.1030811531860468,37.852980630768336,0.1030811531860468,023124.71+000611.0,1.5235471026847844,46.67490402238908,0.0015416491541806,45.96309679334789,0.0015416491541806,-26.65823142375663,25.307804107666016,1.5235471026847844,46.67490402238908,0.0015416491541806,"(46.324, 46.855]"
1428777,136.9731086617856,331.66190470923976,1428777,12.807025,0.633094,12.807025,0.633094,005113.68+003759.1,2.005511465702557,46.41890895846839,0.0126964553679194,45.54625481055727,0.0252614519989826,-25.839524127219992,3.4559919834136963,2.005511465702557,46.41890895846839,0.0126964553679194,"(46.324, 46.855]"
1460020,57.30961988534272,148.14174549022687,1460020,331.5533927232285,1.1980139102269638,331.5533927232285,1.1980139102269638,220612.81+011152.8,2.83375897321362,46.58431361793842,0.0040243762903706,0.0,-1.0,-25.964124222205733,5.279403209686279,2.83375897321362,46.58431361793842,0.0040243762903706,"(46.324, 46.855]"
1435678,229.874972850789,727.0806109040751,1435678,7.571313740652442,0.8997008915162081,7.571313740652442,0.8997008915162081,003017.11+005358.9,2.843599151818662,46.741208191061034,0.0031508081791535,0.0,-1.0,-26.904020286960613,9.050760269165039,2.843599151818662,46.741208191061034,0.0031508081791535,"(46.324, 46.855]"
1423328,18.96508211397741,105.66815706180112,1423328,17.173292248773137,1.1467460434595116,17.173292248773137,1.1467460434595116,010841.59+010848.2,2.9494793360833333,46.551949453607214,0.0061487656527141,0.0,-1.0,-26.753493846192036,6.0736870765686035,2.9494793360833333,46.551949453607214,0.0061487656527141,"(46.324, 46.855]"
1389516,47.91812338640657,306.9755385563751,1389516,41.618725972819306,-0.7492353066727672,41.618725972819306,-0.7492353066727672,024628.49-004457.2,2.1028820419924856,46.52966590907187,0.0040778365783609,45.7604449923561,0.0040029835764343,-26.116731660725595,14.37588882446289,2.1028820419924856,46.52966590907187,0.0040778365783609,"(46.324, 46.855]"
1419717,30.27930390460871,82.2573891843705,1419717,20.011081632754497,-1.0025852849298684,20.011081632754497,-1.0025852849298684,012002.65-010009.3,2.6491646504309814,46.4740609110785,0.0037350458717462,0.0,-1.0,-25.993145561458014,4.445785999298096,2.6491646504309814,46.4740609110785,0.0037350458717462,"(46.324, 46.855]"
1452281,279.49599329235366,446.2325127167802,1452281,346.351949,0.869377,346.351949,0.869377,230524.46+005209.7,1.8513310701021153,46.391459300137825,0.0129885755072187,45.67965207109663,0.0129885755072187,-26.152816413295916,5.403729438781738,1.8513310701021153,46.391459300137825,0.0129885755072187,"(46.324, 46.855]"
1394000,63.5909261572931,267.5997791241708,1394000,38.50052700164369,-1.1349564829129872,38.50052700164369,-1.1349564829129872,023400.12-010805.8,2.38742686828968,46.689564453899884,0.0027524785672028,46.13118699078272,0.0150181307236358,-27.147027612081438,10.223505020141602,2.38742686828968,46.689564453899884,0.0027524785672028,"(46.324, 46.855]"
1460545,17.187579257593185,65.70922985955771,1460545,330.49687495784184,1.1912927221176044,330.49687495784184,1.1912927221176044,220159.25+011128.6,3.1538701316308773,46.56618592865182,0.0053992818472288,0.0,-1.0,-26.45314951082858,3.271930694580078,3.1538701316308773,46.56618592865182,0.0053992818472288,"(46.324, 46.855]"
1440459,19.25537392994492,41.7611126920858,1440459,3.6347351847289815,0.4383284003739129,3.6347351847289815,0.4383284003739129,001432.33+002617.9,2.965254971166277,46.53079673875392,0.0037172712037261,0.0,-1.0,-26.763392518987352,6.525224685668945,2.965254971166277,46.53079673875392,0.0037172712037261,"(46.324, 46.855]"
1452698,84.85690724220026,171.11520191755804,1452698,345.548378,1.169984,345.548378,1.169984,230211.61+011011.9,2.088107027319388,46.41126835812561,0.008294857385465,0.0,-1.0,-26.3274605674016,5.23352575302124,2.088107027319388,46.41126835812561,0.008294857385465,"(46.324, 46.855]"
1402053,12.146363864302767,25.86317181782432,1402053,33.077663718268184,-0.0937407029788887,33.077663718268184,-0.0937407029788887,021218.63-000537.4,3.1534419851630444,46.49013837581687,0.012380178655313,0.0,-1.0,-26.328991083851747,3.133514642715454,3.1534419851630444,46.49013837581687,0.012380178655313,"(46.324, 46.855]"
1464281,32.10610358056065,99.26323893399892,1464281,323.5354264335235,1.1488434688387663,323.5354264335235,1.1488434688387663,213408.50+010855.8,3.2598191222950796,46.507203053364634,0.0118752974163953,0.0,-1.0,-26.837611763729676,4.1273579597473145,3.2598191222950796,46.507203053364634,0.0118752974163953,"(46.324, 46.855]"
1394842,23.14930846344993,68.62840937862602,1394842,37.93586967493621,0.9434828317857732,37.93586967493621,0.9434828317857732,023144.60+005636.5,2.6517153923353014,46.478320501059066,0.0051946533830786,0.0,-1.0,-25.66452519402195,5.449550151824951,2.6517153923353014,46.478320501059066,0.0051946533830786,"(46.324, 46.855]"
1405830,134.32761769757118,356.0772025240291,1405830,30.365157,-0.019071,30.365157,-0.019071,020127.63-000108.6,1.9460668213365708,46.45108282003703,0.0,45.698024101405885,0.0127562650887789,-26.18765445563244,6.400670051574707,1.9460668213365708,46.45108282003703,0.0,"(46.324, 46.855]"
1452832,24.24661566035485,50.01335287742641,1452832,345.3345985706274,0.664851002838116,345.3345985706274,0.664851002838116,230120.30+003953.4,3.2068908258245536,46.44447111471818,0.0094728309129266,0.0,-1.0,-26.0598980431494,3.481438159942627,3.2068908258245536,46.44447111471818,0.0094728309129266,"(46.324, 46.855]"
1445653,45.83444571471622,95.73893434688792,1445653,358.71100781748976,0.8069553877435159,358.71100781748976,0.8069553877435159,235450.64+004825.0,1.8650676567554918,46.61907410528964,0.0057695023261956,45.90726687624845,0.0057695023261956,-25.701384872744896,6.321115016937256,1.8650676567554918,46.61907410528964,0.0057695023261956,"(46.324, 46.855]"
1422699,26.09631098982608,77.68930203469965,1422699,17.68506689777397,0.1699752138889831,17.68506689777397,0.1699752138889831,011044.41+001011.9,2.649453288433092,46.325148552896,0.0056616376315403,0.0,-1.0,-26.318511805103924,4.409863471984863,2.649453288433092,46.325148552896,0.0056616376315403,"(46.324, 46.855]"
1393302,496.9378717615877,1504.984070193599,1393302,39.01574652973582,-0.513947645947277,39.01574652973582,-0.513947645947277,023603.77-003050.2,1.4093143208702312,46.665514874738754,0.0011778999239346,45.95370764569756,0.0011778999239346,-26.663303985254405,29.873950958251953,1.4093143208702312,46.665514874738754,0.0011778999239346,"(46.324, 46.855]"
1401987,44.16497196342135,110.50562196830838,1401987,33.12952189058511,0.4599847247384495,33.12952189058511,0.4599847247384495,021231.08+002735.9,2.9830647892318476,46.454526034041294,0.0045606591969509,0.0,-1.0,-25.390353298225715,3.9359912872314453,2.9830647892318476,46.454526034041294,0.0045606591969509,"(46.324, 46.855]"
1460906,102.20634031271608,547.0931721059433,1460906,329.79593844895106,1.0038523472579468,329.79593844895106,1.0038523472579468,215911.02+010013.8,2.257284592036454,46.440913833779355,0.005232532622422,46.15859383900611,0.0091982285450988,-26.933989961884613,10.532336235046387,2.257284592036454,46.440913833779355,0.005232532622422,"(46.324, 46.855]"
1433682,280.5424927832468,806.2097304198614,1433682,9.140380223195224,0.8390926196994276,9.140380223195224,0.8390926196994276,003633.69+005020.7,2.175786201383777,46.693872169020395,0.0045853654820824,45.68588904377671,0.0114512807640529,-26.225819633648246,9.729317665100098,2.175786201383777,46.693872169020395,0.0045853654820824,"(46.324, 46.855]"
1448013,60.38477382702958,209.99286820874804,1448013,354.32532,0.430744,354.32532,0.430744,233718.07+002550.6,2.053773209670962,46.8032446607983,0.005576128100472,46.097087396183454,0.0067199822407353,-26.7013363001411,9.107071876525879,2.053773209670962,46.8032446607983,0.005576128100472,"(46.324, 46.855]"
1394352,35.70060254210646,128.42170431227876,1394352,38.26345488851146,-1.246349875174761,38.26345488851146,-1.246349875174761,023303.22-011446.8,2.504790136639416,46.83160787492318,0.0033679519392677,0.0,-1.0,-27.178579859986435,14.349386215209961,2.504790136639416,46.83160787492318,0.0033679519392677,"(46.324, 46.855]"
1450490,204.8376720264052,637.5998728587095,1450490,349.71164561124044,0.4312716240761474,349.71164561124044,0.4312716240761474,231850.79+002552.5,1.590511372260256,46.641825826108565,0.0013851848581367,45.930018597067374,0.0013851848581367,-26.3533846422026,19.932056427001953,1.590511372260256,46.641825826108565,0.0013851848581367,"(46.324, 46.855]"
1397643,38.54430196253599,136.69374239085008,1397643,36.043286,-1.195874,36.043286,-1.195874,022410.38-011145.1,1.951683717693281,46.44188416149395,0.0170639414100541,45.54579896630352,0.0167501451369389,-26.040017434392656,4.889472007751465,1.951683717693281,46.44188416149395,0.0170639414100541,"(46.324, 46.855]"
1398838,314.4723795910151,651.236146796561,1398838,35.25683523890889,0.6051976910205868,35.25683523890889,0.6051976910205868,022101.64+003618.7,2.453196627801956,46.73134948798248,0.0021555918366154,46.16330703540528,0.0082350939277304,-26.926745417258044,12.90221881866455,2.453196627801956,46.73134948798248,0.0021555918366154,"(46.324, 46.855]"
1465498,54.07898603627255,329.4965899364454,1465498,321.3393377980956,0.4851519186620105,321.3393377980956,0.4851519186620105,212521.44+002906.5,1.9592542679255291,46.544834120310114,0.0032991878445258,45.83302689126892,0.0032991878445258,-26.561757169489614,13.923254013061523,1.9592542679255291,46.544834120310114,0.0032991878445258,"(46.324, 46.855]"
1437258,36.66672069494098,122.201008753613,1437258,6.290274994081507,-0.6752740230341279,6.290274994081507,-0.6752740230341279,002509.66-004030.9,2.2108517080621324,46.505145847913454,0.0049663184348105,45.76134703801321,0.0089910757610702,-26.857196709759833,8.047513008117676,2.2108517080621324,46.505145847913454,0.0049663184348105,"(46.324, 46.855]"
1447855,81.78142110677877,161.0554716434287,1447855,354.597531,0.926261,354.597531,0.926261,233823.40+005534.5,2.08237364072128,46.579722920213385,0.0063164808501738,0.0,-1.0,-26.113681561981473,5.71735143661499,2.08237364072128,46.579722920213385,0.0063164808501738,"(46.324, 46.855]"
1405742,340.6656223814737,672.7754431245992,1405742,30.431195,0.539658,30.431195,0.539658,020143.48+003222.7,2.299143638853558,46.696453823620516,0.0049139813499081,0.0,-1.0,-26.637314070457474,6.39933443069458,2.299143638853558,46.696453823620516,0.0049139813499081,"(46.324, 46.855]"
1426617,227.56233998999016,548.6215302687732,1426617,14.598800259951544,-0.0059260034094476,14.598800259951544,-0.0059260034094476,005823.71-000021.3,2.8251822368006256,46.43871610800573,0.0055548565117327,0.0,-1.0,-26.840522217549907,5.955201625823975,2.8251822368006256,46.43871610800573,0.0055548565117327,"(46.324, 46.855]"
1452447,37.57750447796571,127.52586590305845,1452447,346.03822741494423,-0.2193186607905071,346.03822741494423,-0.2193186607905071,230409.17-001309.5,2.009439610373362,46.50001105351984,0.0034494202900425,45.75508040872207,0.004681710433374,-26.177346387257284,10.241318702697754,2.009439610373362,46.50001105351984,0.0034494202900425,"(46.324, 46.855]"
1449137,79.41637068433644,193.641160422739,1449137,352.2347887877536,-0.5032654980779234,352.2347887877536,-0.5032654980779234,232856.34-003011.7,2.2663841462689502,46.417573160541316,0.0036422890349179,45.69868037142258,0.023340084457061,-26.504874095142483,5.337775707244873,2.2663841462689502,46.417573160541316,0.0036422890349179,"(46.324, 46.855]"
1449139,22.75913723639737,166.91956589042027,1449139,352.23240435769776,-0.7034070981653406,352.23240435769776,-0.7034070981653406,232855.77-004212.2,2.2037763135090542,46.32873598544158,0.0060852501869099,45.81010333680214,0.0068000854759375,-26.328933730872823,7.423893451690674,2.2037763135090542,46.32873598544158,0.0060852501869099,"(46.324, 46.855]"
1446392,102.44333490905328,1147.3813276980295,1446392,357.47749852928905,-1.1652400053987848,357.47749852928905,-1.1652400053987848,234954.59-010954.8,0.7674021988998744,46.43201468207041,0.0022337575861364,45.72020745302922,0.0022337575861364,-26.14794004860961,45.37559127807617,0.7674021988998744,46.43201468207041,0.0022337575861364,"(46.324, 46.855]"
1395181,97.95339577346842,196.80042645718584,1395181,37.71304627409664,0.7247302201713793,37.71304627409664,0.7247302201713793,023051.13+004329.0,2.412350865364577,46.44091973300485,0.0030096952027456,45.68887266275215,0.0298448577047309,-26.25771597965053,7.648182392120361,2.412350865364577,46.44091973300485,0.0030096952027456,"(46.324, 46.855]"
1433809,650.8713608051834,1378.158201783525,1433809,9.055782389550586,-0.5174893593447882,9.055782389550586,-0.5174893593447882,003613.38-003102.9,1.636582576127534,46.62834057257126,0.0022639565293154,45.91653334353007,0.0022639565293154,-26.234686098103364,13.943514823913574,1.636582576127534,46.62834057257126,0.0022639565293154,"(46.324, 46.855]"
1428443,169.89897534297742,574.3294977285149,1428443,13.10512523510556,-0.6179925224908932,13.10512523510556,-0.6179925224908932,005225.23-003704.7,1.4031508395900651,46.528620475257505,0.0021293951621075,45.81681324621631,0.0021293951621075,-26.725604465205304,14.75713062286377,1.4031508395900651,46.528620475257505,0.0021293951621075,"(46.324, 46.855]"
1424719,208.455286800702,557.1163021851762,1424719,16.127678230618283,-1.1044675853430614,16.127678230618283,-1.1044675853430614,010430.64-010616.0,2.222082941325826,46.441895340849264,0.007261790248183,45.599766794723294,0.0148595267156679,-25.062516474592087,6.298393726348877,2.222082941325826,46.441895340849264,0.007261790248183,"(46.324, 46.855]"
1444538,23.046724713455635,493.0546690340013,1444538,0.23706,-1.069387,0.23706,-1.069387,000056.89-010409.7,2.1099200906364985,46.377890213638956,0.0158721746328431,0.0,-1.0,-26.717966181026277,4.365672588348389,2.1099200906364985,46.377890213638956,0.0158721746328431,"(46.324, 46.855]"
1393315,95.78962178106693,227.56030453719768,1393315,39.00412131608834,-1.212988253297495,39.00412131608834,-1.212988253297495,023600.98-011246.7,2.185841812021571,46.478719180752094,0.005058608800077,45.646265791299136,0.0112324230903659,-25.897759859734222,6.580323696136475,2.185841812021571,46.478719180752094,0.005058608800077,"(46.324, 46.855]"
1429996,34.13253084395888,138.92623032517952,1429996,11.837771924852364,0.1589683184563105,11.837771924852364,0.1589683184563105,004721.06+000932.2,3.591428954795318,46.624196824961274,0.0065068904669836,0.0,-1.0,-26.758044054391316,3.8989696502685547,3.591428954795318,46.624196824961274,0.0065068904669836,"(46.324, 46.855]"
1434189,83.45646446511871,275.8173544915086,1434189,8.778152479270247,-1.1476342422532877,8.778152479270247,-1.1476342422532877,003506.75-010851.4,1.4782430773837012,46.52492105382763,0.0016554443927958,45.81311382478644,0.0016554443927958,-26.255816435938403,16.278318405151367,1.4782430773837012,46.52492105382763,0.0016554443927958,"(46.324, 46.855]"
1453249,140.79901560662717,322.33367110072754,1453249,344.5657208211588,-0.5550494012489688,344.5657208211588,-0.5550494012489688,225815.77-003318.1,2.43740626636525,46.69638607617757,0.0016295758553646,45.84289195966252,0.0226529957043126,-27.04938908614196,10.629179000854492,2.43740626636525,46.69638607617757,0.0016295758553646,"(46.324, 46.855]"
1424402,12.31257402907714,26.716625752787017,1424402,16.364988615377158,-0.4929667906103167,16.364988615377158,-0.4929667906103167,010527.59-002934.6,3.4976140399996343,46.44370986778141,0.0072776335192799,0.0,-1.0,-26.54709143510969,4.180596351623535,3.4976140399996343,46.44370986778141,0.0072776335192799,"(46.324, 46.855]"
1403955,57.683499276059365,156.02837714737453,1403955,31.72553754439917,-0.750613416179172,31.72553754439917,-0.750613416179172,020654.12-004502.2,2.6157371653555974,46.35879985416123,0.0062179423640245,0.0,-1.0,-25.77785937673766,3.9250874519348145,2.6157371653555974,46.35879985416123,0.0062179423640245,"(46.324, 46.855]"
1411387,33.673847530135696,212.95948166778484,1411387,26.029612596055017,1.1317022850430298,26.029612596055017,1.1317022850430298,014407.10+010754.1,2.5840001690718832,46.35394288213944,0.0071858926997627,0.0,-1.0,-25.982935250581118,4.363607883453369,2.5840001690718832,46.35394288213944,0.0071858926997627,"(46.324, 46.855]"
1444070,138.47708929158532,443.5482001481752,1444070,0.6087508017235592,0.0969791395548659,0.6087508017235592,0.0969791395548659,000226.10+000549.1,1.6587668339602946,46.65761563186939,0.0023775247082298,45.9458084028282,0.0023775247082298,-26.791804248269763,19.907499313354492,1.6587668339602946,46.65761563186939,0.0023775247082298,"(46.324, 46.855]"
1420800,99.32190641999634,185.0735999371963,1420800,19.244235,-0.342967,19.244235,-0.342967,011658.61-002034.6,2.1806064287264535,46.51465588793484,0.0102104223428014,0.0,-1.0,-26.73810769322469,5.386776924133301,2.1806064287264535,46.51465588793484,0.0102104223428014,"(46.324, 46.855]"
1393494,56.07279344925496,241.77824619612724,1393494,38.875483,0.225146,38.875483,0.225146,023530.11+001330.5,1.9377390474585854,46.408994192485736,0.0,45.67345320773399,0.0125538280489685,-26.251440027036537,5.516295433044434,1.9377390474585854,46.408994192485736,0.0,"(46.324, 46.855]"
1445326,105.50066857542248,412.88453675140255,1445326,359.208042596681,1.0920780977370372,359.208042596681,1.0920780977370372,235649.93+010531.4,1.000124015296476,46.4559298496908,0.0005937167249143,45.744122620649605,0.0005937167249143,-26.170717049618112,34.01157760620117,1.000124015296476,46.4559298496908,0.0005937167249143,"(46.324, 46.855]"
1431680,27.68958957569517,102.95294331841224,1431680,10.62153471293948,0.2309039434916145,10.62153471293948,0.2309039434916145,004229.16+001351.2,3.337093886137745,46.34319522117383,0.0157026841836369,0.0,-1.0,-25.23202232890657,3.0219662189483643,3.337093886137745,46.34319522117383,0.0157026841836369,"(46.324, 46.855]"
1393800,64.69760027197975,200.21160619812065,1393800,38.64774177623821,0.4925699137530978,38.64774177623821,0.4925699137530978,023435.45+002933.2,3.1836219720867445,46.691491246308104,0.0050721216035185,0.0,-1.0,-26.722907352055643,6.267929553985596,3.1836219720867445,46.691491246308104,0.0050721216035185,"(46.324, 46.855]"
1459206,176.4012715985172,543.6550489841795,1459206,333.0782302380531,1.0377621704687958,333.0782302380531,1.0377621704687958,221218.77+010215.9,3.099950468368803,46.68640802401969,0.00330554107137,0.0,-1.0,-26.954961472468558,7.208182334899902,3.099950468368803,46.68640802401969,0.00330554107137,"(46.324, 46.855]"
1395191,922.5223087658568,2639.2148760751697,1395191,37.70860654761185,0.9786625103449248,37.70860654761185,0.9786625103449248,023050.06+005843.1,1.444872563030042,46.78790902701364,0.0015541215199803,46.07610179797245,0.0015541215199803,-26.898942272733745,32.7333984375,1.444872563030042,46.78790902701364,0.0015541215199803,"(46.324, 46.855]"
1446362,298.9281768977169,1931.0738109709623,1446362,357.52609492309,-0.1593392049643553,357.52609492309,-0.1593392049643553,235006.26-000933.6,1.1919691485379227,46.650390719361035,0.000999685181025,45.93858349031984,0.000999685181025,-26.530608374771724,36.713191986083984,1.1919691485379227,46.650390719361035,0.000999685181025,"(46.324, 46.855]"
1437465,96.53980772544392,629.6694008544849,1437465,6.107648,0.010136,6.107648,0.010136,002425.83+000036.4,1.7815853072192236,46.36450847087527,0.0085832826681482,45.65270124183408,0.0085832826681482,-26.16751631153984,5.910149097442627,1.7815853072192236,46.36450847087527,0.0085832826681482,"(46.324, 46.855]"
1399541,51.83642608723157,234.9339074682262,1399541,34.757837019602746,-1.0923169225920788,34.757837019602746,-1.0923169225920788,021901.88-010532.3,3.0408201943045827,46.73741835525561,0.0031221580961542,0.0,-1.0,-26.644286213226966,7.421711444854736,3.0408201943045827,46.73741835525561,0.0031221580961542,"(46.324, 46.855]"
1438174,23.275109153768994,101.92832707298646,1438174,5.545902572326895,0.2431417691708964,5.545902572326895,0.2431417691708964,002211.01+001435.3,2.7560162616181785,46.37378335879628,0.0049291348501725,0.0,-1.0,-26.240045153300745,5.400979995727539,2.7560162616181785,46.37378335879628,0.0049291348501725,"(46.324, 46.855]"
1413833,841.4777904091391,1403.293545691563,1413833,24.316179808977665,0.3083584886530772,24.316179808977665,0.3083584886530772,013715.88+001830.0,1.4967962363285081,46.695577397377534,0.0014343336356752,45.98377016833634,0.0014343336356752,-26.891474176030318,24.56304359436035,1.4967962363285081,46.695577397377534,0.0014343336356752,"(46.324, 46.855]"
1409754,353.78598330595594,1135.9223359217622,1409754,27.23054560599013,0.4096921142936515,27.23054560599013,0.4096921142936515,014855.33+002434.8,1.696808794997438,46.59670329065962,0.0032831190822761,45.88489606161843,0.0032831190822761,-26.87177764744129,11.654053688049316,1.696808794997438,46.59670329065962,0.0032831190822761,"(46.324, 46.855]"
1430122,1095.668581229707,2297.39893914203,1430122,11.750319483319004,-0.0493994147563163,11.750319483319004,-0.0493994147563163,004700.07-000257.8,1.6876907483515182,46.40754036849064,0.0026488102571917,45.69573313944945,0.0026488102571917,-25.844656717152077,9.518035888671875,1.6876907483515182,46.40754036849064,0.0026488102571917,"(46.324, 46.855]"
1423941,488.5071235500625,2132.082632050283,1423941,16.70015635250644,0.7743606753804145,16.70015635250644,0.7743606753804145,010648.03+004627.6,1.883316233500985,46.65096997352939,0.003836049035975,45.9391627444882,0.003836049035975,-27.20607718900329,13.440462112426758,1.883316233500985,46.65096997352939,0.003836049035975,"(46.324, 46.855]"
1432257,14.660947058622323,67.04119631873353,1432257,10.220227477220112,-1.123578868024632,10.220227477220112,-1.123578868024632,004052.85-010724.8,3.6597536294377244,46.625089961889444,0.0213651358766213,0.0,-1.0,-26.84183108546167,3.8095383644104004,3.6597536294377244,46.625089961889444,0.0213651358766213,"(46.324, 46.855]"
1388264,12.793813567298226,20.65838978399974,1388264,42.50247760897624,-0.4086225461810711,42.50247760897624,-0.4086225461810711,025000.59-002431.0,2.7826765762847265,46.47449986890095,0.0047116043245516,0.0,-1.0,-26.732224038843146,5.855403900146484,2.7826765762847265,46.47449986890095,0.0047116043245516,"(46.324, 46.855]"
1464912,26.75549077926517,93.61615277006167,1464912,322.3826686186544,-0.55658134812837,322.3826686186544,-0.55658134812837,212931.84-003323.6,2.226554134801705,46.36292241315411,0.0036167973941054,45.66159184795315,0.0071166685486865,-25.91492604667031,7.582773685455322,2.226554134801705,46.36292241315411,0.0036167973941054,"(46.324, 46.855]"
1448061,78.84921955599721,190.472919474603,1448061,354.244859,0.345667,354.244859,0.345667,233658.76+002044.4,1.9326632701043907,46.437250363112184,0.0,45.654698427457056,0.0151587923414702,-25.989485322291223,5.876974105834961,1.9326632701043907,46.437250363112184,0.0,"(46.324, 46.855]"
1442744,28.60077955772357,190.72346216378045,1442744,1.691601,-0.81116,1.691601,-0.81116,000645.98-004840.1,2.005477119165794,46.329812080119,0.0129343806286286,45.69791575776465,0.0164442227501773,-26.40738982795583,4.824800491333008,2.005477119165794,46.329812080119,0.0129343806286286,"(46.324, 46.855]"
1419318,271.8586405860457,889.4270162088725,1419318,20.31062070538826,-1.025130801549561,20.31062070538826,-1.025130801549561,012114.54-010130.4,1.5020172268229635,46.62962777501593,0.0018583226257433,45.91782054597474,0.0018583226257433,-26.280993312562654,15.798896789550781,1.5020172268229635,46.62962777501593,0.0018583226257433,"(46.324, 46.855]"
1401423,14.1709296250527,102.71771315881377,1401423,33.49764332084939,-0.5132601397775365,33.49764332084939,-0.5132601397775365,021359.43-003047.7,3.308044052752967,46.459781654566264,0.0076406981770666,0.0,-1.0,-25.961612958179575,3.4755308628082275,3.308044052752967,46.459781654566264,0.0076406981770666,"(46.324, 46.855]"
1428803,186.07795343453185,696.6708616767423,1428803,12.783654,0.154603,12.783654,0.154603,005108.07+000916.5,1.8423751791897136,46.45738204870367,0.0069623719613218,45.74557481966248,0.0069623719613218,-26.298120263882517,8.159232139587402,1.8423751791897136,46.45738204870367,0.0069623719613218,"(46.324, 46.855]"
1410086,238.1688179852752,404.6722116297676,1410086,26.993521,0.581932,26.993521,0.581932,014758.44+003454.9,1.9177206838136982,46.494420860512754,0.0,45.64968901660283,0.0120243655952094,-26.032816190271014,6.311820030212402,1.9177206838136982,46.494420860512754,0.0,"(46.324, 46.855]"
1392264,107.23391270309912,400.969351321455,1392264,39.80298033170948,-0.8722618326867791,39.80298033170948,-0.8722618326867791,023912.71-005220.1,1.5887667520313775,46.44643154804088,0.002249105232412,45.734624318999685,0.002249105232412,-26.119936149413626,15.06071662902832,1.5887667520313775,46.44643154804088,0.002249105232412,"(46.324, 46.855]"
1419538,52.347498393108914,244.9873056128665,1419538,20.13810729900598,-0.7171673727764386,20.13810729900598,-0.7171673727764386,012033.14-004301.8,1.7183416804538438,46.34801080528553,0.0032054182562966,45.63620357624434,0.0032054182562966,-26.482097702804978,7.0552849769592285,1.7183416804538438,46.34801080528553,0.0032054182562966,"(46.324, 46.855]"
1421567,476.4909324271061,1107.9616163698636,1421567,18.630973185566106,-0.1868156908281028,18.630973185566106,-0.1868156908281028,011431.43-001112.5,1.8366754425939815,46.386574869192444,0.0019508639460852,45.67476764015125,0.0019508639460852,-25.843679734287043,12.477415084838867,1.8366754425939815,46.386574869192444,0.0019508639460852,"(46.324, 46.855]"
1461156,56.66580100205881,144.1888426317568,1461156,329.3636014012263,0.2662318027814155,329.3636014012263,0.2662318027814155,215727.26+001558.4,2.557118171934397,46.36002820327554,0.0045512359975958,0.0,-1.0,-26.109093541976264,5.5467987060546875,2.557118171934397,46.36002820327554,0.0045512359975958,"(46.324, 46.855]"
1412697,131.3878926872396,242.3761329558232,1412697,25.14488,-0.601335,25.14488,-0.601335,014034.77-003604.8,1.7275776310361721,46.347109966075244,0.0053545224818059,45.63530273703405,0.0053545224818059,-26.142584367776326,6.040326118469238,1.7275776310361721,46.347109966075244,0.0053545224818059,"(46.324, 46.855]"
1444610,27.549729721652188,81.74497750637164,1444610,0.174499536439157,-0.2020205461667788,0.174499536439157,-0.2020205461667788,000041.87-001207.2,3.062103027885867,46.82883611724608,0.0046270113556943,0.0,-1.0,-27.436503976971103,7.858954906463623,3.062103027885867,46.82883611724608,0.0046270113556943,"(46.324, 46.855]"
1394705,240.27972604360843,736.1808445371774,1394705,38.02123943465301,1.1112062612712548,38.02123943465301,1.1112062612712548,023205.09+010640.3,1.2727987928898277,46.77623793884639,0.0008383292374247,46.0644307098052,0.0008383292374247,-27.203605564732065,31.900146484375,1.2727987928898277,46.77623793884639,0.0008383292374247,"(46.324, 46.855]"
1445309,152.08091281058236,337.1584712208993,1445309,359.2411522517772,-0.1922507023027373,359.2411522517772,-0.1922507023027373,235657.87-001132.1,2.2626612183829042,46.671292886315904,0.0019935250720379,45.843206670430064,0.0082725049938403,-27.11536732099507,11.096444129943848,2.2626612183829042,46.671292886315904,0.0019935250720379,"(46.324, 46.855]"
1447160,27.420416314934585,140.0681057199919,1447160,356.008681574414,0.0679375021895125,356.008681574414,0.0679375021895125,234402.08+000404.5,3.178744202278114,46.5374854761391,0.0073762179698917,0.0,-1.0,-26.742629551749936,3.9998209476470947,3.178744202278114,46.5374854761391,0.0073762179698917,"(46.324, 46.855]"
1435769,93.42172736911894,335.16842128536985,1435769,7.507249,-1.185728,7.507249,-1.185728,003001.73-011108.6,1.636939857162596,46.342728362719555,0.0073029669013529,45.63092113367836,0.0073029669013529,-25.76447774893523,5.613732814788818,1.636939857162596,46.342728362719555,0.0073029669013529,"(46.324, 46.855]"
1426978,158.40094475404274,390.797787362963,1426978,14.297640587900071,-0.3335276072094823,14.297640587900071,-0.3335276072094823,005711.43-002000.6,2.768037915121006,46.74345017221752,0.002518822284788,0.0,-1.0,-26.989519041291395,8.663992881774902,2.768037915121006,46.74345017221752,0.002518822284788,"(46.324, 46.855]"
1420704,319.5617045537111,974.8717003080134,1420704,19.316232,0.666002,19.316232,0.666002,011715.89+003957.6,1.7623008057529521,46.39753006154586,0.0079512970839807,45.685722832504666,0.0079512970839807,-26.188950542914036,6.662815570831299,1.7623008057529521,46.39753006154586,0.0079512970839807,"(46.324, 46.855]"
1390545,90.3085920720796,443.0665585155846,1390545,40.9563112052347,-0.1522545995965555,40.9563112052347,-0.1522545995965555,024349.51-000908.1,2.0645762894897572,46.33513704604368,0.0031201426017943,45.545541673356375,0.0088250897945378,-26.195755864825543,8.727151870727539,2.0645762894897572,46.33513704604368,0.0031201426017943,"(46.324, 46.855]"
1450265,335.00513701119974,1457.325437300003,1450265,350.15830018929114,0.5277107468667466,350.15830018929114,0.5277107468667466,232037.99+003139.7,1.9052245751911823,46.82676047354367,0.0018880744831761,46.11495324450248,0.0018880744831761,-26.877892943287385,22.86452293395996,1.9052245751911823,46.82676047354367,0.0018880744831761,"(46.324, 46.855]"
1455945,77.0288875051397,209.96838545177883,1455945,339.22990979529254,-0.5859830588208844,339.22990979529254,-0.5859830588208844,223655.17-003509.5,2.6909589786115786,46.47005739019716,0.0035797752434199,0.0,-1.0,-26.694209142105503,5.9528703689575195,2.6909589786115786,46.47005739019716,0.0035797752434199,"(46.324, 46.855]"
1427163,136.30634851540486,452.507729527348,1427163,14.141163,-0.440361,14.141163,-0.440361,005633.87-002625.2,1.7019157942539593,46.484261182644865,0.0058195675582837,45.77245395360367,0.0058195675582837,-25.996593332938723,5.6644110679626465,1.7019157942539593,46.484261182644865,0.0058195675582837,"(46.324, 46.855]"
1419322,152.33159491274296,465.58999952975614,1419322,20.30915105321276,-1.053001913731842,20.30915105321276,-1.053001913731842,012114.19-010310.8,1.8973494187258155,46.735462856075834,0.0031436128187856,46.02365562703464,0.0031436128187856,-26.482783812118072,11.270578384399414,1.8973494187258155,46.735462856075834,0.0031436128187856,"(46.324, 46.855]"
1433312,23.285088759467712,111.13355148970714,1433312,9.4425536496334,-1.2456308423389493,9.4425536496334,-1.2456308423389493,003746.21-011444.2,2.679965926002557,46.330504388218614,0.0029831593914018,0.0,-1.0,-26.149099806060786,4.974764823913574,2.679965926002557,46.330504388218614,0.0029831593914018,"(46.324, 46.855]"
1442123,744.7239410970022,2844.4333673192905,1442123,2.1835015280328207,0.2503116152187988,2.1835015280328207,0.2503116152187988,000844.04+001501.1,2.3840808016001125,46.83036207779761,0.0023754788914942,46.32496870460778,0.0100560755373422,-27.235647922071188,13.476156234741211,2.3840808016001125,46.83036207779761,0.0023754788914942,"(46.324, 46.855]"
1448683,628.1150544019744,1870.9833813613905,1448683,353.122476,1.053567,353.122476,1.053567,233229.39+010312.8,1.7004182418952036,46.39985337694374,0.0065183002545907,45.68804614790255,0.0065183002545907,-26.201634593984387,6.247696876525879,1.7004182418952036,46.39985337694374,0.0065183002545907,"(46.324, 46.855]"
1460254,66.67523534097035,225.00837770482903,1460254,331.0362331736457,0.913708381696498,331.0362331736457,0.913708381696498,220408.69+005449.3,2.106688520751972,46.39256719733665,0.0050224409568322,45.759622651330126,0.0071891972532078,-26.187770715423664,10.249340057373047,2.106688520751972,46.39256719733665,0.0050224409568322,"(46.324, 46.855]"
1445607,320.8581458274558,1758.668526600428,1445607,358.7919782416709,0.1172082472751475,358.7919782416709,0.1172082472751475,235510.07+000701.9,1.4491927424065363,46.43651204306506,0.0034149807192136,45.724704814023866,0.0034149807192136,-24.978457289939836,14.089399337768555,1.4491927424065363,46.43651204306506,0.0034149807192136,"(46.324, 46.855]"
1448406,625.877623150808,1669.7789427669004,1448406,353.6605999406702,0.3949750661800498,353.6605999406702,0.3949750661800498,233438.54+002341.9,1.39019945196886,46.328271857830345,0.0023109169815604,45.61646462878915,0.0023109169815604,-26.311328128932285,14.175806045532227,1.39019945196886,46.328271857830345,0.0023109169815604,"(46.324, 46.855]"
1416856,130.1185671233455,322.9244787645948,1416856,22.15621554968004,1.2144968564750598,22.15621554968004,1.2144968564750598,012837.49+011252.1,2.3770690502825924,46.80845425498728,0.0015334681504306,46.09949141875469,0.0086750909341475,-26.96092943706389,14.75240707397461,2.3770690502825924,46.80845425498728,0.0015334681504306,"(46.324, 46.855]"
1429241,66.43932304792557,358.38378028540245,1429241,12.44537513112878,-0.6707253838228845,12.44537513112878,-0.6707253838228845,004946.89-004014.6,2.291228691861295,46.68776326069246,0.0026050235696715,45.839129295182666,0.0167995405187966,-26.639439946584048,7.626416206359863,2.291228691861295,46.68776326069246,0.0026050235696715,"(46.324, 46.855]"
1438024,96.53745542428496,300.2921543775423,1438024,5.667394664303572,1.2246250133413077,5.667394664303572,1.2246250133413077,002240.17+011328.6,2.886511792581873,46.65802409681193,0.0026625579305559,0.0,-1.0,-26.382203336808836,6.770110130310059,2.886511792581873,46.65802409681193,0.0026625579305559,"(46.324, 46.855]"
1411141,60.77604346435067,127.74420520597066,1411141,26.200970497819696,0.3656765361282886,26.200970497819696,0.3656765361282886,014448.23+002156.4,2.431442751193511,46.665692922533694,0.0021817476611687,45.971841495836976,0.023892465786254,-26.53201712502995,9.596160888671875,2.431442751193511,46.665692922533694,0.0021817476611687,"(46.324, 46.855]"
1425979,179.84161194997287,436.28041236754495,1425979,15.142985323299015,1.0891020281013073,15.142985323299015,1.0891020281013073,010034.31+010520.7,2.2719668844787244,46.532637221568855,0.0037446763538078,45.97774849448791,0.0084850041168813,-26.485629625491555,10.541221618652344,2.2719668844787244,46.532637221568855,0.0037446763538078,"(46.324, 46.855]"
1406580,187.49828601044155,379.76289141315664,1406580,29.76197,1.071272,29.76197,1.071272,015902.87+010416.5,1.810166215991224,46.57968518891253,0.0057932954560371,45.867877959871336,0.0057932954560371,-26.37706384997266,7.361612796783447,1.810166215991224,46.57968518891253,0.0057932954560371,"(46.324, 46.855]"
1451895,103.70781835250578,160.8987546913335,1451895,347.149848,-0.148016,347.149848,-0.148016,230835.96-000852.8,2.0782305248924553,46.615326398391744,0.0054835020895964,0.0,-1.0,-26.478493509679765,6.668094635009766,2.0782305248924553,46.615326398391744,0.0054835020895964,"(46.324, 46.855]"
1427560,28.973308987825565,88.7387200180958,1427560,13.848889239144867,-0.2735330651707196,13.848889239144867,-0.2735330651707196,005523.73-001624.7,2.8502356397331754,46.425757538202554,0.0070345831142688,0.0,-1.0,-26.112503156688806,4.888432502746582,2.8502356397331754,46.425757538202554,0.0070345831142688,"(46.324, 46.855]"
1447777,57.93520864100578,179.26868921217164,1447777,354.7242083848174,-0.9897101676815188,354.7242083848174,-0.9897101676815188,233853.81-005922.9,2.8053800247512215,46.69984301337171,0.0027125008586068,0.0,-1.0,-26.506655616472372,9.130449295043945,2.8053800247512215,46.69984301337171,0.0027125008586068,"(46.324, 46.855]"
1451546,36.785925391696665,86.2582751775733,1451546,347.7892176588083,0.4579190949791127,347.7892176588083,0.4579190949791127,231109.41+002728.5,2.210903269323515,46.41526010224208,0.0027865555798882,45.70140023195871,0.0068907202011807,-25.91672174237511,8.20987319946289,2.210903269323515,46.41526010224208,0.0027865555798882,"(46.324, 46.855]"
1444831,10.413588543362,45.32755894983714,1444831,359.98775464225787,-0.378831747601742,359.98775464225787,-0.378831747601742,235957.06-002243.7,3.6956703375968396,46.58907275143036,0.0360697975964221,0.0,-1.0,-26.783508019038536,3.099684953689575,3.6956703375968396,46.58907275143036,0.0360697975964221,"(46.324, 46.855]"
1392182,646.5173069791749,1902.1837746553344,1392182,39.862643,0.28163,39.862643,0.28163,023927.03+001653.8,1.0140465891785666,46.33654815516584,0.0013651847900746,45.62474092612465,0.0013651847900746,1.0,18.56169319152832,1.0140465891785666,46.33654815516584,0.0013651847900746,"(46.324, 46.855]"
1450901,120.66663242654964,360.2510711469352,1450901,348.9864013064838,0.833312219531519,348.9864013064838,0.833312219531519,231556.73+004959.9,2.520028144019326,46.66324595502512,0.002619949656907,0.0,-1.0,-26.72820366947405,11.394391059875488,2.520028144019326,46.66324595502512,0.002619949656907,"(46.324, 46.855]"
1450445,275.2826706963548,565.7300872998503,1450445,349.80140333704696,0.983480061578194,349.80140333704696,0.983480061578194,231912.33+005900.5,2.251955935521804,46.71113011568954,0.0026319180260863,45.96649793650474,0.0070958067096,-26.839389768009216,11.612451553344727,2.251955935521804,46.71113011568954,0.0026319180260863,"(46.324, 46.855]"
1405436,13.72182768869098,168.89598968218962,1405436,30.66475644001025,0.276762234624584,30.66475644001025,0.276762234624584,020239.54+001636.3,2.9047910320772807,46.39277674549157,0.0059405533733496,0.0,-1.0,-26.05794234317655,4.058071136474609,2.9047910320772807,46.39277674549157,0.0059405533733496,"(46.324, 46.855]"
1424729,129.36265322731097,319.93638201562925,1424729,16.12044633842314,-0.6509384811606278,16.12044633842314,-0.6509384811606278,010428.90-003903.3,2.362086284051449,46.55570985578442,0.0021310448432707,45.619448460339086,0.0244637494370607,-26.66276537126767,8.065932273864746,2.362086284051449,46.55570985578442,0.0021310448432707,"(46.324, 46.855]"
1452389,85.98605219812201,251.2518423679969,1452389,346.145412,0.141617,346.145412,0.141617,230434.89+000829.8,2.06150451274234,46.41186615845756,0.0131761775921077,45.8900831047513,0.0212928950844784,-26.477988102804243,4.525873184204102,2.06150451274234,46.41186615845756,0.0131761775921077,"(46.324, 46.855]"
1406677,147.22188571408515,359.6090704983483,1406677,29.674492,-0.416734,29.674492,-0.416734,015841.87-002500.2,2.0391623995548955,46.478421818610684,0.0064049596356916,45.82774904122191,0.0111026903037405,-26.359245620275367,6.585746765136719,2.0391623995548955,46.478421818610684,0.0064049596356916,"(46.324, 46.855]"
1418964,221.0287272041956,1136.7310543998165,1418964,20.583917,-1.099014,20.583917,-1.099014,012220.14-010556.4,2.139289496217654,46.77221651723035,0.0056116636467749,0.0,-1.0,-27.240414837450235,7.7257609367370605,2.139289496217654,46.77221651723035,0.0056116636467749,"(46.324, 46.855]"
1439385,119.70754421682176,276.45837761951304,1439385,4.500856626266284,0.7674667246934209,4.500856626266284,0.7674667246934209,001800.20+004602.8,1.9157881017701652,46.79788924426285,0.001525260685792,46.086082015221656,0.001525260685792,-27.219815948897597,16.68049430847168,1.9157881017701652,46.79788924426285,0.001525260685792,"(46.324, 46.855]"
1451854,209.7937310789464,491.5617448483572,1451854,347.221413,0.599842,347.221413,0.599842,230853.13+003559.4,2.1789647873549196,46.775852733433155,0.0059962653675675,0.0,-1.0,-26.886199868091254,7.599832057952881,2.1789647873549196,46.775852733433155,0.0059962653675675,"(46.324, 46.855]"
1431714,243.8248806726713,720.4406972407335,1431714,10.604062303004357,0.4176945630821692,10.604062303004357,0.4176945630821692,004224.97+002503.7,2.322888956159115,46.56129657965084,0.0037108763235345,46.047478919057134,0.0077207580511604,-27.148525864773035,11.8275146484375,2.322888956159115,46.56129657965084,0.0037108763235345,"(46.324, 46.855]"
1445542,51.6029893128666,158.57793326051834,1445542,358.88400272420927,-1.0972963822751711,358.88400272420927,-1.0972963822751711,235532.16-010550.2,2.267253103535812,46.391701933885145,0.0033383244077036,45.77628391572741,0.0153559864574006,-26.09559279850925,6.741262912750244,2.267253103535812,46.391701933885145,0.0033383244077036,"(46.324, 46.855]"
1422102,121.85431923597991,402.1413849678564,1422102,18.20052014179167,-0.5638297699161033,18.20052014179167,-0.5638297699161033,011248.12-003349.7,2.4336168596224965,46.43422370980346,0.0025988763648889,46.12080563528065,0.0148096053301642,-26.74123478162019,8.20191764831543,2.4336168596224965,46.43422370980346,0.0025988763648889,"(46.324, 46.855]"
1392810,42.53222498000445,222.7594409442784,1392810,39.39879865064527,-0.2851845893293361,39.39879865064527,-0.2851845893293361,023735.71-001706.6,3.431562850893127,46.84831502412719,0.0062084410565148,0.0,-1.0,-27.131249659770592,9.59721851348877,3.431562850893127,46.84831502412719,0.0062084410565148,"(46.324, 46.855]"
1445944,94.38653192863038,254.3609922518035,1445944,358.2229942660129,-0.4806746122819598,358.2229942660129,-0.4806746122819598,235253.51-002850.4,1.6368097092668634,46.81253284349723,0.0009597390224378,46.10072561445604,0.0009597390224378,-27.09934422287414,39.29246520996094,1.6368097092668634,46.81253284349723,0.0009597390224378,"(46.324, 46.855]"
1451302,380.5973687356051,478.6634906789784,1451302,348.20346017027146,1.1499560686722354,348.20346017027146,1.1499560686722354,231248.83+010859.8,1.8075788719061738,46.590913692490794,0.0019865510603445,45.8791064634496,0.0019865510603445,-26.796076032763605,19.958589553833008,1.8075788719061738,46.590913692490794,0.0019865510603445,"(46.324, 46.855]"
1437683,244.68715696324367,635.20416519985,1437683,5.931693221443084,1.240318203314685,5.931693221443084,1.240318203314685,002343.60+011425.1,1.6514461811894894,46.40372106716959,0.0043041570163282,45.6919138381284,0.0043041570163282,-25.985023356904932,8.444934844970703,1.6514461811894894,46.40372106716959,0.0043041570163282,"(46.324, 46.855]"
1445277,30.72933106034167,136.84785648509853,1445277,359.28624336519806,0.6582470037991663,359.28624336519806,0.6582470037991663,235708.69+003929.6,2.5000657158666426,46.58625731210195,0.0037237933867473,0.0,-1.0,-26.761563445835783,8.343310356140137,2.5000657158666426,46.58625731210195,0.0037237933867473,"(46.324, 46.855]"
1391269,14.63013841855202,56.857355057632375,1391269,40.48611805132526,0.2351676836452219,40.48611805132526,0.2351676836452219,024156.66+001406.6,3.4797852585016424,46.725159922242064,0.01222050535155,0.0,-1.0,-27.071773141027972,5.417233943939209,3.4797852585016424,46.725159922242064,0.01222050535155,"(46.324, 46.855]"
1448881,164.59495213932604,323.8231304800961,1448881,352.7737478611052,1.2203782101030356,352.7737478611052,1.2203782101030356,233105.69+011313.3,2.6713481815133613,46.38550995382649,0.0041678380641769,0.0,-1.0,-25.87476492123307,4.657774925231934,2.6713481815133613,46.38550995382649,0.0041678380641769,"(46.324, 46.855]"
1390392,33.3743067782407,125.64853044474378,1390392,41.0573486635235,-0.0798759787814862,41.0573486635235,-0.0798759787814862,024413.76-000447.5,2.8113000459447086,46.46841258525021,0.0055258257601771,0.0,-1.0,-26.571354606447933,6.304707050323486,2.8113000459447086,46.46841258525021,0.0055258257601771,"(46.324, 46.855]"
1430848,95.40412264059884,185.76373786897148,1430848,11.225267,-1.033599,11.225267,-1.033599,004454.06-010200.9,1.8644349113889354,46.46737602004604,0.0095678024919791,45.75556879100485,0.0095678024919791,-26.353751256907202,8.131254196166992,1.8644349113889354,46.46737602004604,0.0095678024919791,"(46.324, 46.855]"
1433473,147.8657051503356,445.6030602958709,1433473,9.311768555011172,-0.7650337431814097,9.311768555011172,-0.7650337431814097,003714.82-004554.1,1.0240428439472227,46.43037236806026,0.0012780838352384,45.71856513901907,0.0012780838352384,-26.39314381137959,27.792661666870117,1.0240428439472227,46.43037236806026,0.0012780838352384,"(46.324, 46.855]"
1441572,12.622349345159748,43.81094915431987,1441572,2.672070992572269,-0.4139172362342814,2.672070992572269,-0.4139172362342814,001041.29-002450.1,3.187310377916746,46.691579496458985,0.0077595553740898,0.0,-1.0,-26.45271736288062,4.832071304321289,3.187310377916746,46.691579496458985,0.0077595553740898,"(46.324, 46.855]"
1428294,639.8574102139986,1441.3630382713964,1428294,13.23434210497947,-0.2143576217087273,13.23434210497947,-0.2143576217087273,005256.24-001251.6,1.5635297358641558,46.53464231299556,0.0025652110393892,45.82283508395437,0.0025652110393892,-26.200595657945016,15.06984806060791,1.5635297358641558,46.53464231299556,0.0025652110393892,"(46.324, 46.855]"
1423468,212.73324978859108,462.38265953001616,1423468,17.063929,-0.300804,17.063929,-0.300804,010815.34-001802.8,1.7575833199817894,46.34673537464611,0.0130332215067525,45.63492814560492,0.0130332215067525,-26.361397531993198,7.024970054626465,1.7575833199817894,46.34673537464611,0.0130332215067525,"(46.324, 46.855]"
1402871,18.92050520361824,60.33726243303727,1402871,32.472848,0.853767,32.472848,0.853767,020953.48+005113.5,2.192898462953727,46.44216491228773,0.0097920165591816,0.0,-1.0,-26.534935481193987,5.048802375793457,2.192898462953727,46.44216491228773,0.0097920165591816,"(46.324, 46.855]"
1465907,250.5096311442473,700.0045208186277,1465907,320.66247157953245,-1.2096714409260545,320.66247157953245,-1.2096714409260545,212238.99-011234.8,1.8429781842392523,46.77773502824572,0.0020595568174073,46.06592779920453,0.0020595568174073,-26.934780209306126,18.945222854614258,1.8429781842392523,46.77773502824572,0.0020595568174073,"(46.324, 46.855]"
1427597,14.42427006142478,54.946843534036816,1427597,13.827526810963954,-1.233937289031193,13.827526810963954,-1.233937289031193,005518.60-011402.1,2.8844355800360257,46.37695058703023,0.0063232823259475,0.0,-1.0,-26.05267484703382,3.7322256565093994,2.8844355800360257,46.37695058703023,0.0063232823259475,"(46.324, 46.855]"
1435052,162.991485192618,699.4286782694285,1435052,8.101433946778172,-0.9955346360349412,8.101433946778172,-0.9955346360349412,003224.34-005943.9,1.2352461775111878,46.44896339695521,0.0009897280586095,45.737156167914016,0.0009897280586095,-26.12888813866576,25.537282943725586,1.2352461775111878,46.44896339695521,0.0009897280586095,"(46.324, 46.855]"
1389172,50.12501255795773,151.63323402045938,1389172,41.83165435732715,-0.5536562786810372,41.83165435732715,-0.5536562786810372,024719.59-003313.1,2.6062368846656874,46.44739621808191,0.0033522484525754,0.0,-1.0,-25.86683537334239,5.868453025817871,2.6062368846656874,46.44739621808191,0.0033522484525754,"(46.324, 46.855]"
1414721,214.34077418695148,343.8533674400027,1414721,23.66366160740517,0.2921628268495896,23.66366160740517,0.2921628268495896,013439.27+001731.7,1.6700463401443726,46.8120887310469,0.0011617614551049,46.10028150200571,0.0011617614551049,-27.189957594256754,22.47512435913086,1.6700463401443726,46.8120887310469,0.0011617614551049,"(46.324, 46.855]"
1400682,720.8425245281616,1825.4503649301253,1400682,33.993338320808306,-1.193338016567964,33.993338320808306,-1.193338016567964,021558.40-011136.0,0.842450110983865,46.41358233681973,0.0017350145204986,45.70177510777854,0.0017350145204986,-26.192175839955887,28.57671356201172,0.842450110983865,46.41358233681973,0.0017350145204986,"(46.324, 46.855]"
1417689,96.06680270069548,265.87905964399806,1417689,21.574626275190557,-0.07263471864996,21.574626275190557,-0.07263471864996,012617.91-000421.4,2.7743179618428337,46.4218820549815,0.0058868064819819,0.0,-1.0,-26.006422116019724,4.721261501312256,2.7743179618428337,46.4218820549815,0.0058868064819819,"(46.324, 46.855]"
1444606,968.7923690951392,4110.864695761193,1444606,0.1787570916245613,0.927642769818415,0.1787570916245613,0.927642769818415,000042.90+005539.5,0.9528735974882141,46.32867746661857,0.0017164955743034,45.61687023757738,0.0017164955743034,-26.088243539968868,28.562707901000977,0.9528735974882141,46.32867746661857,0.0017164955743034,"(46.324, 46.855]"
1408571,110.3583340943467,332.460596447009,1408571,28.168595,-1.034734,28.168595,-1.034734,015240.46-010205.0,1.6638652610664417,46.360192739798464,0.0065416298860334,45.64838551075727,0.0065416298860334,-25.87461131297305,6.552199363708496,1.6638652610664417,46.360192739798464,0.0065416298860334,"(46.324, 46.855]"
1428991,73.74549169616084,142.9182423498354,1428991,12.631377,-0.554184,12.631377,-0.554184,005031.53-003315.0,2.005428997917679,46.40354706237874,0.0107727415871536,45.73830341842103,0.0197061318466325,-26.296523974169848,4.983779430389404,2.005428997917679,46.40354706237874,0.0107727415871536,"(46.324, 46.855]"
1425856,74.85514139777715,146.11084853654555,1425856,15.238185605368212,-0.2995041036492974,15.238185605368212,-0.2995041036492974,010057.16-001758.2,2.552275995253953,46.47244684011376,0.0037925004325494,0.0,-1.0,-26.172042553301285,5.929357528686523,2.552275995253953,46.47244684011376,0.0037925004325494,"(46.324, 46.855]"
1418446,42.310660677622415,156.55820847248862,1418446,20.9831105425965,-0.3148508564734045,20.9831105425965,-0.3148508564734045,012355.94-001853.4,3.1167782999376916,46.40959194681215,0.0109845917103825,0.0,-1.0,-26.786131470998388,3.3560361862182617,3.1167782999376916,46.40959194681215,0.0109845917103825,"(46.324, 46.855]"
1445299,281.675532024996,671.0151861944162,1445299,359.2563446370382,-0.2693901716484047,359.2563446370382,-0.2693901716484047,235701.52-001609.8,1.0773088067511767,46.46515285505582,0.0009115454972672,45.75334562601463,0.0009115454972672,-26.25163811769697,26.8872013092041,1.0773088067511767,46.46515285505582,0.0009115454972672,"(46.324, 46.855]"
1439373,41.96844193268655,145.10277106438758,1439373,4.512044504499386,0.7222423655371948,4.512044504499386,0.7222423655371948,001802.89+004320.0,2.1046307807195275,46.3407244794986,0.0060236995675282,45.42347359676318,0.0112321354588793,-25.72319579644206,6.065799713134766,2.1046307807195275,46.3407244794986,0.0060236995675282,"(46.324, 46.855]"
1425302,323.518768876597,1009.8739085656508,1425302,15.671001041858602,-0.7024633686437942,15.671001041858602,-0.7024633686437942,010241.04-004208.8,1.7541195383987742,46.54655212858029,0.0031936871639146,45.834744899539096,0.0031936871639146,-26.62892299705284,14.175596237182617,1.7541195383987742,46.54655212858029,0.0031936871639146,"(46.324, 46.855]"
1459005,41.62674284350763,136.44065576914846,1459005,333.44720626702804,0.3245612849257536,333.44720626702804,0.3245612849257536,221347.32+001928.4,2.307964758898125,46.44311228961524,0.0040833551403096,45.93091509756526,0.0090508820323549,-26.299652619640682,10.405731201171875,2.307964758898125,46.44311228961524,0.0040833551403096,"(46.324, 46.855]"
1414449,470.5675474091736,1543.6855286204243,1414449,23.83749740494045,-0.9550992661737774,23.83749740494045,-0.9550992661737774,013520.99-005718.3,2.0782644166933277,46.53892843228044,0.0023668491342796,45.962730736797134,0.0048512922531465,-27.158681086140245,12.006975173950195,2.0782644166933277,46.53892843228044,0.0023668491342796,"(46.324, 46.855]"
1459187,29.474703168243188,290.7966615594342,1459187,333.1100471263776,0.5486924940057059,333.1100471263776,0.5486924940057059,221226.41+003255.2,2.4648904622385066,46.427309536185916,0.0028609783276749,46.2782018836869,0.0139062144323851,-27.121686459195214,11.167352676391602,2.4648904622385066,46.427309536185916,0.0028609783276749,"(46.324, 46.855]"
1427572,338.2174272091873,1376.6649232443604,1427572,13.840552744965066,-0.4714418782900469,13.840552744965066,-0.4714418782900469,005521.73-002817.1,2.2588261251164123,46.64595444260131,0.0026775750056451,45.9082051807173,0.019318387399938,-26.540016136819194,11.871443748474121,2.2588261251164123,46.64595444260131,0.0026775750056451,"(46.324, 46.855]"
1407849,1035.3268404710534,3238.388160068021,1407849,28.7286732008908,0.6788454111962495,28.7286732008908,0.6788454111962495,015454.88+004043.8,1.653721336922773,46.63171480628012,0.0019796208144242,45.91990757723893,0.0019796208144242,-27.043233762440508,18.030271530151367,1.653721336922773,46.63171480628012,0.0019796208144242,"(46.324, 46.855]"
1423078,119.02702213976568,311.11557910257346,1423078,17.360249428887954,1.0666667732468826,17.360249428887954,1.0666667732468826,010926.45+010400.0,2.2172538588697965,46.619310057313264,0.0035804013722007,45.968554515562055,0.005153824851714,-26.682155658910432,12.387405395507812,2.2172538588697965,46.619310057313264,0.0035804013722007,"(46.324, 46.855]"
1451829,67.1674369358556,176.85999135252192,1451829,347.2615386732936,-0.1094669774795413,347.2615386732936,-0.1094669774795413,230902.76-000634.0,3.12071783358199,46.75630876452745,0.0032875772597371,0.0,-1.0,-27.47188718020077,7.499934196472168,3.12071783358199,46.75630876452745,0.0032875772597371,"(46.324, 46.855]"
1436979,140.5323826360896,510.852349676424,1436979,6.545508803933558,-1.0369690280702673,6.545508803933558,-1.0369690280702673,002610.92-010213.0,2.8885185841618353,46.60682062829084,0.0045365609809984,0.0,-1.0,-27.199588107446182,6.969855785369873,2.8885185841618353,46.60682062829084,0.0045365609809984,"(46.324, 46.855]"
1438294,477.7743161275637,886.9074887440322,1438294,5.430415253916749,1.1445019980283289,5.430415253916749,1.1445019980283289,002143.29+010840.2,1.9007373685586877,46.79795734151427,0.0018213071952715,46.08615011247308,0.0018213071952715,-26.656307617287837,17.805461883544922,1.9007373685586877,46.79795734151427,0.0018213071952715,"(46.324, 46.855]"
1396721,109.98543715055033,372.3117845390293,1396721,36.66967676140864,0.1091201966695874,36.66967676140864,0.1091201966695874,022640.72+000632.8,2.501789175465156,46.66883441085438,0.0025642380609127,0.0,-1.0,-27.28122696055148,9.188276290893555,2.501789175465156,46.66883441085438,0.0025642380609127,"(46.324, 46.855]"
1405753,64.2212712943202,175.9203780227033,1405753,30.42604100725319,0.5384618321643935,30.42604100725319,0.5384618321643935,020142.24+003218.4,2.301900904791781,46.354603861136646,0.0033698777170947,45.850496784376105,0.014237899874228,-25.879951969957865,7.318247318267822,2.301900904791781,46.354603861136646,0.0033698777170947,"(46.324, 46.855]"
1465448,201.5878019028454,488.83355271759126,1465448,321.4221906947375,0.3361215756652044,321.4221906947375,0.3361215756652044,212541.32+002010.0,2.235266640751338,46.618085818289664,0.0019017345161316,46.08943011064542,0.0044029213264877,-27.108261059237673,14.753769874572754,2.235266640751338,46.618085818289664,0.0019017345161316,"(46.324, 46.855]"
1390839,161.86345650266065,413.91613363855953,1390839,40.75115995564727,-0.066072595204649,40.75115995564727,-0.066072595204649,024300.27-000357.8,2.356398795662443,46.34396918928245,0.0041004321403725,45.73910313479887,0.0274491604024866,-25.47472359614412,6.696165561676025,2.356398795662443,46.34396918928245,0.0041004321403725,"(46.324, 46.855]"
1460810,16.597594464631364,72.07367680873286,1460810,329.95798139296653,0.8629768307764796,329.95798139296653,0.8629768307764796,215949.91+005146.7,2.9765308577823637,46.47867822630746,0.0057688850012098,0.0,-1.0,-26.32676703177778,5.184167385101318,2.9765308577823637,46.47867822630746,0.0057688850012098,"(46.324, 46.855]"
1452556,65.87427703641342,310.8736290555252,1452556,345.84546218862283,-0.6725618108734622,345.84546218862283,-0.6725618108734622,230322.91-004021.2,2.978932788102417,46.68488889011762,0.0038955541840763,0.0,-1.0,-26.377403586700037,11.192651748657227,2.978932788102417,46.68488889011762,0.0038955541840763,"(46.324, 46.855]"
1414281,373.7982830493447,823.5000573721162,1414281,23.96340303854572,-0.849307215977619,23.96340303854572,-0.849307215977619,013551.21-005057.5,1.9398143927624676,46.66738999441555,0.0034409703474125,45.95558276537436,0.0034409703474125,-26.314012699516113,17.312416076660156,1.9398143927624676,46.66738999441555,0.0034409703474125,"(46.324, 46.855]"
1413159,88.82383640570448,239.502752758722,1413159,24.821624,0.530757,24.821624,0.530757,013917.18+003150.7,2.082563041802662,46.349775595799784,0.0174630778978936,0.0,-1.0,-26.256242032944478,3.6538608074188232,2.082563041802662,46.349775595799784,0.0174630778978936,"(46.324, 46.855]"
1466379,40.13095059498296,303.714597019303,1466379,319.737862,-0.468911,319.737862,-0.468911,211857.08-002808.0,1.877737623796039,46.4982863393346,0.0114645043430918,45.786479110293406,0.0114645043430918,-26.625424145119815,5.604988098144531,1.877737623796039,46.4982863393346,0.0114645043430918,"(46.324, 46.855]"
1427695,342.0692000698827,720.3952342180605,1427695,13.751587664669668,0.9437376291184792,13.751587664669668,0.9437376291184792,005500.38+005637.4,1.454379509373554,46.54061089037157,0.0017825045286627,45.828803661330376,0.0017825045286627,-26.426679739335267,20.8422908782959,1.454379509373554,46.54061089037157,0.0017825045286627,"(46.324, 46.855]"
1431570,278.09643548414243,990.7086193892004,1431570,10.709847,-0.615567,10.709847,-0.615567,004250.36-003656.0,1.3339008477839143,46.37843915604213,0.0030702483384317,45.666631927000935,0.0030702483384317,-26.20300199645933,9.3842134475708,1.3339008477839143,46.37843915604213,0.0030702483384317,"(46.324, 46.855]"
1434789,74.77713622178148,226.4214661732788,1434789,8.303392476521935,0.5763714422289897,8.303392476521935,0.5763714422289897,003312.81+003434.9,2.3015087555116933,46.572154781579265,0.003986624702577,45.78209761409716,0.0130608651460626,-26.182386557091366,8.886972427368164,2.3015087555116933,46.572154781579265,0.003986624702577,"(46.324, 46.855]"
1449840,353.3702893449071,895.8431458072334,1449840,350.9342024815216,-0.8519440599286453,350.9342024815216,-0.8519440599286453,232344.20-005106.9,1.934693897646181,46.76062568958981,0.0023309420003094,46.04881846054862,0.0023309420003094,-27.14739531599514,20.16102409362793,1.934693897646181,46.76062568958981,0.0023309420003094,"(46.324, 46.855]"
1391617,24.47112341053925,81.48480228005316,1391617,40.246474899675945,0.7627306298441017,40.246474899675945,0.7627306298441017,024059.15+004545.8,3.234027083520314,46.532241761620824,0.014393776597263,0.0,-1.0,-26.791398644439802,4.863410472869873,3.234027083520314,46.532241761620824,0.014393776597263,"(46.324, 46.855]"
1449552,1376.9125420915852,3557.2067384046186,1449552,351.4873104543529,-0.0833395313912557,351.4873104543529,-0.0833395313912557,232556.95-000500.0,1.4098058124928174,46.76729225624706,0.0014341420939736,46.05548502720587,0.0014341420939736,-26.335400687232177,30.326444625854492,1.4098058124928174,46.76729225624706,0.0014341420939736,"(46.324, 46.855]"
1453046,169.78036896767472,457.356813960832,1453046,344.95940179353096,-0.9746185761678966,344.95940179353096,-0.9746185761678966,225950.25-005828.6,2.2835566853185787,46.56559486992305,0.0028056711290993,45.90043497821247,0.0144078309272472,-26.640076053054237,8.316350936889648,2.2835566853185787,46.56559486992305,0.0028056711290993,"(46.324, 46.855]"
1447994,402.73601845772464,1039.441608452204,1447994,354.368323756354,0.7593640744983662,354.368323756354,0.7593640744983662,233728.39+004533.7,2.7286022022674157,46.848508124251374,0.0032580318926314,0.0,-1.0,-27.232153127688512,9.871447563171387,2.7286022022674157,46.848508124251374,0.0032580318926314,"(46.324, 46.855]"
1446638,30.80988989384463,196.3013469407568,1446638,357.05159018835167,0.4943478372673763,357.05159018835167,0.4943478372673763,234812.38+002939.6,1.944100023236361,46.68120457597602,0.0023337257185609,45.96939734693483,0.0023337257185609,-26.69770723320798,11.611662864685059,1.944100023236361,46.68120457597602,0.0023337257185609,"(46.324, 46.855]"
1448105,48.25934892981912,165.79720581810176,1448105,354.16881038177905,0.6311721785908131,354.16881038177905,0.6311721785908131,233640.51+003752.2,2.9155218929238558,46.53551642846854,0.004529902445082,0.0,-1.0,-26.80395935751688,6.53863525390625,2.9155218929238558,46.53551642846854,0.004529902445082,"(46.324, 46.855]"
1451143,46.24304210576385,68.32977507674575,1451143,348.5313447095118,1.0869294981701008,348.5313447095118,1.0869294981701008,231407.52+010512.9,2.469030084559704,46.326309726142284,0.0050315440694248,0.0,-1.0,-26.212001266170436,5.282418251037598,2.469030084559704,46.326309726142284,0.0050315440694248,"(46.324, 46.855]"
1400896,125.33588806376645,515.9985541405023,1400896,33.835035,0.742336,33.835035,0.742336,021520.40+004432.4,1.9427958684938904,46.427502330635214,0.0,45.6239734019704,0.012800339945695,-26.196211599109255,6.990450859069824,1.9427958684938904,46.427502330635214,0.0,"(46.324, 46.855]"
1441128,1381.745078405046,3446.3012667416133,1441128,3.052800749404298,-0.0193617228190304,3.052800749404298,-0.0193617228190304,001212.67-000109.7,1.6851143803297923,46.44856234281286,0.0033014298363411,45.73675511377167,0.0033014298363411,-26.21279517513474,12.233022689819336,1.6851143803297923,46.44856234281286,0.0033014298363411,"(46.324, 46.855]"
1442764,167.34148073253905,545.5943536063951,1442764,1.68151129519714,1.12050880351446,1.68151129519714,1.12050880351446,000643.56+010713.8,3.0245431160987812,46.38843529233906,0.0087531009100736,0.0,-1.0,-26.55222546644372,3.8988280296325684,3.0245431160987812,46.38843529233906,0.0087531009100736,"(46.324, 46.855]"
1406720,179.62299598512897,683.4426498827546,1406720,29.635513818465256,-0.7106028230017764,29.635513818465256,-0.7106028230017764,015832.52-004238.1,2.6088589796727084,46.689219470990494,0.0027522024628545,0.0,-1.0,-26.80505151996399,8.290840148925781,2.6088589796727084,46.689219470990494,0.0027522024628545,"(46.324, 46.855]"
1416712,130.98294357292835,693.8376516488369,1416712,22.240848505237523,0.4391297620086957,22.240848505237523,0.4391297620086957,012857.80+002620.8,1.8823766171302831,46.561323044244126,0.0043898622257927,45.849515815202935,0.0043898622257927,-26.638431234929666,11.98827838897705,1.8823766171302831,46.561323044244126,0.0043898622257927,"(46.324, 46.855]"
1391828,86.98773165740631,243.47712665199737,1391828,40.107027939248894,0.5546585194932433,40.107027939248894,0.5546585194932433,024025.68+003316.7,1.6939679684757023,46.52258322901988,0.0021609366909913,45.81077599997869,0.0021609366909913,-26.052849891067588,17.22039794921875,1.6939679684757023,46.52258322901988,0.0021609366909913,"(46.324, 46.855]"
1450866,70.40485550185977,307.30484802704296,1450866,349.0536697433713,0.59954176784965,349.0536697433713,0.59954176784965,231612.88+003558.3,2.2266229782621805,46.340819591665095,0.0056050433316769,45.756762945051136,0.0082530943070544,-25.942283772561574,8.103418350219727,2.2266229782621805,46.340819591665095,0.0056050433316769,"(46.324, 46.855]"
1449276,209.8084191995684,405.30798126031846,1449276,351.9959737817841,0.4179682834104368,351.9959737817841,0.4179682834104368,232759.03+002504.6,2.26054777679107,46.48996280830142,0.0031556086831479,45.9306602733957,0.0103443668080025,-27.159415054262258,8.894482612609863,2.26054777679107,46.48996280830142,0.0031556086831479,"(46.324, 46.855]"
1403507,106.92373333535964,444.0391016168625,1403507,32.01870890008411,-0.0064300683250368,32.01870890008411,-0.0064300683250368,020804.49-000023.1,1.3422871022842333,46.61101355409167,0.0017194009323873,45.89920632505048,0.0017194009323873,-26.099892563464095,15.76972770690918,1.3422871022842333,46.61101355409167,0.0017194009323873,"(46.324, 46.855]"
1434228,96.04123516619596,325.9093239420454,1434228,8.752695747957771,-0.4181203379395645,8.752695747957771,-0.4181203379395645,003500.64-002505.2,2.3181969664422937,46.75792220403116,0.0016806917218481,46.16277643311102,0.0086674554101087,-26.906572455891364,12.876044273376465,2.3181969664422937,46.75792220403116,0.0016806917218481,"(46.324, 46.855]"
1429067,56.01852624037613,172.14319522327384,1429067,12.578528431302402,-0.9105570720467792,12.578528431302402,-0.9105570720467792,005018.84-005438.0,2.3483357502984203,46.59300720977382,0.002896564515467,45.86079058451367,0.0141114617170003,-26.742092872347172,9.83246898651123,2.3483357502984203,46.59300720977382,0.002896564515467,"(46.324, 46.855]"
1458868,310.76790480255534,1112.223923048117,1458868,333.7029154480156,0.4191167249094621,333.7029154480156,0.4191167249094621,221448.69+002508.8,1.8475870628440656,46.73134683183339,0.0025805831507774,46.0195396027922,0.0025805831507774,-26.781752960236496,14.194828033447266,1.8475870628440656,46.73134683183339,0.0025805831507774,"(46.324, 46.855]"
1443094,242.36371209450817,627.0874497533941,1443094,1.424536,-1.069747,1.424536,-1.069747,000541.88-010411.0,2.115307353082484,46.59849057579745,0.0086376076635055,0.0,-1.0,-26.913646849608103,5.8506760597229,2.115307353082484,46.59849057579745,0.0086376076635055,"(46.324, 46.855]"
1430469,76.37942646984135,242.9550988980891,1430469,11.513720132653903,0.1248445204766352,11.513720132653903,0.1248445204766352,004603.29+000729.4,2.552239222979058,46.42835490471394,0.0051556908450187,0.0,-1.0,-26.56981599571225,6.415577411651611,2.552239222979058,46.42835490471394,0.0051556908450187,"(46.324, 46.855]"
1460793,163.53191382440062,611.9862528717022,1460793,329.98606517891506,-0.102169862865989,329.98606517891506,-0.102169862865989,215956.65-000607.8,1.4947615636539069,46.40073350800718,0.0019083154016179,45.68892627896599,0.0019083154016179,-26.09817605831262,14.590290069580078,1.4947615636539069,46.40073350800718,0.0019083154016179,"(46.324, 46.855]"
1444784,131.18139862875313,319.63028302319725,1444784,0.0316175526384938,0.4953544641415801,0.0316175526384938,0.4953544641415801,000007.58+002943.2,2.2635565061279976,46.41293336821323,0.0022468210751682,45.74661079581302,0.0063016378377334,-25.961687681014403,12.46393871307373,2.2635565061279976,46.41293336821323,0.0022468210751682,"(46.324, 46.855]"
1410699,79.85227617059182,263.0080113290258,1410699,26.521831,-0.226002,26.521831,-0.226002,014605.23-001333.6,2.001014819787431,46.454771945220386,0.0061264950685426,45.711821855002135,0.0149481323066851,-26.41214345017942,6.488834857940674,2.001014819787431,46.454771945220386,0.0061264950685426,"(46.324, 46.855]"
1412975,18.02454734393087,57.68879566682811,1412975,24.941563614778715,0.8368474395809409,24.941563614778715,0.8368474395809409,013945.97+005012.6,3.6646285511336885,46.454882448842106,0.0122303613372736,0.0,-1.0,-26.694968480672607,3.2567553520202637,3.6646285511336885,46.454882448842106,0.0122303613372736,"(46.324, 46.855]"
1398695,239.52586791726995,570.0913176539566,1398695,35.34456321350504,-0.1835450396161939,35.34456321350504,-0.1835450396161939,022122.69-001100.7,3.0467210823574655,46.73580497428814,0.0056738316830369,0.0,-1.0,-26.899296247562763,7.562917709350586,3.0467210823574655,46.73580497428814,0.0056738316830369,"(46.324, 46.855]"
1452583,251.7469018996865,753.0684753099831,1452583,345.80317036600087,0.0073494493547515,345.80317036600087,0.0073494493547515,230312.76+000026.4,1.473347932385393,46.50718463709604,0.0016199726507473,45.79537740805485,0.0016199726507473,-26.116804145233097,20.2425479888916,1.473347932385393,46.50718463709604,0.0016199726507473,"(46.324, 46.855]"
1401890,135.20742060823318,184.01589234914613,1401890,33.196042,0.475763,33.196042,0.475763,021247.05+002832.7,1.9059886910070427,46.385866730401816,0.0,45.68930753172976,0.0088271543550639,-26.20202858972391,6.460032939910889,1.9059886910070427,46.385866730401816,0.0,"(46.324, 46.855]"
1463278,21.90563087969033,79.3245197934033,1463278,325.30732542757784,-1.053163717244588,325.30732542757784,-1.053163717244588,214113.75-010311.3,3.451367618941108,46.69765124080556,0.0113942463668621,0.0,-1.0,-26.96077354100745,3.5495340824127197,3.451367618941108,46.69765124080556,0.0113942463668621,"(46.324, 46.855]"
1404636,41.42260230167865,55.46948223819732,1404636,31.24954856565091,-0.1801417625573447,31.24954856565091,-0.1801417625573447,020459.89-001048.5,2.56941696701783,46.53796647012981,0.0036377718170861,0.0,-1.0,-26.497989858014776,7.660059452056885,2.56941696701783,46.53796647012981,0.0036377718170861,"(46.324, 46.855]"
1408515,165.22885401710963,389.0609575734206,1408515,28.201791206542,1.245189637827455,28.201791206542,1.245189637827455,015248.42+011442.6,1.1698488025236722,46.40939279652626,0.0013202646529393,45.69758556748507,0.0013202646529393,-25.829870927992165,11.87894344329834,1.1698488025236722,46.40939279652626,0.0013202646529393,"(46.324, 46.855]"
1428469,92.06060369557642,312.0179005071106,1428469,13.080498064956638,-0.387663863386585,13.080498064956638,-0.387663863386585,005219.31-002315.5,2.822431060249178,46.66724679973015,0.0038238049200849,0.0,-1.0,-26.991312186229617,7.387701511383057,2.822431060249178,46.66724679973015,0.0038238049200849,"(46.324, 46.855]"
1447740,18.804869630875,57.40378398790366,1447740,354.7983225313624,0.7294542500699764,354.7983225313624,0.7294542500699764,233911.59+004346.0,2.9285607659221307,46.34033457050616,0.0072679426271164,0.0,-1.0,-26.504232459774894,4.119340419769287,2.9285607659221307,46.34033457050616,0.0072679426271164,"(46.324, 46.855]"
1427183,365.1259177536611,1099.3421742417318,1427183,14.122171,0.019249,14.122171,0.019249,005629.32+000109.2,1.1801746931451196,46.38602272282923,0.001171788630625,45.67421549378804,0.001171788630625,-25.794145411023194,24.056245803833008,1.1801746931451196,46.38602272282923,0.001171788630625,"(46.324, 46.855]"
1464497,59.887553112548005,131.03968627240013,1464497,323.1105664060415,0.4385566847736605,323.1105664060415,0.4385566847736605,213226.53+002618.8,2.002934121518158,46.421167330872,0.0070039837594464,45.70936010183081,0.0070039837594464,-26.130823120942985,9.86800765991211,2.002934121518158,46.421167330872,0.0070039837594464,"(46.324, 46.855]"
1449781,70.50243455825054,164.1403890465054,1449781,351.06921169379507,1.0025702860335388,351.06921169379507,1.0025702860335388,232416.61+010009.2,2.476399039680974,46.526431045493645,0.0035480673301471,0.0,-1.0,-26.353019984361428,6.660204887390137,2.476399039680974,46.526431045493645,0.0035480673301471,"(46.324, 46.855]"
1390621,163.56098521108152,600.4964004021058,1390621,40.90489007143952,-0.3945222867876079,40.90489007143952,-0.3945222867876079,024337.17-002340.2,2.3504514489578994,46.84713689620828,0.0018386950022275,46.06836641399336,0.0105085932498383,-27.060900890346606,13.21264934539795,2.3504514489578994,46.84713689620828,0.0018386950022275,"(46.324, 46.855]"
1389033,96.6392458838388,212.07141836975708,1389033,41.9483128946823,-0.8028193069362985,41.9483128946823,-0.8028193069362985,024747.59-004810.1,1.9243055471721702,46.40438864846129,0.0027178928116917,45.6925814194201,0.0027178928116917,-26.19510574504951,11.863704681396484,1.9243055471721702,46.40438864846129,0.0027178928116917,"(46.324, 46.855]"
1435313,568.15145166904,1818.7867866085287,1435313,7.889997679109536,-0.8282093336792553,7.889997679109536,-0.8282093336792553,003133.59-004941.5,1.9319159494574791,46.75973981638216,0.0018176714550257,46.047932587340966,0.0018176714550257,-27.335074818956606,19.292613983154297,1.9319159494574791,46.75973981638216,0.0018176714550257,"(46.324, 46.855]"
1456188,30.13588267431102,99.40108325872684,1456188,338.7379538155448,-1.103138571349563,338.7379538155448,-1.103138571349563,223457.10-010611.2,2.071689288474603,46.45091545465337,0.0031828355027876,45.703336391770726,0.0059693607602291,-25.975300225039067,8.319666862487793,2.071689288474603,46.45091545465337,0.0031828355027876,"(46.324, 46.855]"
1412817,15.855334987791814,65.1002999839992,1412817,25.05339108558427,0.482773632363902,25.05339108558427,0.482773632363902,014012.81+002857.9,2.7381708313385427,46.54479853924362,0.0031090385882421,0.0,-1.0,-26.453069018956953,4.771788597106934,2.7381708313385427,46.54479853924362,0.0031090385882421,"(46.324, 46.855]"
1418055,563.019239622957,1309.8418474581574,1418055,21.287919025473,-0.5654846487764472,21.287919025473,-0.5654846487764472,012509.10-003355.7,2.166075564981795,46.73784975016283,0.0017137945209739,45.77670252211631,0.0042216177615763,-26.599995829454144,18.57898712158203,2.166075564981795,46.73784975016283,0.0017137945209739,"(46.324, 46.855]"
1428387,216.20984999209864,540.9891475930615,1428387,13.146876556436585,1.0411245024045337,13.146876556436585,1.0411245024045337,005235.25+010228.0,1.3887226565085404,46.631679461890585,0.0013852588275895,45.91987223284939,0.0013852588275895,-26.459295368441776,19.115936279296875,1.3887226565085404,46.631679461890585,0.0013852588275895,"(46.324, 46.855]"
1465075,54.38504090417313,184.08480943583365,1465075,322.1180673918559,-1.104774821969,322.1180673918559,-1.104774821969,212828.33-010617.1,1.7441306441836395,46.36928775622166,0.0048729330128871,45.65748052718047,0.0048729330128871,-25.820607939782448,9.759078979492188,1.7441306441836395,46.36928775622166,0.0048729330128871,"(46.324, 46.855]"
1394662,138.27099177080365,383.6292403791351,1394662,38.044465189653,-0.3981415130900531,38.044465189653,-0.3981415130900531,023210.67-002353.3,2.433037084476039,46.59725892569282,0.0027765104450026,45.97144882043855,0.0246266715983907,-26.849175075330418,10.220427513122559,2.433037084476039,46.59725892569282,0.0027765104450026,"(46.324, 46.855]"
1439915,262.5262634519976,773.5446910349358,1439915,4.074897,0.172465,4.074897,0.172465,001617.97+001020.8,1.5475868788060212,46.37147577660425,0.0070378317871941,45.65966854756306,0.0070378317871941,-26.476101849443623,5.8358893394470215,1.5475868788060212,46.37147577660425,0.0070378317871941,"(46.324, 46.855]"
1433860,80.52802113932515,251.33754787744547,1433860,9.015008214768802,0.0731460977046947,9.015008214768802,0.0731460977046947,003603.60+000423.3,2.2567154748033427,46.578491601595424,0.0036003715985302,45.82231691512198,0.0073194011618333,-26.517194157955615,10.187588691711426,2.2567154748033427,46.578491601595424,0.0036003715985302,"(46.324, 46.855]"
1429146,242.7066412944385,401.5547041540004,1429146,12.507546887583446,0.4389212679212848,12.507546887583446,0.4389212679212848,005001.81+002620.1,1.9482625700803327,46.56204638224745,0.0038578833685996,45.85023915320626,0.0038578833685996,-26.37044023389157,10.830344200134277,1.9482625700803327,46.56204638224745,0.0038578833685996,"(46.324, 46.855]"
1395984,19.39907675527388,160.82463252545406,1395984,37.18017154584828,-0.7484640290943199,37.18017154584828,-0.7484640290943199,022843.24-004454.4,1.8678527935349838,46.64019916920018,0.0020925917292231,45.92839194015899,0.0020925917292231,-26.240481189993346,13.94788646697998,1.8678527935349838,46.64019916920018,0.0020925917292231,"(46.324, 46.855]"
1450577,119.46199822004552,767.3788363573822,1450577,349.5347466353124,0.1976666507861383,349.5347466353124,0.1976666507861383,231808.33+001151.5,1.2376411324286083,46.39804061411554,0.0019623373231212,45.686233385074345,0.0019623373231212,-25.26629948870575,17.013879776000977,1.2376411324286083,46.39804061411554,0.0019623373231212,"(46.324, 46.855]"
1446554,78.75731674385163,296.4773918799553,1446554,357.1965891041069,0.4609330996463407,357.1965891041069,0.4609330996463407,234847.18+002739.3,2.552965429593533,46.52599855196343,0.004810921619029,0.0,-1.0,-26.98869394709189,7.613894939422607,2.552965429593533,46.52599855196343,0.004810921619029,"(46.324, 46.855]"
1450941,358.1976280279731,821.5953926908858,1450941,348.917943,0.313427,348.917943,0.313427,231540.30+001848.3,2.012790477360831,46.62269291988819,0.0062633440016455,45.84518549947301,0.0158329540644928,-26.728629410068255,7.224269390106201,2.012790477360831,46.62269291988819,0.0062633440016455,"(46.324, 46.855]"
1452821,30.10738348283292,140.29990754959232,1452821,345.3487994036315,-0.629167222178832,345.3487994036315,-0.629167222178832,230123.71-003745.0,3.0934055621759784,46.84709057258335,0.0039224963849768,0.0,-1.0,-27.12124764107703,8.148423194885254,3.0934055621759784,46.84709057258335,0.0039224963849768,"(46.324, 46.855]"
1438956,231.7066474269245,617.3919655874596,1438956,4.84400253222708,-0.1541771882731052,4.84400253222708,-0.1541771882731052,001922.56-000915.0,1.6999047743942424,46.48511297349584,0.0028888872939916,45.773305744454646,0.0028888872939916,-26.441631024874482,12.051399230957031,1.6999047743942424,46.48511297349584,0.0028888872939916,"(46.324, 46.855]"
1464717,280.9452401535554,874.7859368366401,1464717,322.71140609567834,0.6531832734636679,322.71140609567834,0.6531832734636679,213050.73+003911.4,1.9931770123505834,46.34174126707273,0.0040008770443371,45.629934038031536,0.0040008770443371,-26.568696391201744,8.524852752685547,1.9931770123505834,46.34174126707273,0.0040008770443371,"(46.324, 46.855]"
1422228,395.1096078537927,570.6861140035462,1422228,18.102306698602877,-0.1410769860544374,18.102306698602877,-0.1410769860544374,011224.55-000827.8,3.0332331069311853,46.6888007901566,0.0063733033415438,0.0,-1.0,-27.34066450472093,6.490925312042236,3.0332331069311853,46.6888007901566,0.0063733033415438,"(46.324, 46.855]"
1447211,732.2529510948159,2374.0857585402923,1447211,355.86083805369174,-0.054865558983729,355.86083805369174,-0.054865558983729,234326.60-000317.5,1.3717316293169055,46.75116978582701,0.0011622379939062,46.03936255678582,0.0011622379939062,-26.987163225315353,34.815792083740234,1.3717316293169055,46.75116978582701,0.0011622379939062,"(46.324, 46.855]"
1465330,144.622240389312,406.9859692527032,1465330,321.6264761258785,0.983469176250112,321.6264761258785,0.983469176250112,212630.35+005900.4,1.897030940430292,46.385938396612914,0.0033621750761376,45.67413116757172,0.0033621750761376,-26.17188586512721,10.120869636535645,1.897030940430292,46.385938396612914,0.0033621750761376,"(46.324, 46.855]"
1451407,141.29741271521456,318.31926459581024,1451407,348.0294421300007,0.4110392621756318,348.0294421300007,0.4110392621756318,231207.06+002439.7,2.4211103818988122,46.38446023700167,0.0043608937938586,45.62780298828702,0.0377695256312584,-25.887885074875587,5.016183376312256,2.4211103818988122,46.38446023700167,0.0043608937938586,"(46.324, 46.855]"
1390864,16.804802636560623,61.713879270637726,1390864,40.73586437053116,0.6351571010936045,40.73586437053116,0.6351571010936045,024256.60+003806.5,2.706934942379213,46.36649196629196,0.0046087942516273,0.0,-1.0,-25.78332023663933,4.785608291625977,2.706934942379213,46.36649196629196,0.0046087942516273,"(46.324, 46.855]"
1391021,30.31915739664724,109.25537954595116,1391021,40.629461946021536,-0.2077957578213065,40.629461946021536,-0.2077957578213065,024231.07-001228.0,2.553765290556957,46.66703273608167,0.0017996763998802,0.0,-1.0,-26.741556995703558,8.387694358825684,2.553765290556957,46.66703273608167,0.0017996763998802,"(46.324, 46.855]"
1421431,26.610004717854828,78.88767828601051,1421431,18.734180677652205,-0.941393229027518,18.734180677652205,-0.941393229027518,011456.20-005629.0,2.1535295793079876,46.508957297319384,0.0043855896249311,45.49026924298195,0.0128006600883381,-25.686224236365778,6.594402313232422,2.1535295793079876,46.508957297319384,0.0043855896249311,"(46.324, 46.855]"
1444745,38.496936586427154,237.3493739456336,1444745,0.057506,-0.913001,0.057506,-0.913001,000013.80-005446.8,1.836556845794876,46.3928041164078,0.0080096162309928,45.68099688736661,0.0080096162309928,-26.018088203053914,3.8526415824890137,1.836556845794876,46.3928041164078,0.0080096162309928,"(46.324, 46.855]"
1392430,621.9049137273139,1709.725867437551,1392430,39.69006013253863,1.2057526947294408,39.69006013253863,1.2057526947294408,023845.61+011220.7,1.4986884294641747,46.673828982367944,0.0013694932098218,45.96202175332675,0.0013694932098218,-26.265863738089596,23.925777435302734,1.4986884294641747,46.673828982367944,0.0013694932098218,"(46.324, 46.855]"
1399232,39.863069147943946,112.16145552215497,1399232,34.98261075617546,-1.017950650939149,34.98261075617546,-1.017950650939149,021955.82-010104.6,1.976403525962434,46.58416667026632,0.0029281201000088,45.87235944122513,0.0029281201000088,-26.77571751730298,10.679139137268066,1.976403525962434,46.58416667026632,0.0029281201000088,"(46.324, 46.855]"
1426227,280.79115678726424,591.0105605524299,1426227,14.947583369273252,-1.1697096127300255,14.947583369273252,-1.1697096127300255,005947.42-011010.9,1.126326724390406,46.42339064410887,0.0014393815810542,45.71158341506768,0.0014393815810542,-26.11941231250741,21.101776123046875,1.126326724390406,46.42339064410887,0.0014393815810542,"(46.324, 46.855]"
1442967,42.593567042435375,106.70981635752037,1442967,1.520778395740166,-1.2498324275052524,1.520778395740166,-1.2498324275052524,000604.98-011459.3,2.4885912219748416,46.51625168816332,0.002957647677718,0.0,-1.0,-26.422570060022192,7.106125354766846,2.4885912219748416,46.51625168816332,0.002957647677718,"(46.324, 46.855]"
1464772,23.35613920150316,108.15125110263996,1464772,322.60695939735547,-1.1115671922414867,322.60695939735547,-1.1115671922414867,213025.67-010641.6,3.1618676134988553,46.58858877625611,0.0172974559189,0.0,-1.0,-26.29395678887002,3.959763526916504,3.1618676134988553,46.58858877625611,0.0172974559189,"(46.324, 46.855]"
1452398,124.05991468553204,281.03429533361685,1452398,346.12526176319824,0.2093139573772184,346.12526176319824,0.2093139573772184,230430.06+001233.5,2.1559053577041727,46.34740686979306,0.0047937743028789,45.64711508125082,0.0069218284507037,-25.92597234745243,6.5709404945373535,2.1559053577041727,46.34740686979306,0.0047937743028789,"(46.324, 46.855]"
1453110,99.3502574939186,204.6048417307613,1453110,344.8564138350825,-0.8390367971086132,344.8564138350825,-0.8390367971086132,225925.53-005020.5,2.2972408644475935,46.59973577046817,0.0037450624780817,45.92990867341766,0.0100184997596137,-26.67923608346276,9.66700267791748,2.2972408644475935,46.59973577046817,0.0037450624780817,"(46.324, 46.855]"
1450871,74.66295887897247,166.85733947402767,1450871,349.04568381822685,-0.5949933355023345,349.04568381822685,-0.5949933355023345,231610.96-003541.9,2.932296414912768,46.558258035845924,0.0068262833043704,0.0,-1.0,-26.623784453495723,5.459096431732178,2.932296414912768,46.558258035845924,0.0068262833043704,"(46.324, 46.855]"
1461375,287.1113829319995,1098.325224139233,1461375,328.94684178186185,1.0658300061642243,328.94684178186185,1.0658300061642243,215547.24+010356.9,1.8996641778195642,46.32703433541513,0.0049824109094487,45.615227106373936,0.0049824109094487,-26.133865248833644,10.434090614318848,1.8996641778195642,46.32703433541513,0.0049824109094487,"(46.324, 46.855]"
1410825,45.895589862843934,329.70959003835407,1410825,26.433733,-0.641357,26.433733,-0.641357,014544.09-003828.8,1.8586002292346029,46.48947793266465,0.0086117405835324,45.77767070362346,0.0086117405835324,-26.140198493303572,5.617240905761719,1.8586002292346029,46.48947793266465,0.0086117405835324,"(46.324, 46.855]"
1389505,322.20977490066144,1039.3206436468024,1389505,41.62328302809033,0.5586980615682738,41.62328302809033,0.5586980615682738,024629.58+003331.3,2.345374212246141,46.37553430020851,0.0049314827701003,45.79050111111533,0.0120957400150061,-25.448890923184234,9.878539085388184,2.345374212246141,46.37553430020851,0.0049314827701003,"(46.324, 46.855]"
1447047,293.3709143294193,2539.8894432116845,1447047,356.25179688968194,-0.9933517698769828,356.25179688968194,-0.9933517698769828,234500.43-005936.0,0.7901505117756082,46.58192619271642,0.0014055190734794,45.87011896367523,0.0014055190734794,-26.914508839171507,45.20975112915039,0.7901505117756082,46.58192619271642,0.0014055190734794,"(46.324, 46.855]"
1400155,107.38618130911944,346.3702515216153,1400155,34.369284682000284,-0.8742353524231204,34.369284682000284,-0.8742353524231204,021728.62-005227.2,2.459510798690551,46.50596701064884,0.0034059630420166,0.0,-1.0,-26.60898404460691,6.13910436630249,2.459510798690551,46.50596701064884,0.0034059630420166,"(46.324, 46.855]"
1418951,222.29305797327305,457.32246925117175,1418951,20.59364710691281,0.8431709373671037,20.59364710691281,0.8431709373671037,012222.47+005035.4,2.5271840646061103,46.360136268985954,0.0030596693021642,0.0,-1.0,-25.140574661364617,4.781684875488281,2.5271840646061103,46.360136268985954,0.0030596693021642,"(46.324, 46.855]"
1461250,46.09850799041936,96.59033034766276,1461250,329.1800840220982,0.8631260192684566,329.1800840220982,0.8631260192684566,215643.22+005147.2,2.437045420988837,46.32807444320861,0.0035273170184204,45.66019140827064,0.0466045046229091,-26.0405246605247,5.130980014801025,2.437045420988837,46.32807444320861,0.0035273170184204,"(46.324, 46.855]"
1459690,85.34588833717801,234.61265200266703,1459690,332.1869903871108,0.8627405822679286,332.1869903871108,0.8627405822679286,220844.87+005145.8,2.294566920251426,46.32629215003905,0.0041559930695136,45.77317858068117,0.0140693595521241,-25.998112147050268,6.887867450714111,2.294566920251426,46.32629215003905,0.0041559930695136,"(46.324, 46.855]"
1436948,62.38554347757649,149.41565630787647,1436948,6.568427573070911,1.0392592700225254,6.568427573070911,1.0392592700225254,002616.42+010221.3,2.037978968880432,46.370470839587966,0.0060399745974564,45.663180761697305,0.0104136811990542,-25.67669672704937,8.539623260498047,2.037978968880432,46.370470839587966,0.0060399745974564,"(46.324, 46.855]"
1402784,84.1287501331743,328.3538056503529,1402784,32.528957,-0.805277,32.528957,-0.805277,021006.94-004818.9,1.8044839229792868,46.494115348320065,0.0102994352700633,45.78230811927887,0.0102994352700633,-26.248417690476813,6.256532669067383,1.8044839229792868,46.494115348320065,0.0102994352700633,"(46.324, 46.855]"
1436136,406.6409128019597,813.6734258536057,1436136,7.233114371925808,0.2333858248237401,7.233114371925808,0.2333858248237401,002855.94+001400.1,1.6090112316076348,46.62216194336916,0.0015185454113222,45.910354714327966,0.0015185454113222,-26.921484929169686,22.19150161743164,1.6090112316076348,46.62216194336916,0.0015185454113222,"(46.324, 46.855]"
1447552,45.66727429573408,130.81737262694423,1447552,355.1498913105378,-0.5851431403127971,355.1498913105378,-0.5851431403127971,234035.97-003506.5,2.3930736312368857,46.53449752891791,0.0034527553604277,45.74914143992631,0.031063732734136,-26.51351726737331,7.098536968231201,2.3930736312368857,46.53449752891791,0.0034527553604277,"(46.324, 46.855]"
1453178,40.22487377948513,65.69513575262239,1453178,344.716116,0.743583,344.716116,0.743583,225851.86+004436.8,2.1300264729607226,46.48356364093956,0.0137109316649137,0.0,-1.0,-26.57068332085946,5.992109775543213,2.1300264729607226,46.48356364093956,0.0137109316649137,"(46.324, 46.855]"
1446225,101.61743646989773,257.47063682882043,1446225,357.78774083404204,0.7328354412508754,357.78774083404204,0.7328354412508754,235109.05+004358.2,2.188773868252308,46.43245990411634,0.0045779049856804,45.80425934559396,0.0066533825680892,-25.75913966588965,7.985973358154297,2.188773868252308,46.43245990411634,0.0045779049856804,"(46.324, 46.855]"
1413963,183.4903321899775,819.4077749710204,1413963,24.208387434333304,-0.5479190194803106,24.208387434333304,-0.5479190194803106,013650.01-003252.5,1.5609170876024172,46.58847447557356,0.0016398732224551,45.87666724653237,0.0016398732224551,-26.289556410315313,15.76616096496582,1.5609170876024172,46.58847447557356,0.0016398732224551,"(46.324, 46.855]"
1439894,187.4670838707517,658.5441070055283,1439894,4.092037881336466,-0.1254384938742499,4.092037881336466,-0.1254384938742499,001622.08-000731.5,3.0756904011686297,46.57654056742031,0.0043187580532233,0.0,-1.0,-25.96076524970872,5.917962551116943,3.0756904011686297,46.57654056742031,0.0043187580532233,"(46.324, 46.855]"
1399412,38.46294987302802,492.94272790940863,1399412,34.86060907209454,-1.1825740447120132,34.86060907209454,-1.1825740447120132,021926.54-011057.2,2.8002056158238084,46.53082670082359,0.0059631449815356,0.0,-1.0,-27.802342366611608,7.856874465942383,2.8002056158238084,46.53082670082359,0.0059631449815356,"(46.324, 46.855]"
1412947,549.5995142737471,1497.3822764348108,1412947,24.96283734450948,0.4272006920699407,24.96283734450948,0.4272006920699407,013951.08+002537.9,1.341401495812084,46.40527259070968,0.002567327942085,45.69346536166849,0.002567327942085,-25.46852008749274,14.03897476196289,1.341401495812084,46.40527259070968,0.002567327942085,"(46.324, 46.855]"
1448534,144.20190348505184,673.2375277060074,1448534,353.422796,0.888439,353.422796,0.888439,233341.47+005318.3,1.9886156727454525,46.41027021782155,0.0116699785579719,45.811503131109184,0.0106376982319744,-26.510832435495562,5.980395317077637,1.9886156727454525,46.41027021782155,0.0116699785579719,"(46.324, 46.855]"
1445964,54.428925487497445,200.01442709645744,1445964,358.19711799018705,-0.430138478084088,358.19711799018705,-0.430138478084088,235247.30-002548.4,2.1662555106546093,46.43628299357781,0.0044990448515669,45.48852990474664,0.0205600781213561,-25.72396260227108,5.937780380249023,2.1662555106546093,46.43628299357781,0.0044990448515669,"(46.324, 46.855]"
1438640,256.9811179547068,565.7741767174342,1438640,5.118090534905832,-0.4874904228227558,5.118090534905832,-0.4874904228227558,002028.34-002914.9,1.9284305793689933,46.72983339620677,0.0020984765847238,46.01802616716558,0.0020984765847238,-26.68577742971261,17.789499282836914,1.9284305793689933,46.72983339620677,0.0020984765847238,"(46.324, 46.855]"
1419272,126.65670235234882,490.4013445271721,1419272,20.3504228987418,-0.882474098341457,20.3504228987418,-0.882474098341457,012124.10-005256.9,2.5406495806107885,46.42582900804706,0.003293406178944,0.0,-1.0,-26.38625502759354,4.627418041229248,2.5406495806107885,46.42582900804706,0.003293406178944,"(46.324, 46.855]"
1409695,93.90960291012333,306.62176020251445,1409695,27.2673622233228,0.6166558970018226,27.2673622233228,0.6166558970018226,014904.16+003659.9,2.7147818030439907,46.71343042283418,0.0027719090774596,0.0,-1.0,-26.93580084352764,9.334441184997559,2.7147818030439907,46.71343042283418,0.0027719090774596,"(46.324, 46.855]"
1447038,74.56686406728129,150.14395203896913,1447038,356.2869393126288,-0.077852093360295,356.2869393126288,-0.077852093360295,234508.86-000440.2,2.4990914967842475,46.619199448953815,0.0033297334500268,0.0,-1.0,-26.668053357478325,6.215109348297119,2.4990914967842475,46.619199448953815,0.0033297334500268,"(46.324, 46.855]"
1425220,52.265694803441605,171.90398967060722,1425220,15.735645159110726,0.5012844380418753,15.735645159110726,0.5012844380418753,010256.55+003004.6,3.0948306044337857,46.727682025399645,0.005149555388904,0.0,-1.0,-26.498017825164094,7.451436996459961,3.0948306044337857,46.727682025399645,0.005149555388904,"(46.324, 46.855]"
1448402,1110.1252023985498,3877.1748618609377,1448402,353.6666897978524,0.8671646330697095,353.6666897978524,0.8671646330697095,233440.00+005201.7,1.0384642470120573,46.53580296842505,0.0011094429452889,45.82399573938386,0.0011094429452889,-26.142839736544403,26.907777786254883,1.0384642470120573,46.53580296842505,0.0011094429452889,"(46.324, 46.855]"
1397765,617.5429301931067,2033.802084777462,1397765,35.955202295428066,0.7910630066426855,35.955202295428066,0.7910630066426855,022349.24+004727.8,2.3514424875837716,46.701318957917316,0.0019462777719887,46.20430451770774,0.007698296565703,-27.102689283348653,18.213777542114258,2.3514424875837716,46.701318957917316,0.0019462777719887,"(46.324, 46.855]"
1412013,443.2716038070435,1681.5145434079934,1412013,25.586721798713256,-0.8919838721914688,25.586721798713256,-0.8919838721914688,014220.81-005331.1,1.5672300023509447,46.54036091625255,0.0014852962980889,45.82855368721136,0.0014852962980889,-26.06272469146446,14.91276741027832,1.5672300023509447,46.54036091625255,0.0014852962980889,"(46.324, 46.855]"
1394026,55.6674693292095,193.640476715986,1394026,38.48714030930648,-0.1546605330601448,38.48714030930648,-0.1546605330601448,023356.91-000916.7,1.8551646995071582,46.46997276455273,0.0031963839277864,45.75816553551154,0.0031963839277864,-26.191289322272574,13.01954460144043,1.8551646995071582,46.46997276455273,0.0031963839277864,"(46.324, 46.855]"
1432375,74.89008536218796,144.0657777002535,1432375,10.142480848599178,0.232341762107218,10.142480848599178,0.232341762107218,004034.19+001356.4,2.544707507708074,46.54251105720889,0.0040211705076096,0.0,-1.0,-26.096703995996595,8.214517593383789,2.544707507708074,46.54251105720889,0.0040211705076096,"(46.324, 46.855]"
1450474,562.0904121196155,878.6552548179875,1450474,349.7386009725369,-0.4921944508300575,349.7386009725369,-0.4921944508300575,231857.26-002931.9,0.8945322784563506,46.51481872300642,0.0022618217899257,45.80301149396523,0.0022618217899257,-26.51027280102626,33.2005729675293,0.8945322784563506,46.51481872300642,0.0022618217899257,"(46.324, 46.855]"
1438052,105.69642467309107,196.6459602179848,1438052,5.651564,0.575784,5.651564,0.575784,002236.37+003432.8,1.8084954636212587,46.33388222331819,0.0099251525259091,45.622074994277,0.0099251525259091,-25.733674985588,5.104104995727539,1.8084954636212587,46.33388222331819,0.0099251525259091,"(46.324, 46.855]"
1450725,124.5624172731552,480.4452370375073,1450725,349.29492908803155,0.1498962549053842,349.29492908803155,0.1498962549053842,231710.78+000859.6,1.6917373325226583,46.557706422462594,0.0019998662338416,45.8458991934214,0.0019998662338416,-26.431194402530405,14.69951343536377,1.6917373325226583,46.557706422462594,0.0019998662338416,"(46.324, 46.855]"
1389530,20.576805047995965,103.5070434352175,1389530,41.61246993086803,0.5212426525654877,41.61246993086803,0.5212426525654877,024626.99+003116.4,3.295059262699522,46.684503008232625,0.0074176916855321,0.0,-1.0,-25.962873643702515,4.750181198120117,3.295059262699522,46.684503008232625,0.0074176916855321,"(46.324, 46.855]"
1406279,108.65817105503707,332.16044566970936,1406279,30.026306793933884,-0.6193752220218789,30.026306793933884,-0.6193752220218789,020006.31-003709.7,2.1477600148056477,46.571192881672914,0.0029722828803784,46.1919031267774,0.0026496210415452,-27.79853227976279,21.388505935668945,2.1477600148056477,46.571192881672914,0.0029722828803784,"(46.324, 46.855]"
1449312,96.45276969872776,290.68245961313806,1449312,351.9220277524772,-0.8497190714065891,351.9220277524772,-0.8497190714065891,232741.28-005058.9,1.8551535546296247,46.586786875941655,0.005040982135906,45.874979646900464,0.005040982135906,-26.568416086408916,9.976543426513672,1.8551535546296247,46.586786875941655,0.005040982135906,"(46.324, 46.855]"
1409220,125.94607816838491,208.0221768341588,1409220,27.643896466174965,-0.033530378927988734,27.643896466174965,-0.033530378927988734,015034.53-000200.7,1.7351219261118063,46.52378774609801,0.0026264934818165386,45.81198051705682,0.0026264934818165386,-20.780614984186613,8.221100807189941,1.7351219261118063,46.52378774609801,0.0026264934818165386,"(46.324, 46.855]"
1417274,52.92895912996661,165.62641857960665,1417274,21.882676631175293,1.033602795400781,21.882676631175293,1.033602795400781,012731.84+010200.9,2.496011636288324,46.39292971447261,0.0035681106465226,0.0,-1.0,-26.35392594712396,7.238924980163574,2.496011636288324,46.39292971447261,0.0035681106465226,"(46.324, 46.855]"
1392222,73.99904117716142,395.7201561191098,1392222,39.838204256609,1.107812218752018,39.838204256609,1.107812218752018,023921.16+010628.1,1.9723014976791382,46.798886165713874,0.0019318941625563,46.08707893667268,0.0019318941625563,-25.942757133658418,16.796327590942383,1.9723014976791382,46.798886165713874,0.0019318941625563,"(46.324, 46.855]"
1449232,455.001558854264,1103.959760894019,1449232,352.0830519900419,0.2389586437263912,352.0830519900419,0.2389586437263912,232819.93+001420.2,1.6032808660904379,46.370092333373904,0.0030900970959244,45.65828510433271,0.0030900970959244,-25.378203373657286,13.173707962036133,1.6032808660904379,46.370092333373904,0.0030900970959244,"(46.324, 46.855]"
1417872,120.4975612012224,198.9658786264768,1417872,21.42571924521428,0.2514013581794541,21.42571924521428,0.2514013581794541,012542.17+001505.0,1.1690359348318982,46.3329396024746,0.0018932818308421,45.62113237343341,0.0018932818308421,-25.866630062887143,17.199420928955078,1.1690359348318982,46.3329396024746,0.0018932818308421,"(46.324, 46.855]"
1452577,62.69776990014002,191.50496742345928,1452577,345.8183583742472,-0.2032110335092412,345.8183583742472,-0.2032110335092412,230316.40-001211.5,1.520014865475662,46.427952356934945,0.0020223909086709,45.71614512789375,0.0020223909086709,-26.044973084496203,20.52189064025879,1.520014865475662,46.427952356934945,0.0020223909086709,"(46.324, 46.855]"
1427359,1972.027637072128,7090.960903707248,1427359,14.002601346955425,0.8987450493262815,14.002601346955425,0.8987450493262815,005600.62+005355.4,2.7598150316148415,46.4961544472572,0.0043200172726969,0.0,-1.0,-26.570930791157597,6.003368377685547,2.7598150316148415,46.4961544472572,0.0043200172726969,"(46.324, 46.855]"
1456433,256.60336648675167,625.5284491041186,1456433,338.322812827204,-0.6330421629588971,338.322812827204,-0.6330421629588971,223317.47-003758.9,1.2756868239962305,46.585287516862905,0.0017232504664157,45.873480287821714,0.0017232504664157,-26.505809365655832,21.16744613647461,1.2756868239962305,46.585287516862905,0.0017232504664157,"(46.324, 46.855]"
1438326,241.5127264220476,572.827710115942,1438326,5.403093181245517,-1.06287720863679,5.403093181245517,-1.06287720863679,002136.74-010346.3,2.380391361748588,46.46255098641981,0.0041110413158769,45.68197232806407,0.0198569269903323,-25.374323475068586,5.782094478607178,2.380391361748588,46.46255098641981,0.0041110413158769,"(46.324, 46.855]"
1448387,119.10395389428496,301.129147964554,1448387,353.69386936505094,0.455840508504244,353.69386936505094,0.455840508504244,233446.52+002721.0,2.442272842055485,46.493184059795134,0.0040972802236645,45.8600442491242,0.0296414456941853,-26.369706555987488,6.840843200683594,2.442272842055485,46.493184059795134,0.0040972802236645,"(46.324, 46.855]"
1397462,54.10576821908951,136.4118714059028,1397462,36.16959260018308,-0.4513127438106196,36.16959260018308,-0.4513127438106196,022440.70-002704.7,2.6915670955027897,46.592844239831464,0.0031685153115894,0.0,-1.0,-26.612586958101005,7.271174907684326,2.6915670955027897,46.592844239831464,0.0031685153115894,"(46.324, 46.855]"
1447188,175.08637039156383,627.4656501838464,1447188,355.91807311298976,1.2151156240521943,355.91807311298976,1.2151156240521943,234340.33+011254.4,1.9605377752495894,46.706650313593904,0.0029122063404969,45.99484308455271,0.0029122063404969,-26.942773287899996,15.016854286193848,1.9605377752495894,46.706650313593904,0.0029122063404969,"(46.324, 46.855]"
1440363,635.582295230996,2234.1909814747187,1440363,3.714814646944177,0.9487333731513258,3.714814646944177,0.9487333731513258,001451.55+005655.4,1.4691654875905105,46.7024350211507,0.0009082985061077,45.99062779210951,0.0009082985061077,-26.59050785091101,25.899845123291016,1.4691654875905105,46.7024350211507,0.0009082985061077,"(46.324, 46.855]"
1449581,121.75668263728105,186.8846967296717,1449581,351.444635,0.93632,351.444635,0.93632,232546.71+005610.7,1.9643725639855518,46.45030463370333,0.0079039187986005,45.8294202719343,0.0121319699190785,-26.446831731160103,7.068120002746582,1.9643725639855518,46.45030463370333,0.0079039187986005,"(46.324, 46.855]"
1435629,49.27409674457428,94.2800825064726,1435629,7.6058801606222035,0.8363048971095339,7.6058801606222035,0.8363048971095339,003025.41+005010.6,2.4821504285828153,46.3789558465555,0.0039022324548767,0.0,-1.0,-25.29941764639185,6.724856376647949,2.4821504285828153,46.3789558465555,0.0039022324548767,"(46.324, 46.855]"
1425487,125.40820125358572,609.8448211539513,1425487,15.536321558953148,0.3173632529339742,15.536321558953148,0.3173632529339742,010208.71+001902.5,2.303729296738586,46.634482969950334,0.0028410864771792,45.46042967341696,0.0235137067085702,-26.50940283084818,9.802017211914062,2.303729296738586,46.634482969950334,0.0028410864771792,"(46.324, 46.855]"
1416423,145.99400645152247,428.7599818271415,1416423,22.45144885361756,0.966312759424766,22.45144885361756,0.966312759424766,012948.34+005758.7,1.7827860935349413,46.72944783388103,0.0020520493105316,46.01764060483984,0.0020520493105316,-26.85293612303036,18.92831802368164,1.7827860935349413,46.72944783388103,0.0020520493105316,"(46.324, 46.855]"
1425950,300.6588822304105,710.913770632366,1425950,15.17077,0.935822,15.17077,0.935822,010040.98+005608.9,2.172211267410979,46.51648422970748,0.0090633194418892,0.0,-1.0,-26.48277497089534,5.500422954559326,2.172211267410979,46.51648422970748,0.0090633194418892,"(46.324, 46.855]"
1405585,149.26222662883328,364.5945266065756,1405585,30.548506431605915,0.3868514276692708,30.548506431605915,0.3868514276692708,020211.64+002312.6,2.1121262965809007,46.49137167807489,0.0064354216827346,45.86318609850088,0.0082543374353711,-26.539486591733276,7.506435394287109,2.1121262965809007,46.49137167807489,0.0064354216827346,"(46.324, 46.855]"
1407461,45.92299210762256,149.2955838515929,1407461,29.028771,-0.300994,29.028771,-0.300994,015606.90-001803.5,2.0570766115497006,46.3681745314,0.0180167491711777,45.57636284857834,0.0476486839623895,-25.94875418394073,3.734591484069824,2.0570766115497006,46.3681745314,0.0180167491711777,"(46.324, 46.855]"
1417622,157.75779105016176,618.4592027145404,1417622,21.626575487475733,-1.0835113369835574,21.626575487475733,-1.0835113369835574,012630.37-010500.6,1.6121169882879411,46.78243559782244,0.0007637989721871,46.07062836878125,0.0007637989721871,-27.079066288850434,29.577930450439453,1.6121169882879411,46.78243559782244,0.0007637989721871,"(46.324, 46.855]"
1410048,289.34180534083305,436.5064067810856,1410048,27.017280754310264,0.8209722251041456,27.017280754310264,0.8209722251041456,014804.14+004915.5,1.99977834750422,46.67056950526087,0.0025821079679069,45.95876227621968,0.0025821079679069,-27.12179599721493,14.695505142211914,1.99977834750422,46.67056950526087,0.0025821079679069,"(46.324, 46.855]"
1417514,68.75543627451046,153.625817825913,1417514,21.71222120187402,-1.1904463938898195,21.71222120187402,-1.1904463938898195,012650.93-011125.6,2.497995781342748,46.47789267705689,0.0032920532790186,0.0,-1.0,-26.3759341709594,7.162088394165039,2.497995781342748,46.47789267705689,0.0032920532790186,"(46.324, 46.855]"
1455779,191.7680577885252,1168.3495033102326,1455779,339.567978234518,-0.1055934353136489,339.567978234518,-0.1055934353136489,223816.31-000620.1,1.103603649087131,46.37930216732078,0.0021897836700226,45.66749493827959,0.0021897836700226,-26.186609848382474,20.496021270751953,1.103603649087131,46.37930216732078,0.0021897836700226,"(46.324, 46.855]"
1428698,151.16529295217944,592.3110841674253,1428698,12.869198397404215,-0.4149519178410249,12.869198397404215,-0.4149519178410249,005128.60-002453.8,1.9397455907486316,46.591274564674464,0.0022630459052237,45.87946733563327,0.0022630459052237,-26.770139187713113,13.879700660705566,1.9397455907486316,46.591274564674464,0.0022630459052237,"(46.324, 46.855]"
1407108,102.47850008127382,422.5191725949561,1407108,29.321831561098897,-0.2491829933122265,29.321831561098897,-0.2491829933122265,015717.23-001457.0,1.6425838848965835,46.478856906892084,0.0037334557704191,45.76704967785089,0.0037334557704191,-26.283730161933843,13.2138671875,1.6425838848965835,46.478856906892084,0.0037334557704191,"(46.324, 46.855]"
1398671,172.23500501850052,458.1646385365148,1398671,35.367741,0.348935,35.367741,0.348935,022128.25+002056.1,2.0442355496488,46.77448857281334,0.0035436097505332,45.87585855026626,0.0083298956359421,-26.82871243670799,12.384787559509277,2.0442355496488,46.77448857281334,0.0035436097505332,"(46.324, 46.855]"
1412389,235.61132550229743,884.1448812809261,1412389,25.350071337695244,0.0123487574467007,25.350071337695244,0.0123487574467007,014124.01+000044.4,2.0730520588605224,46.55359524585224,0.0038257695788033,46.09592711604763,0.0034594758239485,-27.0577924533174,12.852334976196289,2.0730520588605224,46.55359524585224,0.0038257695788033,"(46.324, 46.855]"
1464375,33.64755656844684,165.02452294520486,1464375,323.3666359107044,-0.1078422304198078,323.3666359107044,-0.1078422304198078,213327.99-000628.2,2.952470325954765,46.59434616592732,0.0048052376518548,0.0,-1.0,-27.496441839768362,7.137234210968018,2.952470325954765,46.59434616592732,0.0048052376518548,"(46.324, 46.855]"
1436259,103.47225687053096,344.8548881901038,1436259,7.12185276566936,0.4159079762010121,7.12185276566936,0.4159079762010121,002829.24+002457.2,2.8089531446774343,46.35950352148851,0.0054643692117402,0.0,-1.0,-26.081466940536554,4.969000816345215,2.8089531446774343,46.35950352148851,0.0054643692117402,"(46.324, 46.855]"
1458757,86.9850586054026,219.8948821584796,1458757,333.922273012432,0.5668456155988314,333.922273012432,0.5668456155988314,221541.34+003400.6,2.9444634897448716,46.375884542842186,0.0058601554413684,0.0,-1.0,-25.76266116427138,3.9969887733459473,2.9444634897448716,46.375884542842186,0.0058601554413684,"(46.324, 46.855]"
1451421,448.022845710813,1035.039544715974,1451421,348.0057821102832,0.6271974047379468,348.0057821102832,0.6271974047379468,231201.38+003737.9,2.2106588242752747,46.57701998728101,0.0030584858658606,45.47919642491445,0.0121971521907546,-26.63414619246725,7.68353271484375,2.2106588242752747,46.57701998728101,0.0030584858658606,"(46.324, 46.855]"
1441633,36.15424738511037,186.0588372061459,1441633,2.607216939176056,-0.8653851778834019,2.607216939176056,-0.8653851778834019,001025.73-005155.3,2.7895080741349383,46.535298799695504,0.003990713086754,0.0,-1.0,-26.536966127217717,5.287616729736328,2.7895080741349383,46.535298799695504,0.003990713086754,"(46.324, 46.855]"
1445644,52.116038035471625,137.99789587895697,1445644,358.72098000000005,0.073055999,358.72098000000005,0.073055999,235453.03+000423.0,2.0017745638542586,46.72680272701297,0.0034402303368068,46.01499549797178,0.0034402303368068,1.0,8.715935707092285,2.0017745638542586,46.72680272701297,0.0034402303368068,"(46.324, 46.855]"
1446373,63.64493065717134,144.3023041380917,1446373,357.5115912706316,-0.8924951479594726,357.5115912706316,-0.8924951479594726,235002.78-005332.9,2.454273338041235,46.83119420728331,0.0019682200982735,46.1727372692064,0.0124159719718512,-27.337059202697265,18.214086532592773,2.454273338041235,46.83119420728331,0.0019682200982735,"(46.324, 46.855]"
1466469,94.5180005501697,249.90790498789468,1466469,319.564003,-1.092458,319.564003,-1.092458,211815.36-010532.8,1.379217944328985,46.34007551030091,0.0059270907498394,45.62826828125972,0.0059270907498394,-25.949109241598194,6.8917388916015625,1.379217944328985,46.34007551030091,0.0059270907498394,"(46.324, 46.855]"
1459981,20.799243256623665,99.56350427074476,1459981,331.65145381604907,1.1251772103648063,331.65145381604907,1.1251772103648063,220636.34+010730.6,3.1555756810539988,46.509261734790975,0.0127639499018101,0.0,-1.0,-26.555932475213357,3.741420030593872,3.1555756810539988,46.509261734790975,0.0127639499018101,"(46.324, 46.855]"
1424400,272.0021748969946,768.3140958065442,1424400,16.368276545071097,0.668531804590279,16.368276545071097,0.668531804590279,010528.38+004006.7,2.702307540626607,46.44331303721792,0.0048881827374707,0.0,-1.0,-26.061464792703365,5.908966064453125,2.702307540626607,46.44331303721792,0.0048881827374707,"(46.324, 46.855]"
1452303,48.15209907753257,138.70284277803728,1452303,346.30562511104444,1.1392163297813669,346.30562511104444,1.1392163297813669,230513.35+010821.1,2.949064102702873,46.33256361999082,0.0059969149702325,0.0,-1.0,-26.2945092626053,3.1063430309295654,2.949064102702873,46.33256361999082,0.0059969149702325,"(46.324, 46.855]"
1464445,60.83318093921691,360.552669094208,1464445,323.22997316218505,-1.2044500590773046,323.22997316218505,-1.2044500590773046,213255.19-011216.0,2.2962212919413316,46.69945918404966,0.0029683226317835,46.256319838988645,0.0060055344838332,-27.11010264009562,11.213460922241211,2.2962212919413316,46.69945918404966,0.0029683226317835,"(46.324, 46.855]"
1429033,51.48145414692537,186.26140480150264,1429033,12.604730775838275,-0.955083100898876,12.604730775838275,-0.955083100898876,005025.13-005718.2,2.569787223460542,46.636897111242604,0.0026944487338944,0.0,-1.0,-27.277765451550408,8.271743774414062,2.569787223460542,46.636897111242604,0.0026944487338944,"(46.324, 46.855]"
1453190,19.123900317323915,72.2695320672827,1453190,344.6977230917989,-1.0374252223610536,344.6977230917989,-1.0374252223610536,225847.45-010214.7,2.5907577396870898,46.425936456216185,0.0067063706330898,0.0,-1.0,-26.077735644995883,3.5377817153930664,2.5907577396870898,46.425936456216185,0.0067063706330898,"(46.324, 46.855]"
1430009,13.577020914114144,103.34896298324148,1430009,11.832876687412975,-1.0217668110980445,11.832876687412975,-1.0217668110980445,004719.89-010118.3,3.5790077571518344,46.68964724210034,0.0045948798706092,0.0,-1.0,-26.701026429481768,4.053126811981201,3.5790077571518344,46.68964724210034,0.0045948798706092,"(46.324, 46.855]"
1455966,72.4825380596142,165.77805708563176,1455966,339.18140781470976,-0.3690251295246036,339.18140781470976,-0.3690251295246036,223643.53-002208.4,1.8580514579342202,46.71037079682433,0.0019240682814114,45.99856356778314,0.0019240682814114,-26.772603820082935,20.545269012451172,1.8580514579342202,46.71037079682433,0.0019240682814114,"(46.324, 46.855]"
1452244,699.7469855435706,373.424844468901,1452244,346.43414434845687,-0.4255845613031771,346.43414434845687,-0.4255845613031771,230544.19-002532.1,1.3778369123614955,46.50220970498527,0.0010924673945105,45.79040247594408,0.0010924673945105,-26.22138676907668,23.214338302612305,1.3778369123614955,46.50220970498527,0.0010924673945105,"(46.324, 46.855]"
1448464,255.74812148138705,595.5794271428817,1448464,353.55574,0.228652,353.55574,0.228652,233413.37+001343.1,2.0869035897207184,46.39814054896207,0.0103844945388082,0.0,-1.0,-26.093273697351897,4.326218605041504,2.0869035897207184,46.39814054896207,0.0103844945388082,"(46.324, 46.855]"
1426488,181.74989111344723,441.4834353169683,1426488,14.722545017963228,0.7011364805792187,14.722545017963228,0.7011364805792187,005853.41+004204.0,2.602785278914572,46.62982785935578,0.0040068358831213,0.0,-1.0,-26.21749904258613,7.962403297424316,2.602785278914572,46.62982785935578,0.0040068358831213,"(46.324, 46.855]"
1448116,34.801373283420816,634.373062808914,1448116,354.148959,-1.126036,354.148959,-1.126036,233635.75-010733.7,1.3008296688457275,46.40578588320016,0.003165326773054,45.69397865415897,0.003165326773054,-25.384964012532997,6.6193366050720215,1.3008296688457275,46.40578588320016,0.003165326773054,"(46.324, 46.855]"
1395419,92.89097449037936,262.81383667406834,1395419,37.55739141880616,0.9898234955022256,37.55739141880616,0.9898234955022256,023013.77+005923.3,2.8918793215911873,46.568397148691055,0.0023331817502985,0.0,-1.0,-27.258969343091564,8.515573501586914,2.8918793215911873,46.568397148691055,0.0023331817502985,"(46.324, 46.855]"
1426985,455.16991030745766,1385.1818029271756,1426985,14.289606149008948,-0.9141379918363888,14.289606149008948,-0.9141379918363888,005709.50-005450.8,1.8991679523574758,46.54499884535741,0.0039874824359671,45.83319161631622,0.0039874824359671,-26.78834477462857,13.405055046081543,1.8991679523574758,46.54499884535741,0.0039874824359671,"(46.324, 46.855]"
1448844,26.981040055374887,68.40865782672762,1448844,352.8429849399689,-1.134788996453727,352.8429849399689,-1.134788996453727,233122.31-010805.2,2.150794348084576,46.34034358808541,0.007601926515111,45.621997103456,0.0144844729262985,-26.00968624285852,6.715108871459961,2.150794348084576,46.34034358808541,0.007601926515111,"(46.324, 46.855]"
1428749,14.577979524252877,70.47087502330412,1428749,12.834817766407058,-0.7138811939755744,12.834817766407058,-0.7138811939755744,005120.35-004249.9,2.3502388240571896,46.47779061807862,0.0055445786919641,45.60856498479294,0.0257320694989502,-26.404463923788622,6.66593074798584,2.3502388240571896,46.47779061807862,0.0055445786919641,"(46.324, 46.855]"
1402705,117.97588603716288,467.3626122832842,1402705,32.60021773046761,-0.7537160154682935,32.60021773046761,-0.7537160154682935,021024.05-004513.3,1.5461593576928865,46.524110464161105,0.002933762487725,45.81230323511991,0.002933762487725,-26.603976032624622,13.133503913879395,1.5461593576928865,46.524110464161105,0.002933762487725,"(46.324, 46.855]"
1446363,94.71273071233504,176.4310722812559,1446363,357.525573,0.743645,357.525573,0.743645,235006.13+004437.1,2.1773598557470115,46.431680331422456,0.0114389521271185,0.0,-1.0,-26.16319253718054,4.289787769317627,2.1773598557470115,46.431680331422456,0.0114389521271185,"(46.324, 46.855]"
1430177,49.8020926039573,346.8454639282293,1430177,11.705464378598036,-0.6010175772727889,11.705464378598036,-0.6010175772727889,004649.31-003603.6,2.5005504380560324,46.53106468838682,0.0023547050024887,0.0,-1.0,-26.08009722499735,6.141824245452881,2.5005504380560324,46.53106468838682,0.0023547050024887,"(46.324, 46.855]"
1464605,10.219326931812436,33.473236009880445,1464605,322.9078614772574,-0.5014742651888012,322.9078614772574,-0.5014742651888012,213137.88-003005.3,2.5607955149160357,46.452637572626756,0.0026816734475829,0.0,-1.0,-25.89802712190984,6.6020989418029785,2.5607955149160357,46.452637572626756,0.0026816734475829,"(46.324, 46.855]"
1455413,22.07310586666746,85.28331230254153,1455413,340.32324930233096,-1.1354208226356557,340.32324930233096,-1.1354208226356557,224117.57-010807.5,2.8153445943664255,46.49341639229688,0.0043480916658182,0.0,-1.0,-26.44551466002249,5.542999744415283,2.8153445943664255,46.49341639229688,0.0043480916658182,"(46.324, 46.855]"
1426973,365.1175900251322,881.1326474423682,1426973,14.304312614664235,0.9571121435278336,14.304312614664235,0.9571121435278336,005713.03+005725.6,1.7727806007652163,46.50367858403942,0.0031348690508288,45.79187135499823,0.0031348690508288,-26.661637568618314,11.042489051818848,1.7727806007652163,46.50367858403942,0.0031348690508288,"(46.324, 46.855]"
1392705,108.27065191764176,421.3625001841149,1392705,39.48377992036177,0.354054769422282,39.48377992036177,0.354054769422282,023756.10+002114.5,2.6642442733497504,46.71507190853383,0.0038407594416653,0.0,-1.0,-26.92189730217211,10.038150787353516,2.6642442733497504,46.71507190853383,0.0038407594416653,"(46.324, 46.855]"
1451075,27.79073247943726,131.65576015512394,1451075,348.6654339434152,-0.3800105735532977,348.6654339434152,-0.3800105735532977,231439.70-002248.0,2.856018377771456,46.42178582274242,0.0053496262632926,0.0,-1.0,-26.173197130512357,4.623706817626953,2.856018377771456,46.42178582274242,0.0053496262632926,"(46.324, 46.855]"
1431473,17.470780848498915,64.44349726367915,1431473,10.777647996843882,-1.027543431086977,10.777647996843882,-1.027543431086977,004306.63-010139.1,2.1788968874336727,46.35591059233808,0.0048024878686057,45.51252429387715,0.0116129623279661,-25.942414291465216,7.469601631164551,2.1788968874336727,46.35591059233808,0.0048024878686057,"(46.324, 46.855]"
1465858,128.13385051784314,369.2537502322864,1465858,320.7390581618305,0.823206571804848,320.7390581618305,0.823206571804848,212257.37+004923.5,2.161004921634197,46.395130501661896,0.0059456009127529,45.76378021806104,0.0065673741085419,-26.19998601603658,8.514039993286133,2.161004921634197,46.395130501661896,0.0059456009127529,"(46.324, 46.855]"
1392594,120.0469481864941,304.4047021851199,1392594,39.55752522847505,-0.3941607428729832,39.55752522847505,-0.3941607428729832,023813.80-002338.9,1.622437094016232,46.472925398739,0.0028941319299988,45.76111816969781,0.0028941319299988,-25.812843167124353,12.732292175292969,1.622437094016232,46.472925398739,0.0028941319299988,"(46.324, 46.855]"
1443540,61.77172303478231,4833.411180245608,1443540,1.068623,-0.883529,1.068623,-0.883529,000416.46-005300.7,2.0144603315471485,46.58160851308645,0.0115235772610731,45.62482181904964,0.0231172179051775,-26.38744882843533,5.492827415466309,2.0144603315471485,46.58160851308645,0.0115235772610731,"(46.324, 46.855]"
1452586,48.66426370669287,138.5179361319309,1452586,345.7975615421768,1.0764242401936013,345.7975615421768,1.0764242401936013,230311.41+010435.1,2.9661819452059195,46.46128055192243,0.0108784626647739,0.0,-1.0,-26.111012482974637,3.6598901748657227,2.9661819452059195,46.46128055192243,0.0108784626647739,"(46.324, 46.855]"
1450376,55.77841625998421,105.8815399391522,1450376,349.922588,-0.524115,349.922588,-0.524115,231941.42-003126.8,2.0297758057728714,46.42643009838774,0.0140968286109526,45.695552213726415,0.0246724275404233,-26.53915641335106,4.940521240234375,2.0297758057728714,46.42643009838774,0.0140968286109526,"(46.324, 46.855]"
1451572,106.90990399966807,338.93507220207994,1451572,347.73169584348784,-0.038653127094283,347.73169584348784,-0.038653127094283,231055.60-000219.1,2.6925490631484057,46.73672440019151,0.0017758703757984,0.0,-1.0,-27.20587123787642,14.33881950378418,2.6925490631484057,46.73672440019151,0.0017758703757984,"(46.324, 46.855]"
1460542,44.88096304197639,335.7101180463278,1460542,330.505663,0.51374,330.505663,0.51374,220201.35+003049.4,1.7286339956180297,46.43831752191952,0.0101074123740865,45.72651029287833,0.0101074123740865,-26.13889592348788,6.863959789276123,1.7286339956180297,46.43831752191952,0.0101074123740865,"(46.324, 46.855]"
1464453,11.93785769538263,21.210986781424065,1464453,323.2087566799497,1.0389428849465234,323.2087566799497,1.0389428849465234,213250.10+010220.1,2.7517966806786687,46.54119912708741,0.0044574249157065,0.0,-1.0,-26.260409696918863,5.5814290046691895,2.7517966806786687,46.54119912708741,0.0044574249157065,"(46.324, 46.855]"
1441989,28.206617718951257,39.63184757420581,1441989,2.300351705614787,0.9717341278932176,2.300351705614787,0.9717341278932176,000912.08+005818.2,2.7004090984467903,46.54081135985793,0.0022630947141948,0.0,-1.0,-26.55275487324769,6.8045525550842285,2.7004090984467903,46.54081135985793,0.0022630947141948,"(46.324, 46.855]"
1418545,35.8929584300861,76.35547849574206,1418545,20.908574969203688,0.5029277016080814,20.908574969203688,0.5029277016080814,012338.05+003010.5,2.2719903681990963,46.51869978364707,0.0040455233429845,45.73292866397068,0.0085506992720034,-26.189155823919045,7.597142696380615,2.2719903681990963,46.51869978364707,0.0040455233429845,"(46.324, 46.855]"
1455674,47.381609387663744,128.36757658793923,1455674,339.7720408109092,-1.1081885758452252,339.7720408109092,-1.1081885758452252,223905.28-010629.4,2.915795979445254,46.60065230605067,0.0049823407707201,0.0,-1.0,-26.670867870065425,5.805942535400391,2.915795979445254,46.60065230605067,0.0049823407707201,"(46.324, 46.855]"
1403930,52.12130413729708,121.1990821483558,1403930,31.737277945719477,-0.9325263632581045,31.737277945719477,-0.9325263632581045,020656.94-005557.0,2.2381589263023667,46.508192628164565,0.0037343237186675,45.55087046610152,0.0170199726247766,-26.514433099190917,7.324914932250977,2.2381589263023667,46.508192628164565,0.0037343237186675,"(46.324, 46.855]"
1431635,804.4634980201716,1930.576670203702,1431635,10.655951928573812,0.4349185089014531,10.655951928573812,0.4349185089014531,004237.42+002605.7,1.4777587984163143,46.57853576273393,0.0024601548570402,45.866728533692736,0.0024601548570402,-25.56911262316355,15.177597045898438,1.4777587984163143,46.57853576273393,0.0024601548570402,"(46.324, 46.855]"
1450714,249.22186715088856,700.3119544349174,1450714,349.31010168299935,-0.0819570729644706,349.31010168299935,-0.0819570729644706,231714.42-000455.0,2.9461058337376897,46.784489031650494,0.0022214248316458,0.0,-1.0,-27.142235478360227,8.531055450439453,2.9461058337376897,46.784489031650494,0.0022214248316458,"(46.324, 46.855]"
1443828,51.81888022814359,159.3648494934239,1443828,0.8183094042508401,-0.1256795377857294,0.8183094042508401,-0.1256795377857294,000316.39-000732.4,3.16548647055064,46.741465491296864,0.0064193761481732,0.0,-1.0,-26.901123371223225,5.8085527420043945,3.16548647055064,46.741465491296864,0.0064193761481732,"(46.324, 46.855]"
1414251,1530.8755833966527,6487.509154561527,1414251,23.982880529156205,0.6713360901621347,23.982880529156205,0.6713360901621347,013555.89+004016.8,0.9080967009731896,46.45065220035384,0.0013145529512001,45.738844971312645,0.0013145529512001,-25.851391884821854,30.339111328125,0.9080967009731896,46.45065220035384,0.0013145529512001,"(46.324, 46.855]"
1430412,1190.8636084295497,3019.486050527017,1430412,11.556206400305996,0.3994630383992471,11.556206400305996,0.3994630383992471,004613.48+002358.0,2.118867250117358,46.773420131537584,0.0025130296137128,46.19223497615266,0.0058346250776928,-27.267278502013358,17.667558670043945,2.118867250117358,46.773420131537584,0.0025130296137128,"(46.324, 46.855]"
1449509,78.02350859524633,203.9580904341049,1449509,351.587121,-0.842816,351.587121,-0.842816,232620.90-005034.1,1.8096922532153417,46.354422246062654,0.0070803327987221,45.64261501702146,0.0070803327987221,-26.132899736093155,5.469661235809326,1.8096922532153417,46.354422246062654,0.0070803327987221,"(46.324, 46.855]"
1448143,1050.799413079346,3638.795327707188,1448143,354.100182196999,0.0460899762541612,354.100182196999,0.0460899762541612,233624.04+000245.9,1.0951291251744102,46.589195218582134,0.0006933029042066,45.87738798954094,0.0006933029042066,-26.274379935521594,35.0942497253418,1.0951291251744102,46.589195218582134,0.0006933029042066,"(46.324, 46.855]"
1430240,104.78378973392292,255.07546781570704,1430240,11.666085321728165,0.1256101997644465,11.666085321728165,0.1256101997644465,004639.86+000732.1,2.132124022891005,46.67458671328494,0.002458066090206,45.929805899363416,0.0025636650092302,-27.04707293247812,12.957160949707031,2.132124022891005,46.67458671328494,0.002458066090206,"(46.324, 46.855]"
1403525,177.2884638398793,564.5476519707396,1403525,32.00493,-0.65488,32.00493,-0.65488,020801.18-003917.5,1.980301779313484,46.41574001880126,0.005804191684426,45.62299799982021,0.0129004193261401,-26.101987528362656,4.791189193725586,1.980301779313484,46.41574001880126,0.005804191684426,"(46.324, 46.855]"
1443650,12.024384926935054,50.98855357383519,1443650,0.979079238780514,-0.0426256819152959,0.979079238780514,-0.0426256819152959,000354.97-000233.4,2.492659559511315,46.32646354478268,0.0048782104895472,0.0,-1.0,-26.10368238776798,4.892510414123535,2.492659559511315,46.32646354478268,0.0048782104895472,"(46.324, 46.855]"
1392140,112.86704373998452,423.3953650287929,1392140,39.89158987344233,-1.0212355096847467,39.89158987344233,-1.0212355096847467,023933.98-010116.4,1.8531995725452768,46.58716982168647,0.0031116228650134,45.87536259264528,0.0031116228650134,-26.865572773019416,18.0463924407959,1.8531995725452768,46.58716982168647,0.0031116228650134,"(46.324, 46.855]"
1451288,24.535980282266777,58.120429662829416,1451288,348.23159494719584,0.6168035428026217,348.23159494719584,0.6168035428026217,231255.58+003700.4,2.6047922355622344,46.39428782717932,0.005512866350088,0.0,-1.0,-26.248698480985187,5.623122215270996,2.6047922355622344,46.39428782717932,0.005512866350088,"(46.324, 46.855]"
1400339,80.03557826282128,200.7611734950626,1400339,34.239847741167296,-0.5497743763513347,34.239847741167296,-0.5497743763513347,021657.56-003259.1,3.1232997667424263,46.57772223314235,0.0083173324016883,0.0,-1.0,-26.68451916238259,4.459077835083008,3.1232997667424263,46.57772223314235,0.0083173324016883,"(46.324, 46.855]"
1399507,30.986848632322783,107.696433613146,1399507,34.78188392189884,-0.0715364128354573,34.78188392189884,-0.0715364128354573,021907.65-000417.5,3.106001615853663,46.48503641957532,0.0178437942890816,0.0,-1.0,-26.648904882505235,4.025304794311523,3.106001615853663,46.48503641957532,0.0178437942890816,"(46.324, 46.855]"
1439445,65.51168682186393,132.05830221053407,1439445,4.449159673769445,-0.3044194643769866,4.449159673769445,-0.3044194643769866,001747.79-001815.9,2.5106454349307135,46.54746794377637,0.0027671859472171,0.0,-1.0,-26.553602448378463,9.330795288085938,2.5106454349307135,46.54746794377637,0.0027671859472171,"(46.324, 46.855]"
1457255,24.982376073034803,838.4494970315113,1457255,336.7702524654944,-1.1811745223797667,336.7702524654944,-1.1811745223797667,222704.86-011052.2,1.8291154001573486,46.612397054551415,0.0016883937146765,45.900589825510224,0.0016883937146765,-27.49980869561241,19.205705642700195,1.8291154001573486,46.612397054551415,0.0016883937146765,"(46.324, 46.855]"
1443777,287.2152646060385,454.5305050800712,1443777,0.8611311980878984,0.1992245422271421,0.8611311980878984,0.1992245422271421,000326.67+001157.2,1.8480074246223963,46.558819132519744,0.0024570005381256,45.84701190347855,0.0024570005381256,-26.563876422303345,14.47348690032959,1.8480074246223963,46.558819132519744,0.0024570005381256,"(46.324, 46.855]"
1413791,17.18661418476431,66.68111988472474,1413791,24.350841000000003,0.99118034,24.350841000000003,0.99118034,013724.20+005928.2,2.95846610897433,46.45170325030444,0.0054223923061407,0.0,-1.0,1.0,4.3375043869018555,2.95846610897433,46.45170325030444,0.0054223923061407,"(46.324, 46.855]"
1459682,119.27848959190582,489.0271363740526,1459682,332.19875688124955,1.2028352058583,332.19875688124955,1.2028352058583,220847.70+011210.2,1.923935197693157,46.51150094612845,0.0061243768886427,45.79969371708726,0.0061243768886427,-26.497229811853707,11.635046005249023,1.923935197693157,46.51150094612845,0.0061243768886427,"(46.324, 46.855]"
1415756,263.4876018163663,490.7150588283972,1415756,22.971127573344557,0.9491712540604084,22.971127573344557,0.9491712540604084,013153.07+005657.0,2.373190305883023,46.633560038834105,0.0021747406189298,45.83196827062687,0.0137467924560645,-26.820241701400377,10.142105102539062,2.373190305883023,46.633560038834105,0.0021747406189298,"(46.324, 46.855]"
1441273,167.46313993630375,499.5528737749535,1441273,2.923933858221176,-0.0719315567002506,2.923933858221176,-0.0719315567002506,001141.74-000418.9,3.0763177592985467,46.70170598673128,0.0083237463886156,0.0,-1.0,-26.047309703037065,6.462568283081055,3.0763177592985467,46.70170598673128,0.0083237463886156,"(46.324, 46.855]"
1452283,218.18806694709,387.6959332475843,1452283,346.3512629543367,0.5094335800564402,346.3512629543367,0.5094335800564402,230524.30+003033.9,1.7622227772851349,46.8226660278974,0.0012550516817348,46.110858798856206,0.0012550516817348,-27.077445276120393,25.005891799926758,1.7622227772851349,46.8226660278974,0.0012550516817348,"(46.324, 46.855]"
1436579,179.82726594620388,324.377439901148,1436579,6.847669739021464,-0.2703504526251543,6.847669739021464,-0.2703504526251543,002723.44-001613.2,1.7131573098428194,46.49473354585917,0.0021118765587821,45.78292631681798,0.0021118765587821,-26.553040734954422,18.043977737426758,1.7131573098428194,46.49473354585917,0.0021118765587821,"(46.324, 46.855]"
1451719,18.048519518997296,75.10330243317546,1451719,347.46773244683953,0.0034033678655694,347.46773244683953,0.0034033678655694,230952.25+000012.2,2.9862880857447602,46.53040504018486,0.0038556678020817,0.0,-1.0,-26.01917288309909,5.59136962890625,2.9862880857447602,46.53040504018486,0.0038556678020817,"(46.324, 46.855]"
1392014,308.62993112772654,570.5791618664588,1392014,39.97843237144363,-0.5077341049461763,39.97843237144363,-0.5077341049461763,023954.82-003027.8,1.5384614768790947,46.597316616709264,0.0019600660474594,45.88550938766807,0.0019600660474594,-26.229315506187405,17.07320785522461,1.5384614768790947,46.597316616709264,0.0019600660474594,"(46.324, 46.855]"
1451010,249.7755053349873,857.9954694930404,1451010,348.78655328950083,-0.505651176645367,348.78655328950083,-0.505651176645367,231508.77-003020.3,1.8086340191012924,46.446439149618115,0.0032048726919704,45.73463192057692,0.0032048726919704,-26.318031155513548,10.977686882019043,1.8086340191012924,46.446439149618115,0.0032048726919704,"(46.324, 46.855]"
1389993,239.59950977271103,772.7854539139778,1389993,41.32129468086077,1.235707922412641,41.32129468086077,1.235707922412641,024517.11+011408.5,1.4421044194635328,46.845551654459044,0.0012207088113918,46.13374442541785,0.0012207088113918,-26.96963706219514,31.386669158935547,1.4421044194635328,46.845551654459044,0.0012207088113918,"(46.324, 46.855]"
1398025,97.19449397898502,222.66295356651733,1398025,35.76720796424736,0.5026226195782856,35.76720796424736,0.5026226195782856,022304.12+003009.4,2.5836614170580807,46.45336193222045,0.002509717668218,0.0,-1.0,-26.15886321560775,7.00634241104126,2.5836614170580807,46.45336193222045,0.002509717668218,"(46.324, 46.855]"
1449639,227.00538614128132,592.9619585764217,1449639,351.3305687138364,1.1966240474291925,351.3305687138364,1.1966240474291925,232519.33+011147.8,1.7324354862643794,46.837929872245155,0.0012084865706682,46.12612264320396,0.0012084865706682,-27.0377469691078,24.376012802124023,1.7324354862643794,46.837929872245155,0.0012084865706682,"(46.324, 46.855]"
1463661,553.377115376262,1491.3605331502813,1463661,324.586521704853,-0.4585367021954181,324.586521704853,-0.4585367021954181,213820.76-002730.7,1.9783188973583012,46.442811744858595,0.0045082501294153,45.7310045158174,0.0045082501294153,-24.972090529244966,9.023041725158691,1.9783188973583012,46.442811744858595,0.0045082501294153,"(46.324, 46.855]"
1446594,24.87776965631684,56.88710598179769,1446594,357.1147537769534,-0.2102548283059155,357.1147537769534,-0.2102548283059155,234827.54-001236.9,2.237279193087053,46.38552705128509,0.0042665877925216,45.69996267445166,0.014108470725958,-25.762319595817942,5.000266075134277,2.237279193087053,46.38552705128509,0.0042665877925216,"(46.324, 46.855]"
1442679,212.4087185335078,455.1487628756201,1442679,1.7470486158475946,-0.2946883977462346,1.7470486158475946,-0.2946883977462346,000659.29-001740.8,2.0335104486535007,46.585921649500705,0.0035896416153775,45.89178299866951,0.0031455063602798,-26.211486885426382,12.291671752929688,2.0335104486535007,46.585921649500705,0.0035896416153775,"(46.324, 46.855]"
1451987,24.605950410947308,69.86451661346437,1451987,346.9611979927721,-0.920400980801176,346.9611979927721,-0.920400980801176,230750.68-005513.4,3.152053463423738,46.36052064261215,0.0108453793719967,0.0,-1.0,-25.92964239401053,3.3114426136016846,3.152053463423738,46.36052064261215,0.0108453793719967,"(46.324, 46.855]"
1429792,24.611329910626324,87.0745822992442,1429792,11.981809485295884,0.6804372917288134,11.981809485295884,0.6804372917288134,004755.63+004049.5,2.7905864556147395,46.50906738882399,0.0043366456673012,0.0,-1.0,-26.44308468896184,6.275719165802002,2.7905864556147395,46.50906738882399,0.0043366456673012,"(46.324, 46.855]"
1402285,83.0726813891161,234.32323682129604,1402285,32.90687004457823,0.4159724432691293,32.90687004457823,0.4159724432691293,021137.64+002457.5,2.5592691308294273,46.39214800222222,0.0068521098404303,0.0,-1.0,-25.78550109669947,5.768821716308594,2.5592691308294273,46.39214800222222,0.0068521098404303,"(46.324, 46.855]"
1426941,15.922896005097089,58.71117513261862,1426941,14.333693950001091,-1.1796220253452028,14.333693950001091,-1.1796220253452028,005720.08-011046.6,2.271894897142301,46.41131981817506,0.005217925372758,45.814075739388976,0.0146017213165912,-26.720167257104578,7.942514419555664,2.271894897142301,46.41131981817506,0.005217925372758,"(46.324, 46.855]"
1406410,327.62564982608666,945.4937752266592,1406410,29.908702421858077,0.4442204291024383,29.908702421858077,0.4442204291024383,015938.08+002639.1,1.6092812144432647,46.59409011151409,0.0023907054616785,45.8822828824729,0.0023907054616785,-26.775552283824148,14.776264190673828,1.6092812144432647,46.59409011151409,0.0023907054616785,"(46.324, 46.855]"
1452700,960.4668500709158,1720.535085790964,1452700,345.546987,1.009281,345.546987,1.009281,230211.27+010033.4,2.0067288957804617,46.654828412594334,0.0082810505368478,45.89529178716883,0.011770778020292,-26.510715777754637,7.569936752319336,2.0067288957804617,46.654828412594334,0.0082810505368478,"(46.324, 46.855]"
1451711,79.63345347902296,261.07215180417467,1451711,347.4787441528365,-1.1869594517061326,347.4787441528365,-1.1869594517061326,230954.89-011113.0,1.6531781049994432,46.40077833694603,0.001779359077183,45.68897110790484,0.001779359077183,-25.99691284218292,17.369823455810547,1.6531781049994432,46.40077833694603,0.001779359077183,"(46.324, 46.855]"
1447718,31.049745987851413,135.32004940695137,1447718,354.8365574560688,0.4307883223717346,354.8365574560688,0.4307883223717346,233920.77+002550.8,3.5444659418959166,46.670874140134245,0.0038821710159631,0.0,-1.0,-26.962522830642172,5.402819633483887,3.5444659418959166,46.670874140134245,0.0038821710159631,"(46.324, 46.855]"
1447819,239.84946380793093,434.3028307886183,1447819,354.66122023585035,1.246765028391845,354.66122023585035,1.246765028391845,233838.69+011448.3,2.0716225844837775,46.422087592744944,0.0044389271389917,45.64906712801852,0.0053326116791296,-26.294683902997594,8.398383140563965,2.0716225844837775,46.422087592744944,0.0044389271389917,"(46.324, 46.855]"
1456303,31.03896803522442,86.81454097091859,1456303,338.5391536919635,-0.5671657957880463,338.5391536919635,-0.5671657957880463,223409.39-003401.7,2.7931220156221004,46.52617993952172,0.0041092251654788,0.0,-1.0,-26.007848734191317,7.261260986328125,2.7931220156221004,46.52617993952172,0.0041092251654788,"(46.324, 46.855]"
1425055,60.53518561425101,482.63002299667073,1425055,15.859966810349746,1.124883048905096,15.859966810349746,1.124883048905096,010326.39+010729.5,1.4530458967087114,46.42969916397172,0.0014108890859709,45.71789193493053,0.0014108890859709,-26.076960702764698,15.503252029418945,1.4530458967087114,46.42969916397172,0.0014108890859709,"(46.324, 46.855]"
1438342,47.55124511927743,87.73197473088891,1438342,5.391316157669603,0.1292877950710909,5.391316157669603,0.1292877950710909,002133.91+000745.4,2.549899563065531,46.540798106103175,0.0036197414299152,0.0,-1.0,-26.51661709416657,7.223189353942871,2.549899563065531,46.540798106103175,0.0036197414299152,"(46.324, 46.855]"
1389280,81.8920517545172,899.8834390236126,1389280,41.75495811407604,0.0584009439018718,41.75495811407604,0.0584009439018718,024701.18+000330.2,2.1483783566483057,46.37824916124667,0.005524235855038,46.23455761147253,0.002056596502129,-27.27790063941187,16.969022750854492,2.1483783566483057,46.37824916124667,0.005524235855038,"(46.324, 46.855]"
1436028,533.0661949306826,828.7073875042516,1436028,7.322132,-0.428044,7.322132,-0.428044,002917.31-002540.9,1.7717477485315531,46.371680206383054,0.0054785166935715,45.65987297734186,0.0054785166935715,-26.070147703493955,5.686506271362305,1.7717477485315531,46.371680206383054,0.0054785166935715,"(46.324, 46.855]"
1441243,24.54098549132321,49.06662827067778,1441243,2.9537303472000644,1.1100388168588675,2.9537303472000644,1.1100388168588675,001148.89+010636.1,2.6692961247138296,46.3778314497568,0.0051884456110649,0.0,-1.0,-26.241179682563796,5.601995468139648,2.6692961247138296,46.3778314497568,0.0051884456110649,"(46.324, 46.855]"
1447682,74.89765044200865,134.03353661085234,1447682,354.9160476182973,0.3272310493370504,354.9160476182973,0.3272310493370504,233939.85+001938.0,2.840399029027088,46.45820684040633,0.0046065009095492,0.0,-1.0,-26.92156028334724,5.672387599945068,2.840399029027088,46.45820684040633,0.0046065009095492,"(46.324, 46.855]"
1465613,138.5137060766214,361.47095593066064,1465613,321.1345956681749,1.0483123612764615,321.1345956681749,1.0483123612764615,212432.30+010253.9,2.0247795749532975,46.430203846158655,0.0043045637097343,45.79804451015814,0.0034204010151555,-26.549708892752232,11.076668739318848,2.0247795749532975,46.430203846158655,0.0043045637097343,"(46.324, 46.855]"
1448824,75.91379447628934,257.4468019270186,1448824,352.8811732520734,0.6123430403571459,352.8811732520734,0.6123430403571459,233131.48+003644.4,2.852113415520518,46.714646573812296,0.002396482405274,0.0,-1.0,-27.219450167093346,8.360188484191895,2.852113415520518,46.714646573812296,0.002396482405274,"(46.324, 46.855]"
1434525,29.027299871060755,97.35998894529362,1434525,8.52695370250882,0.2606530130413359,8.52695370250882,0.2606530130413359,003406.46+001538.3,2.6693741786144902,46.41966742292825,0.0046305550702605,0.0,-1.0,-25.873675959357914,5.633307456970215,2.6693741786144902,46.41966742292825,0.0046305550702605,"(46.324, 46.855]"
1422142,326.3071893184564,670.6846253427732,1422142,18.16765278255106,-0.8676513121520416,18.16765278255106,-0.8676513121520416,011240.23-005203.5,1.904097673710874,46.82457668326157,0.001760595076476,46.11276945422038,0.001760595076476,-26.822829627008076,16.952320098876953,1.904097673710874,46.82457668326157,0.001760595076476,"(46.324, 46.855]"
1445605,12.842384074191028,49.050895648432366,1445605,358.7936359244596,-0.7781897005365087,358.7936359244596,-0.7781897005365087,235510.47-004641.4,3.3734395324095794,46.507734523504276,0.0093180421557299,0.0,-1.0,-27.176958971393738,3.4978079795837402,3.3734395324095794,46.507734523504276,0.0093180421557299,"(46.324, 46.855]"
1444621,59.83439955203557,205.0552230896584,1444621,0.1625213952346094,-0.3011128893047407,0.1625213952346094,-0.3011128893047407,000039.00-001804.0,2.1361225688106797,46.79234736755279,0.0025353085356272,45.8826356241398,0.0097771330493756,-27.189038208266798,16.099903106689453,2.1361225688106797,46.79234736755279,0.0025353085356272,"(46.324, 46.855]"
1397180,70.34396430679521,152.04016139896447,1397180,36.35897568706844,1.023357958570454,36.35897568706844,1.023357958570454,022526.15+010124.0,1.8800122167112057,46.34367249328468,0.0041578651781613,45.63186526424349,0.0041578651781613,-25.717014869464084,9.419386863708496,1.8800122167112057,46.34367249328468,0.0041578651781613,"(46.324, 46.855]"
1393648,94.94651181288272,300.25933128575787,1393648,38.7592451601826,0.7683336238648286,38.7592451601826,0.7683336238648286,023502.21+004606.0,2.4889994536649493,46.399426497648314,0.0040344899839013,0.0,-1.0,-26.378745292142742,5.205677509307861,2.4889994536649493,46.399426497648314,0.0040344899839013,"(46.324, 46.855]"
1424199,289.10468111062374,817.110885809913,1424199,16.522328,-0.997458,16.522328,-0.997458,010605.35-005950.8,1.85593431924184,46.377418153672785,0.0095002344832764,45.66561092463159,0.0095002344832764,-26.24956207574477,5.848639488220215,1.85593431924184,46.377418153672785,0.0095002344832764,"(46.324, 46.855]"
1430654,81.54636388281604,203.4200514454308,1430654,11.371558147430791,0.0987347847236882,11.371558147430791,0.0987347847236882,004529.17+000555.4,3.0772129800950427,46.68249389677996,0.0040591609165367,0.0,-1.0,-26.610818724399707,6.94522762298584,3.0772129800950427,46.68249389677996,0.0040591609165367,"(46.324, 46.855]"
1464197,83.34739549291106,196.3601791073766,1464197,323.66235813433195,0.1649249363476427,323.66235813433195,0.1649249363476427,213438.96+000953.7,2.4125848035696986,46.79365183214371,0.0022722136011452,46.01908406189002,0.019958011451056,-27.126116883380632,13.448488235473633,2.4125848035696986,46.79365183214371,0.0022722136011452,"(46.324, 46.855]"
1418335,561.7731458923632,1457.5583595634237,1418335,21.0604568182805,1.1875056861693711,21.0604568182805,1.1875056861693711,012414.50+011115.0,1.5558797574603411,46.55743213395255,0.0021998984073263,45.84562490491136,0.0021998984073263,-26.83304951226421,17.92620086669922,1.5558797574603411,46.55743213395255,0.0021998984073263,"(46.324, 46.855]"
1453209,58.44656794906252,145.12552328609482,1453209,344.6540879311976,0.8706166609446144,344.6540879311976,0.8706166609446144,225836.98+005214.2,2.1192967686386375,46.3719056630762,0.0064084040654144,45.54105955955447,0.0081828736296678,-26.003491238361125,6.835501670837402,2.1192967686386375,46.3719056630762,0.0064084040654144,"(46.324, 46.855]"
1449646,286.2639379898663,915.2673034085964,1449646,351.31639597595154,0.3747793055682139,351.31639597595154,0.3747793055682139,232515.93+002229.2,1.092309950063861,46.37459018308508,0.0016464376577722,45.66278295404389,0.0016464376577722,-25.791838944979027,23.726985931396484,1.092309950063861,46.37459018308508,0.0016464376577722,"(46.324, 46.855]"
1407732,49.45137233645205,135.8897801468422,1407732,28.8131492882942,-1.0091044734167185,28.8131492882942,-1.0091044734167185,015515.15-010032.7,2.5195465843989244,46.3798779434168,0.0036088833959375,0.0,-1.0,-26.168891468296344,4.89940881729126,2.5195465843989244,46.3798779434168,0.0036088833959375,"(46.324, 46.855]"
1452829,84.42691771960035,267.9758618831865,1452829,345.335307,-0.72829,345.335307,-0.72829,230120.47-004341.8,1.967994122927645,46.515479829924054,0.0083266601124378,45.78500752995105,0.0192510862668235,-26.454395608922074,6.643242359161377,1.967994122927645,46.515479829924054,0.0083266601124378,"(46.324, 46.855]"
1403406,27.95999680293509,110.33612584166052,1403406,32.10112657081777,-0.9162994908679072,32.10112657081777,-0.9162994908679072,020824.27-005458.6,3.0748137924401426,46.38504638203953,0.0080042377851192,0.0,-1.0,-26.05715800115137,3.2602357864379883,3.0748137924401426,46.38504638203953,0.0080042377851192,"(46.324, 46.855]"
1391626,677.7235329595277,1786.9698215024196,1391626,40.23539528496136,0.4867875514576332,40.23539528496136,0.4867875514576332,024056.49+002912.4,2.181537335026529,46.83202088586787,0.0017071686659271,45.62241821866591,0.0126327474306791,-26.1172404543954,12.887161254882812,2.181537335026529,46.83202088586787,0.0017071686659271,"(46.324, 46.855]"
1402765,79.50734618437973,253.95670159519784,1402765,32.547399,-0.544227,32.547399,-0.544227,021011.37-003239.2,1.6152822839669465,46.44238759348426,0.0031404164274917,45.73058036444307,0.0031404164274917,-26.265452376738462,7.216343879699707,1.6152822839669465,46.44238759348426,0.0031404164274917,"(46.324, 46.855]"
1453358,36.03904472257391,374.1788768846905,1453358,344.34254141893734,0.8425724806439135,344.34254141893734,0.8425724806439135,225722.20+005033.2,2.364242025333617,46.438873921425824,0.0055165978961682,46.1406393159911,0.0052104801149219,-27.212369250594797,11.189148902893066,2.364242025333617,46.438873921425824,0.0055165978961682,"(46.324, 46.855]"
1452885,125.75178707983632,404.47822604652526,1452885,345.240314,-0.350721,345.240314,-0.350721,230057.67-002102.5,1.9813235164256369,46.56492983128259,0.007850297649476,45.747469071308885,0.0112226697017092,-26.47741296964477,6.798600673675537,1.9813235164256369,46.56492983128259,0.007850297649476,"(46.324, 46.855]"
1416150,96.19332278976664,332.3713324539788,1416150,22.680872467420727,-0.126474449403743,22.680872467420727,-0.126474449403743,013043.40-000735.3,2.896318646433312,46.46566255370768,0.0040030199671576,0.0,-1.0,-26.678891538719377,5.391754627227783,2.896318646433312,46.46566255370768,0.0040030199671576,"(46.324, 46.855]"
1428679,11.599939505655929,49.19434770996932,1428679,12.882777638823514,-0.7411215810587755,12.882777638823514,-0.7411215810587755,005131.86-004428.0,3.32103928899428,46.382410813346304,0.0086190148589118,0.0,-1.0,-25.917290947078115,3.129847526550293,3.32103928899428,46.382410813346304,0.0086190148589118,"(46.324, 46.855]"
1464071,96.71569948341076,196.3690586912112,1464071,323.8766318968699,-0.6846989606327625,323.8766318968699,-0.6846989606327625,213530.39-004104.9,2.225577727105709,46.63525736620527,0.0031296940689955,45.87245240677842,0.0087970007906434,-26.931464978249004,11.798893928527832,2.225577727105709,46.63525736620527,0.0031296940689955,"(46.324, 46.855]"
1448155,64.56992080220523,358.38616555521867,1448155,354.067073,-1.100981,354.067073,-1.100981,233616.09-010603.5,1.8745013388416822,46.43319463682303,0.0068192247808021,45.72138740778184,0.0068192247808021,-26.314196935121668,5.555056095123291,1.8745013388416822,46.43319463682303,0.0068192247808021,"(46.324, 46.855]"
1433704,93.76282560668668,222.35946749190023,1433704,9.127878117914236,1.0890743619598116,9.127878117914236,1.0890743619598116,003630.69+010520.6,2.459628262614423,46.59383020885456,0.0036794608877137,0.0,-1.0,-26.548533003601737,8.65652847290039,2.459628262614423,46.59383020885456,0.0036794608877137,"(46.324, 46.855]"
1445053,1290.388887464026,3439.17715791845,1445053,359.63512343322293,-0.54471470165838,359.63512343322293,-0.54471470165838,235832.42-003240.9,1.0170421317613578,46.33136618669132,0.0011846702246423,45.61955895765013,0.0011846702246423,-25.52844439779398,23.776044845581055,1.0170421317613578,46.33136618669132,0.0011846702246423,"(46.324, 46.855]"
1411975,82.64122728844346,828.3215769476689,1411975,25.610013165015204,0.1992064104948789,25.610013165015204,0.1992064104948789,014226.40+001157.1,1.411921957583838,46.62674459084926,0.0016439210031684,45.91493736180807,0.0016439210031684,-26.37335492386296,19.78785514831543,1.411921957583838,46.62674459084926,0.0016439210031684,"(46.324, 46.855]"
1450840,212.07029397859787,546.6297662375933,1450840,349.0972800809386,0.4035655230925655,349.0972800809386,0.4035655230925655,231623.34+002412.8,2.2214348286761654,46.70589778102971,0.0020424185996397,46.07551872016567,0.0066166489427708,-26.78285992844868,13.461807250976562,2.2214348286761654,46.70589778102971,0.0020424185996397,"(46.324, 46.855]"
1395060,102.8306526627436,390.1752156013292,1395060,37.778187203652365,-0.6386022346444433,37.778187203652365,-0.6386022346444433,023106.76-003818.9,1.785429517483289,46.625288463527355,0.0026470702682779,45.91348123448616,0.0026470702682779,-26.834144968918395,18.929607391357422,1.785429517483289,46.625288463527355,0.0026470702682779,"(46.324, 46.855]"
1427467,59.9952925979235,179.28362719388335,1427467,13.930960318224372,0.5585460019390368,13.930960318224372,0.5585460019390368,005543.43+003330.7,2.714196443046969,46.50327130904579,0.0039613419874733,0.0,-1.0,-26.332185031483633,5.107011795043945,2.714196443046969,46.50327130904579,0.0039613419874733,"(46.324, 46.855]"
1400705,43.910215017402216,168.74403650831425,1400705,33.973842705104744,1.164962507990411,33.973842705104744,1.164962507990411,021553.72+010953.8,2.2188134108596183,46.5550030693539,0.0043943403920643,45.80907828574082,0.0124546791783259,-26.409724182024135,8.555453300476074,2.2188134108596183,46.5550030693539,0.0043943403920643,"(46.324, 46.855]"
1464852,44.47886798100226,137.51542059958828,1464852,322.4862795077451,-0.2695494297023374,322.4862795077451,-0.2695494297023374,212956.70-001610.3,2.5412064863993904,46.42220382861992,0.0059502811203451,0.0,-1.0,-25.88546955449747,5.110243320465088,2.5412064863993904,46.42220382861992,0.0059502811203451,"(46.324, 46.855]"
1450665,102.17357231198908,263.80368556053105,1450665,349.38854056053447,-1.1878590678051777,349.38854056053447,-1.1878590678051777,231733.24-011116.2,1.8754647250754402,46.69110104765423,0.0036403806784726,45.97929381861304,0.0036403806784726,-26.54982733224881,15.174386978149414,1.8754647250754402,46.69110104765423,0.0036403806784726,"(46.324, 46.855]"
1422329,149.1227996113987,382.18100879836993,1422329,18.007974701153756,1.158034448832905,18.007974701153756,1.158034448832905,011201.91+010928.9,2.3088450705713726,46.35099174730059,0.0054525295013796,45.68482736085851,0.0194003362361563,-26.434036756947055,6.5816240310668945,2.3088450705713726,46.35099174730059,0.0054525295013796,"(46.324, 46.855]"
1445051,94.92581514541412,370.7819123381496,1445051,359.6382766543345,0.6468028039762411,359.6382766543345,0.6468028039762411,235833.18+003848.4,3.1332073555798923,46.753275557210664,0.0034392046815447,0.0,-1.0,-26.260906363469207,6.792509078979492,3.1332073555798923,46.753275557210664,0.0034392046815447,"(46.324, 46.855]"
1394334,50.6325028096328,103.15650232667328,1394334,38.27605443212504,0.7706973632637766,38.27605443212504,0.7706973632637766,023306.25+004614.5,2.2906522134031344,46.32386426221923,0.0071058883872829,45.51450783132226,0.0113317276490789,-25.868996975804016,5.431700229644775,2.2906522134031344,46.32386426221923,0.0071058883872829,"(46.324, 46.855]"
1417482,1640.301589408484,4134.985447793079,1417482,21.73310269236768,0.8756713043457328,21.73310269236768,0.8756713043457328,012655.94+005232.4,1.395239184067038,46.49805925580847,0.0010583848753498,45.78625202676728,0.0010583848753498,-25.23202769953814,27.200803756713867,1.395239184067038,46.49805925580847,0.0010583848753498,"(46.324, 46.855]"
1395804,200.843939962932,435.1131519088444,1395804,37.299760085257695,-0.8143241997572863,37.299760085257695,-0.8143241997572863,022911.94-004851.5,2.4368844878923137,46.7492454126345,0.0028356870349526,46.12119287888624,0.0247388300131881,-27.292226304776992,14.179322242736816,2.4368844878923137,46.7492454126345,0.0028356870349526,"(46.324, 46.855]"
1446401,888.3334225960256,2525.712230583329,1446401,357.4567187080135,0.5931576854530284,357.4567187080135,0.5931576854530284,234949.61+003535.3,1.2460617124099855,46.66354554416067,0.0009669351843868,45.95173831511948,0.0009669351843868,-26.756922793575907,35.79519271850586,1.2460617124099855,46.66354554416067,0.0009669351843868,"(46.324, 46.855]"
1439310,70.87683486610169,170.03457834070517,1439310,4.562359,0.227867,4.562359,0.227867,001814.96+001340.3,1.9045994665802082,46.355933052568105,0.0,45.43388729572863,0.011866513770034,-25.717383085807768,4.730623722076416,1.9045994665802082,46.355933052568105,0.0,"(46.324, 46.855]"
1405009,364.3817404766878,1187.6574863866333,1405009,30.988726,0.552961,30.988726,0.552961,020357.29+003310.6,1.76961282710575,46.408378658455824,0.0073078212267958,45.69657142941463,0.0073078212267958,-26.361962803478466,6.973268508911133,1.76961282710575,46.408378658455824,0.0073078212267958,"(46.324, 46.855]"
1392152,112.291063329657,275.65964922572954,1392152,39.886269726959306,0.5204835377532628,39.886269726959306,0.5204835377532628,023932.70+003113.7,2.636320423483695,46.50321955939675,0.004692332362449,0.0,-1.0,-25.825452481153604,5.922964572906494,2.636320423483695,46.50321955939675,0.004692332362449,"(46.324, 46.855]"
1421800,152.70630037286136,455.2809015268147,1421800,18.444937,0.853967,18.444937,0.853967,011346.78+005114.2,2.1332337633662917,46.50794546860179,0.0070885555628983,0.0,-1.0,-26.443195638870723,6.638201713562012,2.1332337633662917,46.50794546860179,0.0070885555628983,"(46.324, 46.855]"
1447350,142.85859785947906,154.74675232219602,1447350,355.5534962092344,1.031591479100897,355.5534962092344,1.031591479100897,234212.83+010153.7,1.6305593406353684,46.560624959316435,0.0022754417890311,45.84881773027524,0.0022754417890311,-26.20829968319057,14.782922744750977,1.6305593406353684,46.560624959316435,0.0022754417890311,"(46.324, 46.855]"
1451518,83.43671645571408,252.3616760167214,1451518,347.83847479547467,0.3033112835172537,347.83847479547467,0.3033112835172537,231121.23+001811.9,1.1210281229423535,46.410200485040185,0.0018147962760934,45.698393255998994,0.0018147962760934,-26.000419793476635,21.051795959472656,1.1210281229423535,46.410200485040185,0.0018147962760934,"(46.324, 46.855]"
1454887,24.929239553222576,92.44183710945514,1454887,341.34499467059175,-0.9810897721533458,341.34499467059175,-0.9810897721533458,224522.79-005851.9,2.138164694210806,46.37284225469707,0.0049310128881998,45.64397084981701,0.0141337966087391,-25.867702788596702,9.548319816589355,2.138164694210806,46.37284225469707,0.0049310128881998,"(46.324, 46.855]"
1438239,32.859249448782826,72.16999379047378,1438239,5.476768040040383,0.5063655460112636,5.476768040040383,0.5063655460112636,002154.42+003022.9,2.8664082732333895,46.46909048289681,0.0085025697278844,0.0,-1.0,-26.42242281511817,5.15319299697876,2.8664082732333895,46.46909048289681,0.0085025697278844,"(46.324, 46.855]"
1434829,61.20240389963935,230.27006177525112,1434829,8.269998386609785,0.7272697169861311,8.269998386609785,0.7272697169861311,003304.79+004338.1,2.2163277077099193,46.58840357467921,0.0029158811614209,45.57195645557324,0.0111169305858211,-26.510538015041014,8.702324867248535,2.2163277077099193,46.58840357467921,0.0029158811614209,"(46.324, 46.855]"
1455850,24.30729580182125,77.42558743121675,1455850,339.41704000000004,-1.1249111,339.41704000000004,-1.1249111,223740.08-010729.6,2.7169142388307588,46.37324895045495,0.0060707822981314,0.0,-1.0,1.0,4.308833599090576,2.7169142388307588,46.37324895045495,0.0060707822981314,"(46.324, 46.855]"
1430135,226.6924358130308,512.2313452051984,1430135,11.74361030855664,-0.4847635768651131,11.74361030855664,-0.4847635768651131,004658.46-002905.1,2.038277460995919,46.42416257129573,0.0077670990843969,45.73324727639365,0.0071995425412119,-25.827298220555342,10.150460243225098,2.038277460995919,46.42416257129573,0.0077670990843969,"(46.324, 46.855]"
1396601,109.99686757631363,275.9829354898149,1396601,36.75820794966788,-0.4393767563361036,36.75820794966788,-0.4393767563361036,022701.96-002621.7,2.3087544132832702,46.495181690990265,0.003775140320787,45.81244572462034,0.0077291621747725,-26.60096449111136,13.388130187988281,2.3087544132832702,46.495181690990265,0.003775140320787,"(46.324, 46.855]"
1463082,247.5623999407101,723.6674747409185,1463082,325.6633523568772,-0.1808821650886805,325.6633523568772,-0.1808821650886805,214239.20-001051.1,2.6692536820359907,46.64016900762074,0.0034616329179009,0.0,-1.0,-26.925754425095604,6.84459924697876,2.6692536820359907,46.64016900762074,0.0034616329179009,"(46.324, 46.855]"
1418730,223.5583786905336,1118.992113125254,1418730,20.757463463747847,0.0564832391376567,20.757463463747847,0.0564832391376567,012301.79+000323.3,1.3648366500394418,46.57418493745669,0.0011559390580728,45.8623777084155,0.0011559390580728,-26.354707054207033,15.175289154052734,1.3648366500394418,46.57418493745669,0.0011559390580728,"(46.324, 46.855]"
1393937,122.17168919769574,369.646119857622,1393937,38.55479106923627,1.2376503423662368,38.55479106923627,1.2376503423662368,023413.14+011415.5,2.262355512978647,46.54338531000414,0.0025203278066499,45.74697924550819,0.0127594689104242,-26.474676696045627,9.732003211975098,2.262355512978647,46.54338531000414,0.0025203278066499,"(46.324, 46.855]"
1418574,76.21209598166652,745.1441260598508,1418574,20.879375976149788,1.2207425224074062,20.879375976149788,1.2207425224074062,012331.05+011314.6,1.5557353251860506,46.46937126031405,0.0023759213316338,45.75756403127286,0.0023759213316338,-26.21500279417765,12.783927917480469,1.5557353251860506,46.46937126031405,0.0023759213316338,"(46.324, 46.855]"
1390363,114.93864492645145,350.86729204402656,1390363,41.07576705132202,-1.0193748097068218,41.07576705132202,-1.0193748097068218,024418.18-010109.7,2.913631140784269,46.51850727177803,0.0036573150267322,0.0,-1.0,-26.568746016935627,6.109044551849365,2.913631140784269,46.51850727177803,0.0036573150267322,"(46.324, 46.855]"
1463280,68.03129539614687,106.11395251244394,1463280,325.304378932643,-0.5960907092220775,325.304378932643,-0.5960907092220775,214113.05-003545.9,2.2328457872153376,46.698495930921666,0.0016630704181181,45.9954143605008,0.0059758510606435,-27.364316404614293,14.577377319335938,2.2328457872153376,46.698495930921666,0.0016630704181181,"(46.324, 46.855]"
1421512,76.24213111056743,211.9259791367153,1421512,18.66924338122034,-0.4825327232182958,18.66924338122034,-0.4825327232182958,011440.61-002857.1,1.9514482962958892,46.697957084263415,0.0038364655733182,45.98614985522222,0.0038364655733182,-26.57594600759265,11.020867347717285,1.9514482962958892,46.697957084263415,0.0038364655733182,"(46.324, 46.855]"
1395670,202.19105215243172,595.2253231461289,1395670,37.38007741441538,-1.040029448555215,37.38007741441538,-1.040029448555215,022931.21-010224.1,1.6295239001954163,46.34991460161277,0.0026213430572425,45.638107372571575,0.0026213430572425,-25.596140404901785,13.210935592651367,1.6295239001954163,46.34991460161277,0.0026213430572425,"(46.324, 46.855]"
1392247,29.7500134735464,125.60137033127008,1392247,39.81518675479308,-1.0647180666467069,39.81518675479308,-1.0647180666467069,023915.64-010352.9,1.5046076873802388,46.35963358098913,0.0023673366469765,45.64782635194794,0.0023673366469765,-25.78346992591175,14.305190086364746,1.5046076873802388,46.35963358098913,0.0023673366469765,"(46.324, 46.855]"
1405098,137.97498016550162,373.67555477993466,1405098,30.918349,-0.033852,30.918349,-0.033852,020340.40-000201.8,1.734685516023803,46.47657895556827,0.0048137021439877,45.76477172652708,0.0048137021439877,-26.313741322743958,8.712357521057129,1.734685516023803,46.47657895556827,0.0048137021439877,"(46.324, 46.855]"
1407250,119.5032966779658,668.0633113583551,1407250,29.21180579160233,-0.7590548345346914,29.21180579160233,-0.7590548345346914,015650.83-004532.5,1.8049360939898536,46.6554049141576,0.0010027999571882,45.94359768511641,0.0010027999571882,-26.73222501648069,16.32670021057129,1.8049360939898536,46.6554049141576,0.0010027999571882,"(46.324, 46.855]"
1425982,23.88518464231,99.8185177638046,1425982,15.141643,-1.153408,15.141643,-1.153408,010033.99-010912.2,2.0918536231931326,46.40246854789339,0.0123390955800744,0.0,-1.0,-26.59987249541799,5.767600059509277,2.0918536231931326,46.40246854789339,0.0123390955800744,"(46.324, 46.855]"
1415663,153.74787123430175,215.90984509677733,1415663,23.041626,-0.648095,23.041626,-0.648095,013209.99-003853.1,2.1283502689284637,46.374111040925605,0.0158117154670947,0.0,-1.0,-26.39512497702073,4.287970066070557,2.1283502689284637,46.374111040925605,0.0158117154670947,"(46.324, 46.855]"
1450922,359.80141904958697,911.9556444344466,1450922,348.945299,-0.099368,348.945299,-0.099368,231546.87-000557.7,1.6909665937416958,46.41040437096399,0.0056020402943239,45.6985971419228,0.0056020402943239,-26.246763798076223,7.478264808654785,1.6909665937416958,46.41040437096399,0.0056020402943239,"(46.324, 46.855]"
1440885,66.30731297274724,298.5766516227869,1440885,3.275623813624456,0.0755160668474533,3.275623813624456,0.0755160668474533,001306.14+000431.8,2.1691411963736513,46.70331643210597,0.0020960982930127,45.64545287701851,0.0141567900096823,-27.599433657029934,12.736438751220703,2.1691411963736513,46.70331643210597,0.0020960982930127,"(46.324, 46.855]"
1439104,80.08674968794823,240.74307046497745,1439104,4.71815430885697,-1.0901673808612058,4.71815430885697,-1.0901673808612058,001852.35-010524.6,2.8897766820789283,46.71904523053638,0.0041273290687797,0.0,-1.0,-26.732737088929845,7.0731425285339355,2.8897766820789283,46.71904523053638,0.0041273290687797,"(46.324, 46.855]"
1390591,41.44842709577222,201.7467777429281,1390591,40.921043966995626,-1.045386488705614,40.921043966995626,-1.045386488705614,024341.05-010243.3,2.374372739157042,46.6085925845038,0.0024645856892036,45.939660624983816,0.0230950663096543,-26.898812302640046,7.582656383514404,2.374372739157042,46.6085925845038,0.0024645856892036,"(46.324, 46.855]"
1465128,110.19361299079976,381.8882373013662,1465128,322.01324353449456,-0.8230199820872882,322.01324353449456,-0.8230199820872882,212803.17-004922.8,1.9930505868174397,46.450862074426205,0.0037989687271,45.73905484538501,0.0037989687271,-25.874099207399976,11.558765411376953,1.9930505868174397,46.450862074426205,0.0037989687271,"(46.324, 46.855]"
1420702,16.438079718557752,99.46439175153964,1420702,19.316476147145558,0.4408316981596845,19.316476147145558,0.4408316981596845,011715.95+002626.9,3.746072983871372,46.74628895544198,0.0125150718786777,0.0,-1.0,-27.382257773312514,3.9672064781188965,3.746072983871372,46.74628895544198,0.0125150718786777,"(46.324, 46.855]"
1437780,177.01190800210696,499.189184303859,1437780,5.866328807467141,-0.87179518215967,5.866328807467141,-0.87179518215967,002327.91-005218.4,2.227465580149392,46.65882206409237,0.0022239363226361,45.92204485168921,0.0078640075756588,-26.415902504464533,10.14402961730957,2.227465580149392,46.65882206409237,0.0022239363226361,"(46.324, 46.855]"
1416767,94.13037771087896,771.641314238362,1416767,22.208228246292947,-0.972244405676007,22.208228246292947,-0.972244405676007,012849.97-005820.0,2.7740252779177577,46.35739808545127,0.0052752447110115,0.0,-1.0,-25.977538122691403,4.451422691345215,2.7740252779177577,46.35739808545127,0.0052752447110115,"(46.324, 46.855]"
1413907,24.245601086504603,91.5558465839861,1413907,24.248337114783943,-0.2744801350572857,24.248337114783943,-0.2744801350572857,013659.60-001628.1,3.393180662096208,46.41762856337981,0.0127233386800149,0.0,-1.0,-26.454595165477258,3.3384270668029785,3.393180662096208,46.41762856337981,0.0127233386800149,"(46.324, 46.855]"
1439358,62.45435187357948,295.1276234785711,1439358,4.524642,-1.195307,4.524642,-1.195307,001805.91-011143.1,2.0423226452919687,46.40860166801311,0.012900403399179,45.66956426364811,0.024675555012017,-26.07192925778787,4.355393886566162,2.0423226452919687,46.40860166801311,0.012900403399179,"(46.324, 46.855]"
1394518,36.15795084021951,85.8968496266726,1394518,38.1470543895735,0.7416067162635759,38.1470543895735,0.7416067162635759,023235.29+004429.7,2.8543038887712924,46.35703547855654,0.0060238977301061,0.0,-1.0,-25.990555452242283,4.545823097229004,2.8543038887712924,46.35703547855654,0.0060238977301061,"(46.324, 46.855]"
1399216,32.356594191072965,175.66390034059867,1399216,34.99447407321199,0.3483573834129319,34.99447407321199,0.3483573834129319,021958.67+002054.0,2.8086425778989783,46.49946025138331,0.0042668088780928,0.0,-1.0,-26.528577099751516,6.363619804382324,2.8086425778989783,46.49946025138331,0.0042668088780928,"(46.324, 46.855]"
1448350,327.6284674524155,989.7065155713468,1448350,353.7405190176904,-0.1477448695499788,353.7405190176904,-0.1477448695499788,233457.72-000851.8,2.011526734773647,46.35371121935011,0.0049202044720644,45.805736864946965,0.0042821797683494,-26.634880411523202,11.763479232788086,2.011526734773647,46.35371121935011,0.0049202044720644,"(46.324, 46.855]"
1430593,54.80338979699142,261.2025026576239,1430593,11.412555,0.579712,11.412555,0.579712,004539.01+003446.9,1.6999963877971815,46.44818541306844,0.0042531458372181,45.736378184027245,0.0042531458372181,-26.04800134879129,5.0718770027160645,1.6999963877971815,46.44818541306844,0.0042531458372181,"(46.324, 46.855]"
1451127,137.16594978789706,390.724717809746,1451127,348.557778,0.409815,348.557778,0.409815,231413.86+002435.3,2.147537429214779,46.390310627256405,0.0083838425059497,0.0,-1.0,-26.344691313951397,4.408507347106934,2.147537429214779,46.390310627256405,0.0083838425059497,"(46.324, 46.855]"
1446140,38.07613343738814,111.6209864450522,1446140,357.922628,-0.857697,357.922628,-0.857697,235141.43-005127.7,2.1660154212619567,46.55343349400321,0.0070920178127948,0.0,-1.0,-26.608084896349883,5.868837833404541,2.1660154212619567,46.55343349400321,0.0070920178127948,"(46.324, 46.855]"
1394526,15.367070465737548,114.40282325315812,1394526,38.13990209734353,0.1408419719112112,38.13990209734353,0.1408419719112112,023233.57+000827.0,2.6510741606632244,46.62384148635479,0.0024903757778353,0.0,-1.0,-26.829408539805627,10.540810585021973,2.6510741606632244,46.62384148635479,0.0024903757778353,"(46.324, 46.855]"
1452371,14.47238092818506,62.36946154578642,1452371,346.1729717731178,0.5520065798334906,346.1729717731178,0.5520065798334906,230441.51+003307.2,3.3313314337351456,46.67488361117628,0.0150914295941468,0.0,-1.0,-27.44647686156374,5.034564018249512,3.3313314337351456,46.67488361117628,0.0150914295941468,"(46.324, 46.855]"
1448882,28.47781754078115,57.56004947910128,1448882,352.770795,0.565947,352.770795,0.565947,233104.99+003357.4,1.993920919805664,46.44758473523531,0.011770417230462,45.50799976980058,0.0224484631410852,-25.711925817256212,4.449177265167236,1.993920919805664,46.44758473523531,0.011770417230462,"(46.324, 46.855]"
1460576,395.0286550802741,1034.746711884607,1460576,330.4409444273916,0.5472507610301035,330.4409444273916,0.5472507610301035,220145.82+003250.1,2.045391044939443,46.56120983796351,0.0035414322603486,45.77044624765025,0.0055534509296677,-26.821234011704465,12.925711631774902,2.045391044939443,46.56120983796351,0.0035414322603486,"(46.324, 46.855]"
1401324,37.33640352903814,143.76211180811734,1401324,33.55414380749632,-1.1199435958435249,33.55414380749632,-1.1199435958435249,021412.99-010711.7,2.601881997907217,46.49225912059064,0.0035640016837206,0.0,-1.0,-25.82341818662114,5.057536602020264,2.601881997907217,46.49225912059064,0.0035640016837206,"(46.324, 46.855]"
1404718,697.4071586017143,1875.7929985449043,1404718,31.19039098586296,0.6674345770561767,31.19039098586296,0.6674345770561767,020445.69+004002.7,1.4738525353870489,46.853122619206,0.0011227038656151,46.141315390164806,0.0011227038656151,-26.992495625081425,31.30522918701172,1.4738525353870489,46.853122619206,0.0011227038656151,"(46.324, 46.855]"
1418314,253.2405200801782,495.2317669164192,1418314,21.07578953118258,1.1443296111717074,21.07578953118258,1.1443296111717074,012418.18+010839.5,2.0440273572457435,46.71102989814269,0.0031006036518164,45.90679769722916,0.0023279385793415,-27.00434428824136,14.829366683959961,2.0440273572457435,46.71102989814269,0.0031006036518164,"(46.324, 46.855]"
1444813,198.3721808137623,543.5572506781984,1444813,0.0080666905796906,-0.2409707943988957,0.0080666905796906,-0.2409707943988957,000001.93-001427.4,2.1637962103028494,46.4501810830721,0.0060900126475083,45.71759363654362,0.0086821478789573,-26.171309070386968,8.152094841003418,2.1637962103028494,46.4501810830721,0.0060900126475083,"(46.324, 46.855]"
1446821,553.665080892187,1650.6856665111006,1446821,356.7228001167189,0.262276509600246,356.7228001167189,0.262276509600246,234653.47+001544.1,1.5927625185960936,46.855350277210505,0.0015365816261265,46.14354304816931,0.0015365816261265,-26.66160716809803,29.197349548339844,1.5927625185960936,46.855350277210505,0.0015365816261265,"(46.324, 46.855]"
1450772,131.67616358051228,523.1128854292288,1450772,349.21555092002484,0.3874591102207063,349.21555092002484,0.3874591102207063,231651.73+002314.8,1.7924772000693086,46.570023593733154,0.0027991205032371,45.85821636469196,0.0027991205032371,-26.678517553869966,15.287296295166016,1.7924772000693086,46.570023593733154,0.0027991205032371,"(46.324, 46.855]"
1459300,127.93523293160412,802.0532847802705,1459300,332.9177011091876,0.535152125987074,332.9177011091876,0.535152125987074,221140.24+003206.5,2.8487535828738966,46.800583072889076,0.0022307168711641,0.0,-1.0,-27.268273327994596,13.36012077331543,2.8487535828738966,46.800583072889076,0.0022307168711641,"(46.324, 46.855]"
1448316,230.5574552319462,617.2523141223913,1448316,353.8137622036012,-0.1368305769425181,353.8137622036012,-0.1368305769425181,233515.30-000812.5,2.211792577666426,46.594380729817054,0.0030591306350515,46.05348800054915,0.0082471503004804,-26.736532719721232,11.338638305664062,2.211792577666426,46.594380729817054,0.0030591306350515,"(46.324, 46.855]"
1417442,90.44938501154148,3226.3234654806847,1417442,21.760525683637297,1.236796869746029,21.760525683637297,1.236796869746029,012702.52+011412.4,1.153742067286536,46.55686549400321,0.0015782226875593,45.84505826496202,0.0015782226875593,-26.994899198101667,23.05821990966797,1.153742067286536,46.55686549400321,0.0015782226875593,"(46.324, 46.855]"
1456120,15.287952315161046,90.10458552701952,1456120,338.8647695681217,-1.0722813538116558,338.8647695681217,-1.0722813538116558,223527.54-010420.2,3.4561654862660682,46.71450937996163,0.0212816557326611,0.0,-1.0,-26.972622602088514,4.531515121459961,3.4561654862660682,46.71450937996163,0.0212816557326611,"(46.324, 46.855]"
1462553,28.95685027733301,93.64427930787718,1462553,326.56647899763414,-0.738551957143896,326.56647899763414,-0.738551957143896,214615.95-004418.7,1.962568557832379,46.4062477644975,0.003904576580048,45.69444053545631,0.003904576580048,-25.554134437248223,10.629206657409668,1.962568557832379,46.4062477644975,0.003904576580048,"(46.324, 46.855]"
1428127,67.12256726703653,165.82137130555128,1428127,13.39223,-0.675534,13.39223,-0.675534,005334.13-004031.9,2.0406324646839833,46.460948119539005,0.010481738334235,45.69822717434975,0.0209657634519899,-26.24385707951817,5.110579967498779,2.0406324646839833,46.460948119539005,0.010481738334235,"(46.324, 46.855]"
1451073,10.845914176737868,54.39507576692424,1451073,348.67613379424256,-0.1603353829670211,348.67613379424256,-0.1603353829670211,231442.27-000937.2,3.309360565395494,46.39815715036988,0.0201961443306473,0.0,-1.0,-26.17557048516764,3.0831313133239746,3.309360565395494,46.39815715036988,0.0201961443306473,"(46.324, 46.855]"
1446665,137.15018792752818,324.6598910444299,1446665,357.0069141732549,-0.68845456748013,357.0069141732549,-0.68845456748013,234801.65-004118.4,1.5486834735322395,46.399277683921596,0.0021647970864471,45.687470454880405,0.0021647970864471,-26.21149208914157,15.872713088989258,1.5486834735322395,46.399277683921596,0.0021647970864471,"(46.324, 46.855]"
1391217,35.99215746198915,113.3767339371401,1391217,40.519121071281326,-0.6432638780069628,40.519121071281326,-0.6432638780069628,024204.58-003835.7,2.2945101191611093,46.481989620449085,0.0030952279794682,45.924063383466056,0.0058994365790852,-26.110345867437964,11.440787315368652,2.2945101191611093,46.481989620449085,0.0030952279794682,"(46.324, 46.855]"
1407678,13.102669078905825,51.584985365576415,1407678,28.867534470646767,-0.8110494995543733,28.867534470646767,-0.8110494995543733,015528.20-004839.7,3.162306459067339,46.39500569367349,0.0129710429441374,0.0,-1.0,-25.984812333580994,3.465550661087036,3.162306459067339,46.39500569367349,0.0129710429441374,"(46.324, 46.855]"
1434124,71.55561478945127,199.1569944858262,1434124,8.824822172352441,0.7260383799918048,8.824822172352441,0.7260383799918048,003517.95+004333.7,2.9416260572585604,46.81763943094107,0.0019903195159791,0.0,-1.0,-27.788815541136692,9.797819137573242,2.9416260572585604,46.81763943094107,0.0019903195159791,"(46.324, 46.855]"
1439763,76.92231799194626,321.0043540305092,1439763,4.189581397190789,-0.7326234817406941,4.189581397190789,-0.7326234817406941,001645.49-004357.4,2.2501776914651574,46.67945400360938,0.0022296364123768,45.88971809566853,0.00735516037901,-26.552571748571943,12.61585807800293,2.2501776914651574,46.67945400360938,0.0022296364123768,"(46.324, 46.855]"
1436217,47.127545184849005,160.58848128963683,1436217,7.163505261804858,0.6841829065368236,7.163505261804858,0.6841829065368236,002839.24+004103.0,2.496551599153642,46.491667768850654,0.0039037420578225,0.0,-1.0,-26.72931136587039,8.696025848388672,2.496551599153642,46.491667768850654,0.0039037420578225,"(46.324, 46.855]"
1442665,899.1078427664211,1406.484616727604,1442665,1.755945027594123,-1.2497621405649562,1.755945027594123,-1.2497621405649562,000701.42-011459.1,2.057565735376406,46.34913358546877,0.0057706974302682,45.75946972854674,0.0098480231275672,-25.90100591598072,7.638726234436035,2.057565735376406,46.34913358546877,0.0057706974302682,"(46.324, 46.855]"
1460022,43.94590900666362,156.27506942932823,1460022,331.55035333728205,0.7994614854665422,331.55035333728205,0.7994614854665422,220612.08+004758.0,2.655250029356731,46.60695174936245,0.00190492954275,0.0,-1.0,-26.32365400312461,7.545121192932129,2.655250029356731,46.60695174936245,0.00190492954275,"(46.324, 46.855]"
1437127,230.6707200344597,694.2304214012308,1437127,6.417464296509986,-0.2587203360233719,6.417464296509986,-0.2587203360233719,002540.19-001531.3,1.3556276122378215,46.72473239160017,0.0012520477236748,46.01292516255898,0.0012520477236748,-26.9212810596658,31.011613845825195,1.3556276122378215,46.72473239160017,0.0012520477236748,"(46.324, 46.855]"
1464919,52.18896748761579,155.503466098744,1464919,322.36918916365846,0.3867491414982855,322.36918916365846,0.3867491414982855,212928.60+002312.2,3.0149755023121467,46.667428245078945,0.003645537989211,0.0,-1.0,-26.395372076917617,7.359121322631836,3.0149755023121467,46.667428245078945,0.003645537989211,"(46.324, 46.855]"
1451691,267.9085826757214,926.8841286754376,1451691,347.5016855868521,-1.1033112887131866,347.5016855868521,-1.1033112887131866,231000.40-010611.9,1.3353757727057194,46.79526198425613,0.0006065452935608,46.08345475521494,0.0006065452935608,-26.85026030842459,33.4925422668457,1.3353757727057194,46.79526198425613,0.0006065452935608,"(46.324, 46.855]"
1443538,116.366825860236,323.9335529317158,1443538,1.0699168185957433,0.2448528972762489,1.0699168185957433,0.2448528972762489,000416.78+001441.4,2.631397978951467,46.369104758414665,0.0038128066274047,0.0,-1.0,-26.27533726917892,5.015649318695068,2.631397978951467,46.369104758414665,0.0038128066274047,"(46.324, 46.855]"
1388442,14.710688844439428,302.49580695827825,1388442,42.37164677082574,-0.3511959547359945,42.37164677082574,-0.3511959547359945,024929.19-002104.3,1.431831709336279,46.654003412541314,0.0017880106380196,45.94219618350012,0.0017880106380196,-26.462140093363356,18.44862937927246,1.431831709336279,46.654003412541314,0.0017880106380196,"(46.324, 46.855]"
1465307,321.97240095714164,1063.8326888277643,1465307,321.6724125591768,0.9997595791831276,321.6724125591768,0.9997595791831276,212641.37+005959.1,2.280321935914786,46.82664263481996,0.0018350891693863,46.01954114318337,0.0080123722812537,-26.57071162270939,16.968624114990234,2.280321935914786,46.82664263481996,0.0018350891693863,"(46.324, 46.855]"
1417516,36.84906267739212,160.59441781472356,1417516,21.71130189144952,0.1592548564013848,21.71130189144952,0.1592548564013848,012650.71+000933.3,3.4256894030040526,46.481781065188734,0.0084714363360625,0.0,-1.0,-26.82590076543835,3.8471508026123047,3.4256894030040526,46.481781065188734,0.0084714363360625,"(46.324, 46.855]"
1401206,155.59486725208927,332.50567773409495,1401206,33.618917,-0.048905,33.618917,-0.048905,021428.54-000256.0,2.0546375618645847,46.4702011747006,0.0116182241647138,45.72737287072699,0.0217519613657408,-25.995365231696923,5.2215704917907715,2.0546375618645847,46.4702011747006,0.0116182241647138,"(46.324, 46.855]"
1464867,188.6861204158272,1198.090973373156,1464867,322.4631746322925,0.8024622103128821,322.4631746322925,0.8024622103128821,212951.16+004808.8,2.0033992126950007,46.40221225942445,0.0055179226800206,45.72173344266671,0.0043810254265466,-26.682495488928716,10.542548179626465,2.0033992126950007,46.40221225942445,0.0055179226800206,"(46.324, 46.855]"
1449368,48.75753825564658,145.46095434403634,1449368,351.81506722697003,0.2370742028700096,351.81506722697003,0.2370742028700096,232715.61+001413.4,2.535143903446468,46.49827777768651,0.0041930487771431,0.0,-1.0,-26.71608516815736,6.918941497802734,2.535143903446468,46.49827777768651,0.0041930487771431,"(46.324, 46.855]"
1407097,85.07758709405795,243.02995647880155,1407097,29.32887303778557,0.8412410577589675,29.32887303778557,0.8412410577589675,015718.92+005028.4,2.8052302080272935,46.66145539332744,0.0036949515613322,0.0,-1.0,-26.780417093100787,7.135726451873779,2.8052302080272935,46.66145539332744,0.0036949515613322,"(46.324, 46.855]"
1442784,76.89106065180341,205.57885783564336,1442784,1.6632010107700808,0.4725216744582591,1.6632010107700808,0.4725216744582591,000639.16+002821.0,2.200088099342264,46.39943629982161,0.0039864770783921,45.78897008937274,0.0056799421388937,-26.634163981105633,7.436441421508789,2.200088099342264,46.39943629982161,0.0039864770783921,"(46.324, 46.855]"
1444047,1206.4181236786155,3810.135330811962,1444047,0.6279643737402694,0.8330880501082603,0.6279643737402694,0.8330880501082603,000230.71+004959.1,1.3590717647800263,46.79162332876241,0.0008566093903255,46.07981609972122,0.0008566093903255,-26.87650851148196,28.31206703186035,1.3590717647800263,46.79162332876241,0.0008566093903255,"(46.324, 46.855]"
1444526,25.25762420003948,395.876738012336,1444526,0.2448890748066219,0.5862601855128887,0.2448890748066219,0.5862601855128887,000058.77+003510.5,1.6485100443786627,46.40282210659816,0.004955399480913,45.69101487755697,0.004955399480913,-26.38763425763981,11.146924018859863,1.6485100443786627,46.40282210659816,0.004955399480913,"(46.324, 46.855]"
1459320,88.76513824652264,314.9566714552498,1459320,332.8712686658141,0.9216233191086912,332.8712686658141,0.9216233191086912,221129.10+005517.8,2.6738431033858956,46.663729259092584,0.0018904150379022,0.0,-1.0,-26.83575336832312,10.29547119140625,2.6738431033858956,46.663729259092584,0.0018904150379022,"(46.324, 46.855]"
1434862,197.6301967510024,460.19976856820193,1434862,8.247011341606715,-0.2216309875242428,8.247011341606715,-0.2216309875242428,003259.28-001317.8,1.5309934722332905,46.42887094027319,0.0030868876390925,45.717063711232,0.0030868876390925,-26.167613549636982,13.659162521362305,1.5309934722332905,46.42887094027319,0.0030868876390925,"(46.324, 46.855]"
1421729,25.75446336580692,79.38717786003438,1421729,18.50761787358911,-1.0901660666529096,18.50761787358911,-1.0901660666529096,011401.82-010524.5,3.1240987235130007,46.59214274842875,0.0083111671012439,0.0,-1.0,-26.13992136017305,4.445995807647705,3.1240987235130007,46.59214274842875,0.0083111671012439,"(46.324, 46.855]"
1409226,127.54008845274647,556.0798283583911,1409226,27.641408065289,0.4166503414110675,27.641408065289,0.4166503414110675,015033.93+002459.9,1.2377759927155232,46.384318634841726,0.0019717274735384,45.672511405800535,0.0019717274735384,-26.25338596677641,15.170711517333984,1.2377759927155232,46.384318634841726,0.0019717274735384,"(46.324, 46.855]"
1451585,70.36777061991135,320.4232647272238,1451585,347.700838,1.229776,347.700838,1.229776,231048.20+011347.1,1.897078760537943,46.50185221600389,0.0069680822724578,45.7900449869627,0.0069680822724578,-26.591301551042214,5.658599376678467,1.897078760537943,46.50185221600389,0.0069680822724578,"(46.324, 46.855]"
1438929,47.837083884471966,436.303581111587,1438929,4.866156486808649,0.5666379302631623,4.866156486808649,0.5666379302631623,001927.87+003359.8,1.6223143775447797,46.66705256515597,0.0019657887336101,45.95524533611478,0.0019657887336101,-26.36192392734848,14.892495155334473,1.6223143775447797,46.66705256515597,0.0019657887336101,"(46.324, 46.855]"
1413006,93.87093980098996,246.0079067312057,1413006,24.923800105105137,-0.7265355060569818,24.923800105105137,-0.7265355060569818,013941.71-004335.5,2.2582206938156366,46.745435723229534,0.00223849999281,45.37551276691124,0.0324781716374573,-26.415627620851808,7.4377264976501465,2.2582206938156366,46.745435723229534,0.00223849999281,"(46.324, 46.855]"
1465546,17.49147299838392,54.53031560746739,1465546,321.2669778000605,1.2037802881005353,321.2669778000605,1.2037802881005353,212504.07+011213.6,3.6881004561381694,46.66981780100527,0.0283551459054471,0.0,-1.0,-26.88141083384641,4.094980716705322,3.6881004561381694,46.66981780100527,0.0283551459054471,"(46.324, 46.855]"
1445794,25.706021629966827,59.06923145086755,1445794,358.464488380073,0.1603138386041957,358.464488380073,0.1603138386041957,235351.47+000937.1,2.611027991533275,46.371275299044626,0.0061892172786492,0.0,-1.0,-26.240175606010695,5.058981895446777,2.611027991533275,46.371275299044626,0.0061892172786492,"(46.324, 46.855]"
1416937,438.6033933883968,846.9460185837678,1416937,22.098530474597737,0.6971853187319139,22.098530474597737,0.6971853187319139,012823.64+004149.8,1.6714266447415955,46.379265444388984,0.0041770594461212,45.66745821534779,0.0041770594461212,-25.945230346788605,10.640645027160645,1.6714266447415955,46.379265444388984,0.0041770594461212,"(46.324, 46.855]"
1448973,31.37069572989388,94.29802086019318,1448973,352.6094488826318,0.0233414840362154,352.6094488826318,0.0233414840362154,233026.26+000124.0,2.726661759085151,46.55893442713125,0.0039539534846717,0.0,-1.0,-26.56100601391816,5.885483264923096,2.726661759085151,46.55893442713125,0.0039539534846717,"(46.324, 46.855]"
1418432,77.46707479311262,132.62753349649654,1418432,20.99355403798534,-1.1065345826512525,20.99355403798534,-1.1065345826512525,012358.45-010623.5,2.3659320242685062,46.34131927499446,0.0049161722731909,45.56691247092266,0.034237261866675,-25.50474315893932,4.564936637878418,2.3659320242685062,46.34131927499446,0.0049161722731909,"(46.324, 46.855]"
1460979,11.979179958491208,62.259090958168656,1460979,329.66716635396364,0.2931317673321427,329.66716635396364,0.2931317673321427,215840.11+001735.2,3.1884482513040173,46.35692224446254,0.0056574920225358,0.0,-1.0,-25.86000322677684,3.8884952068328857,3.1884482513040173,46.35692224446254,0.0056574920225358,"(46.324, 46.855]"
1465064,47.39245075258616,73.57716532109899,1465064,322.14029587459373,-1.0414097063932564,322.14029587459373,-1.0414097063932564,212833.67-010229.0,1.6978358635562911,46.34402864648541,0.0021752206159746,45.63222141744422,0.0021752206159746,-25.806123436207713,9.954219818115234,1.6978358635562911,46.34402864648541,0.0021752206159746,"(46.324, 46.855]"
1411761,180.9050007463001,450.560930637573,1411761,25.763156400075445,0.1776779316350059,25.763156400075445,0.1776779316350059,014303.15+001039.6,2.5027100916225655,46.69187557574814,0.0045703443888811,0.0,-1.0,-27.95724454888437,9.668657302856445,2.5027100916225655,46.69187557574814,0.0045703443888811,"(46.324, 46.855]"
1453154,45.67709982123117,127.53961652604106,1453154,344.77026468224017,-0.891836373774623,344.77026468224017,-0.891836373774623,225904.86-005330.6,2.4403819055883247,46.34600359779773,0.008554550903316,0.0,-1.0,-25.79828893348351,4.354565620422363,2.4403819055883247,46.34600359779773,0.008554550903316,"(46.324, 46.855]"
1421213,138.86788502730684,414.44709297441887,1421213,18.913941725638367,-0.1478665122687639,18.913941725638367,-0.1478665122687639,011539.34-000852.3,2.877402479931874,46.653005809286924,0.0029437797354567,0.0,-1.0,-26.722527694902887,6.428279399871826,2.877402479931874,46.653005809286924,0.0029437797354567,"(46.324, 46.855]"
1410065,14.402218701189586,467.6975306315785,1410065,27.00470488125484,0.3634567920816998,27.00470488125484,0.3634567920816998,014801.12+002148.4,3.1799266122603096,46.76995153863532,0.0042775391433025,0.0,-1.0,-27.025031083902075,7.137463092803955,3.1799266122603096,46.76995153863532,0.0042775391433025,"(46.324, 46.855]"
1447847,13.477853343977385,29.181098231095653,1447847,354.62210188258416,-0.9927490868687572,354.62210188258416,-0.9927490868687572,233829.30-005933.8,3.0199178341654447,46.38471533225081,0.0084871685864165,0.0,-1.0,-26.218051509372597,3.273296356201172,3.0199178341654447,46.38471533225081,0.0084871685864165,"(46.324, 46.855]"
1400205,145.7907528070906,376.6997289116985,1400205,34.33528114671202,0.9932988502560632,34.33528114671202,0.9932988502560632,021720.46+005935.8,2.7835135179241126,46.80621703816955,0.0016805461270266,0.0,-1.0,-27.441392447506452,11.529735565185547,2.7835135179241126,46.80621703816955,0.0016805461270266,"(46.324, 46.855]"
1410927,104.13316489304653,327.96977599023927,1410927,26.36352,0.669588,26.36352,0.669588,014527.24+004010.5,1.7234586475658522,46.37034450691976,0.0062415280556571,45.658537277878565,0.0062415280556571,-26.007143399007965,7.040260314941406,1.7234586475658522,46.37034450691976,0.0062415280556571,"(46.324, 46.855]"
1429116,338.7372265961581,664.7999450664847,1429116,12.537989461739368,0.8820082460220918,12.537989461739368,0.8820082460220918,005009.11+005255.2,2.331165068191576,46.728896351494264,0.0026821000738266,45.999876200277406,0.0120160785320635,-26.97451648922846,15.108502388000488,2.331165068191576,46.728896351494264,0.0026821000738266,"(46.324, 46.855]"
1462864,196.19174696908223,561.0489356349632,1462864,326.0170190330194,0.9517838060962496,326.0170190330194,0.9517838060962496,214404.08+005706.4,2.1971406256512873,46.53468282992229,0.0031705210503005,45.67614406030758,0.010369264832164,-26.302947488303097,10.847928047180176,2.1971406256512873,46.53468282992229,0.0031705210503005,"(46.324, 46.855]"
1433902,76.50266538029105,189.75714336297864,1433902,8.990013990299474,-0.8860628794126203,8.990013990299474,-0.8860628794126203,003557.60-005309.8,1.5374743206878119,46.51897994587652,0.00174461267218,45.807172716835325,0.00174461267218,-26.160871368398244,14.271044731140137,1.5374743206878119,46.51897994587652,0.00174461267218,"(46.324, 46.855]"
1425079,449.7355593103028,1929.3134192702416,1425079,15.840679180303368,-0.4002634260515666,15.840679180303368,-0.4002634260515666,010321.76-002400.9,1.323273285001671,46.551598257576764,0.00092583028648,45.83979102853557,0.00092583028648,-26.31771048171796,33.909461975097656,1.323273285001671,46.551598257576764,0.00092583028648,"(46.324, 46.855]"
1416073,18.52456873757927,78.70930582670508,1416073,22.735275210208275,-0.7667264765167091,22.735275210208275,-0.7667264765167091,013056.46-004600.2,2.29222400847721,46.360790326280714,0.006463063544615,45.94516375554189,0.0118412719867535,-26.77782603650843,9.508204460144043,2.29222400847721,46.360790326280714,0.006463063544615,"(46.324, 46.855]"
1419483,65.23060824098384,164.3091210807573,1419483,20.185744774331013,0.1916453698657015,20.185744774331013,0.1916453698657015,012044.57+001129.9,2.2230372990212457,46.44167216111471,0.0047361032773309,45.86798634457857,0.0090185766312558,-25.87360668710423,8.469758987426758,2.2230372990212457,46.44167216111471,0.0047361032773309,"(46.324, 46.855]"
1443459,291.48935184281487,684.2353327443817,1443459,1.1342472758253166,0.848578621275646,1.1342472758253166,0.848578621275646,000432.21+005054.8,2.2789994818601236,46.33442110488669,0.0046020179140384,45.83188395594161,0.0103445692815924,-26.090328901213347,6.480323791503906,2.2789994818601236,46.33442110488669,0.0046020179140384,"(46.324, 46.855]"
1407288,102.14562232118782,189.8970139540405,1407288,29.182527,0.613526,29.182527,0.613526,015643.80+003648.6,2.005556386163596,46.50272996023946,0.0094300121269057,45.71440198994665,0.0182050944863867,-26.29535940081284,5.041238307952881,2.005556386163596,46.50272996023946,0.0094300121269057,"(46.324, 46.855]"
1451343,66.0718454569396,179.28829850173045,1451343,348.12792121831944,-1.1842769444163077,348.12792121831944,-1.1842769444163077,231230.70-011103.3,2.5069967272067792,46.455852058779925,0.0040264424808498,0.0,-1.0,-26.375685294673744,6.359093189239502,2.5069967272067792,46.455852058779925,0.0040264424808498,"(46.324, 46.855]"
1450945,70.99869584032034,192.11609789450625,1450945,348.910350157488,0.7004428583499333,348.910350157488,0.7004428583499333,231538.48+004201.5,2.229325808658481,46.76323822739539,0.0024602580989245,46.036352701910566,0.0074998046298304,-26.666453773191193,13.246219635009766,2.229325808658481,46.76323822739539,0.0024602580989245,"(46.324, 46.855]"
1444533,220.4145113990409,1108.2763191256256,1444533,0.2426093692393465,-0.7796027700283786,0.2426093692393465,-0.7796027700283786,000058.22-004646.5,1.8908635750321632,46.718246503271715,0.0026179941918123,46.00643927423052,0.0026179941918123,-27.048576498463163,14.476673126220703,1.8908635750321632,46.718246503271715,0.0026179941918123,"(46.324, 46.855]"
1446619,514.7019103102704,1342.978929433026,1446619,357.0816038903316,0.9559652691762772,357.0816038903316,0.9559652691762772,234819.58+005721.4,2.165633655228614,46.85537234395356,0.0019726689781407,46.03721022156656,0.0049106458470156,-27.323124698221683,20.82181167602539,2.165633655228614,46.85537234395356,0.0019726689781407,"(46.324, 46.855]"
1408622,42.53077699962096,102.11261861049267,1408622,28.129428146680915,0.1835092967203263,28.129428146680915,0.1835092967203263,015231.06+001100.6,2.7643986782730234,46.46343823672748,0.0038179712786572,0.0,-1.0,-25.535098556956306,4.610809326171875,2.7643986782730234,46.46343823672748,0.0038179712786572,"(46.324, 46.855]"
1418659,318.1098512485968,853.324367048984,1418659,20.80834354310588,-0.0928815196282886,20.80834354310588,-0.0928815196282886,012314.00-000534.3,2.536122870767342,46.47201239682442,0.0038409233497986,0.0,-1.0,-25.825780041492386,5.699000358581543,2.536122870767342,46.47201239682442,0.0038409233497986,"(46.324, 46.855]"
1453256,19.71493731904217,88.36339971515861,1453256,344.55899,0.66569302,344.55899,0.66569302,225814.15+003956.4,2.1784941274843046,46.42562825583007,0.0062137184984401,45.658397284856,0.0120796981540394,1.0,7.410303115844727,2.1784941274843046,46.42562825583007,0.0062137184984401,"(46.324, 46.855]"
1404918,204.28936370938607,364.7027289879487,1404918,31.042439,-0.106309,31.042439,-0.106309,020410.18-000622.7,1.788080846088701,46.39339364579673,0.006617116405053,45.681586416755536,0.006617116405053,-26.17104370322709,4.44083309173584,1.788080846088701,46.39339364579673,0.006617116405053,"(46.324, 46.855]"
1425003,20.14308762002692,120.87445878436762,1425003,15.90613936367879,0.4356076861287891,15.90613936367879,0.4356076861287891,010337.47+002608.1,2.7952187452170087,46.339139037077075,0.0078965729567279,0.0,-1.0,-26.572032892894317,4.563177108764648,2.7952187452170087,46.339139037077075,0.0078965729567279,"(46.324, 46.855]"
1409367,27.1485424754724,76.63559224484219,1409367,27.53298983979856,-0.6603053625275116,27.53298983979856,-0.6603053625275116,015007.91-003937.0,2.7350919434910126,46.39512891036985,0.0044636207885062,0.0,-1.0,-25.968950310851163,5.2332377433776855,2.7350919434910126,46.39512891036985,0.0044636207885062,"(46.324, 46.855]"
1458795,156.9859531413208,482.23847766273474,1458795,333.8614627808918,1.2323496065503736,333.8614627808918,1.2323496065503736,221526.75+011356.4,1.2645457365360457,46.42256739563806,0.0012715307703921,45.71076016659687,0.0012715307703921,-25.817531995843048,19.685014724731445,1.2645457365360457,46.42256739563806,0.0012715307703921,"(46.324, 46.855]"
1431063,196.6622110652152,555.9870612513014,1431063,11.059251,0.546936,11.059251,0.546936,004414.22+003248.9,2.0914237182728437,46.63241034027752,0.0045468541946824,0.0,-1.0,-26.69678760693691,9.13429069519043,2.0914237182728437,46.63241034027752,0.0045468541946824,"(46.324, 46.855]"
1397322,266.2530763905136,471.4719408848695,1397322,36.26232647440583,0.4897972482275491,36.26232647440583,0.4897972482275491,022502.95+002923.2,2.4338372139057993,46.833353292911774,0.0073503784074198,46.53393174974214,0.0369146668849253,-27.759061947857795,12.790058135986328,2.4338372139057993,46.833353292911774,0.0073503784074198,"(46.324, 46.855]"
1452100,289.5687680684095,505.999645430998,1452100,346.728271,0.729332,346.728271,0.729332,230654.78+004345.5,1.9935494344405866,46.42723980218705,0.0143648678967167,45.6564821171898,0.0161535483016486,-25.706479505167014,5.146294116973877,1.9935494344405866,46.42723980218705,0.0143648678967167,"(46.324, 46.855]"
1417415,63.079086212047926,203.7903476131281,1417415,21.781921294210107,0.1715515718038588,21.781921294210107,0.1715515718038588,012707.66+001017.5,2.3952937076442415,46.38621564170333,0.0045862627202986,46.07698950241172,0.0162829092943859,-26.334917353803228,7.860876083374023,2.3952937076442415,46.38621564170333,0.0045862627202986,"(46.324, 46.855]"
1401075,83.27345394784217,200.901348271507,1401075,33.709446,0.026337,33.709446,0.026337,021450.26+000134.8,2.070124807638589,46.49286099987299,0.0059761532739948,0.0,-1.0,-26.540171700176636,6.188422203063965,2.070124807638589,46.49286099987299,0.0059761532739948,"(46.324, 46.855]"
1431452,68.60052717232696,137.01974743726657,1431452,10.790399288486562,-1.2102942944913786,10.790399288486562,-1.2102942944913786,004309.69-011237.0,2.554069835734759,46.38382053910337,0.0059461671383438,0.0,-1.0,-25.829363962465766,5.271561622619629,2.554069835734759,46.38382053910337,0.0059461671383438,"(46.324, 46.855]"
1423402,413.7878367254468,1415.155415861498,1423402,17.117470306984917,0.0038642136099414,17.117470306984917,0.0038642136099414,010828.19+000013.9,1.19727316396075,46.4078303329929,0.0017649969970001,45.69602310395171,0.0017649969970001,-25.943867736677348,21.087615966796875,1.19727316396075,46.4078303329929,0.0017649969970001,"(46.324, 46.855]"
1460531,14.31947125002629,59.6749107766486,1460531,330.5198381439872,0.8207413036053413,330.5198381439872,0.8207413036053413,220204.76+004914.6,3.0381429585798156,46.76328502186312,0.004594713919694,0.0,-1.0,-26.87597042622742,7.434092998504639,3.0381429585798156,46.76328502186312,0.004594713919694,"(46.324, 46.855]"
1424950,29.75177263404999,63.45203539729613,1424950,15.951144438373612,-1.2496543758265608,15.951144438373612,-1.2496543758265608,010348.27-011458.7,2.5805283934492422,46.34025814565914,0.0039801939819525,0.0,-1.0,-26.1018404367153,4.504207611083984,2.5805283934492422,46.34025814565914,0.0039801939819525,"(46.324, 46.855]"
1402375,164.82187161061182,421.613122432344,1402375,32.843908,0.371426,32.843908,0.371426,021122.53+002217.1,1.962765299180686,46.556582677699836,0.0,45.65796227961832,0.0149299649675,-26.421535277190166,8.750265121459961,1.962765299180686,46.556582677699836,0.0,"(46.324, 46.855]"
1399974,683.2620024381745,1171.9915314792536,1399974,34.47835232996777,0.0427937043338364,34.47835232996777,0.0427937043338364,021754.80+000234.0,2.0385142720215206,46.739611713019045,0.0027135063391554,46.03286216187382,0.004838081941255,-26.804436255837732,11.020769119262695,2.0385142720215206,46.739611713019045,0.0027135063391554,"(46.324, 46.855]"
1404229,87.69999385735761,234.2731954348402,1404229,31.5140002490292,0.8652217208575939,31.5140002490292,0.8652217208575939,020603.36+005154.7,2.751140743773266,46.47985842203299,0.0028013437759,0.0,-1.0,-26.688846545249014,6.976987361907959,2.751140743773266,46.47985842203299,0.0028013437759,"(46.324, 46.855]"
1400119,389.5069422752434,951.7318765414216,1400119,34.39430959871669,-0.4449924912563173,34.39430959871669,-0.4449924912563173,021734.63-002641.9,1.5649187054506137,46.75421870917282,0.0013905611210311,46.042411480131626,0.0013905611210311,-26.9878201473569,22.838397979736328,1.5649187054506137,46.75421870917282,0.0013905611210311,"(46.324, 46.855]"
1389026,119.5391568541025,589.1695564089374,1389026,41.95364217871239,-0.0298837359086229,41.95364217871239,-0.0298837359086229,024748.87-000147.5,1.8670730224715195,46.630618225258104,0.0023390758267325,45.91881099621691,0.0023390758267325,-26.53023461225593,16.142671585083008,1.8670730224715195,46.630618225258104,0.0023390758267325,"(46.324, 46.855]"
1463279,134.70787367233555,375.6746014916637,1463279,325.3057284209148,1.13087033581354,325.3057284209148,1.13087033581354,214113.37+010751.1,1.1917553455933296,46.41322155517998,0.001691324662719,45.70141432613879,0.001691324662719,-26.27696963593079,26.28606414794922,1.1917553455933296,46.41322155517998,0.001691324662719,"(46.324, 46.855]"
1388949,72.10108951111683,233.77289696666563,1388949,42.00307653693949,0.6411021976905711,42.00307653693949,0.6411021976905711,024800.73+003827.9,2.4856740785538203,46.339259827014914,0.0103388368065466,0.0,-1.0,-26.06243619461087,6.439448356628418,2.4856740785538203,46.339259827014914,0.0103388368065466,"(46.324, 46.855]"
1465189,67.31255788375603,364.9543593420684,1465189,321.91547475546963,0.7355339498800688,321.91547475546963,0.7355339498800688,212739.71+004407.9,3.309085779644241,46.64535935565391,0.0094237074141076,0.0,-1.0,-26.630135882350167,5.64007568359375,3.309085779644241,46.64535935565391,0.0094237074141076,"(46.324, 46.855]"
1464870,93.2811730197679,337.8084750614655,1464870,322.4583982753141,0.1994355498409697,322.4583982753141,0.1994355498409697,212950.01+001157.9,2.568349559825875,46.63802452596543,0.0029252705947833,0.0,-1.0,-26.257041420760416,10.958707809448242,2.568349559825875,46.63802452596543,0.0029252705947833,"(46.324, 46.855]"
1430225,274.1722959775464,828.6137928852027,1430225,11.67633141651504,-0.1315814981330158,11.67633141651504,-0.1315814981330158,004642.31-000753.6,2.23353073910304,46.494218557196334,0.0032590892289974,45.77785897960277,0.0100919528170031,-26.229700058793213,8.442512512207031,2.23353073910304,46.494218557196334,0.0032590892289974,"(46.324, 46.855]"
1435027,179.5436456399339,428.9698340935063,1435027,8.115226279857438,0.904395384402556,8.115226279857438,0.904395384402556,003227.65+005415.8,1.6338711272964677,46.54965627811642,0.0043204505528038,45.83784904907523,0.0043204505528038,-26.327085103824505,11.546606063842773,1.6338711272964677,46.54965627811642,0.0043204505528038,"(46.324, 46.855]"
1397784,575.6366535605638,1597.5346763385885,1397784,35.94346932184145,-0.6522994765894674,35.94346932184145,-0.6522994765894674,022346.43-003908.2,1.6832014937726651,46.37781000492037,0.002930233182063,45.66600277587918,0.002930233182063,-26.778361298919105,10.919405937194824,1.6832014937726651,46.37781000492037,0.002930233182063,"(46.324, 46.855]"
1427757,143.53007269001972,488.6310752219813,1427757,13.699318,-0.957417,13.699318,-0.957417,005447.83-005726.7,1.7665421862703523,46.37260511210299,0.0065573335418029,45.6607978830618,0.0065573335418029,-26.040809298857397,6.035701751708984,1.7665421862703523,46.37260511210299,0.0065573335418029,"(46.324, 46.855]"
1437499,49.54649396369656,161.28392326262775,1437499,6.088452286513111,-1.1561403797352168,6.088452286513111,-1.1561403797352168,002421.22-010922.1,2.268254625854733,46.47987818834244,0.0030463640002089,45.66139156823752,0.0136357986854278,-25.67982623280399,8.33419418334961,2.268254625854733,46.47987818834244,0.0030463640002089,"(46.324, 46.855]"
1400402,175.33439298369532,521.0825952910278,1400402,34.18757202420087,0.145142452624331,34.18757202420087,0.145142452624331,021645.01+000842.5,1.3706693993666639,46.44295332744886,0.0011635159453895,45.73114609840767,0.0011635159453895,-26.12752029594397,13.65538215637207,1.3706693993666639,46.44295332744886,0.0011635159453895,"(46.324, 46.855]"
1426477,525.2103583155275,1329.771518674982,1426477,14.732325181113891,1.191265565072691,14.732325181113891,1.191265565072691,005855.75+011128.5,1.2236605021764966,46.49483982637995,0.0054789059501985,45.78303259733876,0.0054789059501985,-26.416034458175215,13.452973365783691,1.2236605021764966,46.49483982637995,0.0054789059501985,"(46.324, 46.855]"
1417440,167.58241831136831,368.7548980960452,1417440,21.761784876556703,0.6187124140885013,21.761784876556703,0.6187124140885013,012702.82+003707.3,2.5165083683331737,46.4427120323267,0.0038170176833993,0.0,-1.0,-26.25162588793183,5.929522514343262,2.5165083683331737,46.4427120323267,0.0038170176833993,"(46.324, 46.855]"
1432433,73.13104342057771,1039.2524467040153,1432433,10.093346212882466,0.9943550082321522,10.093346212882466,0.9943550082321522,004022.40+005939.6,2.5631430074521244,46.53470465505923,0.0034915429540767,0.0,-1.0,-27.328283255278244,11.584410667419434,2.5631430074521244,46.53470465505923,0.0034915429540767,"(46.324, 46.855]"
1429563,186.4770509386297,421.9762221589507,1429563,12.15883966335497,-1.111403839193115,12.15883966335497,-1.111403839193115,004838.12-010641.0,2.292094719252218,46.6244563057058,0.0031929581441509,45.76327711993581,0.0147909403062413,-25.88480648913508,7.9133453369140625,2.292094719252218,46.6244563057058,0.0031929581441509,"(46.324, 46.855]"
1401527,70.71970873204349,188.0752202618292,1401527,33.43145011075194,0.2162049415240451,33.43145011075194,0.2162049415240451,021343.54+001258.3,2.342036265248058,46.5179317810142,0.0021650831003334,45.76966043903106,0.0128859915491936,-25.965934932963165,11.446194648742676,2.342036265248058,46.5179317810142,0.0021650831003334,"(46.324, 46.855]"
1410581,172.00212853650302,506.5513479386088,1410581,26.616415117193924,0.8350476086191639,26.616415117193924,0.8350476086191639,014627.93+005006.1,2.7962403997351664,46.35989860188797,0.0059061922866483,0.0,-1.0,-25.828497976216706,4.207545757293701,2.7962403997351664,46.35989860188797,0.0059061922866483,"(46.324, 46.855]"
1441331,225.4452722320916,594.8997593973085,1441331,2.8809428863195308,0.7884429278009617,2.8809428863195308,0.7884429278009617,001131.42+004718.3,1.8935579364158492,46.43628121508035,0.0038636075026552,45.72447398603916,0.0038636075026552,-26.002733223206405,11.111696243286133,1.8935579364158492,46.43628121508035,0.0038636075026552,"(46.324, 46.855]"
1393032,63.87161227444025,226.1047035500145,1393032,39.23745702883094,0.4461315942793656,39.23745702883094,0.4461315942793656,023656.98+002646.0,2.6617338832279316,46.63726272594195,0.0032244751272365,0.0,-1.0,-27.15771008935816,11.090080261230469,2.6617338832279316,46.63726272594195,0.0032244751272365,"(46.324, 46.855]"
1409099,29.306290162564977,89.14849855131257,1409099,27.739676171861937,-0.7631863693976473,27.739676171861937,-0.7631863693976473,015057.52-004547.4,3.0277994119271807,46.608841168086414,0.0034007802897271,0.0,-1.0,-26.782141649897284,6.372305870056152,3.0277994119271807,46.608841168086414,0.0034007802897271,"(46.324, 46.855]"
1388172,53.48066491837579,135.29429047274348,1388172,42.5803,0.516843,42.5803,0.516843,025019.27+003100.6,2.021236990509643,46.339074583166465,0.0168736683609367,45.79871123446482,0.0111041399713229,-26.094302088644614,4.8830389976501465,2.021236990509643,46.339074583166465,0.0168736683609367,"(46.324, 46.855]"
1429233,15.647573554337471,94.72123181290692,1429233,12.455086986282994,0.4379912894566823,12.455086986282994,0.4379912894566823,004949.22+002616.7,3.403717959493354,46.61893040125668,0.0094484261036598,0.0,-1.0,-26.681633912782047,4.656736373901367,3.403717959493354,46.61893040125668,0.0094484261036598,"(46.324, 46.855]"
1449548,50.54892415630964,113.89207529419794,1449548,351.4912872398457,1.2336066028629669,351.4912872398457,1.2336066028629669,232557.90+011400.9,2.627546203695493,46.69960738030289,0.0024706397371438,0.0,-1.0,-26.698022731552072,7.651882648468018,2.627546203695493,46.69960738030289,0.0024706397371438,"(46.324, 46.855]"
1399290,57.11698740302855,191.6199142722266,1399290,34.94034236259847,0.6957388238646287,34.94034236259847,0.6957388238646287,021945.68+004144.6,2.5145686568901136,46.59193158561766,0.0033308324451262,0.0,-1.0,-26.804027611229643,9.7861909866333,2.5145686568901136,46.59193158561766,0.0033308324451262,"(46.324, 46.855]"
1391275,581.1411882042111,2394.110726731319,1391275,40.483971,0.57829359,40.483971,0.57829359,024156.15+003441.8,1.0518103017558074,46.36520153678793,0.0010539774944717,45.65339430774674,0.0010539774944717,1.0,29.032365798950195,1.0518103017558074,46.36520153678793,0.0010539774944717,"(46.324, 46.855]"
1451360,69.78747087992194,163.8757217670536,1451360,348.1076270795005,0.3551557790606608,348.1076270795005,0.3551557790606608,231225.83+002118.5,2.387456731440503,46.40669679425773,0.0043071824410283,45.9374296122371,0.0157740637109249,-26.42600491717564,7.935762882232666,2.387456731440503,46.40669679425773,0.0043071824410283,"(46.324, 46.855]"
1427767,22.48079378420706,67.64825640547488,1427767,13.687617181866443,0.7947319420393888,13.687617181866443,0.7947319420393888,005445.02+004741.0,2.6586266780703958,46.33123540505786,0.0045595827538917,0.0,-1.0,-25.843436594002803,4.572054386138916,2.6586266780703958,46.33123540505786,0.0045595827538917,"(46.324, 46.855]"
1413374,130.55624023812229,496.20722736592586,1413374,24.655387084182543,0.4718214686037638,24.655387084182543,0.4718214686037638,013837.29+002818.5,1.3531075748730124,46.58586651844544,0.0019521387389467,45.87405928940425,0.0019521387389467,-26.320507410513173,17.9306697845459,1.3531075748730124,46.58586651844544,0.0019521387389467,"(46.324, 46.855]"
1400383,106.0911760800896,232.9739493977669,1400383,34.20524590314372,-0.623214193715726,34.20524590314372,-0.623214193715726,021649.25-003723.5,1.5361228027244878,46.56670854196926,0.0027288552620525,45.85490131292807,0.0027288552620525,-26.42920676575579,13.968140602111816,1.5361228027244878,46.56670854196926,0.0027288552620525,"(46.324, 46.855]"
1441874,38.25981583897296,131.69852658261922,1441874,2.399655505891019,-0.1027811588812077,2.399655505891019,-0.1027811588812077,000935.91-000610.0,3.0036614509254926,46.581076449291224,0.0047267159366839,0.0,-1.0,-26.706166402251423,5.421769618988037,3.0036614509254926,46.581076449291224,0.0047267159366839,"(46.324, 46.855]"
1452926,142.68729837392354,328.90060848163336,1452926,345.17184321535615,-0.4697279856154601,345.17184321535615,-0.4697279856154601,230041.24-002811.0,1.685986798197848,46.5231781327475,0.0019792743498534,45.81137090370631,0.0019792743498534,-26.530488027621907,20.44477653503418,1.685986798197848,46.5231781327475,0.0019792743498534,"(46.324, 46.855]"
1439750,112.57726103456096,632.544487463512,1439750,4.199298,1.205632,4.199298,1.205632,001647.83+011220.2,1.4797221718465237,46.441442060029445,0.0045275570376688,45.72963483098825,0.0045275570376688,-26.086778883296006,5.070893287658691,1.4797221718465237,46.441442060029445,0.0045275570376688,"(46.324, 46.855]"
1450603,84.25051950729046,188.80783812691377,1450603,349.494365,-0.928105,349.494365,-0.928105,231758.64-005541.1,1.9785481527103892,46.36484854301634,0.0151762617073387,45.60468309885666,0.0121516037372195,-25.991008147669522,4.861093997955322,1.9785481527103892,46.36484854301634,0.0151762617073387,"(46.324, 46.855]"
1459184,94.1191004745086,361.3223029700656,1459184,333.1155949571556,0.8613152592967427,333.1155949571556,0.8613152592967427,221227.74+005140.7,1.7778051865009386,46.62696791126012,0.0032689365715654,45.915160682218925,0.0032689365715654,-26.433410112287387,12.930573463439941,1.7778051865009386,46.62696791126012,0.0032689365715654,"(46.324, 46.855]"
1432072,106.31745021768158,360.4374279102306,1432072,10.347251782675585,0.5992216697729152,10.347251782675585,0.5992216697729152,004123.34+003557.1,2.634227097207232,46.43745178114852,0.004095676744928,0.0,-1.0,-26.686445871863462,7.781405448913574,2.634227097207232,46.43745178114852,0.004095676744928,"(46.324, 46.855]"
1412585,485.8810056118929,1044.4571633152266,1412585,25.22004003680403,1.0284052499058345,25.22004003680403,1.0284052499058345,014052.80+010142.2,1.6406550704114098,46.57427144770903,0.0032701739652054,45.86246421866784,0.0032701739652054,-26.504936495009115,15.274919509887695,1.6406550704114098,46.57427144770903,0.0032701739652054,"(46.324, 46.855]"
1426735,13.74619983579244,47.1802556345336,1426735,14.502111352338646,0.5336284898749122,14.502111352338646,0.5336284898749122,005800.50+003201.0,2.9795971755140527,46.41472197418607,0.0049082679428558,0.0,-1.0,-26.560973269528493,4.793826103210449,2.9795971755140527,46.41472197418607,0.0049082679428558,"(46.324, 46.855]"
1428062,206.26681678216684,530.4234588756215,1428062,13.443700243054078,0.8954444941387973,13.443700243054078,0.8954444941387973,005346.48+005343.6,2.3302449924839994,46.3583096263262,0.0040244180221087,45.99360003471988,0.0058760417756076,-26.48595656612912,9.125309944152832,2.3302449924839994,46.3583096263262,0.0040244180221087,"(46.324, 46.855]"
1435129,92.44615558205632,623.4706123884015,1435129,8.02873964995024,-0.4604957983464893,8.02873964995024,-0.4604957983464893,003206.89-002737.7,1.914472745542848,46.40056045431469,0.0040735727563685,45.6887532252735,0.0040735727563685,-26.01515550347561,7.854069709777832,1.914472745542848,46.40056045431469,0.0040735727563685,"(46.324, 46.855]"
1397148,67.5998080750592,137.8947332372457,1397148,36.38048834067601,-0.7321544916422698,36.38048834067601,-0.7321544916422698,022531.31-004355.7,2.579440885823684,46.53383720749935,0.0023622159618916,0.0,-1.0,-26.48425438763106,8.91528034210205,2.579440885823684,46.53383720749935,0.0023622159618916,"(46.324, 46.855]"
1444992,18.595905714454208,63.96668085557793,1444992,359.73025116793144,0.0369106345073485,359.73025116793144,0.0369106345073485,235855.26+000212.8,2.7944896791182607,46.50128966777863,0.0038180045227065,0.0,-1.0,-26.29458674628372,5.504904270172119,2.7944896791182607,46.50128966777863,0.0038180045227065,"(46.324, 46.855]"
1399907,53.38749878866603,96.61969946113308,1399907,34.518914191576414,1.1572626438770963,34.518914191576414,1.1572626438770963,021804.53+010926.1,2.5597607180664768,46.593701953907704,0.002942964605257,0.0,-1.0,-26.616071295803337,7.277461051940918,2.5597607180664768,46.593701953907704,0.002942964605257,"(46.324, 46.855]"
1391264,74.04123444960483,185.03527315510232,1391264,40.488137138395,0.1176711299866958,40.488137138395,0.1176711299866958,024157.15+000703.6,1.5643193724661657,46.68217272445428,0.0061612569916071,45.97036549541309,0.0061612569916071,-26.776841831029245,6.8994550704956055,1.5643193724661657,46.68217272445428,0.0061612569916071,"(46.324, 46.855]"
1426583,61.58534295391793,280.8196815908942,1426583,14.625673,0.858358,14.625673,0.858358,005830.16+005130.0,1.8425432881553374,46.52812693313036,0.0106894907807948,45.81631970408917,0.0106894907807948,-26.412927413852948,5.751541614532471,1.8425432881553374,46.52812693313036,0.0106894907807948,"(46.324, 46.855]"
1464984,53.58106229553815,203.30052528577068,1464984,322.2752888090838,0.734184348082675,322.2752888090838,0.734184348082675,212906.06+004403.0,2.924300283170702,46.54814106050594,0.0046861945530025,0.0,-1.0,-26.740790954484513,5.689146041870117,2.924300283170702,46.54814106050594,0.0046861945530025,"(46.324, 46.855]"
1423624,82.55989104451942,152.32270935966935,1423624,16.94079228985626,0.940645324807952,16.94079228985626,0.940645324807952,010745.79+005626.3,2.9853856996611507,46.48854734994056,0.0062656942392713,0.0,-1.0,-25.737505162696902,4.623930931091309,2.9853856996611507,46.48854734994056,0.0062656942392713,"(46.324, 46.855]"
1430718,96.7965839836204,564.8083450700032,1430718,11.316678183503344,0.011764670541399,11.316678183503344,0.011764670541399,004516.00+000042.3,1.557267880898937,46.43064308998893,0.001538822729092,45.71883586094774,0.001538822729092,-26.730708928124884,14.351021766662598,1.557267880898937,46.43064308998893,0.001538822729092,"(46.324, 46.855]"
1431601,621.577718725922,3057.529304599673,1431601,10.679442214981558,0.0337197304784415,10.679442214981558,0.0337197304784415,004243.06+000201.3,1.0833306524813133,46.48661628703749,0.0016389522832653,45.7748090579963,0.0016389522832653,-26.108870351327198,14.932867050170898,1.0833306524813133,46.48661628703749,0.0016389522832653,"(46.324, 46.855]"
1446577,369.88376075552833,741.4064602692054,1446577,357.13896,1.038806,357.13896,1.038806,234833.35+010219.7,1.6038154513719962,46.3466788684193,0.0043612557928547,45.63487163937811,0.0043612557928547,-25.975035023777117,5.23740291595459,1.6038154513719962,46.3466788684193,0.0043612557928547,"(46.324, 46.855]"
1416919,193.3503750483996,667.3804542869738,1416919,22.10832638824371,0.3092329167125024,22.10832638824371,0.3092329167125024,012825.99+001833.2,1.309367001239805,46.48850426353596,0.0021752332901705,45.77669703449477,0.0021752332901705,-26.18566064265339,14.537847518920898,1.309367001239805,46.48850426353596,0.0021752332901705,"(46.324, 46.855]"
1398335,84.216101005147,268.4325927718661,1398335,35.57956515808701,-0.1884968343870414,35.57956515808701,-0.1884968343870414,022219.09-001118.5,3.1642828472441002,46.80536550543727,0.0044671656396246,0.0,-1.0,-26.744103034397074,7.461007595062256,3.1642828472441002,46.80536550543727,0.0044671656396246,"(46.324, 46.855]"
1440552,36.65633848269497,111.71571860649767,1440552,3.5539242387774124,-0.3507304405294906,3.5539242387774124,-0.3507304405294906,001412.94-002102.6,3.1619980711511264,46.42375132040087,0.0102519662816185,0.0,-1.0,-26.746650582696557,3.2554585933685303,3.1619980711511264,46.42375132040087,0.0102519662816185,"(46.324, 46.855]"
1448915,104.8748291139786,266.8135386081706,1448915,352.71069,0.265401,352.71069,0.265401,233050.56+001555.4,1.9374079979996608,46.35672156346194,0.0,45.53160358164304,0.019694865572692,-25.824219209378242,4.4749579429626465,1.9374079979996608,46.35672156346194,0.0,"(46.324, 46.855]"
1450014,479.2477868435048,1421.56524379,1450014,350.6069164418476,-0.4655799641512476,350.6069164418476,-0.4655799641512476,232225.65-002756.0,1.520014188569643,46.599529253096094,0.0021208790040461,45.8877220240549,0.0021208790040461,-26.81808465956846,17.575868606567383,1.520014188569643,46.599529253096094,0.0021208790040461,"(46.324, 46.855]"
1437140,393.9123383287021,805.3314606841483,1437140,6.405398059731283,0.4567690959832287,6.405398059731283,0.4567690959832287,002537.29+002724.3,1.9109270227550785,46.842344233897265,0.0023990468551744,46.13053700485607,0.0023990468551744,-26.937121107576722,15.605879783630371,1.9109270227550785,46.842344233897265,0.0023990468551744,"(46.324, 46.855]"
1448535,86.23870301206041,263.235063768194,1448535,353.420565,0.64322,353.420565,0.64322,233340.93+003835.5,2.0957031996018993,46.557948675232424,0.0081396567072218,0.0,-1.0,-26.614069436410702,5.25809383392334,2.0957031996018993,46.557948675232424,0.0081396567072218,"(46.324, 46.855]"
1409662,40.44930695108349,120.46707619699023,1409662,27.297230499224383,-0.9889948228700404,27.297230499224383,-0.9889948228700404,014911.33-005920.3,3.372672596039302,46.6126398669573,0.0159472823002886,0.0,-1.0,-27.14271982143168,3.6898202896118164,3.372672596039302,46.6126398669573,0.0159472823002886,"(46.324, 46.855]"
1408536,68.09163098424094,225.12886209622292,1408536,28.19098301763171,0.6471039870894152,28.19098301763171,0.6471039870894152,015245.83+003849.5,2.2571497373592218,46.566506066644465,0.0031927161232658,45.83806174146393,0.0084440677229764,-26.60154791492029,9.526835441589355,2.2571497373592218,46.566506066644465,0.0031927161232658,"(46.324, 46.855]"
1438299,12.861002542283194,32.23994100498924,1438299,5.42805587457217,0.0220311257093681,5.42805587457217,0.0220311257093681,002142.73+000119.3,2.956334600932364,46.350507393902866,0.0067141112982795,0.0,-1.0,-26.206225975440745,4.028421401977539,2.956334600932364,46.350507393902866,0.0067141112982795,"(46.324, 46.855]"
1418383,65.01023314054943,296.1216758178973,1418383,21.023076569770524,-0.7864914368782042,21.023076569770524,-0.7864914368782042,012405.53-004711.3,1.872777066439448,46.332268193264696,0.0044523670749967,45.620460964223504,0.0044523670749967,-25.530601945426255,8.462248802185059,1.872777066439448,46.332268193264696,0.0044523670749967,"(46.324, 46.855]"
1394309,97.55331307065735,362.47997119235066,1394309,38.29107598635983,0.8405462994889096,38.29107598635983,0.8405462994889096,023309.85+005025.9,2.585104383925907,46.57903785991606,0.0034442007076975,0.0,-1.0,-26.833514010162897,7.741747856140137,2.585104383925907,46.57903785991606,0.0034442007076975,"(46.324, 46.855]"
1398778,824.5079280982255,2144.9965003283965,1398778,35.29954722397622,1.0969070957751648,35.29954722397622,1.0969070957751648,022111.89+010548.8,1.4876245164811823,46.829388599218966,0.0009267144014799,46.117581370177774,0.0009267144014799,-27.2633980616115,32.80612564086914,1.4876245164811823,46.829388599218966,0.0009267144014799,"(46.324, 46.855]"
1453497,62.71031759974475,159.0883202289824,1453497,344.0831558924625,0.5854058899450043,344.0831558924625,0.5854058899450043,225619.95+003507.4,2.6645162489484515,46.576474617977574,0.0038573939259087,0.0,-1.0,-26.4702539552904,8.668956756591797,2.6645162489484515,46.576474617977574,0.0038573939259087,"(46.324, 46.855]"
1389328,214.0989686082747,425.74464659444,1389328,41.72919704685431,0.7322348170866297,41.72919704685431,0.7322348170866297,024655.00+004356.0,1.883300864974437,46.74524254635664,0.0021231737778144,46.03343531731545,0.0021231737778144,-26.666155918462895,20.90835189819336,1.883300864974437,46.74524254635664,0.0021231737778144,"(46.324, 46.855]"
1425008,19.62224928833164,173.93697799594574,1425008,15.901700572935423,-0.919066355932804,15.901700572935423,-0.919066355932804,010336.40-005508.6,2.440087181501499,46.55449530327512,0.00306763897715,45.990565517626834,0.0159560726332124,-26.725150853699805,7.59442138671875,2.440087181501499,46.55449530327512,0.00306763897715,"(46.324, 46.855]"
1455425,49.70900929438852,253.7387122178215,1455425,340.30389974940056,-1.1043394770495356,340.30389974940056,-1.1043394770495356,224112.93-010615.6,2.033906103370171,46.36684033045293,0.0055347647644978,45.91074615887181,0.0022586189758335,-26.332411958789837,9.4751615524292,2.033906103370171,46.36684033045293,0.0055347647644978,"(46.324, 46.855]"
1399044,375.7523130708308,1034.3482676161395,1399044,35.114766,1.233822,35.114766,1.233822,022027.54+011401.7,1.3286750668074268,46.632540999539565,0.0018194888954035,45.92073377049837,0.0018194888954035,-26.479101253402785,17.82848358154297,1.3286750668074268,46.632540999539565,0.0018194888954035,"(46.324, 46.855]"
1427020,22.386601532050133,107.98240217358682,1427020,14.264123931640242,0.2356233424729421,14.264123931640242,0.2356233424729421,005703.38+001408.2,3.030679300394637,46.48399303888045,0.0163325408260952,0.0,-1.0,-26.95202846485441,5.588095188140869,3.030679300394637,46.48399303888045,0.0163325408260952,"(46.324, 46.855]"
1450655,89.25720565503089,387.314735701956,1450655,349.4018441291749,-0.8098997445306033,349.4018441291749,-0.8098997445306033,231736.44-004835.6,1.2089294089410247,46.661357085390904,0.0012241494560001,45.94954985634971,0.0012241494560001,-26.25554040010906,27.6715145111084,1.2089294089410247,46.661357085390904,0.0012241494560001,"(46.324, 46.855]"
1444042,57.09890581186114,129.06799466153635,1444042,0.634682,-0.341638,0.634682,-0.341638,000232.32-002029.8,2.183591423866146,46.340799281575,0.0114241606804732,0.0,-1.0,-26.085227101882055,3.7275044918060303,2.183591423866146,46.340799281575,0.0114241606804732,"(46.324, 46.855]"
1431411,91.09212809476152,407.0971365402249,1431411,10.812929524196392,1.1814663456274326,10.812929524196392,1.1814663456274326,004315.10+011053.2,1.928632316959662,46.4363389246447,0.0032893093448151,45.72453169560351,0.0032893093448151,-26.3019498929508,12.520462036132812,1.928632316959662,46.4363389246447,0.0032893093448151,"(46.324, 46.855]"
1451970,31.99602073999529,92.84200848096084,1451970,346.99442394069104,-1.0965944575634283,346.99442394069104,-1.0965944575634283,230758.66-010547.7,2.33116311388253,46.47409563513417,0.0032635195372989,45.818731986669626,0.0133490929190749,-26.20884633273789,7.96552848815918,2.33116311388253,46.47409563513417,0.0032635195372989,"(46.324, 46.855]"
1393321,134.41823337185977,430.5812890814657,1393321,39.00202740589043,1.187061284372064,39.00202740589043,1.187061284372064,023600.48+011113.4,1.819876290333605,46.34120661903943,0.0032442416544427,45.62939938999824,0.0032442416544427,-25.67884365263192,10.749940872192383,1.819876290333605,46.34120661903943,0.0032442416544427,"(46.324, 46.855]"
1390453,13.252086580786846,45.86424873713815,1390453,41.019964429600805,-0.178368841505606,41.019964429600805,-0.178368841505606,024404.79-001042.1,3.140025916706336,46.33365080300147,0.006560131475279,0.0,-1.0,-25.7138498029832,3.308112621307373,3.140025916706336,46.33365080300147,0.006560131475279,"(46.324, 46.855]"
1413096,3016.9200498127257,11662.550662363446,1413096,24.86322176513981,0.158706035413685,24.86322176513981,0.158706035413685,013927.17+000931.3,1.2110403292423844,46.73033379938515,0.0008703564966872,46.01852657034396,0.0008703564966872,-26.236104463999926,25.268598556518555,1.2110403292423844,46.73033379938515,0.0008703564966872,"(46.324, 46.855]"
1415566,282.11626709911616,818.1338360337153,1415566,23.10493240465189,1.2356124488612843,23.10493240465189,1.2356124488612843,013225.18+011408.2,2.5676349831489,46.7023241475831,0.0020359180361495,0.0,-1.0,-26.662933374007174,9.638178825378418,2.5676349831489,46.7023241475831,0.0020359180361495,"(46.324, 46.855]"
1443802,52.82823082288069,203.1355842616113,1443802,0.8439411872205653,0.5142986864091623,0.8439411872205653,0.5142986864091623,000322.54+003051.4,2.6880385706419396,46.43074387076219,0.0048507260612886,0.0,-1.0,-26.27881496554634,7.0648322105407715,2.6880385706419396,46.43074387076219,0.0048507260612886,"(46.324, 46.855]"
1459319,32.286139936281906,303.51724533416865,1459319,332.8738835635015,0.5700826049515036,332.8738835635015,0.5700826049515036,221129.73+003412.2,1.834200950691611,46.829323965200075,0.0012961900836998,46.11751673615888,0.0012961900836998,-27.04941309923564,21.514686584472656,1.834200950691611,46.829323965200075,0.0012961900836998,"(46.324, 46.855]"
1428736,40.00946767845943,145.0792065153038,1428736,12.84467854489952,-0.7828397503855286,12.84467854489952,-0.7828397503855286,005122.72-004658.2,2.701935580071482,46.755096749841805,0.0016939256922015,0.0,-1.0,-27.19410558491513,11.020329475402832,2.701935580071482,46.755096749841805,0.0016939256922015,"(46.324, 46.855]"
1434882,80.9067289597626,220.9961726746513,1434882,8.236095,-0.265848,8.236095,-0.265848,003256.66-001557.0,1.9578119644746956,46.58822676028812,0.0,45.70883912032523,0.01536690538558,-26.228606002890682,7.663547039031982,1.9578119644746956,46.58822676028812,0.0,"(46.324, 46.855]"
1435202,35.006479346312986,330.83116952514985,1435202,7.970596,1.195555,7.970596,1.195555,003152.94+011143.9,2.1079183920863884,46.44991050875716,0.0144684246720991,0.0,-1.0,-26.719223016313567,5.910162925720215,2.1079183920863884,46.44991050875716,0.0144684246720991,"(46.324, 46.855]"
1451598,19.441994132528485,100.42684180813754,1451598,347.6830136816715,-0.6966458860373606,347.6830136816715,-0.6966458860373606,231043.92-004147.9,3.18751348269684,46.38767615679229,0.0119515711815587,0.0,-1.0,-26.284388811326025,3.115220546722412,3.18751348269684,46.38767615679229,0.0119515711815587,"(46.324, 46.855]"
1392330,64.08501341997858,183.63146841073203,1392330,39.76327533706524,0.3996595045311504,39.76327533706524,0.3996595045311504,023903.18+002358.7,2.561846055087127,46.61807034889475,0.0047540053325434,0.0,-1.0,-25.256627900846112,5.604700088500977,2.561846055087127,46.61807034889475,0.0047540053325434,"(46.324, 46.855]"
1406268,20.06696666960357,80.7899658133023,1406268,30.037321914490803,0.3269954506311538,30.037321914490803,0.3269954506311538,020008.95+001937.1,2.2244381261818447,46.41633746995586,0.0046263605794578,45.77477586895464,0.0067664259886761,-26.044538950355587,8.16124153137207,2.2244381261818447,46.41633746995586,0.0046263605794578,"(46.324, 46.855]"
1410939,109.44362389498146,220.3967079177806,1410939,26.355694674568,0.1444158008735981,26.355694674568,0.1444158008735981,014525.36+000839.8,2.3565838440403772,46.73877399907814,0.0039861258571285,46.12721368467847,0.0101443173333812,-26.584205239564575,10.074440956115723,2.3565838440403772,46.73877399907814,0.0039861258571285,"(46.324, 46.855]"
1397371,16.892839175813002,17.19525925557581,1397371,36.226635143797054,-0.3151888384421378,36.226635143797054,-0.3151888384421378,022454.39-001854.6,2.744659368359674,46.34309434103742,0.0051014842861327,0.0,-1.0,-26.637899996876364,5.175766468048096,2.744659368359674,46.34309434103742,0.0051014842861327,"(46.324, 46.855]"
1411707,47.850220119273686,158.2314504595738,1411707,25.79714596148266,-0.3066153680685484,25.79714596148266,-0.3066153680685484,014311.31-001823.8,2.0220813836653577,46.64038648205085,0.0026705480819515,45.95497139136633,0.0038221548793693,-26.852406141709995,13.301905632019043,2.0220813836653577,46.64038648205085,0.0026705480819515,"(46.324, 46.855]"
1429648,120.934287104802,256.3739967605883,1429648,12.092717,-1.236679,12.092717,-1.236679,004822.25-011412.0,1.6600529681508898,46.38963768818525,0.005718885688136,45.67783045914406,0.005718885688136,-26.206785640078827,7.366298198699951,1.6600529681508898,46.38963768818525,0.005718885688136,"(46.324, 46.855]"
1397175,210.28826338442852,462.5850815505724,1397175,36.36255897202136,-1.004236679480935,36.36255897202136,-1.004236679480935,022527.01-010015.2,1.921556959198041,46.37827166241098,0.0044619065876254,45.66646443336979,0.0044619065876254,-25.41167383863946,10.323315620422363,1.921556959198041,46.37827166241098,0.0044619065876254,"(46.324, 46.855]"
1439945,110.4255231023436,397.279259214754,1439945,4.049428,-1.08847,4.049428,-1.08847,001611.86-010518.4,2.0927498693759294,46.583084807213886,0.0097769577611579,0.0,-1.0,-26.314930941188685,5.4008564949035645,2.0927498693759294,46.583084807213886,0.0097769577611579,"(46.324, 46.855]"
1389594,425.4370725106472,1921.9697213985248,1389594,41.57119951827676,-0.1007373176424764,41.57119951827676,-0.1007373176424764,024617.08-000602.6,1.1422111970701823,46.61162275199698,0.0008961944087815,45.89981552295579,0.0008961944087815,-26.49881105910909,31.16066551208496,1.1422111970701823,46.61162275199698,0.0008961944087815,"(46.324, 46.855]"
1444158,79.61169198801845,224.881905901636,1444158,0.542143,-0.958599,0.542143,-0.958599,000210.11-005730.9,1.9781230967535801,46.45601517149771,0.0139434525223265,45.51710734052647,0.0357144256348469,-25.726327182067994,4.468815803527832,1.9781230967535801,46.45601517149771,0.0139434525223265,"(46.324, 46.855]"
1398331,50.796440193888905,107.62841302895288,1398331,35.58181431803666,0.7402432146067427,35.58181431803666,0.7402432146067427,022219.63+004424.8,2.5600842210038257,46.448867362534784,0.0045968537228979,0.0,-1.0,-26.4862865812047,7.247509956359863,2.5600842210038257,46.448867362534784,0.0045968537228979,"(46.324, 46.855]"
1451600,84.43095958362548,277.4218370000527,1451600,347.6803948270048,-0.5308503648401868,347.6803948270048,-0.5308503648401868,231043.29-003151.0,2.1711704240632232,46.6845263704852,0.0019185197633575,46.124592715691264,0.0029926537744557,-27.40478517055806,21.571880340576172,2.1711704240632232,46.6845263704852,0.0019185197633575,"(46.324, 46.855]"
1437588,68.92790197016853,196.5274820542778,1437588,6.012767252800249,-0.652265619669929,6.012767252800249,-0.652265619669929,002403.06-003908.1,2.4553984002483515,46.7842064419824,0.0022874047070828,0.0,-1.0,-26.67229176388246,13.197924613952637,2.4553984002483515,46.7842064419824,0.0022874047070828,"(46.324, 46.855]"
1463300,11.42189136455296,37.761773951965935,1463300,325.26235289027835,-0.3590852060890302,325.26235289027835,-0.3590852060890302,214102.96-002132.7,2.758254435218722,46.462274649253224,0.0054620437200085,0.0,-1.0,-26.019122020235535,4.739035606384277,2.758254435218722,46.462274649253224,0.0054620437200085,"(46.324, 46.855]"
1446384,20.76352690966436,156.1149710800728,1446384,357.4895831363031,-0.5648958399160681,357.4895831363031,-0.5648958399160681,234957.50-003353.6,2.537194677642742,46.33745340853533,0.0061736027340302,0.0,-1.0,-26.349482259855286,5.301675319671631,2.537194677642742,46.33745340853533,0.0061736027340302,"(46.324, 46.855]"
1406251,243.55186747624364,829.1054606533701,1406251,30.05023270156306,-0.4653100999843214,30.05023270156306,-0.4653100999843214,020012.05-002755.1,1.560651455209666,46.486957626454235,0.0021933157230016,45.77515039741304,0.0021933157230016,-26.060489233582288,14.10593032836914,1.560651455209666,46.486957626454235,0.0021933157230016,"(46.324, 46.855]"
1446570,300.53707432941627,837.9849734102772,1446570,357.1514771539208,-0.5295924412955139,357.1514771539208,-0.5295924412955139,234836.35-003146.5,2.0857375118610024,46.34854905396397,0.0038350062798961,45.56533162303333,0.0072773123028753,-25.560357978261493,8.972176551818848,2.0857375118610024,46.34854905396397,0.0038350062798961,"(46.324, 46.855]"
1404154,20.835955124388743,66.53993692909955,1404154,31.569362715997528,0.859383927267219,31.569362715997528,0.859383927267219,020616.64+005133.7,3.3621846195644065,46.68458151671817,0.0210085114360794,0.0,-1.0,-26.688854951927727,6.0921630859375,3.3621846195644065,46.68458151671817,0.0210085114360794,"(46.324, 46.855]"
1419396,22.30555579856536,72.3913054940664,1419396,20.25315224627188,1.142463867859598,20.25315224627188,1.142463867859598,012100.75+010832.8,2.8938521705770457,46.69665738969782,0.003936620973505,0.0,-1.0,-26.785408790706946,7.180150032043457,2.8938521705770457,46.69665738969782,0.003936620973505,"(46.324, 46.855]"
1443112,18.73929760150468,135.57613838326574,1443112,1.4012194257004025,0.1563286247573106,1.4012194257004025,0.1563286247573106,000536.29+000922.7,2.5216004315157714,46.606675077163935,0.0037292935768533,0.0,-1.0,-26.491642203098866,9.237385749816895,2.5216004315157714,46.606675077163935,0.0037292935768533,"(46.324, 46.855]"
1417864,190.4090487114793,529.2164702972925,1417864,21.433383,-0.26214,21.433383,-0.26214,012544.01-001543.7,1.8905110117638553,46.37302663614171,0.0162649098686458,45.66121940710052,0.0162649098686458,-26.56218909944694,7.282670497894287,1.8905110117638553,46.37302663614171,0.0162649098686458,"(46.324, 46.855]"
1428292,397.055860125186,699.8817422822253,1428292,13.237144176897244,-0.2858913986555507,13.237144176897244,-0.2858913986555507,005256.91-001709.2,1.6763102202118751,46.83534132718491,0.001544744060471,46.12353409814372,0.001544744060471,-27.07071842738335,18.326705932617188,1.6763102202118751,46.83534132718491,0.001544744060471,"(46.324, 46.855]"
1412025,13.485750534697956,30.70850040905291,1412025,25.57932489248913,-1.0110558277466244,25.57932489248913,-1.0110558277466244,014219.03-010039.8,2.459950240043102,46.331552353794955,0.0043745216745101,0.0,-1.0,-25.928282699366026,4.726714134216309,2.459950240043102,46.331552353794955,0.0043745216745101,"(46.324, 46.855]"
1417155,56.49504671027049,190.57717359610496,1417155,21.96575353751416,-0.52107042616308,21.96575353751416,-0.52107042616308,012751.78-003115.8,2.9351231625247887,46.455255720084494,0.0071856878913507,0.0,-1.0,-26.35881837289402,4.86469841003418,2.9351231625247887,46.455255720084494,0.0071856878913507,"(46.324, 46.855]"
1429338,118.37414219469024,485.9406426975327,1429338,12.36522,0.428489,12.36522,0.428489,004927.65+002542.5,1.7294796350002213,46.42171811987066,0.0104639680503453,45.70991089082947,0.0104639680503453,-26.05595235414654,8.385775566101074,1.7294796350002213,46.42171811987066,0.0104639680503453,"(46.324, 46.855]"
1432757,21.00441057154012,95.6067804719984,1432757,9.844581296972365,0.4452514888923488,9.844581296972365,0.4452514888923488,003922.69+002642.9,3.8371412454123095,46.453821302374784,0.0280501721786663,0.0,-1.0,-27.10891295384728,3.4336206912994385,3.8371412454123095,46.453821302374784,0.0280501721786663,"(46.324, 46.855]"
1402458,409.7148400909557,1248.7251519339322,1402458,32.785698,-0.628688,32.785698,-0.628688,021108.56-003743.2,2.1090441497954675,46.616251436358276,0.0071381049150609,0.0,-1.0,-26.748102208914965,7.600443363189697,2.1090441497954675,46.616251436358276,0.0071381049150609,"(46.324, 46.855]"
1432759,145.40557710083652,500.3744738051749,1432759,9.843533,0.997697,9.843533,0.997697,003922.44+005951.7,2.0052296175344777,46.537216675900254,0.0054709272188588,45.653436708147645,0.0079907126727079,-26.349289421560094,7.582918643951416,2.0052296175344777,46.537216675900254,0.0054709272188588,"(46.324, 46.855]"
1408368,104.7328296947262,208.7610804499309,1408368,28.30859399582982,0.865346349041453,28.30859399582982,0.865346349041453,015314.06+005155.2,2.5246483173491336,46.47269191711412,0.005751785165355,0.0,-1.0,-26.63860981663398,5.685613632202148,2.5246483173491336,46.47269191711412,0.005751785165355,"(46.324, 46.855]"
1430045,259.0263413929331,722.5187492004569,1430045,11.809028916261752,-0.4592267539312162,11.809028916261752,-0.4592267539312162,004714.16-002733.2,1.2552785082249978,46.631321218517684,0.0009325200435128,45.91951398947649,0.0009325200435128,-26.909530302245255,29.297943115234375,1.2552785082249978,46.631321218517684,0.0009325200435128,"(46.324, 46.855]"
1431709,25.38052582215764,93.7729518338584,1431709,10.606451940974123,-0.6259041998264827,10.606451940974123,-0.6259041998264827,004225.54-003733.2,3.2512849880696626,46.59453211069523,0.009189846877863,0.0,-1.0,-26.008160791373164,3.7474300861358643,3.2512849880696626,46.59453211069523,0.009189846877863,"(46.324, 46.855]"
1465334,83.17901346665015,496.5509554835459,1465334,321.61687221155626,0.6533243133080393,321.61687221155626,0.6533243133080393,212628.04+003911.9,1.7707055992127203,46.6660390200592,0.0029898912729962,45.95423179101801,0.0029898912729962,-26.48664504169945,17.13063621520996,1.7707055992127203,46.6660390200592,0.0029898912729962,"(46.324, 46.855]"
1424915,30.60454340259637,102.24452552497478,1424915,15.969897668550429,-0.81084295641977,15.969897668550429,-0.81084295641977,010352.77-004839.0,2.607066462970464,46.39712771842213,0.0035054223914734,0.0,-1.0,-25.73966134833187,5.7311177253723145,2.607066462970464,46.39712771842213,0.0035054223914734,"(46.324, 46.855]"
1464279,189.39697886894905,395.986883283497,1464279,323.5366601034754,-0.393588293200915,323.5366601034754,-0.393588293200915,213408.79-002336.9,2.106627753551711,46.428867265026774,0.0042427874341832,45.61901348027757,0.0134757027126966,-25.921254274600063,6.450185298919678,2.106627753551711,46.428867265026774,0.0042427874341832,"(46.324, 46.855]"
1447625,58.77744453360487,153.2337122198492,1447625,355.0199123621911,-1.1113573881770047,355.0199123621911,-1.1113573881770047,234004.77-010640.8,2.524532161998709,46.46453679856964,0.0037819589659804,0.0,-1.0,-26.336673204868916,4.886782646179199,2.524532161998709,46.46453679856964,0.0037819589659804,"(46.324, 46.855]"
1392463,18.53045448691583,62.102887147871655,1392463,39.658153985664285,-1.0539322335425048,39.658153985664285,-1.0539322335425048,023837.95-010314.1,1.760600383402688,46.32536065448441,0.0033301717837801,45.61355342544322,0.0033301717837801,-25.912270566947832,10.377398490905762,1.760600383402688,46.32536065448441,0.0033301717837801,"(46.324, 46.855]"
1415310,58.12651459166454,185.34454148629607,1415310,23.28916795187041,1.1842204072400693,23.28916795187041,1.1842204072400693,013309.40+011103.1,3.509101507413119,46.82731378193142,0.0044426942584117,0.0,-1.0,-27.30575795350028,6.703700542449951,3.509101507413119,46.82731378193142,0.0044426942584117,"(46.324, 46.855]"
1437105,67.56743110582444,222.0368939397674,1437105,6.430808449645355,0.9958793603405608,6.430808449645355,0.9958793603405608,002543.39+005945.1,2.2728062091705064,46.36730312795938,0.0039704340649358,45.64557003004503,0.0101382667387959,-26.105625799837718,7.493037700653076,2.2728062091705064,46.36730312795938,0.0039704340649358,"(46.324, 46.855]"
1462540,32.05277981774711,132.1875835794538,1462540,326.58548529865527,-1.1951343596859396,326.58548529865527,-1.1951343596859396,214620.51-011142.4,2.564684366692741,46.70716596294786,0.0020064434498223,0.0,-1.0,-26.824536479891655,7.764784336090088,2.564684366692741,46.70716596294786,0.0020064434498223,"(46.324, 46.855]"
1394150,103.34905784547664,198.7112889822289,1394150,38.39475636456581,-0.5074777088902654,38.39475636456581,-0.5074777088902654,023334.74-003026.9,2.431703463812706,46.52208812572672,0.0040128444550973,45.79511836301124,0.0430483824262424,-26.548896542655147,6.307857990264893,2.431703463812706,46.52208812572672,0.0040128444550973,"(46.324, 46.855]"
1417067,160.05814039007714,467.492201522719,1417067,22.01155562854329,-0.8265009033252257,22.01155562854329,-0.8265009033252257,012802.77-004935.4,2.640828166805373,46.60363005897482,0.0030957239473714,0.0,-1.0,-26.539155322740392,8.362824440002441,2.640828166805373,46.60363005897482,0.0030957239473714,"(46.324, 46.855]"
1395075,627.670940183914,1602.161661753823,1395075,37.77028379604937,0.8412839144620867,37.77028379604937,0.8412839144620867,023104.86+005028.6,1.9640625969655015,46.47610752819192,0.0030376843704722,45.764300299150726,0.0030376843704722,-26.67464117062822,13.708446502685547,1.9640625969655015,46.47610752819192,0.0030376843704722,"(46.324, 46.855]"
1413523,205.7362130418757,558.6035727392,1413523,24.550298575000117,-0.500667337593737,24.550298575000117,-0.500667337593737,013812.07-003002.4,2.629411295947883,46.72589341184026,0.0025412828170914,0.0,-1.0,-27.277986597195962,13.671110153198242,2.629411295947883,46.72589341184026,0.0025412828170914,"(46.324, 46.855]"
1404596,43.33930947747106,218.7278543051181,1404596,31.27417266823028,1.2377497643197046,31.27417266823028,1.2377497643197046,020505.80+011415.8,2.241291222592736,46.75283863896379,0.0024847064458981,46.086544653207454,0.0040961279967532,-27.000463917967494,13.771265029907227,2.241291222592736,46.75283863896379,0.0024847064458981,"(46.324, 46.855]"
1406017,614.5559825256122,2737.582608273724,1406017,30.229736423809925,1.0814042567095137,30.229736423809925,1.0814042567095137,020055.13+010453.0,1.1117058368208925,46.397138968531024,0.0012941768704664,45.68533173948983,0.0012941768704664,-26.246989148668913,18.994653701782227,1.1117058368208925,46.397138968531024,0.0012941768704664,"(46.324, 46.855]"
1445982,226.7547668860042,660.8298376586717,1445982,358.1621681226287,-0.7678116347761881,358.1621681226287,-0.7678116347761881,235238.92-004604.1,1.4321279699853622,46.39053336266582,0.0026743384762397,45.67872613362463,0.0026743384762397,-26.498935338196613,17.91916847229004,1.4321279699853622,46.39053336266582,0.0026743384762397,"(46.324, 46.855]"
1406429,144.5457665352411,307.2835736747016,1406429,29.888188,-1.174011,29.888188,-1.174011,015933.16-011026.4,1.8323730687143123,46.37640651780298,0.0067687700135792,45.664599288761785,0.0067687700135792,-25.840323262738956,5.3843607902526855,1.8323730687143123,46.37640651780298,0.0067687700135792,"(46.324, 46.855]"
1407912,78.41350116837636,217.19988506320288,1407912,28.679734083956472,0.846317162989419,28.679734083956472,0.846317162989419,015443.13+005046.7,2.059801261602661,46.37233062348725,0.0044177184387059,45.90448622656507,0.0034081136371533,-26.367330919254883,7.863621234893799,2.059801261602661,46.37233062348725,0.0044177184387059,"(46.324, 46.855]"
1404714,43.80891518388513,142.60710880141156,1404714,31.194748958553568,0.9411952277666644,31.194748958553568,0.9411952277666644,020446.73+005628.3,2.6143105772953596,46.56132982300519,0.0038284772878753,0.0,-1.0,-26.15604220941252,6.162781715393066,2.6143105772953596,46.56132982300519,0.0038284772878753,"(46.324, 46.855]"
1445718,13.443407303667776,52.54156216714789,1445718,358.5828097166293,-0.6855120794616989,358.5828097166293,-0.6855120794616989,235419.87-004107.8,2.233956638023235,46.44520780777106,0.0047514545874847,45.82808104042325,0.0093040604031351,-26.47966938778741,7.160221099853516,2.233956638023235,46.44520780777106,0.0047514545874847,"(46.324, 46.855]"
1425502,155.12440288856257,953.6058822786348,1425502,15.52455158276052,0.1991662894746714,15.52455158276052,0.1991662894746714,010205.89+001156.9,0.7251205445272677,46.56270807613301,0.0004346183016785,45.85090084709182,0.0004346183016785,-26.540159362570066,49.27378845214844,0.7251205445272677,46.56270807613301,0.0004346183016785,"(46.324, 46.855]"
1421830,484.2897325439521,1492.9838320365195,1421830,18.41413902093248,-0.5025836715814895,18.41413902093248,-0.5025836715814895,011339.39-003009.3,1.0043313763069401,46.36788804114043,0.0011198903682583,45.65608081209924,0.0011198903682583,-25.632673256048143,21.97124481201172,1.0043313763069401,46.36788804114043,0.0011198903682583,"(46.324, 46.855]"
1406985,54.696562938678014,154.951064957216,1406985,29.431620505629965,-0.3648470226281408,29.431620505629965,-0.3648470226281408,015743.58-002153.4,2.946053440420472,46.35601178490811,0.0099209700187579,0.0,-1.0,-26.179626509639284,3.1317996978759766,2.946053440420472,46.35601178490811,0.0099209700187579,"(46.324, 46.855]"
1390797,255.4945154120537,604.5037961433165,1390797,40.778464,0.205393,40.778464,0.205393,024306.83+001219.4,2.09260339396225,46.6055653412954,0.0051818536714485,0.0,-1.0,-26.822908627765138,6.568911552429199,2.09260339396225,46.6055653412954,0.0051818536714485,"(46.324, 46.855]"
1445520,37.1616919896824,90.76174938256489,1445520,358.92834589009857,-0.9741430527448468,358.92834589009857,-0.9741430527448468,235542.80-005826.9,2.7384643067761543,46.61320541362244,0.0034222161828445,0.0,-1.0,-27.099280026777926,7.064411163330078,2.7384643067761543,46.61320541362244,0.0034222161828445,"(46.324, 46.855]"
1393525,523.4072123150156,994.6792727114714,1393525,38.84795215165343,-0.1164146606469876,38.84795215165343,-0.1164146606469876,023523.50-000659.0,1.3939996634255027,46.374911325257074,0.0014356267839694,45.66310409621588,0.0014356267839694,-25.895397765426498,20.524812698364258,1.3939996634255027,46.374911325257074,0.0014356267839694,"(46.324, 46.855]"
1392844,15.84930018471726,38.87787810191851,1392844,39.369585480786895,-1.075258489947964,39.369585480786895,-1.075258489947964,023728.70-010430.9,3.347675881357638,46.455906777654434,0.0112408854920467,0.0,-1.0,-26.01077539701249,4.086043357849121,3.347675881357638,46.455906777654434,0.0112408854920467,"(46.324, 46.855]"
1441955,142.55617330526815,296.6771086884337,1441955,2.3334055880296205,0.9384537533856668,2.3334055880296205,0.9384537533856668,000920.01+005618.4,2.388511320680752,46.344251886289854,0.0037266569327698,45.68811456421084,0.0385023681864247,-26.135956505594685,6.692925453186035,2.388511320680752,46.344251886289854,0.0037266569327698,"(46.324, 46.855]"
1465880,28.056058094887785,71.64973824129768,1465880,320.70023835435114,-0.613221594419688,320.70023835435114,-0.613221594419688,212248.05-003647.5,2.515707186103323,46.60803258223168,0.0034561232875454,0.0,-1.0,-26.72036955409896,8.276993751525879,2.515707186103323,46.60803258223168,0.0034561232875454,"(46.324, 46.855]"
1463740,493.2487708033973,1462.2915972181956,1463740,324.4413523663994,0.0374740664751622,324.4413523663994,0.0374740664751622,213745.92+000214.9,2.202468038876858,46.53909820267656,0.0040812695696068,45.70387644861228,0.0094921456753773,-25.767648088831425,8.724603652954102,2.202468038876858,46.53909820267656,0.0040812695696068,"(46.324, 46.855]"
1395965,67.71563586444375,160.22108653976346,1395965,37.190170958661305,-0.2816569755185191,37.190170958661305,-0.2816569755185191,022845.64-001653.9,2.8349438899865147,46.38722346119254,0.0102920885274748,0.0,-1.0,-26.485374907805987,4.439869403839111,2.8349438899865147,46.38722346119254,0.0102920885274748,"(46.324, 46.855]"
1407971,108.21127724558094,321.1304627104907,1407971,28.633057,0.007317,28.633057,0.007317,015431.93+000026.3,1.8394582115975002,46.3938628411065,0.007105727119832,45.682055612065305,0.007105727119832,-25.9011234517479,4.461280822753906,1.8394582115975002,46.3938628411065,0.007105727119832,"(46.324, 46.855]"
1465425,130.26642156975748,788.913342036861,1465425,321.4663341746058,0.009092138508774,321.4663341746058,0.009092138508774,212551.92+000032.7,1.8156513441656321,46.44791318976557,0.0014869636623586,45.73610596072438,0.0014869636623586,-27.198864596546965,24.5438232421875,1.8156513441656321,46.44791318976557,0.0014869636623586,"(46.324, 46.855]"
1394359,28.90086496905534,88.35023853547312,1394359,38.2562420930316,-0.8062298813155578,38.2562420930316,-0.8062298813155578,023301.49-004822.4,2.1317507260539084,46.44430365400562,0.0049103617411851,45.63327380895172,0.0058354041542507,-26.030311009854938,9.603962898254395,2.1317507260539084,46.44430365400562,0.0049103617411851,"(46.324, 46.855]"
1451760,125.2985623306834,305.53412885661953,1451760,347.4036533876475,0.8709586701068821,347.4036533876475,0.8709586701068821,230936.87+005215.4,2.218612702900681,46.71455850832692,0.0025294338987507,45.99820098171921,0.0043055055390723,-26.910009562374434,15.012884140014648,2.218612702900681,46.71455850832692,0.0025294338987507,"(46.324, 46.855]"
1401496,40.309434675216245,134.03750070378535,1401496,33.45131309176723,0.1933171067363011,33.45131309176723,0.1933171067363011,021348.31+001135.9,2.817377927300547,46.413007682759215,0.0079220149107648,0.0,-1.0,-26.840164839182325,5.961810111999512,2.817377927300547,46.413007682759215,0.0079220149107648,"(46.324, 46.855]"
1422789,50.6916402014111,162.3349013056999,1422789,17.612262191376743,0.646698875402345,17.612262191376743,0.646698875402345,011026.94+003848.1,2.7967827573609996,46.534240957330475,0.0057662422805755,0.0,-1.0,-26.432482669889588,5.031209468841553,2.7967827573609996,46.534240957330475,0.0057662422805755,"(46.324, 46.855]"
1400943,97.164148910584,236.55463118067803,1400943,33.80633877204707,-0.5684589791181782,33.80633877204707,-0.5684589791181782,021513.52-003406.4,2.811743761969501,46.47930511412265,0.0050651488002628,0.0,-1.0,-26.659389647563025,4.258409023284912,2.811743761969501,46.47930511412265,0.0050651488002628,"(46.324, 46.855]"
1415076,68.07636266552406,168.92444977592305,1415076,23.444687362973127,-0.426222842938774,23.444687362973127,-0.426222842938774,013346.72-002534.4,2.567905668439771,46.53109049910441,0.0029814473943083,0.0,-1.0,-26.601899651594923,6.421206474304199,2.567905668439771,46.53109049910441,0.0029814473943083,"(46.324, 46.855]"
1392968,139.9534210566175,447.1676923852263,1392968,39.2847997504291,-0.2944027655537895,39.2847997504291,-0.2944027655537895,023708.35-001739.8,2.1266529372400442,46.612541210212974,0.0020733583489871,45.90966711998348,0.0059772311553558,-26.477203715774074,15.223158836364746,2.1266529372400442,46.612541210212974,0.0020733583489871,"(46.324, 46.855]"
1429759,275.2642822080327,714.1636170420895,1429759,12.006011632823313,-0.6475524824809474,12.006011632823313,-0.6475524824809474,004801.44-003851.1,2.5782347948446405,46.447805609446974,0.0077146738939966,0.0,-1.0,-25.67302879295463,5.3411688804626465,2.5782347948446405,46.447805609446974,0.0077146738939966,"(46.324, 46.855]"
1459929,353.6658026193722,641.6124700177509,1459929,331.73751893529806,1.178725072074047,331.73751893529806,1.178725072074047,220657.00+011043.4,1.97904155390044,46.5079888946985,0.0028542655978043,45.79618166565731,0.0028542655978043,-26.110673854376092,11.71945571899414,1.97904155390044,46.5079888946985,0.0028542655978043,"(46.324, 46.855]"
1446272,642.3514189048561,1474.3113007236284,1446272,357.69475433344684,0.4786929919128116,357.69475433344684,0.4786929919128116,235046.74+002843.2,1.9644326968117434,46.397846896425804,0.0047348193253853,45.68603966738461,0.0047348193253853,-25.03750665497011,9.32044792175293,1.9644326968117434,46.397846896425804,0.0047348193253853,"(46.324, 46.855]"
1450492,15.51874934201583,67.17596584904294,1450492,349.7048281854675,-1.2438833822206887,349.7048281854675,-1.2438833822206887,231849.15-011437.9,2.7112951168105477,46.540673189058104,0.0041787379853808,0.0,-1.0,-26.30733861367221,6.858614921569824,2.7112951168105477,46.540673189058104,0.0041787379853808,"(46.324, 46.855]"
1455649,25.27350778121703,75.38345917118714,1455649,339.8510400857276,-1.0716289121068696,339.8510400857276,-1.0716289121068696,223924.24-010417.8,2.617383401601022,46.382870463647514,0.0082851791709508,0.0,-1.0,-25.758897219303208,4.091666221618652,2.617383401601022,46.382870463647514,0.0082851791709508,"(46.324, 46.855]"
1452969,163.87783657925456,605.3778897171516,1452969,345.102477,-1.022864,345.102477,-1.022864,230024.59-010122.3,1.9801951252078382,46.47261528739656,0.0124092752660409,45.66097981082147,0.0161971667242006,-26.360200776054114,5.948448181152344,1.9801951252078382,46.47261528739656,0.0124092752660409,"(46.324, 46.855]"
1436180,89.78540026780408,142.65442862976315,1436180,7.19071698701282,1.113431701966086,7.19071698701282,1.113431701966086,002845.77+010648.3,2.4665300815606637,46.5113583759839,0.004204788936569,0.0,-1.0,-26.649394094457865,7.427102565765381,2.4665300815606637,46.5113583759839,0.004204788936569,"(46.324, 46.855]"
1449693,42.94868158249969,119.37532812183532,1449693,351.2264577869535,1.1382108561712547,351.2264577869535,1.1382108561712547,232454.34+010817.5,2.4675702754787365,46.80288448182425,0.002530632591835,46.09397370961977,0.0253876292931067,-26.934443481929623,11.29248046875,2.4675702754787365,46.80288448182425,0.002530632591835,"(46.324, 46.855]"
1460873,276.90571009429914,648.985170536169,1460873,329.8541246866559,0.3840572870227128,329.8541246866559,0.3840572870227128,215924.98+002302.6,1.4558301602061172,46.57895878266212,0.0013742296781344,45.86715155362093,0.0013742296781344,-26.751518829689463,23.009410858154297,1.4558301602061172,46.57895878266212,0.0013742296781344,"(46.324, 46.855]"
1407411,727.7582651011327,1691.4349493412735,1407411,29.067371399294984,-0.0215740589042263,29.067371399294984,-0.0215740589042263,015616.16-000117.6,1.2490777158994166,46.84158750448441,0.00083985351581,46.12978027544322,0.00083985351581,-27.083225461744615,31.0255184173584,1.2490777158994166,46.84158750448441,0.00083985351581,"(46.324, 46.855]"
1452968,19.88781776992795,48.69987058224656,1452968,345.105298682312,-0.8270553983917344,345.105298682312,-0.8270553983917344,230025.27-004937.3,2.4160663301275487,46.32844017515517,0.0048020951799436,45.86623824479346,0.0244045124611815,-26.111656154630683,4.6821980476379395,2.4160663301275487,46.32844017515517,0.0048020951799436,"(46.324, 46.855]"
1396936,184.3081561773972,712.1564437698272,1396936,36.52648395436324,-0.908071152525741,36.52648395436324,-0.908071152525741,022606.35-005429.0,1.6156362778440752,46.409493103782054,0.0023350070294547,45.69768587474086,0.0023350070294547,-26.05008769648984,18.15040397644043,1.6156362778440752,46.409493103782054,0.0023350070294547,"(46.324, 46.855]"
1441983,61.6946114103598,152.11350190219133,1441983,2.3029064002919317,1.1552782178117624,2.3029064002919317,1.1552782178117624,000912.69+010919.0,2.4684242881418887,46.763532932300464,0.0012728699292843,46.30424641095826,0.0187219774559075,-27.15207025698839,12.919110298156738,2.4684242881418887,46.763532932300464,0.0012728699292843,"(46.324, 46.855]"
1405821,1245.5506235115963,1741.1036885028102,1405821,30.372413636730077,0.7732027650412064,30.372413636730077,0.7732027650412064,020129.37+004623.5,1.7742629638906575,46.36123927045557,0.0045862584725604,45.64943204141438,0.0045862584725604,-26.280446798016524,11.903474807739258,1.7742629638906575,46.36123927045557,0.0045862584725604,"(46.324, 46.855]"
1446488,89.38859613907748,242.14867468053487,1446488,357.3025844323805,0.996149460839542,357.3025844323805,0.996149460839542,234912.62+005946.1,2.4022620553112963,46.35199000490981,0.0043221395791412,45.56529655714732,0.0291283307748031,-25.789695202351368,5.607522010803223,2.4022620553112963,46.35199000490981,0.0043221395791412,"(46.324, 46.855]"
1451606,103.69341466731863,352.7878178403271,1451606,347.670699527372,-1.139762676150205,347.670699527372,-1.139762676150205,231040.96-010823.1,2.060651900137553,46.64116366657237,0.0029886342933203,45.95033289690942,0.005881311503721,-26.84390552644527,13.320974349975586,2.060651900137553,46.64116366657237,0.0029886342933203,"(46.324, 46.855]"
1398501,286.3361429631026,955.3418238897256,1398501,35.47063479151814,-0.5406048000045333,35.47063479151814,-0.5406048000045333,022152.95-003226.1,1.7083284607125604,46.580831683599705,0.002074352247412,45.86902445455851,0.002074352247412,-26.341921723727438,15.071657180786133,1.7083284607125604,46.580831683599705,0.002074352247412,"(46.324, 46.855]"
1448053,49.91890810870772,107.88083708056436,1448053,354.25304,0.915753,354.25304,0.915753,233700.72+005456.7,2.1125849152223566,46.45966563039849,0.0154696407591217,0.0,-1.0,-26.191083395397445,4.925981521606445,2.1125849152223566,46.45966563039849,0.0154696407591217,"(46.324, 46.855]"
1434275,25.30801510145992,98.77134262095686,1434275,8.720122532190715,0.2311012490128319,8.720122532190715,0.2311012490128319,003452.82+001351.9,2.199384135925566,46.51947777179671,0.0040976195006265,45.71785252649114,0.0063782762269362,-25.884370191250973,7.722198963165283,2.199384135925566,46.51947777179671,0.0040976195006265,"(46.324, 46.855]"
1450796,380.68858072042383,1136.603826918123,1450796,349.18253860749314,1.1534189699980562,349.18253860749314,1.1534189699980562,231643.80+010912.3,1.5252739071006474,46.66118103462582,0.0012391560954831,45.94937380558463,0.0012391560954831,-26.58455730462637,27.328018188476562,1.5252739071006474,46.66118103462582,0.0012391560954831,"(46.324, 46.855]"
1435523,713.0054078873397,2064.277796298955,1435523,7.705045,0.001307,7.705045,0.001307,003049.21+000004.7,1.7773698606935182,46.53402764733877,0.0080072515521294,45.822220418297576,0.0080072515521294,-26.592536715135036,9.911847114562988,1.7773698606935182,46.53402764733877,0.0080072515521294,"(46.324, 46.855]"
1410001,123.54102598481242,1049.442601728715,1410001,27.05344291767396,0.0563833655390019,27.05344291767396,0.0563833655390019,014812.82+000322.9,1.484431334230373,46.81389295304964,0.0013858302366145,46.10208572400845,0.0013858302366145,-27.037564918709595,19.545101165771484,1.484431334230373,46.81389295304964,0.0013858302366145,"(46.324, 46.855]"
1424645,75.7753017969105,112.30521069690444,1424645,16.179854734150442,0.4858067368200842,16.179854734150442,0.4858067368200842,010443.16+002908.9,1.9097893324265243,46.531568705389745,0.0030910958397605,45.81976147634855,0.0030910958397605,-21.253443324186126,12.387691497802734,1.9097893324265243,46.531568705389745,0.0030910958397605,"(46.324, 46.855]"
1445832,91.0772780954967,191.91030588313217,1445832,358.40038302520304,-0.5156681692648797,358.40038302520304,-0.5156681692648797,235336.09-003056.4,2.4146154626983556,46.36578047695078,0.0040032277076846,45.65476436746802,0.0302183268552802,-25.68353720847031,5.392922878265381,2.4146154626983556,46.36578047695078,0.0040032277076846,"(46.324, 46.855]"
1389968,25.67127961225467,80.28389894325736,1389968,41.33355026413191,-0.7595962084172445,41.33355026413191,-0.7595962084172445,024520.05-004534.5,2.3287253365926204,46.36139722182792,0.0034893143598502,45.31708916168861,0.0467395408268629,-25.842114010479136,5.714224338531494,2.3287253365926204,46.36139722182792,0.0034893143598502,"(46.324, 46.855]"
1439469,39.15532204393981,245.9659599064945,1439469,4.429264042394662,-0.3127189331514133,4.429264042394662,-0.3127189331514133,001743.02-001845.7,1.5070513700152055,46.33201321497778,0.0020018652556004,45.620205985936586,0.0020018652556004,-25.368119595504314,9.176750183105469,1.5070513700152055,46.33201321497778,0.0020018652556004,"(46.324, 46.855]"
1390281,231.7443624478288,822.5009831923978,1390281,41.137086,0.772119,41.137086,0.772119,024432.90+004619.6,2.0827144803943876,46.60231124733932,0.0061794094266645,0.0,-1.0,-25.688523328499464,6.654900074005127,2.0827144803943876,46.60231124733932,0.0061794094266645,"(46.324, 46.855]"
1390115,13.999165372461553,202.7106154039492,1390115,41.24927781556556,0.7839105865098311,41.24927781556556,0.7839105865098311,024459.82+004702.0,1.930712607868426,46.42479730461355,0.0032050646230175,45.71299007557236,0.0032050646230175,-26.062934944160922,7.792572498321533,1.930712607868426,46.42479730461355,0.0032050646230175,"(46.324, 46.855]"
1404495,567.667759409801,899.2797960292572,1404495,31.334728,0.486629,31.334728,0.486629,020520.33+002911.8,1.8961970141007196,46.37158672490207,0.0113301784657267,45.65977949586088,0.0113301784657267,-25.727644885663956,3.4736104011535645,1.8961970141007196,46.37158672490207,0.0113301784657267,"(46.324, 46.855]"
1450397,46.453153231393394,122.83249138612685,1450397,349.89587713700143,0.7220092681960381,349.89587713700143,0.7220092681960381,231935.01+004319.2,2.5512083022789467,46.522593499439445,0.0034809666963511,0.0,-1.0,-26.299655374832263,7.249246597290039,2.5512083022789467,46.522593499439445,0.0034809666963511,"(46.324, 46.855]"
1464808,39.201345580067766,236.893972730841,1464808,322.5428203177858,-0.9155002647944328,322.5428203177858,-0.9155002647944328,213010.27-005455.8,2.2717928161114176,46.7154014160382,0.0023701816525125,45.94114907788412,0.0063989385504612,-26.814499047194357,12.386987686157227,2.2717928161114176,46.7154014160382,0.0023701816525125,"(46.324, 46.855]"
1424415,20.177781624534177,182.7347939777368,1424415,16.351651717380477,-0.4242043515369976,16.351651717380477,-0.4242043515369976,010524.39-002527.1,3.54343638675144,46.729839315782485,0.0109779577464124,0.0,-1.0,-27.20457104368652,4.192080497741699,3.54343638675144,46.729839315782485,0.0109779577464124,"(46.324, 46.855]"
1421995,113.7073474307875,280.34511867349875,1421995,18.283727530313364,0.8750233421876887,18.283727530313364,0.8750233421876887,011308.09+005230.0,2.421700435923652,46.55195474994546,0.0037587147841229,45.974080456403065,0.01425257886277,-26.471382776867653,8.551870346069336,2.421700435923652,46.55195474994546,0.0037587147841229,"(46.324, 46.855]"
1455285,36.61221211324556,176.56923914232607,1455285,340.56649662007385,-0.8906303141090347,340.56649662007385,-0.8906303141090347,224215.95-005326.2,3.3754619530765173,46.80300790583558,0.0044023334856255,0.0,-1.0,-27.802167699414998,8.29519271850586,3.3754619530765173,46.80300790583558,0.0044023334856255,"(46.324, 46.855]"
1423542,74.3650960567148,140.7406620446234,1423542,17.01600011485935,0.1131756578319562,17.01600011485935,0.1131756578319562,010803.84+000647.4,2.768448515906431,46.72561403709089,0.0028566026463998,0.0,-1.0,-27.123936001912913,8.558553695678711,2.768448515906431,46.72561403709089,0.0028566026463998,"(46.324, 46.855]"
1406868,58.17791000087162,205.1995103337892,1406868,29.520665022903387,-0.8337820205303972,29.520665022903387,-0.8337820205303972,015804.95-005001.6,2.134703976703706,46.35046509311792,0.002455246988994,45.44738445702978,0.0133320626436166,-25.644570875290587,5.8493332862854,2.134703976703706,46.35046509311792,0.002455246988994,"(46.324, 46.855]"
1430712,50.03434257080577,190.5446617127862,1430712,11.319180045209391,-0.8137944691279448,11.319180045209391,-0.8137944691279448,004516.60-004849.6,2.859685154225915,46.71961304470462,0.0044852491901821,0.0,-1.0,-27.269537261889564,8.078076362609863,2.859685154225915,46.71961304470462,0.0044852491901821,"(46.324, 46.855]"
1447293,172.30193035583562,385.1252043211705,1447293,355.676659826972,0.4322654244685646,355.676659826972,0.4322654244685646,234242.39+002556.1,1.2536091837028325,46.37708174317902,0.0024172405630444,45.66527451413783,0.0024172405630444,-25.59966481737087,14.160574913024902,1.2536091837028325,46.37708174317902,0.0024172405630444,"(46.324, 46.855]"
1438515,66.36846828312687,223.96239753590345,1438515,5.242652,-0.342892,5.242652,-0.342892,002058.23-002034.4,1.922132362660858,46.33359687449072,0.0,45.57782395636853,0.0142724848835271,-25.844532079134638,3.933145761489868,1.922132362660858,46.33359687449072,0.0,"(46.324, 46.855]"
1452019,36.163382571455976,141.4404302468503,1452019,346.90446583076834,0.4027623972939918,346.90446583076834,0.4027623972939918,230737.07+002409.9,2.915231695592013,46.580990827770094,0.0044838856124727,0.0,-1.0,-26.164878090447342,6.894527435302734,2.915231695592013,46.580990827770094,0.0044838856124727,"(46.324, 46.855]"
1448928,150.79976773083936,254.5219068181217,1448928,352.678325,-0.027828,352.678325,-0.027828,233042.79-000140.1,2.0843913656389064,46.41072825384172,0.0129286985030532,0.0,-1.0,-26.189783043552175,3.724270820617676,2.0843913656389064,46.41072825384172,0.0129286985030532,"(46.324, 46.855]"
1465559,39.30286119941844,114.84986480884066,1465559,321.2401654281558,0.6242971568080978,321.2401654281558,0.6242971568080978,212457.63+003727.4,2.7842482802119672,46.45327404356463,0.0041426155034827,0.0,-1.0,-26.15693567057369,5.918565273284912,2.7842482802119672,46.45327404356463,0.0041426155034827,"(46.324, 46.855]"
1416616,100.41022237827389,767.7531201554731,1416616,22.30712741980369,1.2411256312717056,22.30712741980369,1.2411256312717056,012913.71+011428.0,1.7779173382669398,46.69198520327608,0.0024894650853681,45.98017797423489,0.0024894650853681,-26.81246459824869,16.995864868164062,1.7779173382669398,46.69198520327608,0.0024894650853681,"(46.324, 46.855]"
1400567,21.914821811663856,76.95099572210015,1400567,34.07162398160385,-1.1797050898712718,34.07162398160385,-1.1797050898712718,021617.18-011046.9,3.2742391726456863,46.74839270110226,0.0098558790881639,0.0,-1.0,-27.11284791188848,5.691439151763916,3.2742391726456863,46.74839270110226,0.0098558790881639,"(46.324, 46.855]"
1434435,228.1012245306876,691.5013230188479,1434435,8.589695458018184,-0.5043130313371925,8.589695458018184,-0.5043130313371925,003421.52-003015.5,1.5289489984128668,46.628997986453925,0.0021930731008055,45.91719075741273,0.0021930731008055,-26.2241806945528,13.638466835021973,1.5289489984128668,46.628997986453925,0.0021930731008055,"(46.324, 46.855]"
1446168,102.49833000191848,236.18668062149413,1446168,357.86744832488966,-1.1882085854062434,357.86744832488966,-1.1882085854062434,235128.18-011117.5,2.008347878112243,46.67972434268083,0.0022626471827678,45.969568291681576,0.0019598559501758,-26.830941327258216,19.952369689941406,2.008347878112243,46.67972434268083,0.0022626471827678,"(46.324, 46.855]"
1448381,285.81398421094605,481.0408566158988,1448381,353.70355692729385,0.0775505272054553,353.70355692729385,0.0775505272054553,233448.85+000439.1,1.804947984111928,46.32421848966102,0.0042163860450656,45.61241126061983,0.0042163860450656,-25.720883491904164,9.632894515991211,1.804947984111928,46.32421848966102,0.0042163860450656,"(46.324, 46.855]"
1400734,165.66184644849835,483.3760167908482,1400734,33.950928699846045,-1.161942699238156,33.950928699846045,-1.161942699238156,021548.22-010942.9,1.668555627710295,46.49647704929242,0.003454148901536,45.78466982025123,0.003454148901536,-26.33157431799078,9.636625289916992,1.668555627710295,46.49647704929242,0.003454148901536,"(46.324, 46.855]"
1397906,20.952820925751897,65.36812696598932,1397906,35.853445134748,-0.4179569325000237,35.853445134748,-0.4179569325000237,022324.82-002504.6,2.9709147019387436,46.59748617867728,0.0020551793771623,0.0,-1.0,-26.886014165775943,7.8819050788879395,2.9709147019387436,46.59748617867728,0.0020551793771623,"(46.324, 46.855]"
1440809,41.97888387685283,88.06135631736299,1440809,3.3428559038993626,-1.2109555343774967,3.3428559038993626,-1.2109555343774967,001322.28-011239.4,2.3032436280151325,46.56250393944406,0.0034184493384188,45.91642569604917,0.0113456696612423,-26.700688645788563,9.251672744750977,2.3032436280151325,46.56250393944406,0.0034184493384188,"(46.324, 46.855]"
1459013,72.15348063955578,205.7508849585049,1459013,333.42861484443006,0.67248931923373,333.42861484443006,0.67248931923373,221342.86+004020.9,3.1152643071293653,46.65225995993799,0.0042372956492364,0.0,-1.0,-26.44635411591756,6.931375503540039,3.1152643071293653,46.65225995993799,0.0042372956492364,"(46.324, 46.855]"
1457239,188.3217764040429,347.1357639590053,1457239,336.797575,-1.102899,336.797575,-1.102899,222711.41-010610.4,1.8832291602747486,46.50797764353645,0.0094719336391477,45.79617041449526,0.0094719336391477,-26.572052162802784,7.477529048919678,1.8832291602747486,46.50797764353645,0.0094719336391477,"(46.324, 46.855]"
1416770,72.2291386455342,167.29364300942973,1416770,22.206190222385345,0.0955272297456231,22.206190222385345,0.0955272297456231,012849.48+000543.8,3.759077639612323,46.82856861894608,0.0027868203477012,0.0,-1.0,-27.964574330561128,7.504397869110107,3.759077639612323,46.82856861894608,0.0027868203477012,"(46.324, 46.855]"
1453243,74.8963397742828,359.9899386197442,1453243,344.5776267082491,0.6439365734444676,344.5776267082491,0.6439365734444676,225818.63+003838.1,1.8155507257551156,46.48770228447268,0.0027383437032959,45.77589505543149,0.0027383437032959,-25.997552685554425,13.698484420776367,1.8155507257551156,46.48770228447268,0.0027383437032959,"(46.324, 46.855]"
1446557,16.62181583105598,128.07190865352234,1446557,357.187552,0.377176,357.187552,0.377176,234845.01+002237.8,2.148328830380405,46.338798572981446,0.0133293379357652,0.0,-1.0,-26.37394986760833,3.9848408699035645,2.148328830380405,46.338798572981446,0.0133293379357652,"(46.324, 46.855]"
1448015,285.2214714412908,745.5800279051481,1448015,354.3218496588003,-0.3525277031282013,354.3218496588003,-0.3525277031282013,233717.24-002109.0,2.1832582272868066,46.597954870710474,0.0045768377608119,45.96385419069286,0.0043061010388356,-26.241148598507923,10.759562492370605,2.1832582272868066,46.597954870710474,0.0045768377608119,"(46.324, 46.855]"
1465544,121.63905297700798,409.00762853802496,1465544,321.2737191286112,0.4173628207236963,321.2737191286112,0.4173628207236963,212505.69+002502.5,1.915180886560199,46.346771399224544,0.0039645840443327,45.63496417018335,0.0039645840443327,-25.521703823116347,8.031217575073242,1.915180886560199,46.346771399224544,0.0039645840443327,"(46.324, 46.855]"
1421781,82.66265824778243,220.2672050750893,1421781,18.46074289164265,0.0226688186518981,18.46074289164265,0.0226688186518981,011350.57+000121.6,2.2490187523518452,46.33767712205684,0.0036136592157234,45.11260927442781,0.035464386268817,-26.2021034687508,5.074446201324463,2.2490187523518452,46.33767712205684,0.0036136592157234,"(46.324, 46.855]"
1463542,215.1792901198403,1389.826984357842,1463542,324.8181117568206,1.1847607546521135,324.8181117568206,1.1847607546521135,213916.34+011105.1,1.1098032386302201,46.38519406634626,0.0045229383463372,45.67338683730507,0.0045229383463372,-25.96079172816955,23.059818267822266,1.1098032386302201,46.38519406634626,0.0045229383463372,"(46.324, 46.855]"
1394753,15.442483926077326,128.99323919766715,1394753,37.99412944491189,-0.953644289930765,37.99412944491189,-0.953644289930765,023158.59-005713.1,2.558746330942195,46.728193815206374,0.0021721503483043,0.0,-1.0,-25.97059011420535,9.092061996459961,2.558746330942195,46.728193815206374,0.0021721503483043,"(46.324, 46.855]"
1447442,65.78281904265111,185.05161766225032,1447442,355.3657511485834,-0.5638095359566689,355.3657511485834,-0.5638095359566689,234127.78-003349.7,3.066849549187113,46.55763148266711,0.0073642526095945,0.0,-1.0,-26.987389152072456,4.768064498901367,3.066849549187113,46.55763148266711,0.0073642526095945,"(46.324, 46.855]"
1450948,157.2276182181968,360.3232914718024,1450948,348.90465851253487,0.9076767010048702,348.90465851253487,0.9076767010048702,231537.11+005427.6,2.6678732683767903,46.64691654982034,0.0037849412811787,0.0,-1.0,-26.639139577023606,7.113942623138428,2.6678732683767903,46.64691654982034,0.0037849412811787,"(46.324, 46.855]"
1440030,367.0142570928396,858.2389018051125,1440030,3.987840580823047,0.806221463481123,3.987840580823047,0.806221463481123,001557.08+004822.3,2.3119838183559054,46.44589732232828,0.0048443114266198,46.01612447429753,0.0102576348031817,-26.592636561020615,11.111671447753906,2.3119838183559054,46.44589732232828,0.0048443114266198,"(46.324, 46.855]"
1415781,92.01704476993916,237.87828153534187,1415781,22.945038919342323,0.7913947442823028,22.945038919342323,0.7913947442823028,013146.80+004729.0,2.888102906866693,46.77437560408192,0.0024600251597455,0.0,-1.0,-26.73277678556635,8.687424659729004,2.888102906866693,46.77437560408192,0.0024600251597455,"(46.324, 46.855]"
1411198,30.20562508273732,180.09414617009926,1411198,26.164047299879485,0.6683148998453307,26.164047299879485,0.6683148998453307,014439.37+004005.9,2.5453910518858427,46.55027515277774,0.0048076260418596,0.0,-1.0,-26.83860571849229,6.789751052856445,2.5453910518858427,46.55027515277774,0.0048076260418596,"(46.324, 46.855]"
1428078,38.61632530284531,140.24612770263133,1428078,13.429011667107943,0.3492165888548455,13.429011667107943,0.3492165888548455,005342.96+002057.1,2.837389038518131,46.82788068309421,0.0022892691679672,0.0,-1.0,-26.9106236061927,10.434800148010254,2.837389038518131,46.82788068309421,0.0022892691679672,"(46.324, 46.855]"
1391766,117.09956024337514,136.2710787697237,1391766,40.15673904640008,-0.9438669513451008,40.15673904640008,-0.9438669513451008,024037.61-005637.9,1.8340039423619219,46.34827943430148,0.0045707477201659,45.63647220526029,0.0045707477201659,-25.78896341359866,8.065369606018066,1.8340039423619219,46.34827943430148,0.0045707477201659,"(46.324, 46.855]"
1459331,52.980674579167285,79.6130668307841,1459331,332.8431544570258,0.7977604003838216,332.8431544570258,0.7977604003838216,221122.35+004751.9,2.3864465902463396,46.347296424654964,0.004093277354535,45.66538530818633,0.0320849429928635,-26.06698606016333,7.0789265632629395,2.3864465902463396,46.347296424654964,0.004093277354535,"(46.324, 46.855]"
1401180,214.24773986796825,528.9338320191648,1401180,33.637877,-1.154528,33.637877,-1.154528,021433.09-010916.3,1.7083606922260057,46.35059980655756,0.006215205357396,45.63879257751637,0.006215205357396,-25.81766819164541,8.682549476623535,1.7083606922260057,46.35059980655756,0.006215205357396,"(46.324, 46.855]"
1408306,244.26483777819328,627.1922432602257,1408306,28.374005867104543,-0.3706562610188829,28.374005867104543,-0.3706562610188829,015329.76-002214.3,1.3815190373001802,46.35035261364979,0.0024052274211285,45.6385453846086,0.0024052274211285,-25.920986008576172,14.422456741333008,1.3815190373001802,46.35035261364979,0.0024052274211285,"(46.324, 46.855]"
1415264,136.2286601925819,452.5723138319189,1415264,23.318759601589026,0.3927888866472158,23.318759601589026,0.3927888866472158,013316.50+002334.0,2.555092773796787,46.33807548640787,0.0048493549862946,0.0,-1.0,-24.736985347700198,6.424654006958008,2.555092773796787,46.33807548640787,0.0048493549862946,"(46.324, 46.855]"
1400690,53.99634689717614,177.03785329906603,1400690,33.9897273578071,-0.3610537785659794,33.9897273578071,-0.3610537785659794,021557.53-002139.7,2.735902677270508,46.329608218423495,0.0040314597766375,0.0,-1.0,-25.638918316389805,4.156148433685303,2.735902677270508,46.329608218423495,0.0040314597766375,"(46.324, 46.855]"
1415985,182.8959449800598,651.8178310986032,1415985,22.810157473881965,-0.6908914242250891,22.810157473881965,-0.6908914242250891,013114.43-004127.2,1.396483975308364,46.54487377712225,0.001230166570064,45.83306654808106,0.001230166570064,-26.454216126983876,30.962064743041992,1.396483975308364,46.54487377712225,0.001230166570064,"(46.324, 46.855]"
1405633,63.57542664746263,194.73789946631555,1405633,30.51102911203202,-0.1692424243651092,30.51102911203202,-0.1692424243651092,020202.64-001009.2,2.882102370203364,46.525607966487044,0.0067972823315365,0.0,-1.0,-26.588995700385126,5.300867557525635,2.882102370203364,46.525607966487044,0.0067972823315365,"(46.324, 46.855]"
1448257,98.96902425779744,230.6296131708083,1448257,353.8929730260837,0.232060280408833,353.8929730260837,0.232060280408833,233534.31+001355.4,2.271591637938048,46.47779763799913,0.0032835962985267,45.62671288373981,0.0187121920773911,-26.180272874421277,8.269750595092773,2.271591637938048,46.47779763799913,0.0032835962985267,"(46.324, 46.855]"
1438043,197.91133126454105,387.1771181946317,1438043,5.658591,-0.174117,5.658591,-0.174117,002238.06-001026.8,1.8480367362596646,46.400201904203605,0.0095270674910459,45.688394675162414,0.0095270674910459,-26.192854197683182,5.712311744689941,1.8480367362596646,46.400201904203605,0.0095270674910459,"(46.324, 46.855]"
1428485,312.5515381204153,664.6100157759613,1428485,13.065229811494328,0.5223519942224217,13.065229811494328,0.5223519942224217,005215.65+003120.4,2.788172877974207,46.66506562300723,0.0065472296598727,0.0,-1.0,-27.505562262058714,7.739686965942383,2.788172877974207,46.66506562300723,0.0065472296598727,"(46.324, 46.855]"
1419971,303.7770227987318,1043.223602255273,1419971,19.84523030142347,-0.7388299490349219,19.84523030142347,-0.7388299490349219,011922.85-004419.7,1.0578509474528486,46.51828379317107,0.0016448184257598,45.80647656412988,0.0016448184257598,-26.251919541901938,21.846920013427734,1.0578509474528486,46.51828379317107,0.0016448184257598,"(46.324, 46.855]"
1439517,183.3617925020164,712.8796074572314,1439517,4.39037987893397,1.2287145490956888,4.39037987893397,1.2287145490956888,001733.69+011343.3,2.567339139197516,46.81169842461842,0.0027440297634022,0.0,-1.0,-26.809442947908366,9.939725875854492,2.567339139197516,46.81169842461842,0.0027440297634022,"(46.324, 46.855]"
1449230,453.9438995827844,1680.3957938502806,1449230,352.08493022736104,0.37728891471851,352.08493022736104,0.37728891471851,232820.38+002238.2,1.3099894047005514,46.84109636338242,0.0017322501635952,46.12928913434123,0.0017322501635952,-27.153834919993486,21.300851821899414,1.3099894047005514,46.84109636338242,0.0017322501635952,"(46.324, 46.855]"
1444738,134.7495428278934,366.2151317535589,1444738,0.063290999000003,-0.38578899,0.063290999000003,-0.38578899,000015.18-002308.8,3.187976827166922,46.78491576285802,0.0031541971271202,0.0,-1.0,1.0,8.214601516723633,3.187976827166922,46.78491576285802,0.0031541971271202,"(46.324, 46.855]"
1446610,312.95007784767233,874.567928525054,1446610,357.0886202334939,-1.1142132807916545,357.0886202334939,-1.1142132807916545,234821.26-010651.1,1.8593156588037882,46.48611068213645,0.0035821852769331,45.77430345309526,0.0035821852769331,-26.5986489095909,12.42631721496582,1.8593156588037882,46.48611068213645,0.0035821852769331,"(46.324, 46.855]"
1402770,121.80257611916022,384.813300656294,1402770,32.54149446782776,1.1707129291616876,32.54149446782776,1.1707129291616876,021009.95+011014.5,2.5952644696000977,46.694281511118575,0.0030263652438442,0.0,-1.0,-27.181112257323697,10.570475578308105,2.5952644696000977,46.694281511118575,0.0030263652438442,"(46.324, 46.855]"
1449508,24.50790823494747,568.1155443230317,1449508,351.5873517555107,-0.84054931990671,351.5873517555107,-0.84054931990671,232620.96-005025.9,1.8188985434613887,46.57552111931143,0.0045431228010635,45.86371389027024,0.0045431228010635,-27.058469957390077,8.792248725891113,1.8188985434613887,46.57552111931143,0.0045431228010635,"(46.324, 46.855]"
1434441,23.78398984793049,92.61335089938216,1434441,8.585932418421983,-1.1547987683592793,8.585932418421983,-1.1547987683592793,003420.62-010917.2,2.855193516522567,46.56291737223522,0.0043452856349865,0.0,-1.0,-26.54418901911807,5.787042617797852,2.855193516522567,46.56291737223522,0.0043452856349865,"(46.324, 46.855]"
1393218,46.52586754751082,207.8509392191304,1393218,39.07850813633097,0.5864451636190744,39.07850813633097,0.5864451636190744,023618.84+003511.2,3.31404926912306,46.390890743873044,0.0132777044521432,0.0,-1.0,-26.1013092140901,3.113971710205078,3.31404926912306,46.390890743873044,0.0132777044521432,"(46.324, 46.855]"
1452699,404.804053535005,1455.5027582955013,1452699,345.5482086780321,0.3288042786691348,345.5482086780321,0.3288042786691348,230211.57+001943.6,1.487603175080878,46.6760895314429,0.0029212484478478,45.964282302401706,0.0029212484478478,-26.209850942357658,27.903522491455078,1.487603175080878,46.6760895314429,0.0029212484478478,"(46.324, 46.855]"
1447132,140.6538709320075,701.5709251683555,1447132,356.0623888985553,0.8154311207950086,356.0623888985553,0.8154311207950086,234414.97+004855.5,2.930280960455113,46.646063460276544,0.0040188806765115,0.0,-1.0,-27.591558236602697,7.845142364501953,2.930280960455113,46.646063460276544,0.0040188806765115,"(46.324, 46.855]"
1399860,123.57155190367668,482.0138121291167,1399860,34.54678396926001,-0.3194056394656892,34.54678396926001,-0.3194056394656892,021811.22-001909.8,2.29504395626219,46.70375558881866,0.0041903786364621,46.218108423642846,0.0065932742727561,-27.445263731985513,10.197484016418457,2.29504395626219,46.70375558881866,0.0041903786364621,"(46.324, 46.855]"
1450600,127.92728984772738,430.2066943275138,1450600,349.49847378464347,-0.1259120685069786,349.49847378464347,-0.1259120685069786,231759.63-000733.2,1.146181127052089,46.40034299294519,0.00137164282172,45.688535763904,0.00137164282172,-25.715513237107,19.868942260742188,1.146181127052089,46.40034299294519,0.00137164282172,"(46.324, 46.855]"
1447938,26.89738661277267,108.2675589021266,1447938,354.46731761033567,-0.5149197765305421,354.46731761033567,-0.5149197765305421,233752.15-003053.7,3.1178825655667928,46.43555150052762,0.0074000436292323,0.0,-1.0,-25.574882516309522,3.8582983016967773,3.1178825655667928,46.43555150052762,0.0074000436292323,"(46.324, 46.855]"
1462902,40.17644197887552,78.71153751605044,1462902,325.96448886691536,-0.8196117633249302,325.96448886691536,-0.8196117633249302,214351.47-004910.6,2.161208409968793,46.33155344218927,0.0050188243579682,45.83212730576044,0.0130843491411418,-25.709157404820296,6.220901012420654,2.161208409968793,46.33155344218927,0.0050188243579682,"(46.324, 46.855]"
1438728,13.712706007909306,42.28884204868571,1438728,5.046818153628587,-0.75519839666657,5.046818153628587,-0.75519839666657,002011.23-004518.7,3.096580976247678,46.63572266087092,0.0054049265434201,0.0,-1.0,-26.86702127376693,6.19221830368042,3.096580976247678,46.63572266087092,0.0054049265434201,"(46.324, 46.855]"
1445183,132.46993505931695,144.6995213305221,1445183,359.43245974185146,0.4089223667361225,359.43245974185146,0.4089223667361225,235743.79+002432.1,1.6504474774906481,46.57316137431096,0.001365856928551,45.86135414526977,0.001365856928551,-25.845462721088154,20.100324630737305,1.6504474774906481,46.57316137431096,0.001365856928551,"(46.324, 46.855]"
1427543,48.14716144621698,139.1494667809783,1427543,13.861608,0.143896,13.861608,0.143896,005526.78+000838.0,2.0743058944503754,46.33850931440205,0.0116479368727588,0.0,-1.0,-26.14154812361448,4.225912094116211,2.0743058944503754,46.33850931440205,0.0116479368727588,"(46.324, 46.855]"
1390057,255.1224933953441,648.8551825854905,1390057,41.28826625357419,0.9714239971898148,41.28826625357419,0.9714239971898148,024509.18+005817.1,2.542803109427436,46.4829878441932,0.0031964858569537,0.0,-1.0,-26.629256300623982,7.832888126373291,2.542803109427436,46.4829878441932,0.0031964858569537,"(46.324, 46.855]"
1452908,183.27780783090628,406.0027099080119,1452908,345.1964455378963,-1.0135362740483946,345.1964455378963,-1.0135362740483946,230047.14-010048.7,1.3313384178470389,46.47501618541276,0.0014746007777795,45.76320895637157,0.0014746007777795,-25.601783252780972,20.146589279174805,1.3313384178470389,46.47501618541276,0.0014746007777795,"(46.324, 46.855]"
1448219,190.2684472426305,531.8140416189293,1448219,353.97007096148786,-0.8196705570714871,353.97007096148786,-0.8196705570714871,233552.81-004910.8,2.380918472789936,46.64706252282551,0.0027644084893729,46.13623696871495,0.0169628247351774,-26.49624884634762,9.860700607299805,2.380918472789936,46.64706252282551,0.0027644084893729,"(46.324, 46.855]"
1434690,269.3531347562991,677.8567914204065,1434690,8.388401,-0.068708,8.388401,-0.068708,003333.21-000407.3,2.046636127868408,46.45399609138011,0.0100584775538621,45.77490532701249,0.0125214078301851,-26.441277021980255,5.958804130554199,2.046636127868408,46.45399609138011,0.0100584775538621,"(46.324, 46.855]"
1432280,62.21762585332768,133.24086683057607,1432280,10.20907857404086,-0.550864453146734,10.20907857404086,-0.550864453146734,004050.17-003303.1,2.0646543447274914,46.35541137529216,0.0067724936609856,45.38036507537371,0.0101887360254693,-25.71436684254725,5.987469673156738,2.0646543447274914,46.35541137529216,0.0067724936609856,"(46.324, 46.855]"
1437608,70.40247269859515,148.99345751259,1437608,5.996968533794188,-0.1440008522069245,5.996968533794188,-0.1440008522069245,002359.27-000838.4,2.7065992866660373,46.45202710214115,0.0040806998799993,0.0,-1.0,-25.151272710903168,5.004816055297852,2.7065992866660373,46.45202710214115,0.0040806998799993,"(46.324, 46.855]"
1415823,45.53632698922499,159.42615068493922,1415823,22.915530781670668,0.4377596806317116,22.915530781670668,0.4377596806317116,013139.72+002615.9,2.3668783499199346,46.60733857919704,0.002533732518767,45.842709935491534,0.0249147384412253,-26.291539035851706,9.659758567810059,2.3668783499199346,46.60733857919704,0.002533732518767,"(46.324, 46.855]"
1463204,194.08318567085144,986.4400227775144,1463204,325.4412885486168,-0.8449579670279539,325.4412885486168,-0.8449579670279539,214145.90-005041.8,1.3976454944559589,46.34644330111652,0.0047407392389935,45.63463607207533,0.0047407392389935,-25.782252876569846,9.843120574951172,1.3976454944559589,46.34644330111652,0.0047407392389935,"(46.324, 46.855]"
1460040,55.13913835835773,128.9456468085124,1460040,331.51712135343007,1.173650845677435,331.51712135343007,1.173650845677435,220604.10+011025.1,2.6799981895451386,46.47689900172889,0.0044065186699882,0.0,-1.0,-25.939173343816744,5.013252258300781,2.6799981895451386,46.47689900172889,0.0044065186699882,"(46.324, 46.855]"
1396723,102.36958618066912,263.0896502123268,1396723,36.66890874347632,-0.0162803545471098,36.66890874347632,-0.0162803545471098,022640.53-000058.6,1.8960256946331764,46.52654131598097,0.004187330652094,45.81473408693978,0.004187330652094,-26.91163406889082,17.821514129638672,1.8960256946331764,46.52654131598097,0.004187330652094,"(46.324, 46.855]"
1388456,164.34862888844884,402.40300283452456,1388456,42.3584501101778,-0.3302455375094175,42.3584501101778,-0.3302455375094175,024926.02-001948.8,2.470035829491848,46.54967598641113,0.0029855109461962,0.0,-1.0,-26.937675902013613,8.122919082641602,2.470035829491848,46.54967598641113,0.0029855109461962,"(46.324, 46.855]"
1408296,35.04463352181719,510.3048049328953,1408296,28.379216,-0.057264,28.379216,-0.057264,015331.01-000326.1,1.9090788370896827,46.38261037847048,0.0,45.82404744265009,0.0089303312859847,-26.63926678343436,6.98825216293335,1.9090788370896827,46.38261037847048,0.0,"(46.324, 46.855]"
1441276,37.35525696608254,57.58228522240766,1441276,2.9216029175426,0.9026842577293528,2.9216029175426,0.9026842577293528,001141.18+005409.6,2.3615515320912626,46.42561493671436,0.0036919176467478,45.74350483510867,0.0185685542391844,-26.137880501960495,7.054203033447266,2.3615515320912626,46.42561493671436,0.0036919176467478,"(46.324, 46.855]"
1428008,81.56043250569188,140.87045219117022,1428008,13.48779312831023,0.041832000447418,13.48779312831023,0.041832000447418,005357.07+000230.5,2.195669256519776,46.37433316837814,0.0041690584450329,45.19511410626392,0.0425703009921072,-25.377186985122755,3.6701295375823975,2.195669256519776,46.37433316837814,0.0041690584450329,"(46.324, 46.855]"
1393311,138.71945074647604,780.381146224932,1393311,39.00597998515207,-0.4245475241548718,39.00597998515207,-0.4245475241548718,023601.43-002528.3,2.0518268457256874,46.53433255840647,0.0041638640137655,45.78246636230335,0.0043400923418843,-26.883373590666967,14.029751777648926,2.0518268457256874,46.53433255840647,0.0041638640137655,"(46.324, 46.855]"
1420926,926.9354762877978,2079.4089460519704,1420926,19.14041257926568,0.1070758266883748,19.14041257926568,0.1070758266883748,011633.69+000625.4,1.3191694563768215,46.44564511487722,0.0023251886191566,45.73383788583603,0.0023251886191566,-26.31092165474687,18.793048858642578,1.3191694563768215,46.44564511487722,0.0023251886191566,"(46.324, 46.855]"
1407189,128.5460590162301,294.4898309172057,1407189,29.267159,-0.949318,29.267159,-0.949318,015704.11-005657.5,1.7880533334323019,46.444982139750785,0.0076687074148829,45.73317491070959,0.0076687074148829,-26.355602754644195,8.289003372192383,1.7880533334323019,46.444982139750785,0.0076687074148829,"(46.324, 46.855]"
1453281,20.35437323572095,92.04613626130764,1453281,344.507902321537,-0.6878787783660881,344.507902321537,-0.6878787783660881,225801.89-004116.3,2.414661768882199,46.45670224513928,0.0030654802467964,45.62358592410432,0.0376230694883474,-26.136568037218478,8.481057167053223,2.414661768882199,46.45670224513928,0.0030654802467964,"(46.324, 46.855]"
1448199,454.5127816711943,1311.501446391812,1448199,354.000642239526,-0.925881822169122,354.000642239526,-0.925881822169122,233600.15-005533.1,1.3069821380072955,46.70053996987079,0.00072987020976,45.9887327408296,0.00072987020976,-26.865692038259233,33.155555725097656,1.3069821380072955,46.70053996987079,0.00072987020976,"(46.324, 46.855]"
1419083,265.2875081232547,623.1836832214967,1419083,20.505113,-0.661259,20.505113,-0.661259,012201.22-003940.5,1.9595459657645713,46.68976949956423,0.013695455937281,45.91465502087779,0.0108055369333577,-26.565725223433986,7.925961971282959,1.9595459657645713,46.68976949956423,0.013695455937281,"(46.324, 46.855]"
1438711,51.80068629929479,160.90517899012656,1438711,5.061936,0.437715,5.061936,0.437715,002014.86+002615.7,1.7726206899026005,46.48762761893109,0.004656255874778,45.7758203898899,0.004656255874778,-26.268462224792245,4.295740127563477,1.7726206899026005,46.48762761893109,0.004656255874778,"(46.324, 46.855]"
1416725,33.26492008713711,276.7688397620197,1416725,22.236749866097284,0.689104267351164,22.236749866097284,0.689104267351164,012856.82+004120.7,1.9119688087187057,46.47669664989658,0.0027883214253492,45.76488942085539,0.0027883214253492,-25.603230946535348,8.767817497253418,1.9119688087187057,46.47669664989658,0.0027883214253492,"(46.324, 46.855]"
1459902,62.11561526749141,265.7002851407908,1459902,331.7854539403027,0.8311713609743391,331.7854539403027,0.8311713609743391,220708.50+004952.2,3.01978050914937,46.74182971344285,0.002577236410385,0.0,-1.0,-27.232818139559075,7.349753379821777,3.01978050914937,46.74182971344285,0.002577236410385,"(46.324, 46.855]"
1393048,12.788579711840896,125.79244986668668,1393048,39.22277094318849,0.4055390574096695,39.22277094318849,0.4055390574096695,023653.46+002419.9,3.436568992583181,46.70960334167716,0.0043351537199285,0.0,-1.0,-27.361842035691495,5.712541580200195,3.436568992583181,46.70960334167716,0.0043351537199285,"(46.324, 46.855]"
1450272,120.81323222529754,225.8272215785105,1450272,350.144932,0.060859,350.144932,0.060859,232034.78+000339.0,1.7698150420701195,46.45682414957543,0.0098441198271821,45.74501692053424,0.0098441198271821,-26.004358724373578,4.567799091339111,1.7698150420701195,46.45682414957543,0.0098441198271821,"(46.324, 46.855]"
1403594,58.53291696385357,239.7380781807228,1403594,31.95860253804029,0.0688103185758377,31.95860253804029,0.0688103185758377,020750.06+000407.7,3.0122685345543068,46.46195648497761,0.0035857650304578,0.0,-1.0,-26.273695980945664,4.737436771392822,3.0122685345543068,46.46195648497761,0.0035857650304578,"(46.324, 46.855]"
1435844,49.51530747430037,335.14609337831246,1435844,7.454639316584263,0.7616557367974127,7.454639316584263,0.7616557367974127,002949.11+004541.9,3.1910992542873005,46.68976279234324,0.0052812468239551,0.0,-1.0,-26.894136233722392,6.117710113525391,3.1910992542873005,46.68976279234324,0.0052812468239551,"(46.324, 46.855]"
1440591,125.01172989241432,261.83700721369104,1440591,3.518547,1.210411,3.518547,1.210411,001404.45+011237.4,2.1682938584467664,46.44714755115956,0.0111239406953522,0.0,-1.0,-26.0247625009805,4.117038249969482,2.1682938584467664,46.44714755115956,0.0111239406953522,"(46.324, 46.855]"
1416422,460.0668987423446,1387.0377591043402,1416422,22.45332896384413,0.5349551154121416,22.45332896384413,0.5349551154121416,012948.79+003205.8,2.5586310920704203,46.822089341096465,0.0028743338806798,0.0,-1.0,-26.878330887375128,11.687435150146484,2.5586310920704203,46.822089341096465,0.0028743338806798,"(46.324, 46.855]"
1442977,111.5304442218232,297.4670402108486,1442977,1.5090281930660012,-0.899476078389669,1.5090281930660012,-0.899476078389669,000602.16-005358.1,1.8643478502776514,46.50235255724373,0.0039551972283042,45.79054532820254,0.0039551972283042,-26.509464667833157,10.508116722106934,1.8643478502776514,46.50235255724373,0.0039551972283042,"(46.324, 46.855]"
1463797,47.36326150660258,116.80650377324122,1463797,324.3244161592576,1.2302080667792084,324.3244161592576,1.2302080667792084,213717.85+011348.7,2.146767686456844,46.34606844042612,0.0035620443663155,45.44462941302345,0.0129871942953201,-25.779653561185345,5.897064208984375,2.146767686456844,46.34606844042612,0.0035620443663155,"(46.324, 46.855]"
1444937,223.89750716517185,1575.080336751229,1444937,359.8209692277891,-1.1747201211142515,359.8209692277891,-1.1747201211142515,235917.03-011028.9,1.1211677195821597,46.63381486199323,0.0008790261122761,45.92200763295204,0.0008790261122761,-26.398330498263253,28.801610946655273,1.1211677195821597,46.63381486199323,0.0008790261122761,"(46.324, 46.855]"
1390021,26.401495407487403,138.482101678625,1390021,41.30051904304753,-1.2205660596488035,41.30051904304753,-1.2205660596488035,024512.12-011314.0,2.470709496469163,46.539125351574995,0.0025568198413452,0.0,-1.0,-26.926566007389273,12.608452796936035,2.470709496469163,46.539125351574995,0.0025568198413452,"(46.324, 46.855]"
1405286,34.82650199106025,61.71634000805742,1405286,30.77984447472569,-1.121727663743422,30.77984447472569,-1.121727663743422,020307.16-010718.2,2.3243678298245882,46.61230939979614,0.0034786360591674,45.5134936196869,0.0212741314543869,-26.35183236295388,6.247366428375244,2.3243678298245882,46.61230939979614,0.0034786360591674,"(46.324, 46.855]"
1441005,726.8350091957892,915.8357960307324,1441005,3.168854533904522,1.0290911401083969,3.168854533904522,1.0290911401083969,001240.52+010144.7,2.65842668395083,46.74863317098964,0.0157254074193282,0.0,-1.0,-28.06075543775893,18.2087459564209,2.65842668395083,46.74863317098964,0.0157254074193282,"(46.324, 46.855]"
1394372,460.5957912361403,1568.5992829542342,1394372,38.24833557824455,0.8004873344302204,38.24833557824455,0.8004873344302204,023259.60+004801.7,2.2466183252417053,46.82146521491442,0.0034241632488054,46.17660386060711,0.0049150375075583,-26.422243822127818,17.599132537841797,2.2466183252417053,46.82146521491442,0.0034241632488054,"(46.324, 46.855]"
1427471,14.990081477704024,41.49203229465878,1427471,13.92332821389617,-0.8476634953795967,13.92332821389617,-0.8476634953795967,005541.59-005051.5,2.3290485957684153,46.45853900804162,0.0043297864847104,45.685736309005925,0.0222753719834187,-25.54783929582108,7.587728500366211,2.3290485957684153,46.45853900804162,0.0043297864847104,"(46.324, 46.855]"
1417853,22.911545615128222,65.65957128727892,1417853,21.440982662395413,-0.9739915050149588,21.440982662395413,-0.9739915050149588,012545.83-005826.3,3.332591587804569,46.47555248301955,0.0063136970153649,0.0,-1.0,-26.867792033582226,3.55051326751709,3.332591587804569,46.47555248301955,0.0063136970153649,"(46.324, 46.855]"
1442445,366.0273620584222,1211.765353657277,1442445,1.9324570748169485,-0.4090223516064558,1.9324570748169485,-0.4090223516064558,000743.78-002432.4,1.5434479679064492,46.56923717532878,0.0021540498523293,45.85742994628759,0.0021540498523293,-26.627456264413983,19.812231063842773,1.5434479679064492,46.56923717532878,0.0021540498523293,"(46.324, 46.855]"
1456389,658.6238516617925,1441.7128358118816,1456389,338.4052127236112,-0.6123661659938441,338.4052127236112,-0.6123661659938441,223337.25-003644.5,1.158289082489151,46.47847155750251,0.0011880343434853,45.76666432846132,0.0011880343434853,-26.266093928013376,30.700090408325195,1.158289082489151,46.47847155750251,0.0011880343434853,"(46.324, 46.855]"
1426553,94.30140169753408,593.0578626077648,1426553,14.655449637807491,-0.598263244017283,14.655449637807491,-0.598263244017283,005837.30-003553.7,1.8145234982875424,46.485655510371025,0.0020212257367404,45.77384828132983,0.0020212257367404,-26.36895008487269,13.5242338180542,1.8145234982875424,46.485655510371025,0.0020212257367404,"(46.324, 46.855]"
1456147,23.809379292763904,123.32403254412742,1456147,338.81558783026094,-7.54620788648046e-05,338.81558783026094,-7.54620788648046e-05,223515.74-000000.2,2.7283647172065613,46.714525944916474,0.002270037866932,0.0,-1.0,-26.753830978345476,8.633330345153809,2.7283647172065613,46.714525944916474,0.002270037866932,"(46.324, 46.855]"
1423800,24.58926164732837,62.39906387180906,1423800,16.81771844907249,0.6241604235462107,16.81771844907249,0.6241604235462107,010716.25+003726.9,2.8471597824640256,46.491985792134926,0.0043204775116123,0.0,-1.0,-26.591657530880813,5.104007244110107,2.8471597824640256,46.491985792134926,0.0043204775116123,"(46.324, 46.855]"
1456031,50.94766055015171,144.16388836657714,1456031,339.0551217253088,-0.7587195660768807,339.0551217253088,-0.7587195660768807,223613.22-004531.3,1.864047342011349,46.69506730606338,0.0022635047633734,45.98326007702219,0.0022635047633734,-26.712141217055397,14.536012649536133,1.864047342011349,46.69506730606338,0.0022635047633734,"(46.324, 46.855]"
1444536,124.29354367369844,316.42439714481395,1444536,0.239926271439117,1.116277891448418,0.239926271439117,1.116277891448418,000057.58+010658.6,2.557937476138537,46.48992937742863,0.0046179287488534,0.0,-1.0,-26.537405208201672,7.859084129333496,2.557937476138537,46.48992937742863,0.0046179287488534,"(46.324, 46.855]"
1412757,30.533746057864228,54.74542447101162,1412757,25.09909770759187,-0.2635413408395772,25.09909770759187,-0.2635413408395772,014023.78-001548.7,1.9059084850491452,46.38191040767389,0.0052481426809514,45.6701031786327,0.0052481426809514,-25.30082815137697,5.0436320304870605,1.9059084850491452,46.38191040767389,0.0052481426809514,"(46.324, 46.855]"
1389486,853.1827333702927,1785.138853227702,1389486,41.63565331458827,-0.5775624350712946,41.63565331458827,-0.5775624350712946,024632.55-003439.2,1.7259144955015568,46.37108302357797,0.0030337540791336,45.659275794536775,0.0030337540791336,-25.46576635173066,13.538687705993652,1.7259144955015568,46.37108302357797,0.0030337540791336,"(46.324, 46.855]"
1455329,18.782495966167986,72.12246600183377,1455329,340.4897840599449,-1.130079613196899,340.4897840599449,-1.130079613196899,224157.54-010748.2,2.041631363086925,46.356720711370954,0.0047064200375714,45.562864518945744,0.0062363298219665,-25.646578812541048,8.794412612915039,2.041631363086925,46.356720711370954,0.0047064200375714,"(46.324, 46.855]"
1424554,94.12670657883749,346.77644215216736,1424554,16.249160602224492,0.8258559119034657,16.249160602224492,0.8258559119034657,010459.79+004933.0,2.377468423064329,46.62975519419406,0.0023878978565967,46.27204330874783,0.0063926074878821,-26.912539783313868,14.119824409484863,2.377468423064329,46.62975519419406,0.0023878978565967,"(46.324, 46.855]"
1401710,33.48699125246564,174.60179948623576,1401710,33.31343394087395,0.2168419266215171,33.31343394087395,0.2168419266215171,021315.22+001300.6,3.0984916699437637,46.47101264668126,0.0041832499146465,0.0,-1.0,-26.756039978708927,5.493503570556641,3.0984916699437637,46.47101264668126,0.0041832499146465,"(46.324, 46.855]"
1437337,53.77293646301933,148.80374911109791,1437337,6.219136879785682,-0.7489110356297074,6.219136879785682,-0.7489110356297074,002452.59-004456.0,2.2727611327877826,46.36374955690511,0.0043436961619498,45.39877491082157,0.0318708801437459,-26.050836592434827,4.699951648712158,2.2727611327877826,46.36374955690511,0.0043436961619498,"(46.324, 46.855]"
1389088,154.60119662579424,633.6303884651298,1389088,41.90626369058015,-0.083093867014414,41.90626369058015,-0.083093867014414,024737.50-000459.1,1.848627314422278,46.425148775460144,0.0036521462841285,45.71334154641895,0.0036521462841285,-26.47933001175972,11.733076095581055,1.848627314422278,46.425148775460144,0.0036521462841285,"(46.324, 46.855]"
1447926,296.6991887438231,367.97485916718847,1447926,354.4845842156352,-0.5530585201612325,354.4845842156352,-0.5530585201612325,233756.30-003311.0,2.0795368413264512,46.80823576908753,0.0026601516595547,46.36919755717788,0.0017256355788148,-27.625705980374217,23.973106384277344,2.0795368413264512,46.80823576908753,0.0026601516595547,"(46.324, 46.855]"
1425551,152.75135407219284,344.1876257710728,1425551,15.48722992556969,-1.1056475773875416,15.48722992556969,-1.1056475773875416,010156.93-010620.3,2.440527915080299,46.600575427802504,0.0030053449187086,46.15337999090131,0.0209181899544255,-26.806067653188546,9.338346481323242,2.440527915080299,46.600575427802504,0.0030053449187086,"(46.324, 46.855]"
1441914,90.8691129682866,335.3567673536596,1441914,2.3650396599832675,1.182140535580353,2.3650396599832675,1.182140535580353,000927.60+011055.7,1.6726467463992638,46.46185224166564,0.0035185377277962,45.75004501262445,0.0035185377277962,-26.363476065905623,14.496682167053223,1.6726467463992638,46.46185224166564,0.0035185377277962,"(46.324, 46.855]"
1416885,64.52019997331817,123.37409844368275,1416885,22.134727198909623,0.6219913176703842,22.134727198909623,0.6219913176703842,012832.33+003719.1,2.50679930594927,46.640839912977796,0.0030034567334347,0.0,-1.0,-26.209207684252377,9.000329971313477,2.50679930594927,46.640839912977796,0.0030034567334347,"(46.324, 46.855]"
1428317,193.255863856398,639.433636768765,1428317,13.21130342543836,-0.9875194484099908,13.21130342543836,-0.9875194484099908,005250.71-005915.0,1.4483878964482737,46.51577886678664,0.0017640827445646,45.80397163774545,0.0017640827445646,-26.433628868769162,20.34649085998535,1.4483878964482737,46.51577886678664,0.0017640827445646,"(46.324, 46.855]"
1460277,9361.7556434428,28325.56142798633,1460277,330.981482045568,0.9212968983383228,330.981482045568,0.9212968983383228,220355.55+005516.6,0.7227993273263016,46.516582029207164,0.0006038010591922,45.80477480016597,0.0006038010591922,-25.372234322107392,50.9440803527832,0.7227993273263016,46.516582029207164,0.0006038010591922,"(46.324, 46.855]"
1391987,81.98747795268959,212.56490041053257,1391987,39.998079622464445,1.2403132231188674,39.998079622464445,1.2403132231188674,023959.53+011425.1,2.273361825516395,46.408099845674144,0.0035226109717285,45.574437880761685,0.0222636645038321,-26.085835611553364,6.603560447692871,2.273361825516395,46.408099845674144,0.0035226109717285,"(46.324, 46.855]"
1460383,57.46717444128763,157.36888748036986,1460383,330.7809735198713,0.4860024522018206,330.7809735198713,0.4860024522018206,220307.43+002909.6,3.172280816838864,46.681169902053995,0.0065380977311306,0.0,-1.0,-26.60710262991035,6.0944061279296875,3.172280816838864,46.681169902053995,0.0065380977311306,"(46.324, 46.855]"
1430498,489.8569570233991,1435.6594313706323,1430498,11.49419004264098,0.4234633368820032,11.49419004264098,0.4234633368820032,004558.60+002524.4,2.2982145675904113,46.81502691664388,0.0017054437416206,45.98854207639128,0.0066463957837683,-26.68948373290649,15.069479942321777,2.2982145675904113,46.81502691664388,0.0017054437416206,"(46.324, 46.855]"
1444940,11.747960312991536,38.44085218675512,1444940,359.8164477353587,-0.1749914893100813,359.8164477353587,-0.1749914893100813,235915.94-001029.9,2.7553706763617027,46.36100648600229,0.0039875035370542,0.0,-1.0,-25.698967488338603,6.136355400085449,2.7553706763617027,46.36100648600229,0.0039875035370542,"(46.324, 46.855]"
1399532,465.4178601362962,1793.1864340898237,1399532,34.76169342333645,1.1348348663391157,34.76169342333645,1.1348348663391157,021902.80+010805.4,1.7091589923066952,46.558372661665075,0.0023817389847486,45.84656543262388,0.0023817389847486,-26.39642170811885,12.000212669372559,1.7091589923066952,46.558372661665075,0.0023817389847486,"(46.324, 46.855]"
1422558,24.66082789028493,145.90132628364108,1422558,17.80794304968491,-0.0550998416616437,17.80794304968491,-0.0550998416616437,011113.90-000318.3,2.411312601879359,46.601954740992824,0.0021142216565976,45.72706691796625,0.0208725258202591,-26.73944028894454,8.394670486450195,2.411312601879359,46.601954740992824,0.0021142216565976,"(46.324, 46.855]"
1413292,25.28807119549643,91.24964978209468,1413292,24.71939409138322,-0.8068515347551514,24.71939409138322,-0.8068515347551514,013852.65-004824.6,2.4730078768454615,46.36167484778295,0.0038846832574925,0.0,-1.0,-26.014258657358393,5.719289302825928,2.4730078768454615,46.36167484778295,0.0038846832574925,"(46.324, 46.855]"
1438997,371.4064618676405,908.5680064768236,1438997,4.807324460065075,0.4225037325812122,4.807324460065075,0.4225037325812122,001913.75+002521.0,1.573320041271214,46.35027346004732,0.0020958604123713,45.63846623100613,0.0020958604123713,-26.099453413610625,12.951567649841309,1.573320041271214,46.35027346004732,0.0020958604123713,"(46.324, 46.855]"
1463062,24.34183061190141,128.30617339151047,1463062,325.68714226268787,1.0528755805831438,325.68714226268787,1.0528755805831438,214244.91+010310.3,3.5124995056207937,46.54819711773951,0.0038152432190337,0.0,-1.0,-26.858037140369568,4.030974388122559,3.5124995056207937,46.54819711773951,0.0038152432190337,"(46.324, 46.855]"
1426552,68.74454915565386,188.02529801802905,1426552,14.656629,-1.193331,14.656629,-1.193331,005837.59-011135.9,2.055633851173769,46.35030009039467,0.0151323409629569,45.436854839860686,0.0345853270265443,-25.74977689179778,3.497842788696289,2.055633851173769,46.35030009039467,0.0151323409629569,"(46.324, 46.855]"
1437198,134.06567342596185,476.2167329282572,1437198,6.348092500612552,-0.1532359326840505,6.348092500612552,-0.1532359326840505,002523.54-000911.6,2.9166032241884947,46.71035986179605,0.0030899455350876,0.0,-1.0,-27.383256448470096,8.006673812866211,2.9166032241884947,46.71035986179605,0.0030899455350876,"(46.324, 46.855]"
1451428,93.34567610945597,405.8599546125282,1451428,347.9941260813366,-0.8433149703342694,347.9941260813366,-0.8433149703342694,231158.59-005035.9,2.465522405583117,46.43633848242254,0.0032909142049248,0.0,-1.0,-26.54297175061164,6.337618827819824,2.465522405583117,46.43633848242254,0.0032909142049248,"(46.324, 46.855]"
1426814,822.9064502203706,2451.120348917866,1426814,14.434140611295618,1.1581335966690829,14.434140611295618,1.1581335966690829,005744.19+010929.2,1.2122796154847564,46.547536025724504,0.0009570852304179,45.83572879668331,0.0009570852304179,-26.038565530404238,17.041908264160156,1.2122796154847564,46.547536025724504,0.0009570852304179,"(46.324, 46.855]"
1392285,19.346182495418123,63.83017001620015,1392285,39.787424815069166,-0.3559437211796151,39.787424815069166,-0.3559437211796151,023908.98-002121.3,3.7378241320843424,46.75438841025514,0.0207874282420981,0.0,-1.0,-27.66589810284801,4.972684383392334,3.7378241320843424,46.75438841025514,0.0207874282420981,"(46.324, 46.855]"
1465111,74.60937552242511,254.66471285075184,1465111,322.0484319311119,-1.118019910798619,322.0484319311119,-1.118019910798619,212811.62-010704.8,3.281675027390727,46.712277579903976,0.0164988346555112,0.0,-1.0,-27.635435580394812,6.678715705871582,3.281675027390727,46.712277579903976,0.0164988346555112,"(46.324, 46.855]"
1431838,531.2905355127536,1123.4519243816972,1431838,10.531049322794388,-0.9584054802413128,10.531049322794388,-0.9584054802413128,004207.45-005730.2,1.5500908580419017,46.41305372716856,0.0039432149949476,45.70124649812737,0.0039432149949476,-25.874670139174384,9.568744659423828,1.5500908580419017,46.41305372716856,0.0039432149949476,"(46.324, 46.855]"
1445767,54.84759182169264,181.45431722771056,1445767,358.5015592718244,-0.7009566538039983,358.5015592718244,-0.7009566538039983,235400.37-004203.4,2.361823744684402,46.38826736661427,0.002593812668568,45.66473327414648,0.0222436290791421,-25.960853740195674,7.972876071929932,2.361823744684402,46.38826736661427,0.002593812668568,"(46.324, 46.855]"
1451418,86.22668979351015,264.3537818174795,1451418,348.01033033977626,0.3250773838317901,348.01033033977626,0.3250773838317901,231202.47+001930.2,2.6129683705642908,46.85210357539671,0.0018950631433511,0.0,-1.0,-27.063075592329927,11.016682624816895,2.6129683705642908,46.85210357539671,0.0018950631433511,"(46.324, 46.855]"
1424163,12.124466307053112,35.80596012637188,1424163,16.54985041240791,-0.3583829654565142,16.54985041240791,-0.3583829654565142,010611.96-002130.1,2.9334336251394992,46.39042199532538,0.0069396192228587,0.0,-1.0,-25.54990296498711,4.178215980529785,2.9334336251394992,46.39042199532538,0.0069396192228587,"(46.324, 46.855]"
1423235,49.640192396566064,159.16678921156327,1423235,17.244916691503903,-0.4088378998660685,17.244916691503903,-0.4088378998660685,010858.78-002431.8,2.6857554381384685,46.47041299012375,0.0043980769632803,0.0,-1.0,-25.88153588851763,4.650931358337402,2.6857554381384685,46.47041299012375,0.0043980769632803,"(46.324, 46.855]"
1463978,62.33450212121871,149.36774332195753,1463978,324.06364270158616,-0.7599368221674264,324.06364270158616,-0.7599368221674264,213615.27-004535.7,1.8685080808128742,46.43357975123109,0.0034773523891864,45.7217725221899,0.0034773523891864,-26.012844750565492,12.981117248535156,1.8685080808128742,46.43357975123109,0.0034773523891864,"(46.324, 46.855]"
1453098,921.427215935612,1739.6551150261698,1453098,344.87028387582785,-0.9563552311627797,344.87028387582785,-0.9563552311627797,225928.86-005722.8,1.1768814387009516,46.63813711105708,0.0008020145876237,45.926329882015885,0.0008020145876237,-26.94579853936844,40.54999923706055,1.1768814387009516,46.63813711105708,0.0008020145876237,"(46.324, 46.855]"
1407222,101.45643976547208,360.8140530013184,1407222,29.23477,-0.469549,29.23477,-0.469549,015656.34-002810.3,1.801149178988413,46.41071344922506,0.0098493430949879,45.698906220183865,0.0098493430949879,-25.894813167727513,6.539119243621826,1.801149178988413,46.41071344922506,0.0098493430949879,"(46.324, 46.855]"
1447261,293.6954003528579,592.2357014189145,1447261,355.73961580317405,1.022575605344076,355.73961580317405,1.022575605344076,234257.50+010121.2,2.4558903266985235,46.41831567223661,0.0033121874653225,45.866569916788656,0.0314569675025957,-26.346157786470688,8.444748878479004,2.4558903266985235,46.41831567223661,0.0033121874653225,"(46.324, 46.855]"
1465973,32.05593720476623,72.30209587686464,1465973,320.53367928988894,-0.2880236405747615,320.53367928988894,-0.2880236405747615,212208.08-001716.8,2.68171610404126,46.519109889212174,0.0038927464981881,0.0,-1.0,-26.48561239037554,6.626190185546875,2.68171610404126,46.519109889212174,0.0038927464981881,"(46.324, 46.855]"
1422557,62.06217541587094,129.82106314510435,1422557,17.809390640020084,0.3326045297057863,17.809390640020084,0.3326045297057863,011114.25+001957.3,2.444607883001248,46.37202407310297,0.0036862376077699,45.976272521913394,0.0260205221287996,-26.097984525013462,5.917296409606934,2.444607883001248,46.37202407310297,0.0036862376077699,"(46.324, 46.855]"
1436148,147.89838336616478,936.9263425915656,1436148,7.224178121211781,-0.7770173788847555,7.224178121211781,-0.7770173788847555,002853.80-004637.2,1.7689921397039399,46.554080528890104,0.0025395604825035,45.84227329984891,0.0025395604825035,-26.323248021514896,17.379175186157227,1.7689921397039399,46.554080528890104,0.0025395604825035,"(46.324, 46.855]"
1465917,69.55344979641019,210.25794845048384,1465917,320.64489042278143,-0.9231651005952192,320.64489042278143,-0.9231651005952192,212234.77-005523.3,1.6468934955290153,46.38519170892666,0.0038316115901722,45.67338447988547,0.0038316115901722,-25.343849055388503,10.579073905944824,1.6468934955290153,46.38519170892666,0.0038316115901722,"(46.324, 46.855]"
1451070,36.1262357661044,282.5434177520024,1451070,348.6837168109089,-0.0527143673362958,348.6837168109089,-0.0527143673362958,231444.09-000309.7,3.4508567560925743,46.78640807777208,0.0054061651476864,0.0,-1.0,-26.977849025149364,5.524816036224365,3.4508567560925743,46.78640807777208,0.0054061651476864,"(46.324, 46.855]"
1390378,161.7616984336948,450.6131340413529,1390378,41.06523997546185,0.9496647763070108,41.06523997546185,0.9496647763070108,024415.65+005658.7,2.012773496073699,46.39618478215617,0.0038687054125716,45.51362217576736,0.0059320368708206,-25.250719031656555,9.07823657989502,2.012773496073699,46.39618478215617,0.0038687054125716,"(46.324, 46.855]"
1424720,917.463983086609,2286.212572725386,1424720,16.127419,-1.241753,16.127419,-1.241753,010430.58-011430.3,1.1562656429767744,46.66500919193916,0.0019950465513893,45.95320196289797,0.0019950465513893,-26.716579540769132,18.952735900878906,1.1562656429767744,46.66500919193916,0.0019950465513893,"(46.324, 46.855]"
1450214,71.24337593868728,782.500057077226,1450214,350.270461,0.88343,350.270461,0.88343,232104.91+005300.3,1.740426082551662,46.39455557085532,0.0116272411554092,45.682748341814126,0.0116272411554092,-26.234115669732102,3.0215375423431396,1.740426082551662,46.39455557085532,0.0116272411554092,"(46.324, 46.855]"
1452054,29.61826727820294,92.12253332474512,1452054,346.8380433424753,-0.5159907946461045,346.8380433424753,-0.5159907946461045,230721.13-003057.5,2.308520594589167,46.40820481847447,0.0040183796568413,45.67640901062795,0.0166897575623004,-25.939717225186687,7.194931507110596,2.308520594589167,46.40820481847447,0.0040183796568413,"(46.324, 46.855]"
1430099,946.5400929979234,1968.212644788944,1430099,11.768636,0.874513,11.768636,0.874513,004704.47+005228.2,1.6209084627988244,46.61253134997882,0.0041707965761084,45.90072412093763,0.0041707965761084,-26.879395329761945,10.782008171081543,1.6209084627988244,46.61253134997882,0.0041707965761084,"(46.324, 46.855]"
1433998,34.81172722417351,115.33687223755226,1433998,8.92579350987564,-1.220347082994108,8.92579350987564,-1.220347082994108,003542.19-011313.2,2.2106910233252792,46.3750274279937,0.0028972998254026,45.78042564437663,0.0077173612163434,-26.074795484871025,8.758213996887207,2.2106910233252792,46.3750274279937,0.0028972998254026,"(46.324, 46.855]"
1443300,142.02022738606408,520.5409664926271,1443300,1.253513,1.050944,1.253513,1.050944,000500.84+010303.3,1.630963576058071,46.537707764603184,0.0030297241047065,45.82590053556199,0.0030297241047065,-26.48824891755036,8.722430229187012,1.630963576058071,46.537707764603184,0.0030297241047065,"(46.324, 46.855]"
1427734,16.34128804948931,133.60450117182123,1427734,13.720233514102238,-0.2290491055170729,13.720233514102238,-0.2290491055170729,005452.85-001344.5,3.7587650870864486,46.762344691787085,0.0310288533328879,0.0,-1.0,-27.377944842580717,3.87595534324646,3.7587650870864486,46.762344691787085,0.0310288533328879,"(46.324, 46.855]"
1411314,54.28363044541853,216.38243359034195,1411314,26.08814988870165,-0.1217673038643225,26.08814988870165,-0.1217673038643225,014421.15-000718.3,1.1622804246259075,46.46371542231068,0.0014010144734335,45.751908193269486,0.0014010144734335,-26.066106872818665,18.5128231048584,1.1622804246259075,46.46371542231068,0.0014010144734335,"(46.324, 46.855]"
1452869,153.67724826623703,307.3022717785242,1452869,345.274163,-0.400494,345.274163,-0.400494,230105.79-002401.7,1.8852403886045752,46.447515552675235,0.0134157743867007,45.73570832363404,0.0134157743867007,-26.429970269807832,7.826596260070801,1.8852403886045752,46.447515552675235,0.0134157743867007,"(46.324, 46.855]"
1450686,48.30578084622773,199.63584439377408,1450686,349.3572312782932,0.6148842016586972,349.3572312782932,0.6148842016586972,231725.73+003653.5,3.0234174045424735,46.773122279682894,0.0035831731812869,0.0,-1.0,-27.016270772672453,7.716607570648193,3.0234174045424735,46.773122279682894,0.0035831731812869,"(46.324, 46.855]"
1435813,230.78524424876773,438.26705007881856,1435813,7.479031731577265,-0.181497914667473,7.479031731577265,-0.181497914667473,002954.96-001053.3,2.355639706287442,46.40631020622144,0.0035147910882109,45.11616688321893,0.164736652624974,-26.498747408156294,5.05409574508667,2.355639706287442,46.40631020622144,0.0035147910882109,"(46.324, 46.855]"
1426974,21.55818852577301,114.17224016752093,1426974,14.304236283354244,0.7016037507888903,14.304236283354244,0.7016037507888903,005713.01+004205.7,1.5413943223713114,46.50008947051192,0.0016111028577796,45.788282241470725,0.0016111028577796,-26.263215573075502,12.764628410339355,1.5413943223713114,46.50008947051192,0.0016111028577796,"(46.324, 46.855]"
1440978,111.21679799579977,357.96285393035254,1440978,3.196343815291698,0.2109741829027983,3.196343815291698,0.2109741829027983,001247.12+001239.5,2.1503196208891526,46.49039783092709,0.0040925370052811,45.893110333875065,0.0057561594207342,-27.00348013556194,10.837642669677734,2.1503196208891526,46.49039783092709,0.0040925370052811,"(46.324, 46.855]"
1409606,203.1087453445862,532.897104389529,1409606,27.340304971900487,0.09348117007068,27.340304971900487,0.09348117007068,014921.67+000536.5,2.799207576087717,46.813020912460594,0.0025565438474153,0.0,-1.0,-26.87343577747009,8.569060325622559,2.799207576087717,46.813020912460594,0.0025565438474153,"(46.324, 46.855]"
1393142,36.776344157354885,107.98551966657516,1393142,39.14665161763,-1.1639653367296543,39.14665161763,-1.1639653367296543,023635.19-010950.2,2.279183465068205,46.521209956660215,0.0037744713508125,45.87984942889107,0.0104594559277693,-26.35787963452261,6.565989971160889,2.279183465068205,46.521209956660215,0.0037744713508125,"(46.324, 46.855]"
1396883,383.605575597606,815.1048263314619,1396883,36.560287289915664,0.2582780301626212,36.560287289915664,0.2582780301626212,022614.46+001529.8,0.615663306941498,46.408858427519014,0.0010703222685428,45.69705119847782,0.0010703222685428,-26.15273806635397,48.46687316894531,0.615663306941498,46.408858427519014,0.0010703222685428,"(46.324, 46.855]"
1406420,34.21005720899668,116.331756150585,1406420,29.89785350472932,0.0670153881789043,29.89785350472932,0.0670153881789043,015935.48+000401.2,3.2813689350594872,46.831640263566875,0.0061811018003403,0.0,-1.0,-27.21576218344996,7.383890628814697,3.2813689350594872,46.831640263566875,0.0061811018003403,"(46.324, 46.855]"
1395940,18.94709844007156,46.27951302925303,1395940,37.20467810215473,-0.0076782105942882,37.20467810215473,-0.0076782105942882,022849.12-000027.6,2.987221814614612,46.38950776151404,0.01589763620089,0.0,-1.0,-26.030650010471856,3.090566396713257,2.987221814614612,46.38950776151404,0.01589763620089,"(46.324, 46.855]"
1408546,10.916498455790109,106.55998165481564,1408546,28.18517282314409,-0.3721876761961682,28.18517282314409,-0.3721876761961682,015244.44-002219.8,3.2985810243151863,46.7195998883957,0.0055441241190621,0.0,-1.0,-26.879422868928707,7.95688009262085,3.2985810243151863,46.7195998883957,0.0055441241190621,"(46.324, 46.855]"
1411854,87.1375037524617,177.78508873248657,1411854,25.693647616566068,-0.1718103777338074,25.693647616566068,-0.1718103777338074,014246.47-001018.5,2.441189823749971,46.61267170929561,0.0037099013838357,45.85478699868091,0.0303053381982287,-26.392274371628236,8.939726829528809,2.441189823749971,46.61267170929561,0.0037099013838357,"(46.324, 46.855]"
1430853,67.60031432236143,156.85837591362335,1430853,11.221978770954689,-0.7394811604488839,11.221978770954689,-0.7394811604488839,004453.27-004422.1,2.5655448909149112,46.349449082581756,0.0066277629148814,0.0,-1.0,-25.735309131368616,4.134453773498535,2.5655448909149112,46.349449082581756,0.0066277629148814,"(46.324, 46.855]"
1387813,84.75470904220066,249.0708024531996,1387813,42.876800605657365,1.2087048490035055,42.876800605657365,1.2087048490035055,025130.43+011231.3,2.6993644903545877,46.4022095862738,0.0058386732233017,0.0,-1.0,-25.868094945664385,4.863127708435059,2.6993644903545877,46.4022095862738,0.0058386732233017,"(46.324, 46.855]"
1450816,604.3609559096473,2156.648205064421,1450816,349.1458364731092,-0.4782696645512163,349.1458364731092,-0.4782696645512163,231635.00-002841.7,0.7557829923741068,46.4719220559597,0.0008390385395067,45.76011482691851,0.0008390385395067,-26.25108369521254,39.117557525634766,0.7557829923741068,46.4719220559597,0.0008390385395067,"(46.324, 46.855]"
1404934,23.256230035586423,592.9455442785096,1404934,31.027944654597945,1.1260443768610462,31.027944654597945,1.1260443768610462,020406.70+010733.7,2.8933163355783904,46.52427538184312,0.0110107733637931,0.0,-1.0,-27.203313308062725,6.541672229766846,2.8933163355783904,46.52427538184312,0.0110107733637931,"(46.324, 46.855]"
1431748,12.10500756279855,49.38585670095622,1431748,10.584699914914497,0.3815804501098978,10.584699914914497,0.3815804501098978,004220.32+002253.6,3.9699584382956132,46.814073909625705,0.0083207658631394,0.0,-1.0,-27.213349015086685,5.402571201324463,3.9699584382956132,46.814073909625705,0.0083207658631394,"(46.324, 46.855]"
1461129,138.43967899319566,440.6779529828572,1461129,329.3983668507974,0.9712800522686532,329.3983668507974,0.9712800522686532,215735.60+005816.6,1.783180146752794,46.601821233766394,0.0023228292141901,45.8900140047252,0.0023228292141901,-26.421898221394045,17.63308334350586,1.783180146752794,46.601821233766394,0.0023228292141901,"(46.324, 46.855]"
1427217,53.40388313309833,165.18693992260597,1427217,14.094878098039416,0.248562844075773,14.094878098039416,0.248562844075773,005622.77+001454.8,2.1530085364211122,46.340882735704085,0.0050873659524164,45.50347852595237,0.0103984068550744,-25.921845520307034,6.623478889465332,2.1530085364211122,46.340882735704085,0.0050873659524164,"(46.324, 46.855]"
1405727,174.11920766998085,507.0168982835069,1405727,30.44253783331817,-0.9043162647883464,30.44253783331817,-0.9043162647883464,020146.20-005415.5,2.2421440944810906,46.810161514760885,0.0015181337339917,46.260360943000464,0.0045475892402073,-26.943135433205857,16.49951934814453,2.2421440944810906,46.810161514760885,0.0015181337339917,"(46.324, 46.855]"
1449412,14.4693438887391,38.596720836732544,1449412,351.73854750819,-0.9907505795936432,351.73854750819,-0.9907505795936432,232657.25-005926.7,2.2858639728266876,46.37932562609842,0.0042113449350367,45.6508533214363,0.027148254425878,-25.66434079909334,5.379558086395264,2.2858639728266876,46.37932562609842,0.0042113449350367,"(46.324, 46.855]"
1446175,58.24257545755287,172.2299078822097,1446175,357.861078,-0.487513,357.861078,-0.487513,235126.65-002915.0,2.003501839570143,46.39641309307819,0.0142731194417713,45.617948550662135,0.022948885631564,-26.15092101418564,5.1087822914123535,2.003501839570143,46.39641309307819,0.0142731194417713,"(46.324, 46.855]"
1400161,173.9371788173445,426.0092482076641,1400161,34.36452470559409,-0.2584858920104586,34.36452470559409,-0.2584858920104586,021727.48-001530.5,2.8419353547080797,46.43903144179984,0.0050145788012052,0.0,-1.0,-26.07971530659184,4.730069160461426,2.8419353547080797,46.43903144179984,0.0050145788012052,"(46.324, 46.855]"
1435289,81.53362532521318,232.79229591470727,1435289,7.90735164945994,0.44712601510821,7.90735164945994,0.44712601510821,003137.76+002649.6,2.9750497782131675,46.74715803511916,0.0032650756330276,0.0,-1.0,-26.9882340631152,8.81765365600586,2.9750497782131675,46.74715803511916,0.0032650756330276,"(46.324, 46.855]"
1409607,985.5723631267836,2668.8212693228284,1409607,27.3397223099185,-0.5391799001024898,27.3397223099185,-0.5391799001024898,014921.53-003221.0,1.3836002451522107,46.478569035854456,0.0019673865454841,45.766761806813264,0.0019673865454841,-26.42687079370298,16.33962631225586,1.3836002451522107,46.478569035854456,0.0019673865454841,"(46.324, 46.855]"
1431688,33.11917800781833,84.5703082313937,1431688,10.618546601946548,0.2843863599502143,10.618546601946548,0.2843863599502143,004228.45+001703.7,2.5456499294580217,46.51672864552461,0.0039035065206931,0.0,-1.0,-26.807078086901043,8.440394401550293,2.5456499294580217,46.51672864552461,0.0039035065206931,"(46.324, 46.855]"
1448953,38.23693099419213,85.59325283324215,1448953,352.6419526306464,-0.97149687399055,352.6419526306464,-0.97149687399055,233034.06-005817.3,2.7668516990536474,46.45209473301988,0.0059934384975051,0.0,-1.0,-26.23306685382474,3.6618077754974365,2.7668516990536474,46.45209473301988,0.0059934384975051,"(46.324, 46.855]"
1446850,615.3363224628888,1126.645297300747,1446850,356.6720925036211,0.6779362164089494,356.6720925036211,0.6779362164089494,234641.30+004040.5,1.8191881501671991,46.80670882402267,0.0023444476635603,46.09490159498148,0.0023444476635603,-26.79148217503644,19.051918029785156,1.8191881501671991,46.80670882402267,0.0023444476635603,"(46.324, 46.855]"
1405957,44.82208950889537,169.7177390397849,1405957,30.27444150113593,-0.3332294605464763,30.27444150113593,-0.3332294605464763,020105.86-001959.6,2.8096606393317263,46.80108797532159,0.0017674706340287,0.0,-1.0,-27.16758057435432,10.153736114501953,2.8096606393317263,46.80108797532159,0.0017674706340287,"(46.324, 46.855]"
1449698,206.0493084286712,536.0926328989378,1449698,351.21895884607125,-0.0876056768309343,351.21895884607125,-0.0876056768309343,232452.55-000515.3,2.7836430564000687,46.70445181484321,0.0032578945720871,0.0,-1.0,-27.26053211169128,7.934192180633545,2.7836430564000687,46.70445181484321,0.0032578945720871,"(46.324, 46.855]"
1455303,96.00734074654858,306.03553700935635,1455303,340.52971542059447,-1.0637253639221906,340.52971542059447,-1.0637253639221906,224207.13-010349.4,2.3340309112892723,46.39562860200088,0.0040955776080799,45.42153940822022,0.0446114813827911,-25.291973147304923,6.136905670166016,2.3340309112892723,46.39562860200088,0.0040955776080799,"(46.324, 46.855]"
1403996,190.4214094489195,457.5882878809205,1403996,31.6957166049304,0.3001752020503042,31.6957166049304,0.3001752020503042,020646.97+001800.6,1.6850417380753375,46.47077252088107,0.0016784292187601,45.75896529183988,0.0016784292187601,-26.688782094321184,14.707612037658691,1.6850417380753375,46.47077252088107,0.0016784292187601,"(46.324, 46.855]"
1443512,563.5064617091732,1749.6660201586271,1443512,1.087620002836502,-0.5675210337134179,1.087620002836502,-0.5675210337134179,000421.02-003403.0,1.4604324864906042,46.68434812448999,0.0019468839706995,45.9725408954488,0.0019468839706995,-26.373601357444567,20.834362030029297,1.4604324864906042,46.68434812448999,0.0019468839706995,"(46.324, 46.855]"
1398197,179.76302813139014,523.095690201083,1398197,35.653376,0.343927,35.653376,0.343927,022236.81+002038.1,1.726423709947479,46.372683573616435,0.0051450491414009,45.66087634457524,0.0051450491414009,-26.056503988587842,9.087028503417969,1.726423709947479,46.372683573616435,0.0051450491414009,"(46.324, 46.855]"
1451485,92.7665552909294,241.42215195303177,1451485,347.8920545217125,1.054641632347883,347.8920545217125,1.054641632347883,231134.09+010316.7,2.6626183718517633,46.42829841955587,0.0028172076564985,0.0,-1.0,-25.882169939093515,6.270153045654297,2.6626183718517633,46.42829841955587,0.0028172076564985,"(46.324, 46.855]"
1444740,517.4106083193932,1129.4553756711296,1444740,0.061779,-1.1752,0.061779,-1.1752,000014.82-011030.7,1.906660019396342,46.49859356656384,0.0,45.657767124514216,0.0067894135785913,-26.461294928986916,6.412654876708984,1.906660019396342,46.49859356656384,0.0,"(46.324, 46.855]"
1435066,28.10128491852322,63.510600668530174,1435066,8.085514,-0.740694,8.085514,-0.740694,003220.52-004426.4,2.126452850466203,46.39162983269522,0.0101186638669972,0.0,-1.0,-26.060562539910755,4.221746921539307,2.126452850466203,46.39162983269522,0.0101186638669972,"(46.324, 46.855]"
1465298,28.481259208659484,138.82907992510775,1465298,321.6879443983059,0.6434386932252851,321.6879443983059,0.6434386932252851,212645.10+003836.3,2.1939951815801093,46.493621499830574,0.0055688593513423,45.518271212695325,0.0104348503453053,-26.114612961372508,7.12265157699585,2.1939951815801093,46.493621499830574,0.0055688593513423,"(46.324, 46.855]"
1422796,49.14491264673149,264.4065299445335,1422796,17.602118,-0.262196,17.602118,-0.262196,011024.50-001543.9,1.7595097302659048,46.76717935760121,0.0034658833811889,46.055372128560016,0.0034658833811889,-26.80928153578873,12.364092826843262,1.7595097302659048,46.76717935760121,0.0034658833811889,"(46.324, 46.855]"
1417008,115.33891020446192,393.0112055003739,1417008,22.05324614074777,0.6293120342460262,22.05324614074777,0.6293120342460262,012812.77+003745.5,1.8360625449431474,46.40228498770405,0.002786556136062,45.69047775866286,0.002786556136062,-26.275506273080758,9.22529411315918,1.8360625449431474,46.40228498770405,0.002786556136062,"(46.324, 46.855]"
1452378,66.22998521151753,289.15973752714206,1452378,346.1605438209506,-0.8695979164641837,346.1605438209506,-0.8695979164641837,230438.53-005210.5,2.8491297540793217,46.432921411279864,0.0057547241055786,0.0,-1.0,-26.78646805263804,3.7195284366607666,2.8491297540793217,46.432921411279864,0.0057547241055786,"(46.324, 46.855]"
1446930,239.1609576972781,1409.006847962869,1446930,356.5312180123398,-0.4857636905683214,356.5312180123398,-0.4857636905683214,234607.49-002908.7,1.6514299692367596,46.47655440877069,0.0024270170351528,45.7647471797295,0.0024270170351528,-26.111868270639093,16.362510681152344,1.6514299692367596,46.47655440877069,0.0024270170351528,"(46.324, 46.855]"
1451167,127.39170409032836,266.7173531113002,1451167,348.4769947127508,1.1024391450378552,348.4769947127508,1.1024391450378552,231354.47+010608.7,2.472594190151016,46.4249352213964,0.0051011147243187,0.0,-1.0,-26.487269824426175,6.185882568359375,2.472594190151016,46.4249352213964,0.0051011147243187,"(46.324, 46.855]"
1427041,39.512988852266886,143.69589736239612,1427041,14.249861620702347,-0.4582783021309581,14.249861620702347,-0.4582783021309581,005659.96-002729.8,2.66071173047654,46.42066834925938,0.0058072416990349,0.0,-1.0,-25.56605882694286,4.447951793670654,2.66071173047654,46.42066834925938,0.0058072416990349,"(46.324, 46.855]"
1389506,31.81245414387676,110.37855758843808,1389506,41.623208661693866,1.0915811346445017,41.623208661693866,1.0915811346445017,024629.57+010529.6,3.2881651037263,46.796360954147715,0.0069758481361859,0.0,-1.0,-26.805595620337726,7.5793538093566895,3.2881651037263,46.796360954147715,0.0069758481361859,"(46.324, 46.855]"
1413451,177.6879559237658,758.1491798607068,1413451,24.60640966544338,-0.0929301739484617,24.60640966544338,-0.0929301739484617,013825.53-000534.5,1.3425092797057152,46.463508455239676,0.0016878927487375,45.751701226198485,0.0016878927487375,-26.796248460542685,16.46623420715332,1.3425092797057152,46.463508455239676,0.0016878927487375,"(46.324, 46.855]"
1446462,84.53093805426967,218.2109963407765,1446462,357.3398417746628,-0.9875482645664,357.3398417746628,-0.9875482645664,234921.56-005915.1,3.098288329311476,46.84415054889762,0.0026242290390783,0.0,-1.0,-27.059032473711696,9.574662208557129,3.098288329311476,46.84415054889762,0.0026242290390783,"(46.324, 46.855]"
1421340,30.68071869364936,93.09150041959786,1421340,18.81959284000962,-0.5670288674995843,18.81959284000962,-0.5670288674995843,011516.70-003401.3,3.3895811309618438,46.58442983676091,0.0184164321518558,0.0,-1.0,-26.26915791159476,3.355177164077759,3.3895811309618438,46.58442983676091,0.0184164321518558,"(46.324, 46.855]"
1425463,59.459947225711446,168.40511769961978,1425463,15.5568335247889,0.273556417188005,15.5568335247889,0.273556417188005,010213.64+001624.8,2.6103546605669874,46.34313242775827,0.0061568902247266,0.0,-1.0,-25.69304460458758,5.079661846160889,2.6103546605669874,46.34313242775827,0.0061568902247266,"(46.324, 46.855]"
1465090,789.09163446233,2841.566247890353,1465090,322.094719933151,-0.0264598195718304,322.094719933151,-0.0264598195718304,212822.73-000135.2,0.9959098755377827,46.497359528769465,0.000772434735385,45.78555229972827,0.000772434735385,-25.896805844064822,32.59449768066406,0.9959098755377827,46.497359528769465,0.000772434735385,"(46.324, 46.855]"
1427134,510.2099745188768,1953.6928262630784,1427134,14.166033522082952,0.9723581005061848,14.166033522082952,0.9723581005061848,005639.84+005820.4,1.168577386443745,46.33075899194839,0.0020133868922975,45.6189517629072,0.0020133868922975,-25.704372119549458,14.068802833557129,1.168577386443745,46.33075899194839,0.0020133868922975,"(46.324, 46.855]"
1461153,51.76845151377411,277.9342809547836,1461153,329.36815633280946,0.2626685771188456,329.36815633280946,0.2626685771188456,215728.35+001545.6,2.552876602105697,46.70314603442419,0.0015308347611338,0.0,-1.0,-27.23197494553493,13.856689453125,2.552876602105697,46.70314603442419,0.0015308347611338,"(46.324, 46.855]"
1427727,361.3519717164867,979.2954281489624,1427727,13.727612874276588,0.2997854898123323,13.727612874276588,0.2997854898123323,005454.62+001759.2,2.1680597726118536,46.69091807047315,0.0030835953056715,46.16112408172121,0.0022753459044579,-27.71379083019201,18.068008422851562,2.1680597726118536,46.69091807047315,0.0030835953056715,"(46.324, 46.855]"
1465881,291.23138928781333,975.9540516951118,1465881,320.7001087732721,-0.953147851752196,320.7001087732721,-0.953147851752196,212248.02-005711.3,1.491011640756782,46.58106528819139,0.0025234642873996,45.8692580591502,0.0025234642873996,-26.334773388221603,15.514402389526367,1.491011640756782,46.58106528819139,0.0025234642873996,"(46.324, 46.855]"
1449896,68.45854112335613,233.76119869696112,1449896,350.816599,0.856975,350.816599,0.856975,232315.98+005125.1,2.0746557888036437,46.56142603108528,0.0092522959846057,0.0,-1.0,-26.272206693300816,5.979666709899902,2.0746557888036437,46.56142603108528,0.0092522959846057,"(46.324, 46.855]"
1465222,298.80412779248417,1466.53555794821,1465222,321.85138482370155,0.7883880134059357,321.85138482370155,0.7883880134059357,212724.33+004718.1,0.7165649139562132,46.59533109243268,0.0007098813582899,45.88352386339149,0.0007098813582899,-26.574685142155165,44.55538558959961,0.7165649139562132,46.59533109243268,0.0007098813582899,"(46.324, 46.855]"
1432036,13.76107116862845,53.04462648965744,1432036,10.374148724455267,0.9876245006188904,10.374148724455267,0.9876245006188904,004129.79+005915.4,3.0014930844050354,46.34513587374173,0.0044819584869628,0.0,-1.0,-25.725127599820194,4.255893230438232,3.0014930844050354,46.34513587374173,0.0044819584869628,"(46.324, 46.855]"
1394412,21.234212827398945,68.21791439613102,1394412,38.22102237012599,0.0691502947801175,38.22102237012599,0.0691502947801175,023253.04+000408.9,2.2657588897212033,46.34872536798816,0.0039094161693427,45.60239172887894,0.0128093147776908,-25.812637416522676,7.076503276824951,2.2657588897212033,46.34872536798816,0.0039094161693427,"(46.324, 46.855]"
1422635,12.707894305677176,30.687058559456773,1422635,17.72948630151374,-0.2332232832527065,17.72948630151374,-0.2332232832527065,011055.07-001359.6,3.6136701809695273,46.4752107768082,0.0111155555522657,0.0,-1.0,-26.36598450773988,4.030207633972168,3.6136701809695273,46.4752107768082,0.0111155555522657,"(46.324, 46.855]"
1392751,114.9387096866372,216.3357850520132,1392751,39.44740522281875,-0.4031215065294901,39.44740522281875,-0.4031215065294901,023747.37-002411.2,1.2877308622992536,46.48246061669129,0.0012735187784116,45.7706533876501,0.0012735187784116,-26.23869089493785,25.139795303344727,1.2877308622992536,46.48246061669129,0.0012735187784116,"(46.324, 46.855]"
1390291,194.25594832221492,406.3636164382266,1390291,41.13217815294334,-0.4285740633529119,41.13217815294334,-0.4285740633529119,024431.72-002542.8,2.845729837479277,46.60236636775034,0.0024245241526408,0.0,-1.0,-26.52057453270529,8.188014030456543,2.845729837479277,46.60236636775034,0.0024245241526408,"(46.324, 46.855]"
1388963,28.829389485775064,81.75739899431962,1388963,41.99033051589879,0.2617938332232422,41.99033051589879,0.2617938332232422,024757.67+001542.4,2.4700181580323597,46.36806002420388,0.0064462183725702,45.752476789576185,0.0505951708504248,-26.175599041594825,6.016968727111816,2.4700181580323597,46.36806002420388,0.0064462183725702,"(46.324, 46.855]"
1436743,281.32525417246137,822.5470381044415,1436743,6.7153939068711,-0.5245215410709846,6.7153939068711,-0.5245215410709846,002651.69-003128.2,1.6527853586634385,46.64057271073729,0.0026881746001592,45.9287654816961,0.0026881746001592,-26.77390878716065,16.882963180541992,1.6527853586634385,46.64057271073729,0.0026881746001592,"(46.324, 46.855]"
1390044,762.8726246903851,2510.548941677125,1390044,41.29249376985604,-0.1078338900339646,41.29249376985604,-0.1078338900339646,024510.19-000628.2,2.1296587380340624,46.625402357997544,0.0022038485292767,45.84884712999697,0.0090813591901337,-25.016301160880776,12.259264945983887,2.1296587380340624,46.625402357997544,0.0022038485292767,"(46.324, 46.855]"
1401081,241.58244747578377,679.058300098442,1401081,33.704584291557715,-0.8447103508345875,33.704584291557715,-0.8447103508345875,021449.10-005040.9,1.6064154662036303,46.40077090977017,0.0034922561872718,45.68896368072898,0.0034922561872718,-26.3789345918616,12.522411346435547,1.6064154662036303,46.40077090977017,0.0034922561872718,"(46.324, 46.855]"
1447426,144.28762718476932,368.48899235204976,1447426,355.4143265871665,-0.4707902613518067,355.4143265871665,-0.4707902613518067,234139.43-002814.8,2.1279774689839366,46.344660280771976,0.0044884959558579,45.8074892114171,0.00518299965319,-25.91628444962605,9.427438735961914,2.1279774689839366,46.344660280771976,0.0044884959558579,"(46.324, 46.855]"
1447318,43.399808781359226,157.01402211246668,1447318,355.628478,-0.034495,355.628478,-0.034495,234230.83-000204.1,2.0668340210804206,46.33876496108716,0.0162107880627679,45.39999755100038,0.0348898272051982,-25.901167683032934,3.651782512664795,2.0668340210804206,46.33876496108716,0.0162107880627679,"(46.324, 46.855]"
1423928,287.978568013462,883.5273011456005,1423928,16.712316295152675,-0.6032500641052059,16.712316295152675,-0.6032500641052059,010650.95-003611.7,1.7394184725498445,46.40423012136343,0.0034292958559909,45.69242289232224,0.0034292958559909,-26.515998277499207,12.822771072387695,1.7394184725498445,46.40423012136343,0.0034292958559909,"(46.324, 46.855]"
1394301,75.16121750443953,154.4591651571321,1394301,38.2960960542739,0.4127209751839812,38.2960960542739,0.4127209751839812,023311.06+002445.7,2.985784625628397,46.519315550497886,0.0073094011820806,0.0,-1.0,-26.330985893150984,5.08214807510376,2.985784625628397,46.519315550497886,0.0073094011820806,"(46.324, 46.855]"
1435407,129.29810688770388,287.8733141700726,1435407,7.80434748402166,0.1723255884276637,7.80434748402166,0.1723255884276637,003113.04+001020.3,2.8540726455973053,46.7875890540808,0.0036498422133881,0.0,-1.0,-27.28192936738017,10.402364730834961,2.8540726455973053,46.7875890540808,0.0036498422133881,"(46.324, 46.855]"
1399644,196.33963565740896,892.3416048470112,1399644,34.686814,0.8518,34.686814,0.8518,021844.83+005106.4,1.857638338145504,46.43864979382506,0.0065901227780287,45.726842564783865,0.0065901227780287,-26.17554162190872,6.881214141845703,1.857638338145504,46.43864979382506,0.0065901227780287,"(46.324, 46.855]"
1456241,811.613527631294,959.921357450842,1456241,338.63927341100907,-0.0101310582040571,338.63927341100907,-0.0101310582040571,223433.42-000036.4,1.8402703292289668,46.79800122032309,0.0016408532643268,46.086193991281895,0.0016408532643268,-27.037107812684887,24.615459442138672,1.8402703292289668,46.79800122032309,0.0016408532643268,"(46.324, 46.855]"
1397264,58.243081705307645,123.93439248624516,1397264,36.30587410873136,0.7950808402786927,36.30587410873136,0.7950808402786927,022513.40+004742.2,2.706171327069369,46.6041008918724,0.0046087662145311,0.0,-1.0,-26.45826381416434,6.3191070556640625,2.706171327069369,46.6041008918724,0.0046087662145311,"(46.324, 46.855]"
1408237,271.37334040747265,726.1401504177776,1408237,28.42636812007871,0.6179851026285907,28.42636812007871,0.6179851026285907,015342.32+003704.7,2.134283037086656,46.76150044169539,0.0022047794533328,45.96704439272113,0.0028302739917016,-27.053369722589228,15.550586700439453,2.134283037086656,46.76150044169539,0.0022047794533328,"(46.324, 46.855]"
1423034,26.2849368666914,107.670167003191,1423034,17.39401801357883,0.8056888723355637,17.39401801357883,0.8056888723355637,010934.56+004820.4,2.4249930356614806,46.42697997949073,0.0040167340112695,45.98119244817404,0.0206743583963664,-26.34461590717851,7.043331623077393,2.4249930356614806,46.42697997949073,0.0040167340112695,"(46.324, 46.855]"
1387976,126.03632243781789,200.8243318344284,1387976,42.73778155375186,-0.9896974635170944,42.73778155375186,-0.9896974635170944,025057.06-005922.9,2.702440252140277,46.53567359810435,0.0038894795640196,0.0,-1.0,-26.93828763213518,6.751848220825195,2.702440252140277,46.53567359810435,0.0038894795640196,"(46.324, 46.855]"
1465136,25.17568895127012,65.09786416258189,1465136,322.00041115926064,-0.7700638716171752,322.00041115926064,-0.7700638716171752,212800.09-004612.2,2.670250283474198,46.41439398191815,0.0047172393776513,0.0,-1.0,-26.06817276108571,5.72628116607666,2.670250283474198,46.41439398191815,0.0047172393776513,"(46.324, 46.855]"
1461269,47.8045390775471,283.43981583351825,1461269,329.1301785849661,0.6327699298774668,329.1301785849661,0.6327699298774668,215631.24+003757.9,1.8662220686569966,46.4457443490883,0.0030942408581857,45.73393712004711,0.0030942408581857,-25.945597119058085,10.493973731994629,1.8662220686569966,46.4457443490883,0.0030942408581857,"(46.324, 46.855]"
1449511,64.68170855261233,141.3618246548774,1449511,351.58319103111745,0.6744270970385007,351.58319103111745,0.6744270970385007,232619.96+004027.9,2.4402728693546267,46.37498381397269,0.0045778915417677,45.68121208998531,0.0485799762667191,-25.845358691735495,5.026678085327148,2.4402728693546267,46.37498381397269,0.0045778915417677,"(46.324, 46.855]"
1449870,34.26084272012486,99.8421447692528,1449870,350.87703937305446,0.7373933452212015,350.87703937305446,0.7373933452212015,232330.48+004414.6,2.769261992083971,46.46860525032108,0.0035002487214832,0.0,-1.0,-26.548755904555804,7.5234527587890625,2.769261992083971,46.46860525032108,0.0035002487214832,"(46.324, 46.855]"
1441549,157.10890009595468,495.0846939254742,1441549,2.697432461794248,-0.0007042254790447,2.697432461794248,-0.0007042254790447,001047.38-000002.5,3.016964038410961,46.578273552645264,0.0066648788862337,0.0,-1.0,-27.342225255424903,5.217532634735107,3.016964038410961,46.578273552645264,0.0066648788862337,"(46.324, 46.855]"
1417540,107.78939437445736,263.4461370232045,1417540,21.697531475531605,-0.8810087845248913,21.697531475531605,-0.8810087845248913,012647.40-005251.6,2.400298267891142,46.74159297922932,0.0018150075871119,46.15130391933007,0.0088654651334216,-26.9981414325841,11.952364921569824,2.400298267891142,46.74159297922932,0.0018150075871119,"(46.324, 46.855]"
1398247,476.6417876041363,1320.643485798884,1398247,35.626188,0.312381,35.626188,0.312381,022230.28+001844.5,2.1955660518630062,46.61893811779901,0.0053026291768247,0.0,-1.0,-27.06320542134378,9.456006050109863,2.1955660518630062,46.61893811779901,0.0053026291768247,"(46.324, 46.855]"
1442548,27.060543533973416,70.18081556876687,1442548,1.8469164401089984,-0.8534826252820295,1.8469164401089984,-0.8534826252820295,000723.25-005112.5,2.9683293842055347,46.376127841355974,0.0076192055171837,0.0,-1.0,-26.43552384028138,3.9180972576141357,2.9683293842055347,46.376127841355974,0.0076192055171837,"(46.324, 46.855]"
1452216,52.71290423584544,188.60925196876823,1452216,346.4859690001736,-0.1365217970350797,346.4859690001736,-0.1365217970350797,230556.63-000811.4,2.299493924762128,46.35882477662494,0.0036378404607795,45.73080436497132,0.0217990433176957,-25.94596979763525,5.675012588500977,2.299493924762128,46.35882477662494,0.0036378404607795,"(46.324, 46.855]"
1401226,770.0556968856594,2950.592834437888,1401226,33.607049690568225,-0.6499285097760198,33.607049690568225,-0.6499285097760198,021425.69-003859.7,1.7235244345705716,46.76786348421975,0.0018612694112754,46.05605625517856,0.0018612694112754,-27.457369796145315,16.872312545776367,1.7235244345705716,46.76786348421975,0.0018612694112754,"(46.324, 46.855]"
1421992,755.7869385793811,1053.4348998045464,1421992,18.28494576052823,1.0616736460720992,18.28494576052823,1.0616736460720992,011308.38+010342.0,2.2290696636437866,46.53073393517875,0.0033767462516784,46.23399856162423,0.0054159841129397,-27.12706654198644,11.347013473510742,2.2290696636437866,46.53073393517875,0.0033767462516784,"(46.324, 46.855]"
1401064,25.69936532243545,202.04245295200053,1401064,33.718556,-0.279057,33.718556,-0.279057,021452.45-001644.6,1.9003604943102272,46.40245325759716,0.0130652130035144,45.69064602855597,0.0130652130035144,-26.147314611802756,6.414908409118652,1.9003604943102272,46.40245325759716,0.0130652130035144,"(46.324, 46.855]"
1462978,15.253746699201876,65.8249486529977,1462978,325.8354788539,1.1465214324939434,325.8354788539,1.1465214324939434,214320.51+010847.4,2.5703800501396294,46.35681108946067,0.00523147224348,0.0,-1.0,-25.987417257820457,5.2800116539001465,2.5703800501396294,46.35681108946067,0.00523147224348,"(46.324, 46.855]"
1436963,63.792255716699465,152.92271297903352,1436963,6.55551,1.106824,6.55551,1.106824,002613.32+010624.5,1.7882127222118291,46.37443375880087,0.0112560245613835,45.66262652975968,0.0112560245613835,-26.070506381717678,5.659625053405762,1.7882127222118291,46.37443375880087,0.0112560245613835,"(46.324, 46.855]"
1461290,433.6996089827358,1033.2933878016213,1461290,329.0908958034116,1.0584990580294662,329.0908958034116,1.0584990580294662,215621.81+010330.5,1.349568083229379,46.67158024425165,0.000953272818613,45.95977301521046,0.000953272818613,-26.96991701342212,28.545316696166992,1.349568083229379,46.67158024425165,0.000953272818613,"(46.324, 46.855]"
1449086,179.09206178630427,562.5266186861408,1449086,352.344856,-1.024225,352.344856,-1.024225,232922.76-010127.2,1.3908947524719313,46.36512245159389,0.0034146725645598,45.6533152225527,0.0034146725645598,-26.001053955591626,8.781816482543945,1.3908947524719313,46.36512245159389,0.0034146725645598,"(46.324, 46.855]"
1464678,49.62737988064524,131.80125171709207,1464678,322.78837124874445,-0.7844319404015887,322.78837124874445,-0.7844319404015887,213109.20-004703.9,2.0194480432391555,46.46449665291817,0.0049819751042718,45.63662275790916,0.0058082464144177,-26.009247959674834,8.021905899047852,2.0194480432391555,46.46449665291817,0.0049819751042718,"(46.324, 46.855]"
1445578,496.51025870756126,1721.582346070448,1445578,358.8357971506191,0.12990581801412,358.8357971506191,0.12990581801412,235520.59+000747.6,1.0624701517737642,46.4255168816649,0.0006866973146415,45.713709652623706,0.0006866973146415,-26.133467657442605,28.888652801513672,1.0624701517737642,46.4255168816649,0.0006866973146415,"(46.324, 46.855]"
1421750,39.08876003890814,124.33148382983202,1421750,18.488020305973635,0.6395974143215389,18.488020305973635,0.6395974143215389,011357.12+003822.5,3.264868555691989,46.596982630626094,0.0089503612290151,0.0,-1.0,-27.21211321086492,6.276355743408203,3.264868555691989,46.596982630626094,0.0089503612290151,"(46.324, 46.855]"
1442103,56.39526600467093,268.45843629696407,1442103,2.194561,0.290412,2.194561,0.290412,000846.69+001725.4,1.6876343306096542,46.4026733377187,0.0056650269241771,45.69086610867751,0.0056650269241771,-26.234544181118068,5.757834434509277,1.6876343306096542,46.4026733377187,0.0056650269241771,"(46.324, 46.855]"
1408116,172.59827844259934,528.1092831169159,1408116,28.516585036968003,0.4792247208762887,28.516585036968003,0.4792247208762887,015403.98+002845.2,1.6979551783419948,46.52779770349833,0.0030917233182385,45.81599047445714,0.0030917233182385,-26.433375572878774,11.437143325805664,1.6979551783419948,46.52779770349833,0.0030917233182385,"(46.324, 46.855]"
1416921,56.26727353178045,149.3965811472165,1416921,22.10770121841682,-0.4867521480233365,22.10770121841682,-0.4867521480233365,012825.84-002912.3,2.2281112054139687,46.36282515393779,0.0022188783672874,45.76546112328595,0.0109053984306832,-26.096105856595855,7.699005603790283,2.2281112054139687,46.36282515393779,0.0022188783672874,"(46.324, 46.855]"
1421969,12.491898889472116,25.049080034910386,1421969,18.30159052784957,-0.5869124391585332,18.30159052784957,-0.5869124391585332,011312.38-003512.8,3.4115050010987127,46.50819589070655,0.0211525477306366,0.0,-1.0,-26.855907700610093,3.444817304611206,3.4115050010987127,46.50819589070655,0.0211525477306366,"(46.324, 46.855]"
1452228,36.72556062896938,130.25609580282705,1452228,346.4663247411972,-0.7882946733537095,346.4663247411972,-0.7882946733537095,230551.91-004717.8,1.3664678387665408,46.620898258878455,0.0012196012450118,45.90909102983726,0.0012196012450118,-26.29870228753594,30.362354278564453,1.3664678387665408,46.620898258878455,0.0012196012450118,"(46.324, 46.855]"
1449730,30.209796864327952,145.94359088051908,1449730,351.14296519940405,0.2677097011584526,351.14296519940405,0.2677097011584526,232434.31+001603.7,3.362071390817434,46.42688929781486,0.0146112431324638,0.0,-1.0,-26.390100329365882,3.145685911178589,3.362071390817434,46.42688929781486,0.0146112431324638,"(46.324, 46.855]"
1437745,804.3797441181257,2442.918919478543,1437745,5.884744414021663,-1.2456068039806298,5.884744414021663,-1.2456068039806298,002332.33-011444.1,0.48383629922399,46.44223072254559,0.0006594015865921,45.7304234935044,0.0006594015865921,-25.525538600510785,65.40477752685547,0.48383629922399,46.44223072254559,0.0006594015865921,"(46.324, 46.855]"
1389216,78.46254125056807,168.9224816343704,1389216,41.801299732159805,0.8568268244271465,41.801299732159805,0.8568268244271465,024712.31+005124.5,1.596964514185937,46.40417156737291,0.001727117741531,45.69236433833172,0.001727117741531,-25.986870212375237,14.66385555267334,1.596964514185937,46.40417156737291,0.001727117741531,"(46.324, 46.855]"
1459462,267.9554159090511,557.3354332767977,1459462,332.6144142059899,1.1812271659751474,332.6144142059899,1.1812271659751474,221027.45+011052.4,2.689756857789355,46.58636021403375,0.0030577195476659,0.0,-1.0,-26.863948935055873,7.6437554359436035,2.689756857789355,46.58636021403375,0.0030577195476659,"(46.324, 46.855]"
1426829,62.46094824194468,358.937803595998,1426829,14.42169703642526,0.4810550908634655,14.42169703642526,0.4810550908634655,005741.20+002851.7,1.6999605286417194,46.340667614545474,0.0037862880822032,45.62886038550428,0.0037862880822032,-25.88034259056441,8.299763679504395,1.6999605286417194,46.340667614545474,0.0037862880822032,"(46.324, 46.855]"
1449543,771.6491006992716,1840.9013834687448,1449543,351.5019425871613,-0.3414881744057925,351.5019425871613,-0.3414881744057925,232600.46-002029.3,1.9473391548441132,46.760817426326874,0.0026773378748963,46.04901019728568,0.0026773378748963,-26.64227058617567,15.101466178894043,1.9473391548441132,46.760817426326874,0.0026773378748963,"(46.324, 46.855]"
1423221,164.88171385066988,263.5204596190685,1423221,17.253608932398556,0.0269886313976018,17.253608932398556,0.0269886313976018,010900.86+000137.1,2.969386504100291,46.775673522824036,0.0022573470862745,0.0,-1.0,-27.18527905887435,10.026518821716309,2.969386504100291,46.775673522824036,0.0022573470862745,"(46.324, 46.855]"
1442536,65.9362475934567,296.9916291771847,1442536,1.85492815626489,0.6125195591123811,1.85492815626489,0.6125195591123811,000725.18+003645.0,2.0339380012813084,46.48117698691447,0.0031346868347483,45.91613087147167,0.0031119895388194,-26.818567985537086,12.016068458557129,2.0339380012813084,46.48117698691447,0.0031346868347483,"(46.324, 46.855]"
1403820,243.27187745770703,500.34331227766063,1403820,31.800639,-0.137813,31.800639,-0.137813,020712.15-000816.1,1.873304106313093,46.47405805338832,0.0129744080037106,45.76225082434713,0.0129744080037106,-26.255491132959094,6.997934818267822,1.873304106313093,46.47405805338832,0.0129744080037106,"(46.324, 46.855]"
1427595,274.91835242395626,596.7060899015286,1427595,13.829091213545098,0.8346785600217109,13.829091213545098,0.8346785600217109,005518.98+005004.8,2.497138204264225,46.817458789636575,0.0019605786685197,0.0,-1.0,-27.166755736575972,13.614395141601562,2.497138204264225,46.817458789636575,0.0019605786685197,"(46.324, 46.855]"
1443723,195.91781213126367,426.6937404115233,1443723,0.9106980016778898,0.0755484200786876,0.9106980016778898,0.0755484200786876,000338.56+000431.9,2.093852062068904,46.50810809701105,0.0043220560463161,45.87555201624819,0.0074356660215428,-26.49705549525067,10.055161476135254,2.093852062068904,46.50810809701105,0.0043220560463161,"(46.324, 46.855]"
1440330,291.026910486829,497.9664133334472,1440330,3.739908,-0.494193,3.739908,-0.494193,001457.57-002939.0,1.9232993002612433,46.45963924643117,0.0,45.87143835531565,0.0066931832819854,-26.65047526611299,6.27640962600708,1.9232993002612433,46.45963924643117,0.0,"(46.324, 46.855]"
1389870,40.36125295187913,436.69388088226657,1389870,41.39195815192773,1.1371596119320984,41.39195815192773,1.1371596119320984,024534.07+010813.7,1.5297761370480423,46.54880042262333,0.0023876936300659,45.83699319358214,0.0023876936300659,-26.62254142752571,16.80295753479004,1.5297761370480423,46.54880042262333,0.0023876936300659,"(46.324, 46.855]"
1395681,300.20422832449094,667.3679996079486,1395681,37.3726957071533,-0.8216300920363865,37.3726957071533,-0.8216300920363865,022929.44-004917.8,1.5241184851666931,46.414236154887774,0.0019034769753503,45.70242892584658,0.0019034769753503,-26.204404561229843,16.062108993530273,1.5241184851666931,46.414236154887774,0.0019034769753503,"(46.324, 46.855]"
1394586,45.61953622088623,136.2403726190637,1394586,38.08969917818462,1.1128801488338231,38.08969917818462,1.1128801488338231,023221.52+010646.3,1.7440740720393326,46.32865543013404,0.0035881383997633,45.61684820109285,0.0035881383997633,-25.78947273091853,9.939143180847168,1.7440740720393326,46.32865543013404,0.0035881383997633,"(46.324, 46.855]"
1449042,42.02047869837905,256.846820480332,1449042,352.4623874476637,-1.183877212990294,352.4623874476637,-1.183877212990294,232950.97-011101.9,3.143728622490433,46.837431211692994,0.0074111543622592,0.0,-1.0,-27.447535735526216,5.721603870391846,3.143728622490433,46.837431211692994,0.0074111543622592,"(46.324, 46.855]"
1449363,75.80387384827799,124.35832598219918,1449363,351.822578,1.206079,351.822578,1.206079,232717.41+011221.8,2.1007788220771237,46.39527240174311,0.0130825231285136,0.0,-1.0,-25.741962954372543,3.7589147090911865,2.1007788220771237,46.39527240174311,0.0130825231285136,"(46.324, 46.855]"
1450776,197.5739587586296,378.5902795174727,1450776,349.20598394698885,0.9946608529879036,349.20598394698885,0.9946608529879036,231649.43+005940.7,2.0799778923117556,46.33206684430963,0.0059371604554065,45.76194572927398,0.007847962181831,-25.919282212038773,8.571416854858398,2.0799778923117556,46.33206684430963,0.0059371604554065,"(46.324, 46.855]"
1425402,31.54872546254508,203.6572818316896,1425402,15.59654251087636,-0.5015409362796401,15.59654251087636,-0.5015409362796401,010223.17-003005.5,2.7858207267617723,46.60352722194221,0.0037303240844011,0.0,-1.0,-26.548430468496207,6.829286575317383,2.7858207267617723,46.60352722194221,0.0037303240844011,"(46.324, 46.855]"
1445878,34.55614435743849,185.1416726958362,1445878,358.3251780429954,-1.007260866853409,358.3251780429954,-1.007260866853409,235318.04-010026.1,1.9602854805862504,46.39550429833936,0.0057331623901184,45.68369706929817,0.0057331623901184,-26.15018142743229,5.889968395233154,1.9602854805862504,46.39550429833936,0.0057331623901184,"(46.324, 46.855]"
1439230,47.479891642318975,200.57288778057372,1439230,4.624148272686037,0.1976656170578754,4.624148272686037,0.1976656170578754,001829.79+001151.5,1.8984016703285698,46.48209536344757,0.0025598091600933,45.77028813440638,0.0025598091600933,-25.019363242210815,7.726128578186035,1.8984016703285698,46.48209536344757,0.0025598091600933,"(46.324, 46.855]"
1445746,88.67714101042553,257.78292308926586,1445746,358.5358305724153,-0.2708613305866134,358.5358305724153,-0.2708613305866134,235408.59-001615.1,1.7682343261650504,46.7075851142608,0.0008164940656065,45.99577788521961,0.0008164940656065,-26.75322259731235,22.524166107177734,1.7682343261650504,46.7075851142608,0.0008164940656065,"(46.324, 46.855]"
1388833,539.0390219853605,822.0406639852752,1388833,42.086688,0.165763,42.086688,0.165763,024820.80+000956.7,1.639568161012552,46.35664387071548,0.0077553707698463,45.64483664167429,0.0077553707698463,-26.273324905623962,6.445998668670654,1.639568161012552,46.35664387071548,0.0077553707698463,"(46.324, 46.855]"
1452070,272.61332143443354,466.575612573541,1452070,346.7886744069173,-0.2470832033065155,346.7886744069173,-0.2470832033065155,230709.28-001449.4,1.874275796653134,46.33918314792653,0.0035096246053107,45.62737591888534,0.0035096246053107,-25.61687148476511,7.388558387756348,1.874275796653134,46.33918314792653,0.0035096246053107,"(46.324, 46.855]"
1397022,163.1927635697673,656.7747998818086,1397022,36.47332974407425,0.8586076347332998,36.47332974407425,0.8586076347332998,022553.59+005130.9,1.820151204854953,46.72010196524741,0.0025172382514426,46.00829473620622,0.0025172382514426,-26.72604754731117,17.903057098388672,1.820151204854953,46.72010196524741,0.0025172382514426,"(46.324, 46.855]"
1389888,170.4026681936486,393.9028926285719,1389888,41.3808961977594,0.3910654063230492,41.3808961977594,0.3910654063230492,024531.41+002327.8,1.3354282932026726,46.528568879665784,0.0011844312166218,45.81676165062459,0.0011844312166218,-26.411436096725343,23.860610961914062,1.3354282932026726,46.528568879665784,0.0011844312166218,"(46.324, 46.855]"
1433170,38.91459567134432,126.51824598934827,1433170,9.55184923594095,0.250066326346742,9.55184923594095,0.250066326346742,003812.44+001500.2,2.811290064367578,46.37480952837817,0.0070571606773377,0.0,-1.0,-25.743259067863622,4.552130699157715,2.811290064367578,46.37480952837817,0.0070571606773377,"(46.324, 46.855]"
1450646,148.0144675864458,373.7828411708345,1450646,349.415632174244,-0.955403612203403,349.415632174244,-0.955403612203403,231739.75-005719.4,2.300522496711543,46.516965091964394,0.0032028450970429,45.99611174491271,0.0074029371842492,-26.87936192899816,10.274660110473633,2.300522496711543,46.516965091964394,0.0032028450970429,"(46.324, 46.855]"
1455605,310.54743806908266,641.0299094864004,1455605,339.93316670712164,-0.527265302531271,339.93316670712164,-0.527265302531271,223943.96-003138.1,2.5255188252061718,46.74404215762049,0.0019822410345611,0.0,-1.0,-27.340774585593664,10.688337326049805,2.5255188252061718,46.74404215762049,0.0019822410345611,"(46.324, 46.855]"
1439195,67.46271062833578,164.79950172153028,1439195,4.656669597047369,0.5466200962548943,4.656669597047369,0.5466200962548943,001837.60+003247.8,2.6226857162305643,46.74276114824151,0.002636958598515,0.0,-1.0,-26.792516513164106,10.616044044494629,2.6226857162305643,46.74276114824151,0.002636958598515,"(46.324, 46.855]"
1413513,155.47163278519548,425.5012299330702,1413513,24.559421079625945,-1.0958689735341385,24.559421079625945,-1.0958689735341385,013814.26-010545.1,2.4657043054822094,46.67747394810946,0.0025851742904841,0.0,-1.0,-27.043704446125215,9.214330673217773,2.4657043054822094,46.67747394810946,0.0025851742904841,"(46.324, 46.855]"
1463282,275.80490471351914,888.3426012342846,1463282,325.29820266585455,1.1375571600151977,325.29820266585455,1.1375571600151977,214111.56+010815.2,1.3311883862435794,46.39218590952821,0.0020138714426281,45.68037868048702,0.0020138714426281,-26.222742121879502,14.543756484985352,1.3311883862435794,46.39218590952821,0.0020138714426281,"(46.324, 46.855]"
1425067,64.67101523518268,204.47597617574027,1425067,15.851541853913943,-0.0475954889259308,15.851541853913943,-0.0475954889259308,010324.37-000251.3,2.303519915473978,46.44051052682471,0.0037176281918434,45.5931861130515,0.01904274872469,-25.658488964673015,6.997289657592773,2.303519915473978,46.44051052682471,0.0037176281918434,"(46.324, 46.855]"
1464604,99.95304388863356,683.8354936085581,1464604,322.90863046460345,-0.4271765078723723,322.90863046460345,-0.4271765078723723,213138.07-002537.8,1.8393356483281398,46.65801001000179,0.0019359897667925,45.9462027809606,0.0019359897667925,-27.038590772193345,13.928862571716309,1.8393356483281398,46.65801001000179,0.0019359897667925,"(46.324, 46.855]"
1395813,280.84293851577144,998.9061575952322,1395813,37.2951260394968,-1.162580117738782,37.2951260394968,-1.162580117738782,022910.83-010945.2,1.8125633632802598,46.45750497826184,0.0025179446859731,45.745697749220646,0.0025179446859731,-26.441641508836376,12.659146308898926,1.8125633632802598,46.45750497826184,0.0025179446859731,"(46.324, 46.855]"
1426265,140.73853652645937,496.6443726432205,1426265,14.91945813516874,-0.162827554704847,14.91945813516874,-0.162827554704847,005940.67-000946.1,2.4037897348292256,46.81351934084931,0.0020024272054222,46.12765364186264,0.019988852547133,-27.22996866690682,12.099244117736816,2.4037897348292256,46.81351934084931,0.0020024272054222,"(46.324, 46.855]"
1408374,312.0871173690429,842.2588530192573,1408374,28.30503899273947,0.7987372114473951,28.30503899273947,0.7987372114473951,015313.20+004755.4,2.043607727440828,46.460841010533855,0.0032502853536158,45.65262011504871,0.0110136444005597,-25.480969524685577,6.874381065368652,2.043607727440828,46.460841010533855,0.0032502853536158,"(46.324, 46.855]"
1453054,63.3810059449427,233.6599047611586,1453054,344.951751,-1.010431,344.951751,-1.010431,225948.42-010037.5,1.90310302436351,46.40131177002719,0.0,45.5925331003622,0.016481572730445,-25.977903059104243,5.014538288116455,1.90310302436351,46.40131177002719,0.0,"(46.324, 46.855]"
1450559,121.54287217481668,167.41499338999773,1450559,349.5628898708168,-0.8937576143164822,349.5628898708168,-0.8937576143164822,231815.09-005337.5,2.093474883856882,46.689584870349485,0.0020030766837884,46.12849463081624,0.0029868129751235,-27.1636804010788,15.88631820678711,2.093474883856882,46.689584870349485,0.0020030766837884,"(46.324, 46.855]"
1447496,149.9780638031265,333.2029409322048,1447496,355.25298337696023,1.243985571656562,355.25298337696023,1.243985571656562,234100.71+011438.3,2.825529291846978,46.46784588453975,0.005327545444075,0.0,-1.0,-26.444214662722292,5.899480819702148,2.825529291846978,46.46784588453975,0.005327545444075,"(46.324, 46.855]"
1411245,209.3501720182799,701.6056221968306,1411245,26.1342723319176,-0.4221738068041426,26.1342723319176,-0.4221738068041426,014432.22-002519.8,2.6519585084671538,46.510636131758474,0.0028947117615096,0.0,-1.0,-26.107615454009462,9.020482063293457,2.6519585084671538,46.510636131758474,0.0028947117615096,"(46.324, 46.855]"
1441763,59.2142204426771,244.60810999019188,1441763,2.501230520265665,-0.1505273621719453,2.501230520265665,-0.1505273621719453,001000.29-000901.8,1.4301204429578072,46.50198224887247,0.0024124165239562,45.79017501983128,0.0024124165239562,-26.12070781571415,14.825135231018066,1.4301204429578072,46.50198224887247,0.0024124165239562,"(46.324, 46.855]"
1448965,105.9594587634763,340.180909693591,1448965,352.6200682217652,0.4659256579669984,352.6200682217652,0.4659256579669984,233028.81+002757.3,2.3520744196574404,46.361610345720734,0.0053520157548483,45.490249778270254,0.0500044346596411,-25.63910092574594,4.835387706756592,2.3520744196574404,46.361610345720734,0.0053520157548483,"(46.324, 46.855]"
1446982,25.374018254671025,74.632553171253,1446982,356.4345432805849,-1.058761953954744,356.4345432805849,-1.058761953954744,234544.29-010331.5,2.0982166569482996,46.44592122057563,0.0053089516794067,45.677179811004095,0.0126536369974985,-26.237575903525215,7.310218811035156,2.0982166569482996,46.44592122057563,0.0053089516794067,"(46.324, 46.855]"
1390159,27.4169811085044,78.97231611807844,1390159,41.21802326268244,-0.5549634979847562,41.21802326268244,-0.5549634979847562,024452.32-003317.8,4.00254627800783,46.72113562357679,0.0083711136137303,0.0,-1.0,-27.03527241586372,3.098935127258301,4.00254627800783,46.72113562357679,0.0083711136137303,"(46.324, 46.855]"
1424411,77.61762751724697,225.57399864040843,1424411,16.354424895425097,0.2430622060409125,16.354424895425097,0.2430622060409125,010525.06+001435.0,2.701890979716449,46.3716355511529,0.0057495193074537,0.0,-1.0,-26.069372519588647,4.517154216766357,2.701890979716449,46.3716355511529,0.0057495193074537,"(46.324, 46.855]"
1433946,133.3910502897654,505.1607757265724,1433946,8.961081286792993,-0.7171729326813364,8.961081286792993,-0.7171729326813364,003550.65-004301.8,1.6814518538330563,46.62427525069928,0.0022595889356864,45.912468021658086,0.0022595889356864,-26.323871329241523,11.48285961151123,1.6814518538330563,46.62427525069928,0.0022595889356864,"(46.324, 46.855]"
1417101,119.75118876262268,310.3515432939623,1417101,21.992427,-0.860315,21.992427,-0.860315,012758.18-005137.1,2.171154645444451,46.64803091961638,0.0062497905422489,0.0,-1.0,-26.849883282015103,7.477500915527344,2.171154645444451,46.64803091961638,0.0062497905422489,"(46.324, 46.855]"
1409119,12.506942951826394,35.94348953395318,1409119,27.72312198196322,-0.3010977672721966,27.72312198196322,-0.3010977672721966,015053.54-001803.9,2.9316614961800034,46.37322500537327,0.0076831084045174,0.0,-1.0,-23.123018206024394,3.6630637645721436,2.9316614961800034,46.37322500537327,0.0076831084045174,"(46.324, 46.855]"
1410208,77.38433481699609,189.1983904235489,1410208,26.894337,-0.806353,26.894337,-0.806353,014734.64-004822.8,2.0220073618188357,46.4959292986085,0.0094634397031292,45.67841989123187,0.0151912955353523,-26.303471188555648,6.249026298522949,2.0220073618188357,46.4959292986085,0.0094634397031292,"(46.324, 46.855]"
1405344,108.55477773548952,345.05049278595504,1405344,30.738547,-0.891698,30.738547,-0.891698,020257.25-005330.1,1.8382688072883806,46.5494968889789,0.0078177092940876,45.83768965993771,0.0078177092940876,-26.45541441137304,6.910833358764648,1.8382688072883806,46.5494968889789,0.0078177092940876,"(46.324, 46.855]"
1451315,100.53776790667511,328.46868725068754,1451315,348.179069,-0.87903,348.179069,-0.87903,231242.97-005244.5,2.200253339696339,46.56427783957043,0.0077184588692773,0.0,-1.0,-26.648380248190215,6.166491985321045,2.200253339696339,46.56427783957043,0.0077184588692773,"(46.324, 46.855]"
1449419,240.371613912456,564.8498416961849,1449419,351.721456,0.361926,351.721456,0.361926,232653.14+002142.9,2.1922929486617804,46.49729234206679,0.0102470124954976,0.0,-1.0,-26.401865255101626,4.970413684844971,2.1922929486617804,46.49729234206679,0.0102470124954976,"(46.324, 46.855]"
1441997,189.9577879784032,844.8478280925651,1441997,2.295221,0.674635,2.295221,0.674635,000910.85+004028.6,1.7931897171503466,46.41047089422758,0.0059153010162162,45.69866366518639,0.0059153010162162,-26.166902471153108,5.412768840789795,1.7931897171503466,46.41047089422758,0.0059153010162162,"(46.324, 46.855]"
1464858,48.546336031434045,290.60607387722786,1464858,322.476375110114,0.4285270521260141,322.476375110114,0.4285270521260141,212954.33+002542.6,3.2998782795962405,46.84594582358118,0.0087920728311914,0.0,-1.0,-27.17531413446885,9.075397491455078,3.2998782795962405,46.84594582358118,0.0087920728311914,"(46.324, 46.855]"
1424210,342.24092067229486,756.7783959592324,1424210,16.516120976940883,1.0850378205574327,16.516120976940883,1.0850378205574327,010603.86+010506.1,1.6189388293929219,46.49268541504252,0.0036596256421006,45.78087818600133,0.0036596256421006,-26.479190226705025,12.985564231872559,1.6189388293929219,46.49268541504252,0.0036596256421006,"(46.324, 46.855]"
1394821,132.66005246559945,326.46957174700793,1394821,37.94791109553833,-0.3982084405239252,37.94791109553833,-0.3982084405239252,023147.49-002353.5,1.723943656690622,46.55638606098781,0.0020039486700049,45.84457883194662,0.0020039486700049,-26.237860949239888,18.14383316040039,1.723943656690622,46.55638606098781,0.0020039486700049,"(46.324, 46.855]"
1446167,10.649793511003931,118.41679273621511,1446167,357.872401287192,-0.011176278190287,357.872401287192,-0.011176278190287,235129.37-000040.2,2.9848231968180983,46.77783430742688,0.0070978903807272,0.0,-1.0,-27.456797795717783,11.654403686523438,2.9848231968180983,46.77783430742688,0.0070978903807272,"(46.324, 46.855]"
1391475,19.35045611133652,115.8691255206423,1391475,40.347939400075006,0.3717950463761635,40.347939400075006,0.3717950463761635,024123.50+002218.4,3.136390854997656,46.555401037904154,0.0069782048318316,0.0,-1.0,-26.290952628121357,4.945025444030762,3.136390854997656,46.555401037904154,0.0069782048318316,"(46.324, 46.855]"
1444161,136.95378651696657,455.4323516748625,1444161,0.5400085286153171,-0.0320579629806255,0.5400085286153171,-0.0320579629806255,000209.60-000155.4,2.573803357200429,46.65917153249536,0.0022219905852374,0.0,-1.0,-26.15877435868546,10.862859725952148,2.573803357200429,46.65917153249536,0.0022219905852374,"(46.324, 46.855]"
1463994,142.32142664301043,298.9330419455399,1463994,324.027312666658,-0.3281102435385473,324.027312666658,-0.3281102435385473,213606.55-001941.1,1.2001410175112968,46.40054575763622,0.000945166147396,45.68873852859503,0.000945166147396,-26.071439734245715,24.19536781311035,1.2001410175112968,46.40054575763622,0.000945166147396,"(46.324, 46.855]"
1451347,128.21696981228965,281.0070785184113,1451347,348.11965,-0.175787,348.11965,-0.175787,231228.71-001032.8,2.180828622567404,46.42026530143956,0.0112760766852026,0.0,-1.0,-26.310424368629498,4.262393474578857,2.180828622567404,46.42026530143956,0.0112760766852026,"(46.324, 46.855]"
1417041,406.1321714025481,1178.6697970527327,1417041,22.03090634829192,0.4927415883593383,22.03090634829192,0.4927415883593383,012807.41+002933.8,2.4565757110606383,46.665420588177625,0.0032939335024373,46.03798629700562,0.0266654496624241,-26.531142836453274,12.111495018005371,2.4565757110606383,46.665420588177625,0.0032939335024373,"(46.324, 46.855]"
1453118,93.5175244714686,333.4966101790465,1453118,344.83521999999994,0.95251602,344.83521999999994,0.95251602,225920.45+005709.0,1.8165019008892436,46.43037221687659,0.0046635561072321,45.7185649878354,0.0046635561072321,1.0,11.551276206970215,1.8165019008892436,46.43037221687659,0.0046635561072321,"(46.324, 46.855]"
1448508,13.533428374858318,46.88650957197711,1448508,353.4774719550562,-0.9865156152493756,353.4774719550562,-0.9865156152493756,233354.59-005911.4,2.917329816793028,46.46707071579335,0.0058435923384863,0.0,-1.0,-25.89523568939457,3.723301649093628,2.917329816793028,46.46707071579335,0.0058435923384863,"(46.324, 46.855]"
1398301,28.30331444341637,85.07451741174708,1398301,35.59797261716184,-0.2552250457445132,35.59797261716184,-0.2552250457445132,022223.51-001518.8,2.7305502713865946,46.324765666512775,0.005224820653872,0.0,-1.0,-25.79765237087814,4.523656845092773,2.7305502713865946,46.324765666512775,0.005224820653872,"(46.324, 46.855]"
1450345,222.531492540646,371.5209008061852,1450345,350.0043869816397,-0.9140386990073404,350.0043869816397,-0.9140386990073404,232001.05-005450.5,1.694298957817846,46.54851436591691,0.0014210108392056,45.83670713687572,0.0014210108392056,-26.188463873400757,12.13631820678711,1.694298957817846,46.54851436591691,0.0014210108392056,"(46.324, 46.855]"
1464111,385.1691887208632,1498.7542668122007,1464111,323.8046090800576,-0.8788387040809476,323.8046090800576,-0.8788387040809476,213513.10-005243.8,1.6629800563501103,46.639868554377195,0.0012434330789155,45.928061325336,0.0012434330789155,-27.564244836762107,33.05601119995117,1.6629800563501103,46.639868554377195,0.0012434330789155,"(46.324, 46.855]"
1425002,202.14701157844848,397.9535449901238,1425002,15.906704335826548,0.4782635779377663,15.906704335826548,0.4782635779377663,010337.60+002841.7,2.30360933241105,46.766371949968246,0.0023047518707102,46.04359114747557,0.0062249211217739,-26.917021261085917,13.106147766113281,2.30360933241105,46.766371949968246,0.0023047518707102,"(46.324, 46.855]"
1394924,144.92800430875863,272.835761932325,1394924,37.8781868529567,-0.6500422230238602,37.8781868529567,-0.6500422230238602,023130.76-003900.1,2.0919051697491122,46.3628687562524,0.0064267331200227,45.435995880393605,0.0115578233534812,-25.841536846831097,5.887253284454346,2.0919051697491122,46.3628687562524,0.0064267331200227,"(46.324, 46.855]"
1405623,32.68560255341235,193.0248858404869,1405623,30.51729206204112,0.6411319299661242,30.51729206204112,0.6411319299661242,020204.15+003828.0,2.991951541263451,46.59278940662859,0.0060606979225603,0.0,-1.0,-26.67916368787008,6.8564372062683105,2.991951541263451,46.59278940662859,0.0060606979225603,"(46.324, 46.855]"
1389158,344.6081276095366,861.750485871719,1389158,41.84809266344908,-0.4268352875355592,41.84809266344908,-0.4268352875355592,024723.54-002536.6,1.8648627850803912,46.57493892123045,0.002255007819798,45.863131692189256,0.002255007819798,-26.218041897750403,15.875378608703613,1.8648627850803912,46.57493892123045,0.002255007819798,"(46.324, 46.855]"
1390208,130.86003519423076,309.24238184183787,1390208,41.19061012627469,1.039601698930935,41.19061012627469,1.039601698930935,024445.74+010222.5,2.211528037531375,46.47176588620523,0.0045709853364677,45.86894462299419,0.0060841375000215,-26.005194218226922,9.22818374633789,2.211528037531375,46.47176588620523,0.0045709853364677,"(46.324, 46.855]"
1460458,34.449064322505144,97.56646608284863,1460458,330.6578763695855,1.2177453752083514,330.6578763695855,1.2177453752083514,220237.89+011303.8,2.8556547498659293,46.338049959962,0.0053395323348404,0.0,-1.0,-26.02115149654485,3.195115566253662,2.8556547498659293,46.338049959962,0.0053395323348404,"(46.324, 46.855]"
1421256,17.055666658200426,59.26325219710225,1421256,18.889684887981087,0.0656427931504349,18.889684887981087,0.0656427931504349,011533.52+000356.3,2.638430580239093,46.583353706584454,0.0040747363554203,0.0,-1.0,-26.439785063668268,6.75314474105835,2.638430580239093,46.583353706584454,0.0040747363554203,"(46.324, 46.855]"
1446242,35.077495680422025,100.5414419164554,1446242,357.75328535104063,-0.4365865713543522,357.75328535104063,-0.4365865713543522,235100.78-002611.7,2.4922207086787846,46.4510011195484,0.0050044517118372,0.0,-1.0,-25.997828489801147,5.564855575561523,2.4922207086787846,46.4510011195484,0.0050044517118372,"(46.324, 46.855]"
1440337,36.77302828885298,82.65105981281455,1440337,3.734600831159924,0.5934727112716431,3.734600831159924,0.5934727112716431,001456.30+003536.5,2.860519057178119,46.334121484046754,0.0067640017450436,0.0,-1.0,-26.350331828614298,5.561818599700928,2.860519057178119,46.334121484046754,0.0067640017450436,"(46.324, 46.855]"
1448766,256.1990787266403,919.2825974065652,1448766,352.9777583799169,-0.3715643604431403,352.9777583799169,-0.3715643604431403,233154.66-002217.6,1.8848114422139384,46.747939006147554,0.0026272086747489,46.03613177710636,0.0026272086747489,-26.847686331165562,14.145002365112305,1.8848114422139384,46.747939006147554,0.0026272086747489,"(46.324, 46.855]"
1436809,58.834072931893225,168.0315450292636,1436809,6.668427699999995,-0.097952369,6.668427699999995,-0.097952369,002640.42-000552.6,3.3147307323826802,46.465130758878324,0.0138387851132542,0.0,-1.0,1.0,4.240007400512695,3.3147307323826802,46.465130758878324,0.0138387851132542,"(46.324, 46.855]"
1406136,84.87768777289135,311.27926859729,1406136,30.139480319508465,0.4392229387971539,30.139480319508465,0.4392229387971539,020033.47+002621.2,2.8118944058417377,46.53663401459851,0.0046540442593752,0.0,-1.0,-26.583200218160354,5.329990386962891,2.8118944058417377,46.53663401459851,0.0046540442593752,"(46.324, 46.855]"
1405051,101.0190645895774,344.6237819942621,1405051,30.960299,-0.130904,30.960299,-0.130904,020350.47-000751.2,1.6447970991036496,46.33488614759607,0.0053352667834225,45.62307891855488,0.0053352667834225,-25.81456277907628,6.428785800933838,1.6447970991036496,46.33488614759607,0.0053352667834225,"(46.324, 46.855]"
1409452,130.37034056722496,307.8872893089047,1409452,27.464013,0.791677,27.464013,0.791677,014951.36+004730.0,2.076825541178583,46.347516002260726,0.0096050865552825,0.0,-1.0,-26.101198671249225,4.691380977630615,2.076825541178583,46.347516002260726,0.0096050865552825,"(46.324, 46.855]"
1394561,87.60754633023215,188.94636592826376,1394561,38.11897189108059,-0.2820173791689809,38.11897189108059,-0.2820173791689809,023228.55-001655.2,2.2150093434044145,46.33059352192434,0.0040617064194883,45.76677219035378,0.0092292465504577,-25.639555735833227,6.2613630294799805,2.2150093434044145,46.33059352192434,0.0040617064194883,"(46.324, 46.855]"
1400518,137.36049327570427,302.6769347877355,1400518,34.101662,1.084293,34.101662,1.084293,021624.39+010503.4,1.9441194669660158,46.3676160510801,0.0,45.4994165948846,0.015429664387156,-25.528635883441517,4.576155662536621,1.9441194669660158,46.3676160510801,0.0,"(46.324, 46.855]"
1424148,45.76784630823594,152.44249983067095,1424148,16.559945484311072,1.2359611480573598,16.559945484311072,1.2359611480573598,010614.38+011409.4,1.3554735774238946,46.35957052349044,0.0013321682861153,45.64776329444925,0.0013321682861153,-25.690005288863155,14.12214183807373,1.3554735774238946,46.35957052349044,0.0013321682861153,"(46.324, 46.855]"
1405434,83.04850346491173,170.23807555386622,1405434,30.669643,-0.244029,30.669643,-0.244029,020240.71-001438.5,1.9544591417437829,46.482739051106805,0.0076602814789161,45.64634400069512,0.0142660297671355,-25.719180259093967,5.2339887619018555,1.9544591417437829,46.482739051106805,0.0076602814789161,"(46.324, 46.855]"
1450144,344.1537987349087,763.0935987166371,1450144,350.39069367171453,-1.1127495139746604,350.39069367171453,-1.1127495139746604,232133.76-010645.8,1.9989851618227126,46.787888621993794,0.0017797472108931,46.0760813929526,0.0017797472108931,-26.92967268694894,18.064041137695312,1.9989851618227126,46.787888621993794,0.0017797472108931,"(46.324, 46.855]"
1441308,795.4346278424791,1868.6225930123685,1441308,2.896123,-1.239443,2.896123,-1.239443,001135.06-011421.9,1.8698592795704347,46.44865229298032,0.0087432431911516,45.73684506393913,0.0087432431911516,-26.260662219663587,5.581340789794922,1.8698592795704347,46.44865229298032,0.0087432431911516,"(46.324, 46.855]"
1432745,23.25210284220206,111.6733088234172,1432745,9.85225853018352,0.4170942711020581,9.85225853018352,0.4170942711020581,003924.54+002501.5,3.291956251038505,46.65609293844441,0.0034115822531575,0.0,-1.0,-27.391669807842703,6.66596794128418,3.291956251038505,46.65609293844441,0.0034115822531575,"(46.324, 46.855]"
1449570,650.6271824807556,2029.3739172604776,1449570,351.46140127348525,-0.3667880723099859,351.46140127348525,-0.3667880723099859,232550.73-002200.4,1.0108692591431285,46.50494268837632,0.0010183385085511,45.793135459335126,0.0010183385085511,-26.32783933792459,25.291967391967773,1.0108692591431285,46.50494268837632,0.0010183385085511,"(46.324, 46.855]"
1443305,65.00176919043332,229.19769396138443,1443305,1.2517754934351617,-0.5634129909200668,1.2517754934351617,-0.5634129909200668,000500.42-003348.2,2.1745228966334267,46.81801711238602,0.0018035135621232,46.29780544885447,0.0030496531112405,-27.664318639529522,20.227649688720703,2.1745228966334267,46.81801711238602,0.0018035135621232,"(46.324, 46.855]"
1407860,12.37094096502472,39.43727498120148,1407860,28.721880662778403,0.7883115938457138,28.721880662778403,0.7883115938457138,015453.25+004717.9,2.8107124498043468,46.718788575972575,0.0024808990410747,0.0,-1.0,-26.81210545585477,9.524629592895508,2.8107124498043468,46.718788575972575,0.0024808990410747,"(46.324, 46.855]"
1446896,186.41666344258147,563.3499425304647,1446896,356.5904984501306,-0.546857405011773,356.5904984501306,-0.546857405011773,234621.71-003248.6,1.2052310904954882,46.32411124384504,0.0013393798530962,45.61230401480385,0.0013393798530962,-26.02063139659735,21.61406707763672,1.2052310904954882,46.32411124384504,0.0013393798530962,"(46.324, 46.855]"
1428441,82.96841333056904,153.09218948856022,1428441,13.106020311577254,0.714193708275949,13.106020311577254,0.714193708275949,005225.44+004251.0,2.934260191910036,46.82281583232523,0.003301382708404,0.0,-1.0,-26.99885567807265,9.148898124694824,2.934260191910036,46.82281583232523,0.003301382708404,"(46.324, 46.855]"
1422258,24.3161949755984,80.05155563632871,1422258,18.07940540231857,0.6132805637311118,18.07940540231857,0.6132805637311118,011219.05+003647.8,3.0063883220417433,46.360240713519055,0.0078010264140431,0.0,-1.0,-26.30253720915935,3.766061544418335,3.0063883220417433,46.360240713519055,0.0078010264140431,"(46.324, 46.855]"
1456275,89.48857347563796,252.33522481016365,1456275,338.5787056471076,-0.9267435336752778,338.5787056471076,-0.9267435336752778,223418.88-005536.2,2.3999494087795132,46.51158248204493,0.0037185004375537,45.78129816225855,0.0360713830664671,-25.84993480642074,7.407638072967529,2.3999494087795132,46.51158248204493,0.0037185004375537,"(46.324, 46.855]"
1451304,105.74425746143028,291.2522506428476,1451304,348.19986209534125,-0.0538472846496135,348.19986209534125,-0.0538472846496135,231247.96-000313.8,2.100175212639423,46.505158793929,0.0022568346991178,45.98064101938281,0.0028280631932169,-27.032296128406237,17.971515655517578,2.100175212639423,46.505158793929,0.0022568346991178,"(46.324, 46.855]"
1398080,38.16588790660765,97.71945067090054,1398080,35.72943983239199,-0.801060128266241,35.72943983239199,-0.801060128266241,022255.06-004803.8,3.097742475531588,46.65166146147166,0.0047643476111254,0.0,-1.0,-26.563884933832117,6.053509712219238,3.097742475531588,46.65166146147166,0.0047643476111254,"(46.324, 46.855]"
1388322,83.2833359842379,202.44119937754283,1388322,42.46146260429288,-0.7067675149004383,42.46146260429288,-0.7067675149004383,024950.75-004224.3,2.318015902010458,46.51838319317133,0.00224372723682,45.99493425124573,0.0096223287227772,-26.531638926283463,9.170578956604004,2.318015902010458,46.51838319317133,0.00224372723682,"(46.324, 46.855]"
1464873,276.6040724928828,902.9047470957386,1464873,322.44636632650906,0.3406087291656327,322.44636632650906,0.3406087291656327,212947.12+002026.1,1.7278501023392414,46.61523854820618,0.0018659864444714,45.90343131916499,0.0018659864444714,-26.89726670021662,18.054746627807617,1.7278501023392414,46.61523854820618,0.0018659864444714,"(46.324, 46.855]"
1398930,483.13590132849714,746.9917792333422,1398930,35.19704298780067,0.616553308529897,35.19704298780067,0.616553308529897,022047.29+003659.5,1.2087542101014352,46.52182247230223,0.0013993282273823,45.81001524326104,0.0013993282273823,-26.5784212135801,18.91007423400879,1.2087542101014352,46.52182247230223,0.0013993282273823,"(46.324, 46.855]"
1415837,85.53225424963853,185.99318227514712,1415837,22.909123889137163,-0.1708449266351128,22.909123889137163,-0.1708449266351128,013138.18-001015.0,2.7121058255536505,46.75386462009292,0.0022424856722764,0.0,-1.0,-27.261795788058116,11.666740417480469,2.7121058255536505,46.75386462009292,0.0022424856722764,"(46.324, 46.855]"
1459368,528.7722272697421,1110.1692094944617,1459368,332.7631912348146,1.1449701591767147,332.7631912348146,1.1449701591767147,221103.16+010841.8,2.2011399217486973,46.47365945740287,0.0035328811936672,45.85762755607866,0.0066519837316363,-26.28464217349447,9.439678192138672,2.2011399217486973,46.47365945740287,0.0035328811936672,"(46.324, 46.855]"
1421212,56.06671632543673,167.52487115399737,1421212,18.91439962485545,-0.2333380330817247,18.91439962485545,-0.2333380330817247,011539.45-001400.0,2.3506541824670153,46.530256431568155,0.0042172362030186,45.84619910490573,0.0178551900801302,-26.666614233239187,7.505863666534424,2.3506541824670153,46.530256431568155,0.0042172362030186,"(46.324, 46.855]"
1439706,168.60905231618696,1152.9146597150186,1439706,4.240678308006437,0.9374033080271476,4.240678308006437,0.9374033080271476,001657.76+005614.6,1.8718535673652401,46.80357069078497,0.0017724996288386,46.09176346174378,0.0017724996288386,-27.063763800914668,14.958402633666992,1.8718535673652401,46.80357069078497,0.0017724996288386,"(46.324, 46.855]"
1446076,192.5780851574521,406.076833682909,1446076,357.9989697130283,0.7344481030086213,357.9989697130283,0.7344481030086213,235159.75+004404.0,1.98051625543551,46.76921932389991,0.0025173233446551,46.05741209485872,0.0025173233446551,-26.978153378379712,20.069490432739258,1.98051625543551,46.76921932389991,0.0025173233446551,"(46.324, 46.855]"
1441532,810.6103511405547,1600.9536011892835,1441532,2.712315,-0.525907,2.712315,-0.525907,001050.95-003133.2,2.05734718104074,46.654525558362465,0.0088066077866457,45.88701003203354,0.0211594680112803,-26.720611595361817,5.116778373718262,2.05734718104074,46.654525558362465,0.0088066077866457,"(46.324, 46.855]"
1450352,76.86804548673794,210.1312444772176,1450352,349.98570821403626,-1.0312821777073782,349.98570821403626,-1.0312821777073782,231956.57-010152.6,2.6023558492113334,46.379867611159554,0.0050678892942066,0.0,-1.0,-26.61768347295037,5.5236735343933105,2.6023558492113334,46.379867611159554,0.0050678892942066,"(46.324, 46.855]"
1431284,23.71882900694316,78.34648669812901,1431284,10.902090409645938,0.0938284516508559,10.902090409645938,0.0938284516508559,004336.50+000537.7,3.1157048087373203,46.78572002067731,0.0031930088007996,0.0,-1.0,-27.09369957137785,8.229748725891113,3.1157048087373203,46.78572002067731,0.0031930088007996,"(46.324, 46.855]"
1413485,113.72211971717736,299.4226097434761,1413485,24.581077,-0.672223,24.581077,-0.672223,013819.45-004020.0,2.06349553970944,46.51947641819138,0.0107486661679239,45.692481916521054,0.0329859970219885,-26.22039448254221,5.96476411819458,2.06349553970944,46.51947641819138,0.0107486661679239,"(46.324, 46.855]"
1412446,67.35197813499228,140.8031084566667,1412446,25.31386819989848,-0.0836061821651353,25.31386819989848,-0.0836061821651353,014115.32-000500.9,2.149515056192319,46.3659958548961,0.007490146779272,45.171342754816266,0.0254436323603286,-25.57020022003542,4.580524444580078,2.149515056192319,46.3659958548961,0.007490146779272,"(46.324, 46.855]"
1445793,24.93916385615689,84.95853592257671,1445793,358.4660954034011,-0.7377858934451343,358.4660954034011,-0.7377858934451343,235351.86-004416.0,2.8291019925276775,46.4525750805893,0.0064966089457847,0.0,-1.0,-26.512977450123966,4.49119234085083,2.8291019925276775,46.4525750805893,0.0064966089457847,"(46.324, 46.855]"
1463098,144.9194590516223,400.060339820367,1463098,325.6442911906234,-1.0621194224534298,325.6442911906234,-1.0621194224534298,214234.62-010343.6,2.231530782667438,46.48920305678199,0.0029595770932218,45.68434767168141,0.0177889661776973,-26.15836990182666,5.5473151206970215,2.231530782667438,46.48920305678199,0.0029595770932218,"(46.324, 46.855]"
1414172,266.47889623950965,618.4884516982826,1414172,24.043922279019853,0.6794552027365973,24.043922279019853,0.6794552027365973,013610.54+004046.0,2.3972616299514047,46.70650535408555,0.0040818823859183,45.56968378466807,0.0495698340510131,-25.31212755423629,6.094472408294678,2.3972616299514047,46.70650535408555,0.0040818823859183,"(46.324, 46.855]"
1431605,79.56655745147393,137.26827542030108,1431605,10.674847483403823,0.3705565394138643,10.674847483403823,0.3705565394138643,004241.96+002214.0,2.0367097448060543,46.660131212337085,0.0050376524971724,46.09302638503212,0.0047911287704245,-27.34319663394078,11.569794654846191,2.0367097448060543,46.660131212337085,0.0050376524971724,"(46.324, 46.855]"
1452118,39.24698331941216,100.06625246147811,1452118,346.6755007232425,0.2297818653811142,346.6755007232425,0.2297818653811142,230642.12+001347.2,2.4313399424063338,46.45158579171898,0.0043033294810186,45.95761556119336,0.0203972913464838,-25.995578595557607,8.276243209838867,2.4313399424063338,46.45158579171898,0.0043033294810186,"(46.324, 46.855]"
1433859,160.30506250071988,344.5386143550173,1433859,9.01515538687687,-0.4258690485366154,9.01515538687687,-0.4258690485366154,003603.63-002533.1,2.2480381191741623,46.52139426671061,0.0031586292613923,45.77342770619397,0.0099685953934454,-26.11537538722709,9.67572021484375,2.2480381191741623,46.52139426671061,0.0031586292613923,"(46.324, 46.855]"
1442408,171.79757794467469,598.1286035384646,1442408,1.9689996760258737,0.3528490586156786,1.9689996760258737,0.3528490586156786,000752.55+002110.2,1.2719256272593178,46.328074182494625,0.0021348552332121,45.61626695345343,0.0021348552332121,-26.116140686308775,16.385618209838867,1.2719256272593178,46.328074182494625,0.0021348552332121,"(46.324, 46.855]"
1456301,44.34562918275876,253.90122543496832,1456301,338.54104960955584,-0.5985632536999859,338.54104960955584,-0.5985632536999859,223409.85-003554.8,3.221001070711428,46.784512957637965,0.0047566154607672,0.0,-1.0,-26.899552504244127,7.025665283203125,3.221001070711428,46.784512957637965,0.0047566154607672,"(46.324, 46.855]"
1464848,215.0708454736493,1705.568460694471,1464848,322.4873679037672,-1.049927053009649,322.4873679037672,-1.049927053009649,212956.96-010259.7,0.9858132341752831,46.545912673248935,0.0015891269604608,45.834105444207744,0.0015891269604608,-26.45978561560067,29.35140609741211,0.9858132341752831,46.545912673248935,0.0015891269604608,"(46.324, 46.855]"
1388771,11.222058743748898,48.97136995318101,1388771,42.13301498101646,0.6284342363172476,42.13301498101646,0.6284342363172476,024831.92+003742.3,2.736307037124291,46.39250232704197,0.0042707750009931,0.0,-1.0,-25.587579052829966,5.278549671173096,2.736307037124291,46.39250232704197,0.0042707750009931,"(46.324, 46.855]"
1402634,52.00851208338447,285.1931241813029,1402634,32.64926610993073,-1.0900783369352902,32.64926610993073,-1.0900783369352902,021035.82-010524.2,1.926171784139136,46.71266509076751,0.0028237720192443,46.00085786172632,0.0028237720192443,-26.710413583436967,16.735260009765625,1.926171784139136,46.71266509076751,0.0028237720192443,"(46.324, 46.855]"
1401863,334.943352540526,714.6001461196645,1401863,33.213795707781344,1.0683311614622455,33.213795707781344,1.0683311614622455,021251.31+010405.9,1.9925131321992025,46.42683356009876,0.006292622198746,45.715026331057565,0.006292622198746,-25.97034558187089,8.50031566619873,1.9925131321992025,46.42683356009876,0.006292622198746,"(46.324, 46.855]"
1420211,47.10994257707033,123.12337370580238,1420211,19.68890636741,-0.4210467305267884,19.68890636741,-0.4210467305267884,011845.33-002515.7,2.7764185114303865,46.32908437967551,0.0067754366942374,0.0,-1.0,-26.069640445658994,3.5847065448760986,2.7764185114303865,46.32908437967551,0.0067754366942374,"(46.324, 46.855]"
1420620,127.92106355953922,310.28980150397524,1420620,19.37137096094338,0.3635096262214547,19.37137096094338,0.3635096262214547,011729.12+002148.6,2.525431811561786,46.7652682750537,0.0017473405290466,0.0,-1.0,-27.538953277592086,9.927947998046875,2.525431811561786,46.7652682750537,0.0017473405290466,"(46.324, 46.855]"
1421091,36.28598047722904,109.64525433904866,1421091,19.002992699619355,-0.0161741941637327,19.002992699619355,-0.0161741941637327,011600.71-000058.2,3.202695320171259,46.74165869349287,0.0067378809652183,0.0,-1.0,-26.863613906385126,6.315457820892334,3.202695320171259,46.74165869349287,0.0067378809652183,"(46.324, 46.855]"
1439839,16.342963518990306,51.77071082050104,1439839,4.135157763858899,0.2393406317760124,4.135157763858899,0.2393406317760124,001632.43+001421.6,3.335662510674942,46.774409036163156,0.0042360389569324,0.0,-1.0,-27.000526824266853,7.445091724395752,3.335662510674942,46.774409036163156,0.0042360389569324,"(46.324, 46.855]"
1431367,39.04762103825613,119.16636399142358,1431367,10.843198730995269,-0.2288214650976204,10.843198730995269,-0.2288214650976204,004322.36-001343.7,1.59565997120974,46.42476848515004,0.0025775766412436,45.71296125610885,0.0025775766412436,-26.39834235567389,13.408041954040527,1.59565997120974,46.42476848515004,0.0025775766412436,"(46.324, 46.855]"
1405212,23.200335715741737,190.6980635563021,1405212,30.837744875547287,0.3122838089455479,30.837744875547287,0.3122838089455479,020321.05+001844.2,2.9041713680417263,46.44325307900818,0.0089760514988945,0.0,-1.0,-26.4422286451447,5.366332054138184,2.9041713680417263,46.44325307900818,0.0089760514988945,"(46.324, 46.855]"
1388637,381.693583306446,1228.4255864022207,1388637,42.23557497087296,-0.9344978300524868,42.23557497087296,-0.9344978300524868,024856.53-005604.1,1.7169923820292365,46.77389373164093,0.0012397362143303,46.06208650259974,0.0012397362143303,-26.634347710606775,22.165861129760742,1.7169923820292365,46.77389373164093,0.0012397362143303,"(46.324, 46.855]"
1397226,12.302459253153945,45.97155304619909,1397226,36.33125486708319,0.8065851750162302,36.33125486708319,0.8065851750162302,022519.50+004823.7,2.824483106129837,46.37779596302001,0.007432060935681,0.0,-1.0,-26.024062066294572,5.312676906585693,2.824483106129837,46.37779596302001,0.007432060935681,"(46.324, 46.855]"
1446196,188.54247138165448,457.3930621851457,1446196,357.83421650827387,0.3471288053210356,357.83421650827387,0.3471288053210356,235120.21+002049.6,1.7517781594628252,46.354304687691425,0.0036894262038877,45.64249745865023,0.0036894262038877,-26.024008118081017,11.392817497253418,1.7517781594628252,46.354304687691425,0.0036894262038877,"(46.324, 46.855]"
1432121,21.59564856703744,57.10447176403675,1432121,10.308846983663273,-0.198172042519745,10.308846983663273,-0.198172042519745,004114.12-001153.4,2.9323887337039207,46.350476065027294,0.0095343511830918,0.0,-1.0,-26.02718703932868,3.8372433185577393,2.9323887337039207,46.350476065027294,0.0095343511830918,"(46.324, 46.855]"
1444150,91.69717559664817,286.2900002121042,1444150,0.5503094525286656,-0.8858635585846057,0.5503094525286656,-0.8858635585846057,000212.07-005309.1,2.2081126668215285,46.35149384559151,0.004087317141991,45.71253092167386,0.0150317828664476,-26.636969632680803,6.583889961242676,2.2081126668215285,46.35149384559151,0.004087317141991,"(46.324, 46.855]"
1452467,887.1145355627048,2021.7210438745583,1452467,346.013358,0.029755,346.013358,0.029755,230403.20+000147.1,1.5945031143577855,46.344741253642425,0.0046511197600445,45.632934024601234,0.0046511197600445,-25.939623248933295,7.719684600830078,1.5945031143577855,46.344741253642425,0.0046511197600445,"(46.324, 46.855]"
1463029,71.3730472614041,210.88948997512972,1463029,325.73868,1.173349,325.73868,1.173349,214257.28+011024.0,1.72658000083928,46.5104525019724,0.0052915458043791,45.79864527293121,0.0052915458043791,-26.358843275115916,9.54221248626709,1.72658000083928,46.5104525019724,0.0052915458043791,"(46.324, 46.855]"
1395437,116.60200225244138,639.9326136805026,1395437,37.54701448938954,0.98711133687644,37.54701448938954,0.98711133687644,023011.28+005913.6,2.485936655136895,46.81988181565768,0.0030594595428929,0.0,-1.0,-27.649930000626245,13.177647590637207,2.485936655136895,46.81988181565768,0.0030594595428929,"(46.324, 46.855]"
1434015,57.584146825648205,133.71356344719453,1434015,8.910555836476338,-1.178941044225963,8.910555836476338,-1.178941044225963,003538.53-011044.1,2.635782678659681,46.32678949153588,0.0052118263873026,0.0,-1.0,-25.34800334236283,3.42439866065979,2.635782678659681,46.32678949153588,0.0052118263873026,"(46.324, 46.855]"
1445701,109.59214415691,310.69318382003485,1445701,358.6264520428437,-0.3538844071803184,358.6264520428437,-0.3538844071803184,235430.34-002113.9,2.2250514022927765,46.517766159493846,0.0027951503928136,45.78773680029865,0.0048775173489872,-26.859013545452378,8.385123252868652,2.2250514022927765,46.517766159493846,0.0027951503928136,"(46.324, 46.855]"
1445224,87.21243234285564,194.9241486847057,1445224,359.3623261946273,-0.4052589920561466,359.3623261946273,-0.4052589920561466,235726.95-002418.9,2.9024505399508658,46.5767758658453,0.004407137138525,0.0,-1.0,-26.52664011821628,5.348327159881592,2.9024505399508658,46.5767758658453,0.004407137138525,"(46.324, 46.855]"
1437838,20.44994527867464,85.96100489141276,1437838,5.820845107354921,-1.1688874102894564,5.820845107354921,-1.1688874102894564,002317.00-011007.9,2.637383791337619,46.424343390050865,0.0089199835085764,0.0,-1.0,-25.75442659494452,4.484033584594727,2.637383791337619,46.424343390050865,0.0089199835085764,"(46.324, 46.855]"
1442017,57.039656582440365,146.61293522849047,1442017,2.278908511089867,0.5479775557055668,2.278908511089867,0.5479775557055668,000906.93+003252.7,2.674393132058765,46.41436055886814,0.0064959219198534,0.0,-1.0,-26.453897523624597,5.1576056480407715,2.674393132058765,46.41436055886814,0.0064959219198534,"(46.324, 46.855]"
1446509,150.61272606034572,380.3243381269435,1446509,357.2708300311632,-0.4342213020768639,357.2708300311632,-0.4342213020768639,234904.99-002603.1,2.2079353222678977,46.45257507003074,0.0022265768727116,45.52658144740156,0.0136188120723907,-26.745255383441812,6.634411334991455,2.2079353222678977,46.45257507003074,0.0022265768727116,"(46.324, 46.855]"
1407494,229.94751006163764,502.1324588974988,1407494,29.000662683292376,-0.6538721937311869,29.000662683292376,-0.6538721937311869,015600.15-003913.9,2.4378549531194684,46.69595607581016,0.0024003017044549,46.197606462692846,0.0198496240950412,-27.655615730953816,11.568585395812988,2.4378549531194684,46.69595607581016,0.0024003017044549,"(46.324, 46.855]"
1447291,447.6908549522745,1061.0615018581684,1447291,355.681506,0.514421,355.681506,0.514421,234243.56+003051.9,1.971811507189715,46.3405118688108,0.0184092708659484,45.70510818969114,0.0129453225587639,-25.874553585164236,4.705117225646973,1.971811507189715,46.3405118688108,0.0184092708659484,"(46.324, 46.855]"
1414680,151.9024117000065,374.68918101983706,1414680,23.6936458725542,-0.781137481981157,23.6936458725542,-0.781137481981157,013446.47-004652.0,1.3534485150110298,46.55469196071106,0.0015818738250352,45.84288473166987,0.0015818738250352,-25.775649455332882,19.434612274169922,1.3534485150110298,46.55469196071106,0.0015818738250352,"(46.324, 46.855]"
1396263,115.21937233462138,234.7043871861064,1396263,37.00267776403363,0.4532341076003645,37.00267776403363,0.4532341076003645,022800.64+002711.6,2.3979723842448672,46.58952826657197,0.0032860959916369,45.86272206196868,0.011164626459184,-26.645070838329936,13.523470878601074,2.3979723842448672,46.58952826657197,0.0032860959916369,"(46.324, 46.855]"
1451450,406.1628336818171,1663.6310404931282,1451450,347.9495705280644,0.4950067388004592,347.9495705280644,0.4950067388004592,231147.89+002942.0,1.9000010578657016,46.6582499508767,0.0037339865329961,45.94644272183551,0.0037339865329961,-26.778251468221825,12.90718936920166,1.9000010578657016,46.6582499508767,0.0037339865329961,"(46.324, 46.855]"
1445494,79.75193623158269,209.11957470822944,1445494,358.9717943498621,-1.2180843846637357,358.9717943498621,-1.2180843846637357,235553.23-011305.1,2.0628222862212433,46.639035817402025,0.0023088114759737,46.09347988050587,0.0022913528312074,-26.85166719925018,19.10012435913086,2.0628222862212433,46.639035817402025,0.0023088114759737,"(46.324, 46.855]"
1437029,24.493744798315326,320.1306673563533,1437029,6.493394164796939,-1.0353471311269666,6.493394164796939,-1.0353471311269666,002558.41-010207.2,2.199289508133058,46.423551050839336,0.0045394625978403,46.00223687264209,0.0036868964682952,-26.81189480010812,11.99636459350586,2.199289508133058,46.423551050839336,0.0045394625978403,"(46.324, 46.855]"
1406515,373.25252845409966,1293.6672536943815,1406515,29.815568393868222,0.8818886403750938,29.815568393868222,0.8818886403750938,015915.73+005254.7,1.7930424386239328,46.366299606533744,0.0045276183012852,45.65449237749255,0.0045276183012852,-26.41807588926723,10.003406524658203,1.7930424386239328,46.366299606533744,0.0045276183012852,"(46.324, 46.855]"
1444427,40.31735023829567,158.35312321856514,1444427,0.3255682839779297,-0.8540859527641801,0.3255682839779297,-0.8540859527641801,000118.13-005114.7,3.0545753536171945,46.74697626561751,0.0042060100488789,0.0,-1.0,-27.502125789337065,8.0159912109375,3.0545753536171945,46.74697626561751,0.0042060100488789,"(46.324, 46.855]"
1425837,15.842385489659597,50.45617208129618,1425837,15.25421715297074,0.6551491359989854,15.25421715297074,0.6551491359989854,010101.01+003918.5,3.0262771626701,46.483679556042674,0.0068491269035391,0.0,-1.0,-26.492304217581776,5.0202412605285645,3.0262771626701,46.483679556042674,0.0068491269035391,"(46.324, 46.855]"
1449376,396.4490872255105,929.7184953049308,1449376,351.8017525287817,-0.3043822934413712,351.8017525287817,-0.3043822934413712,232712.42-001815.7,0.9460245675650382,46.37100289674445,0.0017316516015313,45.65919566770326,0.0017316516015313,-26.033880126193328,25.929466247558594,0.9460245675650382,46.37100289674445,0.0017316516015313,"(46.324, 46.855]"
1462814,774.6309608328136,2180.3538915331314,1462814,326.098476971976,-0.3693525353386968,326.098476971976,-0.3693525353386968,214423.63-002209.6,1.2998169416584893,46.66966183542675,0.0007872230688974,45.95785460638556,0.0007872230688974,-26.88237976307861,31.272886276245117,1.2998169416584893,46.66966183542675,0.0007872230688974,"(46.324, 46.855]"
1419226,225.41638144829963,396.1077499897865,1419226,20.386804759834625,0.1079688994203073,20.386804759834625,0.1079688994203073,012132.83+000628.6,2.185624327106815,46.49908022591006,0.0042184896649608,46.01489052658558,0.0027375790883041,-26.105035284954013,10.310758590698242,2.185624327106815,46.49908022591006,0.0042184896649608,"(46.324, 46.855]"
1438703,105.4761482261218,409.538577218643,1438703,5.064945,-0.23677,5.064945,-0.23677,002015.58-001412.3,1.7025141939352584,46.407262706365366,0.0083823760642474,45.695455477324174,0.0083823760642474,-26.008045966864138,3.6408591270446777,1.7025141939352584,46.407262706365366,0.0083823760642474,"(46.324, 46.855]"
1402823,17.247029860863826,60.32169124191229,1402823,32.50959289433789,-1.2148045587764154,32.50959289433789,-1.2148045587764154,021002.30-011253.2,2.786758207243319,46.34622406777332,0.0106755173803385,0.0,-1.0,-26.449909743566423,3.8347818851470947,2.786758207243319,46.34622406777332,0.0106755173803385,"(46.324, 46.855]"
1390096,35.678003985987665,85.63979250957412,1390096,41.260905713269366,-0.761570772198386,41.260905713269366,-0.761570772198386,024502.61-004541.6,2.7546815184121254,46.550941928788774,0.0033671882467629,0.0,-1.0,-26.98309586898872,7.333575248718262,2.7546815184121254,46.550941928788774,0.0033671882467629,"(46.324, 46.855]"
1414917,19.93366140016899,132.766104835813,1414917,23.551229840257463,-0.5011431579833345,23.551229840257463,-0.5011431579833345,013412.29-003004.1,2.9568007202784794,46.62483976327558,0.0044524884801973,0.0,-1.0,-26.7836400985701,5.994677543640137,2.9568007202784794,46.62483976327558,0.0044524884801973,"(46.324, 46.855]"
1465850,178.7206656430778,570.3126797466755,1465850,320.7624002696049,-0.3927227737901257,320.7624002696049,-0.3927227737901257,212302.97-002333.8,2.3308696781828697,46.84434062123806,0.0017628416237478,46.04101817151762,0.0125658636875485,-27.172295305824946,15.588566780090332,2.3308696781828697,46.84434062123806,0.0017628416237478,"(46.324, 46.855]"
1403056,70.00653206991241,256.97382292902427,1403056,32.339772092648865,-0.8681401447627813,32.339772092648865,-0.8681401447627813,020921.54-005205.3,2.1753741359095526,46.35842018961301,0.0028388589543482,45.25597296310365,0.0177408769936562,-26.263233240304633,6.847224235534668,2.1753741359095526,46.35842018961301,0.0028388589543482,"(46.324, 46.855]"
1452946,168.9457357531354,563.9956314647445,1452946,345.1418658524409,-0.8170864995106597,345.1418658524409,-0.8170864995106597,230034.04-004901.5,2.2109883747748436,46.81431967047059,0.0010733781607008,46.333799322424056,0.0030863036926902,-27.06026902177253,23.12374496459961,2.2109883747748436,46.81431967047059,0.0010733781607008,"(46.324, 46.855]"
1404917,96.66866200073092,270.00081655816507,1404917,31.042421,-1.051595,31.042421,-1.051595,020410.18-010305.7,2.024490816465801,46.48311729064847,0.0097025500417977,45.71695919392171,0.0188704273604827,-26.241546974249008,5.920356273651123,2.024490816465801,46.48311729064847,0.0097025500417977,"(46.324, 46.855]"
1448823,72.93255117210823,124.44144462542238,1448823,352.882954,-0.327823,352.882954,-0.327823,233131.90-001940.1,1.8556243191260182,46.59785881930786,0.0089196587401758,45.88605159026667,0.0089196587401758,-26.41361956086245,5.156368255615234,1.8556243191260182,46.59785881930786,0.0089196587401758,"(46.324, 46.855]"
1424370,53.540597192561535,147.8011698904027,1424370,16.38793568575437,0.7558316131918168,16.38793568575437,0.7558316131918168,010533.10+004520.9,2.483912315803912,46.42378318277364,0.0049954481626706,0.0,-1.0,-26.51944621134347,6.468293190002441,2.483912315803912,46.42378318277364,0.0049954481626706,"(46.324, 46.855]"
1394905,21.925491174733608,84.96940332999476,1394905,37.890546651369846,0.2631462000702683,37.890546651369846,0.2631462000702683,023133.73+001547.3,3.4969401766903996,46.61552531104288,0.008867144756838,0.0,-1.0,-26.782497761972902,4.280811309814453,3.4969401766903996,46.61552531104288,0.008867144756838,"(46.324, 46.855]"
1449415,97.37870587520663,282.03659900500264,1449415,351.7344810267376,-0.8964613220020922,351.7344810267376,-0.8964613220020922,232656.27-005347.2,2.7258164522526367,46.33926180081223,0.0073439976475597,0.0,-1.0,-25.34761905082035,3.025824785232544,2.7258164522526367,46.33926180081223,0.0073439976475597,"(46.324, 46.855]"
1448064,119.50811789225251,802.2291705185518,1448064,354.2435715179708,1.08663320098279,354.2435715179708,1.08663320098279,233658.45+010511.8,1.0955734951695018,46.640476279043945,0.0014443609214573,45.92866905000275,0.0014443609214573,-26.441921201508002,30.686012268066406,1.0955734951695018,46.640476279043945,0.0014443609214573,"(46.324, 46.855]"
1396368,54.83352784842568,296.67018789795407,1396368,36.928472858015056,0.6674956159139251,36.928472858015056,0.6674956159139251,022742.83+004002.9,1.900255390679855,46.32647570701416,0.0053594727398618,45.61466847797297,0.0053594727398618,-26.154702567211842,10.587353706359863,1.900255390679855,46.32647570701416,0.0053594727398618,"(46.324, 46.855]"
1405174,104.12838822865756,252.2037469973361,1405174,30.8681389767072,0.7061765601854617,30.8681389767072,0.7061765601854617,020328.35+004222.2,2.167641363285438,46.383063151360076,0.0061670642983067,45.4788135416704,0.0194574395642135,-25.64644848696525,6.057467460632324,2.167641363285438,46.383063151360076,0.0061670642983067,"(46.324, 46.855]"
1447744,43.67716195559953,328.1893819613603,1447744,354.7894251955321,0.642032798418877,354.7894251955321,0.642032798418877,233909.46+003831.3,1.258739660645394,46.38536207190226,0.0014711302920176,45.673554842861066,0.0014711302920176,-26.203025140496536,18.642032623291016,1.258739660645394,46.38536207190226,0.0014711302920176,"(46.324, 46.855]"
1421984,74.63576691730414,160.60860105174203,1421984,18.288293354804413,1.033815121276907,18.288293354804413,1.033815121276907,011309.19+010201.7,2.607687251948644,46.43189425777244,0.0046553894959409,0.0,-1.0,-26.067691976334114,5.293078899383545,2.607687251948644,46.43189425777244,0.0046553894959409,"(46.324, 46.855]"
1419392,35.02542956611433,82.54273398913483,1419392,20.25659622702504,0.3507215027210764,20.25659622702504,0.3507215027210764,012101.58+002102.5,2.3759514977701404,46.41364560174256,0.0041969910508683,45.85721780427227,0.0133107782652572,-25.953434050596087,6.37481164932251,2.3759514977701404,46.41364560174256,0.0041969910508683,"(46.324, 46.855]"
1405280,61.214545690453896,211.8105099121377,1405280,30.785593712560285,0.9405903205708808,30.785593712560285,0.9405903205708808,020308.54+005626.1,3.0642504501426595,46.54879594375821,0.0063342141731297,0.0,-1.0,-26.337836323552086,5.1440863609313965,3.0642504501426595,46.54879594375821,0.0063342141731297,"(46.324, 46.855]"
1426953,232.01381053278627,732.6936547071097,1426953,14.322354156112295,-0.0203699992370838,14.322354156112295,-0.0203699992370838,005717.36-000113.3,2.1559517479502146,46.72202360414165,0.0029185930755701,45.941319358949485,0.0127658624719231,-27.01834721369386,15.760370254516602,2.1559517479502146,46.72202360414165,0.0029185930755701,"(46.324, 46.855]"
1436379,182.95063425930925,351.3042024590817,1436379,7.020586672641173,1.177978617911298,7.020586672641173,1.177978617911298,002804.94+011040.7,2.681785015640983,46.77719873167559,0.0015928923474,0.0,-1.0,-26.641728113914862,10.655922889709473,2.681785015640983,46.77719873167559,0.0015928923474,"(46.324, 46.855]"
1452351,483.8005019415942,2276.2424046706737,1452351,346.2042014687128,-1.0140819363281082,346.2042014687128,-1.0140819363281082,230449.00-010050.6,0.8554425727614048,46.41309987897418,0.0023007779415564,45.70129264993299,0.0023007779415564,-26.34576548113353,47.47808074951172,0.8554425727614048,46.41309987897418,0.0023007779415564,"(46.324, 46.855]"
1445735,151.7884715956503,469.6480804165597,1445735,358.553888,-0.144824,358.553888,-0.144824,235412.93-000841.3,1.8040239362585229,46.36558285998742,0.0135130800966756,45.65377563094623,0.0135130800966756,-26.023280843640713,5.204720497131348,1.8040239362585229,46.36558285998742,0.0135130800966756,"(46.324, 46.855]"
1445457,835.0147555444327,3294.865023595869,1445457,359.0180448957425,0.4591829489258383,359.0180448957425,0.4591829489258383,235604.33+002733.0,1.4095311707251075,46.588083047278225,0.0017554623139588,45.87627581823703,0.0017554623139588,-26.265041716105454,25.52897834777832,1.4095311707251075,46.588083047278225,0.0017554623139588,"(46.324, 46.855]"
1445396,1540.0434113351405,3797.385060852212,1445396,359.1073860302703,0.7724484349794027,359.1073860302703,0.7724484349794027,235625.77+004620.8,1.6086658203842048,46.77850850158767,0.0010008468175755,46.06670127254648,0.0010008468175755,-26.481362646534052,28.14607048034668,1.6086658203842048,46.77850850158767,0.0010008468175755,"(46.324, 46.855]"
1404740,134.09153495710777,290.0235057493385,1404740,31.17335322932523,0.173933940395806,31.17335322932523,0.173933940395806,020441.60+001026.1,2.177983590395505,46.464153836362655,0.0054539745574118,45.86083789058085,0.017951581075188,-26.474734241031047,12.725183486938477,2.177983590395505,46.464153836362655,0.0054539745574118,"(46.324, 46.855]"
1447807,42.3369477791819,92.82256245986,1447807,354.6800299993897,0.1538437067014469,354.6800299993897,0.1538437067014469,233843.20+000913.8,1.9228275970889492,46.401948468809984,0.0072410884219529,45.69014123976879,0.0072410884219529,-25.383559303025912,4.894407272338867,1.9228275970889492,46.401948468809984,0.0072410884219529,"(46.324, 46.855]"
1417135,87.72404298901044,177.54610313040672,1417135,21.973745927609663,0.4212431050973036,21.973745927609663,0.4212431050973036,012753.69+002516.4,2.458760054455333,46.40544678876156,0.004125590939747,45.79475133705445,0.0463953822165592,-25.87849835937698,6.017426013946533,2.458760054455333,46.40544678876156,0.004125590939747,"(46.324, 46.855]"
1459482,32.32792168242547,128.60696166440795,1459482,332.57614018228503,0.9755989204688892,332.57614018228503,0.9755989204688892,221018.27+005832.1,3.38312028081687,46.38412694740216,0.0140440506749079,0.0,-1.0,-26.706049395238853,3.9641573429107666,3.38312028081687,46.38412694740216,0.0140440506749079,"(46.324, 46.855]"
1394863,11.622659441871276,59.59173546276753,1394863,37.92129958324256,0.2928041618708031,37.92129958324256,0.2928041618708031,023141.11+001734.0,3.3548636480341982,46.505227795416744,0.0094187008766191,0.0,-1.0,-25.99369252885754,3.949467420578003,3.3548636480341982,46.505227795416744,0.0094187008766191,"(46.324, 46.855]"
1421434,249.32866737345893,534.5670566743707,1421434,18.731272562639536,0.1360182967035059,18.731272562639536,0.1360182967035059,011455.50+000809.6,1.8973257214479355,46.412329074340185,0.0066594782712421,45.700521845298994,0.0066594782712421,-24.92531083630214,7.285478115081787,1.8973257214479355,46.412329074340185,0.0066594782712421,"(46.324, 46.855]"
1448038,229.2096444341356,706.2136491331917,1448038,354.2801462963887,0.335218907953893,354.2801462963887,0.335218907953893,233707.23+002006.7,1.9078514058935385,46.46554372277153,0.0047796079723028,45.75373649373034,0.0047796079723028,-26.564053499929273,11.97743034362793,1.9078514058935385,46.46554372277153,0.0047796079723028,"(46.324, 46.855]"
1426405,43.41159977516966,126.51293668478002,1426405,14.80545360850304,0.8513955704740277,14.80545360850304,0.8513955704740277,005913.30+005105.0,3.03537786269005,46.51441351070074,0.010555297159172,0.0,-1.0,-26.72983952079841,3.735405206680298,3.03537786269005,46.51441351070074,0.010555297159172,"(46.324, 46.855]"
1415222,344.45134154556183,432.788787115322,1415222,23.351221,-1.092256,23.351221,-1.092256,013324.29-010532.1,1.8539756869832924,46.56460833621832,0.0068146443246419,45.85280110717713,0.0068146443246419,-26.87757821725277,6.402904510498047,1.8539756869832924,46.56460833621832,0.0068146443246419,"(46.324, 46.855]"
1452818,58.50943400268134,176.2450024687923,1452818,345.3551497944226,-0.1388916508446959,345.3551497944226,-0.1388916508446959,230125.23-000820.0,1.6017237788812175,46.58266712126656,0.0010851203610364,45.87085989222537,0.0010851203610364,-26.195208961575396,20.53030776977539,1.6017237788812175,46.58266712126656,0.0010851203610364,"(46.324, 46.855]"
1396768,105.7492879842839,510.0534268622373,1396768,36.63546792622028,-0.6448486354725129,36.63546792622028,-0.6448486354725129,022632.51-003841.4,2.359388261965949,46.813193134665475,0.0017051397607517,46.167097849686826,0.0286581396622835,-27.452287582444058,10.683366775512695,2.359388261965949,46.813193134665475,0.0017051397607517,"(46.324, 46.855]"
1395525,23.73585002592616,84.68847198450896,1395525,37.47228942221801,0.2950660078653441,37.47228942221801,0.2950660078653441,022953.34+001742.2,2.1168734976560137,46.32420610490702,0.0050322510699238,45.55962137729318,0.0097536269957956,-25.41672305478451,7.437572002410889,2.1168734976560137,46.32420610490702,0.0050322510699238,"(46.324, 46.855]"
1405329,201.5995215775051,531.4244023281329,1405329,30.747271256054496,0.8854062662082702,30.747271256054496,0.8854062662082702,020259.34+005307.4,2.3417949626710377,46.54059414194495,0.0032455910906108,45.9282146903045,0.0118970659651154,-26.115486445714524,9.346953392028809,2.3417949626710377,46.54059414194495,0.0032455910906108,"(46.324, 46.855]"
1439510,118.22451475813764,486.6027075114853,1439510,4.394941284387295,-0.3189918579653212,4.394941284387295,-0.3189918579653212,001734.78-001908.3,2.100208142557292,46.588348689368864,0.003044497666341,45.939486075295655,0.0039808432562047,-26.86342687387911,12.466639518737793,2.100208142557292,46.588348689368864,0.003044497666341,"(46.324, 46.855]"
1431168,76.73382086300225,193.90321238400315,1431168,10.98803846530518,1.2382704258694577,10.98803846530518,1.2382704258694577,004357.12+011417.7,2.6802915998685224,46.72294756726524,0.0037253592474328,0.0,-1.0,-26.899753408339993,9.549803733825684,2.6802915998685224,46.72294756726524,0.0037253592474328,"(46.324, 46.855]"
1395618,40.60945792921535,153.1404233659926,1395618,37.41190972702967,0.6335479881930646,37.41190972702967,0.6335479881930646,022938.85+003800.7,2.828788188477595,46.513170534083464,0.003232004144511,0.0,-1.0,-26.150276020423004,8.024075508117676,2.828788188477595,46.513170534083464,0.003232004144511,"(46.324, 46.855]"
1394711,28.491070494782008,99.15621817178062,1394711,38.01878626650296,0.5744155105585318,38.01878626650296,0.5744155105585318,023204.50+003427.8,2.718578160637251,46.33736766776176,0.0062854563589418,0.0,-1.0,-25.06531806562853,3.812209129333496,2.718578160637251,46.33736766776176,0.0062854563589418,"(46.324, 46.855]"
1463173,47.2976381013852,194.733687833184,1463173,325.5151300826659,0.1766756961800686,325.5151300826659,0.1766756961800686,214203.63+001036.0,2.895474779033783,46.803124026907575,0.0031926109766899,0.0,-1.0,-26.824425106566117,10.725975036621094,2.895474779033783,46.803124026907575,0.0031926109766899,"(46.324, 46.855]"
1467919,396.7407693909488,2529.29114093388,1467919,310.770061,-0.63512,310.770061,-0.63512,204304.81-003806.4,1.162970716809978,46.363975828691004,0.0021847227822924,45.65216859964981,0.0021847227822924,-26.101144465159564,10.3521089553833,1.162970716809978,46.363975828691004,0.0021847227822924,"(46.324, 46.855]"
1458626,41.66298093160263,125.2754812659876,1458626,334.153401975367,1.067144187074803,334.153401975367,1.067144187074803,221636.81+010401.7,3.064014713583555,46.74912786347989,0.0026605445297143,0.0,-1.0,-26.860017089447563,8.726258277893066,3.064014713583555,46.74912786347989,0.0026605445297143,"(46.324, 46.855]"
1428794,126.28879315981452,308.8167933308161,1428794,12.789549,0.644176,12.789549,0.644176,005109.49+003839.0,1.934402422662925,46.40757285262392,0.0,45.514311490704536,0.0202014706858228,-26.0272343302585,4.2078447341918945,1.934402422662925,46.40757285262392,0.0,"(46.324, 46.855]"
1390226,25.64567134447527,108.39159875830444,1390226,41.17745713209587,-0.3890227766224282,41.17745713209587,-0.3890227766224282,024442.58-002320.4,3.032643778864087,46.52101365908434,0.0063504231745383,0.0,-1.0,-27.297624423313334,4.243672847747803,3.032643778864087,46.52101365908434,0.0063504231745383,"(46.324, 46.855]"
1409473,101.03195732914983,351.4334045009118,1409473,27.450067,-0.962124,27.450067,-0.962124,014948.01-005743.6,2.041460293701174,46.462194837249704,0.0120683321232633,45.68281392049387,0.0339146596204287,-26.07350219911083,5.030767440795898,2.041460293701174,46.462194837249704,0.0120683321232633,"(46.324, 46.855]"
1466645,87.65279080717843,244.105441699242,1466645,319.15852538149426,-1.2417795734689898,319.15852538149426,-1.2417795734689898,211638.04-011430.4,2.092769607621832,46.55549053124896,0.0051846316982349,45.75184061726567,0.0089966789568478,-25.726574556710275,7.2521820068359375,2.092769607621832,46.55549053124896,0.0051846316982349,"(46.324, 46.855]"
1455592,216.3858773132268,474.4394323649792,1455592,339.9615114905054,-0.510763536826547,339.9615114905054,-0.510763536826547,223950.76-003038.7,1.903411548063555,46.421801954034144,0.0056587057338859,45.70999472499295,0.0056587057338859,-25.9083687012425,8.8080472946167,1.903411548063555,46.421801954034144,0.0056587057338859,"(46.324, 46.855]"
1420329,24.627210298481938,78.49043091746888,1420329,19.6021291402805,-0.2518093424780198,19.6021291402805,-0.2518093424780198,011824.51-001506.5,1.3529739728107457,46.370531180943786,0.001122269149917,45.658723951902594,0.001122269149917,-25.973723076003274,16.540693283081055,1.3529739728107457,46.370531180943786,0.001122269149917,"(46.324, 46.855]"
1465717,195.9129582779145,561.8577482745347,1465717,320.9670758706183,0.7969133943944281,320.9670758706183,0.7969133943944281,212352.09+004748.8,2.1039269648849688,46.773786203567035,0.0017878600127509,46.05881607161687,0.0027131133803059,-26.83063396114527,16.95147132873535,2.1039269648849688,46.773786203567035,0.0017878600127509,"(46.324, 46.855]"
1434879,78.91664165524779,292.9403322955066,1434879,8.237485,-0.436488,8.237485,-0.436488,003256.99-002611.3,2.036464378339506,46.48839642575873,0.0096331796631439,45.9141758166228,0.0134222811916799,-26.599836645843578,6.3028717041015625,2.036464378339506,46.48839642575873,0.0096331796631439,"(46.324, 46.855]"
1413571,54.06839444767781,158.34658553053458,1413571,24.50874713975508,0.6180244925176038,24.50874713975508,0.6180244925176038,013802.09+003704.8,3.039350033498657,46.49171892368286,0.0064623427288843,0.0,-1.0,-26.506756740646065,4.763611316680908,3.039350033498657,46.49171892368286,0.0064623427288843,"(46.324, 46.855]"
1415018,395.4585859938784,688.1357446711313,1415018,23.479903811232475,0.7857773308402602,23.479903811232475,0.7857773308402602,013355.17+004708.7,1.4705577104445264,46.35660727076271,0.0018503184702858,45.64480004172152,0.0018503184702858,-26.206685610527792,15.129801750183105,1.4705577104445264,46.35660727076271,0.0018503184702858,"(46.324, 46.855]"
1419793,62.17671819739572,414.44329332025154,1419793,19.958656575057915,-0.1941535239227236,19.958656575057915,-0.1941535239227236,011950.07-001138.9,1.5027500761582917,46.636106950720844,0.0018880367940212,45.92429972167965,0.0018880367940212,-26.817124849346396,12.60146713256836,1.5027500761582917,46.636106950720844,0.0018880367940212,"(46.324, 46.855]"
1401575,201.49516927947795,581.5805483778171,1401575,33.402095,-0.453575,33.402095,-0.453575,021336.50-002712.8,2.028928667940986,46.453292910968784,0.0174879356993891,45.74669927373974,0.0190263021135024,-26.497961922956364,5.05295991897583,2.028928667940986,46.453292910968784,0.0174879356993891,"(46.324, 46.855]"
1444739,24.74257593129872,160.59854995119557,1444739,0.0632144572848574,0.8092482817120394,0.0632144572848574,0.8092482817120394,000015.17+004833.2,3.0367345028744777,46.743189592165386,0.0024674929940964,0.0,-1.0,-27.691081953740174,9.052433967590332,3.0367345028744777,46.743189592165386,0.0024674929940964,"(46.324, 46.855]"
1447097,111.97524237705557,224.988403654094,1447097,356.1377843515626,-0.1897346221649333,356.1377843515626,-0.1897346221649333,234433.06-001123.0,1.470798895445184,46.42979660042222,0.0020800834142029,45.71798937138103,0.0020800834142029,-26.00159710928292,18.15540885925293,1.470798895445184,46.42979660042222,0.0020800834142029,"(46.324, 46.855]"
1417576,230.54752863541768,723.8149662282204,1417576,21.66332606681965,1.1068921173770867,21.66332606681965,1.1068921173770867,012639.19+010624.8,1.628404521777552,46.331845438015016,0.0041408166645666,45.620038208973824,0.0041408166645666,-25.904839535931796,9.035639762878418,1.628404521777552,46.331845438015016,0.0041408166645666,"(46.324, 46.855]"
1403937,53.196977484088166,129.99835119332087,1403937,31.734137,0.86795,31.734137,0.86795,020656.19+005204.6,1.9870888591232845,46.43548383956943,0.0093336802744659,45.5860239604675,0.0122499911432854,-25.924507109039293,5.574208736419678,1.9870888591232845,46.43548383956943,0.0093336802744659,"(46.324, 46.855]"
1450407,120.00120798094656,441.6717496566168,1450407,349.8766037148628,0.725253579452417,349.8766037148628,0.725253579452417,231930.38+004330.9,0.9703930760040265,46.4800471007292,0.0010457203274718,45.76823987168801,0.0010457203274718,-26.654093246552154,32.43052673339844,0.9703930760040265,46.4800471007292,0.0010457203274718,"(46.324, 46.855]"
1449721,198.04665787217493,475.0528345485906,1449721,351.15581888417944,0.2071291329000513,351.15581888417944,0.2071291329000513,232437.39+001225.6,2.3965400939527215,46.81181092563487,0.0017543667936976,46.00568455654727,0.0136290896255566,-26.85196929787361,13.939866065979004,2.3965400939527215,46.81181092563487,0.0017543667936976,"(46.324, 46.855]"
1406564,15.749922585941263,114.02351043227549,1406564,29.78009243102656,1.1146134543889137,29.78009243102656,1.1146134543889137,015907.22+010652.6,3.1065481027690107,46.55879636839461,0.0068906631146781,0.0,-1.0,-26.879387503798547,4.636655330657959,3.1065481027690107,46.55879636839461,0.0068906631146781,"(46.324, 46.855]"
1465345,71.6950384649348,304.5599840651076,1465345,321.60272,1.0520717,321.60272,1.0520717,212624.65+010307.4,2.060549371111815,46.379121825365196,0.0048458657546213,45.74210415951213,0.006769757499601,1.0,7.4408440589904785,2.060549371111815,46.379121825365196,0.0048458657546213,"(46.324, 46.855]"
1401634,362.473654385946,679.52821526852,1401634,33.363547121680625,-0.2463742122045988,33.363547121680625,-0.2463742122045988,021327.25-001446.9,2.3929106650035266,46.35065528138273,0.0042600075230616,45.65436126788972,0.0358931258836605,-26.18031422651842,4.618902206420898,2.3929106650035266,46.35065528138273,0.0042600075230616,"(46.324, 46.855]"
1399602,57.044086377371926,220.832533596456,1399602,34.717744423606234,0.0169618040026796,34.717744423606234,0.0169618040026796,021852.25+000101.0,1.8684093318496584,46.4367498659427,0.0034555508260254,45.72494263690151,0.0034555508260254,-25.756490649607514,9.338924407958984,1.8684093318496584,46.4367498659427,0.0034555508260254,"(46.324, 46.855]"
1409624,205.5148240180912,482.20974731113193,1409624,27.322783,-0.366255,27.322783,-0.366255,014917.46-002158.5,2.157645809814302,46.47836410792662,0.0055800460746375,0.0,-1.0,-26.550167855157305,6.017517566680908,2.157645809814302,46.47836410792662,0.0055800460746375,"(46.324, 46.855]"
1451905,13.881239748117196,128.27587604552173,1451905,347.1334356539626,0.4416484051346226,347.1334356539626,0.4416484051346226,230832.02+002629.9,1.7032974763272406,46.4358513689566,0.0025409793874118,45.72404413991541,0.0025409793874118,-26.285362202923174,15.889716148376465,1.7032974763272406,46.4358513689566,0.0025409793874118,"(46.324, 46.855]"
1451939,179.50378133804503,605.8354268351054,1451939,347.05063212431605,-1.0489724735199475,347.05063212431605,-1.0489724735199475,230812.15-010256.3,1.8656199200906565,46.576817978411235,0.0024587492954779,45.86501074937004,0.0024587492954779,-26.190319710863918,16.822021484375,1.8656199200906565,46.576817978411235,0.0024587492954779,"(46.324, 46.855]"
1419482,214.7816841072826,527.8381491361637,1419482,20.18673184541781,1.1351206731530754,20.18673184541781,1.1351206731530754,012044.81+010806.4,2.577008888633111,46.65052237384491,0.0044081159396398,0.0,-1.0,-26.970494765062703,7.363401412963867,2.577008888633111,46.65052237384491,0.0044081159396398,"(46.324, 46.855]"
1462900,30.40194666906492,97.67041237339168,1462900,325.965275,-0.55284,325.965275,-0.55284,214351.66-003310.2,2.0822026324988983,46.61620936516872,0.0070094419280692,0.0,-1.0,-26.457736444657197,7.318818092346191,2.0822026324988983,46.61620936516872,0.0070094419280692,"(46.324, 46.855]"
1448414,196.16014629068945,306.5330096920893,1448414,353.648877,-0.22712,353.648877,-0.22712,233435.73-001337.6,2.0271432930705418,46.62735031771797,0.0071636809171273,45.807425749485645,0.0148270961623246,-26.568704587776764,7.685512542724609,2.0271432930705418,46.62735031771797,0.0071636809171273,"(46.324, 46.855]"
1406702,63.07479266302125,170.39700592055314,1406702,29.65271940500308,-1.104250433283193,29.65271940500308,-1.104250433283193,015836.65-010615.3,2.1574895891202592,46.360147248747424,0.0052105474738119,45.36919106963399,0.013783750456831,-25.53519739605852,5.4010162353515625,2.1574895891202592,46.360147248747424,0.0052105474738119,"(46.324, 46.855]"
1405856,102.53904635845204,391.05517332556025,1405856,30.34486772145721,-0.0467548302953073,30.34486772145721,-0.0467548302953073,020122.76-000248.3,1.5127014598206758,46.40120707857747,0.0024476987206725,45.68939984953628,0.0024476987206725,-25.81940429445378,12.88581371307373,1.5127014598206758,46.40120707857747,0.0024476987206725,"(46.324, 46.855]"
1449706,529.4854779652686,1292.7844957599375,1449706,351.2015640660593,0.6100187950821844,351.2015640660593,0.6100187950821844,232448.37+003636.0,1.121512516830484,46.52699114164308,0.0018303145679929,45.81518391260189,0.0018303145679929,-26.264614653115718,26.5430965423584,1.121512516830484,46.52699114164308,0.0018303145679929,"(46.324, 46.855]"
1448467,1605.772900695231,4512.462288394437,1448467,353.54393862695434,1.1885720847905887,353.54393862695434,1.1885720847905887,233410.54+011118.8,1.0902918932741696,46.70581946127764,0.0013662924843629,45.99401223223645,0.0013662924843629,-26.742626116509605,34.32569885253906,1.0902918932741696,46.70581946127764,0.0013662924843629,"(46.324, 46.855]"
1394206,63.81985754562949,214.32611889273488,1394206,38.35900895578206,-1.1500166640615217,38.35900895578206,-1.1500166640615217,023326.16-010900.0,2.3824464394843536,46.35456993994795,0.0043777690824278,45.55719295598814,0.0675874400280349,-25.329150251706842,4.491874694824219,2.3824464394843536,46.35456993994795,0.0043777690824278,"(46.324, 46.855]"
1425630,79.69255362650578,197.9531676158863,1425630,15.420886803273447,-0.7442265980118409,15.420886803273447,-0.7442265980118409,010141.01-004439.2,2.495478010853102,46.61486882119387,0.0024813222933843,0.0,-1.0,-26.97120739706782,8.518463134765625,2.495478010853102,46.61486882119387,0.0024813222933843,"(46.324, 46.855]"
1447704,49.17694689243236,181.50820220573323,1447704,354.86649272734473,0.1662902144508665,354.86649272734473,0.1662902144508665,233927.95+000958.6,2.9325572895451226,46.34154059316029,0.0053371698435924,0.0,-1.0,-26.367278460088674,3.9909169673919678,2.9325572895451226,46.34154059316029,0.0053371698435924,"(46.324, 46.855]"
1422526,44.13104944234657,92.87286377752952,1422526,17.846485,0.609084,17.846485,0.609084,011123.15+003632.7,2.132446918689648,46.39455824776295,0.0098988594294873,0.0,-1.0,-26.160890650368444,4.811925888061523,2.132446918689648,46.39455824776295,0.0098988594294873,"(46.324, 46.855]"
1400218,104.46626963154549,330.04349444428647,1400218,34.325986,-0.917733,34.325986,-0.917733,021718.23-005503.8,1.63151939574995,46.350961603549344,0.0058729248349074,45.63915437450815,0.0058729248349074,-25.77737727582762,8.18123722076416,1.63151939574995,46.350961603549344,0.0058729248349074,"(46.324, 46.855]"
1414712,148.57613938465485,356.8833705533522,1414712,23.67009526972545,0.5987341959517651,23.67009526972545,0.5987341959517651,013440.82+003555.4,1.2832211292716302,46.33360572859019,0.001593133226617,45.621798499549,0.001593133226617,-25.725357086369147,21.791492462158203,1.2832211292716302,46.33360572859019,0.001593133226617,"(46.324, 46.855]"
1438669,35.32225681386343,123.01133026683512,1438669,5.094426071249412,0.0422181120381568,5.094426071249412,0.0422181120381568,002022.66+000231.9,2.7465897772664576,46.56753273517941,0.003811845337875,0.0,-1.0,-26.364316719981353,7.341219902038574,2.7465897772664576,46.56753273517941,0.003811845337875,"(46.324, 46.855]"
1430948,77.31203340953503,341.591240968127,1430948,11.142025392786197,0.3176409398440153,11.142025392786197,0.3176409398440153,004434.08+001903.5,1.8773446964069747,46.68115093143807,0.0022096030260847,45.96934370239688,0.0022096030260847,-26.727773497209196,17.411113739013672,1.8773446964069747,46.68115093143807,0.0022096030260847,"(46.324, 46.855]"
1419525,178.427461423363,226.1475851167408,1419525,20.1491295845526,0.9969972550468948,20.1491295845526,0.9969972550468948,012035.79+005949.1,1.922437014447119,46.722758180690406,0.002578102221701,46.010950951649214,0.002578102221701,-26.463512389990903,15.80520248413086,1.922437014447119,46.722758180690406,0.002578102221701,"(46.324, 46.855]"
1460594,421.9659270925235,1779.0923204748556,1460594,330.40326216708047,0.6127851467441868,330.40326216708047,0.6127851467441868,220136.78+003646.0,1.565630666867422,46.45849841501399,0.0017762780379513,45.7466911859728,0.0017762780379513,-25.78886134187549,15.052595138549805,1.565630666867422,46.45849841501399,0.0017762780379513,"(46.324, 46.855]"
1440431,82.52146149587149,435.5939441644885,1440431,3.6595108756427024,-1.1306094301483125,3.6595108756427024,-1.1306094301483125,001438.28-010750.1,1.805067731911902,46.66574287508024,0.0022465273586007,45.95393564603905,0.0022465273586007,-27.04058941302067,12.613385200500488,1.805067731911902,46.66574287508024,0.0022465273586007,"(46.324, 46.855]"
1413947,115.42684439706557,232.64557781913453,1413947,24.21851191005384,-0.2568355117889279,24.21851191005384,-0.2568355117889279,013652.44-001524.6,1.487313931655204,46.49611802721715,0.0020001210672191,45.78431079817596,0.0020001210672191,-26.134681644876206,13.457146644592285,1.487313931655204,46.49611802721715,0.0020001210672191,"(46.324, 46.855]"
1466359,310.912407869134,727.6786844642666,1466359,319.76800841300945,-0.2080134906058542,319.76800841300945,-0.2080134906058542,211904.32-001228.8,2.4203113576720567,46.57764127952636,0.0027385425647423,46.05369044497755,0.0192961293115772,-27.336310075961133,10.070210456848145,2.4203113576720567,46.57764127952636,0.0027385425647423,"(46.324, 46.855]"
1450340,76.96161215239849,159.89680090415465,1450340,350.013815,0.055894,350.013815,0.055894,232003.31+000321.2,1.95367610413942,46.57005249516728,0.0,45.85424353810451,0.0083672350581132,-26.615605483262346,7.65376615524292,1.95367610413942,46.57005249516728,0.0,"(46.324, 46.855]"
1451792,47.29102228147404,196.96235027744947,1451792,347.3467558681241,0.9629068843461468,347.3467558681241,0.9629068843461468,230923.22+005746.4,2.805529497433666,46.55395427992652,0.0045849949849845,0.0,-1.0,-27.072333909856248,7.741331577301025,2.805529497433666,46.55395427992652,0.0045849949849845,"(46.324, 46.855]"
1441631,32.723106607048535,174.25504251219513,1441631,2.607958661998083,0.9132327615971388,2.607958661998083,0.9132327615971388,001025.91+005447.6,2.8632235010493003,46.84796340396848,0.0032624386258603,0.0,-1.0,-27.79819006190068,12.75214958190918,2.8632235010493003,46.84796340396848,0.0032624386258603,"(46.324, 46.855]"
1455642,37.09238015970056,786.5827323421985,1455642,339.8636869741296,-1.071554993631605,339.8636869741296,-1.071554993631605,223927.28-010417.5,2.5821071712805015,46.4647747441214,0.00302333693811,0.0,-1.0,-27.052259237107826,8.573247909545898,2.5821071712805015,46.4647747441214,0.00302333693811,"(46.324, 46.855]"
1426092,62.88964543598068,204.28580592753025,1426092,15.061433499648397,-1.1907561169879943,15.061433499648397,-1.1907561169879943,010014.74-011126.7,3.68020735240614,46.83656005256532,0.0049058468751788,0.0,-1.0,-27.569718040003615,7.4571685791015625,3.68020735240614,46.83656005256532,0.0049058468751788,"(46.324, 46.855]"
1423241,44.18076531431547,173.9404868091182,1423241,17.241783030635126,0.8540581892860344,17.241783030635126,0.8540581892860344,010858.02+005114.6,2.9448729043314916,46.778632471023236,0.0033752042496892,0.0,-1.0,-27.20097185879348,9.55294132232666,2.9448729043314916,46.778632471023236,0.0033752042496892,"(46.324, 46.855]"
1396091,28.830451942801066,132.76640742790676,1396091,37.11519536496212,-1.0140039964929264,37.11519536496212,-1.0140039964929264,022827.64-010050.4,3.165279581787045,46.836615946453854,0.002627200633718,0.0,-1.0,-27.468700989508164,10.261580467224121,3.165279581787045,46.836615946453854,0.002627200633718,"(46.324, 46.855]"
1452287,590.4654382245399,1000.0169495212864,1452287,346.342154,0.330355,346.342154,0.330355,230522.11+001949.2,1.6482411519755973,46.40525056045129,0.0050324227610545,45.6934433314101,0.0050324227610545,-26.24225280553689,6.112514495849609,1.6482411519755973,46.40525056045129,0.0050324227610545,"(46.324, 46.855]"
1402417,131.2166508396621,260.4358277795289,1402417,32.81518,-1.151242,32.81518,-1.151242,021115.64-010904.4,1.8816793638273839,46.348125001080014,0.0082534675244971,45.63631777203882,0.0082534675244971,-25.843780552914343,4.347894191741943,1.8816793638273839,46.348125001080014,0.0082534675244971,"(46.324, 46.855]"
1464276,49.93372858143694,120.9227461383752,1464276,323.5378710973532,0.7563390109063971,323.5378710973532,0.7563390109063971,213409.08+004522.8,2.3965132614079696,46.37523969458589,0.0061008998507716,46.048165825058966,0.013374918871154,-25.828429013138162,5.617457389831543,2.3965132614079696,46.37523969458589,0.0061008998507716,"(46.324, 46.855]"
1453268,15.66718053292737,100.88521199392358,1453268,344.5354077378895,0.4890518790486793,344.5354077378895,0.4890518790486793,225808.49+002920.5,3.0259308372073863,46.587247780827305,0.0065972170088315,0.0,-1.0,-26.762771131703108,5.846682548522949,3.0259308372073863,46.587247780827305,0.0065972170088315,"(46.324, 46.855]"
1448492,1761.0388732652343,4028.1140906832047,1448492,353.4973154642979,0.9156181216531304,353.4973154642979,0.9156181216531304,233359.35+005456.2,1.708573256356696,46.733487989293344,0.0015994182018133,46.02168076025215,0.0015994182018133,-26.358745682532295,20.314329147338867,1.708573256356696,46.733487989293344,0.0015994182018133,"(46.324, 46.855]"
1404761,147.4521851620389,389.80824780285474,1404761,31.15567150909878,0.9725546029953696,31.15567150909878,0.9725546029953696,020437.36+005821.1,2.797513015141962,46.65370089468386,0.0042135555635312,0.0,-1.0,-26.756433423306664,7.504455089569092,2.797513015141962,46.65370089468386,0.0042135555635312,"(46.324, 46.855]"
1463753,37.16665227444635,204.19656071153585,1463753,324.4260608323988,-0.6535503889580608,324.4260608323988,-0.6535503889580608,213742.25-003912.7,2.2888381176519332,46.621766083290076,0.0034869929272396,46.10918802486008,0.0085853687874397,-27.076733131703506,12.002392768859863,2.2888381176519332,46.621766083290076,0.0034869929272396,"(46.324, 46.855]"
1448932,80.17771819684793,239.56405591719624,1448932,352.6732559469108,-0.2048457304934405,352.6732559469108,-0.2048457304934405,233041.58-001217.4,2.924586178645837,46.66163809468484,0.0056812658347453,0.0,-1.0,-27.385310072108464,6.120203018188477,2.924586178645837,46.66163809468484,0.0056812658347453,"(46.324, 46.855]"
1431731,40.61235256231677,154.59527331279574,1431731,10.59277909808966,-0.3181682555970782,10.59277909808966,-0.3181682555970782,004222.26-001905.4,2.6304679337364805,46.32552976023417,0.0058974196646346,0.0,-1.0,-26.317948209570083,4.460936069488525,2.6304679337364805,46.32552976023417,0.0058974196646346,"(46.324, 46.855]"
1427960,94.69642998798622,209.7907554801088,1427960,13.522521,-0.348062,13.522521,-0.348062,005405.40-002053.0,1.837052681596655,46.45150467110682,0.0125333544794337,45.739697442065626,0.0125333544794337,-26.20227210088104,8.425403594970703,1.837052681596655,46.45150467110682,0.0125333544794337,"(46.324, 46.855]"
1424530,73.40978442038364,169.5581700033387,1424530,16.26433327983908,0.977561729728498,16.26433327983908,0.977561729728498,010503.44+005839.2,2.554629265644932,46.46198248661359,0.0042723267731403,0.0,-1.0,-26.102387542402056,6.359409332275391,2.554629265644932,46.46198248661359,0.0042723267731403,"(46.324, 46.855]"
1410964,190.69440168002336,479.6061487898039,1410964,26.33676067902809,0.2784564382156991,26.33676067902809,0.2784564382156991,014520.82+001642.4,2.3114614486674427,46.779931849998235,0.0026478737368442,46.08261965292972,0.0074762020014347,-26.95766144707933,12.125788688659668,2.3114614486674427,46.779931849998235,0.0026478737368442,"(46.324, 46.855]"
1450293,24.3875525961494,96.81495676493957,1450293,350.1060921675071,0.4622472160826508,350.1060921675071,0.4622472160826508,232025.46+002744.0,2.9007287812380693,46.81415350786965,0.0035265196295668,0.0,-1.0,-26.869719248110943,10.49284839630127,2.9007287812380693,46.81415350786965,0.0035265196295668,"(46.324, 46.855]"
1433427,46.16660825999352,571.0736276764364,1433427,9.35328422343556,0.1843087221587088,9.35328422343556,0.1843087221587088,003724.78+001103.5,1.530980075404789,46.433010357844545,0.0032064131785851,45.72120312880335,0.0032064131785851,-26.373072255344198,7.370727062225342,1.530980075404789,46.433010357844545,0.0032064131785851,"(46.324, 46.855]"
1451274,35.44169452994526,109.23226925650508,1451274,348.26076879348267,0.6847536536912756,348.26076879348267,0.6847536536912756,231302.58+004105.1,2.647202998815677,46.85377503761773,0.001938608085755,0.0,-1.0,-27.413761648286474,14.718954086303711,2.647202998815677,46.85377503761773,0.001938608085755,"(46.324, 46.855]"
1429022,393.1363283728298,1037.734041414548,1429022,12.611644935441475,0.5325520145424602,12.611644935441475,0.5325520145424602,005026.79+003157.1,1.2103662155429549,46.355326859060995,0.0020416722012868,45.6435196300198,0.0020416722012868,-25.822630897674532,17.241798400878906,1.2103662155429549,46.355326859060995,0.0020416722012868,"(46.324, 46.855]"
1440521,256.88873110866405,499.9310308179672,1440521,3.5840903994198925,1.2035407816025288,3.5840903994198925,1.2035407816025288,001420.18+011212.7,2.1794865524037266,46.74490832038279,0.0027049018623834,45.99264262580592,0.0062599226416004,-26.26084621540858,14.191990852355957,2.1794865524037266,46.74490832038279,0.0027049018623834,"(46.324, 46.855]"
1461072,118.31161672426649,780.856514896394,1461072,329.5015968588692,0.456697680462529,329.5015968588692,0.456697680462529,215800.38+002724.1,1.6522787164898043,46.577605964559176,0.0017176010039889,45.865798735517984,0.0017176010039889,-26.607716738826777,20.088626861572266,1.6522787164898043,46.577605964559176,0.0017176010039889,"(46.324, 46.855]"
1424050,255.9095515879913,684.212584071114,1424050,16.62334656833279,0.0228959839026973,16.62334656833279,0.0228959839026973,010629.60+000122.4,1.6379665492455837,46.84251162454113,0.0015449721809481,46.13070439549994,0.0015449721809481,-27.108533027721673,23.552356719970703,1.6379665492455837,46.84251162454113,0.0015449721809481,"(46.324, 46.855]"
1421513,126.83298213687137,294.30186497981003,1421513,18.66915348957796,0.1730739527346129,18.66915348957796,0.1730739527346129,011440.59+001023.0,2.2736220848711977,46.453231089608295,0.0030158526838697,45.80935719728101,0.0103577696784817,-26.380619183308404,8.808794975280762,2.2736220848711977,46.453231089608295,0.0030158526838697,"(46.324, 46.855]"
1412725,191.48821237373576,284.2884764217298,1412725,25.12248091964932,-0.1557701692782006,25.12248091964932,-0.1557701692782006,014029.39-000920.7,1.81176146409724,46.3410588252502,0.0028908592782741,45.62925159620901,0.0028908592782741,-25.52468511577235,10.6663179397583,1.81176146409724,46.3410588252502,0.0028908592782741,"(46.324, 46.855]"
1463553,43.26488390166254,94.93664460589622,1463553,324.8034478683363,-0.0282858024047997,324.8034478683363,-0.0282858024047997,213912.82-000141.8,2.7217412424494056,46.490916483319715,0.0038133870223369,0.0,-1.0,-26.243123855685333,6.4613752365112305,2.7217412424494056,46.490916483319715,0.0038133870223369,"(46.324, 46.855]"
1427708,118.96442246336773,240.17020894991467,1427708,13.743733,1.062633,13.743733,1.062633,005458.49+010345.4,2.027400116658316,46.368650532707086,0.0234007402861244,45.53629166741732,0.0341517062886538,-25.878142123567763,3.131788492202759,2.027400116658316,46.368650532707086,0.0234007402861244,"(46.324, 46.855]"
1390009,15.85588108515542,46.32265005371245,1390009,41.31033336682242,-0.5045689192200308,41.31033336682242,-0.5045689192200308,024514.48-003016.4,2.4909074787959966,46.36678698757715,0.0054715263929558,0.0,-1.0,-25.311094552073808,4.706599235534668,2.4909074787959966,46.36678698757715,0.0054715263929558,"(46.324, 46.855]"
1445716,161.78296739524978,325.79630938205975,1445716,358.58584149653086,-0.5927929189983946,358.58584149653086,-0.5927929189983946,235420.60-003534.0,3.144044937798019,46.53435674667701,0.0078152543066707,0.0,-1.0,-26.8441666175332,4.49788761138916,3.144044937798019,46.53435674667701,0.0078152543066707,"(46.324, 46.855]"
1430561,26.98485163532741,288.3939704967151,1430561,11.445122568158247,-0.4109047260958333,11.445122568158247,-0.4109047260958333,004546.82-002439.2,1.5579364412896113,46.45595596003373,0.0021364506167209,45.744148730992535,0.0021364506167209,-26.32170856425989,10.522244453430176,1.5579364412896113,46.45595596003373,0.0021364506167209,"(46.324, 46.855]"
1433995,74.4270862886533,411.1411557449576,1433995,8.927114032058398,0.3667126330043749,8.927114032058398,0.3667126330043749,003542.50+002200.1,2.3112125663420398,46.42295749650069,0.0050311271261875,46.006185903946935,0.0083933768087263,-26.537072475340103,9.852739334106445,2.3112125663420398,46.42295749650069,0.0050311271261875,"(46.324, 46.855]"
1425631,44.3412580317173,204.34748446157693,1425631,15.419424291540512,0.9218811887960996,15.419424291540512,0.9218811887960996,010140.66+005518.7,2.6852480631605413,46.37921392708624,0.0048859983219529,0.0,-1.0,-25.956280903967034,5.146508693695068,2.6852480631605413,46.37921392708624,0.0048859983219529,"(46.324, 46.855]"
1465648,284.75848003874,977.389470249383,1465648,321.0767686279174,0.7378388421763583,321.0767686279174,0.7378388421763583,212418.42+004416.2,2.6318987653460724,46.561986667551714,0.0032767686661827,0.0,-1.0,-26.459858524628793,7.5673041343688965,2.6318987653460724,46.561986667551714,0.0032767686661827,"(46.324, 46.855]"
1446415,97.69144903470512,134.12457323204168,1446415,357.430354,1.058775,357.430354,1.058775,234943.28+010331.5,1.9595291566790742,46.36922512197155,0.0115029127819923,45.36785921672189,0.0198212227849552,-25.76665106922842,5.364433288574219,1.9595291566790742,46.36922512197155,0.0115029127819923,"(46.324, 46.855]"
1431170,36.1545974390089,123.14564101194598,1431170,10.98583586649012,0.1308228592464315,10.98583586649012,0.1308228592464315,004356.60+000750.9,2.780821439663441,46.443868042934284,0.0057116680756053,0.0,-1.0,-26.430971782205287,4.74816370010376,2.780821439663441,46.443868042934284,0.0057116680756053,"(46.324, 46.855]"
1449577,157.8113596593584,477.84675347935473,1449577,351.44808743335494,-0.5786371255776572,351.44808743335494,-0.5786371255776572,232547.54-003443.0,1.3041257684858432,46.39671077484447,0.0017144832005868,45.68490354580328,0.0017144832005868,-25.855908765459382,16.78632926940918,1.3041257684858432,46.39671077484447,0.0017144832005868,"(46.324, 46.855]"
1465497,456.621677490792,1181.5570868273392,1465497,321.3416352943159,-0.1268625410067436,321.3416352943159,-0.1268625410067436,212521.99-000736.7,0.9265937034784676,46.49666654359533,0.0016581489866567,45.78485931455414,0.0016581489866567,-26.32649598625545,32.705284118652344,0.9265937034784676,46.49666654359533,0.0016581489866567,"(46.324, 46.855]"
1413008,69.99584410231536,203.28442444748904,1413008,24.92290103625993,0.7271359632508143,24.92290103625993,0.7271359632508143,013941.49+004337.6,2.1692368399117856,46.50539547580895,0.0025525325049891,45.72080966696615,0.0077134403035792,-26.684344959503782,8.461193084716797,2.1692368399117856,46.50539547580895,0.0025525325049891,"(46.324, 46.855]"
1441679,86.7153935584064,759.4527614464398,1441679,2.574180843207444,1.0807750784833654,2.574180843207444,1.0807750784833654,001017.80+010450.7,1.8302125999221628,46.752224969490186,0.0017570995823845,46.040417740448994,0.0017570995823845,-27.131766433414484,16.440820693969727,1.8302125999221628,46.752224969490186,0.0017570995823845,"(46.324, 46.855]"
1452712,142.92674802910005,440.0741316600192,1452712,345.5275680261486,-0.4106833208239106,345.5275680261486,-0.4106833208239106,230206.61-002438.4,2.439096359087846,46.737674862741855,0.0014443214077886,46.21367528010786,0.0133057684190447,-26.650888434758645,16.862754821777344,2.439096359087846,46.737674862741855,0.0014443214077886,"(46.324, 46.855]"
1463692,29.73196969186239,115.17831722489385,1463692,324.5284610100743,-1.1382145115995208,324.5284610100743,-1.1382145115995208,213806.83-010817.5,2.5238757355780677,46.715051610472905,0.0027846598500289,0.0,-1.0,-27.420467213710026,12.272883415222168,2.5238757355780677,46.715051610472905,0.0027846598500289,"(46.324, 46.855]"
1434834,100.76713340214545,607.7563836604559,1434834,8.268006154718563,-0.8037894757015258,8.268006154718563,-0.8037894757015258,003304.32-004813.6,1.7867716111197198,46.6141328064508,0.0047244384512374,45.902325577409606,0.0047244384512374,-26.311307025391073,8.923815727233887,1.7867716111197198,46.6141328064508,0.0047244384512374,"(46.324, 46.855]"
1444902,23.269642174837497,65.1524027285161,1444902,359.86317986834626,-0.0347008842016489,359.86317986834626,-0.0347008842016489,235927.16-000204.9,2.3733591207934426,46.53882083723566,0.0022022985018814,45.90218680410873,0.0138131276106818,-26.72138990627674,8.618924140930176,2.3733591207934426,46.53882083723566,0.0022022985018814,"(46.324, 46.855]"
1441628,192.10864813256285,476.4391953886924,1441628,2.6104559777589884,0.2588946952150582,2.6104559777589884,0.2588946952150582,001026.50+001532.0,2.403836632002729,46.6866001468002,0.0026395669643477,45.92650255298332,0.0274772207289153,-26.19637637654153,10.284573554992676,2.403836632002729,46.6866001468002,0.0026395669643477,"(46.324, 46.855]"
1464551,25.835631765547703,102.15654465389149,1464551,323.02701488469654,-0.0702075845302061,323.02701488469654,-0.0702075845302061,213206.48-000412.7,3.020575575765431,46.41910124773868,0.0067183019248595,0.0,-1.0,-26.13609927586128,4.427667617797852,3.020575575765431,46.41910124773868,0.0067183019248595,"(46.324, 46.855]"
1406169,174.38014415368357,434.7552102009502,1406169,30.107332,-0.855328,30.107332,-0.855328,020025.75-005119.1,1.9598237861859638,46.528349486517,0.007808408353533,45.75943945111485,0.0125159025018959,-26.32392094856424,6.331411838531494,1.9598237861859638,46.528349486517,0.007808408353533,"(46.324, 46.855]"
1442145,73.93569225911139,314.9329141064394,1442145,2.1637914424105134,-0.8935719551077518,2.1637914424105134,-0.8935719551077518,000839.30-005336.8,2.61976193007581,46.82129187781542,0.0035493523616558,0.0,-1.0,-27.223772009089004,10.435466766357422,2.61976193007581,46.82129187781542,0.0035493523616558,"(46.324, 46.855]"
1442151,42.11469890378852,102.2148918949184,1442151,2.1595646459641102,-0.8658016187910247,2.1595646459641102,-0.8658016187910247,000838.29-005156.8,2.895675577104528,46.68955501522404,0.0043084011717091,0.0,-1.0,-27.093758152982453,7.588095664978027,2.895675577104528,46.68955501522404,0.0043084011717091,"(46.324, 46.855]"
1389320,38.61815281425551,141.3482384779392,1389320,41.73178334185036,1.0472726164957464,41.73178334185036,1.0472726164957464,024655.62+010250.1,2.7752805989744282,46.37179151411397,0.0037960889794419,0.0,-1.0,-25.967371346491156,4.742549419403076,2.7752805989744282,46.37179151411397,0.0037960889794419,"(46.324, 46.855]"
1392341,132.91314497006894,252.31185654534843,1392341,39.752442635310445,0.3449761111215969,39.752442635310445,0.3449761111215969,023900.58+002041.9,2.1629845775543797,46.637482604756414,0.0046697866459446,45.1832819404717,0.0185910313693611,-26.020858274568027,7.008417129516602,2.1629845775543797,46.637482604756414,0.0046697866459446,"(46.324, 46.855]"
1444385,112.98796915031711,249.67409081751265,1444385,0.354768,0.002621,0.354768,0.002621,000125.14+000009.4,1.99142787710612,46.438113003094614,0.013625576537585,45.78959818023329,0.0117216131458306,-26.63941881746968,5.34786319732666,1.99142787710612,46.438113003094614,0.013625576537585,"(46.324, 46.855]"
1449962,121.27397253046438,281.6847659370635,1449962,350.6942152780056,0.2379422095565763,350.6942152780056,0.2379422095565763,232246.61+001416.5,1.6903199721086812,46.57565858122111,0.0021295177425315,45.86385135217992,0.0021295177425315,-26.343216558252763,16.96141242980957,1.6903199721086812,46.57565858122111,0.0021295177425315,"(46.324, 46.855]"
1449573,74.94809396091496,273.430366360083,1449573,351.452168,1.138454,351.452168,1.138454,232548.52+010818.4,2.086658895852124,46.53416246027997,0.0073006258143486,0.0,-1.0,-26.658710562022364,6.92169713973999,2.086658895852124,46.53416246027997,0.0073006258143486,"(46.324, 46.855]"
1414882,71.3719244127309,367.530941042211,1414882,23.56898908741812,-0.7880487373399168,23.56898908741812,-0.7880487373399168,013416.55-004716.9,1.267222906727836,46.372108591602725,0.001317819390401,45.66030136256153,0.001317819390401,-25.934692415848332,14.495882034301758,1.267222906727836,46.372108591602725,0.001317819390401,"(46.324, 46.855]"
1453019,67.24943716328566,204.60656472679872,1453019,345.024748,-0.46246,345.024748,-0.46246,230005.93-002744.8,1.8371148770397898,46.34959989732313,0.0099782844743465,45.63779266828194,0.0099782844743465,-25.90932752939848,6.228271007537842,1.8371148770397898,46.34959989732313,0.0099782844743465,"(46.324, 46.855]"
1438611,52.14814285019754,134.4028461306967,1438611,5.1438874614841446,0.0884647213042853,5.1438874614841446,0.0884647213042853,002034.53+000518.4,2.2530940984405117,46.48608217140304,0.0031988870124592,45.75992088374426,0.0097107389839337,-26.104219239681882,9.444210052490234,2.2530940984405117,46.48608217140304,0.0031988870124592,"(46.324, 46.855]"
1446075,33.01921558346756,129.4890451894696,1446075,358.0056921798404,-1.2355985623196415,358.0056921798404,-1.2355985623196415,235201.36-011408.1,3.12247325535376,46.528517638211135,0.0062443127551325,0.0,-1.0,-26.70261518457983,4.197645664215088,3.12247325535376,46.528517638211135,0.0062443127551325,"(46.324, 46.855]"
1404835,92.0050998272585,265.49330773460576,1404835,31.109317200612622,-1.027863309088093,31.109317200612622,-1.027863309088093,020426.23-010140.3,1.8279281546237907,46.62999065006052,0.0023686602833414,45.91818342101933,0.0023686602833414,-26.746789855202508,16.01556968688965,1.8279281546237907,46.62999065006052,0.0023686602833414,"(46.324, 46.855]"
1399972,172.74688666372546,573.1854171170884,1399972,34.47861292131495,0.7583594119107407,34.47861292131495,0.7583594119107407,021754.86+004530.0,2.124006326000809,46.34415392248379,0.0043992246633308,45.70944178741527,0.0062711119934455,-26.352057118905837,9.273645401000977,2.124006326000809,46.34415392248379,0.0043992246633308,"(46.324, 46.855]"
1401922,887.0493973192861,2654.2002053665806,1401922,33.178616,0.099271,33.178616,0.099271,021242.86+000557.3,2.131941754876437,46.611519535774974,0.0086495063459643,0.0,-1.0,-26.967479737268516,7.612741947174072,2.131941754876437,46.611519535774974,0.0086495063459643,"(46.324, 46.855]"
1458871,82.71600504546508,557.4681971158675,1458871,333.6954493617556,0.5565908738389583,333.6954493617556,0.5565908738389583,221446.90+003323.7,0.8945810908026871,46.35255808248193,0.0012891790902074,45.640750853440736,0.0012891790902074,-25.837644637288463,27.808513641357422,0.8945810908026871,46.35255808248193,0.0012891790902074,"(46.324, 46.855]"
1405090,32.641835275965974,135.47964747753107,1405090,30.922257,-0.0431,30.922257,-0.0431,020341.34-000235.1,1.9841154748600596,46.404644445426605,0.0136425579492218,45.68434105547304,0.0146175026417942,-26.133811012651268,4.628041744232178,1.9841154748600596,46.404644445426605,0.0136425579492218,"(46.324, 46.855]"
1465120,98.69797288685152,302.1169142396517,1465120,322.0315748627155,-0.8333767702248535,322.0315748627155,-0.8333767702248535,212807.57-005000.1,2.649886307516038,46.67107089791394,0.0016715979390049,0.0,-1.0,-26.89461016328569,9.542204856872559,2.649886307516038,46.67107089791394,0.0016715979390049,"(46.324, 46.855]"
1458912,32.055166410584604,100.61624556566402,1458912,333.62074542419083,0.5750116827945485,333.62074542419083,0.5750116827945485,221428.97+003430.0,2.450406239769099,46.37628334296956,0.0043968991800227,45.83471944914486,0.029427120642957,-26.248387530707152,8.24815559387207,2.450406239769099,46.37628334296956,0.0043968991800227,"(46.324, 46.855]"
1463448,985.8016484169824,6200.27096762471,1463448,324.99277683643953,-1.106299966654937,324.99277683643953,-1.106299966654937,213958.26-010622.6,1.0471314285447098,46.502760857166784,0.0007455284629571,45.79095362812559,0.0007455284629571,-26.936872926343106,49.438941955566406,1.0471314285447098,46.502760857166784,0.0007455284629571,"(46.324, 46.855]"
1405229,127.31002014855916,316.60482431294736,1405229,30.821754,-1.023019,30.821754,-1.023019,020317.22-010122.8,1.7214128662707073,46.339145551987585,0.0076678877075906,45.62733832294639,0.0076678877075906,-25.868295652850264,4.889448165893555,1.7214128662707073,46.339145551987585,0.0076678877075906,"(46.324, 46.855]"
1391635,100.95952288187884,274.4492220072689,1391635,40.23145610329955,0.2003666088617503,40.23145610329955,0.2003666088617503,024055.54+001201.3,2.3722237051833917,46.41350000099733,0.0047933575217271,45.59938006615404,0.0204249457104026,-25.687077197703296,5.815959930419922,2.3722237051833917,46.41350000099733,0.0047933575217271,"(46.324, 46.855]"
1419671,30.523145377004504,40.85736982221719,1419671,20.042146,0.385634,20.042146,0.385634,012010.11+002308.2,2.196056626448229,46.33484853290288,0.0135558367449775,0.0,-1.0,-26.21792709783027,4.358672618865967,2.196056626448229,46.33484853290288,0.0135558367449775,"(46.324, 46.855]"
1464675,43.65256205267368,124.64397401034417,1464675,322.7942619268717,0.7854220506534484,322.7942619268717,0.7854220506534484,213110.62+004707.5,2.3411637321089875,46.39724397052015,0.0042086558124339,45.53674368052565,0.0312503865240323,-25.94332490049161,6.0166449546813965,2.3411637321089875,46.39724397052015,0.0042086558124339,"(46.324, 46.855]"
1427559,181.95419214926457,984.4597075397604,1427559,13.849292883995298,-0.3283062759344215,13.849292883995298,-0.3283062759344215,005523.83-001941.9,1.81908248602734,46.58593053151213,0.0025045219766042,45.87412330247094,0.0025045219766042,-27.379637073844794,16.16431427001953,1.81908248602734,46.58593053151213,0.0025045219766042,"(46.324, 46.855]"
1464060,508.0230825907348,1273.461865505649,1464060,323.8949061353085,-1.2109409950688828,323.8949061353085,-1.2109409950688828,213534.77-011239.3,1.6286779170426342,46.46370237857433,0.0034813388257539,45.75189514953314,0.0034813388257539,-25.725025486975493,13.616683959960938,1.6286779170426342,46.46370237857433,0.0034813388257539,"(46.324, 46.855]"
1410570,103.4490370552919,346.3187240308183,1410570,26.62613046905864,0.899007870818234,26.62613046905864,0.899007870818234,014630.27+005356.4,2.941824090241453,46.765378577632575,0.0029762559531718,0.0,-1.0,-26.831019257536347,9.7296142578125,2.941824090241453,46.765378577632575,0.0029762559531718,"(46.324, 46.855]"
1405358,376.4815976808054,996.218338919542,1405358,30.72634798337168,1.178452194708303,30.72634798337168,1.178452194708303,020254.32+011042.4,2.3742030606768068,46.79748429311992,0.0014825478132749,46.04027577477145,0.0195974739853852,-26.899101492374363,12.445594787597656,2.3742030606768068,46.79748429311992,0.0014825478132749,"(46.324, 46.855]"
1434110,228.305814156954,651.0531223822062,1434110,8.840054113460496,0.3280463842613576,8.840054113460496,0.3280463842613576,003521.61+001940.9,2.3537233444019576,46.74030363947079,0.0016511508598711,45.855448883881394,0.0122016837570377,-26.628521851198435,12.599228858947754,2.3537233444019576,46.74030363947079,0.0016511508598711,"(46.324, 46.855]"
1447374,85.71026750588778,353.22969172667524,1447374,355.4960707812619,0.5725445251696752,355.4960707812619,0.5725445251696752,234159.05+003421.1,2.4006140557581195,46.52471578894048,0.0028850077362392,46.23471345458545,0.0111503393657308,-27.41336308752623,10.895127296447754,2.4006140557581195,46.52471578894048,0.0028850077362392,"(46.324, 46.855]"
1452321,170.8834822704508,491.0937497157828,1452321,346.2685978941823,-1.080927433597289,346.2685978941823,-1.080927433597289,230504.46-010451.3,2.0314643728828945,46.3465255718131,0.0014635050408209,45.67383700971681,0.0038311582356129,-26.182081467490157,15.555538177490234,2.0314643728828945,46.3465255718131,0.0014635050408209,"(46.324, 46.855]"
1403003,36.70706746658913,111.78507108099136,1403003,32.37328383842655,0.5346647743635132,32.37328383842655,0.5346647743635132,020929.58+003204.7,2.6585342026983256,46.325765686623164,0.0036773172004771,0.0,-1.0,-26.414882381890507,5.687063217163086,2.6585342026983256,46.325765686623164,0.0036773172004771,"(46.324, 46.855]"
1396700,122.69209220623492,401.5929271294069,1396700,36.68349231680044,0.5516037696689228,36.68349231680044,0.5516037696689228,022644.03+003305.7,2.386853824891862,46.8324567812358,0.0030607441620951,46.07906046292885,0.0169298921704559,-26.449532020627093,12.074913024902344,2.386853824891862,46.8324567812358,0.0030607441620951,"(46.324, 46.855]"
1464580,124.6795255377824,164.03391372994082,1464580,322.9586490314412,-0.7602608725101123,322.9586490314412,-0.7602608725101123,213150.07-004536.9,2.57222257637101,46.458789144058215,0.0040194489759421,0.0,-1.0,-26.631720798237573,9.868969917297363,2.57222257637101,46.458789144058215,0.0040194489759421,"(46.324, 46.855]"
1445638,159.27686151317698,564.2137978377099,1445638,358.7348636219143,0.9218458701044266,358.7348636219143,0.9218458701044266,235456.36+005518.6,1.8900643019186445,46.71729811538685,0.0012964203204184,46.00549088634566,0.0012964203204184,-26.711732228328806,20.611963272094727,1.8900643019186445,46.71729811538685,0.0012964203204184,"(46.324, 46.855]"
1412491,316.7161864859687,715.9006822085499,1412491,25.28456457643176,-0.1317302793533803,25.28456457643176,-0.1317302793533803,014108.29-000754.2,1.3953725905216456,46.70865006234922,0.0013011597353269,45.99684283330803,0.0013011597353269,-26.056846122436806,18.743223190307617,1.3953725905216456,46.70865006234922,0.0013011597353269,"(46.324, 46.855]"
1465624,194.54054410873064,390.6961565017534,1465624,321.1149528670572,0.6973283763274392,321.1149528670572,0.6973283763274392,212427.58+004150.3,2.5745951957202555,46.756325102591724,0.0026337820600943,0.0,-1.0,-27.49435064020775,14.471345901489258,2.5745951957202555,46.756325102591724,0.0026337820600943,"(46.324, 46.855]"
1422938,83.50347173885889,382.29357366259785,1422938,17.476555978386926,0.6369552036671597,17.476555978386926,0.6369552036671597,010954.37+003813.0,1.979943328422511,46.85162310269226,0.0023486068675673,46.13981587365107,0.0023486068675673,-27.403010468944576,15.720898628234863,1.979943328422511,46.85162310269226,0.0023486068675673,"(46.324, 46.855]"
1441082,309.90322818148,1056.4329451173085,1441082,3.098194711741371,0.6333643758491434,3.098194711741371,0.6333643758491434,001223.56+003800.1,1.8588719307325297,46.51604764796208,0.0031051165048303,45.80424041892089,0.0031051165048303,-26.536181795435915,14.492875099182129,1.8588719307325297,46.51604764796208,0.0031051165048303,"(46.324, 46.855]"
1395682,26.36005181959816,48.548997858415845,1395682,37.37265608013087,-0.1402908063264352,37.37265608013087,-0.1402908063264352,022929.43-000825.0,2.7999263933755363,46.33238309832855,0.005104312645038,0.0,-1.0,-26.195303681580334,5.963988780975342,2.7999263933755363,46.33238309832855,0.005104312645038,"(46.324, 46.855]"
1430504,282.81329309108867,1022.1758506635972,1430504,11.488972849214122,-0.0862534684057854,11.488972849214122,-0.0862534684057854,004557.35-000510.5,2.2965710137554205,46.68818791784333,0.0021668798302876,45.864991157783535,0.0136526834516175,-26.576129835786997,9.988792419433594,2.2965710137554205,46.68818791784333,0.0021668798302876,"(46.324, 46.855]"
1434377,256.5902984678952,1072.115201957006,1434377,8.636590683987492,0.3982929027900907,8.636590683987492,0.3982929027900907,003432.78+002353.8,1.845252838552103,46.77467788818529,0.0033114832094476,46.062870659144096,0.0033114832094476,-27.005447477100354,13.333322525024414,1.845252838552103,46.77467788818529,0.0033114832094476,"(46.324, 46.855]"
1436138,735.2418619347603,2031.1295393326889,1436138,7.231325191216946,1.008352661203689,7.231325191216946,1.008352661203689,002855.51+010030.0,1.435225136624786,46.7930989355879,0.0009254658976516,46.08129170654671,0.0009254658976516,-26.77412456189369,31.184818267822266,1.435225136624786,46.7930989355879,0.0009254658976516,"(46.324, 46.855]"
1421196,62.18655393043032,157.5871680439074,1421196,18.92592962664442,-0.758050929757887,18.92592962664442,-0.758050929757887,011542.22-004528.9,2.1974160592321152,46.68772369371727,0.0030365140661281,45.98180525637364,0.0071893281142898,-26.472565822606033,11.606385231018066,2.1974160592321152,46.68772369371727,0.0030365140661281,"(46.324, 46.855]"
1394455,279.70138332295846,647.6462713161563,1394455,38.193712101950496,0.2785272129002589,38.193712101950496,0.2785272129002589,023246.49+001642.6,2.064009235303128,46.57442863958988,0.0033563135894745,46.04500593759322,0.0016197029138211,-26.830806444390046,16.810720443725586,2.064009235303128,46.57442863958988,0.0033563135894745,"(46.324, 46.855]"
1400319,405.6389255424888,1256.6953458475332,1400319,34.252138324686825,0.7888361744841886,34.252138324686825,0.7888361744841886,021700.51+004719.8,2.304651408760641,46.56110795968002,0.0029135009069314,45.95962615208865,0.00959748382623,-26.62003686590787,10.684232711791992,2.304651408760641,46.56110795968002,0.0029135009069314,"(46.324, 46.855]"
1424131,13.693401554840712,46.077595423367285,1424131,16.5669069095446,0.2566643535707116,16.5669069095446,0.2566643535707116,010616.05+001523.9,3.0499630544506315,46.49035572251549,0.0081344111963055,0.0,-1.0,-26.85792316138318,4.532440185546875,3.0499630544506315,46.49035572251549,0.0081344111963055,"(46.324, 46.855]"
1436079,306.0772632578657,1116.2017874350531,1436079,7.278888,0.874378,7.278888,0.874378,002906.93+005227.7,1.8194565008617174,46.45047548146847,0.0105261864451513,45.73866825242728,0.0105261864451513,-26.408642469616396,6.851138591766357,1.8194565008617174,46.45047548146847,0.0105261864451513,"(46.324, 46.855]"
1465065,48.1537989603848,134.4415485705239,1465065,322.136118173701,-0.0548160570110569,322.136118173701,-0.0548160570110569,212832.66-000317.3,2.704951252748534,46.39026820149243,0.0042839392515361,0.0,-1.0,-25.726817321514357,5.1828293800354,2.704951252748534,46.39026820149243,0.0042839392515361,"(46.324, 46.855]"
1398376,19.76954538038564,74.85427986375876,1398376,35.55510555830266,0.7489711007463958,35.55510555830266,0.7489711007463958,022213.22+004456.2,3.321051055724368,46.452388773434485,0.0135305779925438,0.0,-1.0,-26.015334014127887,3.818308115005493,3.321051055724368,46.452388773434485,0.0135305779925438,"(46.324, 46.855]"
1426696,246.6079593117764,1273.2121414599735,1426696,14.532982466987876,1.0976397507466655,14.532982466987876,1.0976397507466655,005807.91+010551.5,1.0641950954991086,46.46488043658572,0.0011775745836928,45.75307320754453,0.0011775745836928,-26.372189004332657,23.632701873779297,1.0641950954991086,46.46488043658572,0.0011775745836928,"(46.324, 46.855]"
1464318,14.205434021657862,58.53873557868,1464318,323.47845406597673,0.073710021899622,323.47845406597673,0.073710021899622,213354.82+000425.3,2.391511056933631,46.363146941324324,0.0070439485313329,45.80704883337073,0.0374100744378473,-25.871803975362134,6.3803324699401855,2.391511056933631,46.363146941324324,0.0070439485313329,"(46.324, 46.855]"
1412632,13.145940327132084,106.57760123890314,1412632,25.184223956258247,-1.1321742812778517,25.184223956258247,-1.1321742812778517,014044.21-010755.8,1.8692249879701097,46.360771297083105,0.0038431969285284,45.64896406804191,0.0038431969285284,-25.816431157356043,10.684465408325195,1.8692249879701097,46.360771297083105,0.0038431969285284,"(46.324, 46.855]"
1460847,274.6097769308042,923.0437739249332,1460847,329.89971692025927,1.1883246438592396,329.89971692025927,1.1883246438592396,215935.93+011117.9,1.4513436558019202,46.33814293591949,0.0032376709814805,45.6263357068783,0.0032376709814805,-26.402080080526975,14.39574909210205,1.4513436558019202,46.33814293591949,0.0032376709814805,"(46.324, 46.855]"
1463691,200.8559971152006,479.6017831617498,1463691,324.53223308950834,-0.2968208361608289,324.53223308950834,-0.2968208361608289,213807.73-001748.5,1.6289279475993086,46.43355878520699,0.0027040977166343,45.7217515561658,0.0027040977166343,-26.15280422898068,13.19532585144043,1.6289279475993086,46.43355878520699,0.0027040977166343,"(46.324, 46.855]"
1441152,100.2867616515132,181.75413097057523,1441152,3.0264725986622807,1.1161504068876682,3.0264725986622807,1.1161504068876682,001206.35+010658.1,2.539910207771245,46.469847426701094,0.0060669509092257,0.0,-1.0,-26.721125063664577,7.268631458282471,2.539910207771245,46.469847426701094,0.0060669509092257,"(46.324, 46.855]"
1447317,356.9312527112966,730.4809624042264,1447317,355.62941673659395,0.1050749222934979,355.62941673659395,0.1050749222934979,234231.06+000618.2,1.305989612162101,46.621364575083405,0.0009347433852191,45.90955734604221,0.0009347433852191,-26.858176026203353,31.08930206298828,1.305989612162101,46.621364575083405,0.0009347433852191,"(46.324, 46.855]"
1392788,355.05978249270134,1162.892443313583,1392788,39.41720265340649,-0.2086352473970145,39.41720265340649,-0.2086352473970145,023740.12-001231.0,1.984918004300483,46.42978246827986,0.0062157987359938,45.71797523923867,0.0062157987359938,-25.641356145201584,6.746470928192139,1.984918004300483,46.42978246827986,0.0062157987359938,"(46.324, 46.855]"
1418765,37.81791482337547,94.05809598605622,1418765,20.730929233206723,1.0542733325481015,20.730929233206723,1.0542733325481015,012255.42+010315.3,3.4969826690354107,46.570237550100565,0.0172476236895846,0.0,-1.0,-26.785171786942616,3.10221791267395,3.4969826690354107,46.570237550100565,0.0172476236895846,"(46.324, 46.855]"
1436732,204.5541491406557,415.1986740032986,1436732,6.72533846342237,-0.652948001980948,6.72533846342237,-0.652948001980948,002654.08-003910.6,1.7853073115022235,46.537563037599156,0.0035898040556432,45.825755808557965,0.0035898040556432,-26.23964680193769,9.409735679626465,1.7853073115022235,46.537563037599156,0.0035898040556432,"(46.324, 46.855]"
1402221,68.61565957620513,189.47192570316992,1402221,32.955690855945164,-0.3177554550297106,32.955690855945164,-0.3177554550297106,021149.36-001903.9,2.6405273105265366,46.481071502740285,0.0052178487024932,0.0,-1.0,-26.337471268439735,4.983269214630127,2.6405273105265366,46.481071502740285,0.0052178487024932,"(46.324, 46.855]"
1395933,10.40448576153928,42.732681941305664,1395933,37.2071273063463,-0.7640131561304139,37.2071273063463,-0.7640131561304139,022849.71-004550.4,2.5466800250558492,46.44677343956919,0.003040942507706,0.0,-1.0,-26.026763571861228,5.281352519989014,2.5466800250558492,46.44677343956919,0.003040942507706,"(46.324, 46.855]"
1398134,101.64405107951316,287.70138033131974,1398134,35.69764470277344,0.4699786428007471,35.69764470277344,0.4699786428007471,022247.43+002811.9,2.1196610373217295,46.35039520779184,0.0055725578032124,45.66497548650379,0.0069804215780884,-25.850072739132916,7.755293369293213,2.1196610373217295,46.35039520779184,0.0055725578032124,"(46.324, 46.855]"
1452866,227.3891065746684,740.9332067669515,1452866,345.2767084478018,-0.3852654435211349,345.2767084478018,-0.3852654435211349,230106.41-002306.9,1.7850739957501482,46.35012644731316,0.0045618455492828,45.63831921827197,0.0045618455492828,-26.210114359482716,9.203215599060059,1.7850739957501482,46.35012644731316,0.0045618455492828,"(46.324, 46.855]"
1441238,10.940207179912177,53.021456929640685,1441238,2.956808217122102,-0.4575035503858782,2.956808217122102,-0.4575035503858782,001149.63-002727.0,2.7120601339265398,46.46254171751723,0.0035943086059724,0.0,-1.0,-26.493940116709137,6.693752288818359,2.7120601339265398,46.46254171751723,0.0035943086059724,"(46.324, 46.855]"
1446259,11.582017702925564,70.62738821276118,1446259,357.7144895993662,0.6864607781631458,357.7144895993662,0.6864607781631458,235051.47+004111.2,2.2503821501718324,46.57495840709671,0.0050284879066673,46.05641453188972,0.0078744464159719,-26.83356847651593,10.892691612243652,2.2503821501718324,46.57495840709671,0.0050284879066673,"(46.324, 46.855]"
1447314,175.5750211218342,762.0371917751978,1447314,355.6325457723301,0.4526208921790382,355.6325457723301,0.4526208921790382,234231.81+002709.4,1.046939811055527,46.335886497615114,0.0015958952683519,45.62407926857392,0.0015958952683519,-25.353832488997107,17.516313552856445,1.046939811055527,46.335886497615114,0.0015958952683519,"(46.324, 46.855]"
1436861,63.13772617291274,131.36654025560222,1436861,6.632464679788654,-1.1379331318600443,6.632464679788654,-1.1379331318600443,002631.79-010816.5,2.2600446957013625,46.62683057302335,0.0036356798139642,45.839474531114746,0.0134105458796298,-26.415606741924933,9.897308349609375,2.2600446957013625,46.62683057302335,0.0036356798139642,"(46.324, 46.855]"
1401309,40.00895831014625,116.76492058293276,1401309,33.56361290929226,-0.0707613397307826,33.56361290929226,-0.0707613397307826,021415.26-000414.7,2.601462470488265,46.75761925704992,0.0061629544481007,0.0,-1.0,-26.93996705003113,8.634821891784668,2.601462470488265,46.75761925704992,0.0061629544481007,"(46.324, 46.855]"
1452110,592.0745585519721,1703.2405352138042,1452110,346.7056525513656,1.0669309807718232,346.7056525513656,1.0669309807718232,230649.35+010400.9,1.2302220544934355,46.53041303204492,0.0011554077434787,45.81860580300373,0.0011554077434787,-26.34669936742151,27.040237426757812,1.2302220544934355,46.53041303204492,0.0011554077434787,"(46.324, 46.855]"
1434077,265.4968830681672,1003.1693968006518,1434077,8.865286086428682,0.8891595364142326,8.865286086428682,0.8891595364142326,003527.66+005320.9,2.466823009812313,46.7774503745649,0.0017257720180943,46.32052904861968,0.01388485129997,-26.756296744736165,13.947823524475098,2.466823009812313,46.7774503745649,0.0017257720180943,"(46.324, 46.855]"
1437151,51.17759120536876,108.15956474357462,1437151,6.397385525553659,0.4482100712952113,6.397385525553659,0.4482100712952113,002535.37+002653.5,2.389125206352107,46.49600886216376,0.0039629582629139,45.97251388044484,0.0242028599331014,-26.148224530478664,7.110581874847412,2.389125206352107,46.49600886216376,0.0039629582629139,"(46.324, 46.855]"
1442157,62.72072903133939,209.2978921169476,1442157,2.1513090235888512,0.2800663811405798,2.1513090235888512,0.2800663811405798,000836.31+001648.2,2.331287556189494,46.48998554802145,0.0031854789515115,45.72000391172475,0.0250934640079627,-26.008935042158527,6.28659200668335,2.331287556189494,46.48998554802145,0.0031854789515115,"(46.324, 46.855]"
1444865,231.53734741200336,660.4000477352931,1444865,359.933898,-0.960619,359.933898,-0.960619,235944.13-005738.2,1.79383571946598,46.62932662569318,0.0032622590678279,45.91751939665199,0.0032622590678279,-26.546178805006093,8.406441688537598,1.79383571946598,46.62932662569318,0.0032622590678279,"(46.324, 46.855]"
1430664,34.38847560478054,90.1428944065562,1430664,11.36523613278598,0.2361837749287023,11.36523613278598,0.2361837749287023,004527.65+001410.2,2.436021352044083,46.5094798783884,0.0053574599552028,45.801471863120405,0.0383865678048565,-26.217710820467328,7.788402557373047,2.436021352044083,46.5094798783884,0.0053574599552028,"(46.324, 46.855]"
1465910,41.82878589205123,115.1339025944889,1465910,320.65020746544707,-0.3659829664517997,320.65020746544707,-0.3659829664517997,212236.04-002157.5,2.596855276046418,46.38584766288715,0.003665689073248,0.0,-1.0,-26.01653956464229,4.234062671661377,2.596855276046418,46.38584766288715,0.003665689073248,"(46.324, 46.855]"
1404729,76.60575079907757,134.57665661056348,1404729,31.18090744151169,0.3046679133405115,31.18090744151169,0.3046679133405115,020443.41+001816.8,2.8790953439184515,46.500392455673605,0.0055665262901101,0.0,-1.0,-26.57760896306582,5.729318618774414,2.8790953439184515,46.500392455673605,0.0055665262901101,"(46.324, 46.855]"
1417371,37.552946981326784,94.80943698389224,1417371,21.809992182962997,0.5471348750125361,21.809992182962997,0.5471348750125361,012714.39+003249.6,2.382050601918822,46.46319872382754,0.0029673586087248,45.90759104966831,0.0290473706342702,-26.00735356669984,8.112778663635254,2.382050601918822,46.46319872382754,0.0029673586087248,"(46.324, 46.855]"
1443053,518.2044457671559,1269.9492220934808,1443053,1.4543932714826724,-0.5765387347693829,1.4543932714826724,-0.5765387347693829,000549.05-003435.5,1.6258293755774957,46.7058167984719,0.0012833291943437,45.99400956943071,0.0012833291943437,-26.44621991302034,20.84056854248047,1.6258293755774957,46.7058167984719,0.0012833291943437,"(46.324, 46.855]"
1448162,105.03104512157584,332.78434795627754,1448162,354.055732,-0.403051,354.055732,-0.403051,233613.37-002410.9,1.878654821340543,46.431849099968936,0.0087954696640366,45.720041870927744,0.0087954696640366,-26.267245643772867,6.031318664550781,1.878654821340543,46.431849099968936,0.0087954696640366,"(46.324, 46.855]"
1402965,25.199928180913098,72.93891546577672,1402965,32.40382531907264,-0.3711916897155829,32.40382531907264,-0.3711916897155829,020936.91-002216.2,2.3950972281818754,46.54870349277165,0.0032093613096542,46.11092143189799,0.0194041330368861,-26.193496596818036,8.218565940856934,2.3950972281818754,46.54870349277165,0.0032093613096542,"(46.324, 46.855]"
1446104,464.6153141939544,1709.3547517557724,1446104,357.9596358621055,0.6279232491302176,357.9596358621055,0.6279232491302176,235150.31+003740.5,1.9522939938737147,46.7206541121998,0.0024495465092009,46.00884688315861,0.0024495465092009,-27.322796536719427,18.27660369873047,1.9522939938737147,46.7206541121998,0.0024495465092009,"(46.324, 46.855]"
1432715,10.677194999401094,72.36174347959708,1432715,9.87633159062932,0.2983968749247754,9.87633159062932,0.2983968749247754,003930.31+001754.2,2.8999411143202303,46.54587764000109,0.0032654228431496,0.0,-1.0,-26.52268821432647,7.43540620803833,2.8999411143202303,46.54587764000109,0.0032654228431496,"(46.324, 46.855]"
1403014,113.54065419375856,327.39080103151184,1403014,32.36639338728105,1.0960124386273586,32.36639338728105,1.0960124386273586,020927.93+010545.6,2.5917437024790835,46.49993839333652,0.0024477917439291,0.0,-1.0,-26.405532688766456,9.980138778686523,2.5917437024790835,46.49993839333652,0.0024477917439291,"(46.324, 46.855]"
1464902,73.25679819913452,361.4844441974116,1464902,322.4152511178861,0.1375871127949962,322.4152511178861,0.1375871127949962,212939.66+000815.3,2.0154318218996172,46.55896906718972,0.0027175783304684,45.87548623687263,0.0024745005619273,-26.105105230523986,13.194365501403809,2.0154318218996172,46.55896906718972,0.0027175783304684,"(46.324, 46.855]"
1409688,305.93021991342243,492.5404719060291,1409688,27.274112,-0.215394,27.274112,-0.215394,014905.78-001255.4,1.990216059569567,46.441576378430504,0.0125504090718244,45.561223390897645,0.0300776731190381,-26.11825469256316,4.252908706665039,1.990216059569567,46.441576378430504,0.0125504090718244,"(46.324, 46.855]"
1430667,67.0472221726095,218.9657827738563,1430667,11.361906413928466,-0.5512839871378916,11.361906413928466,-0.5512839871378916,004526.85-003304.6,1.914847730843546,46.61746378374821,0.0016864352972945,45.905656554707015,0.0016864352972945,-26.372319896865044,16.117860794067383,1.914847730843546,46.61746378374821,0.0016864352972945,"(46.324, 46.855]"
1412664,156.65266661476718,289.5655892323034,1412664,25.166294,0.384382,25.166294,0.384382,014039.91+002303.7,1.8660590577982017,46.40809624470016,0.0128613959918943,45.69628901565897,0.0128613959918943,-26.35295018117678,7.058706760406494,1.8660590577982017,46.40809624470016,0.0128613959918943,"(46.324, 46.855]"
1432274,130.77021948697072,309.32652076518457,1432274,10.21243011055084,1.1210061628914847,10.21243011055084,1.1210061628914847,004050.98+010715.6,2.433897691557514,46.49543719012443,0.0027697247570408,45.80429785827162,0.025815019296882,-25.891267784388365,8.378012657165527,2.433897691557514,46.49543719012443,0.0027697247570408,"(46.324, 46.855]"
1450768,309.3214769100506,770.8865801577361,1450768,349.225101,0.143706,349.225101,0.143706,231654.02+000837.3,2.138578466287633,46.71870740694263,0.0057938865278615,0.0,-1.0,-26.664029586984004,7.462770462036133,2.138578466287633,46.71870740694263,0.0057938865278615,"(46.324, 46.855]"
1451026,106.95040464646934,292.4812344767453,1451026,348.7604905088848,-0.2110537721165551,348.7604905088848,-0.2110537721165551,231502.51-001239.7,3.1338768157301597,46.64776392726472,0.0086631089196487,0.0,-1.0,-26.986300231050418,5.687670707702637,3.1338768157301597,46.64776392726472,0.0086631089196487,"(46.324, 46.855]"
1411873,71.96906549594915,293.4437526705429,1411873,25.68141397006241,-0.4650380643119951,25.68141397006241,-0.4650380643119951,014243.53-002754.1,2.737080319576493,46.50536149230776,0.0037679110862249,0.0,-1.0,-26.8684122716735,6.243969917297363,2.737080319576493,46.50536149230776,0.0037679110862249,"(46.324, 46.855]"
1452542,18.69420937759356,41.61374135590467,1452542,345.87304684940955,0.2876350081762914,345.87304684940955,0.2876350081762914,230329.53+001715.4,2.8925926080656184,46.53107280496304,0.0043276639414351,0.0,-1.0,-26.984929474249604,6.392148971557617,2.8925926080656184,46.53107280496304,0.0043276639414351,"(46.324, 46.855]"
1401078,83.2004987886654,543.750958908036,1401078,33.707430200686005,-1.190718182711195,33.707430200686005,-1.190718182711195,021449.78-011126.5,1.779871074232786,46.757446960780634,0.0026728842510728,46.04563973173944,0.0026728842510728,-26.43401891859601,10.806763648986816,1.779871074232786,46.757446960780634,0.0026728842510728,"(46.324, 46.855]"
1453005,104.21095648835164,160.49018446194,1453005,345.050662,1.116862,345.050662,1.116862,230012.15+010700.7,1.7916653568774914,46.349067075876704,0.008568049370794,45.63725984683551,0.008568049370794,-25.914895918298335,5.148241996765137,1.7916653568774914,46.349067075876704,0.008568049370794,"(46.324, 46.855]"
1452090,49.04866732831618,197.7230338176176,1452090,346.75493284272954,0.649441966271631,346.75493284272954,0.649441966271631,230701.18+003857.9,2.8382649429074447,46.36470168642955,0.0051734261429565,0.0,-1.0,-26.088654517506136,5.476791858673096,2.8382649429074447,46.36470168642955,0.0051734261429565,"(46.324, 46.855]"
1456312,35.96790890722126,81.14637487567377,1456312,338.5309477262,-0.7464337235425902,338.5309477262,-0.7464337235425902,223407.42-004447.1,2.426552628350925,46.356233956083614,0.0044318043455895,45.90478038233938,0.0314258484754681,-26.019087821023202,5.560020446777344,2.426552628350925,46.356233956083614,0.0044318043455895,"(46.324, 46.855]"
1436669,36.44338629723143,83.18644042811694,1436669,6.780383354910782,-0.5994122521881059,6.780383354910782,-0.5994122521881059,002707.29-003557.8,2.766640954387475,46.383386788181845,0.0055735737954307,0.0,-1.0,-25.905377752302975,4.552859306335449,2.766640954387475,46.383386788181845,0.0055735737954307,"(46.324, 46.855]"
1440756,13.05416994412709,189.898167821665,1440756,3.38179271008039,-1.0520714970090808,3.38179271008039,-1.0520714970090808,001331.63-010307.4,1.9130645991622068,46.511745433844695,0.004738398067154,45.7999382048035,0.004738398067154,-25.868414197449127,8.815546035766602,1.9130645991622068,46.511745433844695,0.004738398067154,"(46.324, 46.855]"
1461226,115.50298483346128,367.1152498205778,1461226,329.22561342724043,1.0521281475493205,329.22561342724043,1.0521281475493205,215654.14+010307.6,2.531342970699163,46.6364739711912,0.0035152242734888,0.0,-1.0,-26.583850124687466,8.758353233337402,2.531342970699163,46.6364739711912,0.0035152242734888,"(46.324, 46.855]"
1463962,68.48511893746051,266.22876411544627,1463962,324.0806593810848,-0.9323654441345548,324.0806593810848,-0.9323654441345548,213619.35-005556.5,2.2189271052378885,46.52399558502104,0.0029379659328903,45.57217733818661,0.0106276815260635,-26.15014582516961,8.603700637817383,2.2189271052378885,46.52399558502104,0.0029379659328903,"(46.324, 46.855]"
1402914,54.72796808809254,244.0963039621158,1402914,32.44629719012144,0.7072612418713813,32.44629719012144,0.7072612418713813,020947.11+004226.1,2.3516854352416448,46.46258161271851,0.0025257454448066,45.74331839380973,0.0148355530375035,-25.611457158019615,8.720595359802246,2.3516854352416448,46.46258161271851,0.0025257454448066,"(46.324, 46.855]"
1411889,184.2173547794744,799.7386993942063,1411889,25.668295944368538,0.8337976118055892,25.668295944368538,0.8337976118055892,014240.39+005001.6,2.817455415858269,46.76377534298578,0.0029065178702616,0.0,-1.0,-27.221412012643224,9.984867095947266,2.817455415858269,46.76377534298578,0.0029065178702616,"(46.324, 46.855]"
1389289,77.61627526439123,209.90601280328715,1389289,41.74732081245742,-0.1464729709440031,41.74732081245742,-0.1464729709440031,024659.35-000847.3,2.6252401327583876,46.6054486391915,0.0030840884799587,0.0,-1.0,-26.409058915173574,8.661322593688965,2.6252401327583876,46.6054486391915,0.0030840884799587,"(46.324, 46.855]"
1432095,749.8287044898827,1091.824233870835,1432095,10.32747130265352,0.2951338384328442,10.32747130265352,0.2951338384328442,004118.59+001742.4,1.7712981008003945,46.689159562864816,0.0019656597639681,45.977352333823625,0.0019656597639681,-26.846585170826078,21.22483253479004,1.7712981008003945,46.689159562864816,0.0019656597639681,"(46.324, 46.855]"
1433141,16.863373291729594,77.03401553172756,1433141,9.566952196766238,-0.483794153402242,9.566952196766238,-0.483794153402242,003816.06-002901.6,3.0005418910726527,46.56665163212614,0.005903895411901,0.0,-1.0,-26.797464595836924,6.605432987213135,3.0005418910726527,46.56665163212614,0.005903895411901,"(46.324, 46.855]"
1427980,29.150331132949063,125.48313598303798,1427980,13.506179983522731,0.4799342296915108,13.506179983522731,0.4799342296915108,005401.48+002847.7,3.420993563759327,46.84547198999676,0.0054038990965707,0.0,-1.0,-27.21004410575032,7.1027302742004395,3.420993563759327,46.84547198999676,0.0054038990965707,"(46.324, 46.855]"
1411577,115.4353861915246,270.316722226653,1411577,25.895379602582462,-0.9431182693937264,25.895379602582462,-0.9431182693937264,014334.89-005635.2,1.5376604890984724,46.41260697460854,0.0024184008444763,45.70079974556735,0.0024184008444763,-26.148803200933788,13.11005973815918,1.5376604890984724,46.41260697460854,0.0024184008444763,"(46.324, 46.855]"
1452385,39.962235360470544,116.14091472243553,1452385,346.1568677402389,-0.9509260898260848,346.1568677402389,-0.9509260898260848,230437.64-005703.3,2.5026194853665666,46.602292269628585,0.0035321907555996,0.0,-1.0,-26.704174322254786,7.9481658935546875,2.5026194853665666,46.602292269628585,0.0035321907555996,"(46.324, 46.855]"
1448148,27.455177018421256,91.33155782020414,1448148,354.0847829370257,-0.1696611924081444,354.0847829370257,-0.1696611924081444,233620.34-001010.7,2.845584288804664,46.583871251986395,0.0047310768719697,0.0,-1.0,-27.005344403191167,6.544482231140137,2.845584288804664,46.583871251986395,0.0047310768719697,"(46.324, 46.855]"
1447242,40.74459819095565,392.7901071184596,1447242,355.7902087298468,0.223819359218083,355.7902087298468,0.223819359218083,234309.65+001325.7,2.8200360712503616,46.41933474335015,0.0050028942865409,0.0,-1.0,-26.043682380452847,4.788045883178711,2.8200360712503616,46.41933474335015,0.0050028942865409,"(46.324, 46.855]"
1423591,15.014035305405796,229.90248457346527,1423591,16.967620757572444,-1.151387672337558,16.967620757572444,-1.151387672337558,010752.22-010904.9,3.23639190392056,46.83119658013668,0.0210478386967452,0.0,-1.0,-27.65027400383562,7.507836818695068,3.23639190392056,46.83119658013668,0.0210478386967452,"(46.324, 46.855]"
1394299,126.0667397034088,412.1158072834892,1394299,38.29664522509142,-0.3968832682979959,38.29664522509142,-0.3968832682979959,023311.19-002348.7,3.0838131834191325,46.496622053449535,0.0068464233093159,0.0,-1.0,-25.6505420806737,5.0771026611328125,3.0838131834191325,46.496622053449535,0.0068464233093159,"(46.324, 46.855]"
1390319,98.64096368629656,169.00152268856678,1390319,41.11203925617926,-0.507904965468476,41.11203925617926,-0.507904965468476,024426.88-003028.4,2.092190530098717,46.50391606528504,0.0030103903523865,45.66249476181764,0.0056574689906661,-25.714055977878942,9.205744743347168,2.092190530098717,46.50391606528504,0.0030103903523865,"(46.324, 46.855]"
1394623,61.06303495153241,280.9993693272786,1394623,38.06784960153891,0.3693304714321661,38.06784960153891,0.3693304714321661,023216.28+002209.5,1.75256633525324,46.6623097857967,0.0016039960640128,45.95050255675551,0.0016039960640128,-26.68596078822888,19.59369468688965,1.75256633525324,46.6623097857967,0.0016039960640128,"(46.324, 46.855]"
1447972,73.86891316186747,205.4728607810554,1447972,354.4130022720278,0.4489464870525551,354.4130022720278,0.4489464870525551,233739.12+002656.2,1.7015295936964667,46.79320628794297,0.0019629216997927,46.08139905890178,0.0019629216997927,-26.610728880274586,16.605567932128906,1.7015295936964667,46.79320628794297,0.0019629216997927,"(46.324, 46.855]"
1447220,121.99416529388913,281.6121312228873,1447220,355.84569,1.124848,355.84569,1.124848,234322.96+010729.4,2.146538150687058,46.490053643299355,0.0116025388587281,0.0,-1.0,-26.27848251315127,4.912443161010742,2.146538150687058,46.490053643299355,0.0116025388587281,"(46.324, 46.855]"
1410318,72.14645067231874,250.34298289372504,1410318,26.814480054381555,0.9015485885067746,26.814480054381555,0.9015485885067746,014715.47+005405.5,2.5537220867462698,46.38561049836997,0.0042174518529769,0.0,-1.0,-26.269227174440044,5.387248992919922,2.5537220867462698,46.38561049836997,0.0042174518529769,"(46.324, 46.855]"
1449326,378.5755326454208,911.459243404262,1449326,351.8947229983237,0.3761313864081365,351.8947229983237,0.3761313864081365,232734.73+002234.0,1.488081365566196,46.66007308813389,0.0021808130356859,45.9482658590927,0.0021808130356859,-26.73587784888962,21.80906105041504,1.488081365566196,46.66007308813389,0.0021808130356859,"(46.324, 46.855]"
1396680,73.40026572834022,180.0868631029707,1396680,36.697610676875,0.2151231924013434,36.697610676875,0.2151231924013434,022647.42+001254.4,2.139901000780795,46.574925178440594,0.0025737443774858,46.12978193669727,0.0022237670264644,-26.940434319408407,15.958891868591309,2.139901000780795,46.574925178440594,0.0025737443774858,"(46.324, 46.855]"
1402999,162.91134159752517,443.91627862833127,1402999,32.376608,0.321342,32.376608,0.321342,020930.38+001916.8,2.0483082926910865,46.61086224987733,0.0089060667033038,45.84578774085398,0.0161774769006726,-26.61872642762145,7.239715576171875,2.0483082926910865,46.61086224987733,0.0089060667033038,"(46.324, 46.855]"
1450181,10.68560316101506,32.81727745853864,1450181,350.3287840501663,-1.1232863926220449,350.3287840501663,-1.1232863926220449,232118.90-010723.8,2.748241856490441,46.35895013019778,0.0086999102770306,0.0,-1.0,-26.135176696531097,3.9372105598449707,2.748241856490441,46.35895013019778,0.0086999102770306,"(46.324, 46.855]"
1435749,128.74380719334349,294.1986899838122,1435749,7.521060867937194,0.4800787967715205,7.521060867937194,0.4800787967715205,003005.05+002848.2,1.404798678967904,46.49569918030553,0.0023140511557642,45.78389195126434,0.0023140511557642,-26.459188076804015,23.499664306640625,1.404798678967904,46.49569918030553,0.0023140511557642,"(46.324, 46.855]"
1403484,72.50275750278585,222.340074251924,1403484,32.03729908966972,-0.330544042614408,32.03729908966972,-0.330544042614408,020808.95-001949.9,2.818313352338349,46.56426636357766,0.0041002000102707,0.0,-1.0,-26.90010991700095,6.184662342071533,2.818313352338349,46.56426636357766,0.0041002000102707,"(46.324, 46.855]"
1388697,134.88600054831056,255.4087503241784,1388697,42.19697044015993,-0.219320750796847,42.19697044015993,-0.219320750796847,024847.27-001309.5,1.4462921002766889,46.48920799897348,0.0020272042141407,45.777400769932285,0.0020272042141407,-26.41842337529005,16.045291900634766,1.4462921002766889,46.48920799897348,0.0020272042141407,"(46.324, 46.855]"
1416849,27.36729220591728,61.83018766288023,1416849,22.16108624829954,-0.7685352660485982,22.16108624829954,-0.7685352660485982,012838.66-004606.7,2.775000786872688,46.33475232830952,0.003409833982424,0.0,-1.0,-25.74256210535345,4.758050918579102,2.775000786872688,46.33475232830952,0.003409833982424,"(46.324, 46.855]"
1427209,106.14354029535951,239.7659533883047,1427209,14.10258396097855,-0.0773759926327356,14.10258396097855,-0.0773759926327356,005624.62-000438.5,2.248479314784122,46.51619775710331,0.0027496821398926,45.70318236261339,0.0168074849389938,-26.384412442392776,8.24666976928711,2.248479314784122,46.51619775710331,0.0027496821398926,"(46.324, 46.855]"
1408044,88.62193766267183,225.7003485774489,1408044,28.573431,1.173833,28.573431,1.173833,015417.62+011025.7,1.9515455340523111,46.45287664022189,0.0381638792793346,45.50859536386254,0.0205294321532463,-25.79428152748179,5.2108941078186035,1.9515455340523111,46.45287664022189,0.0381638792793346,"(46.324, 46.855]"
1399655,64.8478081141376,198.7302025458152,1399655,34.680794831577415,0.2027091734990295,34.680794831577415,0.2027091734990295,021843.39+001209.7,3.0272532653601854,46.67628038007592,0.0040562008433155,0.0,-1.0,-26.901093628601124,7.28253698348999,3.0272532653601854,46.67628038007592,0.0040562008433155,"(46.324, 46.855]"
1466963,36.34675091624261,1132.3711141042163,1466963,318.3975520294973,-0.6457557920360644,318.3975520294973,-0.6457557920360644,211335.41-003844.7,2.3049885364164893,46.553209809757334,0.0032864790345996,46.67584043981466,0.0026253348721319,-27.70926244682286,16.6452579498291,2.3049885364164893,46.553209809757334,0.0032864790345996,"(46.324, 46.855]"
1447340,85.59956965567284,201.2949314862552,1447340,355.56401172097026,-0.4833363055757687,355.56401172097026,-0.4833363055757687,234215.36-002900.0,2.268944630253889,46.629693868806534,0.002203794925851,45.81137845740345,0.0085285761017104,-26.19147856809554,10.192316055297852,2.268944630253889,46.629693868806534,0.002203794925851,"(46.324, 46.855]"
1412923,12.015986915649377,36.47840612627879,1412923,24.978950879905376,-1.1073698861822443,24.978950879905376,-1.1073698861822443,013954.94-010626.5,2.9845279671182925,46.36547402007602,0.0090315959236555,0.0,-1.0,-25.95968800106416,3.6658902168273926,2.9845279671182925,46.36547402007602,0.0090315959236555,"(46.324, 46.855]"
1394155,96.42490992761898,462.2577165220504,1394155,38.39230741558342,-0.4934375788636419,38.39230741558342,-0.4934375788636419,023334.15-002936.3,3.407397514956989,46.6612455622504,0.0081795639380253,0.0,-1.0,-27.388940448306162,6.738029956817627,3.407397514956989,46.6612455622504,0.0081795639380253,"(46.324, 46.855]"
1415684,54.362281227406605,155.05505674376144,1415684,23.024914078205427,1.1790674809878685,23.024914078205427,1.1790674809878685,013205.97+011044.6,1.9029108617301576,46.3377570781202,0.0031686298168267,45.62594984907901,0.0031686298168267,-25.5096233284916,6.218399524688721,1.9029108617301576,46.3377570781202,0.0031686298168267,"(46.324, 46.855]"
1405625,164.39490129738945,390.06541070196863,1405625,30.515724601518343,-0.0516878480367072,30.515724601518343,-0.0516878480367072,020203.77-000306.0,2.281883945041716,46.34175959578372,0.0032858036184961,45.71455191362176,0.0146590037925768,-25.815095723016555,6.9376349449157715,2.281883945041716,46.34175959578372,0.0032858036184961,"(46.324, 46.855]"
1433941,35.26913984442169,109.71181313814944,1433941,8.963947634237684,-0.0773811987101306,8.963947634237684,-0.0773811987101306,003551.34-000438.5,2.8340956043351913,46.45079624865,0.005409345879773,0.0,-1.0,-26.718276134369855,4.612046241760254,2.8340956043351913,46.45079624865,0.005409345879773,"(46.324, 46.855]"
1455973,158.3238635270008,341.95327075039376,1455973,339.1726371078138,-0.6340198766062852,339.1726371078138,-0.6340198766062852,223641.43-003802.4,1.6448025334229592,46.395404099953126,0.0046803129594081,45.683596870911934,0.0046803129594081,-26.006352111403814,11.570638656616211,1.6448025334229592,46.395404099953126,0.0046803129594081,"(46.324, 46.855]"
1388573,129.7956336462097,247.77418746163784,1388573,42.28044991147189,-0.1137367830970441,42.28044991147189,-0.1137367830970441,024907.30-000649.4,2.254732041891028,46.411719192397214,0.0035132177455317,45.67531932190074,0.0070187490156499,-26.51599653755929,7.072317123413086,2.254732041891028,46.411719192397214,0.0035132177455317,"(46.324, 46.855]"
1392307,257.5475658778116,797.2053402213029,1392307,39.77584525573536,0.4124443262938063,39.77584525573536,0.4124443262938063,023906.20+002444.7,2.6055400354263414,46.639402335201645,0.0044168940148914,0.0,-1.0,-26.65004981251794,7.404283046722412,2.6055400354263414,46.639402335201645,0.0044168940148914,"(46.324, 46.855]"
1403354,530.9079198446126,819.5311574309603,1403354,32.139478,-0.982364,32.139478,-0.982364,020833.47-005856.5,1.9714835266111606,46.482560527312174,0.0122697651653886,45.766482564000746,0.0141220731750841,-26.194291628451822,6.054161548614502,1.9714835266111606,46.482560527312174,0.0122697651653886,"(46.324, 46.855]"
1462490,166.0230289823583,399.2221063406464,1462490,326.69185076191854,-0.7956343102462397,326.69185076191854,-0.7956343102462397,214646.04-004744.2,2.3840318821336592,46.52661639953523,0.0035210405968904,45.82921460338406,0.0103675721487555,-25.545934231272838,9.319181442260742,2.3840318821336592,46.52661639953523,0.0035210405968904,"(46.324, 46.855]"
1446701,25.366474564802623,134.11562205450429,1446701,356.9339165658768,0.0593791496337996,356.9339165658768,0.0593791496337996,234744.14+000333.7,2.5151632744016412,46.68065073080295,0.0039136356637712,0.0,-1.0,-26.60663494286261,9.829048156738281,2.5151632744016412,46.68065073080295,0.0039136356637712,"(46.324, 46.855]"
1397797,56.60538858430767,131.3425495747318,1397797,35.93670058236893,0.6804581626053245,35.93670058236893,0.6804581626053245,022344.80+004049.6,2.9728248855815194,46.542523807167434,0.004043485388486,0.0,-1.0,-26.544352736430664,6.531955718994141,2.9728248855815194,46.542523807167434,0.004043485388486,"(46.324, 46.855]"
1440934,251.69464927084616,1741.0300473968075,1440934,3.240699081117953,1.1008809810227616,3.240699081117953,1.1008809810227616,001257.76+010603.1,1.0620871676575823,46.42523256049098,0.0024690562169027,45.71342533144979,0.0024690562169027,-25.921450746979428,25.344240188598633,1.0620871676575823,46.42523256049098,0.0024690562169027,"(46.324, 46.855]"
1411078,19.390303769139148,60.65837545329589,1411078,26.246921900011174,-1.243685395312949,26.246921900011174,-1.243685395312949,014459.26-011437.2,2.2381933531086333,46.42767198173116,0.0039792489586218,45.634450653276375,0.0107871892915412,-25.9805934595854,9.07233715057373,2.2381933531086333,46.42767198173116,0.0039792489586218,"(46.324, 46.855]"
1452327,109.0677383728266,326.2769084107227,1452327,346.2622309300328,-0.176860786516752,346.2622309300328,-0.176860786516752,230502.93-001036.6,2.585260365765573,46.49195704320283,0.0031788265244578,0.0,-1.0,-26.129271923809593,5.825909614562988,2.585260365765573,46.49195704320283,0.0031788265244578,"(46.324, 46.855]"
1418173,46.43826847604253,608.8802067349787,1418173,21.19044677253254,0.5368199229345135,21.19044677253254,0.5368199229345135,012445.70+003212.5,1.2963582810576593,46.4884567417945,0.0015411722321374,45.77664951275331,0.0015411722321374,-25.955263338161274,18.744325637817383,1.2963582810576593,46.4884567417945,0.0015411722321374,"(46.324, 46.855]"
1408091,72.94998988151164,342.4110820205877,1408091,28.538626350577125,0.445905018705397,28.538626350577125,0.445905018705397,015409.27+002645.2,1.356890050826625,46.364090471071535,0.0031420374104982,45.65228324203034,0.0031420374104982,-25.988273422994475,12.100678443908691,1.356890050826625,46.364090471071535,0.0031420374104982,"(46.324, 46.855]"
1432454,229.0495797595429,784.4255366654861,1432454,10.075911294327284,0.925261784670114,10.075911294327284,0.925261784670114,004018.21+005530.9,2.032070293695696,46.7127389392326,0.0019495108400384,46.11173494210599,0.0031980361531083,-27.22062871352247,14.66193675994873,2.032070293695696,46.7127389392326,0.0019495108400384,"(46.324, 46.855]"
1413798,543.4664375777758,1233.830393027275,1413798,24.345858699385715,-0.2962610025365906,24.345858699385715,-0.2962610025365906,013723.00-001746.5,1.4429578912793537,46.65422454619743,0.0016568707647657,45.94241731715624,0.0016568707647657,-26.39430052752632,23.609350204467773,1.4429578912793537,46.65422454619743,0.0016568707647657,"(46.324, 46.855]"
1445635,40.0260384524724,84.14260031332127,1445635,358.73983292492454,0.9716156915327528,358.73983292492454,0.9716156915327528,235457.55+005817.8,2.8216667834997327,46.34592102705752,0.0071680428300417,0.0,-1.0,-25.75916477010002,3.4023561477661133,2.8216667834997327,46.34592102705752,0.0071680428300417,"(46.324, 46.855]"
1425500,38.54790895358418,228.6583143775668,1425500,15.525139036393425,-1.2074550679723652,15.525139036393425,-1.2074550679723652,010206.03-011226.8,3.0764035036768074,46.6223230208165,0.0037507412913555,0.0,-1.0,-26.54581508670362,6.139415740966797,3.0764035036768074,46.6223230208165,0.0037507412913555,"(46.324, 46.855]"
1444925,33.857756671002726,81.43170936375152,1444925,359.8297119547682,0.1741998344496477,359.8297119547682,0.1741998344496477,235919.13+001027.1,2.922718655422434,46.759300940385735,0.0023384995490012,0.0,-1.0,-27.262741707150706,9.421780586242676,2.922718655422434,46.759300940385735,0.0023384995490012,"(46.324, 46.855]"
1443908,29.06525741711884,70.81825604600982,1443908,0.752337546264755,0.8558109441612908,0.752337546264755,0.8558109441612908,000300.56+005120.9,3.422254039244085,46.5368995263829,0.0166809435498755,0.0,-1.0,-27.048069221889776,3.194499969482422,3.422254039244085,46.5368995263829,0.0166809435498755,"(46.324, 46.855]"
1446810,57.7298625191462,190.29727793363733,1446810,356.7392189304574,-0.0539345630535014,356.7392189304574,-0.0539345630535014,234657.41-000314.1,3.1122776610681324,46.58103309145479,0.0083329188777128,0.0,-1.0,-26.64341324606242,3.7288243770599365,3.1122776610681324,46.58103309145479,0.0083329188777128,"(46.324, 46.855]"
1401845,75.92231796908149,257.38338581076744,1401845,33.22574874764899,-0.4386959905033179,33.22574874764899,-0.4386959905033179,021254.17-002619.3,2.633189488612379,46.515474333222485,0.0039285910354962,0.0,-1.0,-26.558754661932625,7.970921039581299,2.633189488612379,46.515474333222485,0.0039285910354962,"(46.324, 46.855]"
1416471,60.94487422758556,297.7551342353501,1416471,22.419294,-0.679635,22.419294,-0.679635,012940.63-004046.6,1.8314669012951172,46.47708739538463,0.0067148624319131,45.76528016634344,0.0067148624319131,-26.09061358371605,5.431943416595459,1.8314669012951172,46.47708739538463,0.0067148624319131,"(46.324, 46.855]"
1402160,44.12794330869878,116.44448891223884,1402160,33.00023280277168,0.1820805157219061,33.00023280277168,0.1820805157219061,021200.05+001055.4,3.1930202731653217,46.61352440367428,0.0065624631547649,0.0,-1.0,-26.793532917226237,5.929171562194824,3.1930202731653217,46.61352440367428,0.0065624631547649,"(46.324, 46.855]"
1453417,113.69422337736292,399.4461247018471,1453417,344.21767904236555,0.6682080638361805,344.21767904236555,0.6682080638361805,225652.24+004005.5,2.647244176093774,46.68489083675311,0.002322409945652,0.0,-1.0,-27.019616694606032,9.406039237976074,2.647244176093774,46.68489083675311,0.002322409945652,"(46.324, 46.855]"
1401444,43.30363198788525,308.2420927075495,1401444,33.482082059473754,0.8260415303167067,33.482082059473754,0.8260415303167067,021355.69+004933.7,3.340524689436301,46.718619551052775,0.010850701443104,0.0,-1.0,-26.938155534565315,5.663501739501953,3.340524689436301,46.718619551052775,0.010850701443104,"(46.324, 46.855]"
1393558,64.72515722372775,215.56875947222812,1393558,38.82628020109991,-0.1030460104515212,38.82628020109991,-0.1030460104515212,023518.30-000610.9,1.7213869881774122,46.492320426254075,0.002729869987764,45.78051319721288,0.002729869987764,-26.18584658080214,10.238945007324219,1.7213869881774122,46.492320426254075,0.002729869987764,"(46.324, 46.855]"
1450927,80.8522093219484,130.31113635445178,1450927,348.939834,-0.323315,348.939834,-0.323315,231545.56-001923.9,1.9317683605141567,46.382874892286615,0.0,45.60488749357115,0.0134635940191394,-26.099890778128405,4.2431640625,1.9317683605141567,46.382874892286615,0.0,"(46.324, 46.855]"
1463960,35.55545645825035,108.75541414589831,1463960,324.0836111318576,-0.3851865812515453,324.0836111318576,-0.3851865812515453,213620.06-002306.6,3.016380533560684,46.60331282034632,0.0067780390375205,0.0,-1.0,-27.389087562960757,7.114041328430176,3.016380533560684,46.60331282034632,0.0067780390375205,"(46.324, 46.855]"
1448004,102.99265506081798,327.781245104964,1448004,354.341729,0.377477,354.341729,0.377477,233722.01+002238.9,1.3849899715818919,46.33339707600028,0.0037810087827807,45.62158984695909,0.0037810087827807,-25.7210261910405,8.397290229797363,1.3849899715818919,46.33339707600028,0.0037810087827807,"(46.324, 46.855]"
1435232,86.15082373378723,173.6689966456763,1435232,7.944041905007538,0.7470145894604183,7.944041905007538,0.7470145894604183,003146.57+004449.2,2.0569873546756416,46.41119466866512,0.0043336181851927,45.59556409135188,0.007835326612497,-25.660308271839043,7.435890197753906,2.0569873546756416,46.41119466866512,0.0043336181851927,"(46.324, 46.855]"
1408646,97.09448389179911,417.3651238878795,1408646,28.108393,-1.113465,28.108393,-1.113465,015226.01-010648.4,2.1681011122447185,46.40044622600308,0.01142105247472,0.0,-1.0,-26.143185374190622,4.671386241912842,2.1681011122447185,46.40044622600308,0.01142105247472,"(46.324, 46.855]"
1430334,216.0044176535415,460.738653298042,1430334,11.60988484702716,0.2210449702379456,11.60988484702716,0.2210449702379456,004626.37+001315.7,1.5401581349545483,46.38254257752061,0.0026390102224809,45.67073534847942,0.0026390102224809,-26.372883895093967,11.102555274963379,1.5401581349545483,46.38254257752061,0.0026390102224809,"(46.324, 46.855]"
1419522,247.9629535843522,869.5526723564042,1419522,20.154108490637316,-0.4714617971110407,20.154108490637316,-0.4714617971110407,012036.98-002817.2,1.7973044904344486,46.37200732015776,0.0036921465602155,45.66020009111657,0.0036921465602155,-26.356998033623476,8.62924861907959,1.7973044904344486,46.37200732015776,0.0036921465602155,"(46.324, 46.855]"
1455805,386.59725305359166,787.577032496992,1455805,339.50445934631944,-0.2120290695739414,339.50445934631944,-0.2120290695739414,223801.07-001243.3,1.9872819339547834,46.3387117522545,0.0074666151047928,45.626904523213305,0.0074666151047928,-26.36054014746591,10.209976196289062,1.9872819339547834,46.3387117522545,0.0074666151047928,"(46.324, 46.855]"
1464903,112.08730416023144,331.8903471001688,1464903,322.4150072238778,0.8126512597972968,322.4150072238778,0.8126512597972968,212939.60+004845.5,2.271248237413362,46.64246390154925,0.0025881984517504,45.850353858061226,0.0068338292738019,-26.397807272850272,11.2479248046875,2.271248237413362,46.64246390154925,0.0025881984517504,"(46.324, 46.855]"
1467964,103.3528145753231,563.2453997531617,1467964,310.127208,-0.504426,310.127208,-0.504426,204030.52-003015.9,1.5418400251013735,46.50115978529373,0.0032156604699089,45.78935255625254,0.0032156604699089,-26.378271600323817,6.522314071655273,1.5418400251013735,46.50115978529373,0.0032156604699089,"(46.324, 46.855]"
1398458,59.23329893926257,171.36731223139964,1398458,35.49516596451946,-0.1812581758728305,35.49516596451946,-0.1812581758728305,022158.83-001052.5,3.2370670266299357,46.59469881771678,0.0067069641054793,0.0,-1.0,-27.234242836353587,5.991002082824707,3.2370670266299357,46.59469881771678,0.0067069641054793,"(46.324, 46.855]"
1407593,189.5640559448841,507.9367958854212,1407593,28.932609,-0.842505,28.932609,-0.842505,015543.82-005033.0,2.034157352686991,46.76148399967715,0.0057644926543787,45.89656194583645,0.0147273915357395,-27.082640252326932,8.583824157714844,2.034157352686991,46.76148399967715,0.0057644926543787,"(46.324, 46.855]"
1421344,148.9104524314785,622.0465731067163,1421344,18.817721,-0.077904,18.817721,-0.077904,011516.25-000440.4,1.6091061400714621,46.435521933148515,0.0032258822514315,45.72371470410732,0.0032258822514315,-26.387511022105777,8.865119934082031,1.6091061400714621,46.435521933148515,0.0032258822514315,"(46.324, 46.855]"
1395747,67.71006730704796,170.87195348678827,1395747,37.332738237425744,0.7218831886458503,37.332738237425744,0.7218831886458503,022919.85+004318.7,2.581043890114931,46.32431398694994,0.0036582303415499,0.0,-1.0,-25.441063560416488,4.747159481048584,2.581043890114931,46.32431398694994,0.0036582303415499,"(46.324, 46.855]"
1448751,378.9712008164789,1072.147094130908,1448751,352.9942484984987,-0.902898422009084,352.9942484984987,-0.902898422009084,233158.61-005410.4,2.3111665672580277,46.57941195536213,0.0026851895087212,45.79047102904333,0.0162631381607418,-26.16331944764997,7.027256488800049,2.3111665672580277,46.57941195536213,0.0026851895087212,"(46.324, 46.855]"
1388729,137.79676076815724,340.92466891449044,1388729,42.17078704213336,-0.2080416231358759,42.17078704213336,-0.2080416231358759,024840.98-001228.9,1.1987326034599302,46.35987674503348,0.0016585250158058,45.64806951599229,0.0016585250158058,-26.03441703401502,17.44397735595703,1.1987326034599302,46.35987674503348,0.0016585250158058,"(46.324, 46.855]"
1459797,46.28284285806504,218.70154822801425,1459797,331.99227377555206,0.8139327258851663,331.99227377555206,0.8139327258851663,220758.14+004850.1,3.2207615889528998,46.6717318740975,0.0053508368196162,0.0,-1.0,-26.844718330870982,5.411468029022217,3.2207615889528998,46.6717318740975,0.0053508368196162,"(46.324, 46.855]"
1393726,43.66038792431917,165.47494996983,1393726,38.69405964134073,-0.2377718149887565,38.69405964134073,-0.2377718149887565,023446.57-001415.9,3.6120909497999327,46.840216770447576,0.0106151982882209,0.0,-1.0,-27.37147207538426,6.066623210906982,3.6120909497999327,46.840216770447576,0.0106151982882209,"(46.324, 46.855]"
1431400,218.4066099704042,713.8781057961849,1431400,10.820236833592476,0.1690190210820556,10.820236833592476,0.1690190210820556,004316.85+001008.4,1.5213833331492916,46.62344710444549,0.0012874482734517,45.9116398754043,0.0012874482734517,-26.456181145226896,23.7393741607666,1.5213833331492916,46.62344710444549,0.0012874482734517,"(46.324, 46.855]"
1449176,36.03038227885473,393.0831402487741,1449176,352.1623375735944,-0.123580224139286,352.1623375735944,-0.123580224139286,232838.96-000724.8,1.8056110626358983,46.42254517602705,0.0041204070982914,45.71073794698586,0.0041204070982914,-26.091888165765454,7.270237922668457,1.8056110626358983,46.42254517602705,0.0041204070982914,"(46.324, 46.855]"
1450898,263.2506661304301,779.1409250529668,1450898,348.9917410152541,-0.6186643584842583,348.9917410152541,-0.6186643584842583,231558.01-003707.1,2.0847757133726597,46.48786828980255,0.0033605275143138,45.77882283332887,0.0053057388149007,-26.32245680092069,11.406737327575684,2.0847757133726597,46.48786828980255,0.0033605275143138,"(46.324, 46.855]"
1401755,133.65661546868455,324.4131595752399,1401755,33.28386187510399,-1.1971008400002772,33.28386187510399,-1.1971008400002772,021308.12-011149.5,2.214037546302361,46.36951187784348,0.0040731584915576,45.6858592628658,0.0132532287235207,-26.086249541441795,5.9742560386657715,2.214037546302361,46.36951187784348,0.0040731584915576,"(46.324, 46.855]"
1447494,540.9727374126778,1088.0108496794285,1447494,355.25412755280274,0.5547368637973821,355.25412755280274,0.5547368637973821,234100.99+003317.0,1.0800772001159495,46.45527016161703,0.00097847722283,45.74346293257584,0.00097847722283,-25.889789891927826,20.153728485107422,1.0800772001159495,46.45527016161703,0.00097847722283,"(46.324, 46.855]"
1393609,114.8574245521536,244.38283199555707,1393609,38.78596066947769,0.1650139238734972,38.78596066947769,0.1650139238734972,023508.63+000954.0,2.3340661202257684,46.64139396961177,0.0027496456594562,46.09351704882575,0.0064787559256807,-26.688083812440624,11.728964805603027,2.3340661202257684,46.64139396961177,0.0027496456594562,"(46.324, 46.855]"
1463248,38.51588353289689,114.09155967303184,1463248,325.36372041476943,1.1575450085658407,325.36372041476943,1.1575450085658407,214127.29+010927.1,3.232424579388011,46.82651241616294,0.0048404271249111,0.0,-1.0,-27.029145119792744,6.8754963874816895,3.232424579388011,46.82651241616294,0.0048404271249111,"(46.324, 46.855]"
1415430,103.433197030361,640.9616662817149,1415430,23.18877208401752,-0.7694416569535631,23.18877208401752,-0.7694416569535631,013245.30-004609.9,1.4674170303150784,46.853075162089716,0.0010786086705785,46.141267933048525,0.0010786086705785,-26.59760111582724,24.667499542236328,1.4674170303150784,46.853075162089716,0.0010786086705785,"(46.324, 46.855]"
1445628,26.305465520220263,53.521898558432206,1445628,358.7557083305404,0.9116222468660582,358.7557083305404,0.9116222468660582,235501.37+005441.8,2.942413631006952,46.41834261201749,0.0060755887017016,0.0,-1.0,-26.692185103861668,4.258980751037598,2.942413631006952,46.41834261201749,0.0060755887017016,"(46.324, 46.855]"
1407029,315.4441464884949,1055.8738548533026,1407029,29.39114996406301,-0.8068085234600678,29.39114996406301,-0.8068085234600678,015733.87-004824.5,1.549256237646945,46.74137442703209,0.0014536830483677,46.0295671979909,0.0014536830483677,-26.89726746270886,25.917078018188477,1.549256237646945,46.74137442703209,0.0014536830483677,"(46.324, 46.855]"
1463665,143.08797386431468,649.2198262770764,1463665,324.581345,-1.090559,324.581345,-1.090559,213819.52-010526.0,2.1087924444069497,46.78085733351458,0.0053846712499563,0.0,-1.0,-27.014246662090653,8.826408386230469,2.1087924444069497,46.78085733351458,0.0053846712499563,"(46.324, 46.855]"
1417834,38.97446874354608,138.95894478922077,1417834,21.454303449997948,0.880807519537096,21.454303449997948,0.880807519537096,012549.03+005250.9,2.991485520390663,46.78860031852492,0.003176882440588,0.0,-1.0,-26.87552293827734,6.557435512542725,2.991485520390663,46.78860031852492,0.003176882440588,"(46.324, 46.855]"
1423676,98.99042509466796,387.48853971510925,1423676,16.902747018827583,-0.1685499360037213,16.902747018827583,-0.1685499360037213,010736.65-001006.7,1.8531797218242472,46.453896059327896,0.0049814248499444,45.742088830286704,0.0049814248499444,-26.452719006837675,10.432291984558105,1.8531797218242472,46.453896059327896,0.0049814248499444,"(46.324, 46.855]"
1450775,142.79046871744268,299.55278048405694,1450775,349.2062442851303,0.6248431349222134,349.2062442851303,0.6248431349222134,231649.49+003729.4,2.0218369717845954,46.36549074876879,0.0049093524042405,45.56954942274872,0.0116999802758783,-25.868940668445394,6.593394756317139,2.0218369717845954,46.36549074876879,0.0049093524042405,"(46.324, 46.855]"
1416692,172.07427159820202,789.7324315284195,1416692,22.25404586616878,-0.4346953978408728,22.25404586616878,-0.4346953978408728,012900.97-002604.9,2.2584547096978467,46.46176902636651,0.0035700112435073,46.01310411011784,0.0062933266950082,-26.756052805068716,12.069599151611328,2.2584547096978467,46.46176902636651,0.0035700112435073,"(46.324, 46.855]"
1406049,202.8867336177492,973.8616972318132,1406049,30.1974242291342,0.5194950038118326,30.1974242291342,0.5194950038118326,020047.38+003110.1,1.6202339289233534,46.69956957900153,0.0018134156413722,45.98776234996034,0.0018134156413722,-26.67896156409935,21.51087188720703,1.6202339289233534,46.69956957900153,0.0018134156413722,"(46.324, 46.855]"
1442695,61.57404781733188,161.9420919134259,1442695,1.7286778489957104,-0.2310005338232307,1.7286778489957104,-0.2310005338232307,000654.88-001351.6,2.5762811247228705,46.39125180971362,0.0057745079899476,0.0,-1.0,-26.42479733194697,6.554415225982666,2.5762811247228705,46.39125180971362,0.0057745079899476,"(46.324, 46.855]"
1433632,107.24323985989776,279.862184578296,1433632,9.168105118706762,1.2470805798273037,9.168105118706762,1.2470805798273037,003640.34+011449.4,2.356510991428406,46.50184007342901,0.0038211682868478,45.52572235822015,0.0316950193566505,-26.049480299265078,7.16968297958374,2.356510991428406,46.50184007342901,0.0038211682868478,"(46.324, 46.855]"
1455810,57.204580721889656,144.18765421250137,1455810,339.49858796153694,-0.8251884517465319,339.49858796153694,-0.8251884517465319,223759.66-004930.6,2.5788759692127137,46.445665959577475,0.0033243349046649,0.0,-1.0,-26.576179286509916,5.291280269622803,2.5788759692127137,46.445665959577475,0.0033243349046649,"(46.324, 46.855]"
1413940,15.025694112017703,48.601249957098894,1413940,24.22501142422294,-0.8882146638329992,24.22501142422294,-0.8882146638329992,013654.00-005317.5,2.479641473789113,46.647015575969135,0.0053055495354676,0.0,-1.0,-26.467391912414076,5.430000305175781,2.479641473789113,46.647015575969135,0.0053055495354676,"(46.324, 46.855]"
1434615,417.7656759065554,834.1867314268884,1434615,8.449606326856745,-1.2068299691700215,8.449606326856745,-1.2068299691700215,003347.90-011224.5,2.487580886959811,46.525654769968185,0.0081169456436285,0.0,-1.0,-26.71743997020371,8.495800971984863,2.487580886959811,46.525654769968185,0.0081169456436285,"(46.324, 46.855]"
1422307,60.971307143266685,210.2095064475819,1422307,18.02607841642784,1.0870985554848724,18.02607841642784,1.0870985554848724,011206.25+010513.5,2.3172373889252995,46.3805600065275,0.0043460022221495,45.593927524189326,0.0207171430207075,-26.242303825955346,6.3333611488342285,2.3172373889252995,46.3805600065275,0.0043460022221495,"(46.324, 46.855]"
1392321,423.6673613207773,1192.5816464636086,1392321,39.76914381890612,1.031588386803597,39.76914381890612,1.031588386803597,023904.59+010153.7,3.0661884506869206,46.81184510471826,0.0048551393411635,0.0,-1.0,-27.492111083304398,8.42022705078125,3.0661884506869206,46.81184510471826,0.0048551393411635,"(46.324, 46.855]"
1464336,44.80099199831541,115.12148130112529,1464336,323.4429923745377,-0.8101394514340498,323.4429923745377,-0.8101394514340498,213346.31-004836.5,1.5946324513818704,46.53181406227264,0.0023608185415397,45.820006833231446,0.0023608185415397,-26.79760197647383,16.813243865966797,1.5946324513818704,46.53181406227264,0.0023608185415397,"(46.324, 46.855]"
1396008,268.19706731101473,749.3669873520715,1396008,37.16388604418482,0.773053683776872,37.16388604418482,0.773053683776872,022839.33+004622.9,1.2927590846267796,46.4350262263101,0.0019634798303087,45.72321899726891,0.0019634798303087,-26.122748056364006,14.644153594970703,1.2927590846267796,46.4350262263101,0.0019634798303087,"(46.324, 46.855]"
1402068,116.82382998832011,410.86484025008895,1402068,33.066597104081566,0.6059180707332101,33.066597104081566,0.6059180707332101,021215.98+003621.3,3.0966497158573145,46.65732162579165,0.0130447458441551,0.0,-1.0,-27.13925504433863,6.4922285079956055,3.0966497158573145,46.65732162579165,0.0130447458441551,"(46.324, 46.855]"
1426151,272.411283883888,1157.6076221255626,1426151,15.009676568172324,0.2784609493527908,15.009676568172324,0.2784609493527908,010002.32+001642.4,0.7791813162046255,46.370051762182406,0.0008295065101897,45.658244533141215,0.0008295065101897,-26.40731022496805,33.75408935546875,0.7791813162046255,46.370051762182406,0.0008295065101897,"(46.324, 46.855]"
1460314,134.46357761915542,287.0944144295311,1460314,330.9140249534283,0.7580258623614231,330.9140249534283,0.7580258623614231,220339.36+004528.8,2.2551192622955964,46.55099209969511,0.0045461826267754,45.63415638856174,0.0167251842018671,-26.400442108390095,6.567732334136963,2.2551192622955964,46.55099209969511,0.0045461826267754,"(46.324, 46.855]"
1389040,34.8308587232042,184.5208710909288,1389040,41.94527514404461,-0.3981771766754605,41.94527514404461,-0.3981771766754605,024746.86-002353.4,3.1434836052678747,46.62950749875753,0.0055658436022838,0.0,-1.0,-27.012589547263012,6.060232162475586,3.1434836052678747,46.62950749875753,0.0055658436022838,"(46.324, 46.855]"
1406833,348.3546656149735,883.0259600369155,1406833,29.544920996111443,0.2447051248934845,29.544920996111443,0.2447051248934845,015810.78+001440.9,2.14047564678773,46.34997535121991,0.0062425866287227,45.60962862834671,0.0147388234428831,-25.526195781166063,6.185569763183594,2.14047564678773,46.34997535121991,0.0062425866287227,"(46.324, 46.855]"
1458601,175.5101824867334,491.59529856742455,1458601,334.21909241010155,0.807890066269332,334.21909241010155,0.807890066269332,221652.58+004828.4,2.0123572749785272,46.35866231515167,0.0059732134423065,46.04653302901719,0.0031962820859767,-26.412395403084826,12.340296745300293,2.0123572749785272,46.35866231515167,0.0059732134423065,"(46.324, 46.855]"
1406578,31.98977628508084,88.82892227351753,1406578,29.76560175841433,-0.5046131974189183,29.76560175841433,-0.5046131974189183,015903.74-003016.6,2.8847481493301896,46.61395792773084,0.0035548181465046,0.0,-1.0,-26.604587862149483,6.05534029006958,2.8847481493301896,46.61395792773084,0.0035548181465046,"(46.324, 46.855]"
1446646,274.97869696773074,1046.4507348903016,1446646,357.04395,1.097605,357.04395,1.097605,234810.54+010551.3,1.8654564882280416,46.424860466900704,0.0069152567876749,45.71305323785951,0.0069152567876749,-26.233214621369747,5.454662799835205,1.8654564882280416,46.424860466900704,0.0069152567876749,"(46.324, 46.855]"
1446713,325.07772439019817,1172.2561629334075,1446713,356.91442172013285,-0.1716276220604377,356.91442172013285,-0.1716276220604377,234739.46-001017.8,2.203413073297841,46.79487130587974,0.0024178250671695,46.519117385958026,0.00110766182312,-27.68498221230924,24.025423049926758,2.203413073297841,46.79487130587974,0.0024178250671695,"(46.324, 46.855]"
1425118,257.55461166800524,679.2452806072741,1425118,15.812352105809673,-0.2831956924294808,15.812352105809673,-0.2831956924294808,010314.96-001659.5,2.6671298862843518,46.62969636143143,0.0025795050025614,0.0,-1.0,-26.166672645060906,7.8273138999938965,2.6671298862843518,46.62969636143143,0.0025795050025614,"(46.324, 46.855]"
1422539,125.78815376345251,396.9749312797673,1422539,17.832584,0.447803,17.832584,0.447803,011119.82+002652.0,1.7503387108859985,46.5059078557241,0.0039435038716391,45.794100626682905,0.0039435038716391,-26.252648992710444,9.106788635253906,1.7503387108859985,46.5059078557241,0.0039435038716391,"(46.324, 46.855]"
1398350,11.181658367344117,42.08808826904252,1398350,35.56707132646433,0.0869333845238229,35.56707132646433,0.0869333845238229,022216.09+000512.9,3.4029658688549524,46.415596353430814,0.0290567298143678,0.0,-1.0,-26.435296695407853,3.377497673034668,3.4029658688549524,46.415596353430814,0.0290567298143678,"(46.324, 46.855]"
1406749,1480.0554340181902,3173.355823904536,1406749,29.61365283680917,0.5839541348693408,29.61365283680917,0.5839541348693408,015827.27+003502.2,1.5943459243444822,46.38070164022752,0.0062436896218436,45.66889441118633,0.0062436896218436,-26.75497482766456,11.224486351013184,1.5943459243444822,46.38070164022752,0.0062436896218436,"(46.324, 46.855]"
1438124,30.04768735949286,131.1756619260631,1438124,5.591175080487804,-0.7486248229775003,5.591175080487804,-0.7486248229775003,002221.88-004455.0,3.134313094513925,46.735871473088835,0.0058310557904839,0.0,-1.0,-26.471575256116562,6.471458911895752,3.134313094513925,46.735871473088835,0.0058310557904839,"(46.324, 46.855]"
1392447,116.42563873618856,337.0377589503071,1392447,39.67328576629945,-0.4170055251091937,39.67328576629945,-0.4170055251091937,023841.58-002501.2,2.3795494277186124,46.70522843848748,0.002617402949145,46.13781887094412,0.010481476026797,-26.899069056684432,10.286454200744629,2.3795494277186124,46.70522843848748,0.002617402949145,"(46.324, 46.855]"
1402076,25.19988827949516,187.19795516827543,1402076,33.059438062602254,-0.7510455412513639,33.059438062602254,-0.7510455412513639,021214.26-004503.7,3.555551792823485,46.70755916866716,0.0074232125650226,0.0,-1.0,-26.57495156753646,3.325361728668213,3.555551792823485,46.70755916866716,0.0074232125650226,"(46.324, 46.855]"
1417930,33.19897624608586,89.34142049063429,1417930,21.38574369066845,0.2359001385002503,21.38574369066845,0.2359001385002503,012532.57+001409.2,2.0525063888641677,46.375869234103234,0.0062541002056093,45.532120839854215,0.0050213074575395,-26.010646676689344,7.202552318572998,2.0525063888641677,46.375869234103234,0.0062541002056093,"(46.324, 46.855]"
1444313,289.1682677318748,1136.2365615243907,1444313,0.4159580216476115,-0.6204087018796131,0.4159580216476115,-0.6204087018796131,000139.82-003713.4,1.8336580171362211,46.329219159568254,0.0041782147112989,45.61741193052706,0.0041782147112989,-26.34787632734696,8.39263916015625,1.8336580171362211,46.329219159568254,0.0041782147112989,"(46.324, 46.855]"
1420030,62.66590982406736,252.67541580402056,1420030,19.805067896406744,0.8544121047036777,19.805067896406744,0.8544121047036777,011913.21+005115.8,1.672322271058031,46.43409921848818,0.0031702338540213,45.72229198944699,0.0031702338540213,-26.34798670961043,10.953485488891602,1.672322271058031,46.43409921848818,0.0031702338540213,"(46.324, 46.855]"
1434383,1833.922593412265,3967.099458881046,1434383,8.632462692882314,-0.1659535376055648,8.632462692882314,-0.1659535376055648,003431.79-000957.4,1.4965367618446137,46.54385204777505,0.0020573620521737,45.832044818733856,0.0020573620521737,-25.717867899672004,17.79368782043457,1.4965367618446137,46.54385204777505,0.0020573620521737,"(46.324, 46.855]"
1432151,453.09548294184935,884.2128631327274,1432151,10.291747272879247,-0.7366315884045533,10.291747272879247,-0.7366315884045533,004110.01-004411.8,1.8277997570499955,46.80391937511164,0.001860007153418,46.09211214607045,0.001860007153418,-27.12727894990158,18.84735107421875,1.8277997570499955,46.80391937511164,0.001860007153418,"(46.324, 46.855]"
1466343,166.94016540313282,249.90237202425172,1466343,319.8111586877396,-1.0981129363159947,319.8111586877396,-1.0981129363159947,211914.67-010553.2,1.7469345367086397,46.502199545307924,0.0027482062395769,45.79039231626673,0.0027482062395769,-26.08404236587076,11.850446701049805,1.7469345367086397,46.502199545307924,0.0027482062395769,"(46.324, 46.855]"
1429554,122.82476625334088,628.8122922448466,1429554,12.16654540272566,-0.9824026837333596,12.16654540272566,-0.9824026837333596,004839.97-005856.6,1.5888818838727188,46.56644684912276,0.0024682369024269,45.85463962008157,0.0024682369024269,-26.302057618064275,15.723264694213867,1.5888818838727188,46.56644684912276,0.0024682369024269,"(46.324, 46.855]"
1418922,161.4495118326668,369.7546887842572,1418922,20.611521272602367,0.0576518962129048,20.611521272602367,0.0576518962129048,012226.76+000327.5,2.4845290803388487,46.69586784091575,0.0031158559724175,0.0,-1.0,-26.58718227081152,10.266828536987305,2.4845290803388487,46.69586784091575,0.0031158559724175,"(46.324, 46.855]"
1435973,73.40701271724059,186.77391007542576,1435973,7.363268548920873,-0.2225474030507103,7.363268548920873,-0.2225474030507103,002927.18-001321.1,2.637269558819636,46.50127280569302,0.0052722823719193,0.0,-1.0,-26.553668033188174,6.374048709869385,2.637269558819636,46.50127280569302,0.0052722823719193,"(46.324, 46.855]"
1463624,61.70157969212917,193.7058962946288,1463624,324.6488142047387,-1.1891302394287586,324.6488142047387,-1.1891302394287586,213835.71-011120.8,2.505737353463733,46.72549801444028,0.0013611037777891,0.0,-1.0,-26.795785955800874,7.997614860534668,2.505737353463733,46.72549801444028,0.0013611037777891,"(46.324, 46.855]"
1413102,79.51013369952656,119.241393362506,1413102,24.857805,-0.283399,24.857805,-0.283399,013925.87-001700.2,1.9555935075301756,46.392139980839055,0.0136500773774805,45.716128966954166,0.0100686620327188,-26.427775154613812,5.8707075119018555,1.9555935075301756,46.392139980839055,0.0136500773774805,"(46.324, 46.855]"
1446834,112.0919675240931,302.5875239002456,1446834,356.70485241793057,-0.2522235945327036,356.70485241793057,-0.2522235945327036,234649.16-001508.0,1.927320426509845,46.62827836825231,0.0017625496644591,45.91647113921112,0.0017625496644591,-26.759915040098228,19.177345275878906,1.927320426509845,46.62827836825231,0.0017625496644591,"(46.324, 46.855]"
1402570,41.77890541162057,143.87798663700084,1402570,32.687417,-0.59869,32.687417,-0.59869,021044.98-003555.2,1.7849918418959374,46.33218496621741,0.0082933208946052,45.62037773717622,0.0082933208946052,-25.83241919968546,3.172924041748047,1.7849918418959374,46.33218496621741,0.0082933208946052,"(46.324, 46.855]"
1447180,15.556582956470796,74.36932426530133,1447180,355.93985142072034,-0.3496856086659603,355.93985142072034,-0.3496856086659603,234345.56-002058.8,3.096893666749225,46.65326856967588,0.0069864137066844,0.0,-1.0,-26.822666944692095,4.963771343231201,3.096893666749225,46.65326856967588,0.0069864137066844,"(46.324, 46.855]"
1446340,17.031753063845525,280.8655752973942,1446340,357.5743048970954,1.1055062556214583,357.5743048970954,1.1055062556214583,235017.83+010619.8,1.9516055741899467,46.3537578430633,0.0050698521070096,45.64195061402211,0.0050698521070096,-25.45610597871892,6.18914270401001,1.9516055741899467,46.3537578430633,0.0050698521070096,"(46.324, 46.855]"
1436777,18.044990443537863,88.11173516189152,1436777,6.689640445154578,-0.6352920655865734,6.689640445154578,-0.6352920655865734,002645.51-003807.0,3.1817714600613316,46.49054325114535,0.0096806859231897,0.0,-1.0,-26.21255050174737,3.862431287765503,3.1817714600613316,46.49054325114535,0.0096806859231897,"(46.324, 46.855]"
1394621,47.79002240044837,99.56880817634574,1394621,38.06869243408201,-0.4747242312825032,38.06869243408201,-0.4747242312825032,023216.48-002829.0,2.48224066793344,46.46299329288447,0.0042453556799166,0.0,-1.0,-26.733545922556193,7.066038131713867,2.48224066793344,46.46299329288447,0.0042453556799166,"(46.324, 46.855]"
1427100,892.9452774698534,2231.589482417713,1427100,14.195109644384829,1.0812685382191636,14.195109644384829,1.0812685382191636,005646.82+010452.5,1.9921879960328954,46.70421937015684,0.0037729162846069,45.99241214111565,0.0037729162846069,-26.759641150340688,14.932178497314453,1.9921879960328954,46.70421937015684,0.0037729162846069,"(46.324, 46.855]"
1464928,566.8273277121081,2288.518208195037,1464928,322.3606722052907,-0.3771494164430676,322.3606722052907,-0.3771494164430676,212926.56-002237.7,2.136253096809288,46.849314898509384,0.0015743896946247,46.13050012421858,0.0023887904591681,-27.969197831333602,31.483125686645508,2.136253096809288,46.849314898509384,0.0015743896946247,"(46.324, 46.855]"
1414706,528.3599693479579,1828.8088978709168,1414706,23.67292923720791,-0.3159977793251485,23.67292923720791,-0.3159977793251485,013441.50-001857.5,2.728611137769311,46.73941399821303,0.0024716208963013,0.0,-1.0,-27.02448755351501,9.157553672790527,2.728611137769311,46.73941399821303,0.0024716208963013,"(46.324, 46.855]"
1413971,160.40388661838813,459.2933070174024,1413971,24.202877148400148,0.3001616976669626,24.202877148400148,0.3001616976669626,013648.69+001800.5,2.535448797056084,46.74957151191469,0.0026013037758403,0.0,-1.0,-26.742706025045244,12.25766372680664,2.535448797056084,46.74957151191469,0.0026013037758403,"(46.324, 46.855]"
1391924,90.47215279786752,227.60119201761043,1391924,40.03505068584943,0.5499287503166916,40.03505068584943,0.5499287503166916,024008.41+003259.7,1.864765726003033,46.42625452280667,0.0027257430423226,45.71444729376548,0.0027257430423226,-26.208048346177904,11.836285591125488,1.864765726003033,46.42625452280667,0.0027257430423226,"(46.324, 46.855]"
1409007,55.76316945502484,190.715486763048,1409007,27.82254398173461,1.074473896505946,27.82254398173461,1.074473896505946,015117.41+010428.1,2.4122037619421017,46.562257872179394,0.0032939693736331,46.01858962943916,0.0296554757124667,-26.499381209517672,8.645606994628906,2.4122037619421017,46.562257872179394,0.0032939693736331,"(46.324, 46.855]"
1444860,188.84979376531763,1098.3079918775727,1444860,359.93836969260343,0.2709739091766185,359.93836969260343,0.2709739091766185,235945.20+001615.5,2.6460730544457878,46.65834255784164,0.002092901712249,0.0,-1.0,-26.022607129404072,13.953136444091797,2.6460730544457878,46.65834255784164,0.002092901712249,"(46.324, 46.855]"
1452041,153.34763814020258,586.5674776937465,1452041,346.85408767907336,0.1660441410321317,346.85408767907336,0.1660441410321317,230724.98+000957.7,1.8984369971061308,46.58004873986317,0.0019446638082918,45.86824151082198,0.0019446638082918,-26.546147010699237,14.071803092956543,1.8984369971061308,46.58004873986317,0.0019446638082918,"(46.324, 46.855]"
1390164,74.48163481315281,178.20690812126716,1390164,41.21410586981045,-0.8279665847110005,41.21410586981045,-0.8279665847110005,024451.38-004940.6,2.432471882406418,46.41454132197601,0.0037520270006794,45.67080154917035,0.03943552434772,-26.29975170844674,6.305625915527344,2.432471882406418,46.41454132197601,0.0037520270006794,"(46.324, 46.855]"
1403108,297.821459921958,1358.8722196336446,1403108,32.305444624033335,0.4179338813243906,32.305444624033335,0.4179338813243906,020913.30+002504.5,1.7315343835134638,46.71523423479354,0.0023506919235174,46.00342700575235,0.0023506919235174,-26.86008753490317,14.10573959350586,1.7315343835134638,46.71523423479354,0.0023506919235174,"(46.324, 46.855]"
1417000,373.9495416892246,777.3056154286058,1417000,22.062717825657785,-0.8757175578326645,22.062717825657785,-0.8757175578326645,012815.05-005232.5,1.8934652562659127,46.73317815438235,0.0030813660079225,46.02137092534116,0.0030813660079225,-26.62379925186427,12.531575202941895,1.8934652562659127,46.73317815438235,0.0030813660079225,"(46.324, 46.855]"
1448724,117.84360663614336,425.6095833559333,1448724,353.057888426002,-0.9089786385991164,353.057888426002,-0.9089786385991164,233213.89-005432.3,1.825933955470378,46.689664076481286,0.002206559145975,45.977856847440094,0.002206559145975,-26.49765677053493,13.7514066696167,1.825933955470378,46.689664076481286,0.002206559145975,"(46.324, 46.855]"
1410545,198.490447144112,324.89120991576004,1410545,26.640385,1.153589,26.640385,1.153589,014633.69+010912.9,1.7370496223024265,46.35284103201958,0.0093750830132322,45.64103380297839,0.0093750830132322,-26.198759692979156,5.784520626068115,1.7370496223024265,46.35284103201958,0.0093750830132322,"(46.324, 46.855]"
1420208,183.4999602702136,510.43742466696114,1420208,19.690717139910948,-0.2358756786700264,19.690717139910948,-0.2358756786700264,011845.77-001409.1,2.1975412954854043,46.63846132483841,0.0044988917642747,45.88560092654641,0.0087168567291087,-27.188889377618096,8.456725120544434,2.1975412954854043,46.63846132483841,0.0044988917642747,"(46.324, 46.855]"
1385039,131.94355354550183,279.05037525751845,1385039,49.256157,-0.830482,49.256157,-0.830482,031701.47-004949.7,2.00747835964016,46.586482963783375,0.0089429256416941,45.8676688099425,0.0087460642735237,-26.38657261200788,6.898338317871094,2.00747835964016,46.586482963783375,0.0089429256416941,"(46.324, 46.855]"
1464740,150.65952756443588,479.1587154820809,1464740,322.66943080794243,0.8364179900602028,322.66943080794243,0.8364179900602028,213040.66+005011.1,2.138108171574783,46.37206816278493,0.0060062654382271,45.63200639052232,0.0103777297088676,-26.34402049451241,6.932717800140381,2.138108171574783,46.37206816278493,0.0060062654382271,"(46.324, 46.855]"
1430010,354.09292672711763,800.5234661462252,1430010,11.832404890193343,1.137925661124101,11.832404890193343,1.137925661124101,004719.77+010816.5,2.076166089858896,46.355269565447145,0.0048842196369456,45.63115526734313,0.0055760769832815,-26.022308355551047,8.06833267211914,2.076166089858896,46.355269565447145,0.0048842196369456,"(46.324, 46.855]"
1397543,205.7530581061032,594.6121942135475,1397543,36.11786853268834,-1.1153943391182113,36.11786853268834,-1.1153943391182113,022428.28-010655.4,1.1988521822884248,46.467960762980745,0.0028674319331791,45.75615353393955,0.0028674319331791,-25.635767398025635,20.352333068847656,1.1988521822884248,46.467960762980745,0.0028674319331791,"(46.324, 46.855]"
1409845,57.392282984114686,214.52264524281355,1409845,27.16681268774808,-1.1622326065580308,27.16681268774808,-1.1622326065580308,014840.03-010944.0,2.722495381606028,46.364799557690226,0.0053369461434868,0.0,-1.0,-26.26017169107083,4.196952819824219,2.722495381606028,46.364799557690226,0.0053369461434868,"(46.324, 46.855]"
1397238,301.8551324138602,679.0952421410948,1397238,36.32365632703318,0.8060943827419325,36.32365632703318,0.8060943827419325,022517.67+004821.9,2.7215390164901017,46.39429567207517,0.0024086219164942,0.0,-1.0,-26.20582981209153,6.382810115814209,2.7215390164901017,46.39429567207517,0.0024086219164942,"(46.324, 46.855]"
1464813,102.60574030621356,549.8106676449846,1464813,322.534770968747,0.3500095921469012,322.534770968747,0.3500095921469012,213008.34+002100.0,2.574925288030631,46.59264820479114,0.0031382243108986,0.0,-1.0,-26.881545696694694,9.531998634338379,2.574925288030631,46.59264820479114,0.0031382243108986,"(46.324, 46.855]"
1413026,44.41240552622219,175.39553025700593,1413026,24.91131330014184,-0.3966842855921103,24.91131330014184,-0.3966842855921103,013938.71-002348.0,1.387699231244048,46.39213998701225,0.0017608237380883,45.68033275797106,0.0017608237380883,-26.347116632935762,15.378532409667969,1.387699231244048,46.39213998701225,0.0017608237380883,"(46.324, 46.855]"
1462772,26.56558600579748,133.22808410859133,1462772,326.1588729340165,-1.1973409921385156,326.1588729340165,-1.1973409921385156,214438.12-011150.4,2.202181048100817,46.82358869099378,0.001576961146867,45.96013676666966,0.0058453499832928,-26.91046085291452,13.32315444946289,2.202181048100817,46.82358869099378,0.001576961146867,"(46.324, 46.855]"
1460680,29.300997442448004,72.21190364131598,1460680,330.22811260174853,0.2738544839057114,330.22811260174853,0.2738544839057114,220054.74+001625.8,2.2320492086235046,46.39842406093861,0.0065905037424407,45.555679786477306,0.0162765288692234,-26.180326827749525,5.878380298614502,2.2320492086235046,46.39842406093861,0.0065905037424407,"(46.324, 46.855]"
1464201,1009.5015674528004,3228.358257358209,1464201,323.6605849385554,0.2177874738913481,323.6605849385554,0.2177874738913481,213438.54+001304.0,1.34291895458672,46.4354410669196,0.0022979106069094,45.72363383787841,0.0022979106069094,-26.319140939144475,19.823925018310547,1.34291895458672,46.4354410669196,0.0022979106069094,"(46.324, 46.855]"
1467961,38.291708747077394,168.27220486088407,1467961,310.218177,-0.449491,310.218177,-0.449491,204052.36-002658.1,2.434373715288828,46.48763885574149,0.0082858768970126,0.0,-1.0,-26.466953092127486,3.6580162048339844,2.434373715288828,46.48763885574149,0.0082858768970126,"(46.324, 46.855]"
1440336,51.48873089567586,128.13870838652846,1440336,3.735501470546296,-0.0188983707429422,3.735501470546296,-0.0188983707429422,001456.52-000108.0,2.6347132386327945,46.44281821783688,0.0025917725788637,0.0,-1.0,-26.356140485075798,6.516844749450684,2.6347132386327945,46.44281821783688,0.0025917725788637,"(46.324, 46.855]"
1404389,131.88324915953083,355.02646192401176,1404389,31.407781,0.068241,31.407781,0.068241,020537.86+000405.6,1.704079776376263,46.37309517993313,0.0086728379516571,45.66128795089194,0.0086728379516571,-25.977682461965586,5.912352085113525,1.704079776376263,46.37309517993313,0.0086728379516571,"(46.324, 46.855]"
1428599,325.9967621373217,1087.2023340230712,1428599,12.967498453191212,1.0554266989095256,12.967498453191212,1.0554266989095256,005152.19+010319.5,1.8160325634182628,46.48086074379994,0.003903004109663,45.769053514758745,0.003903004109663,-26.463346630912408,11.954023361206055,1.8160325634182628,46.48086074379994,0.003903004109663,"(46.324, 46.855]"
1451172,45.79749531027964,141.14840403774426,1451172,348.46753018819066,-0.0828917164772172,348.46753018819066,-0.0828917164772172,231352.20-000458.4,2.4972448914938155,46.391129597797644,0.0031044233368504,0.0,-1.0,-26.155898532301297,5.949155807495117,2.4972448914938155,46.391129597797644,0.0031044233368504,"(46.324, 46.855]"
1433788,162.62703289783025,375.7072638184467,1433788,9.068099231689844,0.7066164100207006,9.068099231689844,0.7066164100207006,003616.34+004223.8,1.6796611614564252,46.43864975210463,0.0026917619214259,45.72684252306344,0.0026917619214259,-26.213211890131383,13.392897605895996,1.6796611614564252,46.43864975210463,0.0026917619214259,"(46.324, 46.855]"
1432700,29.08368040502696,188.72746230620743,1432700,9.885657455355272,-0.5208518394515186,9.885657455355272,-0.5208518394515186,003932.55-003115.0,1.7896672903163946,46.44750212833748,0.0047085391690906,45.73569489929629,0.0047085391690906,-25.865902444466986,7.856163024902344,1.7896672903163946,46.44750212833748,0.0047085391690906,"(46.324, 46.855]"
1430094,46.39557069087407,129.65348540677314,1430094,11.77727108356305,0.995280544508604,11.77727108356305,0.995280544508604,004706.54+005943.0,2.3110129970151614,46.54418440784759,0.0034309581878204,45.7137969861726,0.0139617205987647,-25.578973284910738,8.551145553588867,2.3110129970151614,46.54418440784759,0.0034309581878204,"(46.324, 46.855]"
1459190,161.8594441020083,485.180522811959,1459190,333.10174,0.910432,333.10174,0.910432,221224.41+005437.5,2.1649044573760046,46.56316834279568,0.0101824379516735,0.0,-1.0,-26.884704326792303,6.004084587097168,2.1649044573760046,46.56316834279568,0.0101824379516735,"(46.324, 46.855]"
1390664,135.83166815693872,411.4689946960969,1390664,40.87025759212588,0.6419554995573249,40.87025759212588,0.6419554995573249,024328.86+003831.0,2.7627274522411076,46.540934837776895,0.0032503710603002,0.0,-1.0,-25.77702669264641,8.387587547302246,2.7627274522411076,46.540934837776895,0.0032503710603002,"(46.324, 46.855]"
1390004,67.36380889208642,164.7145878301183,1390004,41.312249193309206,-0.6838773349213222,41.312249193309206,-0.6838773349213222,024514.93-004101.9,2.783133659741683,46.46490667431232,0.006011827464377,0.0,-1.0,-26.63192523480902,4.419189453125,2.783133659741683,46.46490667431232,0.006011827464377,"(46.324, 46.855]"
1439415,316.3054616421518,1382.0984985894213,1439415,4.475703743404608,1.189833814217305,4.475703743404608,1.189833814217305,001754.16+011123.4,1.4626814926725145,46.33720205096479,0.0034987847169247,45.6253948219236,0.0034987847169247,-26.24785004958183,13.036138534545898,1.4626814926725145,46.33720205096479,0.0034987847169247,"(46.324, 46.855]"
1400575,69.64588391875786,258.42101762582314,1400575,34.063836,-0.486423,34.063836,-0.486423,021615.32-002911.1,1.954588442135733,46.3770587594301,0.0083902103730792,45.55858242113136,0.0098268241396581,-25.87557991305525,5.248733043670654,1.954588442135733,46.3770587594301,0.0083902103730792,"(46.324, 46.855]"
1393786,95.18762172127651,632.0601162675841,1393786,38.656342629611686,-0.1555338442237513,38.656342629611686,-0.1555338442237513,023437.52-000919.9,2.2988599250263215,46.6320936139526,0.0030496598113423,46.32867195537128,0.0070754626913895,-27.291597814159292,16.015974044799805,2.2988599250263215,46.6320936139526,0.0030496598113423,"(46.324, 46.855]"
1413078,328.72154997639655,592.9790255110679,1413078,24.872990464242772,0.2252021193267083,24.872990464242772,0.2252021193267083,013929.51+001330.7,2.104133678475484,46.71690237119234,0.0023404247319831,46.18438744256223,0.003092701280611,-27.30857784227192,14.583776473999023,2.104133678475484,46.71690237119234,0.0023404247319831,"(46.324, 46.855]"
1412611,247.30386899960905,491.2741927857352,1412611,25.20096958104381,-0.305494774813891,25.20096958104381,-0.305494774813891,014048.23-001819.7,1.6584218557379293,46.51116690439998,0.0033926407074247,45.79935967535879,0.0033926407074247,-26.441199758412196,12.722926139831543,1.6584218557379293,46.51116690439998,0.0033926407074247,"(46.324, 46.855]"
1411343,361.1597249024804,1000.0287261350554,1411343,26.063055958162494,-0.3971269447014013,26.063055958162494,-0.3971269447014013,014415.13-002349.6,1.7184534094105108,46.42001398774123,0.0020361994423296,45.70820675870004,0.0020361994423296,-26.738930682276433,17.68711280822754,1.7184534094105108,46.42001398774123,0.0020361994423296,"(46.324, 46.855]"
1459712,127.0285029681328,335.85045800733457,1459712,332.1345611255851,0.4975106780622013,332.1345611255851,0.4975106780622013,220832.29+002951.0,1.6346963809538697,46.394666132265755,0.0030902779013715,45.68285890322456,0.0030902779013715,-25.95132357057447,12.961977005004883,1.6346963809538697,46.394666132265755,0.0030902779013715,"(46.324, 46.855]"
1412684,50.06858146678655,133.33531532345725,1412684,25.153199,0.531636,25.153199,0.531636,014036.76+003153.8,2.1275852249878726,46.55818410410063,0.0094535657320662,0.0,-1.0,-26.332873493054084,5.198352813720703,2.1275852249878726,46.55818410410063,0.0094535657320662,"(46.324, 46.855]"
1402872,378.18536397605885,756.5625555771871,1402872,32.47150170407778,0.9197145536519792,32.47150170407778,0.9197145536519792,020953.16+005510.9,2.1951121421787825,46.803765224752574,0.0027485397181514,46.161576039171294,0.0040700185109798,-27.189213717773058,14.408890724182129,2.1951121421787825,46.803765224752574,0.0027485397181514,"(46.324, 46.855]"
1443468,112.82367780221662,216.0643354846993,1443468,1.1292113505230557,0.0589553621221208,1.1292113505230557,0.0589553621221208,000431.01+000332.2,2.1057511845598778,46.341598222052895,0.0044382518859293,45.46812396193431,0.006042751335471,-25.6588100464477,6.855591773986816,2.1057511845598778,46.341598222052895,0.0044382518859293,"(46.324, 46.855]"
1397890,128.52444890982227,415.8082915559714,1397890,35.860849,-1.068539,35.860849,-1.068539,022326.60-010406.7,1.9388835504142317,46.607896965293264,0.0,45.85223639656895,0.0073339417318436,-26.528205105920172,9.000850677490234,1.9388835504142317,46.607896965293264,0.0,"(46.324, 46.855]"
1417076,120.01399894067194,230.65631778281963,1417076,22.007034873102494,0.7842862417022819,22.007034873102494,0.7842862417022819,012801.68+004703.4,2.474535820731241,46.44957259629183,0.0047779841452175,0.0,-1.0,-26.221268247760708,6.87333345413208,2.474535820731241,46.44957259629183,0.0047779841452175,"(46.324, 46.855]"
1434800,292.6340628598144,740.2389809311256,1434800,8.293085921930986,-1.054579741130116,8.293085921930986,-1.054579741130116,003310.34-010316.4,2.8171490480711805,46.57437752279941,0.0037545192040795,0.0,-1.0,-27.727276977362532,6.286359786987305,2.8171490480711805,46.57437752279941,0.0037545192040795,"(46.324, 46.855]"
1430937,15.848192827492989,39.67259131011351,1430937,11.150221897218373,-0.7360180021066395,11.150221897218373,-0.7360180021066395,004436.05-004409.6,2.5088240004085276,46.47167350748703,0.0037396039842931,0.0,-1.0,-25.898068421219527,6.793210029602051,2.5088240004085276,46.47167350748703,0.0037396039842931,"(46.324, 46.855]"
1448244,61.84649639729868,127.43234070049104,1448244,353.9156816567279,-0.2479323005881158,353.9156816567279,-0.2479323005881158,233539.76-001452.5,1.5093180907850101,46.35192791176097,0.0015877236054002,45.640120682719775,0.0015877236054002,-26.077135777771634,18.916067123413086,1.5093180907850101,46.35192791176097,0.0015877236054002,"(46.324, 46.855]"
1408155,99.92238603175733,206.96216278493503,1408155,28.486176,-0.213693,28.486176,-0.213693,015356.68-001249.2,2.0856544607110004,46.357940337422434,0.0144342647576358,0.0,-1.0,-26.037697511887725,4.399908542633057,2.0856544607110004,46.357940337422434,0.0144342647576358,"(46.324, 46.855]"
1420647,80.84309589205277,304.78766365557345,1420647,19.35225757190289,-0.3557119585015449,19.35225757190289,-0.3557119585015449,011724.54-002120.5,2.8849187627562864,46.526832447873055,0.0050107746555028,0.0,-1.0,-26.747480958703377,5.135168075561523,2.8849187627562864,46.526832447873055,0.0050107746555028,"(46.324, 46.855]"
1432756,24.97081506965657,138.70169409893646,1432756,9.844877499323609,-0.7360838263284741,9.844877499323609,-0.7360838263284741,003922.77-004409.9,2.1737642721279307,46.81371510025315,0.001597987891369,45.800343999570174,0.0056267202775543,-27.334642754439244,13.98043155670166,2.1737642721279307,46.81371510025315,0.001597987891369,"(46.324, 46.855]"
1394470,54.59099184095232,175.54509650011514,1394470,38.18382904198892,-0.7856358768934403,38.18382904198892,-0.7856358768934403,023244.11-004708.2,1.906139139848155,46.449934317620624,0.0031335679186561,45.73812708857943,0.0031335679186561,-25.795013105187152,11.87388801574707,1.906139139848155,46.449934317620624,0.0031335679186561,"(46.324, 46.855]"
1389477,166.4615863119558,826.2822149681894,1389477,41.64843419161116,-0.1473764283627137,41.64843419161116,-0.1473764283627137,024635.62-000850.5,1.8231653526232552,46.763420090078206,0.0042119685087946,46.051612861037015,0.0042119685087946,-27.193478188325365,22.254520416259766,1.8231653526232552,46.763420090078206,0.0042119685087946,"(46.324, 46.855]"
1444281,182.1300220819383,502.8365828368412,1444281,0.4456523378844395,0.2413648884096161,0.4456523378844395,0.2413648884096161,000146.95+001428.9,2.1573551453931086,46.51488075108426,0.0044809935523808,45.69659978975369,0.005356394580442,-25.736987009447752,9.95848274230957,2.1573551453931086,46.51488075108426,0.0044809935523808,"(46.324, 46.855]"
1392711,10.109284141045588,24.693884658149884,1392711,39.47899640515152,-0.2286645654319277,39.47899640515152,-0.2286645654319277,023754.95-001343.1,3.162417605477427,46.460664322470066,0.0074278659105075,0.0,-1.0,-26.573811604350382,3.5195305347442627,3.162417605477427,46.460664322470066,0.0074278659105075,"(46.324, 46.855]"
1463854,78.68622686022714,261.554228748298,1463854,324.2242753769122,-1.0073202290173269,324.2242753769122,-1.0073202290173269,213653.82-010026.3,1.1497044458310333,46.35745682498224,0.0023724797996536,45.64564959594105,0.0023724797996536,-26.094010808502883,21.804319381713867,1.1497044458310333,46.35745682498224,0.0023724797996536,"(46.324, 46.855]"
1431539,27.842736441341422,137.59664035297263,1431539,10.726426259726754,0.0826829320378783,10.726426259726754,0.0826829320378783,004254.34+000457.6,3.0876248303719165,46.59494853411274,0.0159278417145856,0.0,-1.0,-26.969765002797946,6.014066219329834,3.0876248303719165,46.59494853411274,0.0159278417145856,"(46.324, 46.855]"
1412208,125.31037503859982,335.56373560571194,1412208,25.4547577653613,0.47183307058592,25.4547577653613,0.47183307058592,014149.14+002818.5,2.123185011375181,46.628124038893475,0.0019390113963204,46.13539960491119,0.0049265718902091,-27.098771131386815,19.899944305419922,2.123185011375181,46.628124038893475,0.0019390113963204,"(46.324, 46.855]"
1448609,32.64571406974845,58.67049437209137,1448609,353.28628866786084,-0.2429466645041124,353.28628866786084,-0.2429466645041124,233308.70-001434.6,2.3087500373850243,46.39553026247754,0.007683143200829,45.7397049601712,0.020887368577533,-26.027655819231544,6.197514533996582,2.3087500373850243,46.39553026247754,0.007683143200829,"(46.324, 46.855]"
1425642,326.1544508130252,574.6122431732616,1425642,15.414077541110828,-0.4828127154506955,15.414077541110828,-0.4828127154506955,010139.37-002858.1,1.7990344864110883,46.46937320155046,0.0026385374170523,45.75756597250927,0.0026385374170523,-26.53572352790757,13.073734283447266,1.7990344864110883,46.46937320155046,0.0026385374170523,"(46.324, 46.855]"
1420695,54.813310472588896,134.33445058546525,1420695,19.319418317627893,0.1499130269892852,19.319418317627893,0.1499130269892852,011716.66+000859.6,2.76831829820978,46.48190954831105,0.0051934286021939,0.0,-1.0,-26.465982414483808,5.623259544372559,2.76831829820978,46.48190954831105,0.0051934286021939,"(46.324, 46.855]"
1446991,245.9576774714106,1134.1445598003309,1446991,356.4115788745105,0.2830029713595768,356.4115788745105,0.2830029713595768,234538.77+001658.8,1.6707077168426274,46.428319485554674,0.0017181554176062,45.71651225651348,0.0017181554176062,-25.790355794169976,16.531496047973633,1.6707077168426274,46.428319485554674,0.0017181554176062,"(46.324, 46.855]"
1448760,14.785979464898386,189.5254499098354,1448760,352.98702758497814,0.5353450592409049,352.98702758497814,0.5353450592409049,233156.88+003207.2,3.1528138475662564,46.73897685902406,0.006081341692937,0.0,-1.0,-27.13905862242066,4.707465171813965,3.1528138475662564,46.73897685902406,0.006081341692937,"(46.324, 46.855]"
1436821,37.14282897344757,163.73982380076552,1436821,6.661931999999979,-0.021439,6.661931999999979,-0.021439,002638.86-000117.1,2.388877972051755,46.38066654532475,0.0035406232328902,45.92951081560417,0.0147843874819741,1.0,7.84358549118042,2.388877972051755,46.38066654532475,0.0035406232328902,"(46.324, 46.855]"
1439623,28.638201805546974,73.14801477525003,1439623,4.305835818243814,-0.4135122711104897,4.305835818243814,-0.4135122711104897,001713.40-002448.6,3.1815416703784263,46.608350325391385,0.0053245126795822,0.0,-1.0,-26.76308115329036,5.84298038482666,3.1815416703784263,46.608350325391385,0.0053245126795822,"(46.324, 46.855]"
1391737,94.03953556535734,205.37542506007088,1391737,40.17593974242487,0.7978173408041853,40.17593974242487,0.7978173408041853,024042.22+004752.1,1.9369635405160104,46.42455781494911,0.0031788514139421,45.71275058590792,0.0031788514139421,-25.720721256994707,12.700875282287598,1.9369635405160104,46.42455781494911,0.0031788514139421,"(46.324, 46.855]"
1398119,333.8060157416269,986.4118404519096,1398119,35.7052744016826,-0.8932454272153197,35.7052744016826,-0.8932454272153197,022249.26-005335.6,1.5768981143518765,46.527634773920944,0.0029895930057932,45.81582754487975,0.0029895930057932,-26.540096984032594,14.386285781860352,1.5768981143518765,46.527634773920944,0.0029895930057932,"(46.324, 46.855]"
1426751,43.11080728929385,110.65405502553024,1426751,14.487661696924496,-0.2154937485861065,14.487661696924496,-0.2154937485861065,005757.03-001255.7,2.940874644011497,46.4735537492508,0.0064030877307281,0.0,-1.0,-26.081376644364298,4.158927917480469,2.940874644011497,46.4735537492508,0.0064030877307281,"(46.324, 46.855]"
1429843,152.99064159619897,359.18975903329675,1429843,11.942673720142809,-0.010110210881845,11.942673720142809,-0.010110210881845,004746.24-000036.3,1.5474211140459968,46.33691953139374,0.0025299067461652,45.62511230235255,0.0025299067461652,-26.045419675006354,10.959403991699219,1.5474211140459968,46.33691953139374,0.0025299067461652,"(46.324, 46.855]"
1402870,383.25540627292673,1353.7159943327204,1402870,32.47407370081748,0.5186169064483872,32.47407370081748,0.5186169064483872,020953.77+003107.0,2.5222932467940673,46.74410179087498,0.0016730775257798,0.0,-1.0,-26.85121911105975,16.397798538208008,2.5222932467940673,46.74410179087498,0.0016730775257798,"(46.324, 46.855]"
1447581,319.50417110570305,924.5292276637808,1447581,355.1085449476092,0.5575191263519329,355.1085449476092,0.5575191263519329,234026.05+003327.0,1.3322103192603958,46.52922436048231,0.0015038920628143,45.81741713144112,0.0015038920628143,-26.65547519408934,20.768075942993164,1.3322103192603958,46.52922436048231,0.0015038920628143,"(46.324, 46.855]"
1440762,325.5460654541177,701.3628811284625,1440762,3.377404708706763,0.3039568270782378,3.377404708706763,0.3039568270782378,001330.57+001814.2,1.8428854870954656,46.63194039951585,0.0020532213806099,45.92013317047466,0.0020532213806099,-26.367042178658927,15.111401557922363,1.8428854870954656,46.63194039951585,0.0020532213806099,"(46.324, 46.855]"
1390256,112.0395985910076,258.8435040668093,1390256,41.15622160963461,0.1903539909694603,41.15622160963461,0.1903539909694603,024437.49+001125.2,2.119882398912823,46.54899298959709,0.0043704592747815,45.77478305699746,0.0049419113291619,-26.30207256993371,13.485074996948242,2.119882398912823,46.54899298959709,0.0043704592747815,"(46.324, 46.855]"
1431694,42.95140831991455,109.67101346370626,1431694,10.61602664085126,0.6045426871768078,10.61602664085126,0.6045426871768078,004227.84+003616.3,2.6442839965064326,46.38540864090541,0.0042262122935667,0.0,-1.0,-25.947060655652656,4.644094944000244,2.6442839965064326,46.38540864090541,0.0042262122935667,"(46.324, 46.855]"
1407867,90.31848149847757,188.84593925312765,1407867,28.71862773450914,-0.0154176301019156,28.71862773450914,-0.0154176301019156,015452.47-000055.5,1.950663700862366,46.464405758673834,0.0036834263413005,45.75259852963264,0.0036834263413005,-26.18429236239034,8.88392448425293,1.950663700862366,46.464405758673834,0.0036834263413005,"(46.324, 46.855]"
1417601,107.6006028652722,337.1869437968082,1417601,21.639735693629977,0.5860853059612205,21.639735693629977,0.5860853059612205,012633.53+003509.9,2.141057405767993,46.67799988211455,0.0031373441059479,46.18817200970411,0.0058518772142583,-27.3462216265787,15.699929237365723,2.141057405767993,46.67799988211455,0.0031373441059479,"(46.324, 46.855]"
1396455,72.13159515756563,220.3472063576997,1396455,36.87125278914152,0.2467072222216475,36.87125278914152,0.2467072222216475,022729.10+001448.1,2.211884039086421,46.41297338242198,0.0029439802537858,45.549463380459805,0.0055697607620146,-26.213372413938814,11.586901664733887,2.211884039086421,46.41297338242198,0.0029439802537858,"(46.324, 46.855]"
1430409,239.917727047794,547.6186189909514,1430409,11.557426953548372,0.7361785770779155,11.557426953548372,0.7361785770779155,004613.78+004410.2,1.4870862562497815,46.46774027846551,0.0021448615011578,45.75593304942432,0.0021448615011578,-26.264281234613886,15.441370010375977,1.4870862562497815,46.46774027846551,0.0021448615011578,"(46.324, 46.855]"
1408164,240.9041041742155,632.037983240455,1408164,28.47941300298292,-0.3584595354227821,28.47941300298292,-0.3584595354227821,015355.05-002130.4,2.0447856943913996,46.47413172483071,0.0045900421850824,45.68027443912611,0.0104857226962629,-26.19129475176972,7.658257007598877,2.0447856943913996,46.47413172483071,0.0045900421850824,"(46.324, 46.855]"
1422085,116.82897464069246,384.2750881218449,1422085,18.2130047731504,0.1559185303487226,18.2130047731504,0.1559185303487226,011251.12+000921.3,2.8690922713475646,46.492018522172174,0.0049003538748735,0.0,-1.0,-26.861081595341883,7.298375129699707,2.8690922713475646,46.492018522172174,0.0049003538748735,"(46.324, 46.855]"
1431030,12.047543390690253,74.93489152463397,1431030,11.083817894046213,0.1789490042280859,11.083817894046213,0.1789490042280859,004420.11+001044.2,3.2264163734649807,46.77809398651688,0.0039112849815765,0.0,-1.0,-26.72088066702233,7.815683364868164,3.2264163734649807,46.77809398651688,0.0039112849815765,"(46.324, 46.855]"
1419474,56.11329586315366,170.94851506876955,1419474,20.194057301550934,-1.1861672015422278,20.194057301550934,-1.1861672015422278,012046.57-011110.2,2.508718814265031,46.42003789430618,0.0053511818383888,0.0,-1.0,-26.442421353670728,5.121004104614258,2.508718814265031,46.42003789430618,0.0053511818383888,"(46.324, 46.855]"
1415574,83.28953470864806,267.9627778059506,1415574,23.09762506376205,-0.5492288278283393,23.09762506376205,-0.5492288278283393,013223.43-003257.2,2.6141899131658293,46.41898319356273,0.0042396311619121,0.0,-1.0,-26.293819738190972,4.863727569580078,2.6141899131658293,46.41898319356273,0.0042396311619121,"(46.324, 46.855]"
1453114,33.259802103423006,135.6116544026471,1453114,344.8450453035298,-0.5554945969295054,344.8450453035298,-0.5554945969295054,225922.81-003319.7,2.6252466467856874,46.46111580505594,0.0042713991226115,0.0,-1.0,-26.72745831885237,7.49960994720459,2.6252466467856874,46.46111580505594,0.0042713991226115,"(46.324, 46.855]"
1452128,257.5781853021677,590.5021212683605,1452128,346.65940537468225,-1.116751076212624,346.65940537468225,-1.116751076212624,230638.25-010700.3,2.3038697389548934,46.78871772323854,0.0018254897822309,46.20926217048503,0.0048015356131116,-27.34763180225528,16.193391799926758,2.3038697389548934,46.78871772323854,0.0018254897822309,"(46.324, 46.855]"
1465277,71.13206778561589,272.84742430795364,1465277,321.7434433833212,-0.8294687517320191,321.7434433833212,-0.8294687517320191,212658.42-004946.0,2.014078853977448,46.37177616128426,0.0034400270059826,45.760509085174704,0.0033018051415893,-26.504591292437762,10.582817077636719,2.014078853977448,46.37177616128426,0.0034400270059826,"(46.324, 46.855]"
1449837,60.722802102771794,255.63890105359508,1449837,350.9389320769824,-0.975604026657768,350.9389320769824,-0.975604026657768,232345.34-005832.1,2.9908806240553805,46.77420671273403,0.0022933283726587,0.0,-1.0,-27.39773501854592,8.598306655883789,2.9908806240553805,46.77420671273403,0.0022933283726587,"(46.324, 46.855]"
1435656,206.50447947607103,776.857599276422,1435656,7.582589404318867,-0.4340626165954568,7.582589404318867,-0.4340626165954568,003019.82-002602.6,2.1209956399487826,46.60195582013659,0.0013745069159369,46.13836783248591,0.002927017161074,-27.411174785089894,21.877225875854492,2.1209956399487826,46.60195582013659,0.0013745069159369,"(46.324, 46.855]"
1440943,22.956328905697195,98.16090205558116,1440943,3.2265591787700885,-1.1440670951246164,3.2265591787700885,-1.1440670951246164,001254.37-010838.6,3.1345109044696278,46.62334526355854,0.007155794897983,0.0,-1.0,-26.742700711157493,5.2189555168151855,3.1345109044696278,46.62334526355854,0.007155794897983,"(46.324, 46.855]"
1464851,137.25467039030593,495.03552151864346,1464851,322.48644576673723,-0.5048809468802734,322.48644576673723,-0.5048809468802734,212956.74-003017.5,2.820827736188354,46.52401226226062,0.0063878294467762,0.0,-1.0,-26.880280164503333,5.07477331161499,2.820827736188354,46.52401226226062,0.0063878294467762,"(46.324, 46.855]"
1413855,10.591232775372648,25.6229017635526,1413855,24.293267856544094,-0.3748670378125307,24.293267856544094,-0.3748670378125307,013710.38-002229.5,3.1831720395953935,46.49637877126083,0.0047991860782694,0.0,-1.0,-25.633397778531492,4.456209182739258,3.1831720395953935,46.49637877126083,0.0047991860782694,"(46.324, 46.855]"
1439631,35.47162790972235,147.2909718199391,1439631,4.299870701759181,0.169193588444208,4.299870701759181,0.169193588444208,001711.96+001009.0,2.9363567390516234,46.57824492155564,0.0038629840705368,0.0,-1.0,-27.015532320325985,7.8176727294921875,2.9363567390516234,46.57824492155564,0.0038629840705368,"(46.324, 46.855]"
1404226,290.7802969004435,799.4053658034571,1404226,31.51621639680188,0.5684613541512596,31.51621639680188,0.5684613541512596,020603.89+003406.4,1.4478928264443531,46.629712186187824,0.0011018461047562,45.91790495714663,0.0011018461047562,-26.19419449434544,23.341758728027344,1.4478928264443531,46.629712186187824,0.0011018461047562,"(46.324, 46.855]"
1443068,70.80871388594586,327.9770341854648,1443068,1.443699,-0.403881,1.443699,-0.403881,000546.48-002413.9,1.7266542105234661,46.44704723389802,0.009141593781802,45.73524000485683,0.009141593781802,-26.107250342314035,6.1339850425720215,1.7266542105234661,46.44704723389802,0.009141593781802,"(46.324, 46.855]"
1440800,23.02237640176779,73.31563821587267,1440800,3.3460959771527428,-1.1172071578339582,3.3460959771527428,-1.1172071578339582,001323.06-010701.9,2.3480581185529354,46.367513334556634,0.0045281656035065,45.70715326553401,0.0287573914695968,-25.569691763033006,4.687199115753174,2.3480581185529354,46.367513334556634,0.0045281656035065,"(46.324, 46.855]"
1416228,30.14696397288685,90.423549780493,1416228,22.621873862323056,0.6008734911807506,22.621873862323056,0.6008734911807506,013029.24+003603.1,2.4839798783662252,46.47437681311193,0.0041136614104999,0.0,-1.0,-25.449140220032934,6.050952911376953,2.4839798783662252,46.47437681311193,0.0041136614104999,"(46.324, 46.855]"
1451399,17.498241562431595,170.74726165728742,1451399,348.0413647031639,-0.9496343418068568,348.0413647031639,-0.9496343418068568,231209.92-005658.6,2.9918572018701157,46.85349712552101,0.0042431973436869,0.0,-1.0,-27.06214256058509,9.767643928527832,2.9918572018701157,46.85349712552101,0.0042431973436869,"(46.324, 46.855]"
1407855,168.92092477239052,623.989698292676,1407855,28.726547978229465,-0.1231463618785,28.726547978229465,-0.1231463618785,015454.37-000723.3,1.8280261893090575,46.643575585628994,0.004458992376179,45.9317683565878,0.004458992376179,-26.557386058098174,11.632411003112793,1.8280261893090575,46.643575585628994,0.004458992376179,"(46.324, 46.855]"
1464766,460.680174287783,1580.144479468917,1464766,322.6214709651797,-0.5322307325699693,322.6214709651797,-0.5322307325699693,213029.15-003156.0,1.4821910061877601,46.355177332547285,0.0073094407876403,45.64337010350609,0.0073094407876403,-25.705868692334338,13.741355895996094,1.4821910061877601,46.355177332547285,0.0073094407876403,"(46.324, 46.855]"
1450794,203.5716481183978,624.9839840618174,1450794,349.185378043478,-0.3539102803445875,349.185378043478,-0.3539102803445875,231644.49-002114.0,1.7172894407760413,46.52076368914263,0.0030130813252746,45.80895646010144,0.0030130813252746,-26.34545108487424,13.284348487854004,1.7172894407760413,46.52076368914263,0.0030130813252746,"(46.324, 46.855]"
1436052,32.76799505556267,163.3171321383713,1436052,7.30333,0.517541,7.30333,0.517541,002912.79+003103.1,2.0641557531667454,46.51945897685056,0.0088059490407204,45.790097654621576,0.0195282086188832,-26.55989116382748,5.586193561553955,2.0641557531667454,46.51945897685056,0.0088059490407204,"(46.324, 46.855]"
1451747,23.60856156802544,58.87905730421206,1451747,347.41919409564866,-0.061349529979765,347.41919409564866,-0.061349529979765,230940.60-000340.8,2.6457909517447726,46.32911515285366,0.0035382103367673,0.0,-1.0,-26.32977588782933,5.580539226531982,2.6457909517447726,46.32911515285366,0.0035382103367673,"(46.324, 46.855]"
1434348,99.499696065402,280.72391738555524,1434348,8.660270503386073,-0.4871228171820124,8.660270503386073,-0.4871228171820124,003438.46-002913.6,2.0044511447866333,46.45025458799846,0.0038839701149981,45.995550022820616,0.0036697570116999,-26.601395130658034,14.366392135620117,2.0044511447866333,46.45025458799846,0.0038839701149981,"(46.324, 46.855]"
1394758,713.6775056479377,1652.375630927323,1394758,37.99118676432579,0.4534099772502676,37.99118676432579,0.4534099772502676,023157.88+002712.2,1.3754812011068598,46.55513364467804,0.0038419639429996,45.843326415636845,0.0038419639429996,-25.845905503903644,23.016963958740234,1.3754812011068598,46.55513364467804,0.0038419639429996,"(46.324, 46.855]"
1453242,36.91020567501982,125.48535034910832,1453242,344.579179574883,-0.0644394524655193,344.579179574883,-0.0644394524655193,225819.00-000351.9,2.3691561623518127,46.42238037993807,0.0050616000539243,45.59809238562359,0.0564117642645101,-26.59302223535304,6.9793548583984375,2.3691561623518127,46.42238037993807,0.0050616000539243,"(46.324, 46.855]"
1453096,321.1963045148089,641.6714894401412,1453096,344.871896,-0.069532,344.871896,-0.069532,225929.25-000410.3,2.180122588195721,46.49099046560549,0.0104347897070127,0.0,-1.0,-26.511492089078715,5.134243488311768,2.180122588195721,46.49099046560549,0.0104347897070127,"(46.324, 46.855]"
1415162,217.9150495457633,579.4415325126156,1415162,23.386958327413083,0.4106446811999017,23.386958327413083,0.4106446811999017,013332.87+002438.3,2.2787282294417808,46.72466680581637,0.0020616359336038,46.02404213521018,0.0069055793237779,-27.417327096935324,13.050286293029785,2.2787282294417808,46.72466680581637,0.0020616359336038,"(46.324, 46.855]"
1401568,112.47235968907184,317.0247380452971,1401568,33.40682160270615,0.4322960237180522,33.40682160270615,0.4322960237180522,021337.63+002556.2,1.6497192916266223,46.46725843804995,0.0029032616173587,45.75545120900876,0.0029032616173587,-26.308249682412935,12.794382095336914,1.6497192916266223,46.46725843804995,0.0029032616173587,"(46.324, 46.855]"
1422492,84.49310571488728,247.21288443244012,1422492,17.87477893332158,0.5753814041760521,17.87477893332158,0.5753814041760521,011129.94+003431.3,1.3222112460862028,46.516641093068834,0.0018358674310405,45.80483386402764,0.0018358674310405,-26.112166258639242,18.72336769104004,1.3222112460862028,46.516641093068834,0.0018358674310405,"(46.324, 46.855]"
1450167,27.52241258657367,88.93481290644073,1450167,350.3489401626193,-0.0232213573343411,350.3489401626193,-0.0232213573343411,232123.74-000123.5,3.3422570222930723,46.65247180275365,0.00885148049068,0.0,-1.0,-27.07753239682022,4.233964920043945,3.3422570222930723,46.65247180275365,0.00885148049068,"(46.324, 46.855]"
1413935,179.69314542670568,510.9199822277658,1413935,24.230410137712965,-0.5772788485507986,24.230410137712965,-0.5772788485507986,013655.29-003438.2,2.7207827174004477,46.54390800574422,0.0031387912175766,0.0,-1.0,-26.560844257560746,6.30795955657959,2.7207827174004477,46.54390800574422,0.0031387912175766,"(46.324, 46.855]"
1410514,78.89410279309179,179.150096730217,1410514,26.668665146143702,-1.150084963362802,26.668665146143702,-1.150084963362802,014640.47-010900.3,1.9711903079085464,46.60068085377072,0.0013823030111339,45.88887362472953,0.0013823030111339,-26.53897690306225,17.21177864074707,1.9711903079085464,46.60068085377072,0.0013823030111339,"(46.324, 46.855]"
1394596,98.7880231206048,279.0742387790515,1394596,38.08135426341437,0.3519162001849463,38.08135426341437,0.3519162001849463,023219.52+002106.8,2.0473101774424407,46.67136324770548,0.00234816880047,46.01852157620421,0.0021542094162612,-27.00295002305658,17.738920211791992,2.0473101774424407,46.67136324770548,0.00234816880047,"(46.324, 46.855]"
1456093,178.04397884165056,376.30778522277296,1456093,338.9309810795049,-0.5988958451287197,338.9309810795049,-0.5988958451287197,223543.43-003556.0,2.032944364009829,46.71831107212195,0.0032569490184712,45.88517636314253,0.004930252892862,-26.38000683579871,14.12670612335205,2.032944364009829,46.71831107212195,0.0032569490184712,"(46.324, 46.855]"
1427140,14.82137534978231,66.26739326608488,1427140,14.160247734576323,-0.3105139379592287,14.160247734576323,-0.3105139379592287,005638.45-001837.8,3.7515028062183524,46.686206780066186,0.0301396328177716,0.0,-1.0,-27.077229914741906,3.2833147048950195,3.7515028062183524,46.686206780066186,0.0301396328177716,"(46.324, 46.855]"
1465593,14.437840195765189,76.54298421383176,1465593,321.17142602678973,1.211421999826274,321.17142602678973,1.211421999826274,212441.14+011241.1,2.6198681366625074,46.64709950226483,0.0021879316409467,0.0,-1.0,-25.0524874371463,10.312644958496094,2.6198681366625074,46.64709950226483,0.0021879316409467,"(46.324, 46.855]"
1396095,420.2137428832425,1033.3099486863712,1396095,37.11122356506249,-0.6339925526227792,37.11122356506249,-0.6339925526227792,022826.69-003802.3,1.5157493395781696,46.761801612323005,0.0011874925452843,46.04999438328181,0.0011874925452843,-26.813966605589993,26.922969818115234,1.5157493395781696,46.761801612323005,0.0011874925452843,"(46.324, 46.855]"
1446331,37.92433723882482,235.7220208403304,1446331,357.585499,0.60997,357.585499,0.60997,235020.51+003635.8,2.128197572189541,46.53484814349509,0.0100764969504787,0.0,-1.0,-26.776902441652002,5.576592922210693,2.128197572189541,46.53484814349509,0.0100764969504787,"(46.324, 46.855]"
1447324,16.971643622548953,29.88674934191222,1447324,355.6103241120924,0.6045616460692252,355.6103241120924,0.6045616460692252,234226.47+003616.4,3.456365653236141,46.69960856260218,0.0211236402701366,0.0,-1.0,-26.850617007427495,3.359935998916626,3.456365653236141,46.69960856260218,0.0211236402701366,"(46.324, 46.855]"
1388012,32.9949933344232,64.4762922097866,1388012,42.710977,0.750944,42.710977,0.750944,025050.63+004503.3,2.065280171337391,46.51897483741227,0.0101145744919435,0.0,-1.0,-25.92814152473293,3.448333501815796,2.065280171337391,46.51897483741227,0.0101145744919435,"(46.324, 46.855]"
1391594,159.46906816817042,1201.4463215220155,1391594,40.26356189534293,0.4576050363287678,40.26356189534293,0.4576050363287678,024103.25+002727.3,1.4591348591549995,46.65581745756793,0.0022584285474955,45.944010228526736,0.0022584285474955,-26.287053550447094,19.895002365112305,1.4591348591549995,46.65581745756793,0.0022584285474955,"(46.324, 46.855]"
1423330,476.1752358927211,1097.8305351478125,1423330,17.172481650508132,-0.1675269136213407,17.172481650508132,-0.1675269136213407,010841.39-001003.0,1.2448288556821876,46.51598085361959,0.0014521813649359,45.8041736245784,0.0014521813649359,-26.383617368002337,17.884010314941406,1.2448288556821876,46.51598085361959,0.0014521813649359,"(46.324, 46.855]"
1396993,86.73701713069018,274.90456856938334,1396993,36.48987621245238,0.1489799975911569,36.48987621245238,0.1489799975911569,022557.57+000856.3,2.485460753101516,46.44331255919062,0.0040110028307402,0.0,-1.0,-26.82179350182304,10.6094388961792,2.485460753101516,46.44331255919062,0.0040110028307402,"(46.324, 46.855]"
1460803,310.72222855946734,1209.214029555929,1460803,329.9641921964581,0.4666488349611132,329.9641921964581,0.4666488349611132,215951.40+002759.9,2.0947789573497557,46.65936857135991,0.0023711980295608,45.84481936140207,0.0037642296220141,-26.477529586138978,13.088963508605957,2.0947789573497557,46.65936857135991,0.0023711980295608,"(46.324, 46.855]"
1463306,24.47990835265216,68.51762216601195,1463306,325.2526095482602,-0.3255976504184258,325.2526095482602,-0.3255976504184258,214100.62-001932.1,2.6680428006914663,46.359267396589935,0.0049173216363271,0.0,-1.0,-25.622777083879935,4.403412342071533,2.6680428006914663,46.359267396589935,0.0049173216363271,"(46.324, 46.855]"
1438781,535.8948055947375,964.6324758149352,1438781,4.99091665413016,1.1981776052216089,4.99091665413016,1.1981776052216089,001957.82+011153.4,1.1366558242515181,46.531603265093686,0.0013928871274657,45.819796036052495,0.0013928871274657,-26.492363853788017,24.65963363647461,1.1366558242515181,46.531603265093686,0.0013928871274657,"(46.324, 46.855]"
1449844,272.530946641325,579.9496817784266,1449844,350.92510897554234,0.8670746790278359,350.92510897554234,0.8670746790278359,232342.02+005201.4,1.535373221497204,46.60178104914333,0.0013666847542985,45.889973820102135,0.0013666847542985,-26.236412363134775,19.4080753326416,1.535373221497204,46.60178104914333,0.0013666847542985,"(46.324, 46.855]"
1438520,460.04983180516496,2010.815133814864,1438520,5.2367098692994185,0.1965369868247067,5.2367098692994185,0.1965369868247067,002056.81+001147.5,1.1123439752608635,46.64208888598854,0.0009783255879476,45.93028165694735,0.0009783255879476,-26.46573469938343,30.25391960144043,1.1123439752608635,46.64208888598854,0.0009783255879476,"(46.324, 46.855]"
1463721,96.89443649308396,251.0790635847564,1463721,324.48896571796405,-1.1736744239731458,324.48896571796405,-1.1736744239731458,213757.35-011025.2,1.5155115867723201,46.566038707993705,0.002130171211597,45.854231478952514,0.002130171211597,-26.10329362446073,16.004474639892578,1.5155115867723201,46.566038707993705,0.002130171211597,"(46.324, 46.855]"
1402425,14.659097866900709,29.515259513499423,1402425,32.809128281865014,-0.1031957698939428,32.809128281865014,-0.1031957698939428,021114.19-000611.5,3.0358991320298867,46.42579238581578,0.0094664102932213,0.0,-1.0,-25.414052764199827,3.4663660526275635,3.0358991320298867,46.42579238581578,0.0094664102932213,"(46.324, 46.855]"
1414073,217.2855511245864,662.6889286346633,1414073,24.11873648062764,-0.6717603255351039,24.11873648062764,-0.6717603255351039,013628.49-004018.3,2.379537726835743,46.724958450525286,0.0013717953816829,46.27575164795535,0.0079981294457134,-27.208208338180505,16.920122146606445,2.379537726835743,46.724958450525286,0.0013717953816829,"(46.324, 46.855]"
1447232,131.94061718116674,269.99305613101114,1447232,355.8162072355097,0.783220215835245,355.8162072355097,0.783220215835245,234315.88+004659.5,2.769758251913816,46.67586905915273,0.0027185925368904,0.0,-1.0,-27.27494531024006,10.698408126831055,2.769758251913816,46.67586905915273,0.0027185925368904,"(46.324, 46.855]"
1434010,216.46244415458253,1171.1698544928631,1434010,8.916385831542698,-0.4538597969449749,8.916385831542698,-0.4538597969449749,003539.93-002713.8,1.628923420611264,46.56274536086193,0.0018252729291852,45.85093813182074,0.0018252729291852,-26.607152580121994,14.357961654663086,1.628923420611264,46.56274536086193,0.0018252729291852,"(46.324, 46.855]"
1446207,53.172057212182025,270.8541804649053,1446207,357.8143373443058,1.14718002830837,357.8143373443058,1.14718002830837,235115.44+010849.8,2.4835140239035756,46.49806389878051,0.0045788158359094,0.0,-1.0,-26.055188174962414,5.939815044403076,2.4835140239035756,46.49806389878051,0.0045788158359094,"(46.324, 46.855]"
1435157,115.52694774499813,275.61361128442235,1435157,8.009279337402518,-0.6041236281245377,8.009279337402518,-0.6041236281245377,003202.22-003614.8,2.4201206691793127,46.385609226807155,0.0046199547031875,45.76133601654694,0.0442952930508511,-24.938453705132044,4.790960311889648,2.4201206691793127,46.385609226807155,0.0046199547031875,"(46.324, 46.855]"
1401613,53.25895756430256,168.9397520976368,1401613,33.37847709723249,0.6844822156107238,33.37847709723249,0.6844822156107238,021330.83+004104.1,2.545543000294255,46.71171431465799,0.0025341860318697,0.0,-1.0,-26.482450627487083,9.462516784667969,2.545543000294255,46.71171431465799,0.0025341860318697,"(46.324, 46.855]"
1465932,134.20478336747234,306.7414269032071,1465932,320.6258248165672,0.9918502330355472,320.6258248165672,0.9918502330355472,212230.19+005930.6,2.149957610882507,46.52230387862371,0.0033147139860183,45.80958126822391,0.0051970343379004,-26.637329778832857,11.417155265808105,2.149957610882507,46.52230387862371,0.0033147139860183,"(46.324, 46.855]"
1450149,12.002140353865505,39.70125261965362,1450149,350.386357297354,-0.7506081103525291,350.386357297354,-0.7506081103525291,232132.72-004502.1,2.6400013108613027,46.36801056269114,0.0047896966301088,0.0,-1.0,-26.12870815501528,5.622249126434326,2.6400013108613027,46.36801056269114,0.0047896966301088,"(46.324, 46.855]"
1397491,111.1500021678042,342.46925148021506,1397491,36.14998918019211,0.7715499747366169,36.14998918019211,0.7715499747366169,022435.99+004617.5,2.5916100949433227,46.50571173113983,0.0029984462146863,0.0,-1.0,-26.641245141952858,6.79783821105957,2.5916100949433227,46.50571173113983,0.0029984462146863,"(46.324, 46.855]"
1442098,24.96316101113501,117.51221247013568,1442098,2.198253534742804,-0.33032373320223,2.198253534742804,-0.33032373320223,000847.58-001949.1,2.8607363742803793,46.582856852003815,0.0033975168545268,0.0,-1.0,-26.530429960206526,5.690981388092041,2.8607363742803793,46.582856852003815,0.0033975168545268,"(46.324, 46.855]"
1408348,293.89727759185826,540.3316832536665,1408348,28.3315496862856,-0.9294420657649128,28.3315496862856,-0.9294420657649128,015319.57-005545.9,1.3018478960242226,46.364431080216384,0.0020813788375768,45.65262385117519,0.0020813788375768,-26.059786714056173,17.513107299804688,1.3018478960242226,46.364431080216384,0.0020813788375768,"(46.324, 46.855]"
1423070,83.36992941534548,206.53163317586,1423070,17.36798730236084,0.9619394338636784,17.36798730236084,0.9619394338636784,010928.31+005742.9,2.9692712407110275,46.592985559756556,0.0055531555567931,0.0,-1.0,-26.64661521919977,6.422652721405029,2.9692712407110275,46.592985559756556,0.0055531555567931,"(46.324, 46.855]"
1444875,263.9713372611601,907.084072103396,1444875,359.91001302950906,-0.5801278920647792,359.91001302950906,-0.5801278920647792,235938.40-003448.4,1.2064264254549557,46.74035782058924,0.0006831234762181,46.02855059154805,0.0006831234762181,-26.701430010575482,34.13477325439453,1.2064264254549557,46.74035782058924,0.0006831234762181,"(46.324, 46.855]"
1419316,125.31693883667762,262.3754404818612,1419316,20.311934355212795,-0.2770869150746294,20.311934355212795,-0.2770869150746294,012114.86-001637.5,2.38840024638761,46.63327395534651,0.0022842205045279,46.03703712688651,0.0134657496722141,-27.09119345614058,10.77578353881836,2.38840024638761,46.63327395534651,0.0022842205045279,"(46.324, 46.855]"
1420900,60.06318551006142,163.9863198504248,1420900,19.161686125945828,-0.6523127209950026,19.161686125945828,-0.6523127209950026,011638.80-003908.3,2.131278706411689,46.3831476367733,0.0021007314459566,45.83835328211008,0.00411860515824,-26.05897145484555,13.598397254943848,2.131278706411689,46.3831476367733,0.0021007314459566,"(46.324, 46.855]"
1460226,17.554518118751155,91.05344033388404,1460226,331.1162897242285,0.5060354634604676,331.1162897242285,0.5060354634604676,220427.90+003021.7,3.244797368104619,46.757555330408834,0.0057292279570724,0.0,-1.0,-26.77339695967936,5.4461894035339355,3.244797368104619,46.757555330408834,0.0057292279570724,"(46.324, 46.855]"
1445196,199.2115538108225,496.3671285833576,1445196,359.40114929517097,0.515674685694717,359.40114929517097,0.515674685694717,235736.27+003056.4,0.936173156547951,46.389465883646594,0.0011769496434368,45.6776586546054,0.0011769496434368,-26.108939455600417,33.84087371826172,0.936173156547951,46.389465883646594,0.0011769496434368,"(46.324, 46.855]"
1452987,109.60067385484165,340.5357822110206,1452987,345.0748839658817,0.5126490380528745,345.0748839658817,0.5126490380528745,230017.97+003045.5,2.4925827877254663,46.53811106006412,0.004315933581509,0.0,-1.0,-26.429507448706385,7.082080364227295,2.4925827877254663,46.53811106006412,0.004315933581509,"(46.324, 46.855]"
1400158,330.81418463201743,825.3645735292012,1400158,34.367408348104505,0.6505602891279085,34.367408348104505,0.6505602891279085,021728.17+003902.0,2.4975094844077708,46.43927839631853,0.0044893282818208,0.0,-1.0,-25.821319495642122,5.446793079376221,2.4975094844077708,46.43927839631853,0.0044893282818208,"(46.324, 46.855]"
1414762,21.78294001331074,403.2731403822706,1414762,23.64256713245504,-0.116230715751229,23.64256713245504,-0.116230715751229,013434.21-000658.4,3.755157606622354,46.65901044405811,0.0285274060044393,0.0,-1.0,-26.387877702983502,3.19333553314209,3.755157606622354,46.65901044405811,0.0285274060044393,"(46.324, 46.855]"
1406568,52.987173908538914,133.26503900394778,1406568,29.7766067314318,0.395529564228602,29.7766067314318,0.395529564228602,015906.38+002343.9,2.325223849045624,46.83483630324593,0.0020340744735136,46.15583590401033,0.0059015767772265,-27.301994270702167,14.930915832519531,2.325223849045624,46.83483630324593,0.0020340744735136,"(46.324, 46.855]"
1394187,63.96647872999033,168.1302196906209,1394187,38.37436556967967,-1.189111732311998,38.37436556967967,-1.189111732311998,023329.84-011120.8,2.6698954646385227,46.48954000253934,0.0043600980542208,0.0,-1.0,-26.814757279694902,5.178131103515625,2.6698954646385227,46.48954000253934,0.0043600980542208,"(46.324, 46.855]"
1419558,181.2612016445107,518.0047404337506,1419558,20.117307075616708,0.6949851453069664,20.117307075616708,0.6949851453069664,012028.15+004141.9,2.9837776987205102,46.591298214500235,0.0049726138861245,0.0,-1.0,-26.1736217433378,5.858853816986084,2.9837776987205102,46.591298214500235,0.0049726138861245,"(46.324, 46.855]"
1417069,275.0343289371266,566.2237105055577,1417069,22.011123068411628,0.0113580132639205,22.011123068411628,0.0113580132639205,012802.66+000040.8,1.8760074500162296,46.495301754307306,0.0017634115615052,45.783494525266114,0.0017634115615052,-26.0197035558587,18.18334197998047,1.8760074500162296,46.495301754307306,0.0017634115615052,"(46.324, 46.855]"
1434139,27.02645262197778,125.48173730112576,1434139,8.815913910812721,-1.053395103179927,8.815913910812721,-1.053395103179927,003515.81-010312.2,2.943317447889943,46.50606870497289,0.0062173562785083,0.0,-1.0,-26.775812393678944,4.672195911407471,2.943317447889943,46.50606870497289,0.0062173562785083,"(46.324, 46.855]"
1433989,21.8379539340416,66.06915666022148,1433989,8.931492025561397,1.01090669166201,8.931492025561397,1.01090669166201,003543.55+010039.2,2.525209011384143,46.5918236265391,0.0047180719971642,0.0,-1.0,-26.53631636834252,7.336252212524414,2.525209011384143,46.5918236265391,0.0047180719971642,"(46.324, 46.855]"
1403376,182.64424015798025,1204.4695802514905,1403376,32.128223,-0.658276,32.128223,-0.658276,020830.77-003929.7,1.5212688242079413,46.40300973650475,0.0049827264066806,45.69120250746356,0.0049827264066806,-25.920984760137593,7.639467716217041,1.5212688242079413,46.40300973650475,0.0049827264066806,"(46.324, 46.855]"
1455993,115.27886223189869,265.3297264051076,1455993,339.1276237185455,-0.1207810731041435,339.1276237185455,-0.1207810731041435,223630.62-000714.8,1.8696517137804805,46.45449454302181,0.0035023267456857,45.74268731398062,0.0035023267456857,-26.406318607483854,10.56772518157959,1.8696517137804805,46.45449454302181,0.0035023267456857,"(46.324, 46.855]"
1444415,248.5869374837552,631.8199665137382,1444415,0.3310308314512724,-1.2095716649907318,0.3310308314512724,-1.2095716649907318,000119.44-011234.4,2.2086020765341825,46.52351698585994,0.0033355013151634,46.00993444243829,0.003995027214021,-26.34290994798725,9.46769905090332,2.2086020765341825,46.52351698585994,0.0033355013151634,"(46.324, 46.855]"
1437439,616.3126739085392,1109.4371742471053,1437439,6.139835313084717,0.7550385411887727,6.139835313084717,0.7550385411887727,002433.56+004518.1,1.8229936112665426,46.557882290257965,0.0030422429553276,45.84607506121677,0.0030422429553276,-25.402468414583538,10.013941764831543,1.8229936112665426,46.557882290257965,0.0030422429553276,"(46.324, 46.855]"
1389683,296.3566070233229,642.2127411580971,1389683,41.51534439706165,-0.5365984121344524,41.51534439706165,-0.5365984121344524,024603.68-003211.7,1.6060420339305648,46.68517588622077,0.0009140604598769,45.97336865717958,0.0009140604598769,-27.011950049434972,26.504072189331055,1.6060420339305648,46.68517588622077,0.0009140604598769,"(46.324, 46.855]"
1463296,94.17301415366175,700.7245076266472,1463296,325.26938728499965,-0.0540435755466917,325.26938728499965,-0.0540435755466917,214104.65-000314.5,1.8064392410695804,46.63464868589904,0.0009690282076348,45.922841456857846,0.0009690282076348,-27.295364656825235,26.05121612548828,1.8064392410695804,46.63464868589904,0.0009690282076348,"(46.324, 46.855]"
1421037,71.03310492365311,213.53398400279417,1421037,19.049772,-1.040172,19.049772,-1.040172,011611.94-010224.6,2.062299312539909,46.61176245179065,0.0094746450815037,0.0,-1.0,-26.32369880614641,6.972889423370361,2.062299312539909,46.61176245179065,0.0094746450815037,"(46.324, 46.855]"
1389329,233.34449896261503,582.9657874143581,1389329,41.72907753293862,1.2340826302281285,41.72907753293862,1.2340826302281285,024654.97+011402.6,2.1546309963569,46.51800139573996,0.0056630640911308,45.34686755269123,0.0343904669838721,-26.651421452505872,5.004892826080322,2.1546309963569,46.51800139573996,0.0056630640911308,"(46.324, 46.855]"
1439536,37.40655990055381,161.22980351943949,1439536,4.373620052514013,0.3737962117682591,4.373620052514013,0.3737962117682591,001729.66+002225.6,2.652972468701123,46.480678779421126,0.0040731857900979,0.0,-1.0,-27.023775126973874,9.386412620544434,2.652972468701123,46.480678779421126,0.0040731857900979,"(46.324, 46.855]"
1422596,93.45286230775064,268.0284143749697,1422596,17.773190050589584,-0.648988951563127,17.773190050589584,-0.648988951563127,011105.56-003856.3,2.8603996746688582,46.60035838188048,0.0031313120411589,0.0,-1.0,-26.911654423456316,7.961248397827148,2.8603996746688582,46.60035838188048,0.0031313120411589,"(46.324, 46.855]"
1449605,338.17932799122343,954.3702633514848,1449605,351.3770124901752,0.8993876464846381,351.3770124901752,0.8993876464846381,232530.48+005357.7,2.4626814948613935,46.635406488994875,0.0025025464065109,45.89439142432442,0.0286249338872828,-26.619740876491537,7.86276912689209,2.4626814948613935,46.635406488994875,0.0025025464065109,"(46.324, 46.855]"
1393557,85.76643277350873,348.84338685692023,1393557,38.826448189590906,-0.3355588358990819,38.826448189590906,-0.3355588358990819,023518.34-002008.0,2.3898206952261885,46.52523850474869,0.0024729009026955,45.80991715218797,0.0261728291211902,-26.465905616261495,7.296947002410889,2.3898206952261885,46.52523850474869,0.0024729009026955,"(46.324, 46.855]"
1413787,23.770284158400447,276.2191150790707,1413787,24.35478344133796,-0.8184756081257739,24.35478344133796,-0.8184756081257739,013725.14-004906.5,1.2136323967280516,46.37260734764216,0.0010342062169854,45.66080011860097,0.0010342062169854,-25.749933890654024,14.845705032348633,1.2136323967280516,46.37260734764216,0.0010342062169854,"(46.324, 46.855]"
1414022,1009.461340416161,2410.737175152307,1414022,24.164060141849923,0.0157927828975525,24.164060141849923,0.0157927828975525,013639.37+000056.8,1.6756842991877436,46.5780634231858,0.0033268560404131,45.86625619414461,0.0033268560404131,-25.89891440190761,13.455438613891602,1.6756842991877436,46.5780634231858,0.0033268560404131,"(46.324, 46.855]"
1411086,129.39354316188596,441.204542081514,1411086,26.2424,0.693866,26.2424,0.693866,014458.17+004137.9,2.0289236238530406,46.63698689913839,0.0090824285809212,45.8747390234623,0.013100976950735,-26.689402865747983,8.710248947143555,2.0289236238530406,46.63698689913839,0.0090824285809212,"(46.324, 46.855]"
1425978,25.823521021422888,90.7193623782246,1425978,15.143944429728604,0.5963990463932568,15.143944429728604,0.5963990463932568,010034.54+003547.0,2.7963285435089755,46.33299914981099,0.0076485118858649,0.0,-1.0,-26.10783941925153,4.216384410858154,2.7963285435089755,46.33299914981099,0.0076485118858649,"(46.324, 46.855]"
1448988,91.940926450557,322.2450582454151,1448988,352.5784854772307,1.1146518573580415,352.5784854772307,1.1146518573580415,233018.83+010652.7,3.0615088704003703,46.73956985382959,0.0053923941679094,0.0,-1.0,-27.15376552279981,6.571713447570801,3.0615088704003703,46.73956985382959,0.0053923941679094,"(46.324, 46.855]"
1403259,287.5163270644927,749.2841846840512,1403259,32.20796457075616,0.5962556774279714,32.20796457075616,0.5962556774279714,020849.91+003546.5,2.6672641775513766,46.60733623602014,0.0022922204262059,0.0,-1.0,-27.251673297229488,10.719522476196289,2.6672641775513766,46.60733623602014,0.0022922204262059,"(46.324, 46.855]"
1444571,829.8143216224205,1747.1089464339748,1444571,0.2108096426472343,1.1664333023852038,0.2108096426472343,1.1664333023852038,000050.59+010959.1,2.3744599392929255,46.805447464842686,0.0018257696453432,46.16257468306652,0.0104434084975402,-27.21360190730382,14.384966850280762,2.3744599392929255,46.805447464842686,0.0018257696453432,"(46.324, 46.855]"
1410164,31.693067977644965,446.212231318102,1410164,26.93343493709677,-1.1015598792769623,26.93343493709677,-1.1015598792769623,014744.02-010605.6,2.2552707572892654,46.5734220278687,0.0047721653854218,46.13449169646948,0.0089547278342081,-27.125048861237723,10.522380828857422,2.2552707572892654,46.5734220278687,0.0047721653854218,"(46.324, 46.855]"
1446478,45.27667639926579,327.4577004627975,1446478,357.31729219042546,1.2148668166691552,357.31729219042546,1.2148668166691552,234916.15+011253.5,2.3429613199600485,46.62058468886281,0.0035770983804788,45.774635643800494,0.0241406682627634,-26.406472177243913,9.23881721496582,2.3429613199600485,46.62058468886281,0.0035770983804788,"(46.324, 46.855]"
1434769,30.618414912279096,190.699394141805,1434769,8.320096715075238,0.6158445133680421,8.320096715075238,0.6158445133680421,003316.82+003657.0,2.638014856550436,46.54785846058158,0.0049321536283883,0.0,-1.0,-26.459933604971376,8.896443367004395,2.638014856550436,46.54785846058158,0.0049321536283883,"(46.324, 46.855]"
1441187,11.877935668720925,93.91436520615794,1441187,3.000762811532301,0.1472385433714675,3.000762811532301,0.1472385433714675,001200.18+000850.0,3.281428143066703,46.68060943030583,0.005440778101537,0.0,-1.0,-26.96600308344776,6.198765277862549,3.281428143066703,46.68060943030583,0.005440778101537,"(46.324, 46.855]"
1450310,446.96132256170085,871.9209359419332,1450310,350.0694124039588,-0.6022284464065373,350.0694124039588,-0.6022284464065373,232016.65-003608.0,1.678020888541141,46.50061570235801,0.0018906454290075,45.78880847331682,0.0018906454290075,-25.645456171590677,14.552984237670898,1.678020888541141,46.50061570235801,0.0018906454290075,"(46.324, 46.855]"
1390080,114.58567199720598,272.0550045365853,1390080,41.27102113538737,-0.5783427726898275,41.27102113538737,-0.5783427726898275,024505.04-003442.0,2.352348457609254,46.46457955392791,0.003400312635442,45.72390678270085,0.0160377683160781,-26.035954550690338,6.841353416442871,2.352348457609254,46.46457955392791,0.003400312635442,"(46.324, 46.855]"
1396882,29.83010331096485,79.18209702203599,1396882,36.56039966583921,0.7852175866190187,36.56039966583921,0.7852175866190187,022614.49+004706.7,2.169187198832442,46.35115462042835,0.0039117573768585,45.49646420062039,0.0103095177603158,-25.82407426081111,8.454761505126953,2.169187198832442,46.35115462042835,0.0039117573768585,"(46.324, 46.855]"
1389228,20.43304615825136,165.1683397084966,1389228,41.79142567294744,-0.1065568805891017,41.79142567294744,-0.1065568805891017,024709.94-000623.6,1.9226731296798967,46.43559621781655,0.0038678643602843,45.72378898877536,0.0038678643602843,-25.43067690910936,4.917974472045898,1.9226731296798967,46.43559621781655,0.0038678643602843,"(46.324, 46.855]"
1417127,14.853950356039824,53.443381219077686,1417127,21.97932246445737,-0.617314666052048,21.97932246445737,-0.617314666052048,012755.03-003702.3,3.4777712237464486,46.529741159687454,0.0095269146888199,0.0,-1.0,-25.749938289238198,3.47696852684021,3.4777712237464486,46.529741159687454,0.0095269146888199,"(46.324, 46.855]"
1391918,34.727888707489555,211.36818543355523,1391918,40.038551,-1.111771,40.038551,-1.111771,024009.25-010642.3,1.8166836123139953,46.42636900007068,0.0058361750167357,45.71456177102949,0.0058361750167357,-26.149645848612042,4.6953206062316895,1.8166836123139953,46.42636900007068,0.0058361750167357,"(46.324, 46.855]"
1426379,113.88974678960226,309.2289906473361,1426379,14.82737812326228,-0.3389817987204706,14.82737812326228,-0.3389817987204706,005918.57-002020.3,2.64090727956355,46.61313781253075,0.00434546384135,0.0,-1.0,-27.05094647390471,6.726916313171387,2.64090727956355,46.61313781253075,0.00434546384135,"(46.324, 46.855]"
1396751,105.02629610954196,319.4542186640347,1396751,36.64899640322426,0.9289724605824902,36.64899640322426,0.9289724605824902,022635.75+005544.3,2.748315784436028,46.50363067706515,0.0036331310798942,0.0,-1.0,-26.048150780197453,4.620663166046143,2.748315784436028,46.50363067706515,0.0036331310798942,"(46.324, 46.855]"
1437766,171.06092904037806,882.6299203938345,1437766,5.873368057097991,-0.5388223722144045,5.873368057097991,-0.5388223722144045,002329.60-003219.7,2.395331554605598,46.68204125926308,0.0029674573342859,46.01198530777728,0.01560133656589,-27.368529670693256,10.78808879852295,2.395331554605598,46.68204125926308,0.0029674573342859,"(46.324, 46.855]"
1402493,125.05091759166434,632.7072834181696,1402493,32.75413727362735,-0.7338886959314938,32.75413727362735,-0.7338886959314938,021100.99-004401.9,1.3718253838923964,46.44266116084817,0.0017966659269816,45.730853931806976,0.0017966659269816,-26.343005768956868,17.0125789642334,1.3718253838923964,46.44266116084817,0.0017966659269816,"(46.324, 46.855]"
1420858,57.76299346550424,324.4507289849536,1420858,19.198528,1.246986,19.198528,1.246986,011647.64+011449.1,1.9713431085866455,46.473802252654885,0.0105045486535075,45.7883229025446,0.0100098040529559,-26.657420817296007,7.044477939605713,1.9713431085866455,46.473802252654885,0.0105045486535075,"(46.324, 46.855]"
1428687,19.237398012842885,198.55493664708308,1428687,12.877031,0.697228,12.877031,0.697228,005130.48+004150.0,1.1926325474638806,46.490749260558715,0.001289409976998,45.77894203151752,0.001289409976998,-26.358625705404258,26.74744415283203,1.1926325474638806,46.490749260558715,0.001289409976998,"(46.324, 46.855]"
1404853,541.6933451677728,1133.9105033591002,1404853,31.0943,0.997551,31.0943,0.997551,020422.63+005951.1,1.8395514818592875,46.42403730468006,0.0097734099799104,45.71223007563887,0.0097734099799104,-26.5248875483287,5.515697002410889,1.8395514818592875,46.42403730468006,0.0097734099799104,"(46.324, 46.855]"
1408081,65.5824695608882,511.9251696272647,1408081,28.54329392788213,-0.8695483138609161,28.54329392788213,-0.8695483138609161,015410.39-005210.3,1.5339146248391275,46.51437009239853,0.0022689702272806,45.80256286335734,0.0022689702272806,-26.291798275996143,17.28695297241211,1.5339146248391275,46.51437009239853,0.0022689702272806,"(46.324, 46.855]"
1422516,63.33953307624454,238.7549153462726,1422516,17.85176417377232,0.4464090627735076,17.85176417377232,0.4464090627735076,011124.42+002647.0,1.0056292169506982,46.33387593860808,0.0011401455568815,45.62206870956689,0.0011401455568815,-25.749032788760154,22.219383239746094,1.0056292169506982,46.33387593860808,0.0011401455568815,"(46.324, 46.855]"
1446261,115.89085431587156,482.764244584788,1446261,357.713913,-0.084556,357.713913,-0.084556,235051.33-000504.4,1.7966576014912976,46.46705390142945,0.0058782035069384,45.75524667238826,0.0058782035069384,-26.32674917310713,5.07383394241333,1.7966576014912976,46.46705390142945,0.0058782035069384,"(46.324, 46.855]"
1465350,187.1966324301735,529.5165929761104,1465350,321.584323397574,0.619410965576443,321.584323397574,0.619410965576443,212620.23+003709.8,2.0177472720680236,46.45916434883234,0.0043755176942212,45.86300587228454,0.0028138611150794,-26.570252647307424,13.211690902709961,2.0177472720680236,46.45916434883234,0.0043755176942212,"(46.324, 46.855]"
1397802,28.15139230290996,253.65530138733035,1397802,35.93399987734128,-0.5512725486034394,35.93399987734128,-0.5512725486034394,022344.16-003304.5,2.2634497124011013,46.419759762544665,0.0058945053097545,45.88532708717343,0.0178422787128376,-26.77703900320104,6.44952392578125,2.2634497124011013,46.419759762544665,0.0058945053097545,"(46.324, 46.855]"
1440002,22.80203126492408,55.19561164155608,1440002,4.010987866725952,-0.3432119382743543,4.010987866725952,-0.3432119382743543,001602.63-002035.5,2.2644897450938215,46.54029919368763,0.003591883207342,45.99877681619961,0.0102182228444931,-26.75538522552853,12.010725021362305,2.2644897450938215,46.54029919368763,0.003591883207342,"(46.324, 46.855]"
1452557,17.879646385767106,68.61821774495776,1452557,345.8447812940135,-0.2439686566128291,345.8447812940135,-0.2439686566128291,230322.74-001438.2,3.2296067360606053,46.64166760893716,0.0093422963651654,0.0,-1.0,-27.140576861370896,5.307322025299072,3.2296067360606053,46.64166760893716,0.0093422963651654,"(46.324, 46.855]"
1417215,25.56742215133072,75.01313419819859,1417215,21.92187395181876,0.883896276774343,21.92187395181876,0.883896276774343,012741.24+005302.0,3.1158676328586763,46.58485840562706,0.0039112832918846,0.0,-1.0,-26.44626909665217,5.823075294494629,3.1158676328586763,46.58485840562706,0.0039112832918846,"(46.324, 46.855]"
1458851,31.8390431235219,114.9031835881683,1458851,333.74325605186533,1.1267071146391825,333.74325605186533,1.1267071146391825,221458.38+010736.1,3.581922624001226,46.57776685006384,0.0238327843337913,0.0,-1.0,-26.785697400917595,3.735093116760254,3.581922624001226,46.57776685006384,0.0238327843337913,"(46.324, 46.855]"
1425684,93.40855237780934,205.52524810009788,1425684,15.378608379435668,1.0295048331123682,15.378608379435668,1.0295048331123682,010130.86+010146.2,2.152855208344885,46.63604850840645,0.0028192635129542,45.598554349077496,0.0083276873190278,-26.256635822928207,9.280137062072754,2.152855208344885,46.63604850840645,0.0028192635129542,"(46.324, 46.855]"
1448612,293.1013636208692,792.5833629734475,1448612,353.2826773035037,0.8040731969382976,353.2826773035037,0.8040731969382976,233307.84+004814.6,1.3665487726038625,46.61540168576313,0.001304249893689,45.90359445672194,0.001304249893689,-26.682996641305753,23.750869750976562,1.3665487726038625,46.61540168576313,0.001304249893689,"(46.324, 46.855]"
1435245,16.08169222191592,124.035946487311,1435245,7.935695720834815,0.324658946096662,7.935695720834815,0.324658946096662,003144.56+001928.7,3.110768633612888,46.33432498829383,0.0099070007928148,0.0,-1.0,-25.80418357616508,3.6885793209075928,3.110768633612888,46.33432498829383,0.0099070007928148,"(46.324, 46.855]"
1465122,63.92310394387376,110.26327869784804,1465122,322.027436350435,0.5913217178824981,322.027436350435,0.5913217178824981,212806.58+003528.7,2.2573972291360893,46.47244526443523,0.0038172204668356,45.703907773152125,0.0105682236838049,-25.701815620961924,6.567545413970947,2.2573972291360893,46.47244526443523,0.0038172204668356,"(46.324, 46.855]"
1441665,104.53267717002218,328.23707146515625,1441665,2.584521,-0.127467,2.584521,-0.127467,001020.28-000738.8,2.1539431326153773,46.53097472293693,0.0104321160910068,0.0,-1.0,-26.79821489970357,5.399862289428711,2.1539431326153773,46.53097472293693,0.0104321160910068,"(46.324, 46.855]"
1445689,78.35086214029572,268.0683235645219,1445689,358.641398,-0.195621,358.641398,-0.195621,235433.93-001144.2,2.056124871513366,46.706803676127265,0.0049730172922082,45.92623596174925,0.0186937936207449,-26.728881396681807,7.0119099617004395,2.056124871513366,46.706803676127265,0.0049730172922082,"(46.324, 46.855]"
1442785,76.71354374944582,202.121181215179,1442785,1.6628380042789406,-0.2799527051557687,1.6628380042789406,-0.2799527051557687,000639.08-001647.8,2.404312854104008,46.41455859067068,0.0042357718987986,45.4175191162754,0.1101234859769917,-25.941240608213235,5.348085880279541,2.404312854104008,46.41455859067068,0.0042357718987986,"(46.324, 46.855]"
1434564,112.96280320629518,209.59380642088507,1434564,8.494489,0.815406,8.494489,0.815406,003358.67+004855.4,2.036483192476722,46.4150260120039,0.0133776078791569,45.64094202274403,0.0215677919839549,-26.15527094018822,4.547297954559326,2.036483192476722,46.4150260120039,0.0133776078791569,"(46.324, 46.855]"
1445024,562.7277202562722,1519.152714619726,1445024,359.6873099751724,-0.1233500882710141,359.6873099751724,-0.1233500882710141,235844.95-000724.0,1.996213371155721,46.772881144390645,0.002116445686763,46.06107391534945,0.002116445686763,-27.305131932319743,23.252099990844727,1.996213371155721,46.772881144390645,0.002116445686763,"(46.324, 46.855]"
1392518,215.7386117333913,660.0971142056343,1392518,39.61601064459384,-0.4265081386939192,39.61601064459384,-0.4265081386939192,023827.84-002535.4,1.299365562807652,46.38451864807125,0.0022127825771178,45.67271141903006,0.0022127825771178,-25.993526858847986,17.167444229125977,1.299365562807652,46.38451864807125,0.0022127825771178,"(46.324, 46.855]"
1436551,66.69222048856628,229.69086275337543,1436551,6.87434737417517,0.096876514153121,6.87434737417517,0.096876514153121,002729.84+000548.7,3.084887197938106,46.6776977571427,0.005330719537266,0.0,-1.0,-26.277378169512737,6.664680480957031,3.084887197938106,46.6776977571427,0.005330719537266,"(46.324, 46.855]"
1416442,78.74125813567072,268.6488580493745,1416442,22.430945326822663,0.2170559401757342,22.430945326822663,0.2170559401757342,012943.42+001301.4,2.2393987886704156,46.46036028533407,0.0053904480558237,45.6855292001138,0.0138578459044573,-25.65040936501085,7.528359413146973,2.2393987886704156,46.46036028533407,0.0053904480558237,"(46.324, 46.855]"
1419156,109.78985579519424,565.9845004451809,1419156,20.44888873903301,0.4552055637014977,20.44888873903301,0.4552055637014977,012147.73+002718.7,2.226967386889032,46.53244796261169,0.0038474183997045,46.20680992433053,0.0061940968054798,-27.166507112279835,11.013166427612305,2.226967386889032,46.53244796261169,0.0038474183997045,"(46.324, 46.855]"
1397778,123.87604429438504,425.5900437452145,1397778,35.945933,-0.705138,35.945933,-0.705138,022347.02-004218.4,1.9691348194472023,46.73219190454313,0.0043376586534691,45.83619236981695,0.0059781713172597,-26.478254932115178,10.102850914001465,1.9691348194472023,46.73219190454313,0.0043376586534691,"(46.324, 46.855]"
1432644,123.0322990267836,474.0726643598297,1432644,9.93171032265036,-0.5006235516502472,9.93171032265036,-0.5006235516502472,003943.61-003002.2,1.5542497518257876,46.37078264643392,0.0045282871072238,45.65897541739273,0.0045282871072238,-26.5156944395368,10.357355117797852,1.5542497518257876,46.37078264643392,0.0045282871072238,"(46.324, 46.855]"
1451899,24.5963243290686,116.4874259445969,1451899,347.13743108093115,-0.392342105844727,347.13743108093115,-0.392342105844727,230832.98-002332.4,3.073703457205366,46.49298588682164,0.0079350386068597,0.0,-1.0,-26.37291736220795,4.297721862792969,3.073703457205366,46.49298588682164,0.0079350386068597,"(46.324, 46.855]"
1457171,10.162825413450427,55.30073215513532,1457171,336.92088550771336,-1.067236659257634,336.92088550771336,-1.067236659257634,222741.01-010402.0,3.814727744820781,46.802261720507055,0.0092200107774793,0.0,-1.0,-27.883244741864438,6.439396858215332,3.814727744820781,46.802261720507055,0.0092200107774793,"(46.324, 46.855]"
1400901,58.12824492505308,210.68078036196675,1400901,33.831235784988166,0.7071923430612741,33.831235784988166,0.7071923430612741,021519.49+004225.8,2.7461739792139768,46.71604239482267,0.0015958447873991,0.0,-1.0,-26.9674248454973,8.994339942932129,2.7461739792139768,46.71604239482267,0.0015958447873991,"(46.324, 46.855]"
1437334,171.63686963579713,409.79316995954287,1437334,6.220684,-0.616681,6.220684,-0.616681,002452.96-003700.0,2.111391218135541,46.644382902827424,0.0064566970295345,0.0,-1.0,-26.241938677616123,6.182981014251709,2.111391218135541,46.644382902827424,0.0064566970295345,"(46.324, 46.855]"
1455347,1258.6195651258513,3686.1363543476336,1455347,340.45002745201475,-0.9983284524994036,340.45002745201475,-0.9983284524994036,224148.00-005953.9,1.6929751480714692,46.561190991424674,0.0030163621029295,45.84938376238348,0.0030163621029295,-26.413233929650872,14.427404403686523,1.6929751480714692,46.561190991424674,0.0030163621029295,"(46.324, 46.855]"
1451843,29.63954832331796,102.28480087738996,1451843,347.23650022965217,0.9829563315694664,347.23650022965217,0.9829563315694664,230856.76+005858.6,2.8493618962830944,46.43464262361451,0.0050048093123216,0.0,-1.0,-25.821545333472198,4.662905216217041,2.8493618962830944,46.43464262361451,0.0050048093123216,"(46.324, 46.855]"
1463830,95.20854067177764,479.1962081373213,1463830,324.2684189758561,-0.3920245908592061,324.2684189758561,-0.3920245908592061,213704.42-002331.2,2.480553420074203,46.78093119213854,0.0023835380659278,0.0,-1.0,-27.106383672445826,13.653901100158691,2.480553420074203,46.78093119213854,0.0023835380659278,"(46.324, 46.855]"
1439875,11.833403173799129,42.401724806416674,1439875,4.110566971683284,0.6090139024158449,4.110566971683284,0.6090139024158449,001626.53+003632.4,3.2224528643233388,46.57096935614491,0.0053171315693241,0.0,-1.0,-26.860820926249374,4.506291389465332,3.2224528643233388,46.57096935614491,0.0053171315693241,"(46.324, 46.855]"
1430535,12.573325173403193,30.91411439581068,1430535,11.461220990260523,-0.3613762176543585,11.461220990260523,-0.3613762176543585,004550.69-002140.9,2.515189921060024,46.414861470125985,0.0061905909240209,0.0,-1.0,-25.995149185054885,4.841257095336914,2.515189921060024,46.414861470125985,0.0061905909240209,"(46.324, 46.855]"
1449052,390.8263398970339,871.3396533486851,1449052,352.42580131999205,-0.0718544557093648,352.42580131999205,-0.0718544557093648,232942.19-000418.6,2.0559269250562835,46.62030518670291,0.0046647999153606,45.8696850908534,0.0048584784571055,-25.69225688466088,11.51346206665039,2.0559269250562835,46.62030518670291,0.0046647999153606,"(46.324, 46.855]"
1420556,189.17748049650936,597.2891642971376,1420556,19.417379,-0.604689,19.417379,-0.604689,011740.17-003616.8,1.993631787338065,46.39651414454072,0.0137377827496152,45.744695125044345,0.0133223280139382,-26.460949259403097,4.963174819946289,1.993631787338065,46.39651414454072,0.0137377827496152,"(46.324, 46.855]"
1408567,105.08007250044211,272.7893774321622,1408567,28.171587,-0.55981,28.171587,-0.55981,015241.18-003335.3,2.078383225956961,46.441222916347215,0.01409825304329,0.0,-1.0,-25.9785723072576,4.777517795562744,2.078383225956961,46.441222916347215,0.01409825304329,"(46.324, 46.855]"
1446200,17.788053633888005,61.88358895018051,1446200,357.83112479199826,-1.2081332536505318,357.83112479199826,-1.2081332536505318,235119.47-011229.2,2.9442437309284584,46.59502005619251,0.0028409236783843,0.0,-1.0,-26.53623821178622,5.360991954803467,2.9442437309284584,46.59502005619251,0.0028409236783843,"(46.324, 46.855]"
1402211,178.93517256990677,521.9512087231788,1402211,32.963748,0.220687,32.963748,0.220687,021151.29+001314.4,1.3081860309207143,46.34462140875919,0.0034340635868872,45.632814179718,0.0034340635868872,-25.810489444509855,10.948763847351074,1.3081860309207143,46.34462140875919,0.0034340635868872,"(46.324, 46.855]"
1440610,178.00446807406283,601.4545855098921,1440610,3.501895276733024,0.7154196631713927,3.501895276733024,0.7154196631713927,001400.45+004255.5,1.7107950559636034,46.84269482286122,0.0014326164794375,46.13088759382003,0.0014326164794375,-27.02232302553829,23.62421226501465,1.7107950559636034,46.84269482286122,0.0014326164794375,"(46.324, 46.855]"
1444890,46.439888197199,190.70804656616505,1444890,359.8870524221741,-8.262252875180793e-05,359.8870524221741,-8.262252875180793e-05,235932.89-000000.2,2.7670297200944596,46.45244150448768,0.003116214307564,0.0,-1.0,-25.3067028992248,7.229328155517578,2.7670297200944596,46.45244150448768,0.003116214307564,"(46.324, 46.855]"
1442023,163.87412263587166,897.1522363591056,1442023,2.268414762166918,-0.7257762134142306,2.268414762166918,-0.7257762134142306,000904.41-004332.7,1.8279060072453206,46.74312631130977,0.0023344699215073,46.03131908226858,0.0023344699215073,-27.19771497458752,16.10920524597168,1.8279060072453206,46.74312631130977,0.0023344699215073,"(46.324, 46.855]"
1451784,115.57541852658233,492.0180374021392,1451784,347.3610056025369,0.4571598128136507,347.3610056025369,0.4571598128136507,230926.64+002725.7,2.859414252892117,46.80517883402607,0.0018572190345658,0.0,-1.0,-27.442840294011887,12.545660972595215,2.859414252892117,46.80517883402607,0.0018572190345658,"(46.324, 46.855]"
1402846,54.638643286556814,228.4782519402461,1402846,32.495459038736776,-0.8353926380221322,32.495459038736776,-0.8353926380221322,020958.91-005007.4,2.6126086134660778,46.38259407861326,0.0057903499259168,0.0,-1.0,-26.506230741993335,3.7666263580322266,2.6126086134660778,46.38259407861326,0.0057903499259168,"(46.324, 46.855]"
1416299,12.428633597952985,28.998524141266127,1416299,22.556780513470187,0.0481982644977044,22.556780513470187,0.0481982644977044,013013.62+000253.5,2.9238861912271936,46.52631573307118,0.0045952294301443,0.0,-1.0,-26.20983816606327,5.198513984680176,2.9238861912271936,46.52631573307118,0.0045952294301443,"(46.324, 46.855]"
1406632,47.90585263145129,136.59645085804024,1406632,29.717208,0.510587,29.717208,0.510587,015852.12+003038.1,2.0863903899824376,46.437540258072815,0.0100653962688959,0.0,-1.0,-26.217297012234972,4.197810173034668,2.0863903899824376,46.437540258072815,0.0100653962688959,"(46.324, 46.855]"
1464974,114.43817635666367,309.4215332653178,1464974,322.29308761434527,1.136414559105548,322.29308761434527,1.136414559105548,212910.34+010811.0,2.7148704785971463,46.68116137652799,0.0041031608883912,0.0,-1.0,-26.52210859045053,7.174550533294678,2.7148704785971463,46.68116137652799,0.0041031608883912,"(46.324, 46.855]"
1451201,70.63936197634767,143.9712901622865,1451201,348.3861969663979,-0.539164309939384,348.3861969663979,-0.539164309939384,231332.68-003220.9,2.3371791522323653,46.48246309556351,0.0025870529685754,45.68751698435404,0.0271388171141779,-25.845133989502628,5.661742687225342,2.3371791522323653,46.48246309556351,0.0025870529685754,"(46.324, 46.855]"
1405310,177.59610654840475,474.5167597868414,1405310,30.76303235483977,-0.1728511626710135,30.76303235483977,-0.1728511626710135,020303.12-001022.2,1.9615763834022764,46.44818475422795,0.0061072511098956,45.73637752518676,0.0061072511098956,-26.15126263203758,6.421825408935547,1.9615763834022764,46.44818475422795,0.0061072511098956,"(46.324, 46.855]"
1401709,43.99269022550275,184.50064942195183,1401709,33.3134706730562,-0.4567613430337566,33.3134706730562,-0.4567613430337566,021315.23-002724.3,2.646518741559943,46.46660909269004,0.0029538851860593,0.0,-1.0,-26.200521998570483,5.8852739334106445,2.646518741559943,46.46660909269004,0.0029538851860593,"(46.324, 46.855]"
1423660,225.66379731535125,417.8962851887536,1423660,16.913055544941688,0.0599973949846917,16.913055544941688,0.0599973949846917,010739.13+000335.9,2.705748203492356,46.79752686368219,0.0029796486068143,0.0,-1.0,-27.31079209522657,11.665136337280273,2.705748203492356,46.79752686368219,0.0029796486068143,"(46.324, 46.855]"
1426925,149.5835137771036,502.9656478198958,1426925,14.343705793255005,1.017187816009906,14.343705793255005,1.017187816009906,005722.48+010101.8,1.1468657478855646,46.366456235548604,0.002100022307335,45.65464900650741,0.002100022307335,-26.123448387090317,14.994036674499512,1.1468657478855646,46.366456235548604,0.002100022307335,"(46.324, 46.855]"
1437571,168.65420821080505,435.7984369603225,1437571,6.031336711001416,0.9410335038680544,6.031336711001416,0.9410335038680544,002407.52+005627.7,2.7735874787351342,46.4809177191539,0.0032417533718529,0.0,-1.0,-25.986789172157405,5.042287349700928,2.7735874787351342,46.4809177191539,0.0032417533718529,"(46.324, 46.855]"
1395783,46.92296860499367,348.0210085605838,1395783,37.31294614588046,-0.0544139819309615,37.31294614588046,-0.0544139819309615,022915.10-000315.8,1.853006695320988,46.64149416464156,0.0009603709010619,45.929686935600365,0.0009603709010619,-26.171300201425286,13.1790771484375,1.853006695320988,46.64149416464156,0.0009603709010619,"(46.324, 46.855]"
1416687,11.929908656493284,193.54806981251195,1416687,22.255069525314923,-0.3786838682698191,22.255069525314923,-0.3786838682698191,012901.21-002243.2,1.8850876954714737,46.52364324252642,0.0026174071016882,45.81183601348523,0.0026174071016882,-25.960533309383607,6.809947490692139,1.8850876954714737,46.52364324252642,0.0026174071016882,"(46.324, 46.855]"
1415707,504.269090877229,667.0001765524071,1415707,23.01223273865014,0.7936659299662635,23.01223273865014,0.7936659299662635,013202.93+004737.1,1.8109776590311595,46.638951991342275,0.0020799017322055,45.92714476230108,0.0020799017322055,-26.487712335776248,14.932609558105469,1.8109776590311595,46.638951991342275,0.0020799017322055,"(46.324, 46.855]"
1388092,191.9990164183212,468.6809991129279,1388092,42.63840223593256,0.6414130679503448,42.63840223593256,0.6414130679503448,025033.21+003829.0,2.3824443708705316,46.79094521205034,0.0022176869431085,45.96058365220919,0.0136338721300965,-26.821141678512717,13.969712257385254,2.3824443708705316,46.79094521205034,0.0022176869431085,"(46.324, 46.855]"
1429427,201.8051161330932,562.744671510881,1429427,12.278350852699988,0.7677360842523788,12.278350852699988,0.7677360842523788,004906.80+004603.8,2.2281720659388715,46.73478927880919,0.0031522452099892,45.95300352675819,0.0079261178823628,-26.147090777347458,13.441716194152832,2.2281720659388715,46.73478927880919,0.0031522452099892,"(46.324, 46.855]"
1460131,59.68359837520611,158.72349258339997,1460131,331.33165257692247,1.059867780022077,331.33165257692247,1.059867780022077,220519.59+010335.5,2.8006473988292284,46.53728861545644,0.0039711378102964,0.0,-1.0,-26.275824026005363,5.709253787994385,2.8006473988292284,46.53728861545644,0.0039711378102964,"(46.324, 46.855]"
1411388,100.9326160674648,219.809584094404,1411388,26.029577698552828,0.0413490988342804,26.029577698552828,0.0413490988342804,014407.09+000228.8,2.657797920868307,46.54516796015468,0.0048022227730015,0.0,-1.0,-26.772279773840452,7.312624454498291,2.657797920868307,46.54516796015468,0.0048022227730015,"(46.324, 46.855]"
1450707,301.0472984687601,876.0873921440002,1450707,349.3191238902541,-0.6292755095799919,349.3191238902541,-0.6292755095799919,231716.58-003745.3,2.571280743750258,46.56470592736934,0.0040604333314675,0.0,-1.0,-25.57903852917932,7.069104194641113,2.571280743750258,46.56470592736934,0.0040604333314675,"(46.324, 46.855]"
1424943,23.935491399281727,72.32347947391803,1424943,15.95566006529942,-0.6349832420267341,15.95566006529942,-0.6349832420267341,010349.35-003805.9,2.367657120637429,46.48615826172954,0.0047615120052988,45.54944377464555,0.0340638653231977,-26.297916920962365,7.508214950561523,2.367657120637429,46.48615826172954,0.0047615120052988,"(46.324, 46.855]"
1409415,75.16989463764645,134.92194776337033,1409415,27.493967,-0.506514,27.493967,-0.506514,014958.55-003023.4,2.1122225016884912,46.33329396093074,0.0090807527278968,0.0,-1.0,-25.99720086683812,4.271522045135498,2.1122225016884912,46.33329396093074,0.0090807527278968,"(46.324, 46.855]"
1463579,202.0399006301116,539.1232638158777,1463579,324.7573221155278,-0.202147056065487,324.7573221155278,-0.202147056065487,213901.75-001207.7,2.5552650573827926,46.732998376263694,0.0056211888145085,0.0,-1.0,-27.200825562915742,10.109115600585938,2.5552650573827926,46.732998376263694,0.0056211888145085,"(46.324, 46.855]"
1408554,153.75556341463098,1542.9362962918792,1408554,28.18042538363727,1.2051944289636944,28.18042538363727,1.2051944289636944,015243.30+011218.6,1.4072320946152332,46.65962406710223,0.007239604685612,45.94781683806104,0.007239604685612,-26.094571758545715,14.604166030883789,1.4072320946152332,46.65962406710223,0.007239604685612,"(46.324, 46.855]"
1465629,181.62340548967995,729.0123979303374,1465629,321.101573599933,0.0581957447054545,321.101573599933,0.0581957447054545,212424.37+000329.5,2.773297096272629,46.74338909676946,0.0018568040458362,0.0,-1.0,-26.961085450567744,9.138274192810059,2.773297096272629,46.74338909676946,0.0018568040458362,"(46.324, 46.855]"
1409972,62.89382018755584,246.31532086763795,1409972,27.079064080477668,0.0663513291621602,27.079064080477668,0.0663513291621602,014818.97+000358.8,2.6963313573868732,46.78780945563071,0.0028927288627365,0.0,-1.0,-26.67887786000158,9.662435531616211,2.6963313573868732,46.78780945563071,0.0028927288627365,"(46.324, 46.855]"
1465851,10.485645002172475,35.349549176010065,1465851,320.76225562034875,0.7833743003586522,320.76225562034875,0.7833743003586522,212302.94+004700.1,3.224431747601314,46.457373104907944,0.009168481114564,0.0,-1.0,-26.566497093818654,4.1913838386535645,3.224431747601314,46.457373104907944,0.009168481114564,"(46.324, 46.855]"
1428392,195.578955225454,560.8109665198949,1428392,13.143065,-0.551592,13.143065,-0.551592,005234.33-003305.7,1.9520422136388964,46.6744319631013,0.0,45.8304265151681,0.0118828903738332,-26.546824479572003,8.52807903289795,1.9520422136388964,46.6744319631013,0.0,"(46.324, 46.855]"
1446758,107.37877775068796,216.98161562219715,1446758,356.826937,-0.265682,356.826937,-0.265682,234718.46-001556.4,2.0894558807732153,46.3531364567857,0.0171856115305608,0.0,-1.0,-26.331345947325033,5.795790195465088,2.0894558807732153,46.3531364567857,0.0171856115305608,"(46.324, 46.855]"
1445123,171.28088088479407,578.9151848380715,1445123,359.5402406430893,1.167701067682002,359.5402406430893,1.167701067682002,235809.65+011003.7,2.149325464295385,46.72662478139282,0.0018175120619439,46.08361149721525,0.0045137305572637,-27.009517653149636,19.072792053222656,2.149325464295385,46.72662478139282,0.0018175120619439,"(46.324, 46.855]"
1403332,216.96617014866948,472.6564519188013,1403332,32.15815551210386,-0.5728429404057106,32.15815551210386,-0.5728429404057106,020837.95-003422.2,2.2795646200550204,46.70935810334664,0.0028359581691859,45.79988038091297,0.0118775690041346,-26.66451538707004,11.412702560424805,2.2795646200550204,46.70935810334664,0.0028359581691859,"(46.324, 46.855]"
1402678,23.95204701752405,79.00903899169192,1402678,32.6132926873193,1.210391641145938,32.6132926873193,1.210391641145938,021027.19+011237.4,2.3031635677439293,46.70760973653516,0.0021725912862642,46.04351701580924,0.0079458654510986,-26.85896454162934,16.13254737854004,2.3031635677439293,46.70760973653516,0.0021725912862642,"(46.324, 46.855]"
1438241,1222.5923452369905,2743.10610448486,1438241,5.474697132456981,0.7523068087800185,5.474697132456981,0.7523068087800185,002153.92+004508.3,1.4682367371421612,46.57091862410891,0.0010737816061556,45.85911139506772,0.0010737816061556,-25.169459602467278,16.426692962646484,1.4682367371421612,46.57091862410891,0.0010737816061556,"(46.324, 46.855]"
1419516,36.47665590326466,159.482605645867,1419516,20.164462603071076,-0.0443012797773393,20.164462603071076,-0.0443012797773393,012039.47-000239.4,2.5423904329972022,46.72306431669683,0.0029347896377878,0.0,-1.0,-27.153796028289065,9.933582305908203,2.5423904329972022,46.72306431669683,0.0029347896377878,"(46.324, 46.855]"
1446033,401.49589636671686,1386.3164111474614,1446033,358.0718816456913,0.6510500852021103,358.0718816456913,0.6510500852021103,235217.25+003903.7,1.2424609573498127,46.68307574564653,0.0009448295350722,45.97126851660534,0.0009448295350722,-26.979202811099537,32.608123779296875,1.2424609573498127,46.68307574564653,0.0009448295350722,"(46.324, 46.855]"
