object_id,chi_sq_g,chi_sq_all,objectId,RA,DEC,RA,DEC,SDSS_NAME,Z_SYS,LOGLBOL,LOGLBOL_ERR,LOGL3000,LOGL3000_ERR,M_I,SN_MEDIAN_ALL,Z,LOGLBOL_CALC,LOGLBOL_ERR_CALC,LOGLBOL_bin
1465975,21.934048650884147,125.02017155718708,1465975,320.5306745839573,-0.2460107470740027,320.5306745839573,-0.2460107470740027,212207.36-001445.6,4.085985216215788,46.891640145911055,0.0433146404575133,0.0,-1.0,-28.648081766141868,8.653284072875977,4.085985216215788,46.891640145911055,0.0433146404575133,"(46.855, 47.387]"
1422511,864.7969401936807,1795.8781094853707,1422511,17.85633248308089,1.0577913047738676,17.85633248308089,1.0577913047738676,011125.51+010328.0,2.5223538924744218,46.86752848871553,0.002676543385121,0.0,-1.0,-27.289873028127495,14.366044044494629,2.5223538924744218,46.86752848871553,0.002676543385121,"(46.855, 47.387]"
1390608,268.7252087257461,999.3241546362236,1390608,40.910265743902215,0.7426725686320729,40.910265743902215,0.7426725686320729,024338.46+004433.6,2.4274227367680226,47.08730383090385,0.001869083188577,45.98308227778142,0.021396904806302,-27.53969534627147,16.57166862487793,2.4274227367680226,47.08730383090385,0.001869083188577,"(46.855, 47.387]"
1400593,507.1311499549839,1891.736309895981,1400593,34.05084404868294,-1.0885935075340305,34.05084404868294,-1.0885935075340305,021612.20-010518.9,1.4948619655943682,47.058358142109206,0.0010686268680082,46.346550913068015,0.0010686268680082,-27.552460505621685,32.41896057128906,1.4948619655943682,47.058358142109206,0.0010686268680082,"(46.855, 47.387]"
1450351,467.631852348695,1305.2119665333378,1450351,349.99458925234575,-0.4137180589170687,349.99458925234575,-0.4137180589170687,231958.70-002449.3,1.9090398494602283,47.05520489839597,0.0015533106759555,46.34339766935478,0.0015533106759555,-27.77358055876092,28.116947174072266,1.9090398494602283,47.05520489839597,0.0015533106759555,"(46.855, 47.387]"
1394544,27.232046206716664,118.31970113234269,1394544,38.13084367677607,-0.003003867108511,38.13084367677607,-0.003003867108511,023231.40-000010.8,3.8287780134300533,46.908856488860735,0.0022539561956307,0.0,-1.0,-27.665142616413085,7.867473602294922,3.8287780134300533,46.908856488860735,0.0022539561956307,"(46.855, 47.387]"
1463613,20.3690877885205,315.4240562450287,1463613,324.6822728791338,0.0485869205784372,324.6822728791338,0.0485869205784372,213843.74+000254.9,3.413609293503973,46.96796176481665,0.0033846151829166,0.0,-1.0,-27.626185263062645,9.636816024780273,3.413609293503973,46.96796176481665,0.0033846151829166,"(46.855, 47.387]"
1436922,225.97584576629643,528.4214581274156,1436922,6.586038401794838,0.3000437751692836,6.586038401794838,0.3000437751692836,002620.64+001800.1,2.762524521575888,46.8584670223483,0.0025569723387448,0.0,-1.0,-26.977307221142276,9.74024486541748,2.762524521575888,46.8584670223483,0.0025569723387448,"(46.855, 47.387]"
1402065,293.1774209840361,1001.4182219929692,1402065,33.068392238765455,1.1220624162096422,33.068392238765455,1.1220624162096422,021216.41+010719.4,3.1736176588012146,47.21394630871738,0.002098192803821,0.0,-1.0,-27.697040104565986,17.329872131347656,3.1736176588012146,47.21394630871738,0.002098192803821,"(46.855, 47.387]"
1465431,663.4318704216672,1566.0670234240602,1465431,321.4561715955203,0.1282951311257209,321.4561715955203,0.1282951311257209,212549.48+000741.8,1.890473413663602,47.09317907110295,0.0015567036939962,46.38137184206176,0.0015567036939962,-27.843038829149645,28.580970764160156,1.890473413663602,47.09317907110295,0.0015567036939962,"(46.855, 47.387]"
1394165,401.5250523091699,833.8717776691278,1394165,38.38848017014254,1.0591649492069328,38.38848017014254,1.0591649492069328,023333.23+010332.9,2.062099774438035,46.856380958359956,0.0020779207399499,46.18394306045111,0.002398304256129,-27.62898713392775,20.098360061645508,2.062099774438035,46.856380958359956,0.0020779207399499,"(46.855, 47.387]"
1435698,816.8188302914226,3425.502762130241,1435698,7.557981944137386,1.23476340610783,7.557981944137386,1.23476340610783,003013.91+011405.1,1.463967843849317,46.91935986474521,0.0012779428448688,46.20755263570402,0.0012779428448688,-27.263309894858413,32.476829528808594,1.463967843849317,46.91935986474521,0.0012779428448688,"(46.855, 47.387]"
1463533,60.65972262494949,279.43000216398644,1463533,324.83870320526216,-0.2920276218888439,324.83870320526216,-0.2920276218888439,213921.28-001731.2,2.7119617519859265,46.87951849310597,0.0015097531463972,0.0,-1.0,-27.08629164313732,12.817525863647461,2.7119617519859265,46.87951849310597,0.0015097531463972,"(46.855, 47.387]"
1408652,148.77872784385272,724.1370376021224,1408652,28.10269161236471,-0.5949976217466446,28.10269161236471,-0.5949976217466446,015224.64-003541.9,2.766544713155476,46.95163741892122,0.0022291570643453,0.0,-1.0,-27.14323563552917,12.379837036132812,2.766544713155476,46.95163741892122,0.0022291570643453,"(46.855, 47.387]"
1434350,220.32504950897365,660.1586109368058,1434350,8.659953251469574,0.2381552124674544,8.659953251469574,0.2381552124674544,003438.38+001417.3,3.3123525899890187,46.86843203165829,0.0053293182332971,0.0,-1.0,-27.00880945912241,8.918174743652344,3.3123525899890187,46.86843203165829,0.0053293182332971,"(46.855, 47.387]"
1396023,270.2668380481557,896.7640854006595,1396023,37.15036996202599,0.1608962567784895,37.15036996202599,0.1608962567784895,022836.08+000939.2,2.626607393793313,47.16148579610172,0.0004980787157506,0.0,-1.0,-28.00005734076707,24.141765594482422,2.626607393793313,47.16148579610172,0.0004980787157506,"(46.855, 47.387]"
1429508,75.37483550395125,226.5696643981247,1429508,12.206782085715162,1.0954243492581424,12.206782085715162,1.0954243492581424,004849.62+010543.5,2.6192029602555382,46.98723866238116,0.0022841361793872,0.0,-1.0,-27.382648357053007,14.313202857971191,2.6192029602555382,46.98723866238116,0.0022841361793872,"(46.855, 47.387]"
1425653,30.521869873132207,122.0457155667118,1425653,15.40142178095411,0.2996832658118221,15.40142178095411,0.2996832658118221,010136.34+001758.8,3.4416618530174476,46.96392854074848,0.0036043113440271,0.0,-1.0,-27.27209337465958,8.18301773071289,3.4416618530174476,46.96392854074848,0.0036043113440271,"(46.855, 47.387]"
1446892,50.67067072152267,211.81051346631008,1446892,356.5988413786169,0.7169496214382785,356.5988413786169,0.7169496214382785,234623.72+004301.0,2.860770511137653,47.02800655429775,0.0017159207871699,0.0,-1.0,-27.602998831370048,18.007116317749023,2.860770511137653,47.02800655429775,0.0017159207871699,"(46.855, 47.387]"
1423014,248.17422245507777,659.7125520709601,1423014,17.41041162308835,0.7659831209733029,17.41041162308835,0.7659831209733029,010938.49+004557.5,2.8380226356415266,46.92400546203079,0.0019591731413832,0.0,-1.0,-27.43965149096932,14.0363187789917,2.8380226356415266,46.92400546203079,0.0019591731413832,"(46.855, 47.387]"
1413755,217.22680665730107,548.2624269329835,1413755,24.376327315599497,1.0744647153890423,24.376327315599497,1.0744647153890423,013730.31+010428.0,2.9632553969366398,46.99320973497113,0.0022548448311745,0.0,-1.0,-27.271913226037192,13.943784713745117,2.9632553969366398,46.99320973497113,0.0022548448311745,"(46.855, 47.387]"
1440305,91.11663214226124,239.56655910764067,1440305,3.759434663852348,0.2034825121857804,3.759434663852348,0.2034825121857804,001502.26+001212.5,2.836993963237947,47.07149805619416,0.0015406786822751,0.0,-1.0,-27.85987530893834,18.539377212524414,2.836993963237947,47.07149805619416,0.0015406786822751,"(46.855, 47.387]"
1444836,105.63642620810607,231.66905903553777,1444836,359.9823406437378,-1.23590059644407,359.9823406437378,-1.23590059644407,235955.76-011409.2,2.721712989226866,46.897708433186935,0.003114316323117,0.0,-1.0,-27.31183734047957,9.951231002807617,2.721712989226866,46.897708433186935,0.003114316323117,"(46.855, 47.387]"
1391283,13.272701844698837,39.12214096615875,1391283,40.47678828206377,-0.7993484075098946,40.47678828206377,-0.7993484075098946,024154.42-004757.6,2.3938717351495025,46.89540275143922,0.0015378340207163,45.43948801684412,0.0594265843875767,-27.291027025181386,8.387513160705566,2.3938717351495025,46.89540275143922,0.0015378340207163,"(46.855, 47.387]"
1448554,31.287335577709136,346.4565156494657,1448554,353.39798586045094,1.2248125732324366,353.39798586045094,1.2248125732324366,233335.51+011329.3,3.2814279021901402,46.856515664903505,0.0036993560622455,0.0,-1.0,-27.58198701848938,7.34090518951416,3.2814279021901402,46.856515664903505,0.0036993560622455,"(46.855, 47.387]"
1465417,269.6212075431361,1035.7195179816165,1465417,321.4747542949156,0.6591476221224094,321.4747542949156,0.6591476221224094,212553.94+003932.9,1.8271294476652908,46.90046952178517,0.001782500195226,46.18866229274398,0.001782500195226,-27.16011803267625,22.978578567504883,1.8271294476652908,46.90046952178517,0.001782500195226,"(46.855, 47.387]"
1452816,250.43306478339144,860.1094870694945,1452816,345.3577869468586,-0.5669332212050374,345.3577869468586,-0.5669332212050374,230125.86-003400.9,2.1827271203201324,47.15624673186866,0.0009375402569773,46.63019895819589,0.0016918188067513,-28.19361907512797,40.261165618896484,2.1827271203201324,47.15624673186866,0.0009375402569773,"(46.855, 47.387]"
1464099,276.5646527840052,1187.360477713162,1464099,323.82701396599083,-1.112534468390854,323.82701396599083,-1.112534468390854,213518.48-010645.1,3.166712514248151,47.05723675156018,0.0028395872506621,0.0,-1.0,-28.26743521106428,10.265312194824219,3.166712514248151,47.05723675156018,0.0028395872506621,"(46.855, 47.387]"
1460237,91.8893775481399,823.2785422443635,1460237,331.07344915674264,1.2222728288417406,331.07344915674264,1.2222728288417406,220417.62+011320.1,2.8158175243770662,46.95782288380598,0.0020183902443697,0.0,-1.0,-27.554803786929178,13.30236530303955,2.8158175243770662,46.95782288380598,0.0020183902443697,"(46.855, 47.387]"
1430186,620.7299804118443,1846.6632885828528,1430186,11.69972265911008,-0.1048482078142007,11.69972265911008,-0.1048482078142007,004647.93-000617.4,2.862241446004305,46.9268477290703,0.0023405683111619,0.0,-1.0,-27.573185765073887,12.272890090942383,2.862241446004305,46.9268477290703,0.0023405683111619,"(46.855, 47.387]"
1441338,311.02116218525066,587.0506430894444,1441338,2.877324884353527,0.930778870269728,2.877324884353527,0.930778870269728,001130.55+005550.8,2.2955558868328345,47.00786646566968,0.0015201917342544,46.49948643258141,0.002295067707795,-27.91916425007974,22.116344451904297,2.2955558868328345,47.00786646566968,0.0015201917342544,"(46.855, 47.387]"
1432339,142.96819657189238,676.8146307303988,1432339,10.172468631222898,-0.9270285092070673,10.172468631222898,-0.9270285092070673,004041.39-005537.3,2.0846629187341987,46.88901079962724,0.0024235412799775,46.28887257754232,0.0030702414889312,-28.00090367480717,21.316139221191406,2.0846629187341987,46.88901079962724,0.0024235412799775,"(46.855, 47.387]"
1447195,105.00987596951376,408.2925993973252,1447195,355.900645260822,-0.6653942804267764,355.900645260822,-0.6653942804267764,234336.15-003955.4,1.788970328007023,46.88297551758331,0.0013018496710195,46.17116828854212,0.0013018496710195,-27.17267187436901,25.88437843322754,1.788970328007023,46.88297551758331,0.0013018496710195,"(46.855, 47.387]"
1413760,214.6166160655759,553.6329005197073,1413760,24.374783637127397,0.3786576885015105,24.374783637127397,0.3786576885015105,013729.94+002243.1,2.7518914539668744,47.06963975893295,0.0017937153024512,0.0,-1.0,-28.078875125561076,19.962358474731445,2.7518914539668744,47.06963975893295,0.0017937153024512,"(46.855, 47.387]"
1410004,462.44604988204,974.1641939400904,1410004,27.050975868241917,0.031473753050381,27.050975868241917,0.031473753050381,014812.23+000153.3,1.7148513556967013,47.13272530733968,0.0008113900208783,46.42091807829849,0.0008113900208783,-27.830237411985884,35.238826751708984,1.7148513556967013,47.13272530733968,0.0008113900208783,"(46.855, 47.387]"
1451575,410.63523312552826,2021.446428243697,1451575,347.7305200955307,0.8047782422233198,347.7305200955307,0.8047782422233198,231055.32+004817.2,3.0050672012447612,47.285492901706235,0.00088105504609,0.0,-1.0,-28.10162711928962,26.09130096435547,3.0050672012447612,47.285492901706235,0.00088105504609,"(46.855, 47.387]"
1423470,192.67410284335105,889.9814659026831,1423470,17.063587225057095,0.1190713267652207,17.063587225057095,0.1190713267652207,010815.26+000708.6,2.362271411780856,47.03890751488774,0.0013852517003947,46.25995118850348,0.0055359070063687,-27.386786087829105,19.918848037719727,2.362271411780856,47.03890751488774,0.0013852517003947,"(46.855, 47.387]"
1411772,136.34585457790476,400.7437895562569,1411772,25.757608921887822,-0.4488133560199568,25.757608921887822,-0.4488133560199568,014301.82-002655.7,2.78456335237966,47.11936257413338,0.0013181543151183,0.0,-1.0,-27.74592904808758,16.890884399414062,2.78456335237966,47.11936257413338,0.0013181543151183,"(46.855, 47.387]"
1450421,97.57409678201554,416.9439634633901,1450421,349.8493413516608,0.6910121978967101,349.8493413516608,0.6910121978967101,231923.84+004127.6,2.5520695301213854,46.948401703886894,0.0023025262747218,0.0,-1.0,-27.462976051672605,18.046762466430664,2.5520695301213854,46.948401703886894,0.0023025262747218,"(46.855, 47.387]"
1461084,71.48627858761392,212.2604797578978,1461084,329.4770915489912,1.0767037043744976,329.4770915489912,1.0767037043744976,215754.50+010436.1,3.0303347668974157,46.918601135879754,0.0024743361892163,0.0,-1.0,-27.213126641869987,9.767448425292969,3.0303347668974157,46.918601135879754,0.0024743361892163,"(46.855, 47.387]"
1419804,284.0489595414272,3498.1756182615377,1419804,19.952175589614995,0.7322171954898448,19.952175589614995,0.7322171954898448,011948.52+004355.9,1.7519812970415918,47.009206259255464,0.0015785842670759,46.29739903021427,0.0015785842670759,-27.107963987032658,24.947378158569336,1.7519812970415918,47.009206259255464,0.0015785842670759,"(46.855, 47.387]"
1411495,910.938778803256,3646.567465560253,1411495,25.949573377030735,0.4600738179714837,25.949573377030735,0.4600738179714837,014347.89+002736.2,2.4251826398933325,47.21261556837527,0.0008862319457279,46.29121827556653,0.0158469274126247,-27.643184270028254,21.872859954833984,2.4251826398933325,47.21261556837527,0.0008862319457279,"(46.855, 47.387]"
1424501,583.1578449051608,1801.914256597975,1424501,16.283888571281324,-0.8448109920210669,16.283888571281324,-0.8448109920210669,010508.13-005041.3,1.5952484650997252,47.11858102488827,0.0009927143410308,46.40677379584708,0.0009927143410308,-27.283929537230435,33.49058151245117,1.5952484650997252,47.11858102488827,0.0009927143410308,"(46.855, 47.387]"
1400632,224.1486744093536,691.5142261065561,1400632,34.02552336194269,-0.3513879836562448,34.02552336194269,-0.3513879836562448,021606.12-002104.9,2.2301694118672186,46.955367358557666,0.0012796729749986,46.45214507487236,0.0013922967579418,-27.9404587783754,31.58295440673828,2.2301694118672186,46.955367358557666,0.0012796729749986,"(46.855, 47.387]"
1446249,150.31147298669887,451.1971371855961,1446249,357.7411588657747,-0.869421523453072,357.7411588657747,-0.869421523453072,235057.87-005209.9,3.029677765832143,47.237124340320435,0.0012204725667004,0.0,-1.0,-28.258839486348574,25.050037384033203,3.029677765832143,47.237124340320435,0.0012204725667004,"(46.855, 47.387]"
1403435,1258.8603867869836,5492.778275669421,1403435,32.071434025160784,-0.948520216476839,32.071434025160784,-0.948520216476839,020817.14-005654.6,1.3101458437992481,47.047790457137104,0.0011733687642951,46.33598322809591,0.0011733687642951,-26.967805340818074,27.064720153808594,1.3101458437992481,47.047790457137104,0.0011733687642951,"(46.855, 47.387]"
1461168,320.14196040326937,919.5070479554151,1461168,329.3459002111236,0.5051125284848825,329.3459002111236,0.5051125284848825,215723.01+003018.4,1.5642777394502259,46.92574067958388,0.0011399428691127,46.21393345054269,0.0011399428691127,-27.65254989455915,39.54725646972656,1.5642777394502259,46.92574067958388,0.0011399428691127,"(46.855, 47.387]"
1446730,490.7493179464889,1572.8157724440832,1446730,356.8781774513962,-0.8587544153182313,356.8781774513962,-0.8587544153182313,234730.76-005131.5,2.6279994964904074,46.876460288664255,0.0026652796415831,0.0,-1.0,-26.60318594814595,12.560587882995605,2.6279994964904074,46.876460288664255,0.0026652796415831,"(46.855, 47.387]"
1406464,25.458423190516267,145.58394292719976,1406464,29.85447705544025,-0.2987438197969415,29.85447705544025,-0.2987438197969415,015925.07-001755.4,3.2680905869831367,47.16141450809512,0.0027676762456358,0.0,-1.0,-28.411326792501015,14.116827964782715,3.2680905869831367,47.16141450809512,0.0027676762456358,"(46.855, 47.387]"
1395977,587.429370504278,1376.4383890527374,1395977,37.18372442084272,0.0380579633579007,37.18372442084272,0.0380579633579007,022844.09+000217.0,2.7172094455533617,47.127800040515716,0.0014410953639973,0.0,-1.0,-28.692136310651513,30.57370376586914,2.7172094455533617,47.127800040515716,0.0014410953639973,"(46.855, 47.387]"
1398177,47.45348389238131,115.87864342772622,1398177,35.66648562667521,-0.6101655417052377,35.66648562667521,-0.6101655417052377,022239.95-003636.5,2.8996177218522043,46.86368281360489,0.0016430025103488,0.0,-1.0,-27.07768261266552,11.44596004486084,2.8996177218522043,46.86368281360489,0.0016430025103488,"(46.855, 47.387]"
1392329,89.46512519187512,272.212458212088,1392329,39.76429553589736,-0.6474486977513443,39.76429553589736,-0.6474486977513443,023903.43-003850.8,3.0759032363288448,47.26315044792784,0.0014871514345955,0.0,-1.0,-28.357133642823317,21.387210845947266,3.0759032363288448,47.26315044792784,0.0014871514345955,"(46.855, 47.387]"
1391935,186.4254354892368,434.0218335973677,1391935,40.02548629004868,-0.3437992447876473,40.02548629004868,-0.3437992447876473,024006.11-002037.6,1.70713063390044,47.039409970252535,0.0009972296510518,46.327602741211344,0.0009972296510518,-27.52832661814275,27.280794143676758,1.70713063390044,47.039409970252535,0.0009972296510518,"(46.855, 47.387]"
1450779,162.906720407189,339.3517470114823,1450779,349.20281016275686,0.8313087111141696,349.20281016275686,0.8313087111141696,231648.67+004952.7,3.235923512595879,46.95279539813457,0.0036835236301158,0.0,-1.0,-27.458005448286926,10.207980155944824,3.235923512595879,46.95279539813457,0.0036835236301158,"(46.855, 47.387]"
1449813,69.66486342509396,351.373906598938,1449813,350.9809795011256,0.5972672218706119,350.9809795011256,0.5972672218706119,232355.43+003550.1,2.303770664901153,46.99414436927015,0.0017072504986543,46.28677094561174,0.0044833980461298,-27.373780503936462,19.739492416381836,2.303770664901153,46.99414436927015,0.0017072504986543,"(46.855, 47.387]"
1465856,42.33121388633242,316.9860201752645,1465856,320.7429535124278,-1.220477537521834,320.7429535124278,-1.220477537521834,212258.30-011313.7,3.726013146481429,46.89448090386692,0.0367959188584201,0.0,-1.0,-27.52601305995174,5.3276848793029785,3.726013146481429,46.89448090386692,0.0367959188584201,"(46.855, 47.387]"
1389488,202.3432069806179,841.6795899657931,1389488,41.635188660842346,-0.5372774921806788,41.635188660842346,-0.5372774921806788,024632.44-003214.1,2.158542674527366,46.910601394486655,0.0021903986704643,46.23433606561878,0.0029917161457433,-27.49159893060872,27.400962829589844,2.158542674527366,46.910601394486655,0.0021903986704643,"(46.855, 47.387]"
1404090,376.3667391329561,662.0878052290897,1404090,31.622218863425985,0.8119817729762556,31.622218863425985,0.8119817729762556,020629.33+004843.1,2.5126244306053387,46.95578584106029,0.0025329013033363,0.0,-1.0,-27.89417119052667,14.708536148071289,2.5126244306053387,46.95578584106029,0.0025329013033363,"(46.855, 47.387]"
1456332,844.2999717496369,2912.377006999998,1456332,338.4997198493316,-0.554403965445042,338.4997198493316,-0.554403965445042,223359.93-003315.8,1.2105574319285688,47.036859516253955,0.0008793522832988,46.32505228721276,0.0008793522832988,-27.583881908059812,40.31527328491211,1.2105574319285688,47.036859516253955,0.0008793522832988,"(46.855, 47.387]"
1407251,301.74866534491576,1028.5045563510605,1407251,29.20950783148271,0.8856822296600754,29.20950783148271,0.8856822296600754,015650.28+005308.4,1.6509203471361973,46.85687719637788,0.002537086807905,46.14506996733669,0.002537086807905,-26.876332956347817,18.441997528076172,1.6509203471361973,46.85687719637788,0.002537086807905,"(46.855, 47.387]"
1459807,397.53358773529857,1706.2277499840409,1459807,331.975085487557,0.5391235957678535,331.975085487557,0.5391235957678535,220754.02+003220.8,2.9461049807418775,47.286852464647765,0.0013973063449164,0.0,-1.0,-27.777249471336702,20.409698486328125,2.9461049807418775,47.286852464647765,0.0013973063449164,"(46.855, 47.387]"
1465700,20.46437056128529,216.4400483528601,1465700,320.99645999350616,-1.1030922656421198,320.99645999350616,-1.1030922656421198,212359.15-010611.1,3.643119797326519,47.03414527881057,0.0236926589142463,0.0,-1.0,-27.9325333993248,7.063254356384277,3.643119797326519,47.03414527881057,0.0236926589142463,"(46.855, 47.387]"
1447558,66.7989934028195,413.3523438161624,1447558,355.14045291033244,-0.9435907486359354,355.14045291033244,-0.9435907486359354,234033.70-005636.9,3.6484480197429674,47.151676014464975,0.0035315980797392,0.0,-1.0,-27.770523108999253,10.449179649353027,3.6484480197429674,47.151676014464975,0.0035315980797392,"(46.855, 47.387]"
1436986,158.56430008868,444.5432263418925,1436986,6.537800082312003,-0.6303729744063472,6.537800082312003,-0.6303729744063472,002609.07-003749.3,2.3966936084448567,47.003518897232155,0.0011952843027778,46.39395661445353,0.0089434170707782,-27.5639683729594,19.40154457092285,2.3966936084448567,47.003518897232155,0.0011952843027778,"(46.855, 47.387]"
1436051,73.23287237977566,206.30209852193252,1436051,7.303804976190918,0.3296202954001205,7.303804976190918,0.3296202954001205,002912.91+001946.6,2.7509571661881878,47.18133207140807,0.0010942252096306,0.0,-1.0,-27.994800927324796,20.457597732543945,2.7509571661881878,47.18133207140807,0.0010942252096306,"(46.855, 47.387]"
1463606,66.41998934141687,455.456996406253,1463606,324.69588432132593,0.9572884861447476,324.69588432132593,0.9572884861447476,213847.01+005726.2,3.3266622084701587,46.988875105628665,0.0090552160125305,0.0,-1.0,-27.653859082012538,11.162202835083008,3.3266622084701587,46.988875105628665,0.0090552160125305,"(46.855, 47.387]"
1422191,54.14220130288515,226.8896332754537,1422191,18.127326111607985,0.2448596576332435,18.127326111607985,0.2448596576332435,011230.55+001441.4,3.258071978649238,46.96911379337295,0.0039363508212098,0.0,-1.0,-27.73804579888168,11.08416748046875,3.258071978649238,46.96911379337295,0.0039363508212098,"(46.855, 47.387]"
1464476,265.6377332080027,583.8098377775532,1464476,323.14982773260505,-0.2307347787334454,323.14982773260505,-0.2307347787334454,213235.95-001350.6,2.514888774303213,47.107158306971215,0.002162570971091,0.0,-1.0,-27.542714864153048,17.811548233032227,2.514888774303213,47.107158306971215,0.002162570971091,"(46.855, 47.387]"
1387890,24.290966626055656,107.11081534651436,1387890,42.801846993057055,-0.8689318151615876,42.801846993057055,-0.8689318151615876,025112.44-005208.1,3.7838748708528334,47.07327309763213,0.0043619912030017,0.0,-1.0,-27.978929630744982,9.956695556640625,3.7838748708528334,47.07327309763213,0.0043619912030017,"(46.855, 47.387]"
1429290,472.4806831235143,1129.5055504894274,1429290,12.40163444757717,0.0812358407007503,12.40163444757717,0.0812358407007503,004936.39+000452.4,2.319743425893633,46.91353896401265,0.0022753603138276,46.14025681281807,0.0080171633835277,-27.354662743730955,13.70812702178955,2.319743425893633,46.91353896401265,0.0022753603138276,"(46.855, 47.387]"
1429973,333.6181975411081,865.1609080851242,1429973,11.861411227243366,0.9298465886808428,11.861411227243366,0.9298465886808428,004726.73+005547.4,2.8245215519903915,46.941371519391254,0.0023559534573145,0.0,-1.0,-27.720578718930017,14.197942733764648,2.8245215519903915,46.941371519391254,0.0023559534573145,"(46.855, 47.387]"
1433058,101.39047966664634,318.4584718223384,1433058,9.620350486982602,-1.0377724413292773,9.620350486982602,-1.0377724413292773,003828.88-010215.9,3.445531938372527,47.142471957777765,0.0054211338314154,0.0,-1.0,-27.7281296070759,14.25878620147705,3.445531938372527,47.142471957777765,0.0054211338314154,"(46.855, 47.387]"
1400175,297.8094605185365,1193.606100872195,1400175,34.35223277095962,-1.06597527091663,34.35223277095962,-1.06597527091663,021724.53-010357.5,2.2365844123547314,47.046995730806124,0.0010217594057451,46.27566773502236,0.004532323641289,-27.21927769777836,19.24644660949707,2.2365844123547314,47.046995730806124,0.0010217594057451,"(46.855, 47.387]"
1445512,69.73748110074031,324.7626449639549,1445512,358.94226371042646,-0.395263728979315,358.94226371042646,-0.395263728979315,235546.14-002342.9,3.2556688236716886,46.96371002992032,0.0027524321884335,0.0,-1.0,-28.022811131573107,12.135372161865234,3.2556688236716886,46.96371002992032,0.0027524321884335,"(46.855, 47.387]"
1420201,314.7024142286885,699.0380780526352,1420201,19.697303584900283,0.7818958650329327,19.697303584900283,0.7818958650329327,011847.35+004654.8,2.6666086681552956,46.92380824524708,0.0018169563895078,0.0,-1.0,-27.5778141463847,12.347382545471191,2.6666086681552956,46.92380824524708,0.0018169563895078,"(46.855, 47.387]"
1440281,127.79169181843297,548.8493985107569,1440281,3.779205621790084,-0.1336102388897587,3.779205621790084,-0.1336102388897587,001507.00-000800.9,1.7016499040159005,46.919107783798104,0.0014243150250017,46.20730055475691,0.0014243150250017,-27.467835199013862,29.394615173339844,1.7016499040159005,46.919107783798104,0.0014243150250017,"(46.855, 47.387]"
1400681,209.54958966015772,1027.6120114059347,1400681,33.99375094470372,-0.855663715934836,33.99375094470372,-0.855663715934836,021558.50-005120.3,1.660812113430559,46.8555856667514,0.0011287692001786,46.14377843771021,0.0011287692001786,-27.242896619880874,23.507478713989258,1.660812113430559,46.8555856667514,0.0011287692001786,"(46.855, 47.387]"
1445985,241.9186944058993,2816.456386474739,1445985,358.1587034950534,1.0978765115890707,358.1587034950534,1.0978765115890707,235238.08+010552.3,2.158980565305228,47.18841786856248,0.0016782283223548,46.75186012815886,0.004078610541164,-28.83930020143419,35.409149169921875,2.158980565305228,47.18841786856248,0.0016782283223548,"(46.855, 47.387]"
1453287,60.9668833037308,197.9826596452831,1453287,344.49861059969965,0.2793334005480423,344.49861059969965,0.2793334005480423,225759.66+001645.6,3.771041234928431,47.30173207788902,0.002413867422792,0.0,-1.0,-28.467465800496683,14.821137428283691,3.771041234928431,47.30173207788902,0.002413867422792,"(46.855, 47.387]"
1447605,228.13732953403505,753.6504860308706,1447605,355.06784687466893,0.1864972116856219,355.06784687466893,0.1864972116856219,234016.28+001111.3,2.7011365558722593,46.98728417629658,0.0011954950708457,0.0,-1.0,-27.54084507341569,17.214323043823242,2.7011365558722593,46.98728417629658,0.0011954950708457,"(46.855, 47.387]"
1422025,821.9499213396863,3209.419823381348,1422025,18.257638312771,0.1092941730348366,18.257638312771,0.1092941730348366,011301.83+000633.4,1.697657733990153,47.04302376806497,0.0006918469054326,46.33121653902378,0.0006918469054326,-27.432132698193257,36.238346099853516,1.697657733990153,47.04302376806497,0.0006918469054326,"(46.855, 47.387]"
1448803,314.09976795204,870.3495539831256,1448803,352.91566707824626,1.0741851486265832,352.91566707824626,1.0741851486265832,233139.76+010427.0,2.25543511493413,46.91183888017053,0.002071257302056,46.18851859785235,0.0060505946880624,-27.677103635679615,17.06792449951172,2.25543511493413,46.91183888017053,0.002071257302056,"(46.855, 47.387]"
1464156,212.65748066960853,779.4922961601155,1464156,323.7295027926574,0.182456851246764,323.7295027926574,0.182456851246764,213455.08+001056.8,3.2881790355958453,47.34562246745604,0.0014371145516562,0.0,-1.0,-28.20535712033213,18.53072738647461,3.2881790355958453,47.34562246745604,0.0014371145516562,"(46.855, 47.387]"
1441981,141.0056202044176,666.7093292891774,1441981,2.30375445966064,0.0845834149492857,2.30375445966064,0.0845834149492857,000912.90+000504.5,1.7525755849089328,47.172650712160795,0.0008339710467133,46.4608434831196,0.0008339710467133,-28.08636387920339,38.77699279785156,1.7525755849089328,47.172650712160795,0.0008339710467133,"(46.855, 47.387]"
1429733,78.21208956011503,198.5722379979563,1429733,12.025239355087336,0.7732244858690025,12.025239355087336,0.7732244858690025,004806.05+004623.6,2.3641789453345545,46.87965833266539,0.0015624141433505,46.20288181347897,0.006948539993683,-26.86381631397967,16.485074996948242,2.3641789453345545,46.87965833266539,0.0015624141433505,"(46.855, 47.387]"
1452985,43.60104092183929,335.9440719793693,1452985,345.0831720796963,0.5745956793936176,345.0831720796963,0.5745956793936176,230019.96+003428.5,2.518848520180585,47.013943655222015,0.0018688779265332,0.0,-1.0,-27.49238398812924,16.044004440307617,2.518848520180585,47.013943655222015,0.0018688779265332,"(46.855, 47.387]"
1450771,74.31018626262728,230.0361932745464,1450771,349.2168806516947,0.8572112855161216,349.2168806516947,0.8572112855161216,231652.05+005125.9,3.237796338354829,47.203960394638415,0.0024593010613251,0.0,-1.0,-28.20112842254889,15.527604103088379,3.237796338354829,47.203960394638415,0.0024593010613251,"(46.855, 47.387]"
1389608,298.7712344479756,959.986862236494,1389608,41.56059327442182,0.9076208918688188,41.56059327442182,0.9076208918688188,024614.54+005427.4,3.0202860390577193,47.09656810883838,0.0015859430419808,0.0,-1.0,-28.185555095436413,15.333833694458008,3.0202860390577193,47.09656810883838,0.0015859430419808,"(46.855, 47.387]"
1445838,125.65848877192492,406.6944445367228,1445838,358.39355673330925,-0.1191538878026195,358.39355673330925,-0.1191538878026195,235334.45-000708.9,2.1907457900836778,46.87318092688695,0.0016374213125764,46.09433181603202,0.004210178881177,-27.223674555232748,19.836868286132812,2.1907457900836778,46.87318092688695,0.0016374213125764,"(46.855, 47.387]"
1429938,153.13306260879708,713.250189924062,1429938,11.886409602446976,0.3531521343406256,11.886409602446976,0.3531521343406256,004732.73+002111.3,2.8871052394904453,47.20110399641788,0.0011682797675227,0.0,-1.0,-28.006560644359773,21.253271102905273,2.8871052394904453,47.20110399641788,0.0011682797675227,"(46.855, 47.387]"
1427895,57.68741668444941,466.7513519114905,1427895,13.583284317423516,0.4577622055278592,13.583284317423516,0.4577622055278592,005419.98+002727.9,2.511389728380834,47.086470335763295,0.0012720853417178,0.0,-1.0,-28.207475743870564,26.542367935180664,2.511389728380834,47.086470335763295,0.0012720853417178,"(46.855, 47.387]"
1429056,978.6744395289844,2221.081163239963,1429056,12.588451002009164,0.8597432272909978,12.588451002009164,0.8597432272909978,005021.22+005135.0,2.2466488904094395,47.1906378190376,0.0014721037804221,46.51163084717992,0.0025530817185277,-28.28398422567946,27.57784652709961,2.2466488904094395,47.1906378190376,0.0014721037804221,"(46.855, 47.387]"
1452058,519.5914167575894,1134.82220649819,1452058,346.8173513530301,0.523446035961766,346.8173513530301,0.523446035961766,230716.16+003124.4,2.553551958681598,47.1326646128155,0.0013399850589017,0.0,-1.0,-27.791134798285952,22.66742706298828,2.553551958681598,47.1326646128155,0.0013399850589017,"(46.855, 47.387]"
1453341,322.47559489202735,989.9010737620524,1453341,344.3894236514405,-1.1589338323172305,344.3894236514405,-1.1589338323172305,225733.46-010932.1,1.7754893233913478,47.034921602546554,0.0013404048533018,46.32311437350536,0.0013404048533018,-27.681651892544085,32.50891876220703,1.7754893233913478,47.034921602546554,0.0013404048533018,"(46.855, 47.387]"
1436410,20.12068215339756,140.18839115945437,1436410,6.994726363371829,-0.3232642768872567,6.994726363371829,-0.3232642768872567,002758.73-001923.7,3.505158298755199,46.96309896862777,0.0027008320197481,0.0,-1.0,-28.070471889529664,7.335520267486572,3.505158298755199,46.96309896862777,0.0027008320197481,"(46.855, 47.387]"
1464475,191.5372202071214,597.759776732606,1464475,323.1523265964861,0.0047839352583783,323.1523265964861,0.0047839352583783,213236.55+000017.2,2.99885996528479,46.939936783708845,0.0035188034140674,0.0,-1.0,-27.538506351488092,11.038263320922852,2.99885996528479,46.939936783708845,0.0035188034140674,"(46.855, 47.387]"
1459356,471.52312519806605,1247.1139989895344,1459356,332.79200825024407,0.3113658475893091,332.79200825024407,0.3113658475893091,221110.08+001840.9,2.3119661604364254,46.98330456366956,0.0014219633337617,46.15830606477372,0.0141028933452567,-26.81601949389132,11.970306396484375,2.3119661604364254,46.98330456366956,0.0014219633337617,"(46.855, 47.387]"
1435986,74.63512043699036,622.5730517093865,1435986,7.353249902857897,-0.9874057287866144,7.353249902857897,-0.9874057287866144,002924.78-005914.6,2.923462237061809,46.95594941805132,0.0028770935669726,0.0,-1.0,-27.403317583332235,10.291116714477539,2.923462237061809,46.95594941805132,0.0028770935669726,"(46.855, 47.387]"
1415401,68.56745393823962,166.37235044823615,1415401,23.20576162774641,0.4408568885193819,23.20576162774641,0.4408568885193819,013249.38+002627.0,3.184153659299745,47.25112469947106,0.0018279151768929,0.0,-1.0,-28.16426754088096,16.97826385498047,3.184153659299745,47.25112469947106,0.0018279151768929,"(46.855, 47.387]"
1410783,16.133208130411155,49.28989535166591,1410783,26.46000724109001,0.0307714398807673,26.46000724109001,0.0307714398807673,014550.40+000150.7,3.2242008718656034,46.874239560709974,0.0029674685757825,0.0,-1.0,-27.154548434862875,8.966935157775879,3.2242008718656034,46.874239560709974,0.0029674685757825,"(46.855, 47.387]"
1451876,25.68030865515382,131.0039799720002,1451876,347.19103592665374,1.2003675068084032,347.19103592665374,1.2003675068084032,230845.84+011201.3,3.0639252192384054,46.916284432793084,0.0042376937477079,0.0,-1.0,-27.137444241185943,10.322813034057617,3.0639252192384054,46.916284432793084,0.0042376937477079,"(46.855, 47.387]"
1447046,188.69842522062683,500.1531623729443,1447046,356.2538083239582,0.698935204310703,356.2538083239582,0.698935204310703,234500.91+004156.1,2.196657619139218,47.01243727114055,0.0011517517811228,46.25871704250572,0.0035209109913338,-27.1851272540867,17.742843627929688,2.196657619139218,47.01243727114055,0.0011517517811228,"(46.855, 47.387]"
1440068,26.1830404603102,124.40776552774727,1440068,3.954498583234965,0.2922111676718452,3.954498583234965,0.2922111676718452,001549.07+001731.9,3.067042478871026,46.94680358646826,0.0017696681221934,0.0,-1.0,-27.206542026340774,12.741291999816895,3.067042478871026,46.94680358646826,0.0017696681221934,"(46.855, 47.387]"
1444856,80.88104403089852,572.7571730006799,1444856,359.939576733612,-0.9721308343162484,359.939576733612,-0.9721308343162484,235945.49-005819.6,1.8221966994263377,46.93599968511094,0.0043504303001284,46.22419245606975,0.0043504303001284,-27.16003580060709,9.777532577514648,1.8221966994263377,46.93599968511094,0.0043504303001284,"(46.855, 47.387]"
1427907,21.670834406529185,144.0526298474189,1427907,13.57620147862938,-0.76066888986065,13.57620147862938,-0.76066888986065,005418.28-004538.4,3.3879759409821966,46.92352003784831,0.0033613391832361,0.0,-1.0,-27.30311395410024,7.694372177124023,3.3879759409821966,46.92352003784831,0.0033613391832361,"(46.855, 47.387]"
1438297,51.55043475014242,244.4156380635696,1438297,5.429418908318837,-0.5060372305688123,5.429418908318837,-0.5060372305688123,002143.06-003021.7,3.512488226475247,46.97887577391867,0.0139889149640346,0.0,-1.0,-27.359495410491608,7.994355201721191,3.512488226475247,46.97887577391867,0.0139889149640346,"(46.855, 47.387]"
1451849,66.78837515878551,125.32121177766732,1451849,347.22651231421924,-0.6170300705269691,347.22651231421924,-0.6170300705269691,230854.36-003701.3,3.1328382454820747,46.920765253596414,0.003925003795593796,0.0,-1.0,-27.41381316368959,7.035306930541992,3.1328382454820747,46.920765253596414,0.003925003795593796,"(46.855, 47.387]"
1431969,137.48276636461,387.0802741856039,1431969,10.42984850534117,-0.981965381736158,10.42984850534117,-0.981965381736158,004143.16-005855.0,2.5529143810881694,46.954133241910064,0.0014561388889546,0.0,-1.0,-27.350486163450547,13.931187629699707,2.5529143810881694,46.954133241910064,0.0014561388889546,"(46.855, 47.387]"
1453092,260.2182241574017,525.9853455807009,1453092,344.8821740240384,0.7977307685425351,344.8821740240384,0.7977307685425351,225931.72+004751.8,2.176055602099225,46.85592350784675,0.001774090946661,46.085438800880674,0.0036907848691889,-27.212739058377093,20.480072021484375,2.176055602099225,46.85592350784675,0.001774090946661,"(46.855, 47.387]"
1433974,268.50690389828554,945.3370247323078,1433974,8.941085418070486,0.3849532323829729,8.941085418070486,0.3849532323829729,003545.86+002305.8,3.2340034914453946,46.87015130503355,0.003253471894542,0.0,-1.0,-27.989156440596354,10.183613777160645,3.2340034914453946,46.87015130503355,0.003253471894542,"(46.855, 47.387]"
1388968,414.7733176410589,1156.5233504021792,1388968,41.98479241766199,-0.2656048081435084,41.98479241766199,-0.2656048081435084,024756.35-001556.1,2.1254874655279146,46.960275266067974,0.0017311785668994,46.328668541924806,0.001959617111904,-27.72032460064695,28.879262924194336,2.1254874655279146,46.960275266067974,0.0017311785668994,"(46.855, 47.387]"
1466681,137.05454172992307,422.05991204888574,1466681,319.08502780986834,-0.5075543599621887,319.08502780986834,-0.5075543599621887,211620.40-003027.1,2.8888897508229556,46.897231197253184,0.0023559692348129,0.0,-1.0,-27.126446227258985,11.168672561645508,2.8888897508229556,46.897231197253184,0.0023559692348129,"(46.855, 47.387]"
1415296,32.30470438037597,138.83258511256557,1415296,23.301314948700472,0.0331903268334925,23.301314948700472,0.0331903268334925,013312.31+000159.4,2.366712921929861,46.92462133968248,0.0014388395436846,46.1062388009366,0.0095769274505173,-27.335764525791085,14.69683837890625,2.366712921929861,46.92462133968248,0.0014388395436846,"(46.855, 47.387]"
1402384,402.1558439854918,963.2236426002644,1402384,32.83725931769902,1.0845083579437638,32.83725931769902,1.0845083579437638,021120.94+010504.2,2.526126839433593,46.9828950209487,0.0013682388932814,0.0,-1.0,-27.42436744007596,19.1398868560791,2.526126839433593,46.9828950209487,0.0013682388932814,"(46.855, 47.387]"
1401888,153.52865210329466,402.48134585506114,1401888,33.19635823188541,0.0274092281991798,33.19635823188541,0.0274092281991798,021247.12+000138.6,3.126305201824402,46.93456543666672,0.0030229182374732,0.0,-1.0,-27.24092185086663,9.015755653381348,3.126305201824402,46.93456543666672,0.0030229182374732,"(46.855, 47.387]"
1401756,46.59377741890936,129.25494116207474,1401756,33.28311311148113,-0.7512746878634379,33.28311311148113,-0.7512746878634379,021307.94-004504.5,2.7514990255889438,46.90506487229267,0.0036494636312554,0.0,-1.0,-27.29983559067111,7.8984222412109375,2.7514990255889438,46.90506487229267,0.0036494636312554,"(46.855, 47.387]"
1392470,550.2863858449559,988.075364529857,1392470,39.64733124530994,-0.0318344069009337,39.64733124530994,-0.0318344069009337,023835.35-000154.6,2.069375643652437,46.86917031874824,0.0030182490886154,46.16014433646971,0.0022390629548638,-26.99804282914599,15.011387825012207,2.069375643652437,46.86917031874824,0.0030182490886154,"(46.855, 47.387]"
1446583,308.2543033322859,740.41410170835,1446583,357.1267397777133,0.655150615537737,357.1267397777133,0.655150615537737,234830.41+003918.5,1.998954026565876,47.25625634386005,0.0010488497787655,46.54444911481886,0.0010488497787655,-28.295393351391844,33.78512954711914,1.998954026565876,47.25625634386005,0.0010488497787655,"(46.855, 47.387]"
1437555,43.19959490485289,434.981825293815,1437555,6.048584489967272,-0.7300303529246599,6.048584489967272,-0.7300303529246599,002411.66-004348.1,1.806521346954821,47.03419942197955,0.0010282839055051,46.32239219293836,0.0010282839055051,-27.57339578507264,28.089767456054688,1.806521346954821,47.03419942197955,0.0010282839055051,"(46.855, 47.387]"
1421139,173.43179942414045,746.4407435246387,1421139,18.969148282115388,0.1002639038834622,18.969148282115388,0.1002639038834622,011552.59+000600.9,3.179753227861129,46.95599539218734,0.0026388520986841,0.0,-1.0,-27.84429071949006,8.549745559692383,3.179753227861129,46.95599539218734,0.0026388520986841,"(46.855, 47.387]"
1430411,15.58338243961319,353.177717802521,1430411,11.556424040438683,1.0738158773908204,11.556424040438683,1.0738158773908204,004613.54+010425.7,2.1537330868528453,47.26986612726397,0.0013291856525974,46.43038665682669,0.0011858983153167,-28.1186604626602,30.635446548461914,2.1537330868528453,47.26986612726397,0.0013291856525974,"(46.855, 47.387]"
1394536,642.3458138816846,2123.629847709537,1394536,38.134407820988685,0.0980262152896218,38.134407820988685,0.0980262152896218,023232.25+000552.8,1.7926604896074285,46.872732095113804,0.0015230331087892,46.16092486607261,0.0015230331087892,-27.110598245527868,27.864652633666992,1.7926604896074285,46.872732095113804,0.0015230331087892,"(46.855, 47.387]"
1430923,1557.5154712848337,3516.078982853731,1430923,11.163888993464298,0.3063608062528223,11.163888993464298,0.3063608062528223,004439.33+001822.8,1.8753534037875534,47.07171382721444,0.0013643384340049,46.35990659817325,0.0013643384340049,-27.624744407043906,29.020919799804688,1.8753534037875534,47.07171382721444,0.0013643384340049,"(46.855, 47.387]"
1396488,31.67733981844676,398.707049971856,1396488,36.84999546742455,-1.106511525195194,36.84999546742455,-1.106511525195194,022723.99-010623.4,2.181005357326331,47.048933698559985,0.0017981151480128,45.98127829912552,0.0062642053688009,-27.815666650353222,19.942432403564453,2.181005357326331,47.048933698559985,0.0017981151480128,"(46.855, 47.387]"
1407339,67.79882768015412,192.05010458450548,1407339,29.138610139962225,-0.9005473706964849,29.138610139962225,-0.9005473706964849,015633.26-005401.9,2.684308087118998,46.886926540048144,0.0029201137256258,0.0,-1.0,-27.4961922085325,11.42962646484375,2.684308087118998,46.886926540048144,0.0029201137256258,"(46.855, 47.387]"
1413889,63.70116841160843,338.8574392238879,1413889,24.262657401045225,-0.7041603964863001,24.262657401045225,-0.7041603964863001,013703.03-004214.9,2.504551402377393,47.08838624593932,0.0024035024197708,0.0,-1.0,-27.282545776112535,13.251080513000488,2.504551402377393,47.08838624593932,0.0024035024197708,"(46.855, 47.387]"
1458719,369.563324845754,910.7730867371064,1458719,333.98331298104114,1.0241954127969883,333.98331298104114,1.0241954127969883,221555.99+010127.1,2.2356514140010404,46.8943301392264,0.0018123046711409,46.247176455920034,0.008211975365711,-27.516350559803207,21.575973510742188,2.2356514140010404,46.8943301392264,0.0018123046711409,"(46.855, 47.387]"
1391873,12.09593333797091,229.21727828560188,1391873,40.06995723293552,-0.7311074565134785,40.06995723293552,-0.7311074565134785,024016.78-004351.9,3.3290932022623383,47.28777729973357,0.0019512307981024,0.0,-1.0,-28.546158892951,18.849384307861328,3.3290932022623383,47.28777729973357,0.0019512307981024,"(46.855, 47.387]"
1413803,241.7565041314604,939.5260869147988,1413803,24.34390753875266,-0.6000410981217246,24.34390753875266,-0.6000410981217246,013722.53-003600.1,1.8208275934327653,46.85901227887154,0.0017676569350975,46.14720504983035,0.0017676569350975,-26.997900034658073,20.577617645263672,1.8208275934327653,46.85901227887154,0.0017676569350975,"(46.855, 47.387]"
1395580,68.84781932691592,368.1915090548632,1395580,37.43293901669878,-0.5828002662003389,37.43293901669878,-0.5828002662003389,022943.90-003458.0,2.1448948585844305,46.89395904759827,0.0016875561750033,45.73919962967085,0.012293637215869,-27.82351545345449,13.54812240600586,2.1448948585844305,46.89395904759827,0.0016875561750033,"(46.855, 47.387]"
1448626,206.53131339829903,824.852426327817,1448626,353.2509139033495,-0.3418148463183783,353.2509139033495,-0.3418148463183783,233300.21-002030.5,3.31699727037499,47.098724780236005,0.0075207421618408,0.0,-1.0,-28.168688252747465,15.077224731445312,3.31699727037499,47.098724780236005,0.0075207421618408,"(46.855, 47.387]"
1452126,16.278261399270825,191.1015126924597,1452126,346.6651851361657,1.1486679838152531,346.6651851361657,1.1486679838152531,230639.64+010855.2,3.659085719069311,47.15254822553231,0.0137554354237749,0.0,-1.0,-28.11658485567848,9.798096656799316,3.659085719069311,47.15254822553231,0.0137554354237749,"(46.855, 47.387]"
1459849,30.671501558755075,140.23239904991823,1459849,331.8769651529822,0.7248284167629399,331.8769651529822,0.7248284167629399,220730.47+004329.3,3.7660809693467576,46.98865141456322,0.0212106079263669,0.0,-1.0,-27.870858799772115,5.959872722625732,3.7660809693467576,46.98865141456322,0.0212106079263669,"(46.855, 47.387]"
1444926,99.04197935624984,136.36577597096274,1444926,359.8294003482761,-0.2310668828881038,359.8294003482761,-0.2310668828881038,235919.05-001351.8,2.7719705337117437,47.13571172617664,0.0048139060404537,0.0,-1.0,-27.880509871335143,18.428813934326172,2.7719705337117437,47.13571172617664,0.0048139060404537,"(46.855, 47.387]"
1450006,67.5248640970016,540.9135587401965,1450006,350.62568983878145,0.2087085837921202,350.62568983878145,0.2087085837921202,232230.16+001231.3,3.527819146313483,47.34427868239999,0.004120371750524,0.0,-1.0,-28.6929104591619,15.602829933166504,3.527819146313483,47.34427868239999,0.004120371750524,"(46.855, 47.387]"
1442699,686.9731443420293,2378.462899603461,1442699,1.725449918272119,-0.2592746353653732,1.725449918272119,-0.2592746353653732,000654.10-001533.3,1.7205647734727543,47.079138778139125,0.0039540209942536,46.36733154909793,0.0039540209942536,-27.533163868400706,38.74440383911133,1.7205647734727543,47.079138778139125,0.0039540209942536,"(46.855, 47.387]"
1439039,1370.4040657068713,3379.26217254984,1439039,4.770146321859727,0.5768121004717267,4.770146321859727,0.5768121004717267,001904.83+003436.5,2.114493891827448,46.99050537733839,0.001309088092519,46.2759415523879,0.0016612349357849,-27.044593351959254,21.36091423034668,2.114493891827448,46.99050537733839,0.001309088092519,"(46.855, 47.387]"
1444906,286.3373955697058,893.9684530675959,1444906,359.8561061295245,0.4818598766325373,359.8561061295245,0.4818598766325373,235925.46+002854.6,2.0362016165160997,46.943650026617206,0.0019684492742513,46.25502198168373,0.0018738318426443,-27.719859558366778,26.773733139038086,2.0362016165160997,46.943650026617206,0.0019684492742513,"(46.855, 47.387]"
1444982,536.3368438823092,879.9756585744317,1444982,359.74780713557755,-0.4072914093168513,359.74780713557755,-0.4072914093168513,235859.47-002426.2,1.7599315588880051,46.96285015365939,0.0009670174805833,46.2510429246182,0.0009670174805833,-27.184651727465997,40.112205505371094,1.7599315588880051,46.96285015365939,0.0009670174805833,"(46.855, 47.387]"
1412870,20.6832662923222,88.77472833141002,1412870,25.022498252206997,-1.059271478392943,25.022498252206997,-1.059271478392943,014005.39-010333.3,3.9210370051341137,46.90568596031977,0.0061318109262487,0.0,-1.0,-27.538752009071953,4.465246200561523,3.9210370051341137,46.90568596031977,0.0061318109262487,"(46.855, 47.387]"
1450579,114.8302308514121,365.7746130012462,1450579,349.5343600984806,-0.5345953205101279,349.5343600984806,-0.5345953205101279,231808.24-003204.5,3.3164373381655414,47.204747158779064,0.001243559304239,0.0,-1.0,-27.63986322163698,14.723402976989746,3.3164373381655414,47.204747158779064,0.001243559304239,"(46.855, 47.387]"
1420306,491.2185386202439,2458.231405416622,1420306,19.616620490459297,-0.8777269785740193,19.616620490459297,-0.8777269785740193,011827.98-005239.8,2.196785465791812,47.20608217237959,0.0013745676840386,46.45237868493712,0.0026188552031349,-28.08120580462551,28.550209045410156,2.196785465791812,47.20608217237959,0.0013745676840386,"(46.855, 47.387]"
1429494,570.2697811612868,1112.7471427294822,1429494,12.21841207417756,-0.4085691991771063,12.21841207417756,-0.4085691991771063,004852.41-002430.8,2.6944377057510525,46.93643831745091,0.0023753336706349,0.0,-1.0,-27.62936485774876,12.995477676391602,2.6944377057510525,46.93643831745091,0.0023753336706349,"(46.855, 47.387]"
1388799,23.093963672181147,51.29245876470871,1388799,42.11124691321817,-0.695680637791284,42.11124691321817,-0.695680637791284,024826.69-004144.4,2.981066512868148,46.870318545104084,0.0027165907598991,0.0,-1.0,-27.40315485739084,10.374679565429688,2.981066512868148,46.870318545104084,0.0027165907598991,"(46.855, 47.387]"
1393033,217.220033871408,427.6308713289335,1393033,39.236357234323634,1.2158569168643325,39.236357234323634,1.2158569168643325,023656.72+011257.0,2.571908599801987,46.966610790398235,0.0020761572274601,0.0,-1.0,-27.213482790421878,12.178162574768066,2.571908599801987,46.966610790398235,0.0020761572274601,"(46.855, 47.387]"
1445296,17.12661047452169,232.9924902397524,1445296,359.26061607776114,-0.8066806544066628,359.26061607776114,-0.8066806544066628,235702.54-004824.0,2.993165939237947,47.04970968287369,0.0023820721554592,0.0,-1.0,-28.15510355306164,15.943670272827148,2.993165939237947,47.04970968287369,0.0023820721554592,"(46.855, 47.387]"
1402228,307.1478694512818,1488.8699081480586,1402228,32.94987181491483,0.5065296984424277,32.94987181491483,0.5065296984424277,021147.96+003023.5,1.757719830787908,46.91837032001871,0.0039204733758495,46.20656309097752,0.0039204733758495,-27.729924043189865,33.01322937011719,1.757719830787908,46.91837032001871,0.0039204733758495,"(46.855, 47.387]"
1413928,58.24616258593536,499.36530274153415,1413928,24.234640559264,-0.7732936435694928,24.234640559264,-0.7732936435694928,013656.31-004623.8,1.718983823423898,47.107056413814604,0.000999599435616,46.39524918477341,0.000999599435616,-27.516574422400865,29.180110931396484,1.718983823423898,47.107056413814604,0.000999599435616,"(46.855, 47.387]"
1397233,18.43898691523138,67.84086826002455,1397233,36.32650970808013,-0.2256390848606901,36.32650970808013,-0.2256390848606901,022518.36-001332.3,3.625245810349213,46.88531439086155,0.0031668584744224,0.0,-1.0,-27.999584345617745,10.847782135009766,3.625245810349213,46.88531439086155,0.0031668584744224,"(46.855, 47.387]"
1441383,310.5897768397176,1090.505667868124,1441383,2.841117910208709,-0.1551701511272021,2.841117910208709,-0.1551701511272021,001121.86-000918.6,3.021877661456829,47.340598658191105,0.0011124935641397,0.0,-1.0,-28.592522099804548,27.32958221435547,3.021877661456829,47.340598658191105,0.0011124935641397,"(46.855, 47.387]"
1452051,13.203929743689423,94.89051100248912,1452051,346.8412879708412,1.188349533605504,346.8412879708412,1.188349533605504,230721.90+011118.0,2.7682480185854743,46.87024787981923,0.0027001900992118,0.0,-1.0,-27.456063729202285,10.814803123474121,2.7682480185854743,46.87024787981923,0.0027001900992118,"(46.855, 47.387]"
1451353,64.97889879892364,304.1756637738183,1451353,348.1145309795656,0.8754751217379517,348.1145309795656,0.8754751217379517,231227.48+005231.7,3.570513477471242,46.97568103065385,0.0085735686845431,0.0,-1.0,-27.66956450932417,11.1285982131958,3.570513477471242,46.97568103065385,0.0085735686845431,"(46.855, 47.387]"
1402293,204.6601084112132,578.6066298514666,1402293,32.9017757289204,0.828668437227062,32.9017757289204,0.828668437227062,021136.42+004943.2,2.959279207443166,46.92798969441462,0.0024935545680691,0.0,-1.0,-27.272803410897303,12.45911979675293,2.959279207443166,46.92798969441462,0.0024935545680691,"(46.855, 47.387]"
1459904,181.1956329102422,730.6038438615635,1459904,331.7846811459533,1.0237023053430754,331.7846811459533,1.0237023053430754,220708.32+010125.3,2.91622946992263,47.15745769204197,0.0020539563340307,0.0,-1.0,-28.14323403401138,17.220951080322266,2.91622946992263,47.15745769204197,0.0020539563340307,"(46.855, 47.387]"
1444406,989.0966570850794,1694.4748312662812,1444406,0.3411232753493891,-0.0575499643065442,0.3411232753493891,-0.0575499643065442,000121.86-000327.1,2.8884679639029374,47.213798885617464,0.0015054052024261,0.0,-1.0,-28.154889046403248,20.752592086791992,2.8884679639029374,47.213798885617464,0.0015054052024261,"(46.855, 47.387]"
1448820,388.5484560298546,637.3888380893015,1448820,352.88685287548805,1.105814533639869,352.88685287548805,1.105814533639869,233132.84+010620.9,2.6454172322379277,47.05030449406332,0.0016947384388501,0.0,-1.0,-28.268485656424645,17.24123764038086,2.6454172322379277,47.05030449406332,0.0016947384388501,"(46.855, 47.387]"
1431412,78.308742615805,315.71597947228685,1431412,10.812849975497327,1.245991493135756,10.812849975497327,1.245991493135756,004315.08+011445.5,1.5694726778295494,47.041515238211566,0.0014513388613934,46.329708009170375,0.0014513388613934,-27.676948345280557,31.44563102722168,1.5694726778295494,47.041515238211566,0.0014513388613934,"(46.855, 47.387]"
1465527,321.79669354606995,840.1608962931844,1465527,321.29929619843097,1.2062504403575245,321.29929619843097,1.2062504403575245,212511.83+011222.5,2.2052420596068485,47.10398934503298,0.0008617596707765,46.29627745015725,0.0020483434284805,-27.611606497526473,25.65979766845703,2.2052420596068485,47.10398934503298,0.0008617596707765,"(46.855, 47.387]"
1448848,188.8783380404317,482.65655653889627,1448848,352.8409078954183,0.6354067589866069,352.8409078954183,0.6354067589866069,233121.81+003807.4,1.4938187180571203,46.92168789028664,0.0008758701389872,46.20988066124545,0.0008758701389872,-27.54447125672417,33.81919860839844,1.4938187180571203,46.92168789028664,0.0008758701389872,"(46.855, 47.387]"
1438975,425.98539577214586,1270.6861688862807,1438975,4.830463200270373,1.031193790045529,4.830463200270373,1.031193790045529,001919.31+010152.2,2.3140663774274834,47.13023001627696,0.001769889984267,46.36953712072267,0.0041059394210734,-27.59270836791032,19.411333084106445,2.3140663774274834,47.13023001627696,0.001769889984267,"(46.855, 47.387]"
1426813,36.63376153315996,121.7559330610448,1426813,14.436171723993567,1.138426796370137,14.436171723993567,1.138426796370137,005744.68+010818.3,2.7717651886466377,47.04270353706469,0.0016386352540891,0.0,-1.0,-27.77021710891889,14.600472450256348,2.7717651886466377,47.04270353706469,0.0016386352540891,"(46.855, 47.387]"
1447143,55.4739755144493,215.78494021537065,1447143,356.0316912052176,-0.981319937718218,356.0316912052176,-0.981319937718218,234407.60-005852.7,3.210317529792795,47.022032162825475,0.0035090900467693,0.0,-1.0,-28.02380250793124,11.798949241638184,3.210317529792795,47.022032162825475,0.0035090900467693,"(46.855, 47.387]"
1448150,500.28052668235705,1280.4923646229645,1448150,354.0838543102503,-0.296404031844714,354.0838543102503,-0.296404031844714,233620.12-001747.0,2.1405202024915466,47.10383841960458,0.0012816656624146,46.41384353572531,0.001489226488939,-27.566597863429653,26.928735733032227,2.1405202024915466,47.10383841960458,0.0012816656624146,"(46.855, 47.387]"
1466184,523.2964005640007,1247.5987893853876,1466184,320.14524067768804,-0.517728366935038,320.14524067768804,-0.517728366935038,212034.85-003103.8,1.4876775932288724,47.217847804624924,0.0005970338203233,46.50604057558373,0.0005970338203233,-27.75806509874843,37.14958190917969,1.4876775932288724,47.217847804624924,0.0005970338203233,"(46.855, 47.387]"
1418014,204.6372035236949,732.4808433814459,1418014,21.321471759530027,-0.308017412827453,21.321471759530027,-0.308017412827453,012517.15-001828.8,2.279093825467252,47.023822238332784,0.0012291703856313,46.034833047614,0.0052868548047975,-27.901763100276206,19.791975021362305,2.279093825467252,47.023822238332784,0.0012291703856313,"(46.855, 47.387]"
1440770,45.65942082225784,161.36656585433212,1440770,3.364692385438275,1.1129229877723266,3.364692385438275,1.1129229877723266,001327.52+010646.5,3.084734899324997,47.084251669421434,0.0016243661074319,0.0,-1.0,-27.75923751267601,16.713747024536133,3.084734899324997,47.084251669421434,0.0016243661074319,"(46.855, 47.387]"
1460267,320.23411862395176,1116.122100038923,1460267,330.99888542096147,0.983887470176494,330.99888542096147,0.983887470176494,220359.73+005901.9,2.8743900317478346,47.10768619316135,0.0052799956544262,0.0,-1.0,-28.55347301629966,19.081512451171875,2.8743900317478346,47.10768619316135,0.0052799956544262,"(46.855, 47.387]"
1417953,1350.0431717393478,3612.631287043692,1417953,21.370187,-0.098884,21.370187,-0.098884,012528.84-000555.9,1.0732091996381183,47.10824922349864,0.0006192765200765,46.39644199445745,0.0006192765200765,-27.847966217313157,36.7313117980957,1.0732091996381183,47.10824922349864,0.0006192765200765,"(46.855, 47.387]"
1464545,82.36570836192726,294.1692447206469,1464545,323.04452190484164,-0.0056834713586677,323.04452190484164,-0.0056834713586677,213210.68-000020.4,3.0031031113090774,46.94396409596344,0.0022237597225149,0.0,-1.0,-27.762630759862937,12.838764190673828,3.0031031113090774,46.94396409596344,0.0022237597225149,"(46.855, 47.387]"
1422896,34.28761407348456,282.50084261555145,1422896,17.51005012112541,0.2000565883276933,17.51005012112541,0.2000565883276933,011002.41+001200.2,3.2650445563536445,46.939407516749064,0.0046108101737232,0.0,-1.0,-27.709937131831374,9.378193855285645,3.2650445563536445,46.939407516749064,0.0046108101737232,"(46.855, 47.387]"
1440703,247.2964814870176,1368.2224449967998,1440703,3.426890501195913,-0.4035056851496428,3.426890501195913,-0.4035056851496428,001342.45-002412.6,1.6480166303178514,46.93806838023764,0.001008687568671,46.22626115119645,0.001008687568671,-27.02755961455973,29.39078140258789,1.6480166303178514,46.93806838023764,0.001008687568671,"(46.855, 47.387]"
1458239,83.06229077589977,241.33706087759973,1458239,334.93049761571353,0.688459268204705,334.93049761571353,0.688459268204705,221943.31+004118.4,3.143876869224722,47.03891328740347,0.0019659456283669,0.0,-1.0,-27.76637310451478,13.308595657348633,3.143876869224722,47.03891328740347,0.0019659456283669,"(46.855, 47.387]"
1444335,13.130689571671754,126.23945899637906,1444335,0.3979754168701053,-0.7018935621530449,0.3979754168701053,-0.7018935621530449,000135.51-004206.8,3.568429488846934,47.10487742781487,0.0044520007501738,0.0,-1.0,-27.626952259588414,9.384763717651367,3.568429488846934,47.10487742781487,0.0044520007501738,"(46.855, 47.387]"
1409318,103.31778479413563,319.47558197491446,1409318,27.573786068924637,0.4840245939218934,27.573786068924637,0.4840245939218934,015017.70+002902.4,3.0095570020795726,47.06384922681117,0.0013775974304337,0.0,-1.0,-28.049648396336714,18.583620071411133,3.0095570020795726,47.06384922681117,0.0013775974304337,"(46.855, 47.387]"
1441493,39.048283706029565,223.510814328302,1441493,2.739986085723217,1.1698639268093394,2.739986085723217,1.1698639268093394,001057.59+011011.5,3.0934656248522208,47.07342258244432,0.0019864581682895,0.0,-1.0,-28.154844011394466,12.64537239074707,3.0934656248522208,47.07342258244432,0.0019864581682895,"(46.855, 47.387]"
1410018,679.8730416893867,2531.320852844732,1410018,27.04019827789949,-0.1716165757226794,27.04019827789949,-0.1716165757226794,014809.64-001017.8,2.164573066149284,47.2493101898452,0.0009820479712523,46.530305747329805,0.001325168105879,-28.309014112442227,29.789775848388672,2.164573066149284,47.2493101898452,0.0009820479712523,"(46.855, 47.387]"
1444102,54.529176958724776,256.47875639027774,1444102,0.5880009309945535,0.3637040188574519,0.5880009309945535,0.3637040188574519,000221.12+002149.3,3.0719785381000313,47.146690934709454,0.0013145152006934,0.0,-1.0,-28.089372438224032,16.147201538085938,3.0719785381000313,47.146690934709454,0.0013145152006934,"(46.855, 47.387]"
1434279,301.9655287194171,692.758395875247,1434279,8.716103050036576,-1.190457249654028,8.716103050036576,-1.190457249654028,003451.86-011125.6,1.8496206377490465,47.081262071585726,0.0011231973616396,46.369454842544535,0.0011231973616396,-27.31659114405472,35.29238510131836,1.8496206377490465,47.081262071585726,0.0011231973616396,"(46.855, 47.387]"
1395517,78.11599557548263,291.5992035663532,1395517,37.47677007146376,-0.93960950990982,37.47677007146376,-0.93960950990982,022954.42-005622.5,2.312115009911147,46.933663514327755,0.0020158825050629,46.37817309371185,0.0094712283796596,-27.56053746447114,16.731311798095703,2.312115009911147,46.933663514327755,0.0020158825050629,"(46.855, 47.387]"
1452184,1276.3538442511356,5587.101741922281,1452184,346.538421,0.145608,346.538421,0.145608,230609.22+000844.1,1.3415980364226567,47.26977157402114,0.0007520291415517,46.55796434497995,0.0007520291415517,-28.042410457784783,31.69791030883789,1.3415980364226567,47.26977157402114,0.0007520291415517,"(46.855, 47.387]"
1445127,72.2685568327351,204.26579769509783,1445127,359.5324936251424,-0.5401475810769666,359.5324936251424,-0.5401475810769666,235807.79-003224.5,2.7622050912899607,47.030565320785,0.0013155648414198,0.0,-1.0,-27.545172122498904,14.86171817779541,2.7622050912899607,47.030565320785,0.0013155648414198,"(46.855, 47.387]"
1439286,21.75050824729268,316.3593891869937,1439286,4.577945304125223,0.4525421356253205,4.577945304125223,0.4525421356253205,001818.70+002709.1,3.3413201527136955,46.96806479700793,0.0029760894881931,0.0,-1.0,-27.709774743501757,8.850983619689941,3.3413201527136955,46.96806479700793,0.0029760894881931,"(46.855, 47.387]"
1398305,15.633530166034756,188.2217354653057,1398305,35.59644897614062,-0.3274154788993046,35.59644897614062,-0.3274154788993046,022223.14-001938.6,3.9403285338155625,47.00680568306073,0.004358336155871,0.0,-1.0,-28.40656546801105,6.456406116485596,3.9403285338155625,47.00680568306073,0.004358336155871,"(46.855, 47.387]"
1446220,41.450032375351846,300.1838706951024,1446220,357.7950888075377,0.0392350995280059,357.7950888075377,0.0392350995280059,235110.82+000221.2,3.531008947657963,47.31464432810434,0.0027616019889222,0.0,-1.0,-28.507853378489322,20.9008846282959,3.531008947657963,47.31464432810434,0.0027616019889222,"(46.855, 47.387]"
1410212,202.74869647880783,1211.6309327903414,1410212,26.889919350202234,0.0564741263010158,26.889919350202234,0.0564741263010158,014733.58+000323.3,2.0053368690225217,47.13765744320365,0.00182416403889,46.61677246226596,0.0011409900470553,2.0,28.732593536376953,2.0053368690225217,47.13765744320365,0.00182416403889,"(46.855, 47.387]"
1425380,636.6544242509934,1446.6965666211506,1425380,15.614639181146572,0.860251808695911,15.614639181146572,0.860251808695911,010227.51+005136.9,2.5462911347484187,47.07101873020037,0.0103265982359843,0.0,-1.0,-28.22896100406114,21.627737045288086,2.5462911347484187,47.07101873020037,0.0103265982359843,"(46.855, 47.387]"
1451883,796.6854293081535,2966.16837845745,1451883,347.17585218409226,-0.6655152981628021,347.17585218409226,-0.6655152981628021,230842.20-003955.8,2.019372142562001,47.04361469765741,0.0019171821577863,46.21574379631602,0.0031144354720673,-26.964412788576116,25.08069610595703,2.019372142562001,47.04361469765741,0.0019171821577863,"(46.855, 47.387]"
1435302,293.22520480514646,873.3855409028637,1435302,7.8982473869854175,0.5725782988883846,7.8982473869854175,0.5725782988883846,003135.57+003421.2,2.2375339573240005,46.94028501004548,0.0017005649658834,46.37004918527363,0.0043445014212437,-27.702911606798033,19.99846076965332,2.2375339573240005,46.94028501004548,0.0017005649658834,"(46.855, 47.387]"
1424160,259.0775404070456,1333.6004444597045,1424160,16.550921128726245,0.3222630583096577,16.550921128726245,0.3222630583096577,010612.22+001920.1,3.1296434489043117,47.23461680753055,0.0012576237921955,0.0,-1.0,-28.57948827739339,14.530194282531738,3.1296434489043117,47.23461680753055,0.0012576237921955,"(46.855, 47.387]"
1418326,144.89880034228108,372.4240854370243,1418326,21.064732050771568,-0.5551341475208351,21.064732050771568,-0.5551341475208351,012415.53-003318.4,2.2644776085858775,46.86416325593896,0.0011169261816519,46.29159007759284,0.0032035024765413,-27.339830190739804,19.940155029296875,2.2644776085858775,46.86416325593896,0.0011169261816519,"(46.855, 47.387]"
1430028,914.2102607327392,3170.537452533076,1430028,11.818837972290453,0.3878919802919919,11.818837972290453,0.3878919802919919,004716.52+002316.4,2.209144428908976,47.099557638576954,0.0021977800896486,46.148147613223145,0.0037472798752702,-27.31641034734808,22.144800186157227,2.209144428908976,47.099557638576954,0.0021977800896486,"(46.855, 47.387]"
1440004,329.2493266228459,1362.498238421653,1440004,4.010013037520139,-0.2069728276511155,4.010013037520139,-0.2069728276511155,001602.40-001225.1,2.0901065615218326,47.038017007934,0.0009166887634712,46.681682523619166,0.001786255286202,-28.193564917786325,37.404014587402344,2.0901065615218326,47.038017007934,0.0009166887634712,"(46.855, 47.387]"
1413721,63.06018858968579,176.10388461186014,1413721,24.39778734946903,-0.7898341993275686,24.39778734946903,-0.7898341993275686,013735.46-004723.4,3.2145513039632867,46.96245672914153,0.0035297923195756,0.0,-1.0,-27.700319836659904,11.229668617248535,3.2145513039632867,46.96245672914153,0.0035297923195756,"(46.855, 47.387]"
1429732,39.15529542044407,310.2535768776645,1429732,12.02524584695752,-1.055999351825076,12.02524584695752,-1.055999351825076,004806.05-010321.5,2.5320110733520194,47.272771535553865,0.0006708239941097,0.0,-1.0,-28.465384151048383,32.22861099243164,2.5320110733520194,47.272771535553865,0.0006708239941097,"(46.855, 47.387]"
1417477,362.4691273644208,1339.1540164991309,1417477,21.737082854488307,-0.7166484252074942,21.737082854488307,-0.7166484252074942,012656.89-004259.9,2.6410564042903992,46.912420029063384,0.0020746955635999,0.0,-1.0,-27.115190721441337,12.920985221862793,2.6410564042903992,46.912420029063384,0.0020746955635999,"(46.855, 47.387]"
1465701,249.24090401027692,1061.3232631895785,1465701,320.99628361941194,0.4792016834072927,320.99628361941194,0.4792016834072927,212359.10+002845.1,1.8620881781439012,47.05529206613758,0.001672802080499,46.34348483709639,0.001672802080499,-27.635453334226007,27.881593704223633,1.8620881781439012,47.05529206613758,0.001672802080499,"(46.855, 47.387]"
1447355,233.09750831011004,1000.0048773456224,1447355,355.546927,-1.001168,355.546927,-1.001168,234211.26-010004.2,1.9552673957507056,46.877573297286084,0.0048478558381006,46.16987353384684,0.0053502855536002,-27.183897428037763,16.286788940429688,1.9552673957507056,46.877573297286084,0.0048478558381006,"(46.855, 47.387]"
1453301,58.70092071863,252.88326133592844,1453301,344.4689780219865,0.3751068899645633,344.4689780219865,0.3751068899645633,225752.55+002230.3,3.2891645068391586,46.985762866774465,0.0039378054571628,0.0,-1.0,-27.75531541056226,9.654559135437012,3.2891645068391586,46.985762866774465,0.0039378054571628,"(46.855, 47.387]"
1452830,115.1565919131758,296.53775582550963,1452830,345.3352418661009,-0.2172425045404709,345.3352418661009,-0.2172425045404709,230120.45-001302.0,2.46304501306887,46.85619409791234,0.0024216232287628,0.0,-1.0,-26.782694766180374,14.041547775268555,2.46304501306887,46.85619409791234,0.0024216232287628,"(46.855, 47.387]"
1413846,152.187024227972,536.4484766322759,1413846,24.30383308832454,-0.6510243262731585,24.30383308832454,-0.6510243262731585,013712.91-003903.6,2.70537587273118,47.22287544503367,0.0011805097782406,0.0,-1.0,-28.560714743086574,24.921159744262695,2.70537587273118,47.22287544503367,0.0011805097782406,"(46.855, 47.387]"
1464249,209.848046235771,1013.4964722347634,1464249,323.57872377748504,-0.9484847260026344,323.57872377748504,-0.9484847260026344,213418.89-005654.5,2.0161859213451003,47.131283071523505,0.0010992826715927,46.62336891309072,0.0011241703613329,-28.026213703227487,35.466270446777344,2.0161859213451003,47.131283071523505,0.0010992826715927,"(46.855, 47.387]"
1459443,116.60956184268308,370.50405027283136,1459443,332.6561916171299,0.5487369305843436,332.6561916171299,0.5487369305843436,221037.48+003255.4,3.1663299615920417,47.016036914234384,0.0038012646649967,0.0,-1.0,-27.476596300916086,7.356698513031006,3.1663299615920417,47.016036914234384,0.0038012646649967,"(46.855, 47.387]"
1447815,71.12324241297523,404.0300936324406,1447815,354.66486456392755,-0.4067445098933006,354.66486456392755,-0.4067445098933006,233839.56-002424.2,2.983656191907157,46.97152007653604,0.0020699741464014,0.0,-1.0,-27.36943176290159,14.671080589294434,2.983656191907157,46.97152007653604,0.0020699741464014,"(46.855, 47.387]"
1394322,335.1029922678446,1644.3617864104174,1394322,38.28463103515728,-0.4347394007414433,38.28463103515728,-0.4347394007414433,023308.31-002605.0,2.504153051441268,47.04737204209705,0.0012928531876923,0.0,-1.0,-27.737915846318334,16.646934509277344,2.504153051441268,47.04737204209705,0.0012928531876923,"(46.855, 47.387]"
1422728,498.8194524440286,1469.4938690131355,1422728,17.658691,0.748328,17.658691,0.748328,011038.08+004453.9,2.009443555764048,47.03143135853452,0.0027339961900736,46.3557418656998,0.0032787615734655,-27.796882208235058,18.441856384277344,2.009443555764048,47.03143135853452,0.0027339961900736,"(46.855, 47.387]"
1428574,335.6457167094167,1035.8737012672043,1428574,12.988541299474036,0.0651980141863695,12.988541299474036,0.0651980141863695,005157.24+000354.7,1.9547369794635192,47.19707916975104,0.0010141818661502,46.48527194070985,0.0010141818661502,-27.890844369439723,31.97599220275879,1.9547369794635192,47.19707916975104,0.0010141818661502,"(46.855, 47.387]"
1466095,149.92927095433743,1029.9365266707875,1466095,320.29406142186343,-0.8042123752191738,320.29406142186343,-0.8042123752191738,212110.57-004815.1,2.176036998353222,46.88016309061985,0.0017370708648201,46.404405331103526,0.00316064910308,-27.036974541016832,18.923303604125977,2.176036998353222,46.88016309061985,0.0017370708648201,"(46.855, 47.387]"
1446986,138.03403452129805,1049.6672446145446,1446986,356.4231993299435,1.138400449186883,356.4231993299435,1.138400449186883,234541.56+010818.2,3.164651086877392,46.85589352057936,0.0018660645998593,0.0,-1.0,-27.39048657692952,8.006175994873047,3.164651086877392,46.85589352057936,0.0018660645998593,"(46.855, 47.387]"
1450498,104.4317966001402,221.75199669367584,1450498,349.6972746630525,-0.2967087539585748,349.6972746630525,-0.2967087539585748,231847.34-001748.1,2.508191320296344,46.87043355454788,0.0015972711618239,0.0,-1.0,-27.75980018270372,17.396286010742188,2.508191320296344,46.87043355454788,0.0015972711618239,"(46.855, 47.387]"
1409625,728.4290238613551,1818.3288239159488,1409625,27.321273757268607,-0.3615698752942022,27.321273757268607,-0.3615698752942022,014917.10-002141.6,1.6843156622087754,46.87431172929818,0.001749616189933,46.162504500256986,0.001749616189933,-26.82038618349212,20.9827823638916,1.6843156622087754,46.87431172929818,0.001749616189933,"(46.855, 47.387]"
1450017,244.9723234476045,902.6586164746697,1450017,350.60357511224333,-0.1221760705854722,350.60357511224333,-0.1221760705854722,232224.85-000719.8,1.5368840343480215,46.95251212387113,0.0011531985166435,46.24070489482994,0.0011531985166435,-27.334621828069455,27.035337448120117,1.5368840343480215,46.95251212387113,0.0011531985166435,"(46.855, 47.387]"
1399167,81.83141003747839,597.4264246088907,1399167,35.03186474407381,-1.1253106463845384,35.03186474407381,-1.1253106463845384,022007.64-010731.1,3.4452039238770014,47.28552269177563,0.0013918048150856,0.0,-1.0,-28.978049828125506,19.646528244018555,3.4452039238770014,47.28552269177563,0.0013918048150856,"(46.855, 47.387]"
1408343,468.1570232000295,751.6687870833473,1408343,28.33508379376314,0.0222958807176706,28.33508379376314,0.0222958807176706,015320.42+000120.2,1.72361621686939,46.885469146476424,0.0038601607380783,46.17366191743523,0.0038601607380783,-26.61895966767619,10.240490913391113,1.72361621686939,46.885469146476424,0.0038601607380783,"(46.855, 47.387]"
1403703,47.80996445297827,271.50125876714657,1403703,31.882020842109853,1.0635808483862148,31.882020842109853,1.0635808483862148,020731.68+010348.8,3.8318315619130674,46.91116727183577,0.0173602208559628,0.0,-1.0,-27.63245625286602,5.543494701385498,3.8318315619130674,46.91116727183577,0.0173602208559628,"(46.855, 47.387]"
1423433,15.455529389734242,137.62925703078932,1423433,17.094564409608864,0.1966603057904595,17.094564409608864,0.1966603057904595,010822.69+001147.9,3.7068647702249247,46.91412907055644,0.0044304394643788,0.0,-1.0,-27.394637674060093,6.9445271492004395,3.7068647702249247,46.91412907055644,0.0044304394643788,"(46.855, 47.387]"
1455631,229.0580162811744,863.3970864515065,1455631,339.8935672311852,-0.7853415285043828,339.8935672311852,-0.7853415285043828,223934.45-004707.2,2.2205930576479624,47.024788917690465,0.001799653826044,46.40712573555528,0.0031257485656368,-28.259900505453764,24.99427604675293,2.2205930576479624,47.024788917690465,0.001799653826044,"(46.855, 47.387]"
1449058,71.67613000535898,742.7834432839973,1449058,352.4154974670059,-0.821891421666627,352.4154974670059,-0.821891421666627,232939.71-004918.8,1.7355099092000867,46.87961437262658,0.001175011371636,46.167807143585385,0.001175011371636,-27.15378618625822,21.01775550842285,1.7355099092000867,46.87961437262658,0.001175011371636,"(46.855, 47.387]"
1448057,198.0260762448032,532.2441321019166,1448057,354.2480901769102,0.64540442840656,354.2480901769102,0.64540442840656,233659.54+003843.4,2.721529387495583,47.02040830144964,0.0019613358219281,0.0,-1.0,-27.729476715065246,14.256275177001953,2.721529387495583,47.02040830144964,0.0019613358219281,"(46.855, 47.387]"
1405474,48.948038578885566,372.5165914078669,1405474,30.63752483625529,0.2793991603745479,30.63752483625529,0.2793991603745479,020233.00+001645.8,3.501059307741247,46.9490266599733,0.0046411022715773,0.0,-1.0,-27.298207861732234,8.484635353088379,3.501059307741247,46.9490266599733,0.0046411022715773,"(46.855, 47.387]"
1413146,844.8809171987461,1694.0294233268935,1413146,24.82605982159845,-1.033951026839266,24.82605982159845,-1.033951026839266,013918.25-010202.2,1.4795753209536975,47.014555995753874,0.0006987136964013,46.30274876671268,0.0006987136964013,-27.30842355008976,40.611656188964844,1.4795753209536975,47.014555995753874,0.0006987136964013,"(46.855, 47.387]"
1440405,257.8542503453551,653.4880461986694,1440405,3.6820371805609096,-1.201783305690062,3.6820371805609096,-1.201783305690062,001443.68-011206.4,2.712340773976164,46.9210381097517,0.001521806362561,0.0,-1.0,-27.743060762225383,12.78275203704834,2.712340773976164,46.9210381097517,0.001521806362561,"(46.855, 47.387]"
1436329,60.99226919034612,284.7453597491806,1436329,7.068569041396586,-0.8851126964013091,7.068569041396586,-0.8851126964013091,002816.45-005306.4,3.484715103225212,46.86295034416251,0.0042714939825394,0.0,-1.0,-27.334173527663445,6.040340900421143,3.484715103225212,46.86295034416251,0.0042714939825394,"(46.855, 47.387]"
1428836,717.8389690230542,1944.524855166508,1428836,12.760102061419502,-1.045667308746598,12.760102061419502,-1.045667308746598,005102.42-010244.4,1.892490065019573,47.20565388935304,0.0009864415973446,46.493846660311846,0.0009864415973446,-28.197039330985643,34.0196533203125,1.892490065019573,47.20565388935304,0.0009864415973446,"(46.855, 47.387]"
1441988,229.8838605201317,986.9291982049662,1441988,2.300760994720463,0.4037007690030693,2.300760994720463,0.4037007690030693,000912.18+002413.3,2.5027812385331876,47.26186098936178,0.0010329503060937,0.0,-1.0,-28.22760372249622,26.88613510131836,2.5027812385331876,47.26186098936178,0.0010329503060937,"(46.855, 47.387]"
1440401,297.9939583223262,1276.2391450492885,1440401,3.6834668744726287,-0.0051557635454622,3.6834668744726287,-0.0051557635454622,001444.03-000018.5,1.5545024059813204,46.98461429066936,0.0008925268169086,46.27280706162817,0.0008925268169086,-27.386001150730422,36.84416961669922,1.5545024059813204,46.98461429066936,0.0008925268169086,"(46.855, 47.387]"
1453135,63.25858591967423,161.02387668923438,1453135,344.8034647334558,-1.2062425819413558,344.8034647334558,-1.2062425819413558,225912.83-011222.4,3.0432759707895007,46.88898372388368,0.0026569023015703,0.0,-1.0,-27.1044495161707,7.714469909667969,3.0432759707895007,46.88898372388368,0.0026569023015703,"(46.855, 47.387]"
1463950,211.23924052557365,1293.108297522212,1463950,324.09802741230465,-0.5696843836284632,324.09802741230465,-0.5696843836284632,213623.52-003410.8,2.233436851906751,47.12347060014842,0.0018005879240732,46.24875688179356,0.0105059940063547,-27.701842162756623,22.48225975036621,2.233436851906751,47.12347060014842,0.0018005879240732,"(46.855, 47.387]"
1460345,93.0575070347232,526.0635265336966,1460345,330.8499123808784,0.8556249931060275,330.8499123808784,0.8556249931060275,220323.97+005120.2,3.2232156719860523,46.90332790705271,0.003777803598318,0.0,-1.0,-27.498362019565754,10.151154518127441,3.2232156719860523,46.90332790705271,0.003777803598318,"(46.855, 47.387]"
1408805,72.5470884763739,1031.7035152297751,1408805,27.972102652897377,-0.4806343224019445,27.972102652897377,-0.4806343224019445,015153.30-002850.2,1.9947648708985974,47.37857840573713,0.0009766053312958,46.66677117669594,0.0009766053312958,-28.352562836151336,32.7104606628418,1.9947648708985974,47.37857840573713,0.0009766053312958,"(46.855, 47.387]"
1394869,113.59605105738856,288.90377732072204,1394869,37.91472632789669,0.2995538525883139,37.91472632789669,0.2995538525883139,023139.53+001758.3,2.3841963901071908,47.008764469403914,0.0014014455181339,46.12957493955118,0.010376553953904,-27.1965111590822,14.203474998474121,2.3841963901071908,47.008764469403914,0.0014014455181339,"(46.855, 47.387]"
1438433,92.36914646022647,335.0834108665655,1438433,5.321318907879004,-0.4782429336918348,5.321318907879004,-0.4782429336918348,002117.11-002841.6,2.88268292173563,47.122449754996104,0.0021794075056078,0.0,-1.0,-28.06087702776229,17.43975257873535,2.88268292173563,47.122449754996104,0.0021794075056078,"(46.855, 47.387]"
1414898,568.3925667092908,1190.7503995096963,1414898,23.564535424397263,-0.9280521211754164,23.564535424397263,-0.9280521211754164,013415.48-005540.9,1.7565422961358281,46.952231604358595,0.0021495599979317,46.2404243753174,0.0021495599979317,-27.7990858096403,22.06881332397461,1.7565422961358281,46.952231604358595,0.0021495599979317,"(46.855, 47.387]"
1447701,100.43090556551236,542.1571467821503,1447701,354.8750204526907,0.5048007717623313,354.8750204526907,0.5048007717623313,233930.00+003017.2,3.0565624398249724,47.30445295100037,0.0011648280259244,0.0,-1.0,-28.357939289114743,17.136940002441406,3.0565624398249724,47.30445295100037,0.0011648280259244,"(46.855, 47.387]"
1463870,219.58654211752804,1234.3794356465396,1463870,324.20071790484394,-0.2629697342730833,324.20071790484394,-0.2629697342730833,213648.17-001546.6,2.1738209436196914,47.02633536686478,0.0021236369590127,46.35164039686055,0.0019010754653336,-27.283606772027554,24.295957565307617,2.1738209436196914,47.02633536686478,0.0021236369590127,"(46.855, 47.387]"
1414900,45.21123368175346,292.5624152352422,1414900,23.564118247823785,-1.049323311191603,23.564118247823785,-1.049323311191603,013415.38-010257.5,3.428778373732393,46.87501719134241,0.017318706095434,0.0,-1.0,-27.17925588838645,7.1453657150268555,3.428778373732393,46.87501719134241,0.017318706095434,"(46.855, 47.387]"
1402905,322.81586984197247,1295.075258095284,1402905,32.45243362896744,0.457402945825333,32.45243362896744,0.457402945825333,020948.58+002726.6,2.697356705511514,47.17072228816792,0.0014718749640927,0.0,-1.0,-28.331180411585418,21.10703468322754,2.697356705511514,47.17072228816792,0.0014718749640927,"(46.855, 47.387]"
1441652,1216.9983512654946,3147.684465355664,1441652,2.592268585970203,-0.6170147465538623,2.592268585970203,-0.6170147465538623,001022.14-003701.2,3.1517315414930533,47.30397426894334,0.0010462066320151,0.0,-1.0,-28.610707215717095,17.111434936523438,3.1517315414930533,47.30397426894334,0.0010462066320151,"(46.855, 47.387]"
1465296,972.6285850006608,4887.996206636673,1465296,321.6918835629599,-0.0373116746126779,321.6918835629599,-0.0373116746126779,212646.05-000214.3,1.2933650785905049,46.941604615180495,0.0007135848010051,46.2297973861393,0.0007135848010051,-26.70673732401014,33.871856689453125,1.2933650785905049,46.941604615180495,0.0007135848010051,"(46.855, 47.387]"
1437575,29.434544281921823,89.35686839448019,1437575,6.026199267303355,1.2018452090387703,6.026199267303355,1.2018452090387703,002406.28+011206.6,3.295998012520723,46.962605127687695,0.0053839860140207,0.0,-1.0,-27.2044993860138,8.65007495880127,3.295998012520723,46.962605127687695,0.0053839860140207,"(46.855, 47.387]"
1466243,48.47442185904444,166.6254595700505,1466243,320.0262028306336,-0.7353875774619026,320.0262028306336,-0.7353875774619026,212006.28-004407.3,2.051082661394784,46.90841713775776,0.0019472193179232,46.485852743479455,0.0013915792138909,-27.458188942618904,19.9475040435791,2.051082661394784,46.90841713775776,0.0019472193179232,"(46.855, 47.387]"
1443759,265.4304773590402,561.8477674887882,1443759,0.8757681503367429,0.1370081588479992,0.8757681503367429,0.1370081588479992,000330.18+000813.2,2.5950096723758995,46.92694925181796,0.0011644450747958,0.0,-1.0,-27.58062596629169,12.616728782653809,2.5950096723758995,46.92694925181796,0.0011644450747958,"(46.855, 47.387]"
1464333,129.2878128408401,667.0693941638094,1464333,323.4521451187175,1.1672762063883602,323.4521451187175,1.1672762063883602,213348.51+011002.1,2.8276446973605553,46.90369108340201,0.0032175017763584,0.0,-1.0,-27.845132458105226,13.767631530761719,2.8276446973605553,46.90369108340201,0.0032175017763584,"(46.855, 47.387]"
1390809,128.78082404514737,443.360191108064,1390809,40.769527759034816,0.001508904476121,40.769527759034816,0.001508904476121,024304.68+000005.4,2.0052618566566243,46.902545396258525,0.001482083573336,46.364601924065056,0.0025491897817744,-27.631898297375958,29.46354103088379,2.0052618566566243,46.902545396258525,0.001482083573336,"(46.855, 47.387]"
1391088,443.26861323292127,1490.8208853434398,1391088,40.59114352074448,0.8202044553245154,40.59114352074448,0.8202044553245154,024221.87+004912.7,2.0651208894355455,47.10011114633869,0.0040682421608941,46.43318577788418,0.0046788350755839,-27.73780647843729,9.519816398620605,2.0651208894355455,47.10011114633869,0.0040682421608941,"(46.855, 47.387]"
1394415,300.52802818454046,1133.3140997704963,1394415,38.22001551461758,-0.2308763203699243,38.22001551461758,-0.2308763203699243,023252.80-001351.1,2.030906554178247,46.90043911535019,0.0020327628425285,46.1231708991035,0.0026330731856027,-27.094079181728542,20.96322250366211,2.030906554178247,46.90043911535019,0.0020327628425285,"(46.855, 47.387]"
1458203,38.74486597087234,145.4832410750084,1458203,334.9925458004719,0.6192011661937621,334.9925458004719,0.6192011661937621,221958.21+003709.1,3.090241343803768,46.99090368867892,0.0026309305332823,0.0,-1.0,-27.983410865123716,12.535181045532227,3.090241343803768,46.99090368867892,0.0026309305332823,"(46.855, 47.387]"
1459020,214.40934270198773,482.76262421453305,1459020,333.42123594483263,0.2122186106789713,333.42123594483263,0.2122186106789713,221341.09+001243.9,2.2900727913376757,46.86431048938315,0.0019766458181216,46.05638283057944,0.0080845342366515,-27.22509254101275,18.387929916381836,2.2900727913376757,46.86431048938315,0.0019766458181216,"(46.855, 47.387]"
1411060,784.0173835110089,1331.0439345432685,1411060,26.256332460313796,1.0004076982335173,26.256332460313796,1.0004076982335173,014501.51+010001.4,1.9226252928106773,46.98586888175232,0.0020687866690778,46.274061652711126,0.0020687866690778,-27.7386200597837,22.374923706054688,1.9226252928106773,46.98586888175232,0.0020687866690778,"(46.855, 47.387]"
1431360,141.16222073508897,822.2331887787465,1431360,10.84762610243604,-0.2645796880980344,10.84762610243604,-0.2645796880980344,004323.43-001552.4,2.810637399542978,47.24507961592383,0.0014580717820216,0.0,-1.0,-27.933589243042665,11.720329284667969,2.810637399542978,47.24507961592383,0.0014580717820216,"(46.855, 47.387]"
1451318,626.3618886980028,853.169642225235,1451318,348.1740730963907,0.4139827405178826,348.1740730963907,0.4139827405178826,231241.77+002450.3,1.9033416250552513,46.90810092035702,0.0013908613332347,46.19629369131583,0.0013908613332347,-27.25535514158227,20.787689208984375,1.9033416250552513,46.90810092035702,0.0013908613332347,"(46.855, 47.387]"
1392249,223.0176963639057,398.4166293999051,1392249,39.814444572463294,0.0840627332156058,39.814444572463294,0.0840627332156058,023915.46+000502.6,1.7510112691867474,46.9018219891838,0.0051669572199735,46.19001476014261,0.0051669572199735,-26.992304670811347,8.843574523925781,1.7510112691867474,46.9018219891838,0.0051669572199735,"(46.855, 47.387]"
1444244,215.71270291137523,352.64654034536164,1444244,0.4787820759686294,-0.8323542377100576,0.4787820759686294,-0.8323542377100576,000154.90-004956.4,2.825870893639476,47.104283610857394,0.0018449943851948,0.0,-1.0,-28.332805557719116,18.02033042907715,2.825870893639476,47.104283610857394,0.0018449943851948,"(46.855, 47.387]"
1465703,37.23002525904437,250.04133798900355,1465703,320.9898704911296,-0.8972303519633359,320.9898704911296,-0.8972303519633359,212357.56-005350.0,3.5962402694630393,47.37208147841296,0.0115486471191417,0.0,-1.0,-28.608833451069177,13.165985107421875,3.5962402694630393,47.37208147841296,0.0115486471191417,"(46.855, 47.387]"
1462803,34.388886457313504,171.64489764955871,1462803,326.1209160515919,-0.669491241936063,326.1209160515919,-0.669491241936063,214429.01-004010.1,2.7704126345550555,47.06856713818941,0.0012519343874686,0.0,-1.0,-27.6791387526033,21.735780715942383,2.7704126345550555,47.06856713818941,0.0012519343874686,"(46.855, 47.387]"
1388760,98.40324621243084,774.2879159673103,1388760,42.141224431483984,-0.7712164208989322,42.141224431483984,-0.7712164208989322,024833.89-004616.3,1.836834754784531,47.119047538162,0.0016702665760455,46.40724030912081,0.0016702665760455,-27.657325505704584,28.24323844909668,1.836834754784531,47.119047538162,0.0016702665760455,"(46.855, 47.387]"
1448502,182.2047224330665,486.0293307244282,1448502,353.4823127104818,-0.8461194169001738,353.4823127104818,-0.8461194169001738,233355.75-005046.0,2.6613654756897267,46.91805214740642,0.0014716569079951,0.0,-1.0,-26.899675417457576,13.775872230529785,2.6613654756897267,46.91805214740642,0.0014716569079951,"(46.855, 47.387]"
1464647,312.28235804520904,831.2757308641313,1464647,322.856364752849,0.3195741898081355,322.856364752849,0.3195741898081355,213125.52+001910.4,2.1422746747313135,47.05856235126887,0.0015818672958118,46.34582984712667,0.0022771908582299,-27.632914883622423,26.369529724121094,2.1422746747313135,47.05856235126887,0.0015818672958118,"(46.855, 47.387]"
1438347,332.7977345440792,1950.3808829639424,1438347,5.388663467365518,0.7169407927103736,5.388663467365518,0.7169407927103736,002133.27+004300.9,1.2462629077495178,46.91922405280321,0.0007397131944131,46.20741682376202,0.0007397131944131,-27.161639706869973,37.44572448730469,1.2462629077495178,46.91922405280321,0.0007397131944131,"(46.855, 47.387]"
1424977,111.0690015825189,723.7897422144603,1424977,15.925774184770404,0.8309523686054039,15.925774184770404,0.8309523686054039,010342.18+004951.4,3.4468310777681834,47.19491827192828,0.0031981442442301,0.0,-1.0,-28.13755327407094,12.675636291503906,3.4468310777681834,47.19491827192828,0.0031981442442301,"(46.855, 47.387]"
1435917,145.15247864101818,426.35852988365855,1435917,7.405577629692061,0.2368946414516938,7.405577629692061,0.2368946414516938,002937.33+001412.8,2.565581047170606,46.920502841225236,0.0017187429043623,0.0,-1.0,-27.74298648988252,13.36778736114502,2.565581047170606,46.920502841225236,0.0017187429043623,"(46.855, 47.387]"
1429470,267.51351942931313,709.5711944413497,1429470,12.234769900761762,0.946705508128352,12.234769900761762,0.946705508128352,004856.34+005648.1,2.327079213041556,47.28895954109601,0.0011254167236494,46.53647955910411,0.0044863671828174,-28.245765809570635,29.79937171936035,2.327079213041556,47.28895954109601,0.0011254167236494,"(46.855, 47.387]"
1395971,25.431711575879003,123.74295039732564,1395971,37.18702299522374,0.4083465060300563,37.18702299522374,0.4083465060300563,022844.88+002430.0,3.4943718158191515,46.96157024710137,0.0073641686049761,0.0,-1.0,-27.404306873530707,9.03744125366211,3.4943718158191515,46.96157024710137,0.0073641686049761,"(46.855, 47.387]"
1415499,648.8420059133432,1866.7151101203915,1415499,23.147063,-0.451337,23.147063,-0.451337,013235.29-002704.8,1.3356937986914568,47.137605417780144,0.0007123533312096,46.42579818873895,0.0007123533312096,-27.98566634296959,31.068798065185547,1.3356937986914568,47.137605417780144,0.0007123533312096,"(46.855, 47.387]"
1459046,1034.663242246137,3111.795473951187,1459046,333.3623106542614,0.6461061863562833,333.3623106542614,0.6461061863562833,221326.95+003845.9,2.523588683675461,46.86047893431541,0.0060342410121982,0.0,-1.0,-27.498520514362276,20.945058822631836,2.523588683675461,46.86047893431541,0.0060342410121982,"(46.855, 47.387]"
1413402,36.75705423901673,337.55452548218943,1413402,24.638851837053277,-0.7423602481691556,24.638851837053277,-0.7423602481691556,013833.32-004432.4,2.0268740875965454,46.98864548119914,0.0018627649552378,45.84498688962451,0.0029589349607448,-28.08640429630676,17.414302825927734,2.0268740875965454,46.98864548119914,0.0018627649552378,"(46.855, 47.387]"
1408814,649.0373464893935,2085.9472921006864,1408814,27.96650557164724,1.00311900767689,27.96650557164724,1.00311900767689,015151.96+010011.2,2.5117009885968766,47.065126983353615,0.0013987548732323,0.0,-1.0,-26.56154310679736,16.722017288208008,2.5117009885968766,47.065126983353615,0.0013987548732323,"(46.855, 47.387]"
1426435,165.64506910465897,434.8813408671115,1426435,14.77500784812644,0.4643345080276865,14.77500784812644,0.4643345080276865,005906.00+002751.6,2.6304069259137304,46.91213311597375,0.0018085417758193,0.0,-1.0,-27.239297231549124,12.272560119628906,2.6304069259137304,46.91213311597375,0.0018085417758193,"(46.855, 47.387]"
1410792,694.0663684214476,1365.5480594851035,1410792,26.452329053204664,-0.1368307379005116,26.452329053204664,-0.1368307379005116,014548.55-000812.5,2.800210864222253,46.91430158720599,0.0010130691523464,0.0,-1.0,-28.117378634129086,21.366134643554688,2.800210864222253,46.91430158720599,0.0010130691523464,"(46.855, 47.387]"
1394213,519.4824474945898,3638.487609736081,1394213,38.35554436436439,0.4874551885967194,38.35554436436439,0.4874551885967194,023325.33+002914.8,2.0135106827966474,46.910231275000264,0.0016564029395134,45.97972319197355,0.0025768559381447,-27.50909066153834,22.222078323364258,2.0135106827966474,46.910231275000264,0.0016564029395134,"(46.855, 47.387]"
1431891,186.99233836091872,781.1466671194847,1431891,10.480352698503992,0.6839264439434349,10.480352698503992,0.6839264439434349,004155.28+004102.1,2.5578177371387634,47.04313250367834,0.0025034041061466,0.0,-1.0,-27.086345335154704,14.364359855651855,2.5578177371387634,47.04313250367834,0.0025034041061466,"(46.855, 47.387]"
1440661,118.92313925349814,311.1501302769471,1440661,3.4664298130718976,-0.9891322743306364,3.4664298130718976,-0.9891322743306364,001351.94-005920.8,2.8449135877488474,46.913961355213765,0.0027387227500277,0.0,-1.0,-27.525115434740897,11.832297325134277,2.8449135877488474,46.913961355213765,0.0027387227500277,"(46.855, 47.387]"
1458446,119.41542408410048,291.68202808484483,1458446,334.4854203245727,0.5957265706481935,334.4854203245727,0.5957265706481935,221756.50+003544.6,2.9018245579080664,47.04882494197116,0.0018948232505877,0.0,-1.0,-27.351982539754268,11.727981567382812,2.9018245579080664,47.04882494197116,0.0018948232505877,"(46.855, 47.387]"
1452413,163.33379699468497,553.1948063582704,1452413,346.095163332791,1.075445911739155,346.095163332791,1.075445911739155,230422.83+010431.6,2.8899116332120536,46.92947926712249,0.0018337328849682,0.0,-1.0,-27.43471443231613,13.96540641784668,2.8899116332120536,46.92947926712249,0.0018337328849682,"(46.855, 47.387]"
1421667,328.17550398760227,1004.677329050541,1421667,18.5490383855098,0.1887034487970195,18.5490383855098,0.1887034487970195,011411.76+001119.3,1.5339927000498712,46.88450717160615,0.0010140557722699,46.17269994256496,0.0010140557722699,-26.933646305323293,21.040691375732422,1.5339927000498712,46.88450717160615,0.0010140557722699,"(46.855, 47.387]"
1460197,2775.0707746151884,3418.1609901463457,1460197,331.1886401711725,0.5283004919863019,331.1886401711725,0.5283004919863019,220445.27+003141.8,1.5993339798083432,47.35984116193641,0.000773193279933,46.64803393289522,0.000773193279933,2.0,35.1245231628418,1.5993339798083432,47.35984116193641,0.000773193279933,"(46.855, 47.387]"
1401470,28.67132397952333,107.62417705392738,1401470,33.46502605012623,-0.8139321701280147,33.46502605012623,-0.8139321701280147,021351.60-004850.1,3.5215419480885752,47.16544308694624,0.0042836449133751,0.0,-1.0,-27.778003300111763,10.196388244628906,3.5215419480885752,47.16544308694624,0.0042836449133751,"(46.855, 47.387]"
1451282,59.44492059189644,158.7525802354339,1451282,348.2461406829792,1.1348976332291734,348.2461406829792,1.1348976332291734,231259.07+010805.6,3.293619302799207,46.943240979288305,0.0068844135923846,0.0,-1.0,-27.369551079603667,5.63160514831543,3.293619302799207,46.943240979288305,0.0068844135923846,"(46.855, 47.387]"
1416826,454.9707979461547,609.463224276627,1416826,22.174473585723376,-0.5547676488963688,22.174473585723376,-0.5547676488963688,012841.87-003317.1,1.6635728641487266,47.00853981762788,0.0011778560811457,46.296732588586686,0.0011778560811457,-27.149114945379075,27.095792770385742,1.6635728641487266,47.00853981762788,0.0011778560811457,"(46.855, 47.387]"
1448826,26.933709851652168,180.5434711812585,1448826,352.875340803783,0.2754843742519186,352.875340803783,0.2754843742519186,233130.08+001631.7,2.6823578301248023,46.86640047366912,0.0028187621400483,0.0,-1.0,-27.07580842172376,9.528307914733887,2.6823578301248023,46.86640047366912,0.0028187621400483,"(46.855, 47.387]"
1439792,112.5137197254968,173.4987064971846,1439792,4.171556457158857,1.0125605451478945,4.171556457158857,1.0125605451478945,001641.17+010045.2,3.047404607185056,46.96423765438529,0.0029474395153066,0.0,-1.0,-27.489369769615468,10.475017547607422,3.047404607185056,46.96423765438529,0.0029474395153066,"(46.855, 47.387]"
1397014,94.5018411363796,519.0626201381214,1397014,36.47855894461094,0.9144119732285492,36.47855894461094,0.9144119732285492,022554.85+005451.8,2.9725675340916418,47.234364264670404,0.0007721141643699,0.0,-1.0,-28.12978837890442,18.825794219970703,2.9725675340916418,47.234364264670404,0.0007721141643699,"(46.855, 47.387]"
1426955,128.4936914116454,378.5020185337395,1426955,14.320836422857926,-0.4092329403987703,14.320836422857926,-0.4092329403987703,005717.00-002433.2,2.769063016177635,46.886139778063395,0.00233671564607,0.0,-1.0,-27.500565732685892,12.059072494506836,2.769063016177635,46.886139778063395,0.00233671564607,"(46.855, 47.387]"
1397101,240.0640561393173,753.0417912165208,1397101,36.41847816310445,0.9558137744115892,36.41847816310445,0.9558137744115892,022540.43+005720.9,2.0183565277502966,46.86868446996914,0.0019601080714899,46.03693141950095,0.0028455469191293,-26.74083981271799,21.12828254699707,2.0183565277502966,46.86868446996914,0.0019601080714899,"(46.855, 47.387]"
1416296,76.28008873739499,155.98780378060644,1416296,22.55958767377092,-0.1108992235303176,22.55958767377092,-0.1108992235303176,013014.30-000639.2,2.4287327446277454,47.22079759425801,0.0009944743772756,46.44373020594197,0.0069658845762177,-28.167247846545933,29.396949768066406,2.4287327446277454,47.22079759425801,0.0009944743772756,"(46.855, 47.387]"
1392572,178.8762948222637,444.3752287659161,1392572,39.5802996748607,-0.5081468904442835,39.5802996748607,-0.5081468904442835,023819.27-003029.3,2.6031818479207365,46.881839536434164,0.0019410598870202,0.0,-1.0,-26.99159486914723,13.488936424255371,2.6031818479207365,46.881839536434164,0.0019410598870202,"(46.855, 47.387]"
1398572,159.2197277422501,407.5643717671036,1398572,35.429959059337605,-0.3010973543037143,35.429959059337605,-0.3010973543037143,022143.19-001803.9,2.639937993101595,46.95928840759111,0.0017509938051709,0.0,-1.0,-27.647987238460566,15.979928970336914,2.639937993101595,46.95928840759111,0.0017509938051709,"(46.855, 47.387]"
1463004,17.892095382230835,86.19550902880233,1463004,325.7804990173227,-0.6944629318256687,325.7804990173227,-0.6944629318256687,214307.31-004140.0,3.030798346390148,46.87059989406938,0.0077439162884829,0.0,-1.0,-27.125243311780782,7.513769626617432,3.030798346390148,46.87059989406938,0.0077439162884829,"(46.855, 47.387]"
1420305,263.48078319784486,624.0730660965979,1420305,19.61717827436864,-0.2303343238696059,19.61717827436864,-0.2303343238696059,011828.12-001349.2,2.567562784766769,46.917594645200545,0.0016369613989191,0.0,-1.0,-27.144873869713244,13.912407875061035,2.567562784766769,46.917594645200545,0.0016369613989191,"(46.855, 47.387]"
1392559,52.801647666005074,181.2737430143192,1392559,39.5871019966956,0.2388057024425074,39.5871019966956,0.2388057024425074,023820.90+001419.7,2.800256399216041,47.01424756366802,0.0014260611377174,0.0,-1.0,-27.836223329463046,18.700395584106445,2.800256399216041,47.01424756366802,0.0014260611377174,"(46.855, 47.387]"
1437716,729.4868004298658,1588.646410239142,1437716,5.9064656075987045,0.5242890732206041,5.9064656075987045,0.5242890732206041,002337.55+003127.4,2.4152162097928507,46.92403351448158,0.001979264664591,46.31111609887604,0.0086307131482463,-27.51711571113952,17.347503662109375,2.4152162097928507,46.92403351448158,0.001979264664591,"(46.855, 47.387]"
1466207,1191.3205942548773,3081.828326048701,1466207,320.10743863263804,-0.3300047256868628,320.10743863263804,-0.3300047256868628,212025.78-001948.0,2.582348420462815,47.2100266137657,0.0012403883784593,0.0,-1.0,-28.62059188866039,18.55106544494629,2.582348420462815,47.2100266137657,0.0012403883784593,"(46.855, 47.387]"
1410617,36.53602587605032,178.41069888378544,1410617,26.583228727488013,-0.7746694865301036,26.583228727488013,-0.7746694865301036,014619.97-004628.8,3.1735381785990144,46.95321116756993,0.0039181437104254,0.0,-1.0,-28.003380749549073,9.272035598754883,3.1735381785990144,46.95321116756993,0.0039181437104254,"(46.855, 47.387]"
1414484,281.3404227558556,960.8326021452336,1414484,23.8199226240763,-0.9010761425125284,23.8199226240763,-0.9010761425125284,013516.78-005403.8,2.763566879885877,46.94381719404627,0.0015563056287106,0.0,-1.0,-27.873059699426623,13.2639799118042,2.763566879885877,46.94381719404627,0.0015563056287106,"(46.855, 47.387]"
1444588,45.338946622396186,177.41444315329258,1444588,0.1934336829085623,1.2391170207856108,0.1934336829085623,1.2391170207856108,000046.42+011420.8,3.7410103361170974,46.97425653232085,0.0040857972827588,0.0,-1.0,-27.602982373483343,5.588431358337402,3.7410103361170974,46.97425653232085,0.0040857972827588,"(46.855, 47.387]"
1429374,627.0501433268058,1329.889368013934,1429374,12.32907112977758,0.4359644444690301,12.32907112977758,0.4359644444690301,004918.97+002609.4,1.949609740768269,47.04476896749418,0.0011878637849456,46.33296173845299,0.0011878637849456,-27.676507547315826,39.223201751708984,1.949609740768269,47.04476896749418,0.0011878637849456,"(46.855, 47.387]"
1460933,166.5410338182599,309.092298718631,1460933,329.7473150177527,1.0298817173599664,329.7473150177527,1.0298817173599664,215859.35+010147.5,2.4447023537345594,47.27455183668254,0.0011123298757915,46.561196129985184,0.0090848668114666,-28.027347798588185,27.417768478393555,2.4447023537345594,47.27455183668254,0.0011123298757915,"(46.855, 47.387]"
1426357,12.93803914052468,66.55989224258808,1426357,14.844380164539531,0.0503972958473319,14.844380164539531,0.0503972958473319,005922.65+000301.4,4.170903730105587,47.24171530478595,0.0077091592012124,0.0,-1.0,-28.352104901970545,7.617019176483154,4.170903730105587,47.24171530478595,0.0077091592012124,"(46.855, 47.387]"
1412399,319.554971788882,647.9134616193378,1412399,25.3460058150952,-0.4061211506409921,25.3460058150952,-0.4061211506409921,014123.04-002422.0,2.612639248171324,47.10674519562866,0.0007039980229386,0.0,-1.0,-28.23318825063794,20.060930252075195,2.612639248171324,47.10674519562866,0.0007039980229386,"(46.855, 47.387]"
1405183,325.26768762659725,1682.7018463980855,1405183,30.86372141633342,0.6606089849921013,30.86372141633342,0.6606089849921013,020327.29+003938.1,2.295228565456529,47.177294942455795,0.0012401443819207,46.41273663595432,0.0023881610635605,-27.719317530182053,25.317914962768555,2.295228565456529,47.177294942455795,0.0012401443819207,"(46.855, 47.387]"
1394312,13.4205625457765,124.2203205136468,1394312,38.29007352856945,-0.5167344870829654,38.29007352856945,-0.5167344870829654,023309.61-003100.2,3.537071024253217,46.95344341951064,0.0045544401897608,0.0,-1.0,-27.679350562528978,10.195052146911621,3.537071024253217,46.95344341951064,0.0045544401897608,"(46.855, 47.387]"
1429277,206.2849092446598,508.4605086462351,1429277,12.4129839901002,-0.1165022921769795,12.4129839901002,-0.1165022921769795,004939.11-000659.4,3.0371746766307544,47.073917577231576,0.0026168439998706,0.0,-1.0,-27.667858155853008,14.539444923400879,3.0371746766307544,47.073917577231576,0.0026168439998706,"(46.855, 47.387]"
1424419,407.58630943869287,817.4596448624736,1424419,16.3487313164773,-0.4274522894061556,16.3487313164773,-0.4274522894061556,010523.69-002538.8,2.1547135525612227,47.03073032783394,0.0020489928390325,45.83977220222528,0.0095175617509077,-27.319969117022016,14.050664901733398,2.1547135525612227,47.03073032783394,0.0020489928390325,"(46.855, 47.387]"
1415374,77.84563799982071,286.7659288543756,1415374,23.235869207928296,0.0984966671518389,23.235869207928296,0.0984966671518389,013256.60+000554.5,1.811717899994807,46.90632925057158,0.0016293449543063,46.19452202153039,0.0016293449543063,-27.044036532465096,19.957704544067383,1.811717899994807,46.90632925057158,0.0016293449543063,"(46.855, 47.387]"
1440223,82.09894626856041,207.65908887448148,1440223,3.835611672636446,0.454614605989338,3.835611672636446,0.454614605989338,001520.54+002716.6,3.6924910446315224,47.3552697233046,0.0028502323410961,0.0,-1.0,-28.715684662986483,17.933956146240234,3.6924910446315224,47.3552697233046,0.0028502323410961,"(46.855, 47.387]"
1427630,21.42305339301965,157.63671025393015,1427630,13.804798949913147,-0.9392335077352644,13.804798949913147,-0.9392335077352644,005513.15-005621.2,3.609988198570137,46.96717824374029,0.0083769440803571,0.0,-1.0,-28.068570034657206,6.811020374298096,3.609988198570137,46.96717824374029,0.0083769440803571,"(46.855, 47.387]"
1434480,815.2176295078563,1886.8453786048017,1434480,8.554357326991294,-1.0074726808865808,8.554357326991294,-1.0074726808865808,003413.04-010026.9,1.2943006421804328,46.945680105887554,0.0006946226265078,46.23387287684636,0.0006946226265078,-27.730563743705783,39.67122268676758,1.2943006421804328,46.945680105887554,0.0006946226265078,"(46.855, 47.387]"
1428025,116.65011046720316,424.5190449010732,1428025,13.479844117428796,-0.0526001245507412,13.479844117428796,-0.0526001245507412,005355.16-000309.3,1.7146836083406773,46.91718317189639,0.0012264725771196,46.2053759428552,0.0012264725771196,-27.236992447753792,24.100566864013672,1.7146836083406773,46.91718317189639,0.0012264725771196,"(46.855, 47.387]"
1403772,99.3091260805981,284.7492965020051,1403772,31.831895956698133,-0.3333002918991126,31.831895956698133,-0.3333002918991126,020719.65-001959.8,3.400965169231,47.154940620863464,0.0021693395056558,0.0,-1.0,-28.45972489139787,11.139211654663086,3.400965169231,47.154940620863464,0.0021693395056558,"(46.855, 47.387]"
1460708,112.64356344135231,348.18243863521747,1460708,330.1704829667378,0.1422942920724619,330.1704829667378,0.1422942920724619,220040.91+000832.2,3.129582729762579,47.1007432859466,0.0026912240145087,0.0,-1.0,-28.176504407002238,16.642261505126953,3.129582729762579,47.1007432859466,0.0026912240145087,"(46.855, 47.387]"
1451217,184.8585676432311,1092.279444015188,1451217,348.3447877591504,-1.0521727456686334,348.3447877591504,-1.0521727456686334,231322.74-010307.8,2.5391848471584164,47.24154718988574,0.0009056495632933,0.0,-1.0,-28.416556778770374,24.201730728149414,2.5391848471584164,47.24154718988574,0.0009056495632933,"(46.855, 47.387]"
1447172,158.69280793196296,838.4348568330554,1447172,355.9734687365067,-0.7474197319982462,355.9734687365067,-0.7474197319982462,234353.63-004450.7,3.2194710805400497,47.20464863275648,0.0016610822697202,0.0,-1.0,-27.9734496117971,20.235021591186523,3.2194710805400497,47.20464863275648,0.0016610822697202,"(46.855, 47.387]"
1459211,264.71706190904723,695.7188469844825,1459211,333.0719954740622,0.5408252184918076,333.0719954740622,0.5408252184918076,221217.27+003226.9,2.2697808755044284,46.98174183222847,0.0012531125001444,46.31185868013868,0.0033828615523745,-28.229522694633477,25.465301513671875,2.2697808755044284,46.98174183222847,0.0012531125001444,"(46.855, 47.387]"
1413980,99.79530017435732,397.8161850926137,1413980,24.197256683044493,-0.7908441534622469,24.197256683044493,-0.7908441534622469,013647.34-004727.0,2.9804000186517703,46.87543708695599,0.0035003486964839,0.0,-1.0,-27.04185678951955,8.917461395263672,2.9804000186517703,46.87543708695599,0.0035003486964839,"(46.855, 47.387]"
1398423,124.76567936249003,404.0136080058341,1398423,35.52310635655921,0.7264452194236349,35.52310635655921,0.7264452194236349,022205.54+004335.2,2.5355602229536998,46.907231630993046,0.0016511790691211,0.0,-1.0,-27.750457040097643,16.857433319091797,2.5355602229536998,46.907231630993046,0.0016511790691211,"(46.855, 47.387]"
1441686,642.3206273084627,1818.1453084283944,1441686,2.568722289456572,0.2076838352279736,2.568722289456572,0.2076838352279736,001016.49+001227.6,2.2770441574066957,47.11025392379542,0.0015997701506051,46.222736727410194,0.0046579127352792,-27.819995045935748,22.101253509521484,2.2770441574066957,47.11025392379542,0.0015997701506051,"(46.855, 47.387]"
1429154,31.69195657550553,251.34594000662813,1429154,12.500384782260596,-0.535457621199811,12.500384782260596,-0.535457621199811,005000.09-003207.6,3.4435410317513613,46.909263228008406,0.0032009129160641,0.0,-1.0,-27.420834550895123,10.29086685180664,3.4435410317513613,46.909263228008406,0.0032009129160641,"(46.855, 47.387]"
1390131,25.813172751783963,215.3916299505832,1390131,41.238263230375935,-1.136083214492806,41.238263230375935,-1.136083214492806,024457.18-010809.8,3.9954453382534982,47.24033459961291,0.0029071040466099,0.0,-1.0,-29.160284717801243,15.607563018798828,3.9954453382534982,47.24033459961291,0.0029071040466099,"(46.855, 47.387]"
1432534,48.63946629195204,189.08746351524672,1432534,10.014467697563076,0.5838628110307332,10.014467697563076,0.5838628110307332,004003.47+003501.9,2.7653898942085804,47.09899141799878,0.0015233211021907,0.0,-1.0,-27.77694321366885,23.71053695678711,2.7653898942085804,47.09899141799878,0.0015233211021907,"(46.855, 47.387]"
1450607,65.06891714444056,318.75461590869,1450607,349.4885903450957,0.8795148624710808,349.4885903450957,0.8795148624710808,231757.26+005246.2,3.3585364029220517,46.94146882386647,0.0044458746026698,0.0,-1.0,-27.125957223447895,7.582669258117676,3.3585364029220517,46.94146882386647,0.0044458746026698,"(46.855, 47.387]"
1465042,120.0788471874568,292.89294487440105,1465042,322.1840771565433,1.1188308528825128,322.1840771565433,1.1188308528825128,212844.17+010707.7,2.857066769008277,46.95219314281841,0.0018659233130655,0.0,-1.0,-27.86218193887435,16.963172912597656,2.857066769008277,46.95219314281841,0.0018659233130655,"(46.855, 47.387]"
1417177,273.673260684883,495.3922105524117,1417177,21.951321391624464,-0.2258556423724128,21.951321391624464,-0.2258556423724128,012748.31-001333.0,2.074045385238526,46.96994494328485,0.0033826204407851,46.53293474924286,0.0015452091265082,-28.27168688937414,21.977218627929688,2.074045385238526,46.96994494328485,0.0033826204407851,"(46.855, 47.387]"
1427723,82.17971592884697,648.0105031904462,1427723,13.72848975624496,-0.7122455648413695,13.72848975624496,-0.7122455648413695,005454.83-004244.0,2.2259815999889248,47.1903207221553,0.0013281622617498,46.30065690767523,0.0044716447525274,-28.207689748936083,24.03866195678711,2.2259815999889248,47.1903207221553,0.0013281622617498,"(46.855, 47.387]"
1458237,54.228670132858376,178.93218004409712,1458237,334.9377860152769,0.6189225892901561,334.9377860152769,0.6189225892901561,221945.06+003708.1,3.544534357882664,47.158788709547586,0.0040998635770854,0.0,-1.0,-28.233848320280288,11.935050010681152,3.544534357882664,47.158788709547586,0.0040998635770854,"(46.855, 47.387]"
1388470,99.17965620955714,203.2063488135917,1388470,42.34654068276376,-0.1388499971031895,42.34654068276376,-0.1388499971031895,024923.16-000819.8,2.5072510920088114,46.90492734174767,0.0014379726407014,0.0,-1.0,-27.656501950697354,14.852712631225586,2.5072510920088114,46.90492734174767,0.0014379726407014,"(46.855, 47.387]"
1438276,186.2396497547085,540.2826156746046,1438276,5.444655628014607,-0.8133300573555233,5.444655628014607,-0.8133300573555233,002146.71-004847.9,2.5059259889010854,47.1073016861369,0.0014389516468895,0.0,-1.0,-27.644852887214657,18.9630184173584,2.5059259889010854,47.1073016861369,0.0014389516468895,"(46.855, 47.387]"
1417759,78.81516208297873,606.0231189253815,1417759,21.509197172663733,-0.3233808781496927,21.509197172663733,-0.3233808781496927,012602.20-001924.1,1.764946750327751,46.965329024258565,0.001983289275472,46.253521795217374,0.001983289275472,-27.411774558715276,17.18448257446289,1.764946750327751,46.965329024258565,0.001983289275472,"(46.855, 47.387]"
1392784,34.88563938083677,149.8431924716489,1392784,39.42122872701778,0.7269560175461024,39.42122872701778,0.7269560175461024,023741.09+004337.0,3.3651373400310454,46.960210281059865,0.0115638714173016,0.0,-1.0,-27.37560013085628,6.133688926696777,3.3651373400310454,46.960210281059865,0.0115638714173016,"(46.855, 47.387]"
1434463,489.0740472948211,1981.250366154108,1434463,8.569213271286856,0.3780833500800485,8.569213271286856,0.3780833500800485,003416.61+002241.1,1.6311648744039213,47.06374653771664,0.0004980361286577,46.35193930867545,0.0004980361286577,-27.933409340892883,35.130043029785156,1.6311648744039213,47.06374653771664,0.0004980361286577,"(46.855, 47.387]"
1451694,265.01471877987365,1415.6970525950262,1451694,347.49804936386533,0.927053098950516,347.49804936386533,0.927053098950516,230959.53+005537.3,2.426350281162299,47.182001548623255,0.0010960544238827,46.49520165289759,0.010025599061251,-28.00325080062108,26.375568389892578,2.426350281162299,47.182001548623255,0.0010960544238827,"(46.855, 47.387]"
1441006,154.50814181915325,458.6950329043375,1441006,3.167672751423652,0.4093480742994251,3.167672751423652,0.4093480742994251,001240.24+002433.6,2.626953748549292,47.10759671978942,0.0011712032967317,0.0,-1.0,-27.934255021477043,20.821231842041016,2.626953748549292,47.10759671978942,0.0011712032967317,"(46.855, 47.387]"
1464889,45.11338965461523,187.28450758109912,1464889,322.43021466383794,0.5015565418095715,322.43021466383794,0.5015565418095715,212943.25+003005.6,2.6820261671103607,46.92475352219125,0.0015453864070451,0.0,-1.0,-27.77209721763965,15.682208061218262,2.6820261671103607,46.92475352219125,0.0015453864070451,"(46.855, 47.387]"
1464704,102.49899087772766,373.2090118675318,1464704,322.74271680508383,1.2042082104459122,322.74271680508383,1.2042082104459122,213058.25+011215.1,1.763636279128373,47.013869057555944,0.0013390698371829,46.30206182851475,0.0013390698371829,-27.6385998779529,28.11248016357422,1.763636279128373,47.013869057555944,0.0013390698371829,"(46.855, 47.387]"
1447081,186.85601811358163,1762.721115124711,1447081,356.1789690960622,-0.227643395546874,356.1789690960622,-0.227643395546874,234442.95-001339.5,1.3519477076147437,47.19973671217218,0.0007268304220993,46.48792948313099,0.0007268304220993,-27.893517881808897,51.492469787597656,1.3519477076147437,47.19973671217218,0.0007268304220993,"(46.855, 47.387]"
1447820,227.11618263623907,601.8085200114012,1447820,354.6592529641061,-0.587172737710683,354.6592529641061,-0.587172737710683,233838.22-003513.8,2.6963517072788283,46.97577558615487,0.0017873650971047,0.0,-1.0,-27.50087078514844,18.972898483276367,2.6963517072788283,46.97577558615487,0.0017873650971047,"(46.855, 47.387]"
1453050,479.2903678436764,1363.2283104996009,1453050,344.9546291989925,-0.1150870469127041,344.9546291989925,-0.1150870469127041,225949.11-000654.3,1.9720838549369906,46.890078408436544,0.0018890493001606,46.17827117939535,0.0018890493001606,-26.864053186235395,23.65076446533203,1.9720838549369906,46.890078408436544,0.0018890493001606,"(46.855, 47.387]"
1460821,117.73177857444264,591.4375699500571,1460821,329.9482292576079,0.878001491475877,329.9482292576079,0.878001491475877,215947.57+005240.8,2.624969140971212,47.153019279346545,0.0011529766726816,0.0,-1.0,-27.67850269638133,21.90573501586914,2.624969140971212,47.153019279346545,0.0011529766726816,"(46.855, 47.387]"
1424562,90.81566333057847,459.366978359736,1424562,16.242509495695778,-1.0868923343307462,16.242509495695778,-1.0868923343307462,010458.20-010512.8,2.9441945946153765,47.052229679325464,0.0015617784631949,0.0,-1.0,-27.775576697059027,12.918333053588867,2.9441945946153765,47.052229679325464,0.0015617784631949,"(46.855, 47.387]"
1421207,344.818512794244,570.1161944847418,1421207,18.91690753581192,-0.5579681924900595,18.91690753581192,-0.5579681924900595,011540.05-003328.6,1.6046085960467675,46.9400799529701,0.0007439414618879,46.22827272392891,0.0007439414618879,-27.301649333960924,30.395902633666992,1.6046085960467675,46.9400799529701,0.0007439414618879,"(46.855, 47.387]"
1414957,484.5956755323963,1338.1227734637732,1414957,23.524047002515164,0.8526117351168292,23.524047002515164,0.8526117351168292,013405.77+005109.4,1.517198049566118,46.87846614592366,0.0013643066209141,46.16665891688247,0.0013643066209141,-26.91924832896952,31.86526870727539,1.517198049566118,46.87846614592366,0.0013643066209141,"(46.855, 47.387]"
1406787,59.929851934869774,562.8749536632329,1406787,29.582383176251028,-0.2061590487123441,29.582383176251028,-0.2061590487123441,015819.77-001222.1,3.2934454917605387,47.251836578170824,0.0023966526617726,0.0,-1.0,-28.412240797153906,15.30057430267334,3.2934454917605387,47.251836578170824,0.0023966526617726,"(46.855, 47.387]"
1453228,15.950589576080594,125.07315950172122,1453228,344.617394114448,0.388873989364359,344.617394114448,0.388873989364359,225828.17+002319.9,3.0952135802270737,46.94090035929412,0.0031085348489661,0.0,-1.0,-27.644258427319848,10.542277336120605,3.0952135802270737,46.94090035929412,0.0031085348489661,"(46.855, 47.387]"
1404825,16.80079300146338,130.2141128771922,1404825,31.11584311519062,-1.210992359889829,31.11584311519062,-1.210992359889829,020427.80-011239.5,3.939826912604264,47.09705119120467,0.0104283281480306,0.0,-1.0,-27.863363688416204,7.741518497467041,3.939826912604264,47.09705119120467,0.0104283281480306,"(46.855, 47.387]"
1452886,190.9805204646575,499.5480466140585,1452886,345.2370784363088,-0.8596444432589041,345.2370784363088,-0.8596444432589041,230056.89-005134.7,3.1677070145423913,47.06908711808833,0.0040023915217126,0.0,-1.0,-27.741910173064706,10.81210994720459,3.1677070145423913,47.06908711808833,0.0040023915217126,"(46.855, 47.387]"
1407046,41.009988176295685,111.8444861150239,1407046,29.37411921138694,0.0427304850549018,29.37411921138694,0.0427304850549018,015729.78+000233.8,3.6173316778013858,46.99297015646733,0.0021970658421679,0.0,-1.0,-28.26165491147901,9.533781051635742,3.6173316778013858,46.99297015646733,0.0021970658421679,"(46.855, 47.387]"
1444567,16.983890158946494,97.9288247050088,1444567,0.2148571737190003,0.200716278043639,0.2148571737190003,0.200716278043639,000051.56+001202.5,3.8681793292103905,46.88981990881023,0.0101412076480933,0.0,-1.0,-27.58720009271915,3.4400293827056885,3.8681793292103905,46.88981990881023,0.0101412076480933,"(46.855, 47.387]"
1413737,2012.717027243677,3182.9154903174986,1413737,24.38433964694553,-0.5811272864892267,24.38433964694553,-0.5811272864892267,013732.24-003452.0,1.8115286675301372,46.924917224230384,0.0017552081865908,46.21310999518919,0.0017552081865908,-27.70665396344113,28.620752334594727,1.8115286675301372,46.924917224230384,0.0017552081865908,"(46.855, 47.387]"
1447631,218.0203612224693,513.9420792967936,1447631,355.01151833154995,-0.8783596896013036,355.01151833154995,-0.8783596896013036,234002.76-005242.0,2.266296733161336,46.94848209591452,0.0015520202193748,46.15980176195816,0.0044709682759567,-27.496270463332422,20.595905303955078,2.266296733161336,46.94848209591452,0.0015520202193748,"(46.855, 47.387]"
1464242,392.1656768844716,1098.2614425833135,1464242,323.59272489162373,0.8139700230367063,323.59272489162373,0.8139700230367063,213422.25+004850.2,2.3409968019649217,46.8784125715605,0.0024979038829329,46.14341266220655,0.0053990202710672,-27.298292479659523,15.93108081817627,2.3409968019649217,46.8784125715605,0.0024979038829329,"(46.855, 47.387]"
1413512,271.05153189032376,520.9638925368355,1413512,24.56057875069217,0.0010064307415116,24.56057875069217,0.0010064307415116,013814.53+000003.6,2.144602259137814,46.89443283309311,0.0017241164207426,46.10315997511109,0.0048205834606953,-27.185838646767536,18.079345703125,2.144602259137814,46.89443283309311,0.0017241164207426,"(46.855, 47.387]"
1465762,22.94012747693692,197.52201728928105,1465762,320.900123408137,0.9378640423667018,320.900123408137,0.9378640423667018,212336.02+005616.3,4.32306007971774,47.188565430812304,0.0072661534833002,0.0,-1.0,-27.58952421849707,4.382914066314697,4.32306007971774,47.188565430812304,0.0072661534833002,"(46.855, 47.387]"
1465574,310.3845826422991,1833.0073073189228,1465574,321.2094704698296,1.0325249624183863,321.2094704698296,1.0325249624183863,212450.27+010157.0,1.7364177349632468,46.867562195623805,0.0021292018742613,46.15575496658261,0.0021292018742613,-27.58476083596315,26.147993087768555,1.7364177349632468,46.867562195623805,0.0021292018742613,"(46.855, 47.387]"
1450471,15.686445020692243,90.4835171633111,1450471,349.7440075924052,-0.8471176877154231,349.7440075924052,-0.8471176877154231,231858.56-005049.6,3.203905960963149,46.99347278225935,0.0040566432607853,0.0,-1.0,-27.7383104045902,11.619391441345215,3.203905960963149,46.99347278225935,0.0040566432607853,"(46.855, 47.387]"
1445388,47.027835997171664,711.4305817126456,1445388,359.120682684444,-0.6005804959892057,359.120682684444,-0.6005804959892057,235628.96-003602.0,2.9517027456471223,47.189385219820835,0.0010131066016469,0.0,-1.0,-28.061700458036086,33.59658432006836,2.9517027456471223,47.189385219820835,0.0010131066016469,"(46.855, 47.387]"
1447157,640.0150801538647,1767.847641551864,1447157,356.0129709724478,0.6344971069075171,356.0129709724478,0.6344971069075171,234403.11+003804.1,1.2459971879821958,47.17984512887103,0.0006552686819674,46.46803789982984,0.0006552686819674,-27.736894071513117,57.740535736083984,1.2459971879821958,47.17984512887103,0.0006552686819674,"(46.855, 47.387]"
1423409,1243.5751582504677,4339.421732596038,1423409,17.11186874370881,-0.6233778415362206,17.11186874370881,-0.6233778415362206,010826.84-003724.1,1.3723230320027797,46.996252476264914,0.0008588040019148,46.28444524722372,0.0008588040019148,-27.71788565102615,37.66746520996094,1.3723230320027797,46.996252476264914,0.0008588040019148,"(46.855, 47.387]"
1435901,787.827228617127,1833.2938997433555,1435901,7.416745986212678,1.0912594289159057,7.416745986212678,1.0912594289159057,002940.01+010528.5,1.386214631720441,46.93109071588452,0.0010102698028049,46.21928348684333,0.0010102698028049,-27.348689235173413,30.876249313354492,1.386214631720441,46.93109071588452,0.0010102698028049,"(46.855, 47.387]"
1393696,41.5531598986154,219.9851752465273,1393696,38.71575943392096,0.009385339354661,38.71575943392096,0.009385339354661,023451.78+000033.7,2.256802092106376,46.884238917663545,0.0017527554283773,46.043263521523016,0.0085395690681835,-27.23547133472836,15.558775901794434,2.256802092106376,46.884238917663545,0.0017527554283773,"(46.855, 47.387]"
1392089,35.181740547585164,289.77560414124923,1392089,39.92616005050545,0.108906056685438,39.92616005050545,0.108906056685438,023942.27+000632.0,3.6237469879801867,47.0243483314076,0.0202398668230756,0.0,-1.0,-28.04541375517746,12.309549331665039,3.6237469879801867,47.0243483314076,0.0202398668230756,"(46.855, 47.387]"
1448521,58.61263231312949,153.63466284381605,1448521,353.45518471755423,-0.5654553455456811,353.45518471755423,-0.5654553455456811,233349.24-003355.6,2.0055012080153993,46.886318193721934,0.0023420340689241,46.10632700447013,0.0024787464882898,-27.239077164204275,19.58493423461914,2.0055012080153993,46.886318193721934,0.0023420340689241,"(46.855, 47.387]"
1451845,539.9609366195148,2072.2464263010183,1451845,347.2312164640208,0.6182340183828721,347.2312164640208,0.6182340183828721,230855.49+003705.6,1.795254655636589,47.27060743256633,0.0005667086898277,46.55880020352514,0.0005667086898277,-28.332823781522443,46.06949234008789,1.795254655636589,47.27060743256633,0.0005667086898277,"(46.855, 47.387]"
1440356,497.0110591043317,1101.6109572369771,1440356,3.7223626229401816,-0.4743381077302398,3.7223626229401816,-0.4743381077302398,001453.36-002827.6,1.9210795397770264,46.883616320944284,0.0020153654372983,46.17180909190309,0.0020153654372983,-26.87065879265245,17.451513290405273,1.9210795397770264,46.883616320944284,0.0020153654372983,"(46.855, 47.387]"
1412596,63.77003409207432,276.414726777893,1412596,25.21096168114823,-0.7347456052548654,25.21096168114823,-0.7347456052548654,014050.63-004405.0,1.6712633665311503,47.12014851159149,0.000828555601231,46.408341282550296,0.000828555601231,-27.836831585546058,41.8711051940918,1.6712633665311503,47.12014851159149,0.000828555601231,"(46.855, 47.387]"
1466324,307.66579306120246,1901.851322459514,1466324,319.8452956237523,-0.2593809727274461,319.8452956237523,-0.2593809727274461,211922.87-001533.7,1.5294242177594013,46.932642985814724,0.0007534018354569,46.22083575677353,0.0007534018354569,-27.34752322241178,27.554689407348633,1.5294242177594013,46.932642985814724,0.0007534018354569,"(46.855, 47.387]"
1444283,150.78623747977645,393.7949227295528,1444283,0.4447586689545915,0.6663000957608401,0.4447586689545915,0.6663000957608401,000146.74+003958.6,2.8950905778254814,46.9616471824963,0.0022602529916966,0.0,-1.0,-27.575489084292144,14.1936674118042,2.8950905778254814,46.9616471824963,0.0022602529916966,"(46.855, 47.387]"
1434211,19.50071620486597,422.4634029126284,1434211,8.76572074355363,0.2782290355881121,8.76572074355363,0.2782290355881121,003503.77+001641.6,2.6725424981686454,47.35423329203216,0.0009521363960836,0.0,-1.0,-28.769812408039254,33.745033264160156,2.6725424981686454,47.35423329203216,0.0009521363960836,"(46.855, 47.387]"
1420118,465.4831314165922,1558.478579357312,1420118,19.751351600403765,-0.0324438898234933,19.751351600403765,-0.0324438898234933,011900.32-000156.7,2.738026121677338,47.169413688751135,0.0011796972374256,0.0,-1.0,-28.45458687099555,21.331798553466797,2.738026121677338,47.169413688751135,0.0011796972374256,"(46.855, 47.387]"
1398141,92.1403132853844,470.49678666041353,1398141,35.69361894522669,-0.8100557592753136,35.69361894522669,-0.8100557592753136,022246.46-004836.2,1.5501595655928317,47.14929141419714,0.0012974032866139,46.437484185155945,0.0012974032866139,-27.825088118312696,46.08634567260742,1.5501595655928317,47.14929141419714,0.0012974032866139,"(46.855, 47.387]"
1425482,79.56126341140934,284.87538222776163,1425482,15.53767404131223,0.3062924457795898,15.53767404131223,0.3062924457795898,010209.04+001822.6,2.290148373140406,46.947349299978036,0.0017442451626301,46.19140074907736,0.0043082429889231,-27.127968330519188,20.157886505126953,2.290148373140406,46.947349299978036,0.0017442451626301,"(46.855, 47.387]"
1443383,10.695618972578012,90.44210008425205,1443383,1.197451523948386,-0.6948362150920355,1.197451523948386,-0.6948362150920355,000447.38-004141.4,3.569319843355381,46.85955234033645,0.0067047935526147,0.0,-1.0,-27.40362131964801,5.233837127685547,3.569319843355381,46.85955234033645,0.0067047935526147,"(46.855, 47.387]"
1388730,371.881513282906,1265.1611451041383,1388730,42.16993440845968,-0.5967480177131372,42.16993440845968,-0.5967480177131372,024840.78-003548.2,2.251135664262,47.06367869505773,0.0018646494573104,46.34965602730326,0.0084340637559101,-27.50258184048591,22.016931533813477,2.251135664262,47.06367869505773,0.0018646494573104,"(46.855, 47.387]"
1449881,836.7138859538248,3220.0499089118184,1449881,350.85342274205584,0.7378762667713505,350.85342274205584,0.7378762667713505,232324.82+004416.3,1.4101374262869046,47.11990425005642,0.0004272647961265,46.40809702101523,0.0004272647961265,-28.006614334984068,44.563228607177734,1.4101374262869046,47.11990425005642,0.0004272647961265,"(46.855, 47.387]"
1445372,268.9158787988838,884.8297574696577,1445372,359.15012668672887,0.9505095197885136,359.15012668672887,0.9505095197885136,235636.03+005701.8,2.5738060565894227,46.86351517579479,0.002433210481648,0.0,-1.0,-27.03084582628196,12.678093910217285,2.5738060565894227,46.86351517579479,0.002433210481648,"(46.855, 47.387]"
1437724,188.89432139535924,710.4217176181176,1437724,5.9002702805365175,-0.1786155958545217,5.9002702805365175,-0.1786155958545217,002336.06-001043.0,2.688254246677346,46.92334083323108,0.0020827174488715,0.0,-1.0,-26.9665326773676,13.20486068725586,2.688254246677346,46.92334083323108,0.0020827174488715,"(46.855, 47.387]"
1407986,299.9983345447639,582.7903144835163,1407986,28.623983264363677,0.4528963154986612,28.623983264363677,0.4528963154986612,015429.75+002710.4,2.13819537130289,46.8790322369752,0.0021847246987043,46.21992785620479,0.0038391771716987,-27.301896779602263,15.578217506408691,2.13819537130289,46.8790322369752,0.0021847246987043,"(46.855, 47.387]"
1428663,764.392873582697,1871.91914715652,1428663,12.897034058776242,-1.1192180736857185,12.897034058776242,-1.1192180736857185,005135.28-010709.1,1.5737642818956488,47.221823236341514,0.000822368374429,46.51001600730032,0.000822368374429,-27.920881944966766,42.985870361328125,1.5737642818956488,47.221823236341514,0.000822368374429,"(46.855, 47.387]"
1443303,147.16227320435752,543.9885759256713,1443303,1.252248,1.039124,1.252248,1.039124,000500.53+010220.8,2.130860792462769,47.04934592388463,0.0040255754721698,0.0,-1.0,-27.626127354631898,14.364385604858398,2.130860792462769,47.04934592388463,0.0040255754721698,"(46.855, 47.387]"
1424541,17.119790025538546,126.5601381812254,1424541,16.255007655381096,0.110074464534697,16.255007655381096,0.110074464534697,010501.20+000636.2,3.694358977586568,46.96238010022592,0.0137873683911706,0.0,-1.0,-27.386637743227816,6.800952911376953,3.694358977586568,46.96238010022592,0.0137873683911706,"(46.855, 47.387]"
1393919,59.02309987525811,340.6081313859566,1393919,38.56524965314031,1.1095875696192818,38.56524965314031,1.1095875696192818,023415.65+010634.5,3.1197899301412595,46.87730659949062,0.0034142781109203,0.0,-1.0,-27.593847971750748,10.858426094055176,3.1197899301412595,46.87730659949062,0.0034142781109203,"(46.855, 47.387]"
1445560,70.77492784579383,347.99495449031355,1445560,358.85743557032487,1.0306354354166791,358.85743557032487,1.0306354354166791,235525.78+010150.2,3.323032360590636,47.014921919018114,0.003582672811671,0.0,-1.0,-27.70492673269124,10.054502487182617,3.323032360590636,47.014921919018114,0.003582672811671,"(46.855, 47.387]"
1438375,1783.9867993599764,3643.8612921853032,1438375,5.366202028311989,1.0722965965312594,5.366202028311989,1.0722965965312594,002127.88+010420.2,1.8300815984862862,46.85906518072808,0.0016580403141333,46.14725795168689,0.0016580403141333,-27.131691718537894,21.951038360595703,1.8300815984862862,46.85906518072808,0.0016580403141333,"(46.855, 47.387]"
