object_id,chi_sq_g,chi_sq_all,objectId,RA,DEC,RA,DEC,SDSS_NAME,Z_SYS,LOGLBOL,LOGLBOL_ERR,LOGL3000,LOGL3000_ERR,M_I,SN_MEDIAN_ALL,Z,LOGLBOL_CALC,LOGLBOL_ERR_CALC,LOGLBOL_bin
1390699,178.794197677596,357.88745412939846,1390699,40.8442339046592,0.1788796260375232,40.8442339046592,0.1788796260375232,024322.61+001043.9,0.37378777592758217,44.505707637496904,0.0068102160274392,43.79390040845571,0.0068102160274392,-22.583585941126202,10.220864295959473,0.37378777592758217,44.505707637496904,0.0068102160274392,"(44.197, 44.729]"
1427008,318.13295900364045,292.6555096258831,1427008,14.272232277272138,-0.4491223205292143,14.272232277272138,-0.4491223205292143,005705.33-002656.8,0.3617959881554245,44.29358629575116,0.0098279648945407,43.58177906670997,0.0098279648945407,-21.899577724147708,6.300124645233154,0.3617959881554245,44.29358629575116,0.0098279648945407,"(44.197, 44.729]"
1396578,30.22870613028429,47.02962189548597,1396578,36.7799574380821,0.4646453829630622,36.7799574380821,0.4646453829630622,022707.18+002752.7,0.4777494736055518,44.444909515349075,0.0090102210562719,43.73310228630788,0.0090102210562719,-21.92388403171975,5.576944351196289,0.4777494736055518,44.444909515349075,0.0090102210562719,"(44.197, 44.729]"
1451092,38.65374976832,59.103692120862966,1451092,348.63492092189693,-0.2140512699848618,348.63492092189693,-0.2140512699848618,231432.38-001250.5,0.5832343811865807,44.6667071402882,0.0090273998811696,43.95489991124701,0.0090273998811696,-21.9687181417463,3.3748745918273926,0.5832343811865807,44.6667071402882,0.0090273998811696,"(44.197, 44.729]"
1452847,398.06409821715073,680.2494484443531,1452847,345.3113232156141,0.9094585222647682,345.3113232156141,0.9094585222647682,230114.71+005434.0,0.4433408682943974,44.60598635857291,0.0045861516680396,43.89417912953172,0.0045861516680396,-22.177135215220705,3.326714515686035,0.4433408682943974,44.60598635857291,0.0045861516680396,"(44.197, 44.729]"
1390879,68.87433348000201,123.60664869122128,1390879,40.72233038429248,-0.7552823358862156,40.72233038429248,-0.7552823358862156,024253.35-004519.0,0.7373316413505767,44.70086268579447,0.0075555033504386,43.98905545675328,0.0075555033504386,-22.260015058827445,3.3240301609039307,0.7373316413505767,44.70086268579447,0.0075555033504386,"(44.197, 44.729]"
1426833,98.15006516070622,61.44069122359268,1426833,14.41935832414731,-1.0330210421323267,14.41935832414731,-1.0330210421323267,005740.64-010158.8,0.4469533147054152,44.300378633827734,0.0115022579343886,43.58857140478654,0.0115022579343886,-21.822063466962046,4.538074016571045,0.4469533147054152,44.300378633827734,0.0115022579343886,"(44.197, 44.729]"
1412270,41.80882007982581,93.22821396003692,1412270,25.41641050758051,-0.2088336050327968,25.41641050758051,-0.2088336050327968,014139.93-001231.8,0.384014510508191,44.53744293087015,0.006658488126721,43.82563570182896,0.006658488126721,-22.525826210874392,11.707292556762695,0.384014510508191,44.53744293087015,0.006658488126721,"(44.197, 44.729]"
1445096,37.44140862892109,296.3005355176174,1445096,359.57860184597666,-0.1554082591943484,359.57860184597666,-0.1554082591943484,235818.86-000919.4,0.4021521017615669,44.48823708502023,0.0043385765188403,43.77642985597904,0.0043385765188403,-22.93066244479542,10.278098106384277,0.4021521017615669,44.48823708502023,0.0043385765188403,"(44.197, 44.729]"
1451519,1573.075971725841,2455.629640149044,1451519,347.83791303469087,0.8593925922656764,347.83791303469087,0.8593925922656764,231121.09+005133.8,0.48301985617965915,44.67569680770437,0.0091931417662465,43.96388957866318,0.0091931417662465,-22.918008169277698,5.872695446014404,0.48301985617965915,44.67569680770437,0.0091931417662465,"(44.197, 44.729]"
1391229,42.557863870960496,68.09471100735686,1391229,40.51092450018234,0.3201318549236085,40.51092450018234,0.3201318549236085,024202.62+001912.4,0.41318112802020596,44.554369453774015,0.0075365725453693,43.84256222473282,0.0075365725453693,-22.156875932389486,7.443018913269043,0.41318112802020596,44.554369453774015,0.0075365725453693,"(44.197, 44.729]"
1421519,24.710130899945195,75.8549436839839,1421519,18.66509246033991,-0.3751332729986336,18.66509246033991,-0.3751332729986336,011439.62-002230.4,0.44943341718236385,44.50564238438668,0.0062743413447776,43.79383515534549,0.0062743413447776,-21.567496409876586,6.566097259521484,0.44943341718236385,44.50564238438668,0.0062743413447776,"(44.197, 44.729]"
1394022,137.1601951941088,142.5018064909409,1394022,38.48990088540096,-0.6674855905228928,38.48990088540096,-0.6674855905228928,023357.57-004002.9,0.4929865124845954,44.31091932143675,0.0088524028426526,43.59911209239556,0.0088524028426526,-22.608762968289465,4.715363502502441,0.4929865124845954,44.31091932143675,0.0088524028426526,"(44.197, 44.729]"
1427609,156.3831248773541,261.6953690481988,1427609,13.815891259761443,-0.7801645472493529,13.815891259761443,-0.7801645472493529,005515.81-004648.5,0.34510838538691674,44.299691972798115,0.0054970368131286,43.58788474375692,0.0054970368131286,-21.940335259649146,8.221428871154785,0.34510838538691674,44.299691972798115,0.0054970368131286,"(44.197, 44.729]"
1412258,11.996862611072912,120.7731662715614,1412258,25.423306928855027,-0.4852133470461147,25.423306928855027,-0.4852133470461147,014141.59-002906.7,0.6551268328162431,44.64789681927284,0.0095029829962633,43.936089590231646,0.0095029829962633,-23.058419342986593,4.5912933349609375,0.6551268328162431,44.64789681927284,0.0095029829962633,"(44.197, 44.729]"
1450246,46.20876974030971,87.26908905822735,1450246,350.198188459341,0.080706841916229,350.198188459341,0.080706841916229,232047.56+000450.5,0.4502492018650426,44.32438702804827,0.0090225884926731,43.61257979900708,0.0090225884926731,-21.846035265478253,3.689439535140991,0.4502492018650426,44.32438702804827,0.0090225884926731,"(44.197, 44.729]"
1462948,21.0010523232002,61.38215089650583,1462948,325.87961495725966,1.128236798066688,325.87961495725966,1.128236798066688,214331.10+010741.6,0.5516700807339758,44.57262294792895,0.008454584258569,43.86081571888776,0.008454584258569,-21.993729373745907,3.4934873580932617,0.5516700807339758,44.57262294792895,0.008454584258569,"(44.197, 44.729]"
1407541,316.1470058231827,793.7418911067717,1407541,28.965554983686104,-0.1182104115547617,28.965554983686104,-0.1182104115547617,015551.73-000705.5,0.36329621846002896,44.630407068118714,0.0095398906036834,43.91859983907752,0.0095398906036834,-22.519409992825846,7.263492107391357,0.36329621846002896,44.630407068118714,0.0095398906036834,"(44.197, 44.729]"
1446697,158.5403801639634,232.96141828066447,1446697,356.94761100873274,0.2269303421197094,356.94761100873274,0.2269303421197094,234747.42+001336.9,0.42900316694343943,44.610901653274475,0.0107014599592645,43.89909442423328,0.0107014599592645,-22.736004092903496,8.14578914642334,0.42900316694343943,44.610901653274475,0.0107014599592645,"(44.197, 44.729]"
1432632,30.843422112123008,72.46562125548354,1432632,9.940963843607731,1.1041841624022526,9.940963843607731,1.1041841624022526,003945.83+010615.0,0.4203588212171452,44.41572204231727,0.0081696136485263,43.70391481327608,0.0081696136485263,-22.00693402456245,5.700075149536133,0.4203588212171452,44.41572204231727,0.0081696136485263,"(44.197, 44.729]"
1406180,448.6894023685613,370.9474304734082,1406180,30.100497,0.093224,30.100497,0.093224,020024.11+000535.6,0.39345686560018006,44.700877978040495,0.0149767086981071,43.9890707489993,0.0149767086981071,-22.55772120088707,4.769665241241455,0.39345686560018006,44.700877978040495,0.0149767086981071,"(44.197, 44.729]"
1413218,365.3763944299391,981.3971944646952,1413218,24.77823294452986,-0.9818778111850288,24.77823294452986,-0.9818778111850288,013906.77-005854.7,0.4459135409295912,44.64854505331428,0.0120648753799521,43.93673782427309,0.0120648753799521,-23.097543929886395,7.952769756317139,0.4459135409295912,44.64854505331428,0.0120648753799521,"(44.197, 44.729]"
1407705,24.203788105892528,309.74092905416904,1407705,28.84041,-0.697178,28.84041,-0.697178,015521.69-004149.8,0.2694628325504183,44.201982068240554,0.0183428252316595,43.49017483919936,0.0183428252316595,-22.80377251175481,13.451129913330078,0.2694628325504183,44.201982068240554,0.0183428252316595,"(44.197, 44.729]"
1419088,28.81894884157056,37.551912568396325,1419088,20.503328087308617,-0.3537853657843933,20.503328087308617,-0.3537853657843933,012200.79-002113.6,0.578135381723779,44.611589532090065,0.0055698070375456,43.89978230304887,0.0055698070375456,-21.771045523366453,4.703813552856445,0.578135381723779,44.611589532090065,0.0055698070375456,"(44.197, 44.729]"
1412371,122.79392901367189,452.0374587316859,1412371,25.356815153302485,0.132124942652813,25.356815153302485,0.132124942652813,014125.63+000755.6,0.3229271969305513,44.25793474351623,0.0139951230254951,43.54612751447504,0.0139951230254951,-22.223944479989722,11.962298393249512,0.3229271969305513,44.25793474351623,0.0139951230254951,"(44.197, 44.729]"
1410330,12.428987665845863,10.247637656704248,1410330,26.80485823746983,-0.4390388977155963,26.80485823746983,-0.4390388977155963,014713.16-002620.5,0.6686032608154879,44.60315556078663,0.0115671102935444,43.89134833174544,0.0115671102935444,-22.37531520216205,3.179940938949585,0.6686032608154879,44.60315556078663,0.0115671102935444,"(44.197, 44.729]"
1418245,205.8527879518249,173.96559317790656,1418245,21.1347328354297,0.1095748742993902,21.1347328354297,0.1095748742993902,012432.33+000634.4,0.4651010413349091,44.67949367678053,0.0080594202143373,43.96768644773934,0.0080594202143373,-22.28208406594801,6.842967987060547,0.4651010413349091,44.67949367678053,0.0080594202143373,"(44.197, 44.729]"
1414541,15.749006624826132,112.25514357305596,1414541,23.786461615085784,1.2472360692516435,23.786461615085784,1.2472360692516435,013508.75+011450.0,0.33478199782632323,44.22562525655355,0.0073904964315758,43.51381802751236,0.0073904964315758,-22.172344198922286,8.680365562438965,0.33478199782632323,44.22562525655355,0.0073904964315758,"(44.197, 44.729]"
1397112,50.55144240584752,93.4122744688883,1397112,36.406470884045405,-0.5026593484091937,36.406470884045405,-0.5026593484091937,022537.55-003009.5,0.4053104645841524,44.71815136177085,0.0062920228150957,44.00634413272966,0.0062920228150957,-22.06520609097284,7.288164138793945,0.4053104645841524,44.71815136177085,0.0062920228150957,"(44.197, 44.729]"
1415243,61.012700763477895,132.92532866281468,1415243,23.33779390077708,0.5913390598592337,23.33779390077708,0.5913390598592337,013321.07+003528.8,0.5693247947448148,44.63976888057129,0.0127061520738571,43.9279616515301,0.0127061520738571,-22.48931070238367,4.1308465003967285,0.5693247947448148,44.63976888057129,0.0127061520738571,"(44.197, 44.729]"
1456226,16.05370298473051,81.02022428419711,1456226,338.66156928936624,-0.6381829310952309,338.66156928936624,-0.6381829310952309,223438.77-003817.4,0.3680235601167131,44.27446880532818,0.0175487246447438,43.56266157628699,0.0175487246447438,-22.061589928150816,6.613555431365967,0.3680235601167131,44.27446880532818,0.0175487246447438,"(44.197, 44.729]"
1416519,13.95307413681166,71.0057868607883,1416519,22.38699580493094,0.5432921935244956,22.38699580493094,0.5432921935244956,012932.87+003235.8,0.48436358486513104,44.28381342732236,0.0153842724433026,43.572006198281166,0.0153842724433026,-22.057107519862853,5.0551438331604,0.48436358486513104,44.28381342732236,0.0153842724433026,"(44.197, 44.729]"
1411255,29.75050948350737,72.04414039136086,1411255,26.128802150360684,1.177288633896989,26.128802150360684,1.177288633896989,014430.91+011038.2,0.4937571402634072,44.58611956516376,0.0050282501093157,43.87431233612257,0.0050282501093157,-22.129383962063006,6.504674434661865,0.4937571402634072,44.58611956516376,0.0050282501093157,"(44.197, 44.729]"
1464420,74.96000688300245,103.9455468343434,1464420,323.2830622905672,-1.166951063868543,323.2830622905672,-1.166951063868543,213307.93-011001.0,0.5376571872034337,44.64877724023754,0.0108507576430127,43.93697001119635,0.0108507576430127,-22.431948452871126,3.097275972366333,0.5376571872034337,44.64877724023754,0.0108507576430127,"(44.197, 44.729]"
1411656,96.90370644932902,158.93794182346667,1411656,25.831651536942275,-0.0043786592796755,25.831651536942275,-0.0043786592796755,014319.59-000015.7,0.6169984855283445,44.70797565889687,0.0066512634368578,43.99616842985568,0.0066512634368578,-21.823874445579705,4.2323808670043945,0.6169984855283445,44.70797565889687,0.0066512634368578,"(44.197, 44.729]"
1445948,154.38209331747206,493.07060647993086,1445948,358.21615259863336,0.6374915348152149,358.21615259863336,0.6374915348152149,235251.87+003814.9,0.27264014946519105,44.37433435732499,0.0052244129058749,43.6625271282838,0.0052244129058749,-22.69774487484005,18.699787139892578,0.27264014946519105,44.37433435732499,0.0052244129058749,"(44.197, 44.729]"
1445681,12.244439665940948,39.90800497434408,1445681,358.6544210181954,-0.1611126400003812,358.6544210181954,-0.1611126400003812,235437.06-000940.0,0.5736977543179089,44.57401111081859,0.0084048135546765,43.8622038817774,0.0084048135546765,-21.987185100074868,5.947277069091797,0.5736977543179089,44.57401111081859,0.0084048135546765,"(44.197, 44.729]"
1418021,177.09556842600918,628.1393735804443,1418021,21.31377532319395,-1.08649603995174,21.31377532319395,-1.08649603995174,012515.30-010511.3,0.38839435916384374,44.51815517823653,0.0065844156001624,43.80634794919534,0.0065844156001624,-22.377302899142922,7.729626655578613,0.38839435916384374,44.51815517823653,0.0065844156001624,"(44.197, 44.729]"
1452507,13.351065907543934,397.4657103497465,1452507,345.95344913934093,0.7774403915500524,345.95344913934093,0.7774403915500524,230348.82+004638.7,0.4125779923768099,44.45821723304141,0.0128126741199672,43.74641000400022,0.0128126741199672,-22.844595591050062,8.586990356445312,0.4125779923768099,44.45821723304141,0.0128126741199672,"(44.197, 44.729]"
1426391,34.36690460852642,140.15904237913463,1426391,14.818280469333262,0.5262227272304896,14.818280469333262,0.5262227272304896,005916.38+003134.4,0.4190647191186039,44.707971612108764,0.0093392098777727,43.99616438306757,0.0093392098777727,-22.160630516724847,7.551995754241943,0.4190647191186039,44.707971612108764,0.0093392098777727,"(44.197, 44.729]"
1409721,107.4104182801226,58.180191313013616,1409721,27.248195590826924,-0.5210284609769139,27.248195590826924,-0.5210284609769139,014859.56-003115.7,0.5817221141581124,44.456138701314856,0.0111742234232679,43.744331472273664,0.0111742234232679,-22.16837473905116,4.1495256423950195,0.5817221141581124,44.456138701314856,0.0111742234232679,"(44.197, 44.729]"
1415459,24.57052961767081,55.54077609470036,1415459,23.169483511657745,0.6818673198154198,23.169483511657745,0.6818673198154198,013240.67+004054.7,0.359388822448309,44.24987760287953,0.0085920142406124,43.53807037383834,0.0085920142406124,-21.481584129877906,5.667261123657227,0.359388822448309,44.24987760287953,0.0085920142406124,"(44.197, 44.729]"
1440415,16.295238538489055,81.2390219197768,1440415,3.6736518179870927,-0.5777289902020674,3.6736518179870927,-0.5777289902020674,001441.67-003439.8,0.47803512120307695,44.40492533433391,0.0097130003380989,43.69311810529272,0.0097130003380989,-22.436284769375007,5.185502052307129,0.47803512120307695,44.40492533433391,0.0097130003380989,"(44.197, 44.729]"
1395535,134.76188392314612,155.76439641687213,1395535,37.46328906827148,1.1415190736769767,37.46328906827148,1.1415190736769767,022951.18+010829.4,0.24698603995449905,44.35906784115427,0.0110579074186425,43.64726061211308,0.0110579074186425,-21.489610456757145,10.401470184326172,0.24698603995449905,44.35906784115427,0.0110579074186425,"(44.197, 44.729]"
1417521,170.4168926210688,601.2300227770847,1417521,21.70788034971173,-0.2510786653653459,21.70788034971173,-0.2510786653653459,012649.89-001503.8,0.2990837209829508,44.505378171300954,0.0177333679609468,43.79357094225976,0.0177333679609468,-21.845964930936038,11.691961288452148,0.2990837209829508,44.505378171300954,0.0177333679609468,"(44.197, 44.729]"
1450841,30.856135772993262,65.87454408353348,1450841,349.0950831819635,-0.2267967295023181,349.0950831819635,-0.2267967295023181,231622.82-001336.4,0.41154696435845733,44.47011324874659,0.0175664785821041,43.7583060197054,0.0175664785821041,-21.664352594671623,6.6514081954956055,0.41154696435845733,44.47011324874659,0.0175664785821041,"(44.197, 44.729]"
1394135,113.33857338004806,174.01841141166025,1394135,38.40774090257821,-1.0769002110516812,38.40774090257821,-1.0769002110516812,023337.85-010436.8,0.4824303238111471,44.623932275084805,0.0088444427188072,43.91212504604361,0.0088444427188072,-22.537509732351232,3.977604389190674,0.4824303238111471,44.623932275084805,0.0088444427188072,"(44.197, 44.729]"
1417303,25.99482320523902,174.56243906316914,1417303,21.864652079268176,0.5293435302650594,21.864652079268176,0.5293435302650594,012727.51+003145.6,0.3810976412574484,44.359138171633035,0.0055967782024133,43.64733094259184,0.0055967782024133,-22.124526604383405,9.822834968566895,0.3810976412574484,44.359138171633035,0.0055967782024133,"(44.197, 44.729]"
1411806,13.042680984935078,30.484267769363512,1411806,25.73028490335969,-0.4530629437165357,25.73028490335969,-0.4530629437165357,014255.26-002711.0,0.47251323544075413,44.48621384145685,0.0077895421465754,43.77440661241566,0.0077895421465754,-21.950188007621637,4.9570183753967285,0.47251323544075413,44.48621384145685,0.0077895421465754,"(44.197, 44.729]"
1391061,25.42654137556981,52.55706070894934,1391061,40.607798153919006,-0.6951796595237896,40.607798153919006,-0.6951796595237896,024225.87-004142.6,0.3834244348747198,44.43260214407398,0.0128126176902121,43.72079491503279,0.0128126176902121,-21.959196179699276,5.455080986022949,0.3834244348747198,44.43260214407398,0.0128126176902121,"(44.197, 44.729]"
1424557,49.6330249008623,174.76723331592422,1424557,16.24573553159023,0.9557560284592432,16.24573553159023,0.9557560284592432,010458.97+005720.7,0.6650171757787723,44.728100735364194,0.0093558275298271,44.016293506323,0.0093558275298271,-23.345309352652205,3.3418128490448,0.6650171757787723,44.728100735364194,0.0093558275298271,"(44.197, 44.729]"
1407531,113.04774903936544,120.82337539514867,1407531,28.969313,-0.653886,28.969313,-0.653886,015552.63-003913.9,0.42218124883142594,44.41628703454146,0.0196019475012434,43.70447980550027,0.0196019475012434,-22.83160377516781,3.754692316055298,0.42218124883142594,44.41628703454146,0.0196019475012434,"(44.197, 44.729]"
1444481,35.463906192693564,71.02779330265521,1444481,0.2813571625387112,0.4404623200066832,0.2813571625387112,0.4404623200066832,000107.52+002625.6,0.5167930014635432,44.540634889407514,0.0090846096574708,43.82882766036632,0.0090846096574708,-21.917249863422597,4.091902732849121,0.5167930014635432,44.540634889407514,0.0090846096574708,"(44.197, 44.729]"
1446212,57.61635248877724,95.52030312760957,1446212,357.80470192461485,0.6406069192659042,357.80470192461485,0.6406069192659042,235113.12+003826.1,0.5559384731204179,44.553815580172106,0.0069843081427158,43.842008351130914,0.0069843081427158,-22.329511391815306,5.8445634841918945,0.5559384731204179,44.553815580172106,0.0069843081427158,"(44.197, 44.729]"
1432021,84.36081502926238,270.54063261260893,1432021,10.392369,1.005271,10.392369,1.005271,004134.16+010018.9,0.48773720636711176,44.67544446832871,0.0163406793088753,43.96363723928752,0.0163406793088753,-23.00436997046518,3.4172332286834717,0.48773720636711176,44.67544446832871,0.0163406793088753,"(44.197, 44.729]"
1425724,146.10843623931672,442.4560750154506,1425724,15.34851504571579,1.0126029244686443,15.34851504571579,1.0126029244686443,010123.64+010045.3,0.2749920641181456,44.41900008627221,0.0082361011230105,43.70719285723102,0.0082361011230105,-21.870626196491596,16.94802474975586,0.2749920641181456,44.41900008627221,0.0082361011230105,"(44.197, 44.729]"
1449873,19.44377098746486,131.1171665225553,1449873,350.871532,0.763435,350.871532,0.763435,232329.16+004548.3,0.4523249489478328,44.69005150868171,0.010462800876553,43.97824427964052,0.010462800876553,-22.90722828906374,4.328155994415283,0.4523249489478328,44.69005150868171,0.010462800876553,"(44.197, 44.729]"
1410901,66.45243341136978,258.73766897055344,1410901,26.382079,0.638755,26.382079,0.638755,014531.69+003819.5,0.46074587938408024,44.68940393209747,0.0293042997615415,43.97759670305628,0.0293042997615415,-22.53839099422188,3.147202968597412,0.46074587938408024,44.68940393209747,0.0293042997615415,"(44.197, 44.729]"
1408386,65.12738658901534,180.4796416347453,1408386,28.298309613622763,-0.3781853745749167,28.298309613622763,-0.3781853745749167,015311.59-002241.4,0.44641013221632747,44.600513228209714,0.0035979606480225,43.88870599916852,0.0035979606480225,-22.706771417325232,7.528183937072754,0.44641013221632747,44.600513228209714,0.0035979606480225,"(44.197, 44.729]"
1411920,63.85139809441516,191.63690773179863,1411920,25.647382832803515,-0.2747910281208643,25.647382832803515,-0.2747910281208643,014235.37-001629.2,0.5741441643319953,44.69833701298636,0.0076409389532408,43.986529783945166,0.0076409389532408,-22.017359496576994,4.456214427947998,0.5741441643319953,44.69833701298636,0.0076409389532408,"(44.197, 44.729]"
1393013,64.46450768917413,361.1755832989088,1393013,39.251286329145984,-1.0251550591741665,39.251286329145984,-1.0251550591741665,023700.30-010130.5,0.34371084431966065,44.630372145867845,0.0117134317880172,43.918564916826654,0.0117134317880172,-22.9594841686287,10.650341987609863,0.34371084431966065,44.630372145867845,0.0117134317880172,"(44.197, 44.729]"
1465923,170.27341435142577,123.6146392908014,1465923,320.6375956055166,0.9242361534827084,320.6375956055166,0.9242361534827084,212233.02+005527.2,0.40478710063067724,44.21975500966361,0.013576914053047,43.507947780622416,0.013576914053047,-21.63348457685569,4.253208637237549,0.40478710063067724,44.21975500966361,0.013576914053047,"(44.197, 44.729]"
1433243,286.31307931410873,319.93464320408174,1433243,9.492521448461048,0.8774863688230278,9.492521448461048,0.8774863688230278,003758.20+005238.9,0.4932062900213072,44.71352254532586,0.0075094952459338,44.00171531628467,0.0075094952459338,-22.900314840358266,7.167464256286621,0.4932062900213072,44.71352254532586,0.0075094952459338,"(44.197, 44.729]"
1414639,114.42577558477998,441.3543522067623,1414639,23.721675706084817,-0.3117768360435953,23.721675706084817,-0.3117768360435953,013453.20-001842.3,0.3042515647499699,44.64262353555358,0.0036810166667216,43.93081630651239,0.0036810166667216,-21.758000762174337,13.312337875366211,0.3042515647499699,44.64262353555358,0.0036810166667216,"(44.197, 44.729]"
1416843,19.789602695235708,57.01412464895353,1416843,22.165655510606623,0.5617782621292324,22.165655510606623,0.5617782621292324,012839.75+003342.4,0.43494852095991426,44.29391085922081,0.0145647746996573,43.58210363017962,0.0145647746996573,-21.684134406070324,4.709375858306885,0.43494852095991426,44.29391085922081,0.0145647746996573,"(44.197, 44.729]"
1397040,65.95300939413958,151.16093170887373,1397040,36.4604654686226,-0.069515213995765,36.4604654686226,-0.069515213995765,022550.51-000410.2,0.4332310571892066,44.411317883539546,0.0082492637046094,43.699510654498354,0.0082492637046094,-21.406697337064504,4.778846740722656,0.4332310571892066,44.411317883539546,0.0082492637046094,"(44.197, 44.729]"
1409802,20.66491125630023,39.61665572013183,1409802,27.20197812460843,0.023162637841378,27.20197812460843,0.023162637841378,014848.47+000123.3,0.40556342403848106,44.2835574410316,0.0081634494134732,43.571750211990405,0.0081634494134732,-21.139572178198446,3.8632750511169434,0.40556342403848106,44.2835574410316,0.0081634494134732,"(44.197, 44.729]"
1393001,25.942576407922544,101.98293518224943,1393001,39.2622037021744,-0.8667119237718776,39.2622037021744,-0.8667119237718776,023702.92-005200.1,0.3665474329061237,44.26532031936327,0.0124475690201109,43.55351309032208,0.0124475690201109,-22.133041330613068,6.404020309448242,0.3665474329061237,44.26532031936327,0.0124475690201109,"(44.197, 44.729]"
1453472,62.82654816341198,101.5502633611782,1453472,344.11905741159296,-1.1903174997221289,344.11905741159296,-1.1903174997221289,225628.57-011125.1,0.3722780380036149,44.48287004490868,0.0088776324292147,43.77106281586749,0.0088776324292147,-22.38901495195026,4.8329548835754395,0.3722780380036149,44.48287004490868,0.0088776324292147,"(44.197, 44.729]"
1415273,59.013669570873645,90.7800969497687,1415273,23.312318844972424,-0.0243152033942841,23.312318844972424,-0.0243152033942841,013314.95-000127.5,0.5223601455538814,44.62631528899912,0.0111597471406987,43.91450805995793,0.0111597471406987,-22.39101697352811,3.2273671627044678,0.5223601455538814,44.62631528899912,0.0111597471406987,"(44.197, 44.729]"
1402636,39.71197149677539,46.31174448356682,1402636,32.6477729608454,0.7715167113904909,32.6477729608454,0.7715167113904909,021035.46+004617.4,0.595657770632517,44.629836249143665,0.0085932849025418,43.91802902010247,0.0085932849025418,-21.9593363017115,4.40460729598999,0.595657770632517,44.629836249143665,0.0085932849025418,"(44.197, 44.729]"
1404549,280.2744289214057,326.1271169209612,1404549,31.30695571759405,-1.0911935830122703,31.30695571759405,-1.0911935830122703,020513.66-010528.2,0.42885210473192503,44.38295957299212,0.0176853400629717,43.67115234395093,0.0176853400629717,-22.1117640840418,5.6685099601745605,0.42885210473192503,44.38295957299212,0.0176853400629717,"(44.197, 44.729]"
1449487,26.361932543330703,56.24373003170351,1449487,351.60934662075,0.4120046840481064,351.60934662075,0.4120046840481064,232626.24+002443.2,0.4666674202769442,44.58633592734981,0.0074774953625897,43.874528698308616,0.0074774953625897,-22.010168080817852,4.516953945159912,0.4666674202769442,44.58633592734981,0.0074774953625897,"(44.197, 44.729]"
1414155,33.21272067104133,39.36136592447147,1414155,24.057179585644462,-0.4813406159054267,24.057179585644462,-0.4813406159054267,013613.72-002852.8,0.4539184366963292,44.201271181844504,0.0104093863477636,43.48946395280331,0.0104093863477636,-22.08813704444096,4.70871639251709,0.4539184366963292,44.201271181844504,0.0104093863477636,"(44.197, 44.729]"
1426631,626.2862257887405,854.8146761607327,1426631,14.584430007344125,1.1602608853843803,14.584430007344125,1.1602608853843803,005820.26+010936.9,0.2653346147421757,44.639598075663,0.0035400478239502,43.92779084662181,0.0035400478239502,-22.081567253677814,17.05832290649414,0.2653346147421757,44.639598075663,0.0035400478239502,"(44.197, 44.729]"
1447346,43.08309970897015,200.82670551518515,1447346,355.5563394996865,-0.0017587509573948,355.5563394996865,-0.0017587509573948,234213.52-000006.3,0.31884077191111787,44.26312957343699,0.0074393911778294,43.5513223443958,0.0074393911778294,-21.629308069237563,8.85191822052002,0.31884077191111787,44.26312957343699,0.0074393911778294,"(44.197, 44.729]"
1433734,34.87381277472021,75.83188202909759,1433734,9.108683268921029,1.193458035767936,9.108683268921029,1.193458035767936,003626.08+011136.4,0.44662370863194634,44.451489068089984,0.0091589357894505,43.73968183904879,0.0091589357894505,-21.923770217151993,3.746610403060913,0.44662370863194634,44.451489068089984,0.0091589357894505,"(44.197, 44.729]"
1414064,24.95296489067537,77.53152931532425,1414064,24.125785580628467,0.1617671989323059,24.125785580628467,0.1617671989323059,013630.18+000942.3,0.34056772252126216,44.24984442360911,0.0092486360078432,43.53803719456792,0.0092486360078432,-21.464289247554035,5.174801349639893,0.34056772252126216,44.24984442360911,0.0092486360078432,"(44.197, 44.729]"
1446774,17.194473481857205,89.63012248799407,1446774,356.80589883389223,0.6173993948325582,356.80589883389223,0.6173993948325582,234713.41+003702.6,0.4064169852846354,44.27624586220274,0.0104109911394445,43.56443863316155,0.0104109911394445,-21.749676395992704,4.941514492034912,0.4064169852846354,44.27624586220274,0.0104109911394445,"(44.197, 44.729]"
1433264,170.1170563379587,449.4470131850677,1433264,9.478928104755257,0.4535167254223969,9.478928104755257,0.4535167254223969,003754.94+002712.6,0.5903976781973054,44.42678076792521,0.0161593998618911,43.71497353888402,0.0161593998618911,-22.74523658231864,3.366584539413452,0.5903976781973054,44.42678076792521,0.0161593998618911,"(44.197, 44.729]"
1418718,20.27512839106944,70.80793517120432,1418718,20.764953664618343,-0.081879007432002,20.764953664618343,-0.081879007432002,012303.58-000454.7,0.7089655081964895,44.728786741740414,0.0070062095881979,44.01697951269922,0.0070062095881979,-22.794600689239388,3.2619147300720215,0.7089655081964895,44.728786741740414,0.0070062095881979,"(44.197, 44.729]"
1420590,153.59567989927382,338.8906796616957,1420590,19.38872772265006,1.1200737348234648,19.38872772265006,1.1200737348234648,011733.29+010712.2,0.2759969384685744,44.32191017865441,0.0060056878568808,43.61010294961322,0.0060056878568808,-22.094780228418,11.779930114746094,0.2759969384685744,44.32191017865441,0.0060056878568808,"(44.197, 44.729]"
1416040,32.08262745320757,352.2648488607921,1416040,22.767299086327363,0.0039141230201611,22.767299086327363,0.0039141230201611,013104.15+000014.0,0.5829455617373124,44.40826298263017,0.0103612821645846,43.69645575358898,0.0103612821645846,-22.381951967329513,6.012997150421143,0.5829455617373124,44.40826298263017,0.0103612821645846,"(44.197, 44.729]"
1406541,27.11012750824183,139.67873321135505,1406541,29.801408647467618,0.4655975090130491,29.801408647467618,0.4655975090130491,015912.33+002756.1,0.4626831504637122,44.590946072046194,0.0093516074032677,43.879138843005,0.0093516074032677,-21.76747557092838,5.089195251464844,0.4626831504637122,44.590946072046194,0.0093516074032677,"(44.197, 44.729]"
1436334,77.45888270976681,239.1743131843658,1436334,7.065800791091828,0.7131873269040732,7.065800791091828,0.7131873269040732,002815.79+004247.4,0.3048179500856287,44.557154514018464,0.0015761607616262,43.84534728497727,0.0015761607616262,-23.207112889316015,20.000160217285156,0.3048179500856287,44.557154514018464,0.0015761607616262,"(44.197, 44.729]"
1420046,377.84294998731815,460.0397936133261,1420046,19.7923412424388,0.1622513285629298,19.7923412424388,0.1622513285629298,011910.16+000944.1,0.2583151314382419,44.21475801798948,0.0081805177196372,43.50295078894829,0.0081805177196372,-21.81020458648765,11.674074172973633,0.2583151314382419,44.21475801798948,0.0081805177196372,"(44.197, 44.729]"
1414478,4917.649146520284,10363.758053432475,1414478,23.82313781467,-0.3275155872183959,23.82313781467,-0.3275155872183959,013517.55-001939.0,0.31233086837902585,44.6501490197788,0.0035177731845088,43.93834179073761,0.0035177731845088,-22.384394554940805,12.61394214630127,0.31233086837902585,44.6501490197788,0.0035177731845088,"(44.197, 44.729]"
1421324,10.437239072720471,15.651758943219605,1421324,18.835745244361533,-0.5123923975300921,18.835745244361533,-0.5123923975300921,011520.57-003044.6,0.6364511517906022,44.65924108689777,0.0082838344772966,43.94743385785658,0.0082838344772966,-22.25571018402449,3.78297758102417,0.6364511517906022,44.65924108689777,0.0082838344772966,"(44.197, 44.729]"
1426083,17.36772095701339,55.28664942265855,1426083,15.065293185198245,-0.356389789216501,15.065293185198245,-0.356389789216501,010015.67-002123.0,0.6268314153310272,44.71396394934967,0.0106275716988299,44.00215672030848,0.0106275716988299,-22.727923097124954,3.6665546894073486,0.6268314153310272,44.71396394934967,0.0106275716988299,"(44.197, 44.729]"
1466077,13.2374758386328,139.06109124746925,1466077,320.3486354071776,-0.7081883050516666,320.3486354071776,-0.7081883050516666,212123.67-004229.4,0.4800053732368489,44.59626916012769,0.0072192541969009,43.8844619310865,0.0072192541969009,-22.843790143553306,6.1525559425354,0.4800053732368489,44.59626916012769,0.0072192541969009,"(44.197, 44.729]"
1451003,37.486965624017984,392.11280223272695,1451003,348.8017186381029,0.7045404630808279,348.8017186381029,0.7045404630808279,231512.41+004216.3,0.5069735464185277,44.610677323095665,0.0080185949998927,43.89887009405447,0.0080185949998927,-21.38919620596647,4.430593490600586,0.5069735464185277,44.610677323095665,0.0080185949998927,"(44.197, 44.729]"
1412006,92.40861832226253,288.2604300699884,1412006,25.59248892110179,-0.1683629257729512,25.59248892110179,-0.1683629257729512,014222.19-001006.1,0.37269158760569365,44.42062897175336,0.0031684468000072,43.70882174271217,0.0031684468000072,-22.271713741034496,10.513978004455566,0.37269158760569365,44.42062897175336,0.0031684468000072,"(44.197, 44.729]"
1441776,141.71465974444988,252.54574147908343,1441776,2.491608135014559,0.8647924287614602,2.491608135014559,0.8647924287614602,000957.98+005153.2,0.38737451378779264,44.43815140875624,0.0138332720889167,43.72634417971505,0.0138332720889167,-22.067486188000576,6.7259931564331055,0.38737451378779264,44.43815140875624,0.0138332720889167,"(44.197, 44.729]"
1391198,142.67442118587303,172.47304440674503,1391198,40.530306,0.010767,40.530306,0.010767,024207.27+000038.7,0.38431391341920357,44.63511143938813,0.0102825929556935,43.92330421034694,0.0102825929556935,-22.70109302451838,5.925381183624268,0.38431391341920357,44.63511143938813,0.0102825929556935,"(44.197, 44.729]"
1397559,22.546457795131428,95.39486340043612,1397559,36.1072330021085,0.23564797010041,36.1072330021085,0.23564797010041,022425.73+001408.3,0.6534720727983889,44.70761998575769,0.0049440152640833,43.9958127567165,0.0049440152640833,-22.032257944693452,4.919248104095459,0.6534720727983889,44.70761998575769,0.0049440152640833,"(44.197, 44.729]"
1446106,16.533807335997704,109.71946918002789,1446106,357.9575296181981,-0.7494440913686115,357.9575296181981,-0.7494440913686115,235149.80-004457.9,0.40430846662853076,44.52671294318542,0.0054997780643226,43.81490571414423,0.0054997780643226,-22.152429660625618,7.6705756187438965,0.40430846662853076,44.52671294318542,0.0054997780643226,"(44.197, 44.729]"
1414650,45.946356617203946,69.82309635451196,1414650,23.71194410884175,-0.8536162462097981,23.71194410884175,-0.8536162462097981,013450.86-005113.0,0.44094319342566773,44.710792657678674,0.0100450888626291,43.99898542863748,0.0100450888626291,-22.062197864126933,4.910092830657959,0.44094319342566773,44.710792657678674,0.0100450888626291,"(44.197, 44.729]"
1390680,134.3340367088791,434.7999397352353,1390680,40.85645409591223,-0.0701981652172138,40.85645409591223,-0.0701981652172138,024325.54-000412.7,0.355404520380357,44.49323572307556,0.0102246493584168,43.781428494034365,0.0102246493584168,-21.70550305002728,10.077657699584961,0.355404520380357,44.49323572307556,0.0102246493584168,"(44.197, 44.729]"
1445561,300.4562960009088,697.5682983856982,1445561,358.8547997977082,-0.2876718921762988,358.8547997977082,-0.2876718921762988,235525.15-001715.6,0.2673854335953889,44.59203812871015,0.0070955752602515,43.88023089966896,0.0070955752602515,-21.728702882817192,15.265938758850098,0.2673854335953889,44.59203812871015,0.0070955752602515,"(44.197, 44.729]"
1417160,830.1694770521775,881.96678440096,1417160,21.96001559689961,-0.1554530141159965,21.96001559689961,-0.1554530141159965,012750.40-000919.6,0.4374093573570029,44.54215498442309,0.0036729513351652,43.8303477553819,0.0036729513351652,-23.026073444415633,15.389662742614746,0.4374093573570029,44.54215498442309,0.0036729513351652,"(44.197, 44.729]"
1396211,21.128906611936905,18.096583061409422,1396211,37.04280630058627,-0.3882447794615656,37.04280630058627,-0.3882447794615656,022810.27-002317.6,0.675329040055655,44.59900445491584,0.0094389124909461,43.88719722587465,0.0094389124909461,-22.335446870959267,3.520474910736084,0.675329040055655,44.59900445491584,0.0094389124909461,"(44.197, 44.729]"
1455747,22.30103523117024,54.37549293085997,1455747,339.6471322390195,-0.8431301020187711,339.6471322390195,-0.8431301020187711,223835.31-005035.2,0.36350027674935864,44.27955647816577,0.0086511099052728,43.56774924912458,0.0086511099052728,-21.543048996794308,3.5778536796569824,0.36350027674935864,44.27955647816577,0.0086511099052728,"(44.197, 44.729]"
1444444,77.32998548711326,147.51422543364438,1444444,0.3052290737376495,1.016187265189475,0.3052290737376495,1.016187265189475,000113.25+010058.2,0.3289306374743464,44.429847170804415,0.0080675560397125,43.71803994176322,0.0080675560397125,-22.034622781315118,7.205948829650879,0.3289306374743464,44.429847170804415,0.0080675560397125,"(44.197, 44.729]"
1447862,18.06528171428711,22.78359321027558,1447862,354.5895932382101,-0.9387645392847656,354.5895932382101,-0.9387645392847656,233821.50-005619.5,0.4568315794843136,44.516228973199716,0.0088144091860158,43.804421744158525,0.0088144091860158,-21.765630153340293,3.3223633766174316,0.4568315794843136,44.516228973199716,0.0088144091860158,"(44.197, 44.729]"
1426646,42.74094104282658,70.20204061695243,1426646,14.5700849215645,-0.0607631787110353,14.5700849215645,-0.0607631787110353,005816.82-000338.7,0.4000796307054939,44.454065264531664,0.0109285085470887,43.74225803549047,0.0109285085470887,-21.86122203431196,7.967479705810547,0.4000796307054939,44.454065264531664,0.0109285085470887,"(44.197, 44.729]"
1435800,195.02805944950785,269.5499515474884,1435800,7.486031202460096,1.093641827972866,7.486031202460096,1.093641827972866,002956.64+010537.1,0.37291265257314227,44.42987053761685,0.0064940063919998,43.71806330857566,0.0064940063919998,-21.68574454434107,5.696348190307617,0.37291265257314227,44.42987053761685,0.0064940063919998,"(44.197, 44.729]"
1430741,3193.0864455398564,4780.365433536749,1430741,11.301106978115172,0.4742093531000281,11.301106978115172,0.4742093531000281,004512.26+002827.1,0.5183229041972996,44.52537271936941,0.0176229391372686,43.813565490328216,0.0176229391372686,-22.47414763485284,4.209897518157959,0.5183229041972996,44.52537271936941,0.0176229391372686,"(44.197, 44.729]"
1452789,60.97551387090132,87.67999266521413,1452789,345.3977750822837,-0.9449817253877724,345.3977750822837,-0.9449817253877724,230135.46-005641.9,0.5752739334710918,44.69252998494258,0.0093661767442299,43.98072275590139,0.0093661767442299,-22.156921556148568,3.5931265354156494,0.5752739334710918,44.69252998494258,0.0093661767442299,"(44.197, 44.729]"
1437081,315.500645230886,1430.828008443661,1437081,6.455736540030898,-0.9057221233821297,6.455736540030898,-0.9057221233821297,002549.37-005420.5,0.5614051861403018,44.69604341333469,0.0079799139349923,43.9842361842935,0.0079799139349923,-23.49128449138841,4.252366542816162,0.5614051861403018,44.69604341333469,0.0079799139349923,"(44.197, 44.729]"
1464507,15.67836492464811,46.36744902296228,1464507,323.0997928072861,0.2354223226469804,323.0997928072861,0.2354223226469804,213223.95+001407.5,0.4985129412027608,44.55073189731441,0.003817872929325,43.838924668273215,0.003817872929325,-22.79244983472057,6.510222434997559,0.4985129412027608,44.55073189731441,0.003817872929325,"(44.197, 44.729]"
1433554,23.66666324489421,75.62633124010013,1433554,9.2425993382126,-0.4153208245353261,9.2425993382126,-0.4153208245353261,003658.22-002455.1,0.39886772899500306,44.545240834438545,0.0061803341915833,43.83343360539735,0.0061803341915833,-22.140556322366162,8.988970756530762,0.39886772899500306,44.545240834438545,0.0061803341915833,"(44.197, 44.729]"
1420433,39.56525362330044,87.11676815444544,1420433,19.516749837971098,0.0656224609760898,19.516749837971098,0.0656224609760898,011804.02+000356.2,0.8204127074174955,44.71550904185149,0.0092455619829827,44.0037018128103,0.0092455619829827,-22.240409508288213,3.7804574966430664,0.8204127074174955,44.71550904185149,0.0092455619829827,"(44.197, 44.729]"
1412167,33.55893316941013,41.86300876299435,1412167,25.486347077097093,-0.1871757189421448,25.486347077097093,-0.1871757189421448,014156.72-001113.8,0.5017008355579958,44.45193747690773,0.0120529610776429,43.74013024786654,0.0120529610776429,-22.082150341338178,4.900569438934326,0.5017008355579958,44.45193747690773,0.0120529610776429,"(44.197, 44.729]"
1397617,63.53870065916799,239.05064623956525,1397617,36.061090283235785,0.4043119785124883,36.061090283235785,0.4043119785124883,022414.66+002415.5,0.38287022695243345,44.7157400045673,0.0067720709006025,44.00393277552611,0.0067720709006025,-22.79056158840222,12.130192756652832,0.38287022695243345,44.7157400045673,0.0067720709006025,"(44.197, 44.729]"
1458533,28.1962116508567,104.347351426877,1458533,334.333281578922,1.1712678649680444,334.333281578922,1.1712678649680444,221719.98+011016.5,0.4255108889607025,44.545817027821904,0.0058528860154929,43.83400979878071,0.0058528860154929,-22.893170535857447,5.83508825302124,0.4255108889607025,44.545817027821904,0.0058528860154929,"(44.197, 44.729]"
1426099,212.0324892293252,100.15414827991115,1426099,15.05404460927489,0.0058806437895605,15.05404460927489,0.0058806437895605,010012.97+000021.1,0.5228640908843184,44.619913888555864,0.0095858380027635,43.90810665951467,0.0095858380027635,-22.31499984710289,7.76908016204834,0.5228640908843184,44.619913888555864,0.0095858380027635,"(44.197, 44.729]"
1410295,25.85071351395867,57.69658196908253,1410295,26.82603473595537,-0.133569131766649,26.82603473595537,-0.133569131766649,014718.24-000800.8,0.5395765694015026,44.49491654060009,0.0130592990049578,43.783109311558896,0.0130592990049578,-22.270384463218633,6.02077054977417,0.5395765694015026,44.49491654060009,0.0130592990049578,"(44.197, 44.729]"
1466107,17.106473353641164,40.18771679000092,1466107,320.27694921806733,-0.6588952726257616,320.27694921806733,-0.6588952726257616,212106.46-003932.0,0.4806486967718772,44.5014727248477,0.0086147878669038,43.78966549580651,0.0086147878669038,-22.22707768632131,5.943861484527588,0.4806486967718772,44.5014727248477,0.0086147878669038,"(44.197, 44.729]"
1452206,63.362828027013,179.81728125213235,1452206,346.4967457903007,-0.2155119672390029,346.4967457903007,-0.2155119672390029,230559.21-001255.8,0.5088220540727783,44.67208356032875,0.0076331948865906,43.96027633128756,0.0076331948865906,-22.613094375978257,5.572996616363525,0.5088220540727783,44.67208356032875,0.0076331948865906,"(44.197, 44.729]"
1420104,37.80311710565661,135.70541497125902,1420104,19.761010037378405,0.2051596626366683,19.761010037378405,0.2051596626366683,011902.64+001218.5,0.5559495712119981,44.66524708572602,0.0047993070743537,43.95343985668483,0.0047993070743537,-22.799942683509723,5.1995110511779785,0.5559495712119981,44.66524708572602,0.0047993070743537,"(44.197, 44.729]"
1425466,90.3060267642673,167.1213191825617,1425466,15.552444594716206,0.2426567418117043,15.552444594716206,0.2426567418117043,010212.58+001433.5,0.4933936942870026,44.712956638992935,0.0081142901108819,44.00114940995174,0.0081142901108819,-23.013752892022968,7.21022367477417,0.4933936942870026,44.712956638992935,0.0081142901108819,"(44.197, 44.729]"
1417364,52.88061553484805,111.38541443760634,1417364,21.81396242526023,0.793679066875534,21.81396242526023,0.793679066875534,012715.35+004737.2,0.35304642793602264,44.57135489774244,0.0066882609123162,43.859547668701246,0.0066882609123162,-22.088714805419713,9.400764465332031,0.35304642793602264,44.57135489774244,0.0066882609123162,"(44.197, 44.729]"
1448602,104.45431857503618,176.08765662226756,1448602,353.3022736144101,-1.2468667672625235,353.3022736144101,-1.2468667672625235,233312.54-011448.7,0.39008399696712753,44.54232313195504,0.011455925377465,43.830515902913845,0.011455925377465,-21.47486049092817,5.655107021331787,0.39008399696712753,44.54232313195504,0.011455925377465,"(44.197, 44.729]"
1421231,17.76923261318679,155.97603971307294,1421231,18.903855073658026,-0.0030507727630452,18.903855073658026,-0.0030507727630452,011536.92-000010.9,0.5318580217714772,44.473071345031386,0.0145580101952873,43.761264115990194,0.0145580101952873,-22.766396647223164,5.091597080230713,0.5318580217714772,44.473071345031386,0.0145580101952873,"(44.197, 44.729]"
1449662,17.235879719709708,36.422243092262704,1449662,351.2826621564405,-0.0559963413366133,351.2826621564405,-0.0559963413366133,232507.83-000321.5,0.5643437420386596,44.68839074205608,0.0103211389125803,43.97658351301489,0.0103211389125803,-21.919393773739696,3.1298091411590576,0.5643437420386596,44.68839074205608,0.0103211389125803,"(44.197, 44.729]"
1447913,20.49588039556561,86.49839452055015,1447913,354.5123495438013,-0.6888844846291834,354.5123495438013,-0.6888844846291834,233802.96-004119.9,0.6144616784408188,44.68146133799391,0.0086470168722527,43.96965410895272,0.0086470168722527,-21.95212000089148,3.7852659225463867,0.6144616784408188,44.68146133799391,0.0086470168722527,"(44.197, 44.729]"
1437146,44.81211271470228,74.78642011122089,1437146,6.401239186533019,0.2728924675939332,6.401239186533019,0.2728924675939332,002536.29+001622.4,0.5037235948833164,44.63464295037239,0.0091128009756289,43.9228357213312,0.0091128009756289,-21.80471321636915,5.295557022094727,0.5037235948833164,44.63464295037239,0.0091128009756289,"(44.197, 44.729]"
1460849,13.963039140586432,181.26898582026672,1460849,329.89867933570423,0.9705648322499884,329.89867933570423,0.9705648322499884,215935.68+005814.0,0.4389603234660258,44.62921748955765,0.0098050513037613,43.917410260516455,0.0098050513037613,-23.31002477108964,9.819415092468262,0.4389603234660258,44.62921748955765,0.0098050513037613,"(44.197, 44.729]"
1452152,91.68893859208268,180.077177755842,1452152,346.61167264565955,-0.1054823603077545,346.61167264565955,-0.1054823603077545,230626.80-000619.7,0.3938988260096412,44.489160592887075,0.0052325347646906,43.77735336384588,0.0052325347646906,-22.066760215215982,5.789462089538574,0.3938988260096412,44.489160592887075,0.0052325347646906,"(44.197, 44.729]"
1393295,10.352631956992196,20.02697814594965,1393295,39.01869863881302,0.2518105662474262,39.01869863881302,0.2518105662474262,023604.48+001506.5,0.6770519800914123,44.59642076231308,0.010794991231144,43.88461353327189,0.010794991231144,-21.97934407731516,3.0810322761535645,0.6770519800914123,44.59642076231308,0.010794991231144,"(44.197, 44.729]"
1396372,70.97751914667279,105.62641480189346,1396372,36.92501540772271,0.4713944108928167,36.92501540772271,0.4713944108928167,022742.00+002817.0,0.38434923241384844,44.28303929166976,0.0059137818824162,43.57123206262857,0.0059137818824162,-22.09649926873616,6.895806312561035,0.38434923241384844,44.28303929166976,0.0059137818824162,"(44.197, 44.729]"
1427750,199.7596642716116,344.71617699335604,1427750,13.708948407819644,-1.2016909026783555,13.708948407819644,-1.2016909026783555,005450.14-011206.0,0.41227581576836847,44.28583341043608,0.0082688386176705,43.574026181394885,0.0082688386176705,-22.47284488791546,5.353177547454834,0.41227581576836847,44.28583341043608,0.0082688386176705,"(44.197, 44.729]"
1421164,49.162693951299055,83.98802890278236,1421164,18.949966857103224,0.1033641296899961,18.949966857103224,0.1033641296899961,011547.99+000612.1,0.49448283908806456,44.565692020766285,0.0078123031328409,43.85388479172509,0.0078123031328409,-21.967692178904446,5.6613335609436035,0.49448283908806456,44.565692020766285,0.0078123031328409,"(44.197, 44.729]"
1419012,28.18601781482805,38.56642225773081,1419012,20.5472677737132,-0.3419690462659462,20.5472677737132,-0.3419690462659462,012211.34-002031.0,0.7211313566569273,44.704232756363055,0.0097576672907777,43.99242552732186,0.0097576672907777,-22.40468795880369,3.5077619552612305,0.7211313566569273,44.704232756363055,0.0097576672907777,"(44.197, 44.729]"
1444942,16.70125053830523,36.49388499131916,1444942,359.8140482818281,-1.21565103253524,359.8140482818281,-1.21565103253524,235915.37-011256.3,0.5721729596667873,44.614724523874735,0.0111696577329638,43.90291729483354,0.0111696577329638,-22.345714365366142,3.7976856231689453,0.5721729596667873,44.614724523874735,0.0111696577329638,"(44.197, 44.729]"
1448587,2192.1358295375944,3133.753308404399,1448587,353.3224369651785,-0.3843139082659335,353.3224369651785,-0.3843139082659335,233317.38-002303.5,0.512975159012132,44.70166941274493,0.0150735553553715,43.989862183703735,0.0150735553553715,-22.613243193994535,3.9884865283966064,0.512975159012132,44.70166941274493,0.0150735553553715,"(44.197, 44.729]"
1395787,17.317490072790733,61.12751428089251,1395787,37.30890940650886,1.1282573296737464,37.30890940650886,1.1282573296737464,022914.13+010741.7,0.4867115839580429,44.34537006581936,0.0097726494823326,43.63356283677817,0.0097726494823326,-22.277760761613226,4.8889336585998535,0.4867115839580429,44.34537006581936,0.0097726494823326,"(44.197, 44.729]"
1424119,64.44551357655727,141.48848677153848,1424119,16.577973,-0.367794,16.577973,-0.367794,010618.71-002204.0,0.4473121411983158,44.71954758959159,0.0164402693462122,44.0077403605504,0.0164402693462122,-22.444443228629314,3.5257389545440674,0.4473121411983158,44.71954758959159,0.0164402693462122,"(44.197, 44.729]"
1443312,69.24829093221504,86.00365628369116,1443312,1.245578659073885,-1.0582545425408896,1.245578659073885,-1.0582545425408896,000458.93-010329.7,0.5124524346380405,44.509513327009344,0.0116294456526624,43.79770609796815,0.0116294456526624,-22.01263025283292,3.7572054862976074,0.5124524346380405,44.509513327009344,0.0116294456526624,"(44.197, 44.729]"
1417752,27.159126876684528,99.8577528526968,1417752,21.518819000000008,-0.39633028,21.518819000000008,-0.39633028,012604.51-002346.7,0.388885775028535,44.30507487065004,0.0073163891469754,43.59326764160885,0.0073163891469754,1.0,3.718916654586792,0.388885775028535,44.30507487065004,0.0073163891469754,"(44.197, 44.729]"
1410961,36.64987496759043,143.5980826635327,1410961,26.3402867142442,-0.0695910855889657,26.3402867142442,-0.0695910855889657,014521.66-000410.5,0.4447679533652871,44.340746625769974,0.0127307144873789,43.62893939672878,0.0127307144873789,-21.878640128768335,4.963791847229004,0.4447679533652871,44.340746625769974,0.0127307144873789,"(44.197, 44.729]"
1462506,16.507028943034108,70.05434148719695,1462506,326.64594512048967,-0.8458075744718903,326.64594512048967,-0.8458075744718903,214635.02-005044.9,0.49333715109021264,44.6026178220047,0.0042634932327878,43.89081059296351,0.0042634932327878,-22.368882234460845,5.558159351348877,0.49333715109021264,44.6026178220047,0.0042634932327878,"(44.197, 44.729]"
1410393,45.03575116777566,53.01941063306324,1410393,26.758800676189388,-0.3667203525635835,26.758800676189388,-0.3667203525635835,014702.11-002200.1,0.5679107431248455,44.55806389444566,0.0087060232342288,43.84625666540447,0.0087060232342288,-22.20020012332177,5.379051208496094,0.5679107431248455,44.55806389444566,0.0087060232342288,"(44.197, 44.729]"
1451861,85.14762375861392,100.1729596399291,1451861,347.2118171867417,-0.0734435340058089,347.2118171867417,-0.0734435340058089,230850.83-000424.3,0.6029873258512398,44.60105723673403,0.0122437974813145,43.88925000769284,0.0122437974813145,-22.285196948963897,3.3930020332336426,0.6029873258512398,44.60105723673403,0.0122437974813145,"(44.197, 44.729]"
1402335,33.8832606976479,73.43897326757249,1402335,32.87375030662838,-0.0168214773912216,32.87375030662838,-0.0168214773912216,021129.70-000100.5,0.5651503966590603,44.51027856608109,0.0081596295728942,43.7984713370399,0.0081596295728942,-22.180946868094964,3.741032123565674,0.5651503966590603,44.51027856608109,0.0081596295728942,"(44.197, 44.729]"
1409495,536.3274684167574,760.9933669609409,1409495,27.426678080465592,0.7083737248758343,27.426678080465592,0.7083737248758343,014942.40+004230.1,0.48539105976812397,44.71146989510193,0.0147323475441183,43.999662666060736,0.0147323475441183,-22.07147267047106,5.2703728675842285,0.48539105976812397,44.71146989510193,0.0147323475441183,"(44.197, 44.729]"
1404201,108.48393502741132,223.8555910000932,1404201,31.53687,-1.132443,31.53687,-1.132443,020608.84-010756.7,0.37842751580462225,44.593343901789034,0.0232499823781964,43.88153667274784,0.0232499823781964,-22.505817087400892,4.7554497718811035,0.37842751580462225,44.593343901789034,0.0232499823781964,"(44.197, 44.729]"
1437084,99.96943355641665,238.45480017813983,1437084,6.452089715062925,-0.5642737440864976,6.452089715062925,-0.5642737440864976,002548.50-003351.3,0.5686474751574767,44.51345086154232,0.0119486191975788,43.801643632501126,0.0119486191975788,-22.91205116681902,3.0427632331848145,0.5686474751574767,44.51345086154232,0.0119486191975788,"(44.197, 44.729]"
1412763,154.33777413062165,250.39843754634023,1412763,25.09430662273786,1.118697696160453,25.09430662273786,1.118697696160453,014022.63+010707.3,0.44233520998140297,44.51983246695191,0.0103251150678467,43.80802523791072,0.0103251150678467,-22.586948844030257,5.532068252563477,0.44233520998140297,44.51983246695191,0.0103251150678467,"(44.197, 44.729]"
1408322,25.396208694929868,69.08999220939364,1408322,28.35515736196021,-0.5389486662624465,28.35515736196021,-0.5389486662624465,015325.23-003220.2,0.3927454092104642,44.269353434226794,0.007877198365275,43.5575462051856,0.007877198365275,-21.726678785240427,4.984256267547607,0.3927454092104642,44.269353434226794,0.007877198365275,"(44.197, 44.729]"
1443820,19.3046397822192,26.58321418437107,1443820,0.8239679855584594,0.1496440888951891,0.8239679855584594,0.1496440888951891,000317.75+000858.7,0.459770478791673,44.370117784774216,0.0151151845343946,43.658310555733024,0.0151151845343946,-22.30714362746424,4.655300617218018,0.459770478791673,44.370117784774216,0.0151151845343946,"(44.197, 44.729]"
1412887,19.54578273208926,47.543000347015486,1412887,25.01075061157877,-0.5331277568823589,25.01075061157877,-0.5331277568823589,014002.58-003159.2,0.47465187503508427,44.2595779581842,0.0156158893695632,43.54777072914301,0.0156158893695632,-21.967101607914284,3.2553863525390625,0.47465187503508427,44.2595779581842,0.0156158893695632,"(44.197, 44.729]"
1430244,197.6603657653508,207.81348787036544,1430244,11.66370287139874,1.1719603625153094,11.66370287139874,1.1719603625153094,004639.28+011019.0,0.5566740712928304,44.60749212124201,0.0064727608344945,43.89568489220082,0.0064727608344945,-21.780592759344113,3.948662042617798,0.5566740712928304,44.60749212124201,0.0064727608344945,"(44.197, 44.729]"
1464973,100.08814107188724,155.0648065501929,1464973,322.2980241312023,-0.4364566010230151,322.2980241312023,-0.4364566010230151,212911.52-002611.2,0.5289769983689586,44.71542930019297,0.0051110370688824,44.00362207115178,0.0051110370688824,-22.339515697511036,5.294364929199219,0.5289769983689586,44.71542930019297,0.0051110370688824,"(44.197, 44.729]"
1426661,267.6863655800567,265.6202895113784,1426661,14.55703337590164,0.2358604453965682,14.55703337590164,0.2358604453965682,005813.68+001409.0,0.6789280430059059,44.5387997093902,0.0030162167802174,43.826992480349006,0.0030162167802174,-22.93415762027408,3.8239738941192627,0.6789280430059059,44.5387997093902,0.0030162167802174,"(44.197, 44.729]"
1419034,1742.5295453115757,2891.962824040382,1419034,20.527815197675096,-0.5121667760552732,20.527815197675096,-0.5121667760552732,012206.67-003043.8,0.21654178139798508,44.463896764643565,0.0113303271559743,43.75208953560237,0.0113303271559743,-21.978538462093105,15.657501220703125,0.21654178139798508,44.463896764643565,0.0113303271559743,"(44.197, 44.729]"
1463878,73.99289943602803,259.42959621654165,1463878,324.1936341798537,1.1365653295148694,324.1936341798537,1.1365653295148694,213646.47+010811.6,0.37121629075255863,44.683827785188136,0.0107707429680665,43.972020556146944,0.0107707429680665,-22.228277767833944,7.8219380378723145,0.37121629075255863,44.683827785188136,0.0107707429680665,"(44.197, 44.729]"
1434079,157.89641399889132,266.1636720360105,1434079,8.864419841281075,-0.3408348725308129,8.864419841281075,-0.3408348725308129,003527.46-002027.0,0.49189032308963465,44.39056802937336,0.012418727693447,43.67876080033217,0.012418727693447,-21.74174211143772,4.785580635070801,0.49189032308963465,44.39056802937336,0.012418727693447,"(44.197, 44.729]"
1436643,133.3962212087425,579.5555625191047,1436643,6.802488282073028,0.8666512599334242,6.802488282073028,0.8666512599334242,002712.59+005159.9,0.30364060301191054,44.412765830700394,0.0049307020173152,43.7009586016592,0.0049307020173152,-22.624130548145803,12.981283187866211,0.30364060301191054,44.412765830700394,0.0049307020173152,"(44.197, 44.729]"
1452171,121.64899995368208,722.2739336024786,1452171,346.5591060066321,-1.0067922280946828,346.5591060066321,-1.0067922280946828,230614.18-010024.4,0.2669561447140282,44.667220697448954,0.0023612972980551,43.95541346840776,0.0023612972980551,-22.983930399299876,32.34291076660156,0.2669561447140282,44.667220697448954,0.0023612972980551,"(44.197, 44.729]"
1445165,27.11130594573248,53.164577210884886,1445165,359.46011805340527,-0.3818047652917375,359.46011805340527,-0.3818047652917375,235750.42-002254.4,0.4005256484732994,44.25137608689974,0.015708778969472,43.53956885785855,0.015708778969472,-21.199013899869083,3.122105836868286,0.4005256484732994,44.25137608689974,0.015708778969472,"(44.197, 44.729]"
1412987,274.01464424355987,303.1872075970296,1412987,24.93354253037709,-0.714281266823262,24.93354253037709,-0.714281266823262,013944.05-004251.4,0.47159030058536255,44.555837573754225,0.0084501340529925,43.84403034471303,0.0084501340529925,-22.46111628175284,6.225524425506592,0.47159030058536255,44.555837573754225,0.0084501340529925,"(44.197, 44.729]"
1412237,17.535659953211162,15.199864814840057,1412237,25.43983853471449,0.149453741999419,25.43983853471449,0.149453741999419,014145.56+000858.0,0.5366137064354095,44.34187577016165,0.0130047966476638,43.63006854112046,0.0130047966476638,-21.625073791627003,3.092423915863037,0.5366137064354095,44.34187577016165,0.0130047966476638,"(44.197, 44.729]"
1398759,17.073731733858995,26.94461542200602,1398759,35.30619483164094,1.050334402188877,35.30619483164094,1.050334402188877,022113.48+010301.2,0.6489494838196479,44.62441175583239,0.011463209940377,43.9126045267912,0.011463209940377,-22.624132270611288,3.0328621864318848,0.6489494838196479,44.62441175583239,0.011463209940377,"(44.197, 44.729]"
1416126,39.18048320398166,223.1916182147593,1416126,22.69945021931417,0.5140054315635678,22.69945021931417,0.5140054315635678,013047.86+003050.4,0.3933409145590144,44.484738154131755,0.0125307172299322,43.77293092509056,0.0125307172299322,-22.419012368328726,11.650254249572754,0.3933409145590144,44.484738154131755,0.0125307172299322,"(44.197, 44.729]"
1413771,21.14538939409728,30.50663117836689,1413771,24.36368540855267,0.2871825359622316,24.36368540855267,0.2871825359622316,013727.28+001713.8,0.5722360246498961,44.51799800415799,0.0096622840125526,43.8061907751168,0.0096622840125526,-22.39509990814991,3.131486177444458,0.5722360246498961,44.51799800415799,0.0096622840125526,"(44.197, 44.729]"
1424586,24.80846475354757,41.56472281895428,1424586,16.224987,-0.03462423,16.224987,-0.03462423,010453.99-000204.6,0.515641376031543,44.65037245736218,0.0113572903275098,43.93856522832099,0.0113572903275098,1.0,4.088005065917969,0.515641376031543,44.65037245736218,0.0113572903275098,"(44.197, 44.729]"
1421244,42.72308675163593,60.98463195268064,1421244,18.894851774285144,0.5215906208974711,18.894851774285144,0.5215906208974711,011534.76+003117.7,0.580935060509766,44.4145968374164,0.0169298765533945,43.702789608375205,0.0169298765533945,-22.088952808775623,3.4644417762756348,0.580935060509766,44.4145968374164,0.0169298765533945,"(44.197, 44.729]"
1426481,25.10648194885125,26.45414417659748,1426481,14.728072495542875,0.5032841559235979,14.728072495542875,0.5032841559235979,005854.73+003011.8,0.7017300359608528,44.59515037469668,0.0083954898765696,43.88334314565549,0.0083954898765696,-22.009802334369372,3.398702621459961,0.7017300359608528,44.59515037469668,0.0083954898765696,"(44.197, 44.729]"
1452508,78.38110082253932,317.2679819682229,1452508,345.9512179431288,-0.6485306406792427,345.9512179431288,-0.6485306406792427,230348.29-003854.7,0.3349087797177633,44.49803039010436,0.0071296239974856,43.78622316106317,0.0071296239974856,-22.377411009233438,12.948281288146973,0.3349087797177633,44.49803039010436,0.0071296239974856,"(44.197, 44.729]"
1466368,88.3387787242214,128.66352157723966,1466368,319.7586839235923,-0.3261522777795296,319.7586839235923,-0.3261522777795296,211902.08-001934.1,0.3113596340343495,44.537326849303675,0.0076700965816414,43.82551962026248,0.0076700965816414,-21.883394487470348,11.50709342956543,0.3113596340343495,44.537326849303675,0.0076700965816414,"(44.197, 44.729]"
1446126,440.1083675464956,605.6212682585652,1446126,357.9381197150775,0.893018655509208,357.9381197150775,0.893018655509208,235145.14+005334.8,0.41601042391348875,44.727609528515984,0.0062136502598413,44.01580229947479,0.0062136502598413,-22.78765988951,10.30959415435791,0.41601042391348875,44.727609528515984,0.0062136502598413,"(44.197, 44.729]"
1427610,317.75682770342985,482.3539900366405,1427610,13.815783414825743,-0.8313504850616998,13.815783414825743,-0.8313504850616998,005515.78-004952.8,0.4589361074417408,44.64847511004095,0.0067545037012344,43.93666788099976,0.0067545037012344,-22.596763155643668,7.890369892120361,0.4589361074417408,44.64847511004095,0.0067545037012344,"(44.197, 44.729]"
1452521,147.08396687168664,288.16101697404764,1452521,345.93209345478215,0.8423427549948677,345.93209345478215,0.8423427549948677,230343.70+005032.4,0.4519888637458888,44.61608136700756,0.0144764284035012,43.90427413796637,0.0144764284035012,-22.3788573883995,4.912457466125488,0.4519888637458888,44.61608136700756,0.0144764284035012,"(44.197, 44.729]"
1464576,45.43887521630578,382.1306136565845,1464576,322.9689970766934,-1.031115972205312,322.9689970766934,-1.031115972205312,213152.55-010152.0,0.38732648242683404,44.68338244950805,0.0041470426660232,43.97157522046686,0.0041470426660232,-23.40400840559681,14.45600700378418,0.38732648242683404,44.68338244950805,0.0041470426660232,"(44.197, 44.729]"
1447692,131.37357530912212,287.09942483875653,1447692,354.894712456635,-0.4887684192982586,354.894712456635,-0.4887684192982586,233934.73-002919.5,0.35667501998173023,44.60301428119127,0.0086222678223037,43.89120705215008,0.0086222678223037,-22.041158879355425,9.287652015686035,0.35667501998173023,44.60301428119127,0.0086222678223037,"(44.197, 44.729]"
1400486,35.360621918586304,54.09016060482752,1400486,34.12908570324538,-0.4630394693180937,34.12908570324538,-0.4630394693180937,021630.98-002746.9,0.5505757260005834,44.57449335539449,0.0097522963112339,43.862686126353296,0.0097522963112339,-22.092188687705153,3.8771986961364746,0.5505757260005834,44.57449335539449,0.0097522963112339,"(44.197, 44.729]"
1450424,34.442704725727154,36.70360873347877,1450424,349.84296856672216,-0.8297451581425471,349.84296856672216,-0.8297451581425471,231922.31-004947.0,0.39647024357718796,44.306356943865424,0.0102078117804786,43.59454971482423,0.0102078117804786,-21.92951068552833,4.59285831451416,0.39647024357718796,44.306356943865424,0.0102078117804786,"(44.197, 44.729]"
1445752,231.40707643409743,270.50722466722834,1445752,358.52710960472484,0.8725974487546351,358.52710960472484,0.8725974487546351,235406.50+005221.3,0.4568825736123929,44.4448240535282,0.0110910996136937,43.73301682448701,0.0110910996136937,-22.50376366483248,5.405294895172119,0.4568825736123929,44.4448240535282,0.0110910996136937,"(44.197, 44.729]"
1389758,43.644832384694425,199.67959301135468,1389758,41.46799107343322,-0.3060721282068663,41.46799107343322,-0.3060721282068663,024552.31-001821.8,0.5732709131622348,44.7103131754388,0.006465232855092,43.99850594639761,0.006465232855092,-22.78023483963257,5.844655990600586,0.5732709131622348,44.7103131754388,0.006465232855092,"(44.197, 44.729]"
1438377,270.21424012121514,291.0309130863762,1438377,5.364841306084429,0.5923015431667366,5.364841306084429,0.5923015431667366,002127.56+003532.2,0.32687760708058444,44.35423343476723,0.0117201838217262,43.64242620572604,0.0117201838217262,-21.765749418191714,5.906658172607422,0.32687760708058444,44.35423343476723,0.0117201838217262,"(44.197, 44.729]"
1403210,20.53430554108505,45.98113099349947,1403210,32.2322255582084,-0.2535084838292883,32.2322255582084,-0.2535084838292883,020855.73-001512.6,0.5603656650617341,44.581058483026084,0.0079309815908779,43.86925125398489,0.0079309815908779,-21.647204607559768,3.7962260246276855,0.5603656650617341,44.581058483026084,0.0079309815908779,"(44.197, 44.729]"
1452609,132.98746379795492,300.9467990872,1452609,345.74344533824217,0.7567338950719316,345.74344533824217,0.7567338950719316,230258.42+004524.2,0.5246038765162911,44.573708743046915,0.0111773547973754,43.86190151400572,0.0111773547973754,-22.11427229864576,4.45823335647583,0.5246038765162911,44.573708743046915,0.0111773547973754,"(44.197, 44.729]"
1403002,196.9867314972073,444.5203274319552,1403002,32.374331,-0.934066,32.374331,-0.934066,020929.83-005602.6,0.4271888956522239,44.5692615706948,0.0169567684854889,43.85745434165361,0.0169567684854889,-22.733169033056033,3.0959858894348145,0.4271888956522239,44.5692615706948,0.0169567684854889,"(44.197, 44.729]"
1452590,139.9428822578448,347.3668527247213,1452590,345.78505599342486,1.01764031827349,345.78505599342486,1.01764031827349,230308.41+010103.5,0.449663799214228,44.56876790518531,0.006100686972239,43.85696067614412,0.006100686972239,-22.27388056551479,5.391520977020264,0.449663799214228,44.56876790518531,0.006100686972239,"(44.197, 44.729]"
1399649,375.5441972326429,451.5707996456585,1399649,34.68545998635227,-0.187083953315926,34.68545998635227,-0.187083953315926,021844.51-001113.5,0.6493934174379936,44.64294852259198,0.0107662112795381,43.93114129355079,0.0107662112795381,-22.615610264097956,4.065494537353516,0.6493934174379936,44.64294852259198,0.0107662112795381,"(44.197, 44.729]"
1396569,44.08623352693936,48.07083592433153,1396569,36.784050315972976,-1.0514657777396097,36.784050315972976,-1.0514657777396097,022708.17-010305.2,0.6176679683663441,44.5161370245972,0.0132428313888262,43.80432979555601,0.0132428313888262,-22.35902621414386,3.3059797286987305,0.6176679683663441,44.5161370245972,0.0132428313888262,"(44.197, 44.729]"
1459989,69.89306154744406,453.0448808784833,1459989,331.634221879296,1.1817173881805376,331.634221879296,1.1817173881805376,220632.21+011054.1,0.5147660653318452,44.40115244867616,0.0076765558258564,43.689345219634966,0.0076765558258564,-22.946976569882167,3.8976054191589355,0.5147660653318452,44.40115244867616,0.0076765558258564,"(44.197, 44.729]"
1430234,24.3901866229475,69.88591848980474,1430234,11.669158,-0.953024,11.669158,-0.953024,004640.59-005710.8,0.5006507820947662,44.70410576511607,0.0145634011291981,43.99229853607488,0.0145634011291981,-22.442799108576025,3.3441789150238037,0.5006507820947662,44.70410576511607,0.0145634011291981,"(44.197, 44.729]"
1434045,18.311525776135102,40.746474622751,1434045,8.889406357961825,-0.3144583273472279,8.889406357961825,-0.3144583273472279,003533.45-001852.0,0.5761278990125307,44.55543328382771,0.0048586876810716,43.84362605478652,0.0048586876810716,-22.668717855230014,3.761261463165283,0.5761278990125307,44.55543328382771,0.0048586876810716,"(44.197, 44.729]"
1445705,25.49866266049064,81.20349304062276,1445705,358.6129091821882,-0.2950006878141252,358.6129091821882,-0.2950006878141252,235427.09-001742.0,0.43328426667509623,44.357726896817724,0.0095700939348368,43.64591966777653,0.0095700939348368,-21.792750995899954,3.939774513244629,0.43328426667509623,44.357726896817724,0.0095700939348368,"(44.197, 44.729]"
1422488,18.326456554533525,72.90438637916616,1422488,17.877110427823098,0.2411093482138649,17.877110427823098,0.2411093482138649,011130.50+001427.9,0.43229810977940364,44.22587607427849,0.0075319309241095,43.5140688452373,0.0075319309241095,-21.412121371208908,4.987682819366455,0.43229810977940364,44.22587607427849,0.0075319309241095,"(44.197, 44.729]"
1409576,207.66548726046787,422.5542726734314,1409576,27.362339464679643,-0.2986578397212274,27.362339464679643,-0.2986578397212274,014926.96-001755.1,0.3707438532510434,44.71969585948567,0.0049494773360692,44.00788863044448,0.0049494773360692,-22.344413651256303,14.36069107055664,0.3707438532510434,44.71969585948567,0.0049494773360692,"(44.197, 44.729]"
1445232,218.31829040164075,288.411618088307,1445232,359.3561476891299,0.884489738089375,359.3561476891299,0.884489738089375,235725.47+005304.1,0.43655586750111,44.720671601111114,0.0067935047580682,44.00886437206992,0.0067935047580682,-22.21917538235459,7.49744176864624,0.43655586750111,44.720671601111114,0.0067935047580682,"(44.197, 44.729]"
1418454,263.3578052163747,268.9232993022176,1418454,20.975771009132075,-0.5804324807655751,20.975771009132075,-0.5804324807655751,012354.18-003449.5,0.43259857781758615,44.3591510949295,0.0129127211212249,43.64734386588831,0.0129127211212249,-22.558996907413334,6.278138637542725,0.43259857781758615,44.3591510949295,0.0129127211212249,"(44.197, 44.729]"
1408555,492.6644626371247,1189.4187669204289,1408555,28.179789,0.344346,28.179789,0.344346,015243.14+002039.6,0.5772474926875497,44.72431660666591,0.0174640441476725,44.01250937762472,0.0174640441476725,-22.972279130147825,3.3460052013397217,0.5772474926875497,44.72431660666591,0.0174640441476725,"(44.197, 44.729]"
1404961,157.87633795716638,199.81646290977872,1404961,31.012808,0.414699,31.012808,0.414699,020403.07+002452.9,0.4357648512248996,44.72863527299353,0.0100870492243672,44.01682804395234,0.0100870492243672,-22.58554916663844,4.441373825073242,0.4357648512248996,44.72863527299353,0.0100870492243672,"(44.197, 44.729]"
1442416,708.6513709768252,895.1701823931415,1442416,1.9604565423172744,0.9708995255733114,1.9604565423172744,0.9708995255733114,000750.50+005815.2,0.3451868554654593,44.214293889498954,0.0096766028415196,43.50248666045776,0.0096766028415196,-21.449647974736045,5.517054557800293,0.3451868554654593,44.214293889498954,0.0096766028415196,"(44.197, 44.729]"
1451748,62.80218133215362,228.49402932813783,1451748,347.4183654048924,-0.8057151737741912,347.4183654048924,-0.8057151737741912,230940.40-004820.5,0.24749155373792195,44.48397479561089,0.0060287718308167,43.7721675665697,0.0060287718308167,-21.68826907113326,17.652795791625977,0.24749155373792195,44.48397479561089,0.0060287718308167,"(44.197, 44.729]"
1396278,84.93575960910336,130.31225532289196,1396278,36.9931334457794,0.4633597558812414,36.9931334457794,0.4633597558812414,022758.35+002748.0,0.37179594024687423,44.48088994120292,0.0150707176609792,43.769082712161726,0.0150707176609792,-21.842536699410445,5.569706916809082,0.37179594024687423,44.48088994120292,0.0150707176609792,"(44.197, 44.729]"
1395639,16.606353448266564,42.70962509964994,1395639,37.40125690642351,-0.7015164877269919,37.40125690642351,-0.7015164877269919,022936.30-004205.4,0.5540180655536325,44.47302017999497,0.0090813363128354,43.76121295095378,0.0090813363128354,-21.851640798168752,3.2785420417785645,0.5540180655536325,44.47302017999497,0.0090813363128354,"(44.197, 44.729]"
1447751,75.17818761125399,215.95308800853087,1447751,354.7756939727984,-0.8410099017408484,354.7756939727984,-0.8410099017408484,233906.16-005027.6,0.4459569995601581,44.59607621584276,0.0062468575395442,43.884268986801565,0.0062468575395442,-22.06040147825298,4.967835426330566,0.4459569995601581,44.59607621584276,0.0062468575395442,"(44.197, 44.729]"
1459036,13.920590888288976,58.61875631894203,1459036,333.3873481847255,0.4284324670352304,333.3873481847255,0.4284324670352304,221332.96+002542.3,0.4674255568050375,44.280088680627955,0.0097645388563094,43.56828145158676,0.0097645388563094,-22.372922100657963,5.2780914306640625,0.4674255568050375,44.280088680627955,0.0097645388563094,"(44.197, 44.729]"
1436434,183.70676155905105,1189.2710230813575,1436434,6.968329974750645,0.4377033903322469,6.968329974750645,0.4377033903322469,002752.39+002615.7,0.2054494486434164,44.43856316173093,0.0027487743719945,43.72675593268974,0.0027487743719945,-22.501850338622823,24.343496322631836,0.2054494486434164,44.43856316173093,0.0027487743719945,"(44.197, 44.729]"
1409066,10.638986028006917,46.383004425121946,1409066,27.76710094304815,-0.8377414679190033,27.76710094304815,-0.8377414679190033,015104.10-005015.8,0.5616393309503279,44.6565897367741,0.0034896460484148,43.94478250773291,0.0034896460484148,-22.18313429958749,4.179832935333252,0.5616393309503279,44.6565897367741,0.0034896460484148,"(44.197, 44.729]"
1414889,43.69240172373067,107.15842794801652,1414889,23.567530249676977,1.0221517616649776,23.567530249676977,1.0221517616649776,013416.20+010119.7,0.40265173047038144,44.37576319286524,0.008397043147589,43.66395596382405,0.008397043147589,-22.127282834852732,6.137330532073975,0.40265173047038144,44.37576319286524,0.008397043147589,"(44.197, 44.729]"
1441731,87.62163116330888,167.4520157875509,1441731,2.5304951815036247,-1.2271988945858012,2.5304951815036247,-1.2271988945858012,001007.31-011337.9,0.34215456959877333,44.282185970730794,0.0144722890117421,43.5703787416896,0.0144722890117421,-21.553244952847194,6.150993347167969,0.34215456959877333,44.282185970730794,0.0144722890117421,"(44.197, 44.729]"
1402426,124.07726904006884,143.29485069932664,1402426,32.809119031065606,-0.2348251042865878,32.809119031065606,-0.2348251042865878,021114.18-001405.3,0.5387892946921957,44.712913154225525,0.0064566839795254,44.00110592518433,0.0064566839795254,-22.454272391947967,5.01840353012085,0.5387892946921957,44.712913154225525,0.0064566839795254,"(44.197, 44.729]"
1445671,15.761543669257398,731.1214110858348,1445671,358.6730922648969,-0.0801908407851898,358.6730922648969,-0.0801908407851898,235441.54-000448.6,0.27938339867716855,44.44553636062929,0.0029437575702857,43.7337291315881,0.0029437575702857,-23.18695559502059,25.833433151245117,0.27938339867716855,44.44553636062929,0.0029437575702857,"(44.197, 44.729]"
1452267,15.391764248971825,29.8112643983642,1452267,346.3818761716478,-0.4693825521154357,346.3818761716478,-0.4693825521154357,230531.65-002809.7,0.5094074461415794,44.602819410572195,0.0113155369313275,43.891012181531,0.0113155369313275,-22.263460745881375,4.387204170227051,0.5094074461415794,44.602819410572195,0.0113155369313275,"(44.197, 44.729]"
1410268,74.72891656935141,121.92866836868694,1410268,26.85710820122849,-0.2365946803138348,26.85710820122849,-0.2365946803138348,014725.70-001411.7,0.6052296465726148,44.69406989239653,0.0116580734171236,43.982262663355336,0.0116580734171236,-22.65973403331864,5.119094371795654,0.6052296465726148,44.69406989239653,0.0116580734171236,"(44.197, 44.729]"
1417763,106.40871836136552,2565.36766447118,1417763,21.50177423760512,-0.36262920682692,21.50177423760512,-0.36262920682692,012600.42-002145.4,0.39009494031918307,44.36794428348313,0.0062071509472083,43.65613705444194,0.0062071509472083,-21.687448870499214,10.085173606872559,0.39009494031918307,44.36794428348313,0.0062071509472083,"(44.197, 44.729]"
1395224,620.2915040106465,769.3844518493219,1395224,37.68721325187971,1.212778262098119,37.68721325187971,1.212778262098119,023044.93+011246.0,0.2662930161926969,44.50897727988868,0.0100876615158114,43.79717005084749,0.0100876615158114,-22.209063269517703,18.130748748779297,0.2662930161926969,44.50897727988868,0.0100876615158114,"(44.197, 44.729]"
1447021,28.59012410349777,271.5689435957782,1447021,356.3219100727357,0.3042027358916023,356.3219100727357,0.3042027358916023,234517.25+001815.1,0.4610891021111015,44.598067304560495,0.0101095562891835,43.8862600755193,0.0101095562891835,-23.155153267568895,9.276142120361328,0.4610891021111015,44.598067304560495,0.0101095562891835,"(44.197, 44.729]"
1463828,69.23265880133641,156.34979517070212,1463828,324.2700120034567,-0.1018923184420044,324.2700120034567,-0.1018923184420044,213704.80-000606.8,0.48804595246352395,44.52183783445186,0.0106532557970915,43.81003060541067,0.0106532557970915,-21.65861834792202,4.430703163146973,0.48804595246352395,44.52183783445186,0.0106532557970915,"(44.197, 44.729]"
1443570,10.47645987115342,42.98374478447866,1443570,1.0447932475997277,0.7794696836099817,1.0447932475997277,0.7794696836099817,000410.75+004646.0,0.6494514404332458,44.69842053351829,0.0098572221798036,43.986613304477096,0.0098572221798036,-22.642029497879808,3.3545260429382324,0.6494514404332458,44.69842053351829,0.0098572221798036,"(44.197, 44.729]"
1392235,36.36218947778526,266.5753550729469,1392235,39.82482000544519,-0.1810076413320057,39.82482000544519,-0.1810076413320057,023917.95-001051.6,0.26045687897451725,44.21139361285863,0.0133372697368088,43.49958638381744,0.0133372697368088,-21.934863196049065,12.039548873901367,0.26045687897451725,44.21139361285863,0.0133372697368088,"(44.197, 44.729]"
1435720,190.0109430845292,446.01552995840274,1435720,7.541096824297092,-0.3759605929173208,7.541096824297092,-0.3759605929173208,003009.86-002233.4,0.41015634064700884,44.67713513441133,0.004228923341742,43.96532790537014,0.004228923341742,-22.638819038135207,11.211665153503418,0.41015634064700884,44.67713513441133,0.004228923341742,"(44.197, 44.729]"
1428976,154.45626249431794,518.3198687042415,1428976,12.644552102687271,-0.6024284345482764,12.644552102687271,-0.6024284345482764,005034.69-003608.7,0.45736692146138785,44.69877768180258,0.0091833280502982,43.98697045276139,0.0091833280502982,-22.568069160180325,5.989773750305176,0.45736692146138785,44.69877768180258,0.0091833280502982,"(44.197, 44.729]"
1405238,145.49966115291326,223.36134889960053,1405238,30.81192245222269,-0.5925983433474005,30.81192245222269,-0.5925983433474005,020314.86-003533.3,0.4062106495615836,44.721710502941264,0.0061673966249138,44.00990327390007,0.0061673966249138,-22.77065380505331,13.14592170715332,0.4062106495615836,44.721710502941264,0.0061673966249138,"(44.197, 44.729]"
1395336,445.9666888676707,266.2069982633841,1395336,37.61274028261596,-0.9826947234225444,37.61274028261596,-0.9826947234225444,023027.05-005857.7,0.39874537207222965,44.36520675979368,0.0153081321785855,43.65339953075249,0.0153081321785855,-22.523657784181783,7.489563465118408,0.39874537207222965,44.36520675979368,0.0153081321785855,"(44.197, 44.729]"
1431374,105.23730854657464,109.776203010835,1431374,10.838327248659825,-0.0321668217437229,10.838327248659825,-0.0321668217437229,004321.19-000155.8,0.5193481913047719,44.52834009956414,0.0068032142675598,43.81653287052295,0.0068032142675598,-22.46348947302014,4.566076755523682,0.5193481913047719,44.52834009956414,0.0068032142675598,"(44.197, 44.729]"
1452422,137.50400938298003,106.72437267138535,1452422,346.0659073626227,-0.502942939351035,346.0659073626227,-0.502942939351035,230415.81-003010.5,0.43472623805019056,44.599171099301564,0.0084497633538553,43.88736387026037,0.0084497633538553,-23.04104866632807,7.78580379486084,0.43472623805019056,44.599171099301564,0.0084497633538553,"(44.197, 44.729]"
1404829,42.25996973058376,137.38105890436512,1404829,31.112833820108563,1.1391627558218833,31.112833820108563,1.1391627558218833,020427.08+010820.9,0.46616178160900096,44.36081944519045,0.0220944065116022,43.64901221614926,0.0220944065116022,-22.282397745784866,4.359088897705078,0.46616178160900096,44.36081944519045,0.0220944065116022,"(44.197, 44.729]"
1399781,46.148421809401725,126.4564402612209,1399781,34.60629446378596,-0.8423645364324575,34.60629446378596,-0.8423645364324575,021825.51-005032.5,0.6721687978232179,44.674454887507395,0.0096722451794981,43.9626476584662,0.0096722451794981,-22.961761589642244,3.9736156463623047,0.6721687978232179,44.674454887507395,0.0096722451794981,"(44.197, 44.729]"
1436231,19.23263928877341,25.672008185434724,1436231,7.154078758859742,-0.3211520883186236,7.154078758859742,-0.3211520883186236,002836.97-001916.1,0.4311477904274983,44.490411016954745,0.0072274010859629,43.77860378791355,0.0072274010859629,-22.137501831454774,3.3740811347961426,0.4311477904274983,44.490411016954745,0.0072274010859629,"(44.197, 44.729]"
1441240,13.263600797165454,21.805124929313862,1441240,2.9549696246741064,0.2925797878426038,2.9549696246741064,0.2925797878426038,001149.19+001733.2,0.5391991195674507,44.538644097854224,0.0043841324173143,43.82683686881303,0.0043841324173143,-22.15894488323653,3.1761460304260254,0.5391991195674507,44.538644097854224,0.0043841324173143,"(44.197, 44.729]"
1416930,69.62626159340236,587.5698012749745,1416930,22.10086354966029,0.3236584736877135,22.10086354966029,0.3236584736877135,012824.20+001925.1,0.41996834511253633,44.54254156268034,0.0054830309255358,43.83073433363915,0.0054830309255358,-23.17759514230872,7.731898784637451,0.41996834511253633,44.54254156268034,0.0054830309255358,"(44.197, 44.729]"
1446453,300.86836183086507,1219.1671259371014,1446453,357.3602698074344,0.6405994903256594,357.3602698074344,0.6405994903256594,234926.46+003826.1,0.22443261056960384,44.32724266968236,0.0199769759249797,43.61543544064117,0.0199769759249797,-21.929668356837013,13.63381290435791,0.22443261056960384,44.32724266968236,0.0199769759249797,"(44.197, 44.729]"
1451009,59.54547955397736,78.7993976820268,1451009,348.78678691628375,-1.1764718541277843,348.78678691628375,-1.1764718541277843,231508.82-011035.2,0.33431786993235957,44.68055890269456,0.0046297641462622,43.968751673653365,0.0046297641462622,-22.262269456810923,10.452238082885742,0.33431786993235957,44.68055890269456,0.0046297641462622,"(44.197, 44.729]"
1440858,17.73352056251429,40.82627526049768,1440858,3.300352619649175,1.2230726582648088,3.300352619649175,1.2230726582648088,001312.08+011323.0,0.3687113645797464,44.469251185626675,0.0073206207561433,43.75744395658548,0.0073206207561433,-21.959122391249522,6.052862644195557,0.3687113645797464,44.469251185626675,0.0073206207561433,"(44.197, 44.729]"
1450410,18.66890389533108,33.59325797538917,1450410,349.8668496763641,0.7779211127854425,349.8668496763641,0.7779211127854425,231928.04+004640.5,0.4739254640284823,44.54445962127657,0.0102373177659238,43.83265239223538,0.0102373177659238,-21.56237340100809,3.9819517135620117,0.4739254640284823,44.54445962127657,0.0102373177659238,"(44.197, 44.729]"
1390663,20.200267682317303,32.74085029834066,1390663,40.87098290422374,-0.3605578008540739,40.87098290422374,-0.3605578008540739,024329.03-002138.0,0.43154507319245805,44.513974538498054,0.0077733586224226,43.80216730945686,0.0077733586224226,-21.724477875927928,5.352718830108643,0.43154507319245805,44.513974538498054,0.0077733586224226,"(44.197, 44.729]"
1421696,182.24010090586845,403.68872785319934,1421696,18.52599770959373,-1.0683243758146552,18.52599770959373,-1.0683243758146552,011406.23-010405.9,0.4367473152386213,44.58235888285765,0.0043595629785997,43.870551653816456,0.0043595629785997,-22.846625713846652,10.727405548095703,0.4367473152386213,44.58235888285765,0.0043595629785997,"(44.197, 44.729]"
1425967,28.69077509294682,41.16742800684732,1425967,15.15511305824468,-0.077408199153663,15.15511305824468,-0.077408199153663,010037.22-000438.6,0.6422487815178755,44.4897098258814,0.0085501024961658,43.77790259684021,0.0085501024961658,-22.475520485836864,3.9388182163238525,0.6422487815178755,44.4897098258814,0.0085501024961658,"(44.197, 44.729]"
1428980,16.346291376066286,41.133698443108784,1428980,12.639801652540068,0.0260932910462661,12.639801652540068,0.0260932910462661,005033.55+000133.9,0.5556677487538447,44.65042002778103,0.0083708060314222,43.93861279873984,0.0083708060314222,-22.25619398547556,3.4912564754486084,0.5556677487538447,44.65042002778103,0.0083708060314222,"(44.197, 44.729]"
1443547,202.8361932394452,622.460446962332,1443547,1.0648781711961988,0.9418268118829218,1.0648781711961988,0.9418268118829218,000415.57+005630.5,0.3008141658364125,44.58154226234641,0.0031579570596242,43.86973503330522,0.0031579570596242,-21.973946873073647,13.034082412719727,0.3008141658364125,44.58154226234641,0.0031579570596242,"(44.197, 44.729]"
1445254,18.561386207387,27.87233110894013,1445254,359.31794726956275,0.0238275546273624,359.31794726956275,0.0238275546273624,235716.30+000125.7,0.6313130619715962,44.595374962996246,0.0071205038412216,43.883567733955054,0.0071205038412216,-22.221179986565165,3.445720672607422,0.6313130619715962,44.595374962996246,0.0071205038412216,"(44.197, 44.729]"
1416315,93.209419671871,31.698289718416376,1416315,22.542062838707807,-1.1894002788329536,22.542062838707807,-1.1894002788329536,013010.09-011121.8,0.680232683549649,44.53970458435653,0.0135124646396747,43.827897355315336,0.0135124646396747,-22.73989298667051,3.067507266998291,0.680232683549649,44.53970458435653,0.0135124646396747,"(44.197, 44.729]"
1402069,108.23516398436487,323.8131513041934,1402069,33.06611918095224,0.5776438736708192,33.06611918095224,0.5776438736708192,021215.86+003439.5,0.3431704402891898,44.46652437264516,0.0066066172586261,43.75471714360397,0.0066066172586261,-22.188278468357858,8.854971885681152,0.3431704402891898,44.46652437264516,0.0066066172586261,"(44.197, 44.729]"
1422006,10.688145859295757,28.05129115982784,1422006,18.27179635173008,0.056432470240537,18.27179635173008,0.056432470240537,011305.23+000323.1,0.43237130639103816,44.290067020800294,0.0101864208334241,43.5782597917591,0.0101864208334241,-21.646797321197862,3.8498923778533936,0.43237130639103816,44.290067020800294,0.0101864208334241,"(44.197, 44.729]"
1413687,13.85751319995888,58.57845943290528,1413687,24.4377949324844,0.9233428552388584,24.4377949324844,0.9233428552388584,013745.07+005524.0,0.48844751738831366,44.23004946429697,0.0208123023143862,43.51824223525578,0.0208123023143862,-22.105919209148457,4.362903118133545,0.48844751738831366,44.23004946429697,0.0208123023143862,"(44.197, 44.729]"
1397913,46.00584870698891,29.959026076437056,1397913,35.85090628753622,0.5477481444626991,35.85090628753622,0.5477481444626991,022324.21+003251.8,0.5971176274792095,44.31504194498058,0.0242617814178629,43.60323471593939,0.0242617814178629,-22.79710557703879,3.5916836261749268,0.5971176274792095,44.31504194498058,0.0242617814178629,"(44.197, 44.729]"
1416694,92.03465203542714,687.4851273086246,1416694,22.25240708595793,0.8409372842488596,22.25240708595793,0.8409372842488596,012900.57+005027.3,0.5256855809606948,44.51608978174014,0.0145953281988333,43.80428255269895,0.0145953281988333,-21.367751224222243,3.1673920154571533,0.5256855809606948,44.51608978174014,0.0145953281988333,"(44.197, 44.729]"
1446262,546.1102454784658,625.4615194212943,1446262,357.7113948722511,-0.4801556742347237,357.7113948722511,-0.4801556742347237,235050.73-002848.5,0.4412346026808171,44.69650159772465,0.0071630454695643,43.984694368683456,0.0071630454695643,-22.594541216772075,7.91270637512207,0.4412346026808171,44.69650159772465,0.0071630454695643,"(44.197, 44.729]"
1421297,48.36916229867001,53.068940090945055,1421297,18.8546309200992,-0.8766419996951342,18.8546309200992,-0.8766419996951342,011525.11-005235.9,0.5018123119996584,44.66288176080335,0.0084934995987495,43.95107453176216,0.0084934995987495,-21.770374317322705,4.07089376449585,0.5018123119996584,44.66288176080335,0.0084934995987495,"(44.197, 44.729]"
1440368,31.399307597581988,157.0723875223944,1440368,3.710490434025539,0.1257199891018875,3.710490434025539,0.1257199891018875,001450.51+000732.5,0.4347761980352,44.40188493004645,0.0153692509244436,43.69007770100526,0.0153692509244436,-22.016418176603867,4.934092044830322,0.4347761980352,44.40188493004645,0.0153692509244436,"(44.197, 44.729]"
1451527,19.4769245718374,38.010179083117904,1451527,347.8230658893821,-0.912374020598566,347.8230658893821,-0.912374020598566,231117.53-005444.5,0.5872856816437477,44.661819725546174,0.0069010115112462,43.95001249650498,0.0069010115112462,-22.50316776627976,3.576158285140991,0.5872856816437477,44.661819725546174,0.0069010115112462,"(44.197, 44.729]"
1392658,10.946036147145351,30.816432214537983,1392658,39.51396365599071,-0.8951608640477705,39.51396365599071,-0.8951608640477705,023803.35-005342.5,0.7512407837208224,44.665112944871126,0.0196971954570344,43.953305715829934,0.0196971954570344,-22.14555399397489,3.0300326347351074,0.7512407837208224,44.665112944871126,0.0196971954570344,"(44.197, 44.729]"
1465615,82.24583522323,120.7736886578436,1465615,321.13269862857254,1.2023223665697649,321.13269862857254,1.2023223665697649,212431.84+011208.3,0.4148275098627475,44.67696518301315,0.0117811403753194,43.96515795397196,0.0117811403753194,-22.169882614765523,7.133720397949219,0.4148275098627475,44.67696518301315,0.0117811403753194,"(44.197, 44.729]"
1463981,38.00461133370803,55.614612625107,1463981,324.054249141388,-0.5158506619479063,324.054249141388,-0.5158506619479063,213613.01-003057.0,0.4531322581530417,44.58553157570181,0.0091145826302998,43.873724346660616,0.0091145826302998,-22.116260325350655,6.079470157623291,0.4531322581530417,44.58553157570181,0.0091145826302998,"(44.197, 44.729]"
1396337,27.0378147346081,45.94690527247817,1396337,36.950196527000685,-0.1619374819987505,36.950196527000685,-0.1619374819987505,022748.04-000942.9,0.6159536297995564,44.65545776940443,0.0094306980604734,43.94365054036324,0.0094306980604734,-21.39439198801356,4.283545970916748,0.6159536297995564,44.65545776940443,0.0094306980604734,"(44.197, 44.729]"
1426578,46.35298487690296,77.11117334886444,1426578,14.63001657380094,-0.2244487092650796,14.63001657380094,-0.2244487092650796,005831.20-001328.0,0.5798815874109707,44.36517265825393,0.0075483307610042,43.65336542921274,0.0075483307610042,-22.199845174867534,3.7122037410736084,0.5798815874109707,44.36517265825393,0.0075483307610042,"(44.197, 44.729]"
1438234,12.469013038150996,21.480684260147232,1438234,5.479061607323047,-0.8994823213464785,5.479061607323047,-0.8994823213464785,002154.97-005358.1,0.5462536823050665,44.70853208506451,0.0069226420786314,43.99672485602332,0.0069226420786314,-22.29620075212771,5.532774448394775,0.5462536823050665,44.70853208506451,0.0069226420786314,"(44.197, 44.729]"
1394980,269.0076914254112,56.89840181620991,1394980,37.84075895749038,-0.129747616794745,37.84075895749038,-0.129747616794745,023121.78-000747.0,0.5897279759342443,44.63345823135832,0.0079084484321043,43.92165100231713,0.0079084484321043,-22.94795494508044,6.304091453552246,0.5897279759342443,44.63345823135832,0.0079084484321043,"(44.197, 44.729]"
1391265,24.135805168933555,51.34041313332785,1391265,40.48739892808823,-0.0927375732506931,40.48739892808823,-0.0927375732506931,024156.97-000533.8,0.4073549304396192,44.20924668110721,0.0205517873576717,43.49743945206602,0.0205517873576717,-21.558023604539994,3.619361162185669,0.4073549304396192,44.20924668110721,0.0205517873576717,"(44.197, 44.729]"
1446279,39.55317681798543,44.1891446951616,1446279,357.6756453739019,-1.073605484695744,357.6756453739019,-1.073605484695744,235042.15-010424.9,0.39717171181191785,44.201127936091204,0.0242664475578422,43.48932070705001,0.0242664475578422,-22.097877303905765,5.614724636077881,0.39717171181191785,44.201127936091204,0.0242664475578422,"(44.197, 44.729]"
1413856,82.94706697719171,120.85881413668557,1413856,24.292544059707097,-0.5537670988296362,24.292544059707097,-0.5537670988296362,013710.21-003313.5,0.39118844907172884,44.3341980969099,0.0127558506469043,43.62239086786871,0.0127558506469043,-22.12828463002224,6.532075881958008,0.39118844907172884,44.3341980969099,0.0127558506469043,"(44.197, 44.729]"
1396065,55.929082705440685,122.34794628557763,1396065,37.12971190158634,0.5259669176522341,37.12971190158634,0.5259669176522341,022831.13+003133.4,0.40206836270787766,44.64091823335809,0.0091630250925653,43.9291110043169,0.0091630250925653,-22.206273669048027,5.711421012878418,0.40206836270787766,44.64091823335809,0.0091630250925653,"(44.197, 44.729]"
1466153,35.60700038972722,56.68258648639622,1466153,320.20455590252715,-0.252232780659035,320.20455590252715,-0.252232780659035,212049.09-001508.0,0.46682847358490603,44.22719329941665,0.0114626096320549,43.515386070375456,0.0114626096320549,-22.036318804629563,3.270064353942871,0.46682847358490603,44.22719329941665,0.0114626096320549,"(44.197, 44.729]"
1436955,116.44395940584955,252.3786166624501,1436955,6.559516253790605,-0.989126089593424,6.559516253790605,-0.989126089593424,002614.28-005920.8,0.3727004961311182,44.57657177060682,0.0098151814079798,43.86476454156563,0.0098151814079798,-22.694975095251536,11.14018440246582,0.3727004961311182,44.57657177060682,0.0098151814079798,"(44.197, 44.729]"
1441262,11.873172791146713,52.70121396258848,1441262,2.934838023407167,0.3916240420676064,2.934838023407167,0.3916240420676064,001144.36+002329.8,0.5036287544433613,44.44535396983148,0.0108903764801269,43.73354674079029,0.0108903764801269,-22.15338865900212,4.648576259613037,0.5036287544433613,44.44535396983148,0.0108903764801269,"(44.197, 44.729]"
1447904,11.452006286028976,22.788643033020097,1447904,354.5270389936173,-0.3513488104772068,354.5270389936173,-0.3513488104772068,233806.48-002104.8,0.5696198020651543,44.67066036999937,0.0076743960437859,43.958853140958176,0.0076743960437859,-22.165878397232397,3.3439698219299316,0.5696198020651543,44.67066036999937,0.0076743960437859,"(44.197, 44.729]"
1410855,49.91354156790913,73.4848386818769,1410855,26.41489455500158,-0.6274614932154847,26.41489455500158,-0.6274614932154847,014539.57-003738.8,0.5694803373916695,44.58413260546778,0.0094785763134268,43.87232537642659,0.0094785763134268,-22.42185089103463,4.679584503173828,0.5694803373916695,44.58413260546778,0.0094785763134268,"(44.197, 44.729]"
1431799,192.73799491843056,684.2023978271847,1431799,10.556087569304168,0.9882485005605478,10.556087569304168,0.9882485005605478,004213.46+005917.6,0.32902505960541906,44.69053291952886,0.0056948066576012,43.97872569048767,0.0056948066576012,-23.41609981276996,11.976402282714844,0.32902505960541906,44.69053291952886,0.0056948066576012,"(44.197, 44.729]"
1400351,23.12942988065704,45.33363379032523,1400351,34.22985540772555,-0.9956924449971652,34.22985540772555,-0.9956924449971652,021655.16-005944.4,0.573201965310844,44.69819622816952,0.0084300023086179,43.98638899912833,0.0084300023086179,-22.55654921030696,3.548058032989502,0.573201965310844,44.69819622816952,0.0084300023086179,"(44.197, 44.729]"
1401165,49.53975253850804,134.72691886167027,1401165,33.64576143221986,-0.4091746252354449,33.64576143221986,-0.4091746252354449,021434.98-002433.0,0.4305286238869921,44.60216531878012,0.003965082172268,43.89035808973893,0.003965082172268,-21.908152856182486,6.472689151763916,0.4305286238869921,44.60216531878012,0.003965082172268,"(44.197, 44.729]"
1441415,18.94065781233471,47.63984118768819,1441415,2.818830968363585,1.0137947850745566,2.818830968363585,1.0137947850745566,001116.51+010049.6,0.6312101092292625,44.678919666444024,0.0058248029743381,43.96711243740283,0.0058248029743381,-22.830195587210053,4.086328506469727,0.6312101092292625,44.678919666444024,0.0058248029743381,"(44.197, 44.729]"
1460547,44.32317719732092,76.22432809466446,1460547,330.494815,0.252633,330.494815,0.252633,220158.75+001509.4,0.5482832565257723,44.713912025036414,0.0126147693823028,44.00210479599522,0.0126147693823028,-22.902299655246523,3.0841598510742188,0.5482832565257723,44.713912025036414,0.0126147693823028,"(44.197, 44.729]"
1447390,121.81699404309838,263.38197372950026,1447390,355.4617099638997,-0.7247409095796915,355.4617099638997,-0.7247409095796915,234150.81-004329.0,0.25088549471904137,44.71848210570122,0.0044846283389468,44.00667487666003,0.0044846283389468,-21.91420382177738,19.224576950073242,0.25088549471904137,44.71848210570122,0.0044846283389468,"(44.197, 44.729]"
1412150,19.65455607687619,114.75842788251012,1412150,25.495771855962243,0.0102611687789574,25.495771855962243,0.0102611687789574,014158.98+000036.9,0.4666403957629854,44.504568545916655,0.0128957151213988,43.79276131687546,0.0128957151213988,-22.227396568259277,6.326290607452393,0.4666403957629854,44.504568545916655,0.0128957151213988,"(44.197, 44.729]"
1397271,54.33925053818471,59.010077705696375,1397271,36.29819806128657,0.8464634639164968,36.29819806128657,0.8464634639164968,022511.56+005047.2,0.35060033482924646,44.376899866489524,0.0120102687252376,43.66509263744833,0.0120102687252376,-21.98590436388301,7.350651264190674,0.35060033482924646,44.376899866489524,0.0120102687252376,"(44.197, 44.729]"
1451928,18.1977486934346,151.81837339518668,1451928,347.07210835876464,-0.3580065152509306,347.07210835876464,-0.3580065152509306,230817.30-002128.8,0.46318186209042833,44.53044189048135,0.0041268756518384,43.81863466144016,0.0041268756518384,-22.47412384407526,7.431448459625244,0.46318186209042833,44.53044189048135,0.0041268756518384,"(44.197, 44.729]"
1422371,364.9841966015504,812.4785716969413,1422371,17.971594063843952,0.2256557022789237,17.971594063843952,0.2256557022789237,011153.18+001332.3,0.37174314415677856,44.51829887001194,0.0063739749543465,43.80649164097075,0.0063739749543465,-22.602280810598728,15.935057640075684,0.37174314415677856,44.51829887001194,0.0063739749543465,"(44.197, 44.729]"
1451215,167.93599221560336,207.45698402633684,1451215,348.3490650432899,0.5402540292347303,348.3490650432899,0.5402540292347303,231323.77+003224.9,0.36557281974089906,44.61766565618492,0.0036083237591171,43.90585842714373,0.0036083237591171,-22.549993563855352,10.44375991821289,0.36557281974089906,44.61766565618492,0.0036083237591171,"(44.197, 44.729]"
1408426,140.86171635413675,410.6732095037928,1408426,28.27011248192275,-0.0233283911467254,28.27011248192275,-0.0233283911467254,015304.82-000123.9,0.4098582988473043,44.714964591850304,0.0058688676551383,44.00315736280911,0.0058688676551383,-22.001687434483213,9.38497257232666,0.4098582988473043,44.714964591850304,0.0058688676551383,"(44.197, 44.729]"
1417468,167.01932774969882,208.9872451435934,1417468,21.74317266602509,0.9794498248583026,21.74317266602509,0.9794498248583026,012658.36+005846.0,0.33179807776650017,44.61093223742212,0.0066468961890322,43.89912500838093,0.0066468961890322,-22.16396529619067,9.49116325378418,0.33179807776650017,44.61093223742212,0.0066468961890322,"(44.197, 44.729]"
1400259,20.589051300239724,77.75817224048603,1400259,34.29868153724748,0.5032550679583894,34.29868153724748,0.5032550679583894,021711.68+003011.7,0.4942262604650185,44.667578222846075,0.0066693898419174,43.95577099380488,0.0066693898419174,-22.24755432782648,5.135004997253418,0.4942262604650185,44.667578222846075,0.0066693898419174,"(44.197, 44.729]"
1409783,15.381028145801526,152.02506204870363,1409783,27.214779045941498,-0.2093430497453726,27.214779045941498,-0.2093430497453726,014851.54-001233.6,0.3934419941337428,44.21211356652279,0.0071343866772437,43.5003063374816,0.0071343866772437,-22.027752974338615,7.391333103179932,0.3934419941337428,44.21211356652279,0.0071343866772437,"(44.197, 44.729]"
1445430,118.01952036477492,388.05299247939206,1445430,359.06081,-0.9894,359.06081,-0.9894,235614.59-005921.8,0.4085743353109182,44.71664797352372,0.0192567109258732,44.00484074448253,0.0192567109258732,-22.62602289495703,3.693225145339966,0.4085743353109182,44.71664797352372,0.0192567109258732,"(44.197, 44.729]"
1420775,46.496217764260685,87.15492698289206,1420775,19.263340009744116,-0.851618114268461,19.263340009744116,-0.851618114268461,011703.20-005105.8,0.5037429314036496,44.57603871197704,0.0068456970200436,43.86423148293585,0.0068456970200436,-22.36345174375252,5.411257266998291,0.5037429314036496,44.57603871197704,0.0068456970200436,"(44.197, 44.729]"
1441054,11.39561510929387,83.48337251669008,1441054,3.122370576355,-0.2593657654072839,3.122370576355,-0.2593657654072839,001229.36-001533.7,0.5673251432229207,44.28948940149083,0.0223793144688038,43.57768217244964,0.0223793144688038,-22.590230715069737,3.342071771621704,0.5673251432229207,44.28948940149083,0.0223793144688038,"(44.197, 44.729]"
1421243,49.99719811889621,86.399625846733,1421243,18.89533713698644,0.589578240883358,18.89533713698644,0.589578240883358,011534.88+003522.4,0.5860267049574935,44.618733243732045,0.0084142413272942,43.90692601469085,0.0084142413272942,-22.215877381937453,3.26424241065979,0.5860267049574935,44.618733243732045,0.0084142413272942,"(44.197, 44.729]"
1416830,89.91892728291573,162.5379109729526,1416830,22.171142865132992,-0.4357147776905131,22.171142865132992,-0.4357147776905131,012841.07-002608.5,0.43627925266121964,44.58328929799809,0.0049207617660655,43.8714820689569,0.0049207617660655,-22.236565492552334,6.616886615753174,0.43627925266121964,44.58328929799809,0.0049207617660655,"(44.197, 44.729]"
1391961,24.23613732624669,56.341265972722,1391961,40.013194556238304,-0.8319060094617288,40.013194556238304,-0.8319060094617288,024003.16-004954.8,0.5675601887770171,44.48794822602881,0.0085778035787136,43.77614099698762,0.0085778035787136,-22.48831734861283,3.2499945163726807,0.5675601887770171,44.48794822602881,0.0085778035787136,"(44.197, 44.729]"
1417190,142.94429491387302,388.8435804048375,1417190,21.941985153915745,-1.0868605975091865,21.941985153915745,-1.0868605975091865,012746.07-010512.6,0.40886821969387127,44.50958915061357,0.0091975039477922,43.79778192157238,0.0091975039477922,-22.19717348446292,8.23637580871582,0.40886821969387127,44.50958915061357,0.0091975039477922,"(44.197, 44.729]"
1413575,63.588075305033605,206.35270125752464,1413575,24.506599421684665,-0.8295698904541132,24.506599421684665,-0.8295698904541132,013801.58-004946.4,0.43298358072223886,44.49100318581699,0.0065835384173098,43.7791959567758,0.0065835384173098,-21.912255024428763,7.0095977783203125,0.43298358072223886,44.49100318581699,0.0065835384173098,"(44.197, 44.729]"
1424020,83.1916430597499,209.51034888745727,1424020,16.64358308230935,0.0052569023230814,16.64358308230935,0.0052569023230814,010634.45+000018.9,0.2498004924379612,44.392039487913614,0.0112669470109771,43.68023225887242,0.0112669470109771,-21.202795581876114,9.111797332763672,0.2498004924379612,44.392039487913614,0.0112669470109771,"(44.197, 44.729]"
1424810,10.695294103407097,23.284239161057755,1424810,16.05282600486717,-0.6033743599806333,16.05282600486717,-0.6033743599806333,010412.67-003612.1,0.7037226057875717,44.692121959692884,0.0070280289212831,43.98031473065169,0.0070280289212831,-22.491955893523897,4.175654888153076,0.7037226057875717,44.692121959692884,0.0070280289212831,"(44.197, 44.729]"
1438350,125.44899811616033,75.15944719113106,1438350,5.385782154050105,0.7001145794967617,5.385782154050105,0.7001145794967617,002132.58+004200.4,0.6483733742109005,44.69196630649782,0.0116577111631528,43.98015907745663,0.0116577111631528,-22.533858691317842,3.0954396724700928,0.6483733742109005,44.69196630649782,0.0116577111631528,"(44.197, 44.729]"
1450393,72.01109210511072,130.28100878788484,1450393,349.90279970347143,0.0013052096444686,349.90279970347143,0.0013052096444686,231936.67+000004.6,0.3664817218866649,44.55177080769488,0.0111637356981653,43.83996357865369,0.0111637356981653,-22.004872436348116,7.72123384475708,0.3664817218866649,44.55177080769488,0.0111637356981653,"(44.197, 44.729]"
1430869,51.66779707255408,85.0273879687467,1430869,11.208000698413167,-1.160956471130704,11.208000698413167,-1.160956471130704,004449.92-010939.4,0.5182661928804091,44.688483369088864,0.0159148524525853,43.97667614004767,0.0159148524525853,-21.936900914664207,4.133387565612793,0.5182661928804091,44.688483369088864,0.0159148524525853,"(44.197, 44.729]"
1401765,86.3452125230715,251.9802329142899,1401765,33.278875178179135,-0.6931743765148696,33.278875178179135,-0.6931743765148696,021306.93-004135.4,0.3059898417927827,44.28529759869986,0.0134091053359171,43.57349036965867,0.0134091053359171,-21.804879089099586,8.438931465148926,0.3059898417927827,44.28529759869986,0.0134091053359171,"(44.197, 44.729]"
1459371,99.44664121993176,485.038604461715,1459371,332.7609596150436,1.121778474774357,332.7609596150436,1.121778474774357,221102.63+010718.4,0.2017960647957921,44.31951296426387,0.0226161196228602,43.60770573522268,0.0226161196228602,-21.538979377431065,16.37177085876465,0.2017960647957921,44.31951296426387,0.0226161196228602,"(44.197, 44.729]"
1394895,11.58379638749408,28.50958615892224,1394895,37.89837161826642,-0.9813482448905174,37.89837161826642,-0.9813482448905174,023135.60-005852.8,0.5969096348444426,44.460284802415764,0.0143999205587341,43.74847757337457,0.0143999205587341,-21.928724026102497,3.687535285949707,0.5969096348444426,44.460284802415764,0.0143999205587341,"(44.197, 44.729]"
1409767,18.42982836093129,46.77565761429311,1409767,27.22453686237968,-0.4073349732976979,27.22453686237968,-0.4073349732976979,014853.88-002426.4,0.7304415707238084,44.626973296107614,0.0140382367958125,43.91516606706642,0.0140382367958125,-22.386217870280802,3.1556332111358643,0.7304415707238084,44.626973296107614,0.0140382367958125,"(44.197, 44.729]"
1419181,13.306065124062496,30.48094994356712,1419181,20.421727079178662,-0.4074923848733236,20.421727079178662,-0.4074923848733236,012141.21-002426.9,0.5771547471600275,44.489250459560225,0.0085750651217715,43.77744323051903,0.0085750651217715,-21.935678094495287,3.89054012298584,0.5771547471600275,44.489250459560225,0.0085750651217715,"(44.197, 44.729]"
1406298,23.65608544073248,74.31912278908464,1406298,30.014077292995356,-0.039841365502313,30.014077292995356,-0.039841365502313,020003.37-000223.4,0.5442779219602242,44.31701842945483,0.0125337110394347,43.60521120041364,0.0125337110394347,-22.26871186679091,3.515225410461426,0.5442779219602242,44.31701842945483,0.0125337110394347,"(44.197, 44.729]"
1397452,43.191704288084615,48.123939384009226,1397452,36.17876469362531,-0.5635998346464719,36.17876469362531,-0.5635998346464719,022442.90-003348.9,0.5697665852583261,44.382825952857544,0.0158981705404137,43.67101872381635,0.0158981705404137,-22.04479624018969,3.624657392501831,0.5697665852583261,44.382825952857544,0.0158981705404137,"(44.197, 44.729]"
1426269,15.522414589343704,63.03996723420504,1426269,14.915868,-1.24605,14.915868,-1.24605,005939.80-011445.7,0.4580889228793483,44.366121012499896,0.023208012269638,43.654313783458704,0.023208012269638,-22.401785096452347,3.122849464416504,0.4580889228793483,44.366121012499896,0.023208012269638,"(44.197, 44.729]"
1424879,611.0070056317587,728.7647861639277,1424879,15.995834945711708,-0.59563405727257,15.995834945711708,-0.59563405727257,010359.00-003544.2,0.28032525255629176,44.206655982407646,0.0106610590787887,43.494848753366455,0.0106610590787887,-21.22411565586123,7.746759414672852,0.28032525255629176,44.206655982407646,0.0106610590787887,"(44.197, 44.729]"
1395633,14.63929730900204,59.24641568589384,1395633,37.403925539248405,0.6298834298182853,37.403925539248405,0.6298834298182853,022936.94+003747.5,0.5834011978379379,44.64850573989629,0.0057766713859486,43.936698510855095,0.0057766713859486,-22.797662660734474,4.929135322570801,0.5834011978379379,44.64850573989629,0.0057766713859486,"(44.197, 44.729]"
1389971,92.93522452822738,217.31630106561016,1389971,41.33260722526222,-1.0460309352575263,41.33260722526222,-1.0460309352575263,024519.82-010245.7,0.380810135583701,44.62748376702732,0.0061012069138115,43.91567653798613,0.0061012069138115,-21.897971170519533,9.104464530944824,0.380810135583701,44.62748376702732,0.0061012069138115,"(44.197, 44.729]"
1459613,25.593141255758315,47.54838340136741,1459613,332.31358304820026,0.5974078962852771,332.31358304820026,0.5974078962852771,220915.25+003550.6,0.5969467821880053,44.57852590705201,0.0107426058880726,43.86671867801082,0.0107426058880726,-22.650282406943955,3.1810028553009033,0.5969467821880053,44.57852590705201,0.0107426058880726,"(44.197, 44.729]"
1396162,421.563123868768,793.0654909670523,1396162,37.06659668426192,-1.110167911461169,37.06659668426192,-1.110167911461169,022815.98-010636.6,0.3186147979132944,44.63963795738464,0.0050701737295639,43.92783072834345,0.0050701737295639,-22.629804943408313,13.148738861083984,0.3186147979132944,44.63963795738464,0.0050701737295639,"(44.197, 44.729]"
1430181,67.54478669766003,95.90241801021332,1430181,11.70321905409267,0.769427026909486,11.70321905409267,0.769427026909486,004648.77+004609.9,0.5887761819620304,44.602521653721524,0.0122658323093212,43.89071442468033,0.0122658323093212,-22.01425509609618,3.2413647174835205,0.5887761819620304,44.602521653721524,0.0122658323093212,"(44.197, 44.729]"
1407622,117.63032920928669,135.9725917253471,1407622,28.90369,-0.60111,28.90369,-0.60111,015536.88-003603.9,0.3857658753914979,44.728792884729344,0.0170383471302102,44.01698565568815,0.0170383471302102,-22.54287207985252,6.220834255218506,0.3857658753914979,44.728792884729344,0.0170383471302102,"(44.197, 44.729]"
1447838,10.20516186095658,98.40459518709432,1447838,354.6403760387324,0.5599611891527542,354.6403760387324,0.5599611891527542,233833.69+003335.8,0.47090055037490924,44.5358528421184,0.0083446839688789,43.82404561307721,0.0083446839688789,-22.280699322849383,4.4350385665893555,0.47090055037490924,44.5358528421184,0.0083446839688789,"(44.197, 44.729]"
1395773,194.9893442545085,369.5162347012382,1395773,37.31847292130324,0.4496306246041729,37.31847292130324,0.4496306246041729,022916.43+002658.6,0.33299009031622245,44.62341787048051,0.0039244735736545,43.91161064143932,0.0039244735736545,-22.179500395399995,13.30922794342041,0.33299009031622245,44.62341787048051,0.0039244735736545,"(44.197, 44.729]"
1465801,32.648514526223344,86.48586034219983,1465801,320.8366214363588,1.106391936448824,320.8366214363588,1.106391936448824,212320.78+010623.0,0.413760653227537,44.486918997831374,0.0096072910834195,43.77511176879018,0.0096072910834195,-21.730744841855692,3.5713868141174316,0.413760653227537,44.486918997831374,0.0096072910834195,"(44.197, 44.729]"
1417921,110.72041235003252,159.41754263634402,1417921,21.388116464855106,-0.844082084300495,21.388116464855106,-0.844082084300495,012533.14-005038.6,0.4366567627773192,44.36143513165445,0.0078265327739046,43.64962790261326,0.0078265327739046,-22.13279101416106,5.9736104011535645,0.4366567627773192,44.36143513165445,0.0078265327739046,"(44.197, 44.729]"
1445843,31.16038995378375,106.49468265074654,1445843,358.3874384175123,0.8142879717940908,358.3874384175123,0.8142879717940908,235332.98+004851.4,0.5467985518603641,44.685732296222334,0.0087160926193483,43.97392506718114,0.0087160926193483,-22.53703017713856,4.085200786590576,0.5467985518603641,44.685732296222334,0.0087160926193483,"(44.197, 44.729]"
1428132,109.42971478169808,189.0648886867745,1428132,13.38729686897841,0.6561479431523662,13.38729686897841,0.6561479431523662,005332.95+003922.1,0.3965746880477079,44.307537272943854,0.0104676479613452,43.59573004390266,0.0104676479613452,-21.595841822210335,4.661726474761963,0.3965746880477079,44.307537272943854,0.0104676479613452,"(44.197, 44.729]"
1466094,21.42902348378903,61.02294184862748,1466094,320.3005785759561,-0.5500719611870468,320.3005785759561,-0.5500719611870468,212112.13-003300.2,0.461335750745492,44.41303178638495,0.010980313114441,43.70122455734376,0.010980313114441,-22.126881935514472,4.5203633308410645,0.461335750745492,44.41303178638495,0.010980313114441,"(44.197, 44.729]"
1450832,1286.6436439045583,1877.2243340739665,1450832,349.10582181966515,-0.3737503578694665,349.10582181966515,-0.3737503578694665,231625.39-002225.5,0.29742058322276543,44.29356992998464,0.0093020764726325,43.58176270094345,0.0093020764726325,-23.01412139529015,12.88017749786377,0.29742058322276543,44.29356992998464,0.0093020764726325,"(44.197, 44.729]"
1447485,11.524642479329488,61.49070954360617,1447485,355.2742068538842,-0.2299941695901808,355.2742068538842,-0.2299941695901808,234105.80-001347.9,0.7096606513491357,44.66886082526759,0.0124152689932763,43.9570535962264,0.0124152689932763,-22.73248725126821,3.5903685092926025,0.7096606513491357,44.66886082526759,0.0124152689932763,"(44.197, 44.729]"
1417876,59.05802357443887,68.55583941438644,1417876,21.42233246252636,0.2151676027593257,21.42233246252636,0.2151676027593257,012541.35+001254.6,0.35479339481698885,44.21484095556574,0.019284936012621,43.50303372652455,0.019284936012621,-21.541850126100734,5.711392879486084,0.35479339481698885,44.21484095556574,0.019284936012621,"(44.197, 44.729]"
1394295,33.917073676633414,75.13460791994937,1394295,38.297857354858536,1.126731012078782,38.297857354858536,1.126731012078782,023311.48+010736.2,0.49459161052425477,44.51733368981356,0.0086340117134895,43.80552646077237,0.0086340117134895,-22.095738758003765,4.478169918060303,0.49459161052425477,44.51733368981356,0.0086340117134895,"(44.197, 44.729]"
1451696,40.298294660903686,35.30615811495046,1451696,347.49748527687115,-0.8074601778413476,347.49748527687115,-0.8074601778413476,230959.39-004826.8,0.5322892825732283,44.396423412898876,0.0158953980524962,43.684616183857685,0.0158953980524962,-21.840233700456732,3.410921096801758,0.5322892825732283,44.396423412898876,0.0158953980524962,"(44.197, 44.729]"
1444027,416.179000728738,740.8373975419349,1444027,0.651028577711827,-0.4568679006430614,0.651028577711827,-0.4568679006430614,000236.24-002724.7,0.2909497808981935,44.698816896888964,0.004779307801396,43.98700966784777,0.004779307801396,-22.147564797130983,17.76348304748535,0.2909497808981935,44.698816896888964,0.004779307801396,"(44.197, 44.729]"
1421354,230.45503075479388,547.051005567444,1421354,18.80764372983026,1.2105501021838565,18.80764372983026,1.2105501021838565,011513.83+011237.9,0.3877314105277768,44.497919769696345,0.0096364874422008,43.786112540655154,0.0096364874422008,-22.310180244070583,6.913313388824463,0.3877314105277768,44.497919769696345,0.0096364874422008,"(44.197, 44.729]"
1459080,431.1855571850541,741.6833082005255,1459080,333.2959834387429,0.1234765397969304,333.2959834387429,0.1234765397969304,221311.03+000724.5,0.40856706534838577,44.63274325823382,0.0036470585083279,43.92093602919263,0.0036470585083279,-23.35212026130659,17.276535034179688,0.40856706534838577,44.63274325823382,0.0036470585083279,"(44.197, 44.729]"
1424042,41.11228431343209,68.1916769447124,1424042,16.627435552270114,0.2754091606494766,16.627435552270114,0.2754091606494766,010630.58+001631.4,0.45759889357027816,44.52383454860521,0.0036533097291702,43.81202731956402,0.0036533097291702,-22.07839924371515,7.5997819900512695,0.45759889357027816,44.52383454860521,0.0036533097291702,"(44.197, 44.729]"
1453343,68.84698549720721,130.92592008340685,1453343,344.3794768401141,0.4119852247573122,344.3794768401141,0.4119852247573122,225731.07+002443.1,0.35484079606421054,44.45398902736394,0.00896313916801,43.74218179832275,0.00896313916801,-21.7818592090874,6.2423858642578125,0.35484079606421054,44.45398902736394,0.00896313916801,"(44.197, 44.729]"
1417157,82.96061764367096,199.5176697615748,1417157,21.961798840130243,-0.2296001702646511,21.961798840130243,-0.2296001702646511,012750.83-001346.5,0.43771738216200046,44.69301138468886,0.003892267123124,43.98120415564767,0.003892267123124,-23.009180117651123,11.486031532287598,0.43771738216200046,44.69301138468886,0.003892267123124,"(44.197, 44.729]"
1426544,28.673509241678847,47.63147849686386,1426544,14.662590118647556,-0.5248415101692997,14.662590118647556,-0.5248415101692997,005839.02-003129.4,0.4799773079181932,44.6373507854482,0.0091505557518942,43.92554355640701,0.0091505557518942,-21.737820047321136,4.133089542388916,0.4799773079181932,44.6373507854482,0.0091505557518942,"(44.197, 44.729]"
1405331,98.1606738599954,545.9849928920987,1405331,30.745607625917785,-0.46875172689956,30.745607625917785,-0.46875172689956,020258.94-002807.5,0.3396213949020358,44.6309629140823,0.0031572466487368,43.91915568504111,0.0031572466487368,-22.75404265609236,12.799751281738281,0.3396213949020358,44.6309629140823,0.0031572466487368,"(44.197, 44.729]"
1411699,28.785161086696736,385.1916701874619,1411699,25.80232771384601,1.0723080641812006,25.80232771384601,1.0723080641812006,014312.55+010420.3,0.4607770369224477,44.34140703105712,0.0099618198454898,43.62959980201593,0.0099618198454898,-22.250858057829216,7.479775905609131,0.4607770369224477,44.34140703105712,0.0099618198454898,"(44.197, 44.729]"
1449970,49.238683022838906,105.10198681236852,1449970,350.69140788852013,-0.7691491261557774,350.69140788852013,-0.7691491261557774,232245.93-004608.9,0.4794761303548694,44.47044612675873,0.0080082836882269,43.75863889771754,0.0080082836882269,-21.953747089938183,4.5105719566345215,0.4794761303548694,44.47044612675873,0.0080082836882269,"(44.197, 44.729]"
1450669,38.200994413336666,69.5485548377335,1450669,349.3843036527054,0.0629325064177812,349.3843036527054,0.0629325064177812,231732.23+000346.5,0.5141464971181363,44.610469596516864,0.0114589900456785,43.89866236747567,0.0114589900456785,-22.337680782468432,4.400454044342041,0.5141464971181363,44.610469596516864,0.0114589900456785,"(44.197, 44.729]"
1422001,82.96493645383353,52.981450175485065,1422001,18.276704652829604,0.4651389464790466,18.276704652829604,0.4651389464790466,011306.40+002754.5,0.4996893746826443,44.27748046711415,0.0162460952124092,43.56567323807296,0.0162460952124092,-22.038839736283727,3.9270143508911133,0.4996893746826443,44.27748046711415,0.0162460952124092,"(44.197, 44.729]"
1421472,19.9166061690272,39.44085730600201,1421472,18.70187145071557,-0.6967562093766922,18.70187145071557,-0.6967562093766922,011448.44-004148.3,0.4121878125084276,44.38394883033383,0.0110744336923609,43.67214160129264,0.0110744336923609,-22.337228000407816,4.731319904327393,0.4121878125084276,44.38394883033383,0.0110744336923609,"(44.197, 44.729]"
1446107,101.54937789573988,185.8213259718979,1446107,357.9574499548356,0.7531808793437568,357.9574499548356,0.7531808793437568,235149.78+004511.4,0.4179143908328803,44.55380754533314,0.0095302849035263,43.84200031629195,0.0095302849035263,-22.22545639666944,6.029571533203125,0.4179143908328803,44.55380754533314,0.0095302849035263,"(44.197, 44.729]"
1430112,194.00667792475204,334.29235722161826,1430112,11.756975257933732,0.5206330957753629,11.756975257933732,0.5206330957753629,004701.67+003114.2,0.33244977248322327,44.55113475269305,0.0057275594388457,43.83932752365186,0.0057275594388457,-22.310589578748132,9.852567672729492,0.33244977248322327,44.55113475269305,0.0057275594388457,"(44.197, 44.729]"
1434956,244.07901369735256,616.4275552495542,1434956,8.167303678044654,-1.0587326462056788,8.167303678044654,-1.0587326462056788,003240.15-010331.4,0.39009319922521907,44.69438173976235,0.0052842769035805,43.98257451072116,0.0052842769035805,-22.53409985788846,13.882859230041504,0.39009319922521907,44.69438173976235,0.0052842769035805,"(44.197, 44.729]"
1463764,29.041492948357483,55.79915085712368,1463764,324.3996940421267,1.051049427721756,324.3996940421267,1.051049427721756,213735.92+010303.7,0.47408200090833,44.336304904994364,0.0172569656848189,43.62449767595317,0.0172569656848189,-21.746860969755563,3.075634717941284,0.47408200090833,44.336304904994364,0.0172569656848189,"(44.197, 44.729]"
1456178,17.430124265374783,124.15273305864038,1456178,338.7543289883389,-0.616243988823554,338.7543289883389,-0.616243988823554,223501.03-003658.4,0.39319623945153065,44.52006746133823,0.0046416181760982,43.80826023229704,0.0046416181760982,-22.558695479828646,7.920770645141602,0.39319623945153065,44.52006746133823,0.0046416181760982,"(44.197, 44.729]"
1418141,372.8041995086994,381.62215593642713,1418141,21.21932103779566,0.1663385899855759,21.21932103779566,0.1663385899855759,012452.63+000958.8,0.2666916516347411,44.494365406028734,0.0061007184154746,43.78255817698754,0.0061007184154746,-22.011827590596237,12.839069366455078,0.2666916516347411,44.494365406028734,0.0061007184154746,"(44.197, 44.729]"
1465029,11.100793730640776,33.44345809337154,1465029,322.2045567678817,-0.7488087303272676,322.2045567678817,-0.7488087303272676,212849.09-004455.7,0.5290931490754687,44.43161530286247,0.0108558364703945,43.71980807382128,0.0108558364703945,-22.04152762831367,3.2130959033966064,0.5290931490754687,44.43161530286247,0.0108558364703945,"(44.197, 44.729]"
1424707,237.15862048752217,169.94144327135027,1424707,16.137638653905995,-0.365265632372121,16.137638653905995,-0.365265632372121,010433.03-002154.9,0.45141147027498685,44.36209778611842,0.0099420895600985,43.65029055707723,0.0099420895600985,-21.961559349117795,5.444356441497803,0.45141147027498685,44.36209778611842,0.0099420895600985,"(44.197, 44.729]"
1410193,15.462855174282282,31.346585459778748,1410193,26.91131590089345,0.4897351242280736,26.91131590089345,0.4897351242280736,014738.71+002923.0,0.4723475922652844,44.58649116057513,0.0068989069699512,43.87468393153394,0.0068989069699512,-21.99524068899947,5.593954563140869,0.4723475922652844,44.58649116057513,0.0068989069699512,"(44.197, 44.729]"
1410931,12.91395209448056,28.66484907084204,1410931,26.35879613581525,-0.3289649331895655,26.35879613581525,-0.3289649331895655,014526.11-001944.2,0.551893836908341,44.519030387278065,0.0132902072905274,43.80722315823687,0.0132902072905274,-22.34243430007296,3.445364475250244,0.551893836908341,44.519030387278065,0.0132902072905274,"(44.197, 44.729]"
1464258,34.26360052738657,35.384501311623715,1464258,323.5597325006195,-0.2285130797153097,323.5597325006195,-0.2285130797153097,213414.33-001342.6,0.34731953386507713,44.23831592007097,0.0160954410535794,43.526508691029775,0.0160954410535794,-21.180809545433505,3.23823881149292,0.34731953386507713,44.23831592007097,0.0160954410535794,"(44.197, 44.729]"
1447843,92.11011067598172,215.1374422257104,1447843,354.626067,0.417162,354.626067,0.417162,233830.25+002501.7,0.46376302120879853,44.70321784774522,0.0097537475340843,43.99141061870403,0.0097537475340843,-22.66872871263357,5.345914840698242,0.46376302120879853,44.70321784774522,0.0097537475340843,"(44.197, 44.729]"
1393778,200.61746703515243,379.350673925357,1393778,38.66266963257203,1.1278148458856123,38.66266963257203,1.1278148458856123,023439.04+010740.1,0.2769279958542908,44.30346401141874,0.0093338453205049,43.59165678237755,0.0093338453205049,-22.6587520475238,7.3247480392456055,0.2769279958542908,44.30346401141874,0.0093338453205049,"(44.197, 44.729]"
1444631,24.47454043094645,32.80621243444578,1444631,0.1483326221980405,-0.5294901735587073,0.1483326221980405,-0.5294901735587073,000035.59-003146.1,0.5650957861185899,44.7227103788979,0.0055713355130251,44.01090314985671,0.0055713355130251,-22.289591421797002,5.040213108062744,0.5650957861185899,44.7227103788979,0.0055713355130251,"(44.197, 44.729]"
1396901,46.818245272950136,115.7186784662065,1396901,36.545774135437554,0.5844443763061755,36.545774135437554,0.5844443763061755,022610.98+003503.9,0.423586136200612,44.61493010180593,0.0069362843446363,43.90312287276474,0.0069362843446363,-21.93153942094447,5.812808036804199,0.423586136200612,44.61493010180593,0.0069362843446363,"(44.197, 44.729]"
1452931,23.974071579293653,32.97330988691879,1452931,345.1582305478937,0.821405546054948,345.1582305478937,0.821405546054948,230037.97+004917.0,0.5165784218156249,44.594817748983715,0.0101433955002221,43.88301051994252,0.0101433955002221,-22.260374864526696,3.8528695106506348,0.5165784218156249,44.594817748983715,0.0101433955002221,"(44.197, 44.729]"
1441468,47.736950897339696,94.99468934405094,1441468,2.764522276406666,1.0090513496033575,2.764522276406666,1.0090513496033575,001103.48+010032.5,0.48591233858407934,44.653716425461624,0.005531047306583,43.94190919642043,0.005531047306583,-21.623475590671777,5.415968418121338,0.48591233858407934,44.653716425461624,0.005531047306583,"(44.197, 44.729]"
1423823,367.186002814998,447.2915030509664,1423823,16.802891361178766,0.0634301731831514,16.802891361178766,0.0634301731831514,010712.69+000348.3,0.5317912213243298,44.68493323180613,0.0115278249947863,43.973126002764936,0.0115278249947863,-21.318823220970327,5.578702449798584,0.5317912213243298,44.68493323180613,0.0115278249947863,"(44.197, 44.729]"
1412169,34.14279393234636,37.2381890532537,1412169,25.485191607457967,0.57130167342598,25.485191607457967,0.57130167342598,014156.44+003416.6,0.5344910314317176,44.42475409431973,0.0099883347745795,43.71294686527854,0.0099883347745795,-21.66460421308766,4.405517578125,0.5344910314317176,44.42475409431973,0.0099883347745795,"(44.197, 44.729]"
1412931,36.925055044559535,63.79074983310459,1412931,24.97368726539374,0.0979394047261915,24.97368726539374,0.0979394047261915,013953.68+000552.5,0.6201499935515812,44.62382459070181,0.0082930133200385,43.91201736166062,0.0082930133200385,-21.86264036540446,3.614746570587158,0.6201499935515812,44.62382459070181,0.0082930133200385,"(44.197, 44.729]"
1447371,113.45205584352836,134.19399916336317,1447371,355.5001621974547,0.998037082205998,355.5001621974547,0.998037082205998,234200.03+005952.9,0.3662582257192687,44.36086976802923,0.0072998659319658,43.64906253898804,0.0072998659319658,-22.954490505989227,9.292311668395996,0.3662582257192687,44.36086976802923,0.0072998659319658,"(44.197, 44.729]"
1404649,40.45947358008753,177.5032087899856,1404649,31.239716765463072,-0.9654977236197664,31.239716765463072,-0.9654977236197664,020457.53-005755.7,0.4450223957879762,44.66731529084597,0.0045437651433459,43.95550806180478,0.0045437651433459,-22.842836436023678,7.983803749084473,0.4450223957879762,44.66731529084597,0.0045437651433459,"(44.197, 44.729]"
1445980,23.795334552709782,168.97228698588987,1445980,358.16347760453573,0.2754521955375819,358.16347760453573,0.2754521955375819,235239.23+001631.6,0.5647268894597173,44.27849895582724,0.009105421712924,43.56669172678605,0.009105421712924,-21.896921180619078,3.2881851196289062,0.5647268894597173,44.27849895582724,0.009105421712924,"(44.197, 44.729]"
1450553,20.983233909486835,88.25130044929232,1450553,349.5831594906816,0.4740786333895264,349.5831594906816,0.4740786333895264,231819.95+002826.6,0.4557758419539446,44.71077578097573,0.0039720803011995,43.99896855193454,0.0039720803011995,-22.20554661609611,6.580461502075195,0.4557758419539446,44.71077578097573,0.0039720803011995,"(44.197, 44.729]"
1425553,44.48995105137388,154.18990837274202,1425553,15.486383383849985,0.7165662425533027,15.486383383849985,0.7165662425533027,010156.73+004259.6,0.6254468708792397,44.26090152674856,0.0203550751419996,43.54909429770737,0.0203550751419996,-22.176791310396855,3.2240946292877197,0.6254468708792397,44.26090152674856,0.0203550751419996,"(44.197, 44.729]"
1446393,176.79739109565077,514.0348071232838,1446393,357.47661783811776,0.5247027675441606,357.47661783811776,0.5247027675441606,234954.38+003128.9,0.27746171003903325,44.377694187552606,0.0089330485695811,43.665886958511415,0.0089330485695811,-21.829696146845354,11.591827392578125,0.27746171003903325,44.377694187552606,0.0089330485695811,"(44.197, 44.729]"
1438307,410.5404500809738,682.2814336249882,1438307,5.420909386425649,0.6449174452871929,5.420909386425649,0.6449174452871929,002141.01+003841.7,0.3066702704875298,44.60053429311159,0.0043320598693306,43.8887270640704,0.0043320598693306,-23.120963461639164,16.45690155029297,0.3066702704875298,44.60053429311159,0.0043320598693306,"(44.197, 44.729]"
1418099,16.788199560230943,64.55024320102251,1418099,21.251445184883774,-0.5567708917546265,21.251445184883774,-0.5567708917546265,012500.34-003324.3,0.5488110466187579,44.662680182681704,0.0115113337393459,43.95087295364051,0.0115113337393459,-22.10849175756274,3.928853750228882,0.5488110466187579,44.662680182681704,0.0115113337393459,"(44.197, 44.729]"
1425640,45.76965725473801,113.6411673764146,1425640,15.414174548700302,1.063070330655108,15.414174548700302,1.063070330655108,010139.40+010347.0,0.4584962995488616,44.465850161720034,0.0068988865897097,43.75404293267884,0.0068988865897097,-22.416308716475125,7.404732704162598,0.4584962995488616,44.465850161720034,0.0068988865897097,"(44.197, 44.729]"
1440680,54.048339417300944,218.54330033168955,1440680,3.448946681196958,0.1297905258843247,3.448946681196958,0.1297905258843247,001347.74+000747.2,0.6278165324464958,44.66663559946644,0.0101639456694186,43.95482837042525,0.0101639456694186,-23.384979494470567,3.3861217498779297,0.6278165324464958,44.66663559946644,0.0101639456694186,"(44.197, 44.729]"
1445627,18.6130006772436,30.29273915094985,1445627,358.75602309634826,0.326495427027501,358.75602309634826,0.326495427027501,235501.44+001935.3,0.45964686002826893,44.336520298046125,0.006910449502083,43.62471306900493,0.006910449502083,-21.232593535268524,5.234928607940674,0.45964686002826893,44.336520298046125,0.006910449502083,"(44.197, 44.729]"
1442436,36.34176679537351,70.80924135646926,1442436,1.936734078905431,-0.5665019821535464,1.936734078905431,-0.5665019821535464,000744.81-003359.4,0.5530905179330783,44.717260761150484,0.0133582741251636,44.00545353210929,0.0133582741251636,-22.361417231375626,4.8636369705200195,0.5530905179330783,44.717260761150484,0.0133582741251636,"(44.197, 44.729]"
1394319,138.43182752484714,333.1162956576379,1394319,38.28751262102401,0.2629722239867121,38.28751262102401,0.2629722239867121,023309.00+001546.7,0.2891395835937349,44.62897433206025,0.0046050641154735,43.91716710301906,0.0046050641154735,-22.213253699007353,18.02318000793457,0.2891395835937349,44.62897433206025,0.0046050641154735,"(44.197, 44.729]"
1390592,170.42258473988994,454.55069179200206,1390592,40.920753432930894,-0.4336632489300573,40.920753432930894,-0.4336632489300573,024340.98-002601.1,0.2682812660542258,44.38078107146181,0.0052680131863276,43.66897384242062,0.0052680131863276,-22.2256955342603,16.555492401123047,0.2682812660542258,44.38078107146181,0.0052680131863276,"(44.197, 44.729]"
1421576,394.3284559373976,498.4439758775719,1421576,18.625993787797174,0.0724847801353617,18.625993787797174,0.0724847801353617,011430.23+000420.9,0.4547901251494773,44.71519352036933,0.0045320299368754,44.00338629132814,0.0045320299368754,-22.616758516987712,11.450857162475586,0.4547901251494773,44.71519352036933,0.0045320299368754,"(44.197, 44.729]"
1425001,72.6271011562834,351.9509919791096,1425001,15.908794790446628,0.573969020488843,15.908794790446628,0.573969020488843,010338.11+003426.2,0.2559620954307422,44.48249156603858,0.0034920021154185,43.77068433699739,0.0034920021154185,-21.752582130762576,12.919013023376465,0.2559620954307422,44.48249156603858,0.0034920021154185,"(44.197, 44.729]"
1388271,68.44439491061149,91.9113866281546,1388271,42.49874644552608,1.0426812716166136,42.49874644552608,1.0426812716166136,024959.69+010233.6,0.5834114556764021,44.69194420845329,0.007810814434606,43.9801369794121,0.007810814434606,-22.214177968823975,3.5410091876983643,0.5834114556764021,44.69194420845329,0.007810814434606,"(44.197, 44.729]"
1463785,22.84875603846218,65.01759248984457,1463785,324.3593996570112,-0.1127151099725417,324.3593996570112,-0.1127151099725417,213726.25-000645.7,0.492711353193463,44.48257858077864,0.009064600153291,43.77077135173745,0.009064600153291,-22.18262549638707,3.3492319583892822,0.492711353193463,44.48257858077864,0.009064600153291,"(44.197, 44.729]"
1419834,53.82119355139061,140.12464539470724,1419834,19.9329107435669,-0.4172572263560782,19.9329107435669,-0.4172572263560782,011943.89-002502.1,0.7446270497123911,44.68842475228647,0.0091348434126601,43.97661752324528,0.0091348434126601,-22.11408432981941,3.2078840732574463,0.7446270497123911,44.68842475228647,0.0091348434126601,"(44.197, 44.729]"
1432946,36.112219019062806,115.15939639921164,1432946,9.69928782000659,-1.203374796540967,9.69928782000659,-1.203374796540967,003847.82-011212.1,0.3042400928097457,44.42052395303754,0.0041772505260908,43.708716723996346,0.0041772505260908,-22.29727386210298,14.50036334991455,0.3042400928097457,44.42052395303754,0.0041772505260908,"(44.197, 44.729]"
1401918,35.38478936706198,63.298439636604726,1401918,33.179890875122894,-0.3390094434699059,33.179890875122894,-0.3390094434699059,021243.17-002020.4,0.5412285120582666,44.54306006231593,0.0081768132415014,43.83125283327474,0.0081768132415014,-21.827193451132956,4.709914207458496,0.5412285120582666,44.54306006231593,0.0081768132415014,"(44.197, 44.729]"
1402182,103.20743354628804,253.2113094963649,1402182,32.9864237977434,0.541109091983411,32.9864237977434,0.541109091983411,021156.74+003227.9,0.24759379313202406,44.60073705360241,0.0043654909096488,43.88892982456122,0.0043654909096488,-22.07708645602295,18.242067337036133,0.24759379313202406,44.60073705360241,0.0043654909096488,"(44.197, 44.729]"
1420763,47.69143841612497,180.3640177937792,1420763,19.26980936800265,1.1132325394920892,19.26980936800265,1.1132325394920892,011704.75+010647.6,0.298257704469022,44.324105144423115,0.0127917517451443,43.61229791538192,0.0127917517451443,-21.672461677392572,5.8445210456848145,0.298257704469022,44.324105144423115,0.0127917517451443,"(44.197, 44.729]"
1441076,98.61519156034473,181.6992841848001,1441076,3.1010321498230944,0.2050181777408262,3.1010321498230944,0.2050181777408262,001224.24+001218.0,0.5835538366977832,44.41612120670082,0.0125640340717581,43.70431397765963,0.0125640340717581,-22.518625483782102,3.4327826499938965,0.5835538366977832,44.41612120670082,0.0125640340717581,"(44.197, 44.729]"
1421997,49.056730240110205,74.23953677730553,1421997,18.2812551063896,-0.3859669745931294,18.2812551063896,-0.3859669745931294,011307.50-002309.4,0.45494238363089634,44.330159798395776,0.0152570813833641,43.618352569354585,0.0152570813833641,-21.833091242461425,3.0230300426483154,0.45494238363089634,44.330159798395776,0.0152570813833641,"(44.197, 44.729]"
1390449,19.04483830477073,47.58368676151616,1390449,41.0230202540202,-1.0552333621388277,41.0230202540202,-1.0552333621388277,024405.52-010318.8,0.3814309499554971,44.37173386079283,0.0065690574071624,43.65992663175164,0.0065690574071624,-21.804977424183214,6.495950698852539,0.3814309499554971,44.37173386079283,0.0065690574071624,"(44.197, 44.729]"
1427003,35.26556919738815,64.45880899223256,1427003,14.276464772578478,-0.201905880813711,14.276464772578478,-0.201905880813711,005706.35-001206.8,0.5425948069127805,44.694880354978075,0.0097338099941062,43.98307312593688,0.0097338099941062,-22.098439230010854,3.262418746948242,0.5425948069127805,44.694880354978075,0.0097338099941062,"(44.197, 44.729]"
1389902,26.14453673899498,39.26032015860789,1389902,41.37312712532796,-0.3371894288247943,41.37312712532796,-0.3371894288247943,024529.55-002013.8,0.6576609178916177,44.7188245339636,0.0069433351206491,44.00701730492241,0.0069433351206491,-22.219606257795615,3.267033100128174,0.6576609178916177,44.7188245339636,0.0069433351206491,"(44.197, 44.729]"
1401175,16.447801087129484,38.80843016289882,1401175,33.64240358633225,1.16068245392014,33.64240358633225,1.16068245392014,021434.17+010938.4,0.4467650739203984,44.41436632294854,0.0101322688786602,43.70255909390735,0.0101322688786602,-21.752048943164592,3.60599684715271,0.4467650739203984,44.41436632294854,0.0101322688786602,"(44.197, 44.729]"
1451325,435.20836819829225,634.3809441906462,1451325,348.1515815736635,-0.7010817522796436,348.1515815736635,-0.7010817522796436,231236.37-004203.8,0.5900354096095417,44.67935519151989,0.0061114363964307,43.9675479624787,0.0061114363964307,-22.42961857153597,5.3160576820373535,0.5900354096095417,44.67935519151989,0.0061114363964307,"(44.197, 44.729]"
1448373,111.76011254036702,150.7053071514141,1448373,353.7147137189065,-0.3889421100527905,353.7147137189065,-0.3889421100527905,233451.53-002320.1,0.46686862129862033,44.638303052770674,0.0094060235380339,43.92649582372948,0.0094060235380339,-22.10253539962716,6.6998162269592285,0.46686862129862033,44.638303052770674,0.0094060235380339,"(44.197, 44.729]"
1450504,107.84490386535614,164.9177273537532,1450504,349.6881499809659,-0.4976192566192633,349.6881499809659,-0.4976192566192633,231845.15-002951.4,0.3966793952630287,44.57457529392369,0.0067819954440011,43.862768064882495,0.0067819954440011,-22.320916695864977,9.395986557006836,0.3966793952630287,44.57457529392369,0.0067819954440011,"(44.197, 44.729]"
1407225,127.32220624928752,199.1972148542062,1407225,29.232440775436665,-0.3237110555158368,29.232440775436665,-0.3237110555158368,015655.78-001925.3,0.3823778643425372,44.34301021162325,0.0110403433001735,43.63120298258206,0.0110403433001735,-21.415170605528957,5.067612648010254,0.3823778643425372,44.34301021162325,0.0110403433001735,"(44.197, 44.729]"
1422749,25.6205552674235,76.14089875151029,1422749,17.64792533299446,1.1067196201286862,17.64792533299446,1.1067196201286862,011035.50+010624.1,0.43027670163392323,44.461945246504726,0.0138891752773453,43.750138017463534,0.0138891752773453,-21.894452955955696,4.22955846786499,0.43027670163392323,44.461945246504726,0.0138891752773453,"(44.197, 44.729]"
1397003,334.4902146417531,268.0161164164318,1397003,36.48366806642783,0.5074241605756206,36.48366806642783,0.5074241605756206,022556.08+003026.7,0.5044481571532936,44.70244455615631,0.005297087857329,43.99063732711512,0.005297087857329,-22.920204494103366,8.905036926269531,0.5044481571532936,44.70244455615631,0.005297087857329,"(44.197, 44.729]"
1421234,953.632419701008,1065.2159508259324,1421234,18.90046015392717,0.5645763370632653,18.90046015392717,0.5645763370632653,011536.11+003352.4,0.36417027131804297,44.358126763679145,0.0116440363227354,43.64631953463795,0.0116440363227354,-21.897064717029078,7.190284729003906,0.36417027131804297,44.358126763679145,0.0116440363227354,"(44.197, 44.729]"
1414613,136.30728564580926,163.2315609143934,1414613,23.74131089412422,0.4606358127261393,23.74131089412422,0.4606358127261393,013457.91+002738.2,0.40506939464504915,44.349954851774434,0.0101458553215643,43.63814762273324,0.0101458553215643,-21.449153157558325,5.469056129455566,0.40506939464504915,44.349954851774434,0.0101458553215643,"(44.197, 44.729]"
1435632,151.4549272209053,888.9547146844111,1435632,7.603906818349709,0.0485027051727897,7.603906818349709,0.0485027051727897,003024.93+000254.6,0.2882551748798792,44.631174815147865,0.0085871300926427,43.919367586106674,0.0085871300926427,-22.208346824194706,15.827547073364258,0.2882551748798792,44.631174815147865,0.0085871300926427,"(44.197, 44.729]"
1425798,34.08372439561174,51.16077542952966,1425798,15.287546993836258,1.222195943394517,15.287546993836258,1.222195943394517,010109.01+011319.9,0.44072407594620233,44.40118402585819,0.0087424652247847,43.689376796817,0.0087424652247847,-21.54149163757233,3.639845609664917,0.44072407594620233,44.40118402585819,0.0087424652247847,"(44.197, 44.729]"
1420176,16.201512948871923,122.22559144240458,1420176,19.711035756025357,-0.2766811553418485,19.711035756025357,-0.2766811553418485,011850.64-001636.0,0.3679879728966606,44.2495624827063,0.0078551034060758,43.53775525366511,0.0078551034060758,-21.591552557341053,7.778773784637451,0.3679879728966606,44.2495624827063,0.0078551034060758,"(44.197, 44.729]"
1465632,15.547131298534543,105.74241339279848,1465632,321.0975230449363,-0.5153921744076623,321.0975230449363,-0.5153921744076623,212423.40-003055.4,0.4688322862125198,44.44425843903908,0.0123576694306954,43.73245120999789,0.0123576694306954,-22.30654876102727,6.519835472106934,0.4688322862125198,44.44425843903908,0.0123576694306954,"(44.197, 44.729]"
1438630,27.99208652010644,61.112920021029794,1438630,5.126323481351619,-0.5500171528012786,5.126323481351619,-0.5500171528012786,002030.31-003300.0,0.3722562163338129,44.52544726729777,0.0118806198510732,43.81364003825658,0.0118806198510732,-22.212024327153827,8.380635261535645,0.3722562163338129,44.52544726729777,0.0118806198510732,"(44.197, 44.729]"
1403115,78.20207472471725,79.93196771522766,1403115,32.29799535914685,0.2954000268600907,32.29799535914685,0.2954000268600907,020911.51+001743.4,0.5395080396864138,44.2934532547614,0.0090804366503256,43.58164602572021,0.0090804366503256,-21.8440054200575,3.4352304935455322,0.5395080396864138,44.2934532547614,0.0090804366503256,"(44.197, 44.729]"
