oid,filter,mjd,mag,magerr,clrcoeff,ref,ref_err
571109400017782,zg,58202.27107,13.879457,0.016435323,-0.017200772,13.847001,0.021
1617102200002807,zg,58202.27166,13.875426,0.012986458,-0.01716865,13.782001,0.022
572112300010962,zg,58202.27342,13.855189,0.012613371,-0.02808909,13.880001,0.021
572112300010962,zg,58202.2777,13.8695135,0.01259202,-0.031602904,13.880001,0.021
571109400017782,zg,58202.27864,13.879774,0.016434329,-0.038512927,13.847001,0.021
571109400017782,zg,58207.26567,13.823281,0.016612824,-0.04546666,13.847001,0.021
572112300010962,zg,58207.2666,13.843213,0.012631312,-0.04549568,13.880001,0.021
571109400017782,zg,58210.26943,13.838005,0.016566092,-0.043694444,13.847001,0.021
572112300010962,zg,58210.27035,13.790011,0.012711926,-0.024948059,13.880001,0.021
571109400017782,zg,58210.27838,13.812232,0.016647989,-0.0348991,13.847001,0.021
572112300010962,zg,58210.27935,13.802096,0.012693485,-0.019009495,13.880001,0.021
571209400009249,zr,58217.20462,13.199688,0.018179134,0.10906491,13.111,0.025
572212300009936,zr,58217.20657,13.152645,0.013609946,0.112221524,13.0859995,0.035
571209400009249,zr,58217.22292,13.184016,0.018217985,0.10757877,13.111,0.025
572212300009936,zr,58217.26132,13.205783,0.013555015,0.10964526,13.0859995,0.035
571209400009249,zr,58221.20897,13.18736,0.018209685,0.12161013,13.111,0.025
572212300009936,zr,58221.22975,13.167311,0.013594691,0.12912345,13.0859995,0.035
571209400009249,zr,58224.18287,13.1862,0.018212564,0.11249211,13.111,0.025
572212300009936,zr,58224.18477,13.210776,0.0135499025,0.11887548,13.0859995,0.035
571209400009249,zr,58224.19479,13.153249,0.018294552,0.11857989,13.111,0.025
572212300009936,zr,58224.19571,13.157974,0.013604395,0.12783468,13.0859995,0.035
572212300009936,zr,58227.249,13.13325,0.01363023,0.11918223,13.0859995,0.035
571209400009249,zr,58227.24997,13.162095,0.0182725,0.114654064,13.111,0.025
572212300009936,zr,58231.17182,13.216622,0.013543927,0.11792146,13.0859995,0.035
571209400009249,zr,58231.1728,13.212806,0.018146684,0.108306974,13.111,0.025
571109400017782,zg,58234.22927,13.924973,0.016293127,-0.045296054,13.847001,0.021
572112300010962,zg,58235.1729,13.915861,0.012523716,-0.041498397,13.880001,0.021
572112300010962,zg,58235.23231,13.890826,0.01256046,-0.031296108,13.880001,0.021
571109400017782,zg,58237.20866,13.919636,0.016309723,-0.034065697,13.847001,0.021
572112300010962,zg,58238.15092,13.959967,0.012459868,-0.05366817,13.880001,0.021
572212300009936,zr,58245.15428,13.291403,0.013468583,0.11111771,13.0859995,0.035
571209400009249,zr,58245.15522,13.297663,0.01793854,0.11200605,13.111,0.025
572212300009936,zr,58248.16275,13.271616,0.013488322,0.113847755,13.0859995,0.035
571209400009249,zr,58248.16366,13.268075,0.018010763,0.111384876,13.111,0.025
572112300010962,zg,58248.17371,14.093942,0.0122732995,-0.06665589,13.880001,0.021
571109400017782,zg,58248.17417,14.098407,0.01576577,-0.07803404,13.847001,0.021
572212300009936,zr,58254.18853,13.343253,0.013417563,0.10619193,13.0859995,0.035
571309400016951,zi,58257.18399,13.195877,0.017213443,0.18712077,12.934999,0.028
572312300000111,zi,58257.18445,13.192185,0.011295636,0.1807782,12.934,0.026
571209400009249,zr,58257.22849,13.370528,0.017762346,0.11526305,13.111,0.025
572212300009936,zr,58257.22941,13.342922,0.013417887,0.12467834,13.0859995,0.035
571209400009249,zr,58262.1826,13.418757,0.0176471,0.1153984,13.111,0.025
572212300009936,zr,58262.18998,13.277154,0.013482782,0.117995925,13.0859995,0.035
571109400017782,zg,58262.20781,14.034365,0.015957704,-0.020276135,13.847001,0.021
571109400017782,zg,58263.24187,14.15385,0.015602444,-0.017981734,13.847001,0.021
572112300010962,zg,58267.16721,14.123935,0.012233154,-0.04332936,13.880001,0.021
572212300009936,zr,58267.27548,13.412217,0.01335135,0.11136405,13.0859995,0.035
571109400017782,zg,58268.17015,14.138737,0.015646696,-0.005527077,13.847001,0.021
572112300010962,zg,58270.25351,14.125597,0.012230946,-0.028691256,13.880001,0.021
571209400009249,zr,58271.18319,13.340342,0.017835045,0.12194006,13.111,0.025
572112300010962,zg,58274.21258,14.086491,0.012283369,-0.08111267,13.880001,0.021
571109400017782,zg,58274.21305,14.043764,0.015929323,-0.05303291,13.847001,0.021
572112300010962,zg,58278.19147,13.989612,0.012417607,-0.056005094,13.880001,0.021
571109400017782,zg,58279.18886,14.003501,0.0160514,-0.06142007,13.847001,0.021
572112300010962,zg,58293.17499,13.93326,0.012498391,-0.06545478,13.880001,0.021
571209400009249,zr,58425.48059,13.060613,0.018527256,0.12325914,13.111,0.025
571109400017782,zg,58425.52161,13.809458,0.016656829,-0.0034573174,13.847001,0.021
572212300009936,zr,58426.5367,13.207823,0.013552925,0.08175917,13.0859995,0.035
571109400017782,zg,58428.54261,13.788752,0.016722979,0.0015436509,13.847001,0.021
572112300010962,zg,58429.48216,13.9168625,0.012522253,-0.09882625,13.880001,0.021
572212300009936,zr,58429.52128,13.254296,0.013505717,0.10224171,13.0859995,0.035
571109400017782,zg,58431.48153,13.855823,0.01650974,-0.03257101,13.847001,0.021
571209400009249,zr,58431.52483,13.138785,0.01833067,0.115791336,13.111,0.025
572112300010962,zg,58432.4816,13.941354,0.012486672,-0.055361643,13.880001,0.021
572212300009936,zr,58432.53684,13.165891,0.013596165,0.121462144,13.0859995,0.035
571209400009249,zr,58434.49635,13.12825,0.018357031,0.10592829,13.111,0.025
571109400017782,zg,58434.53789,13.892919,0.016393118,-0.0481061,13.847001,0.021
571109400017782,zg,58437.48739,13.903382,0.016360393,-0.032777693,13.847001,0.021
571209400009249,zr,58437.52213,13.172379,0.018246904,0.12653089,13.111,0.025
572112300010962,zg,58438.49766,14.014562,0.01238246,-0.07836392,13.880001,0.021
572212300009936,zr,58438.55429,13.200169,0.013560773,0.123573616,13.0859995,0.035
1617202200022407,zr,58439.39738,13.207475,0.015681747,0.12264356,13.155999,0.032
571109400017782,zg,58439.48453,13.966297,0.016165337,-0.03521658,13.847001,0.021
1617102200002807,zg,58439.485,13.958418,0.012933642,-0.036911283,13.782001,0.022
572112300010962,zg,58439.49148,13.966037,0.012451169,-0.03294506,13.880001,0.021
572212300009936,zr,58439.55505,13.188976,0.013572285,0.108000234,13.0859995,0.035
571109400017782,zg,58440.49888,13.98991,0.0160929,-0.048061498,13.847001,0.021
571209400009249,zr,58440.53926,13.219402,0.018130397,0.109757274,13.111,0.025
572112300010962,zg,58441.51817,13.993282,0.01241241,-0.047268227,13.880001,0.021
571209400009249,zr,58442.40353,13.208934,0.018156257,0.12300293,13.111,0.025
1617202200022407,zr,58442.40491,13.267241,0.015646175,0.10257327,13.155999,0.032
571209400009249,zr,58443.44237,13.180783,0.018226013,0.122535676,13.111,0.025
571109400017782,zg,58443.51992,13.96956,0.016155304,-0.030353183,13.847001,0.021
571209400009249,zr,58447.46191,13.216224,0.018138245,0.11240146,13.111,0.025
572212300009936,zr,58447.48217,13.276802,0.013483134,0.11650152,13.0859995,0.035
572212300009936,zr,58447.54081,13.21222,0.013548426,0.123319834,13.0859995,0.035
571209400009249,zr,58447.54127,13.191113,0.01820038,0.11180172,13.111,0.025
571209400009249,zr,58448.46239,13.243443,0.018071182,0.10639326,13.111,0.025
1617202200022407,zr,58448.46285,13.260097,0.015650364,0.09817428,13.155999,0.032
572212300009936,zr,58448.47019,13.239745,0.013520414,0.115784116,13.0859995,0.035
1617202200022407,zr,58449.43734,13.279887,0.0156388,0.094010435,13.155999,0.032
571209400009249,zr,58449.45151,13.188044,0.018207991,0.12177995,13.111,0.025
572212300009936,zr,58449.45242,13.257972,0.013502016,0.09499483,13.0859995,0.035
571109400017782,zg,58457.54872,13.92225,0.016301595,-0.08501953,13.847001,0.021
571109400017782,zg,58461.47821,13.834035,0.01657868,-0.03238441,13.847001,0.021
572212300009936,zr,58461.54248,13.205598,0.0135552045,0.100857794,13.0859995,0.035
571209400009249,zr,58461.54388,13.160305,0.018276958,0.11724997,13.111,0.025
571109400017782,zg,58464.47018,13.880651,0.016431576,-0.017992184,13.847001,0.021
572212300009936,zr,58464.54474,13.1791115,0.013582466,0.11458655,13.0859995,0.035
571209400009249,zr,58468.50061,13.138332,0.018331805,0.112981915,13.111,0.025
1617202200022407,zr,58468.50151,13.220166,0.015674096,0.09545432,13.155999,0.032
572212300009936,zr,58468.50198,13.15491,0.013607586,0.11484742,13.0859995,0.035
571209400009249,zr,58471.52779,13.214433,0.018142667,0.07922323,13.111,0.025
571209400009249,zr,58474.47894,13.231617,0.01810028,0.1138253,13.111,0.025
572212300009936,zr,58474.47986,13.256339,0.013503659,0.108189374,13.0859995,0.035
572212300009936,zr,58476.44409,13.281709,0.013478235,0.09079384,13.0859995,0.035
1617202200022407,zr,58476.46137,13.345359,0.015601522,0.10029621,13.155999,0.032
571209400009249,zr,58476.47216,13.218322,0.018133063,0.10954478,13.111,0.025
572212300009936,zr,58480.45596,13.252824,0.0135072,0.10972492,13.0859995,0.035
571209400009249,zr,58480.45641,13.154938,0.018290339,0.1338303,13.111,0.025
571109400017782,zg,58480.48561,13.974035,0.016141554,-0.019926682,13.847001,0.021
572112300010962,zg,58480.50217,14.017195,0.012378773,-0.04837814,13.880001,0.021
571209400009249,zr,58481.42278,13.25095,0.018052744,0.12021541,13.111,0.025
1617202200022407,zr,58481.46398,13.28311,0.015636928,0.11497036,13.155999,0.032
572212300009936,zr,58481.47656,13.281625,0.013478319,0.11587774,13.0859995,0.035
572112300010962,zg,58482.51077,14.026421,0.012365892,-0.06212929,13.880001,0.021
571109400017782,zg,58482.5126,14.008172,0.016037174,-0.049982224,13.847001,0.021
1617102200002807,zg,58482.51397,14.039912,0.0128841065,-0.087671325,13.782001,0.022
571109400017782,zg,58486.43911,13.91613,0.016320638,-0.038265772,13.847001,0.021
571209400009249,zr,58486.48093,13.234329,0.0180936,0.114781365,13.111,0.025
572212300009936,zr,58486.50314,13.234292,0.013525943,0.10663671,13.0859995,0.035
572112300010962,zg,58486.52709,13.994367,0.012410877,-0.06617386,13.880001,0.021
571109400017782,zg,58491.44055,13.891804,0.016396606,-0.06598692,13.847001,0.021
1617102200002807,zg,58491.44193,13.874297,0.012987192,-0.06294365,13.782001,0.022
572212300009936,zr,58491.53315,13.152382,0.01361022,0.122239314,13.0859995,0.035
571209400009249,zr,58493.44314,13.178339,0.018232087,0.11412731,13.111,0.025
1617202200022407,zr,58493.44453,13.194289,0.015689755,0.09797519,13.155999,0.032
572212300009936,zr,58493.44498,13.149986,0.013612719,0.10894213,13.0859995,0.035
572212300009936,zr,58494.46042,13.180644,0.013580882,0.11325728,13.0859995,0.035
572112300010962,zg,58494.48633,13.852977,0.012616682,-0.04492181,13.880001,0.021
571109400017782,zg,58494.48678,13.863508,0.016485497,-0.06282779,13.847001,0.021
571209400009249,zr,58502.42695,13.250942,0.018052762,0.110814504,13.111,0.025
572112300010962,zg,58502.4452,13.952454,0.012470662,-0.06243595,13.880001,0.021
571209400009249,zr,58502.52401,13.207825,0.018158996,0.10525691,13.111,0.025
572212300009936,zr,58502.52447,13.133677,0.013629784,0.12957257,13.0859995,0.035
571209400009249,zr,58503.35881,13.131342,0.018349294,0.1259287,13.111,0.025
571209400009249,zr,58503.37652,13.152385,0.018296706,0.11377947,13.111,0.025
571209400009249,zr,58503.39402,13.159177,0.01827977,0.116623804,13.111,0.025
571209400009249,zr,58503.41144,13.19252,0.018196888,0.110482894,13.111,0.025
571209400009249,zr,58503.42807,13.155662,0.018288536,0.11892658,13.111,0.025
571209400009249,zr,58503.44452,13.184952,0.018215664,0.12009862,13.111,0.025
571209400009249,zr,58503.46088,13.1912985,0.018199919,0.110837474,13.111,0.025
571109400017782,zg,58507.4738,13.928885,0.016280977,-0.049533993,13.847001,0.021
1617102200002807,zg,58507.51547,13.904035,0.012967992,-0.030330049,13.782001,0.022
572112300010962,zg,58508.53089,13.843181,0.0126313595,-0.014634346,13.880001,0.021
1617202200022407,zr,58511.39872,13.254532,0.015653638,0.09471142,13.155999,0.032
571209400009249,zr,58511.40146,13.220998,0.01812646,0.10546954,13.111,0.025
572112300010962,zg,58511.429,13.933611,0.012497882,-0.025139429,13.880001,0.021
572112300010962,zg,58511.47208,13.97103,0.012444033,-0.037119646,13.880001,0.021
572212300009936,zr,58514.44333,13.195198,0.013565881,0.10792998,13.0859995,0.035
571109400017782,zg,58522.41613,13.812087,0.01664845,-0.020775426,13.847001,0.021
1617102200002807,zg,58522.41658,13.870462,0.01298969,-0.05321598,13.782001,0.022
572112300010962,zg,58522.41844,13.849593,0.0126217455,-0.033434004,13.880001,0.021
571109400017782,zg,58522.43533,13.826376,0.016602991,-0.0236019,13.847001,0.021
572112300010962,zg,58522.43579,13.873154,0.012586612,-0.033486117,13.880001,0.021
571109400017782,zg,58526.42105,13.827286,0.0166001,-0.035626642,13.847001,0.021
572112300010962,zg,58526.42747,13.85431,0.012614686,-0.07557302,13.880001,0.021
1617202200022407,zr,58540.23159,13.154827,0.015714046,0.115354255,13.155999,0.032
1617102200002807,zg,58540.44082,13.887434,0.012978675,-0.078467175,13.782001,0.022
572212300009936,zr,58546.32091,13.098212,0.013667182,0.11583011,13.0859995,0.035
571209400009249,zr,58556.21716,13.085724,0.018463863,0.11646662,13.111,0.025
571109400017782,zg,58556.34744,13.724148,0.016931124,-0.024395963,13.847001,0.021
572112300010962,zg,58556.40085,13.694539,0.0128602,-0.04291694,13.880001,0.021
1617202200022407,zr,58558.18587,13.066104,0.01577038,0.1165894,13.155999,0.032
571309400016951,zi,58558.2674,12.912872,0.017893115,0.18444009,12.934999,0.028
572312300000111,zi,58558.27103,12.941217,0.01140618,0.19680186,12.934,0.026
572212300009936,zr,58559.24849,13.11709,0.013647224,0.11697226,13.0859995,0.035
571209400009249,zr,58559.24939,13.079968,0.018478371,0.11537348,13.111,0.025
571109400017782,zg,58559.31481,13.801889,0.016680975,-0.05721911,13.847001,0.021
572112300010962,zg,58559.31572,13.833283,0.012646243,-0.07834971,13.880001,0.021
572112300010962,zg,58567.21143,13.733917,0.012798501,-0.048750047,13.880001,0.021
571109400017782,zg,58567.21189,13.697425,0.017017974,-0.012484888,13.847001,0.021
571209400009249,zr,58567.23316,13.020226,0.018629681,0.110164866,13.111,0.025
572112300010962,zg,58572.21141,13.744287,0.012782378,-0.06373906,13.880001,0.021
572212300009936,zr,58572.28169,13.027512,0.013742902,0.11922351,13.0859995,0.035
571109400017782,zg,58575.26005,13.7861595,0.016731277,-0.039698623,13.847001,0.021
572112300010962,zg,58575.27903,13.748812,0.012775361,-0.049729083,13.880001,0.021
1617102200002807,zg,58580.20834,13.770729,0.013056233,-0.051083412,13.782001,0.022
572112300010962,zg,58580.23678,13.805488,0.012688322,-0.06718554,13.880001,0.021
571109400017782,zg,58581.21495,13.750908,0.01684459,-0.040081184,13.847001,0.021
571209400009249,zr,58581.2388,13.071235,0.018500414,0.11308699,13.111,0.025
1617202200022407,zr,58582.22047,13.006896,0.015809227,0.10274651,13.155999,0.032
572212300009936,zr,58583.26397,13.0905485,0.013675316,0.11851042,13.0859995,0.035
571209400009249,zr,58584.18934,13.047046,0.018561598,0.11698929,13.111,0.025
571109400017782,zg,58584.23553,13.698754,0.01701364,-0.025825538,13.847001,0.021
1617102200002807,zg,58585.2074,13.722114,0.0130897425,-0.047308262,13.782001,0.022
572112300010962,zg,58586.17347,13.798539,0.012698906,-0.07226058,13.880001,0.021
572212300009936,zr,58586.19351,13.06909,0.013698188,0.122140266,13.0859995,0.035
572112300010962,zg,58591.18723,13.77534,0.012734417,-0.04768867,13.880001,0.021
571109400017782,zg,58591.18862,13.710975,0.016973881,-0.03923616,13.847001,0.021
571209400009249,zr,58591.33936,13.078066,0.01848317,0.10366138,13.111,0.025
1617202200022407,zr,58593.27163,13.006729,0.015809337,0.11086504,13.155999,0.032
571209400009249,zr,58594.15809,13.003697,0.018671766,0.12852766,13.111,0.025
572212300009936,zr,58594.15948,13.079073,0.0136875305,0.11271293,13.0859995,0.035
572112300010962,zg,58597.25687,13.777363,0.01273131,-0.06827304,13.880001,0.021
572212300009936,zr,58597.35115,13.067504,0.013699884,0.12942924,13.0859995,0.035
571209400009249,zr,58598.19017,13.108376,0.018406874,0.1064028,13.111,0.025
571109400017782,zg,58598.23003,13.766278,0.016795086,-0.065473504,13.847001,0.021
572112300010962,zg,58601.2315,13.898786,0.012548738,-0.106874734,13.880001,0.021
571109400017782,zg,58601.23195,13.857674,0.016503897,-0.050827704,13.847001,0.021
571209400009249,zr,58601.26225,13.157986,0.01828274,0.1132475,13.111,0.025
572212300009936,zr,58601.26271,13.103657,0.013661415,0.114323966,13.0859995,0.035
1617202200022407,zr,58618.2663,13.17188,0.01570349,0.116045594,13.155999,0.032
1617202200022407,zr,58771.50776,13.321981,0.015614657,0.11121333,13.155999,0.032
1617202200022407,zr,58771.51285,13.334119,0.015607812,0.10862089,13.155999,0.032
1617202200022407,zr,58831.46055,13.529009,0.015505661,0.10583322,13.155999,0.032
1617202200022407,zr,58831.461,13.514498,0.015512735,0.10950802,13.155999,0.032
571209400009249,zr,58836.50586,13.530126,0.017385472,0.11997065,13.111,0.025
1617202200022407,zr,58836.52286,13.521121,0.0155094955,0.10465473,13.155999,0.032
1617202200022407,zr,58836.52331,13.540091,0.01550032,0.10259853,13.155999,0.032
572112300010962,zg,58836.55225,14.39241,0.011903976,-0.064292274,13.880001,0.021
571109400017782,zg,58836.55407,14.320182,0.0151297,-0.05106681,13.847001,0.021
572212300009936,zr,58837.45223,13.359241,0.013402042,0.110728055,13.0859995,0.035
1617202200022407,zr,58837.45268,13.39294,0.015575413,0.11453537,13.155999,0.032
571209400009249,zr,58846.4238,13.512936,0.017425427,0.106227025,13.111,0.025
1617202200022407,zr,58846.42424,13.529367,0.015505488,0.09879618,13.155999,0.032
1617202200022407,zr,58846.42742,13.4947815,0.015522488,0.10573401,13.155999,0.032
572212300009936,zr,58846.42787,13.528541,0.013244248,0.10740609,13.0859995,0.035
572212300009936,zr,58846.45926,13.49064,0.013278483,0.118455045,13.0859995,0.035
571209400009249,zr,58846.45971,13.499455,0.017456872,0.108246125,13.111,0.025
571209400009249,zr,58846.46061,13.485591,0.017489314,0.11060493,13.111,0.025
572112300010962,zg,58846.50493,14.333094,0.01197168,-0.054081313,13.880001,0.021
571109400017782,zg,58846.5054,14.334139,0.015091293,-0.111810036,13.847001,0.021
571109400017782,zg,58846.50631,14.325671,0.015114571,-0.11197959,13.847001,0.021
572212300009936,zr,58849.45733,13.527985,0.013244744,0.11531013,13.0859995,0.035
571109400017782,zg,58849.49958,14.299554,0.015186832,-0.10600664,13.847001,0.021
571109400017782,zg,58849.50048,14.296153,0.015196295,-0.10139237,13.847001,0.021
571209400009249,zr,58850.46633,13.388236,0.017719904,0.113825455,13.111,0.025
571209400009249,zr,58851.48458,13.453671,0.017564388,0.111508936,13.111,0.025
572212300009936,zr,58852.44547,13.456073,0.013310271,0.11583109,13.0859995,0.035
572112300010962,zg,58852.48548,14.281325,0.01203321,-0.05740004,13.880001,0.021
1617102200002807,zg,58852.52252,14.268501,0.012759072,-0.09131197,13.782001,0.022
1617102200002807,zg,58852.52297,14.258756,0.012763943,-0.086116284,13.782001,0.022
572112300010962,zg,58853.49668,14.232951,0.012092662,-0.07734182,13.880001,0.021
1617102200002807,zg,58853.49983,14.201328,0.012793523,-0.070108,13.782001,0.022
1617102200002807,zg,58853.50163,14.23335,0.012776848,-0.08902529,13.782001,0.022
571209400009249,zr,58854.44178,13.25104,0.01805252,0.11721562,13.111,0.025
571209400009249,zr,58854.46463,13.293749,0.01794807,0.110293396,13.111,0.025
1617102200002807,zg,58854.52072,14.055913,0.0128746675,-0.059594575,13.782001,0.022
1617102200002807,zg,58854.52117,14.038106,0.0128851775,-0.036255714,13.782001,0.022
572112300010962,zg,58854.52208,14.101691,0.012262867,-0.04954654,13.880001,0.021
572312300000111,zi,58855.39841,13.177159,0.011301656,0.19351672,12.934,0.026
572112300010962,zg,58855.48716,14.201488,0.012132306,-0.068721525,13.880001,0.021
572212300009936,zr,58855.52761,13.412373,0.013351204,0.120033234,13.0859995,0.035
1617202200022407,zr,58859.32041,13.413429,0.015564433,0.09822165,13.155999,0.032
1617202200022407,zr,58859.32086,13.420886,0.015560478,0.09949788,13.155999,0.032
571209400009249,zr,58859.44325,13.286516,0.017965702,0.118236184,13.111,0.025
571109400017782,zg,58859.50972,14.178743,0.015530007,-0.0444499,13.847001,0.021
572212300009936,zr,58860.40024,13.440522,0.013324744,0.11947246,13.0859995,0.035
572212300009936,zr,58866.3748,13.259008,0.013500973,0.10817603,13.0859995,0.035
571209400009249,zr,58866.37526,13.284129,0.017971527,0.10313574,13.111,0.025
571209400009249,zr,58866.37617,13.291725,0.017953001,0.11256087,13.111,0.025
571109400017782,zg,58866.40276,14.042311,0.015933707,-0.09137399,13.847001,0.021
571109400017782,zg,58866.40366,14.0614195,0.015876204,-0.08412533,13.847001,0.021
572112300010962,zg,58866.40412,14.08877,0.012280285,-0.06435058,13.880001,0.021
572212300009936,zr,58877.34464,13.21419,0.013546412,0.11215689,13.0859995,0.035
571109400017782,zg,58877.3623,13.872676,0.016456636,-0.05287081,13.847001,0.021
571209400009249,zr,58878.32482,13.224716,0.018117288,0.108989276,13.111,0.025
571109400017782,zg,58878.3855,13.933757,0.016265858,-0.059584975,13.847001,0.021
572112300010962,zg,58880.44759,14.258636,0.012060864,-0.06525834,13.880001,0.021
572212300009936,zr,58883.27991,13.229387,0.013530924,0.12197937,13.0859995,0.035
572112300010962,zg,58883.44571,13.934677,0.012496336,-0.05677095,13.880001,0.021
571109400017782,zg,58883.44618,13.898341,0.016376149,-0.07217431,13.847001,0.021
571209400009249,zr,58884.23833,13.110633,0.018401206,0.13117656,13.111,0.025
571109400017782,zg,58884.30149,13.910076,0.016339503,-0.021695198,13.847001,0.021
571209400009249,zr,58885.25271,13.172497,0.018246608,0.11948592,13.111,0.025
571109400017782,zg,58885.30084,13.923806,0.016296754,-0.018292798,13.847001,0.021
571209400009249,zr,58890.42069,13.228725,0.018107405,0.1214203,13.111,0.025
571209400009249,zr,58891.29939,13.214446,0.018142631,0.119929984,13.111,0.025
572212300009936,zr,58891.30029,13.214204,0.013546399,0.12058084,13.0859995,0.035
571209400009249,zr,58891.31315,13.259323,0.0180322,0.0996879,13.111,0.025
572112300010962,zg,58891.4289,13.989521,0.012417734,-0.06409929,13.880001,0.021
572312300000111,zi,58893.35834,12.991642,0.011382355,0.1927239,12.934,0.026
572212300009936,zr,58894.29481,13.247536,0.013512536,0.115001634,13.0859995,0.035
571209400009249,zr,58894.29527,13.237996,0.018084578,0.10330466,13.111,0.025
571209400009249,zr,58894.29617,13.258342,0.018034607,0.113329835,13.111,0.025
571109400017782,zg,58894.30509,13.992556,0.016084809,-0.11127093,13.847001,0.021
572112300010962,zg,58894.31633,14.013426,0.012384051,-0.077164836,13.880001,0.021
571109400017782,zg,58894.31725,13.97162,0.016148971,-0.09746003,13.847001,0.021
1617202200022407,zr,58899.30357,13.218768,0.015674938,0.10215355,13.155999,0.032
1617202200022407,zr,58899.30402,13.270936,0.015644014,0.10063625,13.155999,0.032
572212300009936,zr,58901.38028,13.215372,0.013545205,0.12251305,13.0859995,0.035
572112300010962,zg,58903.30236,13.948767,0.012475972,-0.07018341,13.880001,0.021
571109400017782,zg,58903.31689,13.975116,0.016138235,-0.083344966,13.847001,0.021
572212300009936,zr,58905.23898,13.184145,0.0135772675,0.11785531,13.0859995,0.035
572112300010962,zg,58905.27913,13.920523,0.012516913,-0.0490623,13.880001,0.021
572112300010962,zg,58911.38802,13.951613,0.0124718705,-0.057807557,13.880001,0.021
571209400009249,zr,58912.23163,13.24978,0.018055614,0.10883475,13.111,0.025
571109400017782,zg,58912.2504,13.989213,0.016095031,-0.042696957,13.847001,0.021
572112300010962,zg,58912.26055,13.980381,0.012430708,-0.046686456,13.880001,0.021
572212300009936,zr,58912.42098,13.234668,0.013525561,0.116434194,13.0859995,0.035
1617202200022407,zr,58913.23369,13.270639,0.015644185,0.105123706,13.155999,0.032
1617202200022407,zr,58913.23415,13.257164,0.015652088,0.09662523,13.155999,0.032
571109400017782,zg,58936.25827,13.896024,0.016383395,-0.10769136,13.847001,0.021
1617202200022407,zr,58939.1662,13.154577,0.0157142,0.102435336,13.155999,0.032
1617202200022407,zr,58939.16664,13.21124,0.015679471,0.10260472,13.155999,0.032
572212300009936,zr,58939.2085,13.172466,0.013589345,0.12165349,13.0859995,0.035
572212300009936,zr,58939.22804,13.164587,0.013597518,0.122174665,13.0859995,0.035
571109400017782,zg,58954.18969,13.887798,0.016409155,-0.07676085,13.847001,0.021
571209400009249,zr,58954.23228,13.205473,0.018164814,0.110736825,13.111,0.025
572212300009936,zr,58976.24996,13.182644,0.013578817,0.1269615,13.0859995,0.035
572212300009936,zr,58986.23421,13.274583,0.013485352,0.119969375,13.0859995,0.035
571209400009249,zr,59123.50936,13.279346,0.017983206,0.13345689,13.111,0.025
571209400009249,zr,59123.51407,13.262531,0.018024342,0.1289215,13.111,0.025
571209400009249,zr,59123.51879,13.299813,0.017933303,0.12103272,13.111,0.025
571209400009249,zr,59123.52352,13.301555,0.01792907,0.11399169,13.111,0.025
571209400009249,zr,59123.52823,13.331644,0.017856067,0.123881996,13.111,0.025
571209400009249,zr,59125.51154,13.271001,0.018003609,0.123259276,13.111,0.025
571209400009249,zr,59125.51625,13.281236,0.017978592,0.12613608,13.111,0.025
571209400009249,zr,59125.52098,13.262344,0.018024798,0.13220996,13.111,0.025
571209400009249,zr,59125.52571,13.28905,0.017959526,0.12582071,13.111,0.025
571209400009249,zr,59125.53044,13.253579,0.018046288,0.1154964,13.111,0.025
572212300009936,zr,59129.51036,13.358528,0.013402733,0.12072397,13.0859995,0.035
571209400009249,zr,59129.5127,13.278673,0.01798485,0.11723574,13.111,0.025
572212300009936,zr,59129.51507,13.267863,0.013492081,0.12054382,13.0859995,0.035
571209400009249,zr,59129.51741,13.249381,0.018056594,0.119735315,13.111,0.025
572212300009936,zr,59129.51978,13.262685,0.013497278,0.11586648,13.0859995,0.035
571209400009249,zr,59129.52212,13.294366,0.01794657,0.121046625,13.111,0.025
572212300009936,zr,59129.52448,13.279439,0.013480499,0.12190271,13.0859995,0.035
571209400009249,zr,59129.52682,13.279603,0.01798258,0.11051582,13.111,0.025
572212300009936,zr,59129.52919,13.295944,0.013464074,0.12031042,13.0859995,0.035
571209400009249,zr,59129.53153,13.2980995,0.017937478,0.12483581,13.111,0.025
572212300009936,zr,59131.51871,13.244538,0.013515565,0.12763359,13.0859995,0.035
572212300009936,zr,59131.52339,13.313982,0.01344624,0.11896593,13.0859995,0.035
572212300009936,zr,59131.52808,13.273011,0.013486925,0.12689018,13.0859995,0.035
571109400017782,zg,59144.50346,13.9318695,0.016271712,-0.07725256,13.847001,0.021
572112300010962,zg,59144.50439,14.009155,0.012390043,-0.06977081,13.880001,0.021
572212300009936,zr,59144.53662,13.251267,0.013508769,0.11838932,13.0859995,0.035
571209400009249,zr,59144.53756,13.2844095,0.017970845,0.114213824,13.111,0.025
572112300010962,zg,59150.51612,14.021729,0.012372435,-0.051340062,13.880001,0.021
572212300009936,zr,59150.53571,13.238951,0.013521221,0.115561925,13.0859995,0.035
571209400009249,zr,59150.53617,13.243918,0.018070014,0.11942917,13.111,0.025
571209400009249,zr,59152.47393,13.269632,0.018006954,0.122622006,13.111,0.025
572212300009936,zr,59152.49104,13.253335,0.013506685,0.12825944,13.0859995,0.035
571109400017782,zg,59152.5363,14.026043,0.015982894,-0.04328608,13.847001,0.021
572112300010962,zg,59152.54243,14.047118,0.01233719,-0.033610452,13.880001,0.021
572212300009936,zr,59155.48346,13.279568,0.013480371,0.124010794,13.0859995,0.035
571209400009249,zr,59155.49307,13.317225,0.017891,0.115412,13.111,0.025
571109400017782,zg,59155.52009,14.07563,0.015833639,-0.03278117,13.847001,0.021
572112300010962,zg,59155.52055,14.089756,0.012278953,-0.048490435,13.880001,0.021
572112300010962,zg,59156.49521,14.095394,0.012271342,-0.027614081,13.880001,0.021
572212300009936,zr,59156.53427,13.313613,0.013446602,0.11440451,13.0859995,0.035
571209400009249,zr,59157.48399,13.31124,0.017905528,0.12617427,13.111,0.025
571109400017782,zg,59157.5212,14.063721,0.0158693,-0.03317837,13.847001,0.021
572112300010962,zg,59158.49285,14.108423,0.012253839,-0.021618897,13.880001,0.021
572212300009936,zr,59158.52974,13.3323145,0.01342824,0.1109741,13.0859995,0.035
571209400009249,zr,59159.48538,13.318781,0.017887225,0.1141127,13.111,0.025
571109400017782,zg,59159.50936,14.068943,0.01585365,-0.01381313,13.847001,0.021
572212300009936,zr,59165.43226,13.329306,0.013431185,0.1253055,13.0859995,0.035
571209400009249,zr,59165.43272,13.343327,0.017827837,0.114019245,13.111,0.025
571109400017782,zg,59165.52318,14.075184,0.015834974,-0.0741902,13.847001,0.021
572212300009936,zr,59167.48456,13.323207,0.013437166,0.116725124,13.0859995,0.035
572112300010962,zg,59167.52195,14.049966,0.012333264,-0.05269831,13.880001,0.021
571109400017782,zg,59168.49829,14.063592,0.015869688,-0.055395547,13.847001,0.021
571209400009249,zr,59168.52678,13.327782,0.017865416,0.11232937,13.111,0.025
572112300010962,zg,59169.48714,14.109476,0.0122524295,-0.059617344,13.880001,0.021
572212300009936,zr,59169.52949,13.313425,0.013446788,0.114286765,13.0859995,0.035
571109400017782,zg,59170.47625,14.058435,0.015885167,-0.070921645,13.847001,0.021
571209400009249,zr,59170.52821,13.352644,0.017805364,0.10666479,13.111,0.025
572212300009936,zr,59171.4893,13.308353,0.013451791,0.11371904,13.0859995,0.035
571109400017782,zg,59173.47907,14.034707,0.01595667,-0.06612629,13.847001,0.021
571209400009249,zr,59173.51045,13.233443,0.018095784,0.111655734,13.111,0.025
572112300010962,zg,59176.50068,14.079971,0.01229221,-0.06477741,13.880001,0.021
572212300009936,zr,59176.5506,13.279863,0.013480077,0.12228008,13.0859995,0.035
571109400017782,zg,59177.53006,14.032561,0.015963158,-0.082774885,13.847001,0.021
571309400016951,zi,59179.40123,13.067953,0.017516779,0.19187184,12.934999,0.028
572112300010962,zg,59179.48574,14.054523,0.01232699,-0.0574613,13.880001,0.021
571109400017782,zg,59180.48492,13.928748,0.016281404,-0.003035742,13.847001,0.021
571209400009249,zr,59180.52657,13.127024,0.018360106,0.1240065,13.111,0.025
1617202200022407,zr,59181.38937,13.259776,0.015650552,0.12617163,13.155999,0.032
1617202200022407,zr,59181.38984,13.267419,0.01564607,0.124733336,13.155999,0.032
572212300009936,zr,59181.49078,13.326737,0.013433702,0.11807561,13.0859995,0.035
572112300010962,zg,59181.52777,14.085397,0.012284849,-0.034483645,13.880001,0.021
1617202200022407,zr,59182.41752,13.367673,0.015589172,0.10573768,13.155999,0.032
1617202200022407,zr,59182.42128,13.290303,0.015632767,0.108615555,13.155999,0.032
571209400009249,zr,59182.48714,13.31304,0.017901156,0.11904182,13.111,0.025
571109400017782,zg,59182.54359,14.09021,0.015790142,-0.03036269,13.847001,0.021
571209400009249,zr,59185.47388,13.352576,0.017805528,0.1094862,13.111,0.025
571109400017782,zg,59185.49071,14.145402,0.015627153,-0.021329202,13.847001,0.021
572112300010962,zg,59185.51028,14.163625,0.012180998,-0.06731953,13.880001,0.021
572212300009936,zr,59185.52676,13.313639,0.013446578,0.11081305,13.0859995,0.035
572212300009936,zr,59187.46497,13.2591095,0.01350087,0.11367651,13.0859995,0.035
571209400009249,zr,59187.48504,13.250783,0.018053154,0.11982026,13.111,0.025
571109400017782,zg,59187.52167,14.0741,0.015838219,-0.04467149,13.847001,0.021
572112300010962,zg,59187.53251,14.048176,0.012335731,-0.021194875,13.880001,0.021
571209400009249,zr,59193.41437,13.346919,0.017819166,0.11152584,13.111,0.025
571109400017782,zg,59194.44677,14.03836,0.015945634,-0.06504556,13.847001,0.021
572112300010962,zg,59194.44724,14.076106,0.012297464,-0.061129197,13.880001,0.021
572212300009936,zr,59198.47972,13.320984,0.013439349,0.1223092,13.0859995,0.035
571209400009249,zr,59198.48019,13.311448,0.017905021,0.11392526,13.111,0.025
572112300010962,zg,59198.51882,14.114756,0.012245373,-0.0701067,13.880001,0.021
571109400017782,zg,59198.51976,14.081257,0.015816832,-0.09299626,13.847001,0.021
571309400016951,zi,59199.4854,13.117648,0.01739813,0.19305253,12.934999,0.028
572312300000111,zi,59199.48586,13.1525755,0.011311679,0.20230298,12.934,0.026
571209400009249,zr,59200.50885,13.333344,0.017851954,0.11372851,13.111,0.025
572212300009936,zr,59200.52142,13.385441,0.013376828,0.10663386,13.0859995,0.035
571309400016951,zi,59202.44533,13.100145,0.017439807,0.1912471,12.934999,0.028
572312300000111,zi,59202.47501,13.156972,0.0113098705,0.2008458,12.934,0.026
571109400017782,zg,59203.41317,14.068325,0.015855499,-0.053947072,13.847001,0.021
572212300009936,zr,59203.47668,13.337216,0.01342345,0.122175336,13.0859995,0.035
571209400009249,zr,59203.47714,13.28544,0.017968329,0.10787538,13.111,0.025
1617202200022407,zr,59204.41901,13.301928,0.015626082,0.10772891,13.155999,0.032
1617202200022407,zr,59204.41948,13.234245,0.015665667,0.10769423,13.155999,0.032
571209400009249,zr,59210.43042,13.326071,0.01786956,0.111,13.111,0.025
572312300000111,zi,59215.39824,13.058146,0.011352123,0.1861919,12.934,0.026
572112300010962,zg,59215.42583,13.959906,0.012459955,-0.053756442,13.880001,0.021
572212300009936,zr,59215.44646,13.251718,0.013508317,0.10994858,13.0859995,0.035
571109400017782,zg,59218.37418,13.966052,0.016166091,-0.044075582,13.847001,0.021
571209400009249,zr,59218.44691,13.25698,0.018037947,0.115288325,13.111,0.025
571309400016951,zi,59218.51078,13.017179,0.017639013,0.18694307,12.934999,0.028
572312300000111,zi,59219.3994,13.027645,0.011365816,0.19459376,12.934,0.026
572112300010962,zg,59219.41285,13.934877,0.012496048,-0.048224375,13.880001,0.021
572212300009936,zr,59219.48248,13.217721,0.013542807,0.12384922,13.0859995,0.035
571209400009249,zr,59220.43553,13.267228,0.018012837,0.11263998,13.111,0.025
571309400016951,zi,59221.28266,13.039856,0.017584296,0.1894852,12.934999,0.028
572212300009936,zr,59221.43213,13.222173,0.0135382665,0.123327546,13.0859995,0.035
572112300010962,zg,59221.4811,13.953737,0.012468815,-0.05366641,13.880001,0.021
572312300000111,zi,59222.44041,13.000556,0.011378223,0.18786702,12.934,0.026
571209400009249,zr,59222.45601,13.174985,0.018240422,0.11174966,13.111,0.025
572112300010962,zg,59223.40217,13.942346,0.012485237,-0.060291238,13.880001,0.021
572212300009936,zr,59223.46628,13.218357,0.013542156,0.11689582,13.0859995,0.035
571309400016951,zi,59224.38572,13.01601,0.017641833,0.1959873,12.934999,0.028
571109400017782,zg,59224.44757,13.88941,0.016404105,-0.058064524,13.847001,0.021
571209400009249,zr,59224.49477,13.209171,0.01815567,0.11654984,13.111,0.025
572212300009936,zr,59225.41804,13.215793,0.013544774,0.114641845,13.0859995,0.035
572312300000111,zi,59225.44183,12.952015,0.011401015,0.19630463,12.934,0.026
572112300010962,zg,59225.44537,13.85398,0.0126151815,-0.03137838,13.880001,0.021
571109400017782,zg,59226.45073,13.912498,0.016331954,-0.071490034,13.847001,0.021
571209400009249,zr,59226.49084,13.216155,0.018138412,0.11703077,13.111,0.025
571309400016951,zi,59227.40879,12.964581,0.01776666,0.19446732,12.934999,0.028
572112300010962,zg,59227.44481,13.989566,0.012417671,-0.07093577,13.880001,0.021
571109400017782,zg,59228.3823,13.982876,0.016114436,-0.09315795,13.847001,0.021
1617102200002807,zg,59228.40062,13.99335,0.012912115,-0.06271946,13.782001,0.022
571209400009249,zr,59228.46836,13.242557,0.018073361,0.10411775,13.111,0.025
572312300000111,zi,59228.53515,13.047655,0.0113568,0.19271876,12.934,0.026
572212300009936,zr,59229.414,13.027023,0.013743433,0.12071807,13.0859995,0.035
571309400016951,zi,59230.38745,13.047539,0.017565804,0.19660015,12.934999,0.028
571209400009249,zr,59230.42763,13.252152,0.018049788,0.1067228,13.111,0.025
571109400017782,zg,59230.47431,14.006584,0.016042007,-0.08519921,13.847001,0.021
572312300000111,zi,59231.35213,13.02723,0.011366005,0.1871792,12.934,0.026
1617202200022407,zr,59231.39755,13.27055,0.01564424,0.10929578,13.155999,0.032
572212300009936,zr,59231.47211,13.193272,0.013567862,0.106718004,13.0859995,0.035
571209400009249,zr,59232.42161,13.175754,0.018238511,0.10715137,13.111,0.025
571109400017782,zg,59232.42833,14.035957,0.01595289,-0.09394286,13.847001,0.021
572312300000111,zi,59248.35092,13.106296,0.011331123,0.19706514,12.934,0.026
571209400009249,zr,59248.39353,13.287465,0.01796339,0.11841413,13.111,0.025
572112300010962,zg,59248.42016,14.106456,0.012256474,-0.07060864,13.880001,0.021
571109400017782,zg,59248.42159,14.050839,0.015908008,-0.059371434,13.847001,0.021
571109400017782,zg,59250.30691,14.089535,0.015792156,-0.085890025,13.847001,0.021
571209400009249,zr,59250.34629,13.298024,0.01793766,0.112299725,13.111,0.025
572212300009936,zr,59250.34724,13.317445,0.013442829,0.11213771,13.0859995,0.035
572112300010962,zg,59250.37612,14.106419,0.0122565245,-0.06324261,13.880001,0.021
1617202200022407,zr,59250.45257,13.335879,0.015606825,0.10397917,13.155999,0.032
1617202200022407,zr,59250.45303,13.356181,0.01559551,0.10333401,13.155999,0.032
1617102200002807,zg,59250.45817,14.139158,0.01282716,-0.087338775,13.782001,0.022
1617102200002807,zg,59250.45864,14.146035,0.01282336,-0.08390752,13.782001,0.022
572312300000111,zi,59251.35598,13.143422,0.011315466,0.19297984,12.934,0.026
571309400016951,zi,59251.35692,13.09039,0.017463086,0.19028087,12.934999,0.028
571209400009249,zr,59252.31757,13.326993,0.017867327,0.10766638,13.111,0.025
572212300009936,zr,59252.32491,13.371141,0.013390555,0.11888075,13.0859995,0.035
572112300010962,zg,59252.38515,14.239931,0.012083969,-0.08602521,13.880001,0.021
571109400017782,zg,59252.38892,14.122717,0.015693827,-0.08660001,13.847001,0.021
571109400017782,zg,59253.27023,14.092656,0.015782865,-0.07905354,13.847001,0.021
571209400009249,zr,59253.33201,13.402577,0.017685637,0.1113982,13.111,0.025
571109400017782,zg,59253.40194,14.151715,0.015608681,-0.10718859,13.847001,0.021
571109400017782,zg,59254.2415,14.090751,0.015788535,-0.0625832,13.847001,0.021
571209400009249,zr,59254.27316,13.323222,0.017876461,0.10705374,13.111,0.025
571109400017782,zg,59254.3048,14.071985,0.015844539,-0.093259946,13.847001,0.021
572112300010962,zg,59254.30526,14.142789,0.012208237,-0.06636836,13.880001,0.021
572312300000111,zi,59254.35462,13.16239,0.011307652,0.18228951,12.934,0.026
571309400016951,zi,59254.35653,13.102327,0.017434603,0.19710556,12.934999,0.028
572212300009936,zr,59254.38708,13.336001,0.013424638,0.120194875,13.0859995,0.035
571209400009249,zr,59254.38803,13.346043,0.01782128,0.109539255,13.111,0.025
571109400017782,zg,59255.38606,14.074493,0.01583704,-0.1098916,13.847001,0.021
571209400009249,zr,59256.24528,13.305102,0.01792044,0.10987637,13.111,0.025
571109400017782,zg,59256.31349,14.048023,0.015916485,-0.08321839,13.847001,0.021
571109400017782,zg,59256.31443,14.05217,0.015904,-0.09018826,13.847001,0.021
572112300010962,zg,59256.32446,14.080537,0.012291441,-0.057005413,13.880001,0.021
571109400017782,zg,59256.36394,14.103232,0.01575145,-0.099624515,13.847001,0.021
1617102200002807,zg,59256.37893,14.089482,0.012855181,-0.07760017,13.782001,0.022
1617102200002807,zg,59256.3794,14.096842,0.012850968,-0.071690634,13.782001,0.022
571209400009249,zr,59256.40819,13.301746,0.017928604,0.106786914,13.111,0.025
572212300009936,zr,59256.40866,13.327788,0.013432673,0.11266202,13.0859995,0.035
571209400009249,zr,59256.40913,13.346102,0.017821139,0.10599093,13.111,0.025
571209400009249,zr,59257.2747,13.31713,0.017891228,0.1051011,13.111,0.025
571209400009249,zr,59257.42057,13.312422,0.017902657,0.1057975,13.111,0.025
572312300000111,zi,59257.42742,13.092765,0.011336947,0.18716048,12.934,0.026
571209400009249,zr,59258.34544,13.299207,0.017934782,0.11096051,13.111,0.025
572212300009936,zr,59258.34638,13.315614,0.013444631,0.123691246,13.0859995,0.035
572112300010962,zg,59258.3727,14.111876,0.01224922,-0.08484539,13.880001,0.021
571109400017782,zg,59258.37788,14.059286,0.01588261,-0.07684837,13.847001,0.021
571209400009249,zr,59260.2635,13.302813,0.017926008,0.10786908,13.111,0.025
571109400017782,zg,59260.29523,14.003375,0.016051784,-0.039774388,13.847001,0.021
572312300000111,zi,59260.34215,13.101764,0.011333067,0.19672462,12.934,0.026
571109400017782,zg,59260.36809,14.023433,0.015990805,-0.066838555,13.847001,0.021
571309400016951,zi,59260.37755,13.009105,0.017658541,0.1955532,12.934999,0.028
571209400009249,zr,59260.38877,13.288935,0.017959805,0.11258426,13.111,0.025
571209400009249,zr,59262.24175,13.287795,0.017962582,0.114059664,13.111,0.025
572212300009936,zr,59262.24223,13.289584,0.013470391,0.12056433,13.0859995,0.035
571209400009249,zr,59262.25361,13.294524,0.017946182,0.11965676,13.111,0.025
571309400016951,zi,59262.2765,13.095652,0.017450526,0.19643193,12.934999,0.028
572112300010962,zg,59262.31545,14.082084,0.012289342,-0.064823076,13.880001,0.021
571109400017782,zg,59262.31592,14.032853,0.015962277,-0.070876695,13.847001,0.021
572112300010962,zg,59262.33326,14.072468,0.01230242,-0.058144372,13.880001,0.021
571109400017782,zg,59262.3342,14.053082,0.015901256,-0.094890036,13.847001,0.021
572212300009936,zr,59262.35456,13.319511,0.013440797,0.11124964,13.0859995,0.035
571209400009249,zr,59262.35831,13.329064,0.017862312,0.10703609,13.111,0.025
572212300009936,zr,59262.36364,13.325394,0.01343502,0.1129144,13.0859995,0.035
571109400017782,zg,59262.40821,14.069334,0.01585248,-0.059026763,13.847001,0.021
572112300010962,zg,59262.4151,14.08888,0.012280137,-0.070554756,13.880001,0.021
572212300009936,zr,59263.25594,13.112173,0.013652412,0.12036357,13.0859995,0.035
571209400009249,zr,59263.27141,13.095907,0.01843822,0.12505405,13.111,0.025
571109400017782,zg,59263.29772,13.964423,0.016171105,-0.038407378,13.847001,0.021
572312300000111,zi,59263.32474,13.037907,0.011361176,0.19844538,12.934,0.026
572212300009936,zr,59263.38996,13.206093,0.013554697,0.123917095,13.0859995,0.035
571209400009249,zr,59263.3909,13.225734,0.01811478,0.119302705,13.111,0.025
572212300009936,zr,59264.2313,13.391605,0.013370937,0.11017827,13.0859995,0.035
571209400009249,zr,59264.23177,13.303175,0.017925125,0.111029536,13.111,0.025
571109400017782,zg,59264.26044,14.084149,0.015808202,-0.043427847,13.847001,0.021
572112300010962,zg,59264.28089,14.135107,0.01221836,-0.05418102,13.880001,0.021
572212300009936,zr,59264.30179,13.301019,0.013459044,0.12102395,13.0859995,0.035
571209400009249,zr,59264.31315,13.30171,0.01792869,0.11718003,13.111,0.025
572112300010962,zg,59264.33817,14.11476,0.012245367,-0.07567501,13.880001,0.021
571109400017782,zg,59264.33912,14.138466,0.015647488,-0.09259904,13.847001,0.021
571109400017782,zg,59264.34766,14.070218,0.01584983,-0.08498345,13.847001,0.021
572212300009936,zr,59264.36631,13.273768,0.013486167,0.10369063,13.0859995,0.035
571209400009249,zr,59264.36818,13.277293,0.017988222,0.09838398,13.111,0.025
572112300010962,zg,59264.40512,14.121605,0.01223625,-0.06282231,13.880001,0.021
571209400009249,zr,59265.26703,13.366259,0.017772602,0.11074134,13.111,0.025
572212300009936,zr,59265.28453,13.337115,0.013423549,0.1177075,13.0859995,0.035
571209400009249,zr,59265.30302,13.367643,0.017769277,0.112083234,13.111,0.025
571309400016951,zi,59265.33616,13.112889,0.017409448,0.19710591,12.934999,0.028
572112300010962,zg,59265.38558,14.113376,0.012247217,-0.065397635,13.880001,0.021
571109400017782,zg,59265.38655,14.099829,0.015761549,-0.06938158,13.847001,0.021
572112300010962,zg,59265.42108,14.087436,0.01228209,-0.05084081,13.880001,0.021
572212300009936,zr,59266.2382,13.312278,0.013447919,0.10863329,13.0859995,0.035
571209400009249,zr,59266.27632,13.25789,0.01803572,0.12159355,13.111,0.025
571109400017782,zg,59266.28825,14.059088,0.015883205,-0.030086718,13.847001,0.021
572112300010962,zg,59266.28921,14.0119095,0.012386177,-0.05113858,13.880001,0.021
571109400017782,zg,59266.30727,14.030214,0.01597026,-0.027247552,13.847001,0.021
572112300010962,zg,59266.31057,14.0116005,0.012386611,-0.025549058,13.880001,0.021
571209400009249,zr,59266.32707,13.269112,0.018008228,0.111999005,13.111,0.025
572212300009936,zr,59266.32943,13.25448,0.013505531,0.1176905,13.0859995,0.035
572312300000111,zi,59266.36015,13.042477,0.011359121,0.18967591,12.934,0.026
571209400009249,zr,59266.38039,13.310375,0.017907627,0.1031922,13.111,0.025
571109400017782,zg,59266.40944,14.004055,0.016049715,-0.04191961,13.847001,0.021
572112300010962,zg,59266.4209,14.027901,0.012363829,-0.05946803,13.880001,0.021
571209400009249,zr,59267.1823,13.30022,0.017932316,0.11785779,13.111,0.025
572112300010962,zg,59267.25209,14.092289,0.012275529,-0.0419451,13.880001,0.021
571109400017782,zg,59267.26309,14.089066,0.015793553,-0.037316117,13.847001,0.021
571109400017782,zg,59267.29372,14.057912,0.015886735,-0.031853996,13.847001,0.021
572212300009936,zr,59267.31559,13.304913,0.013455191,0.11463663,13.0859995,0.035
571209400009249,zr,59267.33912,13.284351,0.017970985,0.118841685,13.111,0.025
572212300009936,zr,59267.40679,13.338782,0.013421922,0.1123839,13.0859995,0.035
572212300009936,zr,59268.28149,13.313342,0.013446869,0.114211835,13.0859995,0.035
572212300009936,zr,59268.34563,13.285028,0.013474926,0.11216304,13.0859995,0.035
572212300009936,zr,59268.36369,13.30692,0.013453207,0.114813976,13.0859995,0.035
572112300010962,zg,59268.43668,14.122486,0.012235078,-0.05362675,13.880001,0.021
572112300010962,zg,59269.23401,14.182326,0.012156814,-0.04008018,13.880001,0.021
572212300009936,zr,59269.31717,13.298457,0.013461582,0.11125619,13.0859995,0.035
572212300009936,zr,59269.36498,13.325634,0.0134347845,0.112501204,13.0859995,0.035
571209400009249,zr,59269.36639,13.380014,0.017739588,0.11723369,13.111,0.025
572312300000111,zi,59269.40825,13.221757,0.011284034,0.1822974,12.934,0.026
571109400017782,zg,59269.43111,14.089171,0.015793236,-0.020714493,13.847001,0.021
572112300010962,zg,59269.44835,14.114548,0.01224565,-0.054145817,13.880001,0.021
572112300010962,zg,59270.248,14.107066,0.012255657,-0.047925346,13.880001,0.021
572112300010962,zg,59270.28473,14.138252,0.01221421,-0.056811683,13.880001,0.021
572212300009936,zr,59270.29713,13.275056,0.013484878,0.12475896,13.0859995,0.035
572212300009936,zr,59270.32817,13.356344,0.013404848,0.1127042,13.0859995,0.035
572212300009936,zr,59270.36598,13.317747,0.013442533,0.11872606,13.0859995,0.035
571209400009249,zr,59273.22056,13.310041,0.017908435,0.1181788,13.111,0.025
571209400009249,zr,59273.26071,13.393423,0.017707499,0.1136133,13.111,0.025
571109400017782,zg,59273.3063,14.041203,0.015937049,-0.018387862,13.847001,0.021
572112300010962,zg,59273.34012,14.051286,0.012331446,-0.032220423,13.880001,0.021
1617102200002807,zg,59273.34248,14.071822,0.012865378,-0.04829264,13.782001,0.022
1617102200002807,zg,59273.34295,14.058511,0.012873144,-0.044549495,13.782001,0.022
572112300010962,zg,59273.38407,14.077597,0.012295437,-0.062718816,13.880001,0.021
572212300009936,zr,59273.45545,13.336062,0.013424577,0.10713511,13.0859995,0.035
572112300010962,zg,59274.29693,13.986389,0.012422175,-0.03783006,13.880001,0.021
571309400016951,zi,59274.31745,13.0407295,0.017582193,0.17912355,12.934999,0.028
572312300000111,zi,59274.32124,13.080811,0.011342143,0.1952894,12.934,0.026
572212300009936,zr,59274.41787,13.231719,0.013528557,0.110123456,13.0859995,0.035
571209400009249,zr,59274.41928,13.239971,0.018079719,0.11538374,13.111,0.025
572112300010962,zg,59274.4852,13.970983,0.0124441,-0.0004488154,13.880001,0.021
571109400017782,zg,59275.19767,14.020226,0.016000537,-0.04624508,13.847001,0.021
571109400017782,zg,59275.21281,14.037272,0.015948918,-0.02511224,13.847001,0.021
572112300010962,zg,59275.21727,14.066143,0.012311054,-0.04226548,13.880001,0.021
572112300010962,zg,59275.21821,14.049221,0.012334291,-0.040776383,13.880001,0.021
572212300009936,zr,59275.32636,13.33389,0.013426701,0.109190136,13.0859995,0.035
572212300009936,zr,59275.3273,13.307303,0.013452829,0.12324396,13.0859995,0.035
571209400009249,zr,59275.32825,13.318489,0.017887931,0.11504894,13.111,0.025
571209400009249,zr,59275.33015,13.313235,0.017900681,0.11546347,13.111,0.025
571109400017782,zg,59276.23833,14.048561,0.015914863,-0.07454372,13.847001,0.021
572112300010962,zg,59276.26225,14.080744,0.0122911595,-0.05698112,13.880001,0.021
572212300009936,zr,59276.35903,13.308535,0.013451611,0.11715604,13.0859995,0.035
571209400009249,zr,59276.37654,13.332924,0.017852971,0.11511433,13.111,0.025
571109400017782,zg,59278.26602,14.007418,0.016039466,-0.061834168,13.847001,0.021
572112300010962,zg,59278.26836,14.008168,0.012391428,-0.034524776,13.880001,0.021
571209400009249,zr,59278.28995,13.281993,0.017976742,0.11379156,13.111,0.025
571209400009249,zr,59278.29089,13.269923,0.018006241,0.113894165,13.111,0.025
572212300009936,zr,59278.29182,13.277717,0.0134822205,0.11807677,13.0859995,0.035
572212300009936,zr,59278.29759,13.320973,0.01343936,0.11912399,13.0859995,0.035
572312300000111,zi,59278.36746,13.088879,0.011338632,0.19464475,12.934,0.026
571309400016951,zi,59278.36792,13.064938,0.017524008,0.19899648,12.934999,0.028
572212300009936,zr,59281.2505,13.246143,0.013513942,0.12442805,13.0859995,0.035
571209400009249,zr,59281.25096,13.290259,0.017956577,0.11377764,13.111,0.025
571309400016951,zi,59281.30083,13.061179,0.017533027,0.2040586,12.934999,0.028
572112300010962,zg,59281.34135,13.99762,0.012406282,-0.05902652,13.880001,0.021
571109400017782,zg,59281.34182,13.985758,0.016105605,-0.07346172,13.847001,0.021
572312300000111,zi,59290.27884,13.118833,0.011325784,0.1881944,12.934,0.026
571309400016951,zi,59290.28029,13.080932,0.017485697,0.19139846,12.934999,0.028
571209400009249,zr,59291.24264,13.294906,0.017945252,0.10918123,13.111,0.025
572212300009936,zr,59291.24358,13.3466425,0.013414264,0.123557255,13.0859995,0.035
572112300010962,zg,59291.29676,14.11223,0.012248746,-0.06152712,13.880001,0.021
1617102200002807,zg,59292.27387,14.126559,0.012834173,-0.08594273,13.782001,0.022
1617102200002807,zg,59292.27433,14.133092,0.012830528,-0.09181562,13.782001,0.022
571209400009249,zr,59293.21863,13.353864,0.017802427,0.1078008,13.111,0.025
572212300009936,zr,59293.2191,13.3309765,0.01342955,0.11898821,13.0859995,0.035
572112300010962,zg,59293.3038,14.093802,0.012273488,-0.05519597,13.880001,0.021
571109400017782,zg,59293.30427,14.066683,0.01586042,-0.08048296,13.847001,0.021
572312300000111,zi,59294.30116,13.065301,0.011348954,0.19041857,12.934,0.026
571309400016951,zi,59294.30352,13.135857,0.01735491,0.1862949,12.934999,0.028
571209400009249,zr,59296.2525,13.207586,0.018159587,0.11359384,13.111,0.025
571109400017782,zg,59296.30944,13.911262,0.016335808,-0.023567535,13.847001,0.021
572112300010962,zg,59296.32222,13.974379,0.012439256,-0.04192698,13.880001,0.021
572212300009936,zr,59296.34287,13.274134,0.013485801,0.10609462,13.0859995,0.035
571309400016951,zi,59297.20497,13.090888,0.017461898,0.18398286,12.934999,0.028
572312300000111,zi,59297.36341,13.169844,0.011304615,0.1876874,12.934,0.026
571109400017782,zg,59301.25463,14.017352,0.016009258,-0.016412493,13.847001,0.021
572112300010962,zg,59301.27464,14.091975,0.012275954,-0.032714587,13.880001,0.021
572112300010962,zg,59301.27558,14.0739155,0.012300447,-0.044849835,13.880001,0.021
571209400009249,zr,59301.28325,13.330031,0.017859971,0.11374805,13.111,0.025
571209400009249,zr,59301.28419,13.279586,0.017982619,0.10175138,13.111,0.025
572212300009936,zr,59301.3,13.181825,0.013579663,0.11790758,13.0859995,0.035
572212300009936,zr,59301.30094,13.258131,0.013501855,0.13429512,13.0859995,0.035
571109400017782,zg,59301.33407,13.988941,0.016095864,-0.006784757,13.847001,0.021
571209400009249,zr,59302.21578,13.288099,0.017961843,0.121712536,13.111,0.025
571109400017782,zg,59302.27288,14.147147,0.015622042,-0.05471782,13.847001,0.021
571309400016951,zi,59302.28301,13.172228,0.017269,0.1833619,12.934999,0.028
572112300010962,zg,59303.25917,14.130075,0.012225011,-0.053188436,13.880001,0.021
571109400017782,zg,59303.26106,14.0995455,0.01576239,-0.021848708,13.847001,0.021
572312300000111,zi,59303.31453,13.112634,0.011328418,0.19363345,12.934,0.026
571209400009249,zr,59303.3241,13.37361,0.017754951,0.12002439,13.111,0.025
572212300009936,zr,59303.35568,13.352516,0.013408558,0.11819745,13.0859995,0.035
572212300009936,zr,59304.17537,13.3176985,0.01344258,0.11073067,13.0859995,0.035
572112300010962,zg,59304.21706,14.068278,0.012308136,-0.04633807,13.880001,0.021
572112300010962,zg,59305.29368,14.06708,0.012309776,-0.051821664,13.880001,0.021
572312300000111,zi,59305.37813,13.129708,0.0113211945,0.1991069,12.934,0.026
571209400009249,zr,59306.2372,13.18939,0.018204652,0.116663106,13.111,0.025
571109400017782,zg,59306.29633,14.014633,0.016017517,-0.084241375,13.847001,0.021
571309400016951,zi,59307.21035,13.106299,0.017425139,0.18699451,12.934999,0.028
572212300009936,zr,59307.23284,13.216827,0.0135437185,0.11317909,13.0859995,0.035
572112300010962,zg,59307.28443,14.056865,0.012323772,-0.070023604,13.880001,0.021
571209400009249,zr,59308.21684,13.240698,0.01807793,0.10863465,13.111,0.025
571109400017782,zg,59308.27302,14.022745,0.01599289,-0.079891436,13.847001,0.021
572312300000111,zi,59308.31432,13.088506,0.011338793,0.19949564,12.934,0.026
571109400017782,zg,59310.27042,14.102457,0.015753748,-0.10980266,13.847001,0.021
1617102200002807,zg,59310.2709,14.136839,0.012828446,-0.08575029,13.782001,0.022
1617102200002807,zg,59310.27136,14.131478,0.012831426,-0.08131923,13.782001,0.022
571309400016951,zi,59310.29102,13.0777645,0.017493276,0.18777001,12.934999,0.028
572312300000111,zi,59311.25809,13.121844,0.011324508,0.19497085,12.934,0.026
571109400017782,zg,59312.23771,14.081081,0.015817355,-0.07731868,13.847001,0.021
571209400009249,zr,59312.27459,13.337704,0.017841417,0.10760633,13.111,0.025
572212300009936,zr,59313.21615,13.341551,0.013419221,0.10756734,13.0859995,0.035
571109400017782,zg,59314.23836,14.049685,0.015911482,-0.08378265,13.847001,0.021
571209400009249,zr,59314.27362,13.310556,0.017907185,0.10620187,13.111,0.025
572312300000111,zi,59315.18941,12.940286,0.011406628,0.19529064,12.934,0.026
572112300010962,zg,59315.19944,14.088356,0.012280845,-0.0809432,13.880001,0.021
571109400017782,zg,59316.21903,14.07596,0.015832655,-0.109423295,13.847001,0.021
571309400016951,zi,59316.25052,13.097238,0.01744674,0.18940209,12.934999,0.028
571209400009249,zr,59316.2953,13.351375,0.017808424,0.10878731,13.111,0.025
572112300010962,zg,59317.17904,14.181753,0.012157552,-0.07199305,13.880001,0.021
571209400009249,zr,59319.21617,13.369868,0.017763931,0.11641407,13.111,0.025
571109400017782,zg,59319.24044,14.149787,0.0156143205,-0.085131384,13.847001,0.021
572112300010962,zg,59320.17664,14.2133,0.012117335,-0.0689694,13.880001,0.021
571209400009249,zr,59321.21858,13.349107,0.017813891,0.1027476,13.111,0.025
571109400017782,zg,59321.23935,14.167938,0.015561379,-0.06741093,13.847001,0.021
572312300000111,zi,59321.32546,13.237382,0.011278034,0.19258976,12.934,0.026
572112300010962,zg,59322.19483,14.216495,0.012113303,-0.080741644,13.880001,0.021
571309400016951,zi,59322.21714,13.154574,0.017310629,0.18582034,12.934999,0.028
572212300009936,zr,59322.23837,13.44481,0.013320742,0.111393884,13.0859995,0.035
571109400017782,zg,59323.17911,14.192333,0.0154907,-0.0391052,13.847001,0.021
571209400009249,zr,59323.21559,13.400644,0.017690249,0.117008634,13.111,0.025
572112300010962,zg,59324.17401,14.187431,0.012150258,-0.052261014,13.880001,0.021
572212300009936,zr,59324.2161,13.392654,0.013369936,0.11671448,13.0859995,0.035
572312300000111,zi,59324.30232,13.196358,0.011293979,0.19528791,12.934,0.026
571209400009249,zr,59328.17375,13.419874,0.017644448,0.10749431,13.111,0.025
572112300010962,zg,59328.21509,14.1938305,0.012142068,-0.06005907,13.880001,0.021
571109400017782,zg,59328.21607,14.143528,0.015632644,-0.014913651,13.847001,0.021
572212300009936,zr,59328.23542,13.404795,0.0133583825,0.11292416,13.0859995,0.035
572112300010962,zg,59334.17338,14.049689,0.0123336455,-0.054202378,13.880001,0.021
571109400017782,zg,59334.17481,14.049663,0.015911547,-0.08819678,13.847001,0.021
572212300009936,zr,59334.25569,13.325168,0.013435242,0.11923073,13.0859995,0.035
571209400009249,zr,59334.25615,13.357936,0.017792622,0.115052655,13.111,0.025
572312300000111,zi,59336.1802,13.121466,0.011324668,0.19176489,12.934,0.026
572212300009936,zr,59336.19372,13.235427,0.013524791,0.1277057,13.0859995,0.035
571209400009249,zr,59336.19465,13.254321,0.018044472,0.11377274,13.111,0.025
572112300010962,zg,59336.21381,14.0522375,0.012330134,-0.07473656,13.880001,0.021
571109400017782,zg,59336.24986,14.007828,0.016038222,-0.09632883,13.847001,0.021
572112300010962,zg,59338.19548,14.0993805,0.012265973,-0.07077445,13.880001,0.021
571109400017782,zg,59338.19595,14.061137,0.015877051,-0.073767915,13.847001,0.021
572212300009936,zr,59338.21671,13.3293,0.013431191,0.1085219,13.0859995,0.035
571209400009249,zr,59338.24226,13.281235,0.017978592,0.11571538,13.111,0.025
572312300000111,zi,59339.17475,13.136642,0.01131829,0.19731225,12.934,0.026
571309400016951,zi,59339.17755,13.116166,0.017401654,0.1926235,12.934999,0.028
572112300010962,zg,59340.1948,14.104926,0.012258524,-0.074368455,13.880001,0.021
571109400017782,zg,59340.19528,14.042928,0.015931845,-0.07582063,13.847001,0.021
572212300009936,zr,59340.23605,13.335495,0.013425132,0.11662268,13.0859995,0.035
571209400009249,zr,59340.25017,13.30702,0.01791578,0.11139588,13.111,0.025
571109400017782,zg,59342.22598,14.087453,0.015798355,-0.103297696,13.847001,0.021
572112300010962,zg,59342.23931,14.138692,0.012213631,-0.07526603,13.880001,0.021
571209400009249,zr,59342.27022,13.3240795,0.017874382,0.115095206,13.111,0.025
572212300009936,zr,59342.29162,13.62372,0.013161275,0.123265944,13.0859995,0.035
571309400016951,zi,59343.18559,13.110171,0.017415918,0.18057883,12.934999,0.028
572312300000111,zi,59343.18651,13.015772,0.011371226,0.1925847,12.934,0.026
571109400017782,zg,59344.1804,14.094051,0.015778715,-0.088124454,13.847001,0.021
572212300009936,zr,59344.20909,13.36443,0.013397026,0.10697529,13.0859995,0.035
571209400009249,zr,59344.22304,13.340423,0.017834848,0.11004186,13.111,0.025
572112300010962,zg,59344.26948,14.1145935,0.01224559,-0.046740085,13.880001,0.021
571109400017782,zg,59346.17867,14.100147,0.015760602,-0.09138677,13.847001,0.021
572212300009936,zr,59346.19487,13.333108,0.013427464,0.11231185,13.0859995,0.035
571209400009249,zr,59346.19533,13.314817,0.017896842,0.10942079,13.111,0.025
572112300010962,zg,59346.33025,14.057127,0.012323412,-0.0059064403,13.880001,0.021
572212300009936,zr,59348.17753,13.268972,0.013490969,0.12345816,13.0859995,0.035
571209400009249,zr,59348.178,13.296069,0.01794242,0.115136676,13.111,0.025
572112300010962,zg,59348.22818,14.082864,0.0122882845,-0.06632407,13.880001,0.021
571109400017782,zg,59348.22866,14.0387,0.015944606,-0.07233835,13.847001,0.021
572312300000111,zi,59349.25607,13.068514,0.011347537,0.19281068,12.934,0.026
572112300010962,zg,59350.18016,14.019807,0.012375121,-0.05983026,13.880001,0.021
571109400017782,zg,59350.18063,13.970716,0.01615175,-0.06461095,13.847001,0.021
571209400009249,zr,59350.21608,13.198343,0.018182462,0.11064172,13.111,0.025
572212300009936,zr,59350.22749,13.250753,0.013509289,0.12261421,13.0859995,0.035
571209400009249,zr,59355.19363,13.276319,0.017990602,0.124715164,13.111,0.025
572112300010962,zg,59356.20047,14.111304,0.012249985,-0.04044914,13.880001,0.021
572212300009936,zr,59356.23686,13.288949,0.013471023,0.11785764,13.0859995,0.035
571309400016951,zi,59358.18159,13.130956,0.01736653,0.19940002,12.934999,0.028
572312300000111,zi,59358.1937,13.101862,0.011333026,0.18954939,12.934,0.026
571109400017782,zg,59358.23966,14.124793,0.015687704,-0.012236579,13.847001,0.021
572112300010962,zg,59358.24012,14.148649,0.012200545,-0.036841128,13.880001,0.021
572112300010962,zg,59361.24056,14.187484,0.012150192,-0.0390331,13.880001,0.021
571109400017782,zg,59361.2429,14.206347,0.015450349,-0.036787983,13.847001,0.021
572112300010962,zg,59363.22613,14.080048,0.012292106,-0.031356387,13.880001,0.021
572312300000111,zi,59364.19365,13.078563,0.011343125,0.18183218,12.934,0.026
572212300009936,zr,59365.18459,13.293174,0.013466825,0.114480324,13.0859995,0.035
572112300010962,zg,59365.20242,14.036064,0.012352483,-0.037609477,13.880001,0.021
572212300009936,zr,59367.20588,13.330677,0.013429843,0.1186809,13.0859995,0.035
572112300010962,zg,59367.23401,14.061045,0.012318035,-0.023344787,13.880001,0.021
572312300000111,zi,59377.19395,13.005061,0.011376144,0.19100715,12.934,0.026
571209400009249,zr,59483.51754,13.154209,0.018292157,0.123063065,13.111,0.025
571209400009249,zr,59483.5199,13.256965,0.018037986,0.12126401,13.111,0.025
571209400009249,zr,59483.52228,13.182203,0.018222488,0.11802403,13.111,0.025
571209400009249,zr,59484.52056,13.159787,0.018278252,0.12654063,13.111,0.025
571209400009249,zr,59484.52297,13.146406,0.018311631,0.1405212,13.111,0.025
571209400009249,zr,59484.52537,13.1987505,0.018181454,0.1059318,13.111,0.025
571209400009249,zr,59487.51939,13.174647,0.01824126,0.11912181,13.111,0.025
571209400009249,zr,59487.52183,13.147907,0.018307881,0.12803382,13.111,0.025
571209400009249,zr,59487.52428,13.064752,0.01851679,0.12988867,13.111,0.025
571209400009249,zr,59487.52672,13.052165,0.01854863,0.11418613,13.111,0.025
571209400009249,zr,59488.51689,13.144084,0.01831743,0.119512826,13.111,0.025
572212300009936,zr,59488.51832,13.117054,0.013647262,0.12983344,13.0859995,0.035
571209400009249,zr,59488.51927,13.130587,0.018351182,0.12622742,13.111,0.025
572212300009936,zr,59488.5207,13.147807,0.013614995,0.11873072,13.0859995,0.035
571209400009249,zr,59488.52165,13.167796,0.018258303,0.11642225,13.111,0.025
572212300009936,zr,59488.52309,13.135892,0.01362746,0.12781131,13.0859995,0.035
571209400009249,zr,59488.52404,13.133097,0.0183449,0.12066201,13.111,0.025
572212300009936,zr,59488.52546,13.123237,0.013640751,0.13196445,13.0859995,0.035
571209400009249,zr,59488.52641,13.135171,0.01833971,0.11561237,13.111,0.025
572212300009936,zr,59488.52784,13.138393,0.0136248395,0.12809308,13.0859995,0.035
571209400009249,zr,59489.51874,13.152771,0.018295744,0.12346732,13.111,0.025
572212300009936,zr,59489.51969,13.172477,0.013589334,0.106223,13.0859995,0.035
571209400009249,zr,59489.52111,13.160879,0.01827553,0.12562276,13.111,0.025
571209400009249,zr,59489.52348,13.145118,0.018314846,0.1252391,13.111,0.025
572212300009936,zr,59489.52442,13.101752,0.01366343,0.13397093,13.0859995,0.035
572212300009936,zr,59489.52679,13.184417,0.013576988,0.115616925,13.0859995,0.035
571209400009249,zr,59489.52822,13.2127495,0.018146828,0.105397284,13.111,0.025
571209400009249,zr,59497.5116,13.091723,0.018448751,0.1290901,13.111,0.025
571209400009249,zr,59497.51407,13.102608,0.018421367,0.116407216,13.111,0.025
571209400009249,zr,59497.51654,13.129853,0.018353017,0.11376853,13.111,0.025
571209400009249,zr,59497.51901,13.121655,0.018373553,0.12467854,13.111,0.025
571209400009249,zr,59497.52149,13.117449,0.018384103,0.12671776,13.111,0.025
571209400009249,zr,59498.51274,13.064259,0.018518038,0.120966785,13.111,0.025
571209400009249,zr,59498.51521,13.055762,0.018539526,0.11104369,13.111,0.025
571209400009249,zr,59498.51769,13.114655,0.018391114,0.11818872,13.111,0.025
571209400009249,zr,59498.52016,13.111602,0.018398775,0.1268211,13.111,0.025
571209400009249,zr,59498.52263,13.111076,0.018400094,0.1158744,13.111,0.025
572212300009936,zr,59502.51627,13.082327,0.013684062,0.11173478,13.0859995,0.035
572212300009936,zr,59502.51876,13.054362,0.013713967,0.1229316,13.0859995,0.035
572212300009936,zr,59502.52126,13.070367,0.013696824,0.12520103,13.0859995,0.035
572212300009936,zr,59502.52376,13.086906,0.013679187,0.12951131,13.0859995,0.035
572212300009936,zr,59503.51469,13.101203,0.013664012,0.12726185,13.0859995,0.035
572212300009936,zr,59503.51719,13.100237,0.013665035,0.12446345,13.0859995,0.035
572212300009936,zr,59503.51968,13.124076,0.013639867,0.13390306,13.0859995,0.035
572212300009936,zr,59503.52218,13.1307,0.0136329075,0.12517302,13.0859995,0.035
572212300009936,zr,59503.52467,13.120359,0.013643779,0.12830451,13.0859995,0.035
572212300009936,zr,59504.5149,13.105194,0.013659786,0.11763989,13.0859995,0.035
572212300009936,zr,59504.52215,13.238672,0.013521502,0.11042754,13.0859995,0.035
572212300009936,zr,59504.52457,13.126886,0.013636912,0.10955114,13.0859995,0.035
571209400009249,zr,59509.48326,13.217936,0.018134015,0.1212397,13.111,0.025
572212300009936,zr,59509.48421,13.2524605,0.013507567,0.12083047,13.0859995,0.035
572112300010962,zg,59509.51001,13.968758,0.012447278,-0.026887115,13.880001,0.021
571109400017782,zg,59509.51096,13.95689,0.016194316,-0.017554147,13.847001,0.021
571109400017782,zg,59512.48856,13.9821,0.016116813,-0.021068577,13.847001,0.021
572112300010962,zg,59512.4895,14.014259,0.012382883,-0.04027574,13.880001,0.021
571209400009249,zr,59512.50541,13.203062,0.01817078,0.117456146,13.111,0.025
572212300009936,zr,59512.50728,13.208957,0.013551763,0.11719508,13.0859995,0.035
572212300009936,zr,59521.47511,13.229309,0.013531003,0.12619787,13.0859995,0.035
571209400009249,zr,59521.47605,13.248742,0.01805816,0.123731546,13.111,0.025
572112300010962,zg,59521.51803,14.025651,0.012366964,-0.052227367,13.880001,0.021
571109400017782,zg,59521.51999,13.984406,0.016109748,-0.06430061,13.847001,0.021
571309400016951,zi,59523.47537,13.02824,0.017612297,0.19651398,12.934999,0.028
571209400009249,zr,59523.50269,13.322822,0.017877428,0.10957378,13.111,0.025
572212300009936,zr,59523.50315,13.270581,0.013489357,0.113339275,13.0859995,0.035
572112300010962,zg,59523.54042,14.115663,0.012244164,-0.06585779,13.880001,0.021
571109400017782,zg,59525.48314,13.999636,0.01606319,-0.06878707,13.847001,0.021
572112300010962,zg,59525.48408,14.047343,0.012336881,-0.06133556,13.880001,0.021
572212300009936,zr,59525.5195,13.282001,0.013477944,0.11527389,13.0859995,0.035
572312300000111,zi,59525.52456,13.075577,0.011344432,0.19535916,12.934,0.026
571109400017782,zg,59527.48388,14.032911,0.015962102,-0.06700233,13.847001,0.021
572112300010962,zg,59527.48483,14.106155,0.012256877,-0.08349962,13.880001,0.021
571109400017782,zg,59530.43334,13.968843,0.016157508,-0.03346967,13.847001,0.021
571209400009249,zr,59530.46565,13.155537,0.018288845,0.12329792,13.111,0.025
572212300009936,zr,59530.46612,13.213892,0.013546716,0.11356934,13.0859995,0.035
571309400016951,zi,59530.52257,13.050324,0.017559104,0.19525294,12.934999,0.028
572212300009936,zr,59532.44588,13.296405,0.013463615,0.11739377,13.0859995,0.035
571209400009249,zr,59532.46516,13.320732,0.017882494,0.11796164,13.111,0.025
572112300010962,zg,59532.51918,14.103995,0.012259773,-0.071785726,13.880001,0.021
571109400017782,zg,59532.52878,14.064713,0.015866326,-0.07681866,13.847001,0.021
571209400009249,zr,59536.49743,13.243256,0.018071644,0.12044411,13.111,0.025
571109400017782,zg,59537.48369,14.008983,0.016034706,-0.03353578,13.847001,0.021
572112300010962,zg,59540.4365,13.989441,0.012417847,-0.04609415,13.880001,0.021
571109400017782,zg,59540.45127,13.997272,0.016070407,-0.039524328,13.847001,0.021
571309400016951,zi,59540.48497,13.087442,0.017470129,0.19519164,12.934999,0.028
572312300000111,zi,59540.49718,13.053508,0.011354186,0.19581236,12.934,0.026
571209400009249,zr,59540.51426,13.253151,0.018047342,0.113311514,13.111,0.025
572212300009936,zr,59540.54105,13.234638,0.013525593,0.12030291,13.0859995,0.035
571109400017782,zg,59550.45733,13.947119,0.016224487,-0.08847098,13.847001,0.021
572112300010962,zg,59550.46606,13.993209,0.012412516,-0.066619635,13.880001,0.021
572212300009936,zr,59550.51982,13.246283,0.013513803,0.11047835,13.0859995,0.035
571209400009249,zr,59550.52028,13.183799,0.018218523,0.107464,13.111,0.025
572312300000111,zi,59622.42754,12.977808,0.011388816,0.20207362,12.934,0.026
571309400016951,zi,59623.20977,13.016184,0.017641418,0.18236004,12.934999,0.028
571209400009249,zr,59623.34523,13.197732,0.018183976,0.11652713,13.111,0.025
572212300009936,zr,59623.35993,13.155513,0.013606957,0.111080155,13.0859995,0.035
572112300010962,zg,59625.25491,13.868154,0.012594042,-0.044905927,13.880001,0.021
572212300009936,zr,59625.26372,13.147537,0.013615278,0.114391156,13.0859995,0.035
572312300000111,zi,59625.32225,12.946762,0.011403524,0.19689018,12.934,0.026
571109400017782,zg,59628.21119,13.870497,0.01646349,-0.042302605,13.847001,0.021
571309400016951,zi,59628.33238,12.948341,0.01780627,0.1941966,12.934999,0.028
571209400009249,zr,59628.40788,13.142058,0.018322492,0.11537401,13.111,0.025
572212300009936,zr,59629.34264,13.148338,0.013614439,0.10497925,13.0859995,0.035
572112300010962,zg,59629.4098,13.853731,0.012615553,-0.051865418,13.880001,0.021
1617102200002807,zg,59630.39586,13.833226,0.013014177,-0.05164438,13.782001,0.022
571109400017782,zg,59636.24047,13.879359,0.016435632,-0.09429309,13.847001,0.021
572112300010962,zg,59636.25247,13.859468,0.012606982,-0.06804543,13.880001,0.021
571209400009249,zr,59636.35916,13.16292,0.018270446,0.10328552,13.111,0.025
572212300009936,zr,59636.36012,13.188919,0.013572344,0.114666134,13.0859995,0.035
572312300000111,zi,59636.36491,12.948046,0.011402911,0.19811933,12.934,0.026
571309400016951,zi,59636.36923,12.9440975,0.01781664,0.19243206,12.934999,0.028
571209400009249,zr,59638.32804,13.12622,0.018362118,0.11373668,13.111,0.025
572312300000111,zi,59639.23307,13.019426,0.011369556,0.19307478,12.934,0.026
571309400016951,zi,59639.23354,12.973852,0.017744085,0.19359411,12.934999,0.028
571209400009249,zr,59640.33344,13.173229,0.018244788,0.11096497,13.111,0.025
571109400017782,zg,59640.36117,13.92655,0.016288228,-0.08712189,13.847001,0.021
572112300010962,zg,59640.37273,13.9415,0.012486461,-0.061560106,13.880001,0.021
572212300009936,zr,59640.39717,13.223811,0.013536598,0.11843613,13.0859995,0.035
571109400017782,zg,59671.28561,13.9010515,0.016367676,-0.09185964,13.847001,0.021
571309400016951,zi,59671.30765,12.963652,0.01776892,0.18943621,12.934999,0.028
572312300000111,zi,59671.30814,13.104119,0.011332056,0.1932907,12.934,0.026
572212300009936,zr,59671.34298,13.20949,0.0135512175,0.10722356,13.0859995,0.035
572112300010962,zg,59671.40865,13.9169445,0.012522133,-0.050855204,13.880001,0.021
572212300009936,zr,59674.3096,13.214304,0.013546295,0.10972871,13.0859995,0.035
571209400009249,zr,59674.31009,13.1873255,0.018209774,0.11201601,13.111,0.025
572312300000111,zi,59674.34657,13.053497,0.01135419,0.19244899,12.934,0.026
571109400017782,zg,59674.36767,13.884322,0.016420055,-0.054838404,13.847001,0.021
572112300010962,zg,59674.39813,13.865329,0.012598246,-0.031501144,13.880001,0.021
571109400017782,zg,59676.31642,13.879029,0.016436668,-0.044250004,13.847001,0.021
572112300010962,zg,59676.31691,13.895098,0.012554165,-0.029873548,13.880001,0.021
572212300009936,zr,59676.34642,13.140905,0.013622209,0.11515938,13.0859995,0.035
571209400009249,zr,59676.3469,13.1341915,0.018342162,0.11224706,13.111,0.025
572312300000111,zi,59677.26018,13.059412,0.011351561,0.18932605,12.934,0.026
571209400009249,zr,59678.21747,13.155587,0.01828872,0.109357074,13.111,0.025
572212300009936,zr,59678.24001,13.127369,0.013636405,0.09915439,13.0859995,0.035
571109400017782,zg,59678.31473,13.902548,0.016363002,-0.046066977,13.847001,0.021
572112300010962,zg,59678.3225,13.966881,0.012449963,-0.0691197,13.880001,0.021
571309400016951,zi,59679.18454,12.999597,0.017681569,0.18535133,12.934999,0.028
572212300009936,zr,59680.21923,13.200152,0.01356079,0.12173757,13.0859995,0.035
572312300000111,zi,59680.27081,12.951027,0.0114014875,0.20074415,12.934,0.026
571109400017782,zg,59683.28055,13.940127,0.01624612,-0.028160948,13.847001,0.021
572212300009936,zr,59684.32473,13.223433,0.013536983,0.118462816,13.0859995,0.035
571209400009249,zr,59685.25154,13.178316,0.018232143,0.1122231,13.111,0.025
572312300000111,zi,59685.28251,12.9910755,0.011382619,0.1876536,12.934,0.026
571309400016951,zi,59685.28298,13.0037985,0.017671386,0.18525818,12.934999,0.028
571109400017782,zg,59685.32493,14.007566,0.016039014,-0.036286056,13.847001,0.021
572112300010962,zg,59687.26556,13.951673,0.012471786,-0.029419735,13.880001,0.021
572212300009936,zr,59687.35582,13.197576,0.0135634355,0.11653335,13.0859995,0.035
571109400017782,zg,59688.17532,13.906439,0.01635085,-0.062598445,13.847001,0.021
572212300009936,zr,59689.26257,13.159868,0.0136024235,0.11432576,13.0859995,0.035
572112300010962,zg,59689.28044,13.929874,0.0125033045,-0.05993248,13.880001,0.021
571209400009249,zr,59690.23667,13.165238,0.018264672,0.11231078,13.111,0.025
571109400017782,zg,59690.27028,13.946807,0.016225453,-0.0821779,13.847001,0.021
572212300009936,zr,59693.19527,13.258949,0.013501033,0.12081772,13.0859995,0.035
572112300010962,zg,59693.24817,14.0023985,0.012399544,-0.04936619,13.880001,0.021
571209400009249,zr,59694.17262,13.208283,0.018157864,0.108396076,13.111,0.025
572312300000111,zi,59694.19463,12.970026,0.011392476,0.19417666,12.934,0.026
571309400016951,zi,59694.19793,13.047879,0.017564986,0.18239552,12.934999,0.028
571109400017782,zg,59694.2616,13.948994,0.016218694,-0.04559122,13.847001,0.021
571209400009249,zr,59696.16559,13.24774,0.018060625,0.1167783,13.111,0.025
572212300009936,zr,59697.18901,13.268803,0.01349114,0.11331567,13.0859995,0.035
572112300010962,zg,59697.21669,13.99599,0.012408584,-0.07969436,13.880001,0.021
571309400016951,zi,59697.2498,13.01812,0.017636737,0.19009963,12.934999,0.028
572312300000111,zi,59697.25216,12.973112,0.011391022,0.18990013,12.934,0.026
571209400009249,zr,59699.18885,13.245224,0.018066805,0.10860661,13.111,0.025
572212300009936,zr,59699.1898,13.20846,0.013552272,0.11323867,13.0859995,0.035
571109400017782,zg,59699.2037,13.93389,0.016265443,-0.08298216,13.847001,0.021
572112300010962,zg,59699.21598,13.9889345,0.012418565,-0.06604156,13.880001,0.021
572112300010962,zg,59701.18732,13.961598,0.012457527,-0.04578407,13.880001,0.021
571209400009249,zr,59701.20606,13.270707,0.018004326,0.1116072,13.111,0.025
572212300009936,zr,59701.21897,13.2271185,0.013533231,0.10636365,13.0859995,0.035
571309400016951,zi,59701.23686,13.031459,0.017604534,0.19915006,12.934999,0.028
572312300000111,zi,59701.2465,13.074904,0.011344728,0.19169112,12.934,0.026
571109400017782,zg,59703.27217,13.984382,0.016109824,-0.059419002,13.847001,0.021
572112300010962,zg,59703.27264,13.990133,0.0124168685,-0.037782583,13.880001,0.021
572212300009936,zr,59703.28237,13.260942,0.013499027,0.116440825,13.0859995,0.035
571209400009249,zr,59703.28519,13.213695,0.01814449,0.11202799,13.111,0.025
571109400017782,zg,59711.17413,14.006039,0.01604367,-0.037084814,13.847001,0.021
572112300010962,zg,59711.19325,14.075864,0.012297794,-0.049650326,13.880001,0.021
572212300009936,zr,59711.25782,13.275315,0.01348462,0.118668474,13.0859995,0.035
571209400009249,zr,59711.26301,13.259209,0.018032482,0.11915797,13.111,0.025
572112300010962,zg,59713.1734,14.082625,0.012288607,-0.045408737,13.880001,0.021
571109400017782,zg,59713.19742,14.039733,0.015941486,-0.026805494,13.847001,0.021
572212300009936,zr,59713.21386,13.28137,0.013478573,0.113110974,13.0859995,0.035
571209400009249,zr,59713.21433,13.345453,0.017822705,0.11916731,13.111,0.025
572212300009936,zr,59715.17793,13.294998,0.013465013,0.11333286,13.0859995,0.035
571109400017782,zg,59715.21491,14.011877,0.016025899,-0.068254255,13.847001,0.021
572112300010962,zg,59715.21538,14.02351,0.012369949,-0.0503965,13.880001,0.021
572212300009936,zr,59718.18614,13.319799,0.013440514,0.10566565,13.0859995,0.035
571209400009249,zr,59718.20777,13.300247,0.017932247,0.105484426,13.111,0.025
572212300009936,zr,59718.24087,13.301043,0.01345902,0.12203619,13.0859995,0.035
572112300010962,zg,59722.20581,14.011585,0.012386632,-0.041312374,13.880001,0.021
571109400017782,zg,59722.20629,13.9902935,0.016091729,-0.043040983,13.847001,0.021
572112300010962,zg,59724.19785,14.0285225,0.012362964,-0.043471098,13.880001,0.021
571109400017782,zg,59724.19833,13.998589,0.016066382,-0.05426563,13.847001,0.021
572212300009936,zr,59724.2369,13.278407,0.013481529,0.11970472,13.0859995,0.035
571209400009249,zr,59724.23736,13.240646,0.018078059,0.110433,13.111,0.025
572112300010962,zg,59726.21982,14.019217,0.012375945,-0.032964606,13.880001,0.021
572112300010962,zg,59731.20724,13.954109,0.012468279,-0.03680979,13.880001,0.021
572212300009936,zr,59731.23819,13.224755,0.013535637,0.12509854,13.0859995,0.035
572112300010962,zg,59738.18571,13.958871,0.01246144,-0.033697657,13.880001,0.021
572312300000111,zi,59739.21644,13.150493,0.011312538,0.19457652,12.934,0.026
571309400016951,zi,59739.22759,13.072148,0.017506726,0.18667959,12.934999,0.028
572312300000111,zi,59742.19988,13.122918,0.011324055,0.18979463,12.934,0.026
571309400016951,zi,59742.20083,13.091119,0.017461345,0.1894549,12.934999,0.028
571209400009249,zr,59760.17982,13.152939,0.018295323,0.1170604,13.111,0.025
571209400009249,zr,59760.18096,13.15943,0.018279143,0.114776544,13.111,0.025
571209400009249,zr,59760.18209,13.1476145,0.018308615,0.1221418,13.111,0.025
571209400009249,zr,59760.18323,13.182954,0.018220624,0.115309514,13.111,0.025
571209400009249,zr,59760.18436,13.155496,0.018288946,0.11850741,13.111,0.025
571209400009249,zr,59851.52,13.053806,0.01854448,0.12120836,13.111,0.025
571209400009249,zr,59851.52244,13.087254,0.018460007,0.113456726,13.111,0.025
571209400009249,zr,59851.52487,13.084178,0.018467758,0.119701914,13.111,0.025
571209400009249,zr,59852.51693,13.093359,0.018444631,0.12269846,13.111,0.025
571209400009249,zr,59852.51938,13.06927,0.018505376,0.1272968,13.111,0.025
571209400009249,zr,59852.52182,13.140245,0.01832702,0.13223523,13.111,0.025
571209400009249,zr,59852.52426,13.1384115,0.018331608,0.12588328,13.111,0.025
571209400009249,zr,59852.5267,13.116803,0.01838572,0.1304731,13.111,0.025
571209400009249,zr,59855.51936,13.056237,0.018538322,0.10859127,13.111,0.025
572212300009936,zr,59855.5203,13.075053,0.013691817,0.11333987,13.0859995,0.035
571209400009249,zr,59855.52173,13.039749,0.018580098,0.116392635,13.111,0.025
572212300009936,zr,59855.52267,13.060642,0.013707231,0.11210238,13.0859995,0.035
571209400009249,zr,59855.5241,13.088261,0.01845747,0.1160311,13.111,0.025
572212300009936,zr,59855.52504,13.061346,0.013706476,0.10886391,13.0859995,0.035
571209400009249,zr,59855.52646,13.092373,0.018447116,0.123211436,13.111,0.025
572212300009936,zr,59855.52741,13.010989,0.013760815,0.10048699,13.0859995,0.035
572212300009936,zr,59856.5212,13.026334,0.013744177,0.11547563,13.0859995,0.035
572212300009936,zr,59856.52358,13.058609,0.013709411,0.11384689,13.0859995,0.035
572212300009936,zr,59856.52598,13.042469,0.013726757,0.111253835,13.0859995,0.035
572212300009936,zr,59856.52836,13.072652,0.013694382,0.11234335,13.0859995,0.035
572212300009936,zr,59856.53076,13.053653,0.01371473,0.11585885,13.0859995,0.035
572212300009936,zr,59857.51973,13.059063,0.013708923,0.10658119,13.0859995,0.035
572212300009936,zr,59857.52211,13.072504,0.01369454,0.107084416,13.0859995,0.035
572212300009936,zr,59857.52449,13.094209,0.01367143,0.11035286,13.0859995,0.035
572212300009936,zr,59857.52688,13.087754,0.013678286,0.1029445,13.0859995,0.035
572212300009936,zr,59857.52928,13.1022835,0.013662868,0.10687527,13.0859995,0.035
572212300009936,zr,59859.52117,13.111126,0.013653517,0.11156976,13.0859995,0.035
572212300009936,zr,59859.52361,13.087387,0.013678676,0.10909304,13.0859995,0.035
572212300009936,zr,59859.52604,13.072612,0.013694425,0.12067366,13.0859995,0.035
572212300009936,zr,59859.5309,13.117279,0.0136470245,0.11618958,13.0859995,0.035
572212300009936,zr,59860.52242,13.052046,0.0137164565,0.122824125,13.0859995,0.035
572212300009936,zr,59860.5248,13.071665,0.013695436,0.12234785,13.0859995,0.035
572212300009936,zr,59860.52719,13.087319,0.013678749,0.123246,13.0859995,0.035
572212300009936,zr,59860.52957,13.075253,0.013691604,0.12596032,13.0859995,0.035
572212300009936,zr,59860.53196,13.116178,0.013648186,0.12725073,13.0859995,0.035
571209400009249,zr,59861.51111,13.033948,0.018594818,0.13123913,13.111,0.025
571209400009249,zr,59861.5136,13.114581,0.018391296,0.11924326,13.111,0.025
571209400009249,zr,59861.5161,13.074803,0.018491404,0.11338524,13.111,0.025
571209400009249,zr,59861.5186,13.064139,0.018518342,0.11771998,13.111,0.025
571209400009249,zr,59861.52109,13.064033,0.018518608,0.11751218,13.111,0.025
572212300009936,zr,59861.52351,13.066241,0.013701236,0.11644104,13.0859995,0.035
572212300009936,zr,59861.52587,13.070211,0.013696989,0.116580285,13.0859995,0.035
572212300009936,zr,59861.52824,13.071882,0.013695205,0.11741005,13.0859995,0.035
572212300009936,zr,59861.5306,13.064459,0.013703143,0.11652003,13.0859995,0.035
571209400009249,zr,59862.51085,13.100171,0.018427495,0.1177972,13.111,0.025
571209400009249,zr,59862.51331,13.105421,0.0184143,0.11793928,13.111,0.025
571209400009249,zr,59862.51579,13.081065,0.018475605,0.10790393,13.111,0.025
571209400009249,zr,59862.51827,13.15321,0.018294647,0.109310865,13.111,0.025
571209400009249,zr,59862.52073,13.067386,0.018510135,0.11647561,13.111,0.025
571209400009249,zr,59863.5108,13.086152,0.018462785,0.11261212,13.111,0.025
571209400009249,zr,59863.51328,13.048255,0.018558538,0.11313876,13.111,0.025
571209400009249,zr,59863.51576,13.083866,0.018468542,0.11069206,13.111,0.025
571209400009249,zr,59863.51824,13.061994,0.018523766,0.117987566,13.111,0.025
571209400009249,zr,59863.52071,13.094195,0.018442526,0.10692286,13.111,0.025
572212300009936,zr,59869.51855,13.00649,0.013765706,0.115855925,13.0859995,0.035
572212300009936,zr,59869.52098,13.042286,0.013726955,0.1196881,13.0859995,0.035
572212300009936,zr,59869.5234,13.038966,0.0137305325,0.121378325,13.0859995,0.035
572212300009936,zr,59869.52583,13.00762,0.013764477,0.115279846,13.0859995,0.035
572212300009936,zr,59870.48108,13.041807,0.01372747,0.111816585,13.0859995,0.035
571109400017782,zg,59874.47304,13.703278,0.016998917,-0.045625284,13.847001,0.021
572212300009936,zr,59874.54023,13.068217,0.01369912,0.10966908,13.0859995,0.035
571209400009249,zr,59874.54117,13.082736,0.018471394,0.107842684,13.111,0.025
571109400017782,zg,59878.4511,13.753696,0.016835598,-0.03388435,13.847001,0.021
572112300010962,zg,59879.46303,13.808082,0.01268438,-0.046945855,13.880001,0.021
571309400016951,zi,59879.48271,12.886981,0.017956782,0.17834523,12.934999,0.028
572212300009936,zr,59879.50395,13.114117,0.0136503605,0.11584905,13.0859995,0.035
571109400017782,zg,59881.45987,13.840117,0.0165594,-0.046227157,13.847001,0.021
571209400009249,zr,59881.49319,13.152833,0.018295588,0.10633622,13.111,0.025
572112300010962,zg,59882.51969,13.786005,0.012718057,-0.033529,13.880001,0.021
572212300009936,zr,59887.49966,13.10601,0.013658923,0.106315166,13.0859995,0.035
571209400009249,zr,59888.51593,13.106179,0.01841239,0.1138165,13.111,0.025
571309400016951,zi,59889.42762,12.923284,0.017867578,0.19986665,12.934999,0.028
572212300009936,zr,59889.45383,13.118798,0.013645424,0.11372654,13.0859995,0.035
571109400017782,zg,59893.42461,13.716332,0.016956478,-0.00085859664,13.847001,0.021
572212300009936,zr,59897.42518,13.135482,0.0136278905,0.12381377,13.0859995,0.035
571109400017782,zg,59897.48421,13.762755,0.01680642,-0.02767255,13.847001,0.021
572112300010962,zg,59897.48469,13.801296,0.012694703,-0.05479529,13.880001,0.021
572312300000111,zi,59897.51654,12.938873,0.011407307,0.18325028,12.934,0.026
571309400016951,zi,59897.51702,12.940081,0.017826458,0.19581115,12.934999,0.028
571109400017782,zg,59901.4639,13.836577,0.016570617,-0.048155926,13.847001,0.021
572112300010962,zg,59902.47093,13.720715,0.012819105,-0.030826306,13.880001,0.021
571309400016951,zi,59902.48668,12.815176,0.018134503,0.18710001,12.934999,0.028
572312300000111,zi,59902.48716,12.905368,0.011423571,0.19706874,12.934,0.026
572212300009936,zr,59902.51994,13.00763,0.013764465,0.13183622,13.0859995,0.035
571109400017782,zg,59903.50407,13.773451,0.016772037,-0.04185072,13.847001,0.021
572212300009936,zr,59904.52146,13.1126995,0.013651856,0.10883561,13.0859995,0.035
571309400016951,zi,59905.46865,12.862526,0.01801712,0.1827874,12.934999,0.028
572312300000111,zi,59906.40324,12.952585,0.011400744,0.19593957,12.934,0.026
572112300010962,zg,59906.42577,13.809983,0.01268149,-0.036059134,13.880001,0.021
572212300009936,zr,59906.47926,13.059581,0.01370837,0.12995769,13.0859995,0.035
571109400017782,zg,59908.46252,13.677211,0.01708395,-0.046266522,13.847001,0.021
572212300009936,zr,59909.45761,13.043363,0.013725796,0.118317865,13.0859995,0.035
572112300010962,zg,59909.48386,13.838513,0.012638372,-0.06912706,13.880001,0.021
571209400009249,zr,59910.46768,13.140762,0.018325727,0.10642168,13.111,0.025
571309400016951,zi,59913.38563,12.93578,0.017836977,0.1908366,12.934999,0.028
572312300000111,zi,59913.38658,12.910378,0.011421118,0.17680438,12.934,0.026
572212300009936,zr,59913.47672,13.140098,0.013623055,0.12644255,13.0859995,0.035
1617202200022407,zr,59913.52442,13.135578,0.015726069,0.111713864,13.155999,0.032
571109400017782,zg,59914.4825,13.823284,0.016612815,-0.07689017,13.847001,0.021
571209400009249,zr,59914.50634,13.060553,0.018527407,0.124565065,13.111,0.025
572112300010962,zg,59922.43023,13.878237,0.01257907,-0.05120392,13.880001,0.021
572212300009936,zr,59922.46204,13.172206,0.013589615,0.121762566,13.0859995,0.035
571109400017782,zg,59923.43714,13.872202,0.016458128,-0.03230386,13.847001,0.021
571209400009249,zr,59923.48677,13.144344,0.01831678,0.11599607,13.111,0.025
571109400017782,zg,59930.45428,13.951718,0.016210275,-0.0446151,13.847001,0.021
571209400009249,zr,59930.46718,13.13464,0.01834104,0.123842545,13.111,0.025
572212300009936,zr,59930.46764,13.199604,0.013561354,0.12434792,13.0859995,0.035
572112300010962,zg,59930.48948,13.949405,0.012475051,-0.022272162,13.880001,0.021
572312300000111,zi,59932.52751,12.998278,0.011379276,0.19130081,12.934,0.026
571309400016951,zi,59932.52894,13.005239,0.017667895,0.17529406,12.934999,0.028
571109400017782,zg,59935.34188,13.907413,0.016347814,-0.027632773,13.847001,0.021
571209400009249,zr,59935.42595,13.165704,0.018263511,0.10952094,13.111,0.025
572212300009936,zr,59935.46634,13.223279,0.013537139,0.10977484,13.0859995,0.035
572312300000111,zi,59936.48142,13.038202,0.011361042,0.1984698,12.934,0.026
571309400016951,zi,59936.48236,12.971049,0.017750904,0.19222854,12.934999,0.028
572212300009936,zr,59937.38405,13.182798,0.013578658,0.13614812,13.0859995,0.035
571209400009249,zr,59937.42986,13.066857,0.01851147,0.12134014,13.111,0.025
572112300010962,zg,59937.46189,14.012713,0.012385051,-0.049204234,13.880001,0.021
571109400017782,zg,59937.48776,13.947195,0.016224252,-0.061674375,13.847001,0.021
571109400017782,zg,59957.40971,13.904593,0.016356612,-0.029739667,13.847001,0.021
571209400009249,zr,59957.42596,13.141963,0.018322729,0.120006554,13.111,0.025
572112300010962,zg,59957.46294,13.867981,0.0125942975,-0.024730237,13.880001,0.021
571109400017782,zg,59965.36732,13.823231,0.016612986,-0.029987212,13.847001,0.021
572212300009936,zr,59965.38908,13.144931,0.013617999,0.116616465,13.0859995,0.035
572112300010962,zg,59965.42216,13.943942,0.012482932,-0.03353326,13.880001,0.021
572312300000111,zi,59966.31454,13.16935,0.011304817,0.19778986,12.934,0.026
571309400016951,zi,59966.315,13.057785,0.017541178,0.18605673,12.934999,0.028
1617202200022407,zr,59967.37783,13.146214,0.01571941,0.105797686,13.155999,0.032
572212300009936,zr,59968.38725,13.254069,0.013505944,0.12598313,13.0859995,0.035
572112300010962,zg,59968.42206,14.0362425,0.012352237,-0.059389967,13.880001,0.021
571309400016951,zi,59969.35768,13.066633,0.017519945,0.19195627,12.934999,0.028
572212300009936,zr,59970.37227,13.098583,0.013666788,0.11432232,13.0859995,0.035
572212300009936,zr,59972.34351,13.282612,0.013477335,0.112789564,13.0859995,0.035
572112300010962,zg,59972.43036,13.996222,0.0124082565,-0.05170036,13.880001,0.021
572112300010962,zg,59979.32106,13.912386,0.012528794,-0.03958077,13.880001,0.021
572312300000111,zi,59979.38264,13.05173,0.011354979,0.18185289,12.934,0.026
572212300009936,zr,59984.3471,13.189991,0.013571241,0.12633677,13.0859995,0.035
572112300010962,zg,59984.40858,13.95633,0.012465089,-0.054690026,13.880001,0.021
572312300000111,zi,59985.3707,13.02006,0.0113692675,0.1979579,12.934,0.026
572212300009936,zr,59987.32623,13.168032,0.013593941,0.118744716,13.0859995,0.035
572212300009936,zr,59993.33286,13.213438,0.013547181,0.115866736,13.0859995,0.035
1617102200002807,zg,60020.20875,14.036669,0.012886031,-0.07974442,13.782001,0.022
572112300010962,zg,60020.23338,14.053037,0.0123290345,-0.05349054,13.880001,0.021
571109400017782,zg,60020.23385,13.999918,0.016062327,-0.07411715,13.847001,0.021
571209400009249,zr,60020.25899,13.248294,0.018059261,0.117394626,13.111,0.025
1617102200002807,zg,60021.32972,14.071156,0.012865766,-0.095268086,13.782001,0.022
572112300010962,zg,60031.22845,14.066809,0.012310146,-0.043999653,13.880001,0.021
571109400017782,zg,60031.2294,14.01369,0.016020386,-0.033948246,13.847001,0.021
571309400016951,zi,60031.25348,13.037323,0.017590398,0.18596764,12.934999,0.028
571209400009249,zr,60031.30788,13.22066,0.01812729,0.11182603,13.111,0.025
572212300009936,zr,60031.32466,13.27648,0.013483455,0.10897471,13.0859995,0.035
571309400016951,zi,60042.25416,13.073366,0.01750381,0.18989894,12.934999,0.028
572212300009936,zr,60044.20532,13.346142,0.013414751,0.12118328,13.0859995,0.035
571209400009249,zr,60044.20768,13.346924,0.017819153,0.10945444,13.111,0.025
571309400016951,zi,60045.19514,13.0913925,0.017460693,0.19392085,12.934999,0.028
571109400017782,zg,60046.19505,14.130057,0.015672201,-0.07356678,13.847001,0.021
572112300010962,zg,60046.2137,14.158362,0.012187847,-0.06025186,13.880001,0.021
1617102200002807,zg,60046.22781,14.170869,0.012809799,-0.06445935,13.782001,0.022
571109400017782,zg,60051.21558,14.046398,0.015921382,-0.07929261,13.847001,0.021
571209400009249,zr,60051.24595,13.258274,0.018034775,0.11292211,13.111,0.025
572212300009936,zr,60052.19841,13.307744,0.013452393,0.12556212,13.0859995,0.035
572112300010962,zg,60052.27075,14.02607,0.0123663815,-0.033323973,13.880001,0.021
571109400017782,zg,60053.19086,13.99244,0.016085165,-0.05418672,13.847001,0.021
571209400009249,zr,60053.22587,13.306477,0.017917097,0.11790315,13.111,0.025
572112300010962,zg,60054.26557,14.026388,0.012365935,-0.058773037,13.880001,0.021
572312300000111,zi,60054.39684,13.108826,0.011330041,0.19447064,12.934,0.026
571309400016951,zi,60055.16301,13.075021,0.017499845,0.1877957,12.934999,0.028
571209400009249,zr,60055.21476,13.2844715,0.01797069,0.113393284,13.111,0.025
571109400017782,zg,60055.27822,13.970273,0.016153114,-0.052874513,13.847001,0.021
572112300010962,zg,60056.22761,14.0137205,0.012383637,-0.039482314,13.880001,0.021
571209400009249,zr,60057.16395,13.209554,0.018154725,0.115173124,13.111,0.025
571109400017782,zg,60057.21323,13.945305,0.016230097,-0.05189348,13.847001,0.021
571309400016951,zi,60058.16455,13.016938,0.017639592,0.195186,12.934999,0.028
572112300010962,zg,60058.1753,13.971565,0.01244327,-0.05709819,13.880001,0.021
571109400017782,zg,60059.17431,13.906438,0.016350852,-0.051495016,13.847001,0.021
571209400009249,zr,60059.19445,13.213846,0.018144116,0.11756396,13.111,0.025
572212300009936,zr,60060.1727,13.221458,0.013538995,0.112433106,13.0859995,0.035
571109400017782,zg,60061.16967,13.936243,0.016258152,-0.031911667,13.847001,0.021
572112300010962,zg,60062.24045,14.006749,0.012393423,-0.019349936,13.880001,0.021
571109400017782,zg,60065.3348,13.930098,0.01627721,0.0013002626,13.847001,0.021
571209400009249,zr,60073.18647,13.348412,0.01781557,0.108314835,13.111,0.025
1617202200022407,zr,60077.15499,13.364698,0.015590808,0.0931013,13.155999,0.032
571209400009249,zr,60077.18599,13.365518,0.017774384,0.10199127,13.111,0.025
572212300009936,zr,60077.21519,13.3427105,0.013418091,0.107372805,13.0859995,0.035
572112300010962,zg,60077.28582,14.115421,0.012244486,-0.05059463,13.880001,0.021
571209400009249,zr,60079.2059,13.354136,0.017801771,0.13030066,13.111,0.025
572112300010962,zg,60080.24701,14.060076,0.012319365,-0.037516255,13.880001,0.021
571109400017782,zg,60081.22182,14.090931,0.015787998,-0.033740144,13.847001,0.021
571209400009249,zr,60081.24583,13.314226,0.017898276,0.11633353,13.111,0.025
572112300010962,zg,60082.24144,14.199977,0.012134228,-0.03866398,13.880001,0.021
571209400009249,zr,60083.17871,13.390455,0.017714592,0.119417965,13.111,0.025
571109400017782,zg,60083.20921,14.179234,0.015528584,-0.06640839,13.847001,0.021
572112300010962,zg,60084.18552,14.165788,0.012178186,-0.04078024,13.880001,0.021
572212300009936,zr,60084.19322,13.3625345,0.013398858,0.11847521,13.0859995,0.035
571309400016951,zi,60089.1852,13.16256,0.017291779,0.19054449,12.934999,0.028
571209400009249,zr,60097.18636,13.2936125,0.017948404,0.11975718,13.111,0.025
572112300010962,zg,60099.19421,14.044424,0.01234091,-0.0052059605,13.880001,0.021
571109400017782,zg,60099.19468,14.049771,0.015911222,0.0030736204,13.847001,0.021
572112300010962,zg,60101.20198,14.088936,0.012280059,-0.029722288,13.880001,0.021
571209400009249,zr,60112.18447,13.347343,0.017818144,0.10993426,13.111,0.025
572212300009936,zr,60114.22672,13.333696,0.01342689,0.13820273,13.0859995,0.035
572112300010962,zg,60116.19234,14.101941,0.0122625325,-0.028999874,13.880001,0.021
571109400017782,zg,60116.19281,14.105264,0.015745427,-0.016551299,13.847001,0.021
572212300009936,zr,60116.22272,13.311673,0.013448516,0.13606825,13.0859995,0.035
571209400009249,zr,60213.51506,13.275026,0.017993761,0.12296793,13.111,0.025
571209400009249,zr,60213.51744,13.2829895,0.017974311,0.12636149,13.111,0.025
571209400009249,zr,60213.51982,13.288027,0.01796202,0.12363781,13.111,0.025
571209400009249,zr,60213.52219,13.230945,0.018101936,0.12491208,13.111,0.025
571209400009249,zr,60213.52456,13.243343,0.018071426,0.12787041,13.111,0.025
571209400009249,zr,60214.5147,13.2634325,0.018022133,0.12883294,13.111,0.025
571209400009249,zr,60214.51712,13.245443,0.018066265,0.12120675,13.111,0.025
571209400009249,zr,60214.51955,13.254266,0.018044606,0.12045615,13.111,0.025
571209400009249,zr,60214.52198,13.256678,0.01803869,0.13077344,13.111,0.025
571209400009249,zr,60214.52442,13.255329,0.018041994,0.14030005,13.111,0.025
571209400009249,zr,60215.51711,13.255728,0.018041017,0.13199057,13.111,0.025
571209400009249,zr,60215.51952,13.285153,0.017969027,0.12978914,13.111,0.025
571209400009249,zr,60215.52193,13.2640705,0.018020572,0.12570971,13.111,0.025
571209400009249,zr,60215.52434,13.287793,0.01796259,0.13341892,13.111,0.025
571209400009249,zr,60215.52675,13.262587,0.018024202,0.13785224,13.111,0.025
571209400009249,zr,60216.51672,13.292085,0.017952127,0.12509815,13.111,0.025
571209400009249,zr,60216.51916,13.235849,0.018089859,0.13084905,13.111,0.025
571209400009249,zr,60216.52161,13.302806,0.017926022,0.11151261,13.111,0.025
571209400009249,zr,60216.52649,13.264103,0.01802049,0.12863071,13.111,0.025
571209400009249,zr,60220.51802,13.236903,0.018087266,0.11588309,13.111,0.025
571209400009249,zr,60220.52038,13.283571,0.01797289,0.102151655,13.111,0.025
571209400009249,zr,60220.52275,13.241082,0.018076986,0.12044107,13.111,0.025
571209400009249,zr,60220.52512,13.267356,0.018012524,0.12724581,13.111,0.025
571209400009249,zr,60220.52749,13.187713,0.018208811,0.1154624,13.111,0.025
572212300009936,zr,60220.52843,13.309,0.0134511525,0.11618191,13.0859995,0.035
572212300009936,zr,60221.51829,13.051383,0.013717167,0.12489412,13.0859995,0.035
572212300009936,zr,60222.52354,13.208616,0.013552113,0.118047275,13.0859995,0.035
572212300009936,zr,60222.52594,13.228726,0.013531596,0.118190534,13.0859995,0.035
572212300009936,zr,60222.52832,13.23415,0.013526088,0.116520375,13.0859995,0.035
572212300009936,zr,60223.52791,13.207244,0.013553518,0.1391361,13.0859995,0.035
572212300009936,zr,60223.53035,13.229102,0.013531215,0.11821732,13.0859995,0.035
572212300009936,zr,60224.52597,13.276161,0.013483774,0.1169763,13.0859995,0.035
571209400009249,zr,60225.50971,13.2208395,0.01812685,0.1297112,13.111,0.025
572212300009936,zr,60225.52821,13.239398,0.013520766,0.11443348,13.0859995,0.035
571209400009249,zr,60229.51152,13.025345,0.018616667,0.13703382,13.111,0.025
572212300009936,zr,60232.51575,13.2300205,0.013530281,0.12408642,13.0859995,0.035
572212300009936,zr,60232.52324,13.219214,0.013541283,0.1215377,13.0859995,0.035
572212300009936,zr,60233.51696,13.205438,0.013555369,0.1223149,13.0859995,0.035
572212300009936,zr,60234.51794,13.321413,0.013438927,0.10822765,13.0859995,0.035
572212300009936,zr,60234.52035,13.212074,0.0135485735,0.10716554,13.0859995,0.035
572212300009936,zr,60234.52277,13.180506,0.0135810245,0.13093549,13.0859995,0.035
571109400017782,zg,60235.49725,13.906706,0.016350016,-0.027727736,13.847001,0.021
572212300009936,zr,60235.51525,13.24001,0.013520147,0.112562425,13.0859995,0.035
572212300009936,zr,60235.51767,13.250543,0.013509501,0.11573391,13.0859995,0.035
572212300009936,zr,60235.52009,13.223387,0.01353703,0.11963418,13.0859995,0.035
572212300009936,zr,60235.52251,13.238819,0.013521354,0.12662615,13.0859995,0.035
572212300009936,zr,60235.52494,13.25445,0.013505561,0.113585114,13.0859995,0.035
571109400017782,zg,60239.49255,13.950848,0.016212966,-0.04649358,13.847001,0.021
571209400009249,zr,60239.50316,13.258994,0.018033009,0.11529115,13.111,0.025
572212300009936,zr,60244.47281,13.258881,0.0135011,0.124073654,13.0859995,0.035
571209400009249,zr,60244.49659,13.290743,0.017955394,0.11282077,13.111,0.025
571109400017782,zg,60244.51502,14.032484,0.015963392,-0.028547244,13.847001,0.021
572112300010962,zg,60250.47293,14.103177,0.012260873,-0.06418342,13.880001,0.021
571109400017782,zg,60250.47341,14.080927,0.015817815,-0.047774486,13.847001,0.021
571209400009249,zr,60252.45006,13.291075,0.01795459,0.1152486,13.111,0.025
571109400017782,zg,60252.47578,14.006029,0.0160437,-0.028393677,13.847001,0.021
572112300010962,zg,60252.48447,14.019308,0.012375817,-0.04838375,13.880001,0.021
572112300010962,zg,60257.48328,13.995273,0.012409598,-0.036454342,13.880001,0.021
571109400017782,zg,60257.49105,13.973181,0.016144177,-0.027606659,13.847001,0.021
572212300009936,zr,60257.51662,13.2079,0.013552845,0.11563949,13.0859995,0.035
571209400009249,zr,60257.51709,13.195218,0.018190203,0.12776347,13.111,0.025
572112300010962,zg,60260.46475,14.0900345,0.0122785745,-0.04647872,13.880001,0.021
571109400017782,zg,60260.48293,14.062995,0.015871476,-0.04205488,13.847001,0.021
572112300010962,zg,60262.4427,14.134404,0.012219287,-0.06286967,13.880001,0.021
571209400009249,zr,60263.42384,13.314728,0.017897058,0.1124949,13.111,0.025
572112300010962,zg,60287.38528,13.946315,0.012479506,-0.05338075,13.880001,0.021
571109400017782,zg,60289.40473,14.033489,0.015960352,-0.04705235,13.847001,0.021
572112300010962,zg,60289.44563,14.020855,0.012373657,-0.059132177,13.880001,0.021
571109400017782,zg,60291.44357,14.038481,0.015945267,-0.06734234,13.847001,0.021
572112300010962,zg,60291.46431,14.089172,0.012279741,-0.069602504,13.880001,0.021
571209400009249,zr,60291.5062,13.285099,0.017969161,0.123752795,13.111,0.025
572112300010962,zg,60314.41194,14.004539,0.012396532,-0.05774748,13.880001,0.021
571109400017782,zg,60314.41241,14.007219,0.016040072,-0.06570427,13.847001,0.021
572112300010962,zg,60322.4633,14.012159,0.012385826,-0.057146676,13.880001,0.021
571209400009249,zr,60322.51182,13.273256,0.01799809,0.11210041,13.111,0.025
571109400017782,zg,60324.37545,13.995596,0.016075522,-0.06341336,13.847001,0.021
572112300010962,zg,60324.39972,14.021205,0.012373166,-0.057187323,13.880001,0.021
571209400009249,zr,60324.46216,13.2877865,0.017962605,0.11863377,13.111,0.025
571109400017782,zg,60341.26092,13.875676,0.016447203,-0.042622775,13.847001,0.021
572112300010962,zg,60341.27328,13.942367,0.012485208,-0.051337533,13.880001,0.021
571209400009249,zr,60341.30472,13.245718,0.01806559,0.1143408,13.111,0.025
571109400017782,zg,60352.46273,13.916233,0.016320318,-0.052545752,13.847001,0.021
572112300010962,zg,60352.47358,13.957835,0.012462926,-0.06283795,13.880001,0.021
571109400017782,zg,60354.29458,13.885547,0.016416216,-0.06693346,13.847001,0.021
572112300010962,zg,60354.31646,13.961718,0.012457356,-0.057279207,13.880001,0.021
571209400009249,zr,60354.34428,13.199721,0.018179048,0.1210894,13.111,0.025
571109400017782,zg,60356.43634,13.89162,0.016397182,-0.077293254,13.847001,0.021
571109400017782,zg,60368.41118,13.915449,0.016322758,-0.018704506,13.847001,0.021
572112300010962,zg,60368.43508,13.931211,0.012501365,-0.025226014,13.880001,0.021
572112300010962,zg,60380.27357,13.982727,0.012427372,-0.06299114,13.880001,0.021
571109400017782,zg,60380.27451,13.972183,0.016147243,-0.06649707,13.847001,0.021
572112300010962,zg,60388.3004,13.924165,0.012511607,-0.03506285,13.880001,0.021
571109400017782,zg,60389.21891,13.884437,0.016419698,-0.028440714,13.847001,0.021
571109400017782,zg,60397.31404,13.90339,0.016360369,-0.04033103,13.847001,0.021
572112300010962,zg,60398.25309,13.898734,0.0125488145,-0.04740467,13.880001,0.021
571109400017782,zg,60403.28147,13.974683,0.016139565,-0.07381366,13.847001,0.021
571109400017782,zg,60407.30244,13.913623,0.016328447,-0.05927425,13.847001,0.021
571109400017782,zg,60412.32289,13.938359,0.016251594,-0.052092668,13.847001,0.021
572112300010962,zg,60413.2712,13.936903,0.012493111,-0.051715296,13.880001,0.021
571109400017782,zg,60416.28168,13.862155,0.016489763,-0.028351376,13.847001,0.021
571109400017782,zg,60420.21503,13.932199,0.016270692,-0.028069811,13.847001,0.021
571209400009249,zr,60420.25346,13.235218,0.018091414,0.123798944,13.111,0.025
572112300010962,zg,60421.26159,13.946437,0.0124793295,-0.055776045,13.880001,0.021
571109400017782,zg,60422.19501,13.916307,0.016320087,-0.03187207,13.847001,0.021
572112300010962,zg,60424.28379,13.979877,0.012431423,-0.03636993,13.880001,0.021
571109400017782,zg,60429.24061,13.979676,0.016124243,-0.06978277,13.847001,0.021
572112300010962,zg,60432.25613,13.91976,0.012518026,-0.061218284,13.880001,0.021
571109400017782,zg,60432.25661,13.867428,0.01647315,-0.046651408,13.847001,0.021
572112300010962,zg,60437.17783,13.914097,0.012526294,-0.044281494,13.880001,0.021
571109400017782,zg,60437.17879,13.91164,0.016334627,-0.05761985,13.847001,0.021
572112300010962,zg,60438.19648,13.926771,0.012507815,-0.07195052,13.880001,0.021
571109400017782,zg,60438.19695,13.8978615,0.016377648,-0.07448108,13.847001,0.021
572112300010962,zg,60441.19796,13.972518,0.012441909,-0.06436727,13.880001,0.021
572112300010962,zg,60443.18411,13.93164,0.0125007415,-0.049449716,13.880001,0.021
572112300010962,zg,60448.18679,13.9858,0.0124230115,-0.019386806,13.880001,0.021
571109400017782,zg,60448.20671,13.952438,0.016208054,-0.0067309737,13.847001,0.021
571209400009249,zr,60448.23629,13.25107,0.018052448,0.106986366,13.111,0.025
572212300009936,zr,60450.24493,13.19483,0.013566259,0.121276945,13.0859995,0.035
571209400009249,zr,60450.25552,13.23448,0.018093228,0.10940935,13.111,0.025
571109400017782,zg,60450.28231,13.924776,0.016293738,-0.019489981,13.847001,0.021
572112300010962,zg,60450.28278,13.892444,0.012558075,-0.032860965,13.880001,0.021
571209400009249,zr,60452.18277,13.241754,0.018075336,0.12293467,13.111,0.025
572112300010962,zg,60452.24608,14.063534,0.012314625,-0.04591935,13.880001,0.021
572112300010962,zg,60457.21535,14.035086,0.012353842,-0.038867686,13.880001,0.021
572212300009936,zr,60462.18343,13.230266,0.013530032,0.1197339,13.0859995,0.035
572112300010962,zg,60462.21658,14.040994,0.012345653,-0.047807902,13.880001,0.021
571209400009249,zr,60579.51986,13.222378,0.018123053,0.13103369,13.111,0.025
1617202200022407,zr,60580.52426,13.301428,0.015626367,0.10564303,13.155999,0.032
1617202200022407,zr,60580.52474,13.2249975,0.015671195,0.12267484,13.155999,0.032
1617202200022407,zr,60580.52521,13.254514,0.015653647,0.106482565,13.155999,0.032
571209400009249,zr,60583.51084,13.2041445,0.018168103,0.1280754,13.111,0.025
571209400009249,zr,60583.51488,13.187883,0.01820839,0.120625325,13.111,0.025
571209400009249,zr,60583.51836,13.204465,0.01816731,0.113254584,13.111,0.025
572212300009936,zr,60585.52787,13.244539,0.013515564,0.13029166,13.0859995,0.035
1617202200022407,zr,60586.51349,13.257195,0.01565207,0.11437261,13.155999,0.032
1617202200022407,zr,60586.51588,13.272873,0.015642883,0.11380339,13.155999,0.032
1617202200022407,zr,60586.51992,13.277725,0.015640056,0.10864871,13.155999,0.032
572212300009936,zr,60591.51522,13.268773,0.013491169,0.111025296,13.0859995,0.035
572212300009936,zr,60591.5223,13.246963,0.013513114,0.11007548,13.0859995,0.035
572212300009936,zr,60594.51516,13.159359,0.0136029525,0.13130412,13.0859995,0.035
571209400009249,zr,60600.48752,13.205879,0.01816381,0.14068338,13.111,0.025
572112300010962,zg,60600.5148,14.058395,0.012321671,-0.07230312,13.880001,0.021
571109400017782,zg,60600.51574,13.99754,0.016069584,-0.013690739,13.847001,0.021
572112300010962,zg,60607.48162,14.6064005,0.011687174,-0.0557894,13.880001,0.021
571109400017782,zg,60607.49354,13.955838,0.016197562,-0.010222976,13.847001,0.021
571109400017782,zg,60613.52092,14.004296,0.016048979,-0.05515955,13.847001,0.021
