oid,filter,mjd,mag,magerr,clrcoeff,ref,ref_err
672111300009091,zg,58202.29797,16.556772,0.016116465,-0.025106471,16.476002,0.014
672111300009091,zg,58202.34143,16.526466,0.015993694,-0.0056083873,16.476002,0.014
672111300009091,zg,58205.30794,16.479694,0.015813114,-0.032051623,16.476002,0.014
672111300009091,zg,58205.32528,16.476719,0.015801983,-0.023014545,16.476002,0.014
1714103300002371,zg,58206.33806,16.422432,0.016472189,-0.03795458,16.446001,0.015
672211300016008,zr,58216.24554,15.971363,0.014564836,0.11969556,16.191,0.018
672111300009091,zg,58216.27002,16.26345,0.015106959,-0.021929054,16.476002,0.014
672211300016008,zr,58217.24115,15.970277,0.014562853,0.11318129,16.191,0.018
672211300016008,zr,58217.2421,15.961119,0.0145463245,0.11806236,16.191,0.018
672211300016008,zr,58217.31214,15.98128,0.014583103,0.12154856,16.191,0.018
672211300016008,zr,58217.31308,15.97517,0.014571804,0.11873519,16.191,0.018
672211300016008,zr,58218.25897,15.997645,0.014614014,0.1234324,16.191,0.018
672211300016008,zr,58218.28298,16.009716,0.014637428,0.12820964,16.191,0.018
672211300016008,zr,58218.30412,16.008192,0.014634446,0.12841004,16.191,0.018
672211300016008,zr,58219.22304,16.125801,0.014890607,0.12469481,16.191,0.018
672211300016008,zr,58219.24546,16.151518,0.014953868,0.1223859,16.191,0.018
672211300016008,zr,58219.26831,16.15438,0.0149610825,0.12443571,16.191,0.018
672211300016008,zr,58221.26447,16.060337,0.014741483,0.13104945,16.191,0.018
672211300016008,zr,58221.2855,16.068966,0.014760185,0.13407513,16.191,0.018
672211300016008,zr,58222.26706,16.116922,0.01486939,0.12701108,16.191,0.018
672211300016008,zr,58222.28499,16.098644,0.0148267,0.13325684,16.191,0.018
672211300016008,zr,58224.24201,16.029678,0.014677327,0.12215485,16.191,0.018
672211300016008,zr,58224.26423,16.009972,0.014637931,0.1258817,16.191,0.018
672211300016008,zr,58224.27175,16.007656,0.014633395,0.13175164,16.191,0.018
672211300016008,zr,58227.27171,16.225624,0.015151706,0.12697816,16.191,0.018
672211300016008,zr,58227.27279,16.195972,0.015069725,0.1222062,16.191,0.018
672111300009091,zg,58227.30296,16.484835,0.015832445,-0.034358524,16.476002,0.014
672111300009091,zg,58227.30391,16.470161,0.015777599,-0.022196174,16.476002,0.014
672111300009091,zg,58229.27777,16.435678,0.015652688,-0.0982556,16.476002,0.014
672211300016008,zr,58230.2539,16.288975,0.015340031,0.1151297,16.191,0.018
672111300009091,zg,58230.34126,16.577751,0.016204193,-0.07196694,16.476002,0.014
672111300009091,zg,58230.34221,16.5849,0.016234605,-0.07149261,16.476002,0.014
672211300016008,zr,58231.28048,16.257898,0.015245368,0.12407052,16.191,0.018
672211300016008,zr,58231.31908,16.216656,0.015126505,0.13529767,16.191,0.018
672311300009162,zi,58232.32463,16.465004,0.015392358,0.19424142,16.244,0.026
672211300016008,zr,58233.19701,16.232655,0.015171712,0.11484153,16.191,0.018
672211300016008,zr,58233.20881,16.232212,0.0151704475,0.120527394,16.191,0.018
672111300009091,zg,58234.2465,16.432753,0.015642341,-0.0040607667,16.476002,0.014
672111300009091,zg,58235.17833,16.405445,0.015547647,-0.039936706,16.476002,0.014
672111300009091,zg,58236.17761,16.37757,0.015454404,-0.050227366,16.476002,0.014
672111300009091,zg,58236.18857,16.321737,0.015277709,-0.03869381,16.476002,0.014
672111300009091,zg,58236.21592,16.347067,0.015356237,-0.013089887,16.476002,0.014
672111300009091,zg,58236.21687,16.353065,0.015375231,-0.04774,16.476002,0.014
672111300009091,zg,58237.17446,16.467903,0.01576925,-0.07952228,16.476002,0.014
672111300009091,zg,58237.23173,16.38908,0.015492492,-0.01904396,16.476002,0.014
672111300009091,zg,58238.19464,16.442825,0.015678125,-0.049241945,16.476002,0.014
672111300009091,zg,58242.23294,16.500505,0.01589215,-0.10177931,16.476002,0.014
672211300016008,zr,58242.26128,16.185377,0.01504135,0.119573936,16.191,0.018
672211300016008,zr,58242.26231,16.182758,0.015034413,0.11914008,16.191,0.018
672311300009162,zi,58243.3563,16.299887,0.014774442,0.19004506,16.244,0.026
672211300016008,zr,58244.17633,16.041258,0.014701147,0.118445925,16.191,0.018
672111300009091,zg,58244.25284,16.412945,0.015573318,-0.063597426,16.476002,0.014
672211300016008,zr,58245.19487,16.062397,0.01474592,0.123678006,16.191,0.018
1714103300002371,zg,58246.29398,16.41513,0.016446754,-0.024592603,16.446001,0.015
672311300009162,zi,58247.16125,16.318602,0.014837822,0.18450214,16.244,0.026
672111300009091,zg,58247.21003,16.39197,0.015502146,-0.046012968,16.476002,0.014
672211300016008,zr,58247.23813,16.128386,0.014896843,0.1309095,16.191,0.018
672111300009091,zg,58248.23075,16.562428,0.016139891,-0.051979586,16.476002,0.014
672111300009091,zg,58248.23226,16.546131,0.016072832,-0.046312787,16.476002,0.014
672211300016008,zr,58248.25866,16.244682,0.015206445,0.12949736,16.191,0.018
672211300016008,zr,58248.25959,16.222092,0.015141738,0.12115979,16.191,0.018
672111300009091,zg,58249.23035,16.381584,0.015467624,-0.021256078,16.476002,0.014
672111300009091,zg,58250.21088,16.367476,0.015421479,-0.014372457,16.476002,0.014
672211300016008,zr,58250.23786,16.050453,0.014720415,0.1223166,16.191,0.018
672111300009091,zg,58255.20036,16.522305,0.015977195,-0.0825666,16.476002,0.014
672211300016008,zr,58255.24197,16.243046,0.015201685,0.12424681,16.191,0.018
672211300016008,zr,58255.24291,16.207073,0.015099967,0.1289797,16.191,0.018
672211300016008,zr,58256.24744,16.159378,0.0149737485,0.13327569,16.191,0.018
672211300016008,zr,58257.27039,16.09869,0.0148268035,0.12349076,16.191,0.018
672211300016008,zr,58257.27947,16.087948,0.014802331,0.12611908,16.191,0.018
672111300009091,zg,58258.18624,16.299957,0.015212301,-0.07467702,16.476002,0.014
672111300009091,zg,58258.1873,16.33252,0.015310811,-0.07190694,16.476002,0.014
672211300016008,zr,58258.21352,16.007977,0.014634023,0.123496085,16.191,0.018
672211300016008,zr,58258.21446,16.00222,0.014622827,0.13302454,16.191,0.018
672111300009091,zg,58262.22459,16.3644,0.015411538,-0.0056814575,16.476002,0.014
672111300009091,zg,58262.26835,16.397095,0.015519355,-0.009383916,16.476002,0.014
672111300009091,zg,58262.2708,16.368515,0.0154248485,-0.011878695,16.476002,0.014
672311300009162,zi,58263.32689,16.344826,0.014929403,0.18926953,16.244,0.026
672211300016008,zr,58266.25156,16.245602,0.015209132,0.13104898,16.191,0.018
672111300009091,zg,58267.186,16.564388,0.016148051,-0.022715308,16.476002,0.014
672311300009162,zi,58267.23819,16.454025,0.015346993,0.1911573,16.244,0.026
672211300016008,zr,58267.29101,16.183895,0.0150374165,0.12485981,16.191,0.018
672211300016008,zr,58267.29193,16.17905,0.015024634,0.12712464,16.191,0.018
672111300009091,zg,58268.17011,16.421036,0.015601296,-0.0053157317,16.476002,0.014
672211300016008,zr,58269.19186,16.252789,0.015230224,0.12139431,16.191,0.018
672111300009091,zg,58269.23455,16.559254,0.016126726,-0.03627157,16.476002,0.014
672211300016008,zr,58270.17572,16.24936,0.015220133,0.11488876,16.191,0.018
672211300016008,zr,58272.18487,16.179867,0.015026784,0.12192437,16.191,0.018
672111300009091,zg,58272.20908,16.42791,0.015625302,-0.045116805,16.476002,0.014
672211300016008,zr,58274.20011,16.040989,0.014700586,0.11025564,16.191,0.018
672211300016008,zr,58274.20105,16.017056,0.014651929,0.11442422,16.191,0.018
672111300009091,zg,58274.22299,16.317219,0.015263977,-0.037101883,16.476002,0.014
672111300009091,zg,58274.22542,16.303951,0.015224155,-0.050854072,16.476002,0.014
672311300009162,zi,58274.36464,16.260164,0.014645215,0.17945525,16.244,0.026
672211300016008,zr,58276.201,16.224829,0.015149456,0.112725765,16.191,0.018
672111300009091,zg,58276.21687,16.473324,0.015789332,-0.09319132,16.476002,0.014
672111300009091,zg,58277.22028,16.393513,0.015507313,-0.06755857,16.476002,0.014
672111300009091,zg,58277.22122,16.399786,0.015528441,-0.07021583,16.476002,0.014
672211300016008,zr,58277.25777,16.09305,0.014813898,0.116036735,16.191,0.018
672211300016008,zr,58277.26297,16.070362,0.014763236,0.115521654,16.191,0.018
672311300009162,zi,58278.17465,16.315292,0.014826496,0.18761867,16.244,0.026
672111300009091,zg,58278.19489,16.376505,0.01545091,-0.034420505,16.476002,0.014
672211300016008,zr,58278.25319,16.069511,0.014761375,0.117914975,16.191,0.018
672211300016008,zr,58279.18737,16.03217,0.014682408,0.121588685,16.191,0.018
672111300009091,zg,58279.20695,16.299067,0.015209668,-0.056725375,16.476002,0.014
672211300016008,zr,58280.20009,16.037073,0.014692478,0.1251615,16.191,0.018
672211300016008,zr,58280.20111,16.016193,0.014650215,0.11875554,16.191,0.018
672111300009091,zg,58280.22661,16.338457,0.015329241,-0.05682749,16.476002,0.014
672111300009091,zg,58280.22753,16.318867,0.015268979,-0.054389745,16.476002,0.014
672211300016008,zr,58281.19509,15.96264,0.014549049,0.12122506,16.191,0.018
672111300009091,zg,58281.23684,16.331158,0.0153066,-0.07895036,16.476002,0.014
672311300009162,zi,58282.18482,16.192997,0.014442499,0.19774954,16.244,0.026
672211300016008,zr,58282.19571,15.95472,0.014534951,0.119670145,16.191,0.018
672111300009091,zg,58282.24458,16.364494,0.015411837,-0.08016833,16.476002,0.014
672211300016008,zr,58283.20007,16.032436,0.014682955,0.12084922,16.191,0.018
672211300016008,zr,58283.20098,16.028076,0.014674069,0.11075896,16.191,0.018
672111300009091,zg,58283.23737,16.341795,0.01533967,-0.073051795,16.476002,0.014
672111300009091,zg,58283.23829,16.319849,0.015271963,-0.06936117,16.476002,0.014
1714203300013954,zr,58284.18099,16.002953,0.014045157,0.11812961,16.228,0.016
1714203300013954,zr,58284.18145,16.000912,0.014040592,0.10969018,16.228,0.016
672211300016008,zr,58284.20436,15.958286,0.014541275,0.112709805,16.191,0.018
672111300009091,zg,58284.2359,16.280422,0.015155274,-0.07258355,16.476002,0.014
672311300009162,zi,58286.17546,16.3198,0.014841935,0.18994704,16.244,0.026
672111300009091,zg,58286.22187,16.408375,0.015557647,-0.063060634,16.476002,0.014
672211300016008,zr,58286.28304,16.07096,0.014764546,0.12057993,16.191,0.018
672111300009091,zg,58289.1763,16.354687,0.015380389,-0.058340315,16.476002,0.014
672211300016008,zr,58289.21813,16.075642,0.014774848,0.1322763,16.191,0.018
672311300009162,zi,58292.17974,16.35027,0.014948818,0.19173671,16.244,0.026
672111300009091,zg,58292.22742,16.47557,0.0157977,-0.055966638,16.476002,0.014
672211300016008,zr,58292.23544,16.154404,0.0149611365,0.121975645,16.191,0.018
672111300009091,zg,58295.17575,16.564468,0.016148383,-0.020563679,16.476002,0.014
672211300016008,zr,58295.23991,16.258259,0.015246439,0.122888565,16.191,0.018
672111300009091,zg,58298.17754,16.413057,0.015573709,-0.08385556,16.476002,0.014
672211300016008,zr,58298.25774,16.109201,0.014851193,0.114593826,16.191,0.018
672211300016008,zr,58301.17602,16.115028,0.014864903,0.11268661,16.191,0.018
672111300009091,zg,58301.25626,16.44603,0.015689606,-0.07401371,16.476002,0.014
672211300016008,zr,58304.17894,16.213753,0.015118425,0.11047667,16.191,0.018
672111300009091,zg,58304.19439,16.52515,0.01598847,-0.08832669,16.476002,0.014
672211300016008,zr,58307.17568,16.023048,0.01466391,0.11422919,16.191,0.018
672111300009091,zg,58307.22279,16.32657,0.015292486,-0.07808506,16.476002,0.014
672211300016008,zr,58319.2082,16.110409,0.014854025,0.13285989,16.191,0.018
672111300009091,zg,58336.1745,16.427479,0.015623789,-0.0226427,16.476002,0.014
672211300016008,zr,58336.19773,16.113602,0.0148615325,0.13115886,16.191,0.018
672111300009091,zg,58348.15355,16.45686,0.015728762,-0.07082915,16.476002,0.014
672111300009091,zg,58427.5343,16.371008,0.015432951,-0.07073939,16.476002,0.014
672111300009091,zg,58430.52677,16.345737,0.01535205,-0.05809561,16.476002,0.014
672111300009091,zg,58438.49102,16.24111,0.015045082,-0.027124973,16.476002,0.014
1714103300002371,zg,58439.51955,16.48193,0.0166891,-0.082357645,16.446001,0.015
672211300016008,zr,58440.54594,16.16252,0.014981766,0.11309983,16.191,0.018
672211300016008,zr,58440.55195,16.123264,0.014884514,0.113873295,16.191,0.018
672111300009091,zg,58441.50472,16.487839,0.015843797,-0.042724364,16.476002,0.014
672211300016008,zr,58443.47092,16.085552,0.014796932,0.11989165,16.191,0.018
672211300016008,zr,58443.47413,16.094776,0.014817835,0.114253,16.191,0.018
672211300016008,zr,58447.49059,16.023846,0.014665516,0.12196764,16.191,0.018
672211300016008,zr,58447.49384,15.965861,0.014554845,0.13212152,16.191,0.018
672211300016008,zr,58448.49317,16.115944,0.01486707,0.123115666,16.191,0.018
672211300016008,zr,58448.5465,16.132952,0.014907923,0.11838809,16.191,0.018
1714203300013954,zr,58449.46265,16.24892,0.014720708,0.09994423,16.228,0.016
672211300016008,zr,58449.53208,16.217155,0.015127897,0.11627602,16.191,0.018
672111300009091,zg,58450.50777,16.471783,0.015783608,-0.027415158,16.476002,0.014
672111300009091,zg,58450.51448,16.493233,0.015864298,-0.026517484,16.476002,0.014
672211300016008,zr,58461.54794,15.951694,0.014529623,0.103651606,16.191,0.018
672111300009091,zg,58464.50667,16.36089,0.01540023,-0.107809976,16.476002,0.014
672111300009091,zg,58464.51365,16.35535,0.015382505,-0.11013378,16.476002,0.014
672211300016008,zr,58464.55064,16.017147,0.01465211,0.11076626,16.191,0.018
672211300016008,zr,58465.50717,15.950249,0.014527088,0.09118676,16.191,0.018
672211300016008,zr,58467.55056,16.135406,0.014913918,0.11744952,16.191,0.018
672211300016008,zr,58468.53232,16.110085,0.014853264,0.10955602,16.191,0.018
672111300009091,zg,58468.55256,16.453873,0.015717905,-0.045296974,16.476002,0.014
672211300016008,zr,58471.5489,16.251858,0.015227482,0.12189927,16.191,0.018
672211300016008,zr,58471.54981,16.26667,0.015271632,0.122232534,16.191,0.018
672111300009091,zg,58472.51835,16.659824,0.01656975,-0.066359974,16.476002,0.014
1714203300013954,zr,58476.45322,16.229095,0.014656394,0.09732709,16.228,0.016
672211300016008,zr,58476.52652,16.135824,0.014914943,0.11328934,16.191,0.018
672111300009091,zg,58480.49731,16.763102,0.017083617,-0.059930727,16.476002,0.014
672211300016008,zr,58480.54688,16.50481,0.016129399,0.11841526,16.191,0.018
1714203300013954,zr,58481.47125,16.472898,0.015585205,0.104164,16.228,0.016
1714103300002371,zg,58482.53132,16.732395,0.017809136,-0.088735364,16.446001,0.015
672211300016008,zr,58486.50851,16.065609,0.014752876,0.115225405,16.191,0.018
672211300016008,zr,58486.50943,16.058311,0.014737135,0.115578055,16.191,0.018
672111300009091,zg,58486.53915,16.273348,0.0151349995,-0.052577768,16.476002,0.014
672111300009091,zg,58486.5401,16.290524,0.015184573,-0.047653835,16.476002,0.014
1714103300002371,zg,58487.47958,16.329445,0.016166748,-0.079405576,16.446001,0.015
672111300009091,zg,58487.48895,16.28566,0.015170417,-0.035702053,16.476002,0.014
672211300016008,zr,58487.53507,16.021515,0.014660834,0.11647183,16.191,0.018
672111300009091,zg,58491.48625,16.422144,0.0156051535,-0.06669186,16.476002,0.014
672111300009091,zg,58491.49656,16.457954,0.015732748,-0.072232515,16.476002,0.014
672211300016008,zr,58491.543,16.148842,0.014947161,0.11361824,16.191,0.018
672211300016008,zr,58491.54401,16.155533,0.014963989,0.11868114,16.191,0.018
672111300009091,zg,58492.52202,16.382261,0.01546986,-0.067702316,16.476002,0.014
1714203300013954,zr,58493.46609,16.325825,0.0149881495,0.0934352,16.228,0.016
672211300016008,zr,58493.51176,16.283169,0.0153220035,0.11274037,16.191,0.018
672111300009091,zg,58493.55285,16.61584,0.016369337,-0.07706443,16.476002,0.014
672111300009091,zg,58494.49653,16.443039,0.015678886,-0.06400908,16.476002,0.014
672111300009091,zg,58494.51181,16.435215,0.015651045,-0.0681278,16.476002,0.014
672111300009091,zg,58502.49514,16.478249,0.0158077,-0.03870224,16.476002,0.014
672111300009091,zg,58502.49605,16.457497,0.01573108,-0.035058655,16.476002,0.014
672211300016008,zr,58502.55193,16.195107,0.015067382,0.123359755,16.191,0.018
672211300016008,zr,58502.55336,16.200752,0.015082678,0.11523727,16.191,0.018
672211300016008,zr,58503.489,16.374748,0.01562515,0.11446975,16.191,0.018
672111300009091,zg,58505.47019,16.556593,0.016115727,-0.04548173,16.476002,0.014
672111300009091,zg,58505.47647,16.566963,0.016158797,-0.04456428,16.476002,0.014
1714103300002371,zg,58506.50088,16.620106,0.017263241,-0.0497865,16.446001,0.015
672111300009091,zg,58506.51643,16.58995,0.016256249,-0.061669372,16.476002,0.014
672211300016008,zr,58506.55495,16.254463,0.015235174,0.126487,16.191,0.018
672111300009091,zg,58507.50402,16.467815,0.015768925,-0.03909553,16.476002,0.014
1714103300002371,zg,58507.50614,16.483154,0.016693745,-0.071928725,16.446001,0.015
672211300016008,zr,58508.49788,16.0788,0.014781845,0.11923011,16.191,0.018
672211300016008,zr,58508.49881,16.075275,0.014774042,0.12200673,16.191,0.018
672111300009091,zg,58508.55918,16.3018,0.015217762,-0.043342914,16.476002,0.014
672111300009091,zg,58508.56011,16.357437,0.015389165,-0.051370468,16.476002,0.014
672211300016008,zr,58509.50174,16.071964,0.01476675,0.11986781,16.191,0.018
672111300009091,zg,58509.53458,16.290432,0.015184306,-0.026621314,16.476002,0.014
672211300016008,zr,58511.4051,15.907423,0.014455224,0.115064405,16.191,0.018
672111300009091,zg,58511.45034,16.231329,0.015018596,-0.04997882,16.476002,0.014
672111300009091,zg,58511.45126,16.2188,0.014985194,-0.030793391,16.476002,0.014
1714103300002371,zg,58522.45465,16.589144,0.01712562,-0.05757387,16.446001,0.015
672111300009091,zg,58522.48591,16.542004,0.016056065,-0.026304273,16.476002,0.014
672111300009091,zg,58522.48785,16.546497,0.016074324,-0.042095292,16.476002,0.014
672211300016008,zr,58522.53724,16.276642,0.015301927,0.11671258,16.191,0.018
672211300016008,zr,58522.53816,16.287773,0.015336287,0.114337996,16.191,0.018
672111300009091,zg,58524.42992,16.601463,0.016306097,-0.032216657,16.476002,0.014
672211300016008,zr,58524.45414,16.38101,0.015647382,0.11468938,16.191,0.018
672111300009091,zg,58526.46352,16.571117,0.016176207,-0.04919555,16.476002,0.014
672111300009091,zg,58526.46468,16.539726,0.016046843,-0.026122764,16.476002,0.014
672211300016008,zr,58526.49469,16.293503,0.015354197,0.13435942,16.191,0.018
672211300016008,zr,58526.49562,16.290813,0.01534577,0.12623103,16.191,0.018
672111300009091,zg,58534.29666,16.329575,0.015301719,-0.0016968515,16.476002,0.014
672211300016008,zr,58534.40155,16.111979,0.014857707,0.11212834,16.191,0.018
672211300016008,zr,58534.40908,16.096693,0.0148222195,0.12362826,16.191,0.018
672111300009091,zg,58539.29655,16.466583,0.015764378,-0.05672753,16.476002,0.014
1714203300013954,zr,58540.2757,16.188744,0.014531142,0.08575517,16.228,0.016
672211300016008,zr,58540.3431,16.098587,0.014826568,0.10216314,16.191,0.018
672111300009091,zg,58540.36384,16.41219,0.015570724,-0.11370103,16.476002,0.014
1714103300002371,zg,58540.39269,16.430744,0.01650145,-0.11022808,16.446001,0.015
672211300016008,zr,58543.34584,16.106213,0.0148442155,0.11289517,16.191,0.018
672211300016008,zr,58543.35908,16.143526,0.014933916,0.11576543,16.191,0.018
672111300009091,zg,58546.29334,16.59452,0.016275954,-0.028655466,16.476002,0.014
1714203300013954,zr,58546.31594,16.373648,0.015169496,0.10129841,16.228,0.016
672211300016008,zr,58547.30441,16.350107,0.015539555,0.11348552,16.191,0.018
672311300009162,zi,58547.44084,16.531078,0.015679136,0.19616143,16.244,0.026
672211300016008,zr,58556.29232,16.247345,0.015214223,0.122588225,16.191,0.018
672111300009091,zg,58556.401,16.442438,0.015676739,-0.030446883,16.476002,0.014
672311300009162,zi,58556.41963,16.404907,0.015151739,0.19797382,16.244,0.026
672211300016008,zr,58557.36631,16.148163,0.014945463,0.12625535,16.191,0.018
1714203300013954,zr,58558.21845,16.145527,0.014405118,0.09166985,16.228,0.016
672311300009162,zi,58558.31012,16.312443,0.014816786,0.19330499,16.244,0.026
672111300009091,zg,58558.42134,16.424194,0.015612301,-0.10183654,16.476002,0.014
672211300016008,zr,58559.27871,16.040144,0.01469883,0.12278989,16.191,0.018
672211300016008,zr,58559.29215,16.031673,0.014681394,0.11795107,16.191,0.018
672111300009091,zg,58559.32179,16.339088,0.015331213,-0.06878458,16.476002,0.014
672111300009091,zg,58559.32276,16.345451,0.01535115,-0.077405095,16.476002,0.014
672311300009162,zi,58560.30611,16.20586,0.014479823,0.19278994,16.244,0.026
672111300009091,zg,58561.32561,16.241615,0.0150464615,-0.041197076,16.476002,0.014
672211300016008,zr,58561.34556,15.950949,0.014528314,0.120681375,16.191,0.018
672111300009091,zg,58567.26313,16.28941,0.015181319,-0.022869578,16.476002,0.014
672111300009091,zg,58567.2939,16.36937,0.015427624,-0.011884071,16.476002,0.014
672211300016008,zr,58567.32407,16.050919,0.0147214,0.11610854,16.191,0.018
1714103300002371,zg,58567.41071,16.338642,0.016195215,-0.03333258,16.446001,0.015
672111300009091,zg,58568.26055,16.406553,0.015551427,-0.089090444,16.476002,0.014
672211300016008,zr,58572.30404,16.183739,0.015037006,0.11757946,16.191,0.018
672211300016008,zr,58572.31646,16.190289,0.015054445,0.112130694,16.191,0.018
672111300009091,zg,58572.35927,16.538225,0.016040783,-0.05894384,16.476002,0.014
672211300016008,zr,58573.26321,16.205212,0.015094858,0.120420456,16.191,0.018
672111300009091,zg,58573.30391,16.504856,0.015908938,-0.040727176,16.476002,0.014
672111300009091,zg,58575.29438,16.62252,0.016399091,-0.066023454,16.476002,0.014
672111300009091,zg,58575.29535,16.690762,0.016717171,-0.05968791,16.476002,0.014
672111300009091,zg,58580.2622,16.566961,0.016158791,-0.074774496,16.476002,0.014
672111300009091,zg,58580.26313,16.563808,0.01614564,-0.07669562,16.476002,0.014
672211300016008,zr,58580.28743,16.289219,0.015340786,0.1232773,16.191,0.018
672211300016008,zr,58580.28837,16.304474,0.015388922,0.11621092,16.191,0.018
1714203300013954,zr,58580.35433,16.314133,0.014945596,0.10141916,16.228,0.016
672211300016008,zr,58581.26157,16.110815,0.014854971,0.12656018,16.191,0.018
672311300009162,zi,58581.28233,16.300325,0.014775908,0.19209339,16.244,0.026
1714203300013954,zr,58582.21025,16.16295,0.014454933,0.101554185,16.228,0.016
672211300016008,zr,58582.29356,16.12717,0.014893904,0.11945938,16.191,0.018
672311300009162,zi,58582.31053,16.315197,0.014826171,0.19036321,16.244,0.026
672111300009091,zg,58582.33458,16.450268,0.01570486,-0.053756077,16.476002,0.014
672211300016008,zr,58583.28435,16.257717,0.015244829,0.11831598,16.191,0.018
672211300016008,zr,58583.2862,16.225056,0.015150096,0.12504247,16.191,0.018
672111300009091,zg,58584.29088,16.450342,0.01570513,-0.06841164,16.476002,0.014
672211300016008,zr,58584.32134,16.148708,0.014946827,0.11953558,16.191,0.018
1714103300002371,zg,58585.23231,16.419498,0.016461939,-0.10668139,16.446001,0.015
672111300009091,zg,58585.2962,16.371525,0.015434636,-0.07711904,16.476002,0.014
672211300016008,zr,58585.32166,16.028118,0.014674153,0.120244235,16.191,0.018
672211300016008,zr,58586.25183,16.049112,0.014717583,0.11921435,16.191,0.018
672211300016008,zr,58586.25276,16.104488,0.0148402015,0.118500054,16.191,0.018
672111300009091,zg,58586.26407,16.406492,0.015551213,-0.05610739,16.476002,0.014
672111300009091,zg,58586.265,16.414673,0.01557927,-0.069299884,16.476002,0.014
1714103300002371,zg,58587.22874,16.461996,0.016614484,-0.07292695,16.446001,0.015
672111300009091,zg,58587.33457,16.44032,0.015669173,-0.03440412,16.476002,0.014
672311300009162,zi,58587.34453,16.342047,0.0149195455,0.19178838,16.244,0.026
672111300009091,zg,58588.29959,16.545393,0.01606983,-0.044178654,16.476002,0.014
672211300016008,zr,58588.34602,16.264854,0.01526617,0.10802311,16.191,0.018
672211300016008,zr,58589.2654,16.152082,0.01495529,0.12732227,16.191,0.018
672111300009091,zg,58591.2157,16.658112,0.016561747,-0.060592305,16.476002,0.014
672311300009162,zi,58591.30122,16.61539,0.016081043,0.18874319,16.244,0.026
672211300016008,zr,58591.3765,16.424557,0.015807599,0.12565625,16.191,0.018
672111300009091,zg,58592.20529,16.638924,0.01647319,-0.023350572,16.476002,0.014
672211300016008,zr,58592.27721,16.41288,0.015763674,0.12834738,16.191,0.018
672211300016008,zr,58592.28565,16.465076,0.015965663,0.12357728,16.191,0.018
1714203300013954,zr,58593.32432,16.326569,0.014990878,0.11773193,16.228,0.016
672111300009091,zg,58594.18994,16.681992,0.01667483,-0.06664287,16.476002,0.014
672211300016008,zr,58594.34266,16.432487,0.015837844,0.12012469,16.191,0.018
672111300009091,zg,58596.21726,16.597645,0.016289487,-0.059502974,16.476002,0.014
672111300009091,zg,58596.22981,16.597387,0.016288372,-0.07183764,16.476002,0.014
672211300016008,zr,58596.26431,16.304943,0.01539042,0.12830581,16.191,0.018
672311300009162,zi,58596.35355,16.558125,0.01580355,0.18838099,16.244,0.026
672311300009162,zi,58596.35446,16.546776,0.015750837,0.18993886,16.244,0.026
672111300009091,zg,58597.27893,16.700102,0.016762752,-0.048453778,16.476002,0.014
672211300016008,zr,58597.33186,16.518772,0.016189042,0.1221784,16.191,0.018
672211300016008,zr,58598.30434,16.219753,0.015135165,0.12064475,16.191,0.018
672111300009091,zg,58598.47117,16.53226,0.016016815,-0.016037682,16.476002,0.014
672211300016008,zr,58599.16927,16.238663,0.015188985,0.12960763,16.191,0.018
672111300009091,zg,58599.25066,16.618359,0.016380522,-0.058756255,16.476002,0.014
672211300016008,zr,58599.44812,16.331318,0.015476313,0.11411515,16.191,0.018
672111300009091,zg,58600.21855,16.676659,0.01664929,-0.05204448,16.476002,0.014
672111300009091,zg,58600.21948,16.680569,0.016667997,-0.05124312,16.476002,0.014
672111300009091,zg,58601.24291,16.47353,0.015790101,-0.056862537,16.476002,0.014
672211300016008,zr,58601.27606,16.201412,0.015084476,0.1272632,16.191,0.018
672211300016008,zr,58606.21592,16.299206,0.015372175,0.11878136,16.191,0.018
1714203300013954,zr,58606.24119,16.337332,0.015030698,0.10192544,16.228,0.016
672111300009091,zg,58606.398,16.561632,0.016136587,-0.060686443,16.476002,0.014
672111300009091,zg,58606.39891,16.550127,0.016089153,-0.059417717,16.476002,0.014
672311300009162,zi,58607.25919,16.457659,0.015361935,0.19367824,16.244,0.026
672111300009091,zg,58607.30347,16.571945,0.016179683,-0.07507128,16.476002,0.014
672211300016008,zr,58608.23811,16.367882,0.015600993,0.113500215,16.191,0.018
672111300009091,zg,58608.28239,16.597378,0.016288329,-0.06057139,16.476002,0.014
672211300016008,zr,58612.21135,16.19605,0.015069932,0.1223816,16.191,0.018
672111300009091,zg,58612.25969,16.567879,0.016162625,-0.05992363,16.476002,0.014
672111300009091,zg,58612.26061,16.565563,0.016152952,-0.06510288,16.476002,0.014
672211300016008,zr,58616.1568,16.077883,0.014779812,0.120646015,16.191,0.018
672211300016008,zr,58616.15772,16.09048,0.01480806,0.11188314,16.191,0.018
672311300009162,zi,58616.19787,16.324635,0.0148586035,0.1853776,16.244,0.026
672111300009091,zg,58617.20164,16.422237,0.015605476,-0.042099584,16.476002,0.014
672211300016008,zr,58617.25708,16.14579,0.0149395475,0.1129651,16.191,0.018
1714203300013954,zr,58618.21849,16.306828,0.014919362,0.110265456,16.228,0.016
672111300009091,zg,58619.23675,16.56176,0.016137118,-0.03930862,16.476002,0.014
672111300009091,zg,58619.23768,16.617537,0.016376866,-0.041023627,16.476002,0.014
672111300009091,zg,58622.17351,16.339838,0.015333553,-0.0422159,16.476002,0.014
672111300009091,zg,58622.17444,16.340431,0.015335403,-0.03871063,16.476002,0.014
672111300009091,zg,58628.19754,16.528667,0.016002454,-0.04983959,16.476002,0.014
672211300016008,zr,58628.30486,16.304073,0.015387643,0.116829254,16.191,0.018
672211300016008,zr,58628.30994,16.301498,0.015379445,0.12444632,16.191,0.018
672211300016008,zr,58632.17915,16.131424,0.014904204,0.12062441,16.191,0.018
672211300016008,zr,58632.18006,16.11531,0.01486557,0.12318888,16.191,0.018
672211300016008,zr,58633.19921,16.38847,0.015674135,0.124984674,16.191,0.018
672111300009091,zg,58633.24556,16.615246,0.0163667,-0.05258633,16.476002,0.014
672111300009091,zg,58634.22117,16.612694,0.016355399,-0.062839136,16.476002,0.014
672211300016008,zr,58634.2761,16.309935,0.015406417,0.12309629,16.191,0.018
672111300009091,zg,58635.1977,16.626394,0.01641646,-0.051222384,16.476002,0.014
672111300009091,zg,58635.19863,16.623905,0.016405292,-0.057401825,16.476002,0.014
672211300016008,zr,58635.23822,16.328945,0.015468446,0.10986903,16.191,0.018
672211300016008,zr,58635.23913,16.340424,0.015506745,0.11523033,16.191,0.018
672111300009091,zg,58636.24425,16.453144,0.015715266,-0.07022927,16.476002,0.014
672211300016008,zr,58637.19643,16.292618,0.015351421,0.12007668,16.191,0.018
672111300009091,zg,58637.23953,16.544683,0.016066944,-0.069281064,16.476002,0.014
672111300009091,zg,58638.20384,16.594013,0.01627376,-0.05792184,16.476002,0.014
672111300009091,zg,58638.20476,16.577286,0.016202217,-0.054411203,16.476002,0.014
672211300016008,zr,58638.22533,16.337143,0.015495731,0.12166416,16.191,0.018
672211300016008,zr,58638.22625,16.278921,0.015308915,0.12141233,16.191,0.018
672211300016008,zr,58639.18172,16.310408,0.015407943,0.13585386,16.191,0.018
672311300009162,zi,58639.19465,16.515993,0.015611538,0.19346388,16.244,0.026
672111300009091,zg,58639.22578,16.651508,0.01653104,-0.06119252,16.476002,0.014
672111300009091,zg,58640.20002,16.465908,0.015761891,-0.04550166,16.476002,0.014
672211300016008,zr,58640.2185,16.196766,0.015071866,0.12334915,16.191,0.018
672211300016008,zr,58641.27937,16.340466,0.015506885,0.11997114,16.191,0.018
672311300009162,zi,58643.22713,16.566841,0.01584454,0.19051205,16.244,0.026
672211300016008,zr,58644.26019,16.319416,0.015437139,0.11958723,16.191,0.018
672211300016008,zr,58647.23835,16.326439,0.015460168,0.12911934,16.191,0.018
672311300009162,zi,58648.28858,16.466343,0.015397931,0.18439043,16.244,0.026
672211300016008,zr,58650.24765,16.145031,0.014937657,0.12233383,16.191,0.018
672311300009162,zi,58652.23563,16.336054,0.014898404,0.18790953,16.244,0.026
672111300009091,zg,58653.25676,16.566654,0.016157506,-0.025064012,16.476002,0.014
672211300016008,zr,58658.18193,16.195084,0.015067324,0.11784561,16.191,0.018
672111300009091,zg,58658.20312,16.491291,0.015856901,-0.04886364,16.476002,0.014
672211300016008,zr,58661.19879,16.439104,0.015863333,0.12163167,16.191,0.018
672111300009091,zg,58661.2243,16.66225,0.016581114,-0.04177368,16.476002,0.014
672111300009091,zg,58667.20682,16.736147,0.016943436,-0.060022805,16.476002,0.014
672211300016008,zr,58667.22619,16.445919,0.015889833,0.12998626,16.191,0.018
672211300016008,zr,58670.18618,16.315647,0.015424876,0.12668087,16.191,0.018
672111300009091,zg,58670.20269,16.587036,0.016243745,-0.039235614,16.476002,0.014
672211300016008,zr,58673.20429,16.351469,0.01554421,0.12082747,16.191,0.018
672111300009091,zg,58676.18339,16.64081,0.016481804,-0.030058853,16.476002,0.014
672211300016008,zr,58676.19299,16.33557,0.0154904695,0.13175386,16.191,0.018
672111300009091,zg,58677.17334,16.622372,0.016398426,-0.02757664,16.476002,0.014
672211300016008,zr,58678.20172,16.36501,0.015590955,0.12177668,16.191,0.018
672111300009091,zg,58679.17618,16.468037,0.015769744,-0.052654453,16.476002,0.014
672111300009091,zg,58679.17709,16.481125,0.01581848,-0.02155706,16.476002,0.014
672211300016008,zr,58679.20139,16.204582,0.015093132,0.12536852,16.191,0.018
672211300016008,zr,58679.20277,16.23838,0.015188167,0.12640075,16.191,0.018
672211300016008,zr,58680.24079,16.256845,0.015242239,0.12330845,16.191,0.018
672211300016008,zr,58681.23531,16.392761,0.015689656,0.13208732,16.191,0.018
672111300009091,zg,58682.16415,16.566341,0.016156204,-0.05003271,16.476002,0.014
672111300009091,zg,58683.19025,16.671165,0.01662316,-0.026572047,16.476002,0.014
672111300009091,zg,58685.17919,16.383446,0.015473779,-0.03855012,16.476002,0.014
672111300009091,zg,58686.17087,16.448126,0.015697138,-0.036164943,16.476002,0.014
672111300009091,zg,58686.17453,16.421175,0.015601779,-0.021612976,16.476002,0.014
672111300009091,zg,58688.19557,16.25095,0.015072097,-0.051311262,16.476002,0.014
672111300009091,zg,58692.19903,16.375744,0.015448419,-0.032863736,16.476002,0.014
672211300016008,zr,58779.52663,16.163784,0.014985006,0.1445645,16.191,0.018
672211300016008,zr,58779.53164,16.184074,0.015037895,0.1309787,16.191,0.018
672211300016008,zr,58779.53664,16.157536,0.014969064,0.13213012,16.191,0.018
672211300016008,zr,58781.53178,16.012873,0.014643642,0.10661214,16.191,0.018
672111300009091,zg,58789.51159,16.57396,0.016188167,-0.03299481,16.476002,0.014
672211300016008,zr,58792.51293,16.339432,0.015503407,0.12243563,16.191,0.018
672111300009091,zg,58792.54366,16.634542,0.016453257,-0.06392924,16.476002,0.014
672211300016008,zr,58799.48744,16.251997,0.015227889,0.1267584,16.191,0.018
672111300009091,zg,58802.54954,16.514156,0.015945137,-0.05885564,16.476002,0.014
672111300009091,zg,58805.5237,16.595547,0.016280396,-0.05777523,16.476002,0.014
672311300009162,zi,58827.50276,16.547356,0.015753508,0.19093867,16.244,0.026
672311300009162,zi,58827.50391,16.54154,0.015726766,0.19066963,16.244,0.026
672311300009162,zi,58827.50505,16.554804,0.015788043,0.18642665,16.244,0.026
672311300009162,zi,58828.49794,16.517056,0.015616264,0.18675573,16.244,0.026
672111300009091,zg,58828.55109,16.635845,0.016459176,-0.04026242,16.476002,0.014
672311300009162,zi,58830.48411,16.64843,0.016250143,0.19332618,16.244,0.026
672311300009162,zi,58830.48526,16.58415,0.015927255,0.18592645,16.244,0.026
672311300009162,zi,58831.49684,16.641535,0.016214294,0.18712144,16.244,0.026
672111300009091,zg,58831.55058,16.69352,0.016730577,-0.060159627,16.476002,0.014
672211300016008,zr,58833.49599,16.2185,0.015131658,0.1144947,16.191,0.018
1714203300013954,zr,58833.49644,16.23726,0.01468266,0.10072218,16.228,0.016
672111300009091,zg,58833.57212,16.502884,0.01590132,-0.033896957,16.476002,0.014
672211300016008,zr,58835.486,16.21608,0.015124899,0.12552702,16.191,0.018
672111300009091,zg,58835.55399,16.566105,0.016155211,-0.072430454,16.476002,0.014
672311300009162,zi,58837.53082,16.7075,0.01656963,0.18701419,16.244,0.026
672111300009091,zg,58846.55228,16.7136,0.01682952,-0.09314381,16.476002,0.014
672111300009091,zg,58849.50589,16.721462,0.016868899,-0.10081426,16.476002,0.014
672311300009162,zi,58849.53214,16.735832,0.016730953,0.18757646,16.244,0.026
1714103300002371,zg,58851.53112,16.700085,0.017644307,-0.07262306,16.446001,0.015
1714103300002371,zg,58851.53157,16.687832,0.017583467,-0.044825908,16.446001,0.015
672111300009091,zg,58852.53857,16.646069,0.016505932,-0.08528641,16.476002,0.014
672211300016008,zr,58852.54942,16.376463,0.015631216,0.12508452,16.191,0.018
672311300009162,zi,58855.39231,16.59893,0.015999284,0.19326138,16.244,0.026
672311300009162,zi,58855.40237,16.558258,0.015804172,0.1898727,16.244,0.026
672111300009091,zg,58855.43773,16.632921,0.016445907,-0.051874734,16.476002,0.014
672111300009091,zg,58855.48046,16.65633,0.016553441,-0.07702454,16.476002,0.014
672111300009091,zg,58855.51028,16.626415,0.016416552,-0.06664432,16.476002,0.014
1714203300013954,zr,58859.37298,16.379293,0.015191695,0.10992316,16.228,0.016
1714203300013954,zr,58859.37343,16.37077,0.015158246,0.10867725,16.228,0.016
672311300009162,zi,58859.38805,16.619743,0.016102936,0.19746098,16.244,0.026
672311300009162,zi,58859.40199,16.563278,0.01582773,0.18916453,16.244,0.026
672211300016008,zr,58859.48182,16.293137,0.015353046,0.11636468,16.191,0.018
672211300016008,zr,58859.48695,16.290863,0.015345927,0.119868174,16.191,0.018
672211300016008,zr,58860.38226,16.387466,0.015670517,0.12631932,16.191,0.018
672311300009162,zi,58861.39799,16.60461,0.016027315,0.19360463,16.244,0.026
672111300009091,zg,58861.44665,16.71333,0.01682817,-0.05896475,16.476002,0.014
672111300009091,zg,58861.48025,16.669779,0.01661659,-0.03450968,16.476002,0.014
672211300016008,zr,58861.54338,16.418299,0.015783964,0.11761258,16.191,0.018
672211300016008,zr,58862.39855,16.428646,0.015823148,0.13721675,16.191,0.018
672211300016008,zr,58862.40062,16.40184,0.015722794,0.11668755,16.191,0.018
672111300009091,zg,58862.4639,16.69777,0.016751321,-0.032422032,16.476002,0.014
672111300009091,zg,58862.46483,16.737,0.016947802,-0.04770362,16.476002,0.014
672111300009091,zg,58862.48387,16.723236,0.016877832,-0.045008536,16.476002,0.014
672311300009162,zi,58862.5662,16.602028,0.016014548,0.18355013,16.244,0.026
672311300009162,zi,58862.57235,16.626629,0.016137807,0.17969139,16.244,0.026
672111300009091,zg,58863.46077,16.762432,0.017080078,-0.055630714,16.476002,0.014
672311300009162,zi,58863.468,16.727684,0.016684009,0.18162063,16.244,0.026
672311300009162,zi,58863.52715,16.729855,0.016696466,0.18474168,16.244,0.026
672211300016008,zr,58863.54857,16.502855,0.016121134,0.11439475,16.191,0.018
672211300016008,zr,58864.35044,16.311531,0.0154115595,0.12099535,16.191,0.018
672111300009091,zg,58864.40675,16.63924,0.01647464,-0.08131328,16.476002,0.014
672111300009091,zg,58864.45977,16.613668,0.016359705,-0.05128591,16.476002,0.014
672211300016008,zr,58864.50324,16.361597,0.015579091,0.119817846,16.191,0.018
672311300009162,zi,58864.52975,16.530418,0.01567615,0.18438837,16.244,0.026
672311300009162,zi,58864.57136,16.534698,0.015695548,0.18030359,16.244,0.026
672311300009162,zi,58866.45006,16.453014,0.015342848,0.18142888,16.244,0.026
672211300016008,zr,58866.52795,16.252586,0.015229628,0.11387673,16.191,0.018
672111300009091,zg,58866.54999,16.500114,0.015890645,-0.07786595,16.476002,0.014
672111300009091,zg,58866.5509,16.536564,0.016034085,-0.088518925,16.476002,0.014
672111300009091,zg,58866.57037,16.535622,0.016030299,-0.0850696,16.476002,0.014
672111300009091,zg,58867.42823,16.606653,0.0163288,-0.07549621,16.476002,0.014
672111300009091,zg,58867.46161,16.631676,0.016440269,-0.07594194,16.476002,0.014
672211300016008,zr,58867.47315,16.311954,0.015412926,0.12216578,16.191,0.018
672311300009162,zi,58867.55475,16.605396,0.016031206,0.18507332,16.244,0.026
672311300009162,zi,58867.57382,16.57948,0.015904756,0.18770221,16.244,0.026
672311300009162,zi,58871.37633,16.654358,0.016281202,0.18750815,16.244,0.026
672311300009162,zi,58871.39829,16.641636,0.016214821,0.18966164,16.244,0.026
672111300009091,zg,58871.43597,16.674362,0.016638348,-0.08982194,16.476002,0.014
672111300009091,zg,58871.46012,16.649231,0.016520504,-0.07214771,16.476002,0.014
672111300009091,zg,58871.46105,16.642447,0.016489297,-0.07474663,16.476002,0.014
672211300016008,zr,58871.50307,16.406544,0.015740138,0.12288286,16.191,0.018
672211300016008,zr,58871.50976,16.392895,0.015690139,0.11864578,16.191,0.018
672111300009091,zg,58872.42636,16.557941,0.016121296,-0.096259266,16.476002,0.014
672311300009162,zi,58872.47301,16.434935,0.015269625,0.17906368,16.244,0.026
672311300009162,zi,58872.50271,16.473396,0.015427465,0.18955944,16.244,0.026
672111300009091,zg,58873.40696,16.740574,0.016966155,-0.10254994,16.476002,0.014
672311300009162,zi,58873.44202,16.711355,0.016591266,0.17567323,16.244,0.026
672311300009162,zi,58873.45146,16.708454,0.016574971,0.18509437,16.244,0.026
672211300016008,zr,58873.51272,16.406174,0.015738765,0.109126925,16.191,0.018
672311300009162,zi,58875.3868,16.62116,0.01611009,0.18811738,16.244,0.026
672311300009162,zi,58875.40768,16.62851,0.016147384,0.1935211,16.244,0.026
672111300009091,zg,58875.44122,16.660095,0.016571017,-0.1146683,16.476002,0.014
672111300009091,zg,58875.45574,16.683777,0.016683416,-0.10595412,16.476002,0.014
672111300009091,zg,58875.45665,16.653137,0.016538592,-0.10204658,16.476002,0.014
672211300016008,zr,58875.52056,16.415722,0.015774298,0.11846332,16.191,0.018
672211300016008,zr,58875.52147,16.427662,0.015819402,0.11868395,16.191,0.018
672211300016008,zr,58875.54278,16.445776,0.015889272,0.12162267,16.191,0.018
672211300016008,zr,58876.33563,16.351753,0.015545177,0.119185835,16.191,0.018
672211300016008,zr,58876.35042,16.406633,0.015740467,0.11956968,16.191,0.018
672111300009091,zg,58876.39662,16.668169,0.016608981,-0.09562541,16.476002,0.014
672311300009162,zi,58876.42885,16.637917,0.016195605,0.18341306,16.244,0.026
672311300009162,zi,58876.46293,16.607618,0.016042233,0.18649063,16.244,0.026
672111300009091,zg,58876.51211,16.730232,0.016913258,-0.09357258,16.476002,0.014
672111300009091,zg,58877.39619,16.669287,0.016614262,-0.080711626,16.476002,0.014
672311300009162,zi,58877.42168,16.673256,0.016381692,0.1883537,16.244,0.026
672311300009162,zi,58877.44053,16.661226,0.016317466,0.18992555,16.244,0.026
672211300016008,zr,58877.50383,16.388115,0.015672851,0.119593,16.191,0.018
672211300016008,zr,58877.51029,16.35464,0.015555071,0.121260054,16.191,0.018
672111300009091,zg,58877.53254,16.66703,0.016603608,-0.095461324,16.476002,0.014
672211300016008,zr,58878.3405,16.33596,0.015491775,0.12607434,16.191,0.018
672211300016008,zr,58878.36612,16.335934,0.01549169,0.12074841,16.191,0.018
672211300016008,zr,58878.37796,16.29385,0.015355284,0.12768464,16.191,0.018
672311300009162,zi,58878.42166,16.582245,0.01591806,0.19142182,16.244,0.026
672311300009162,zi,58878.43103,16.586363,0.015937958,0.18951999,16.244,0.026
672111300009091,zg,58878.48927,16.680302,0.016666718,-0.093088254,16.476002,0.014
672111300009091,zg,58878.52133,16.665691,0.016597288,-0.06354683,16.476002,0.014
672111300009091,zg,58878.52225,16.687908,0.016703345,-0.07680472,16.476002,0.014
672211300016008,zr,58879.35223,16.347721,0.01553143,0.12892117,16.191,0.018
672211300016008,zr,58879.37769,16.389626,0.015678307,0.11217811,16.191,0.018
672311300009162,zi,58879.40893,16.640373,0.016208287,0.19861871,16.244,0.026
672311300009162,zi,58879.42937,16.631878,0.016164593,0.19502527,16.244,0.026
672111300009091,zg,58879.50091,16.608727,0.016337907,-0.076165535,16.476002,0.014
672311300009162,zi,58880.41933,16.756216,0.016850358,0.1874519,16.244,0.026
672111300009091,zg,58880.46145,16.732506,0.01692483,-0.06921049,16.476002,0.014
672111300009091,zg,58880.48733,16.734554,0.01693529,-0.07648471,16.476002,0.014
672211300016008,zr,58880.52048,16.468323,0.015978718,0.1212442,16.191,0.018
672211300016008,zr,58880.5306,16.476654,0.016012464,0.12881903,16.191,0.018
672211300016008,zr,58881.29896,16.442497,0.015876498,0.12519793,16.191,0.018
672211300016008,zr,58881.36416,16.460361,0.015946817,0.122339435,16.191,0.018
672311300009162,zi,58881.41,16.717606,0.016626554,0.17812529,16.244,0.026
672311300009162,zi,58881.44142,16.725882,0.016673686,0.18869907,16.244,0.026
672111300009091,zg,58881.46858,16.764072,0.017088747,-0.094542086,16.476002,0.014
672111300009091,zg,58881.4867,16.762018,0.017077895,-0.08673949,16.476002,0.014
672111300009091,zg,58881.48762,16.76383,0.017087465,-0.08382023,16.476002,0.014
672211300016008,zr,58881.54077,16.448221,0.015898839,0.11361077,16.191,0.018
672311300009162,zi,58883.36635,16.666708,0.016346617,0.18328193,16.244,0.026
672311300009162,zi,58883.38635,16.675882,0.016395837,0.1836863,16.244,0.026
672111300009091,zg,58883.43838,16.727634,0.016900072,-0.067708366,16.476002,0.014
672211300016008,zr,58883.52097,16.429604,0.01582681,0.120368905,16.191,0.018
672211300016008,zr,58883.53883,16.46939,0.015983025,0.117135264,16.191,0.018
672311300009162,zi,58884.38624,16.58685,0.01594031,0.18744743,16.244,0.026
672311300009162,zi,58884.40616,16.5938,0.01597413,0.1898839,16.244,0.026
672111300009091,zg,58884.43947,16.7187,0.01685503,-0.074272186,16.476002,0.014
672111300009091,zg,58884.44825,16.745098,0.016989503,-0.06976177,16.476002,0.014
672111300009091,zg,58884.48188,16.721668,0.016869936,-0.075514995,16.476002,0.014
672211300016008,zr,58884.51622,16.40551,0.01573631,0.122352876,16.191,0.018
672211300016008,zr,58884.51713,16.439177,0.015863614,0.12201224,16.191,0.018
672211300016008,zr,58884.53522,16.44156,0.015872857,0.11623575,16.191,0.018
672311300009162,zi,58885.38424,16.808292,0.01716852,0.18588296,16.244,0.026
672311300009162,zi,58885.40637,16.817188,0.01722479,0.19194882,16.244,0.026
672111300009091,zg,58885.43175,16.767342,0.017106073,-0.060164135,16.476002,0.014
672211300016008,zr,58885.51348,16.520767,0.016197648,0.12638769,16.191,0.018
672211300016008,zr,58885.53528,16.50319,0.016122546,0.11829024,16.191,0.018
672311300009162,zi,58886.38667,16.687447,0.016458651,0.18771386,16.244,0.026
672311300009162,zi,58886.40768,16.71362,0.01660402,0.18742277,16.244,0.026
672111300009091,zg,58886.46107,16.698448,0.016754648,-0.053350687,16.476002,0.014
672111300009091,zg,58886.4668,16.670334,0.016619224,-0.04038902,16.476002,0.014
672211300016008,zr,58886.52578,16.332619,0.015480634,0.117056064,16.191,0.018
672211300016008,zr,58886.53865,16.363857,0.015586943,0.11526511,16.191,0.018
672311300009162,zi,58887.31558,16.501982,0.015549898,0.18127307,16.244,0.026
672111300009091,zg,58887.45004,16.617172,0.016375247,-0.045302458,16.476002,0.014
672211300016008,zr,58887.49113,16.288717,0.015339229,0.118152186,16.191,0.018
672211300016008,zr,58887.51688,16.221447,0.015139923,0.12687442,16.191,0.018
672111300009091,zg,58888.28028,16.709827,0.016810747,-0.03491652,16.476002,0.014
672111300009091,zg,58888.30216,16.669407,0.016614832,-0.054218553,16.476002,0.014
672311300009162,zi,58888.38459,16.68332,0.016436137,0.18690068,16.244,0.026
672211300016008,zr,58888.43894,16.42631,0.01581425,0.1194778,16.191,0.018
672211300016008,zr,58888.45816,16.37982,0.015643144,0.12913522,16.191,0.018
672311300009162,zi,58890.33677,16.70354,0.016547512,0.17949454,16.244,0.026
672311300009162,zi,58890.35894,16.658955,0.016305435,0.19022109,16.244,0.026
672211300016008,zr,58890.43913,16.440048,0.015866987,0.123237245,16.191,0.018
672211300016008,zr,58890.46276,16.441904,0.01587419,0.12571226,16.191,0.018
672111300009091,zg,58890.5069,16.691578,0.016721137,-0.05869654,16.476002,0.014
672111300009091,zg,58890.54354,16.721996,0.016871586,-0.073414244,16.476002,0.014
672311300009162,zi,58891.35767,16.631248,0.016161371,0.18428724,16.244,0.026
672311300009162,zi,58891.38091,16.626228,0.016135769,0.19360852,16.244,0.026
672111300009091,zg,58891.44008,16.721603,0.016869614,-0.04308336,16.476002,0.014
672111300009091,zg,58891.44101,16.687939,0.016703496,-0.046062704,16.476002,0.014
672111300009091,zg,58891.46147,16.699848,0.016761508,-0.054761615,16.476002,0.014
672211300016008,zr,58891.49792,16.357718,0.015565666,0.1060957,16.191,0.018
672211300016008,zr,58891.49883,16.372566,0.015617445,0.118764594,16.191,0.018
672211300016008,zr,58891.51102,16.41209,0.015760725,0.11539338,16.191,0.018
672211300016008,zr,58892.31205,16.412155,0.01576097,0.12393529,16.191,0.018
672211300016008,zr,58892.32269,16.427525,0.01581888,0.12061897,16.191,0.018
672111300009091,zg,58892.36319,16.67136,0.01662409,-0.04950255,16.476002,0.014
672111300009091,zg,58892.39938,16.700996,0.01676714,-0.06740714,16.476002,0.014
672311300009162,zi,58892.46776,16.665945,0.016342547,0.18234324,16.244,0.026
672311300009162,zi,58892.48813,16.642895,0.016221344,0.17952037,16.244,0.026
672211300016008,zr,58893.31902,16.509499,0.016149294,0.10983993,16.191,0.018
672311300009162,zi,58893.39761,16.8307,0.017311372,0.18744707,16.244,0.026
672111300009091,zg,58893.46261,16.79839,0.017273886,-0.06937291,16.476002,0.014
672111300009091,zg,58893.46768,16.753614,0.017033778,-0.057443198,16.476002,0.014
672211300016008,zr,58893.51178,16.527582,0.016227249,0.114048205,16.191,0.018
672111300009091,zg,58894.34198,16.641937,0.016486967,-0.08272958,16.476002,0.014
672111300009091,zg,58894.36334,16.648293,0.016516173,-0.08549699,16.476002,0.014
672111300009091,zg,58894.36427,16.644817,0.016500177,-0.070439,16.476002,0.014
672311300009162,zi,58894.39933,16.58494,0.015931068,0.18207711,16.244,0.026
672311300009162,zi,58894.44727,16.541008,0.015724324,0.17464353,16.244,0.026
672211300016008,zr,58894.47519,16.381401,0.015648777,0.12050296,16.191,0.018
672211300016008,zr,58894.47611,16.357628,0.015565357,0.122966945,16.191,0.018
672211300016008,zr,58894.49158,16.37144,0.015613481,0.116922975,16.191,0.018
672311300009162,zi,58895.32172,16.596685,0.015988259,0.18162142,16.244,0.026
672311300009162,zi,58895.36705,16.595863,0.015984228,0.18527356,16.244,0.026
672111300009091,zg,58895.39838,16.610239,0.016344568,-0.07735377,16.476002,0.014
672111300009091,zg,58895.40738,16.603683,0.016315788,-0.06801856,16.476002,0.014
672211300016008,zr,58895.43722,16.326042,0.015458862,0.11158384,16.191,0.018
672211300016008,zr,58895.48277,16.321594,0.015444258,0.12152977,16.191,0.018
672311300009162,zi,58896.36702,16.539963,0.015719546,0.19126871,16.244,0.026
672311300009162,zi,58896.38682,16.531372,0.015680462,0.19190627,16.244,0.026
672211300016008,zr,58898.34693,16.313213,0.01541699,0.118563466,16.191,0.018
672211300016008,zr,58898.36689,16.296408,0.015363337,0.1177088,16.191,0.018
672211300016008,zr,58898.37716,16.329952,0.015471782,0.12064175,16.191,0.018
672111300009091,zg,58898.38931,16.603218,0.016313756,-0.10711656,16.476002,0.014
672111300009091,zg,58898.39825,16.624632,0.016408546,-0.10736819,16.476002,0.014
672111300009091,zg,58898.40951,16.639519,0.016475908,-0.11562937,16.476002,0.014
672111300009091,zg,58898.44217,16.644157,0.01649714,-0.10755126,16.476002,0.014
672211300016008,zr,58898.46995,16.342117,0.015512449,0.11749993,16.191,0.018
672211300016008,zr,58899.34473,16.333391,0.015483207,0.11113552,16.191,0.018
672211300016008,zr,58899.35678,16.344078,0.015519076,0.114402495,16.191,0.018
672111300009091,zg,58899.37838,16.664719,0.01659271,-0.09976919,16.476002,0.014
672111300009091,zg,58899.39913,16.64164,0.016485602,-0.10182827,16.476002,0.014
672111300009091,zg,58899.40006,16.660099,0.016571034,-0.09284285,16.476002,0.014
672111300009091,zg,58899.40799,16.652134,0.016533943,-0.09526049,16.476002,0.014
672211300016008,zr,58899.45034,16.353716,0.015551899,0.12051059,16.191,0.018
672211300016008,zr,58899.47521,16.35142,0.015544037,0.118788265,16.191,0.018
672111300009091,zg,58900.37794,16.699032,0.016757503,-0.09269468,16.476002,0.014
672111300009091,zg,58900.37886,16.686678,0.0166974,-0.09741281,16.476002,0.014
672111300009091,zg,58900.38557,16.662067,0.016580254,-0.08615934,16.476002,0.014
672211300016008,zr,58900.41775,16.35289,0.015549073,0.11704291,16.191,0.018
672211300016008,zr,58900.43835,16.36249,0.015582183,0.12627602,16.191,0.018
672211300016008,zr,58900.43985,16.342052,0.015512229,0.12629664,16.191,0.018
672211300016008,zr,58900.46087,16.322187,0.015446194,0.120805815,16.191,0.018
672211300016008,zr,58901.39041,16.450104,0.015906226,0.12002694,16.191,0.018
672211300016008,zr,58901.41986,16.483019,0.016038513,0.11414989,16.191,0.018
672211300016008,zr,58901.42078,16.46126,0.015950397,0.116862684,16.191,0.018
672211300016008,zr,58901.42594,16.463789,0.015960505,0.12038122,16.191,0.018
672211300016008,zr,58901.44963,16.4272,0.015817646,0.12239286,16.191,0.018
672211300016008,zr,58901.46994,16.454817,0.015924806,0.12948619,16.191,0.018
672111300009091,zg,58903.34382,16.721745,0.016870318,-0.09676464,16.476002,0.014
672111300009091,zg,58903.37643,16.719707,0.016860079,-0.10315372,16.476002,0.014
672111300009091,zg,58903.37735,16.721092,0.016867042,-0.10952554,16.476002,0.014
672211300016008,zr,58903.38503,16.457966,0.015937287,0.12567605,16.191,0.018
672211300016008,zr,58903.41827,16.462399,0.015954947,0.11598202,16.191,0.018
672211300016008,zr,58903.41918,16.465199,0.015966156,0.112754375,16.191,0.018
672211300016008,zr,58903.43855,16.452496,0.015915643,0.11941243,16.191,0.018
672211300016008,zr,58903.45018,16.435966,0.015851216,0.11620444,16.191,0.018
672211300016008,zr,58903.47606,16.434,0.015843654,0.11660301,16.191,0.018
672211300016008,zr,58903.49042,16.442926,0.015878169,0.11024747,16.191,0.018
672111300009091,zg,58904.3033,16.763977,0.01708824,-0.066693135,16.476002,0.014
672311300009162,zi,58904.35673,16.77132,0.016940678,0.19374745,16.244,0.026
672311300009162,zi,58904.38065,16.779118,0.016987927,0.18427837,16.244,0.026
672111300009091,zg,58904.43954,16.702776,0.016775895,-0.043381117,16.476002,0.014
672111300009091,zg,58904.44046,16.742579,0.016976485,-0.07182067,16.476002,0.014
672211300016008,zr,58904.47213,16.520653,0.016197154,0.12274837,16.191,0.018
672211300016008,zr,58904.48827,16.535536,0.01626213,0.12419479,16.191,0.018
672211300016008,zr,58904.49801,16.503975,0.016125863,0.12017849,16.191,0.018
672111300009091,zg,58905.28323,16.773838,0.017140683,-0.06881921,16.476002,0.014
672111300009091,zg,58905.30254,16.815327,0.017367993,-0.065270625,16.476002,0.014
672111300009091,zg,58905.31133,16.739244,0.01695932,-0.047199525,16.476002,0.014
672311300009162,zi,58905.34665,16.756142,0.016849922,0.2004239,16.244,0.026
672311300009162,zi,58905.38065,16.710148,0.016584478,0.1926469,16.244,0.026
672111300009091,zg,58906.32291,16.667824,0.01660735,-0.077439584,16.476002,0.014
672111300009091,zg,58906.35392,16.662363,0.016581642,-0.078844965,16.476002,0.014
672111300009091,zg,58906.35485,16.661766,0.016578846,-0.08737394,16.476002,0.014
672311300009162,zi,58906.36948,16.641714,0.016215228,0.18578036,16.244,0.026
672311300009162,zi,58906.42078,16.618225,0.016095292,0.19055758,16.244,0.026
672211300016008,zr,58906.4772,16.40203,0.015723497,0.123911664,16.191,0.018
672211300016008,zr,58906.47813,16.411348,0.015757961,0.11596211,16.191,0.018
672211300016008,zr,58906.50096,16.387585,0.015670948,0.1345695,16.191,0.018
672311300009162,zi,58907.3381,16.525106,0.015652223,0.18116726,16.244,0.026
672111300009091,zg,58908.32398,16.551575,0.01609508,-0.076879725,16.476002,0.014
672111300009091,zg,58908.33569,16.565014,0.016150659,-0.095180154,16.476002,0.014
672111300009091,zg,58908.3564,16.561043,0.016134145,-0.08798489,16.476002,0.014
672311300009162,zi,58908.39759,16.4175,0.015200612,0.18748118,16.244,0.026
672311300009162,zi,58908.42011,16.468666,0.01540763,0.18275695,16.244,0.026
672211300016008,zr,58908.45225,16.271797,0.0152871525,0.12185975,16.191,0.018
672111300009091,zg,58909.2663,16.631573,0.016439807,-0.04314189,16.476002,0.014
672111300009091,zg,58909.29059,16.596962,0.016286526,-0.0390446,16.476002,0.014
672311300009162,zi,58909.35821,16.698025,0.01651687,0.19843335,16.244,0.026
672211300016008,zr,58911.25118,16.314411,0.015420868,0.123413555,16.191,0.018
672311300009162,zi,58911.32647,16.535694,0.015700074,0.18927306,16.244,0.026
672311300009162,zi,58911.34536,16.48961,0.015496364,0.18942648,16.244,0.026
672111300009091,zg,58911.37959,16.567005,0.016158974,-0.038145114,16.476002,0.014
672111300009091,zg,58911.40803,16.592089,0.016265456,-0.06985853,16.476002,0.014
672111300009091,zg,58911.40896,16.626305,0.016416054,-0.08533611,16.476002,0.014
672211300016008,zr,58911.44942,16.297092,0.015365492,0.12633316,16.191,0.018
672211300016008,zr,58911.47101,16.317888,0.0154321585,0.117195375,16.191,0.018
672111300009091,zg,58912.28156,16.66174,0.016578717,-0.054335423,16.476002,0.014
672311300009162,zi,58912.32589,16.634228,0.016176634,0.18958515,16.244,0.026
672311300009162,zi,58912.3481,16.666939,0.016347852,0.19084316,16.244,0.026
672211300016008,zr,58912.42879,16.348782,0.015535035,0.12537916,16.191,0.018
672211300016008,zr,58912.45437,16.406542,0.015740128,0.11912434,16.191,0.018
672111300009091,zg,58912.51339,16.668095,0.016608626,-0.068618126,16.476002,0.014
672111300009091,zg,58912.55042,16.712376,0.016823418,-0.07059529,16.476002,0.014
672111300009091,zg,58913.28796,16.705114,0.016787423,-0.056289274,16.476002,0.014
672111300009091,zg,58913.33309,16.667591,0.01660625,-0.055002946,16.476002,0.014
672111300009091,zg,58913.33401,16.68317,0.016680496,-0.07247673,16.476002,0.014
672311300009162,zi,58913.35811,16.623371,0.016121278,0.18967387,16.244,0.026
672311300009162,zi,58913.3699,16.590702,0.015959026,0.18562151,16.244,0.026
672211300016008,zr,58913.4545,16.40525,0.015735358,0.11141527,16.191,0.018
672211300016008,zr,58913.47817,16.397728,0.01570773,0.123950325,16.191,0.018
672211300016008,zr,58913.4791,16.431263,0.015833156,0.11842481,16.191,0.018
672311300009162,zi,58914.3026,16.494946,0.015519344,0.17888042,16.244,0.026
672311300009162,zi,58914.3247,16.507133,0.015572432,0.18093231,16.244,0.026
672211300016008,zr,58914.37375,16.311504,0.015411476,0.12007552,16.191,0.018
672211300016008,zr,58914.39707,16.376421,0.01563107,0.11903148,16.191,0.018
672211300016008,zr,58914.39839,16.282463,0.015319823,0.11623444,16.191,0.018
672111300009091,zg,58914.43294,16.598244,0.016292086,-0.047797237,16.476002,0.014
672111300009091,zg,58914.43386,16.597845,0.016290357,-0.050999537,16.476002,0.014
672111300009091,zg,58914.45851,16.615818,0.016369235,-0.072167486,16.476002,0.014
672111300009091,zg,58915.251,16.569994,0.016171493,-0.044097733,16.476002,0.014
672311300009162,zi,58915.3167,16.425224,0.015230996,0.17459238,16.244,0.026
672311300009162,zi,58915.32256,16.507324,0.015573272,0.18119456,16.244,0.026
672211300016008,zr,58915.39813,16.270576,0.015283449,0.12179845,16.191,0.018
672211300016008,zr,58915.40008,16.32856,0.01546717,0.11846567,16.191,0.018
672211300016008,zr,58915.43703,16.29271,0.015351704,0.113376886,16.191,0.018
672111300009091,zg,58915.45402,16.602234,0.016309457,-0.06217335,16.476002,0.014
672111300009091,zg,58915.45586,16.587883,0.016247371,-0.0542116,16.476002,0.014
672111300009091,zg,58936.2895,16.607319,0.01633172,-0.09846914,16.476002,0.014
672111300009091,zg,58936.29041,16.597618,0.016289368,-0.096467614,16.476002,0.014
672111300009091,zg,58936.29929,16.613787,0.016360234,-0.09349797,16.476002,0.014
672311300009162,zi,58936.33844,16.548428,0.015758457,0.19328122,16.244,0.026
672311300009162,zi,58936.38648,16.481144,0.01546021,0.1868376,16.244,0.026
672211300016008,zr,58936.40774,16.265646,0.01526855,0.116200045,16.191,0.018
672211300016008,zr,58936.41491,16.263401,0.015261806,0.11060127,16.191,0.018
672211300016008,zr,58936.43613,16.205784,0.015096426,0.11423247,16.191,0.018
672311300009162,zi,58939.24101,16.582487,0.01591923,0.18694438,16.244,0.026
672311300009162,zi,58939.26184,16.592955,0.015970001,0.18666184,16.244,0.026
672111300009091,zg,58939.34567,16.683525,0.016682198,-0.05839416,16.476002,0.014
672111300009091,zg,58939.3466,16.690239,0.016714633,-0.061115716,16.476002,0.014
672111300009091,zg,58941.26865,16.54491,0.016067864,-0.056086667,16.476002,0.014
672311300009162,zi,58941.32111,16.46793,0.015404552,0.18668076,16.244,0.026
672311300009162,zi,58941.34426,16.428608,0.015244397,0.18632048,16.244,0.026
672211300016008,zr,58941.37607,16.249598,0.01522083,0.12802343,16.191,0.018
672211300016008,zr,58941.38782,16.237253,0.015184915,0.11396541,16.191,0.018
672111300009091,zg,58941.45253,16.496185,0.01587557,-0.069542274,16.476002,0.014
672111300009091,zg,58944.25498,16.60566,0.01632444,-0.062418535,16.476002,0.014
672311300009162,zi,58944.29624,16.575592,0.015886137,0.18827033,16.244,0.026
672311300009162,zi,58944.32154,16.543907,0.015737623,0.18559486,16.244,0.026
672211300016008,zr,58944.36545,16.369938,0.015608197,0.11122745,16.191,0.018
672211300016008,zr,58944.36638,16.329601,0.015470621,0.12567273,16.191,0.018
672211300016008,zr,58944.3954,16.367981,0.015601341,0.121996686,16.191,0.018
672111300009091,zg,58944.42604,16.648018,0.01651491,-0.035380356,16.476002,0.014
672111300009091,zg,58944.43574,16.677414,0.0166529,-0.065824,16.476002,0.014
672211300016008,zr,58954.25045,16.484005,0.01604257,0.12447601,16.191,0.018
672211300016008,zr,58954.26889,16.45409,0.01592193,0.12077449,16.191,0.018
672211300016008,zr,58954.26981,16.438025,0.015859159,0.116737954,16.191,0.018
672111300009091,zg,58954.30498,16.779984,0.017173678,-0.08244291,16.476002,0.014
672111300009091,zg,58954.3059,16.79784,0.017270863,-0.08141919,16.476002,0.014
672311300009162,zi,58954.32997,16.754074,0.016837677,0.1992163,16.244,0.026
672311300009162,zi,58954.3611,16.79071,0.017058963,0.19513811,16.244,0.026
672211300016008,zr,58955.24049,16.545458,0.01630616,0.11575539,16.191,0.018
672211300016008,zr,58955.26733,16.515146,0.016173441,0.11087535,16.191,0.018
672111300009091,zg,58955.30856,16.79257,0.017241972,-0.0819874,16.476002,0.014
672111300009091,zg,58955.32503,16.759941,0.017066954,-0.08234382,16.476002,0.014
672311300009162,zi,58955.34305,16.784431,0.017020373,0.19790496,16.244,0.026
672311300009162,zi,58955.36147,16.775776,0.016967628,0.19230312,16.244,0.026
1714203300013954,zr,58956.28554,16.61385,0.016274877,0.10749366,16.228,0.016
1714203300013954,zr,58956.28599,16.5739,0.01606686,0.10206352,16.228,0.016
672211300016008,zr,58962.28461,16.27248,0.0152892275,0.1247337,16.191,0.018
672111300009091,zg,58963.32018,16.664305,0.016590763,-0.06664011,16.476002,0.014
672311300009162,zi,58964.30143,16.508667,0.015579176,0.1843347,16.244,0.026
672211300016008,zr,58965.28611,16.29345,0.015354027,0.13081713,16.191,0.018
672111300009091,zg,58968.25261,16.58747,0.0162456,-0.069800414,16.476002,0.014
1714103300002371,zg,58968.26345,16.649899,0.01740081,-0.09715841,16.446001,0.015
1714103300002371,zg,58968.26393,16.651028,0.017406128,-0.102873124,16.446001,0.015
672111300009091,zg,58968.27959,16.65355,0.016540507,-0.08182861,16.476002,0.014
672311300009162,zi,58968.32882,16.514585,0.015605304,0.18853256,16.244,0.026
672211300016008,zr,58968.37231,16.362926,0.015583707,0.12221189,16.191,0.018
672211300016008,zr,58971.22144,16.465332,0.015966693,0.12487466,16.191,0.018
672111300009091,zg,58971.2669,16.740452,0.016965529,-0.06375236,16.476002,0.014
672111300009091,zg,58971.2807,16.725502,0.016889276,-0.05478367,16.476002,0.014
672311300009162,zi,58972.32814,16.604263,0.016025595,0.17936152,16.244,0.026
672111300009091,zg,58973.25221,16.70807,0.016802043,-0.040526286,16.476002,0.014
672111300009091,zg,58974.20818,16.506933,0.015916983,-0.018863136,16.476002,0.014
1714203300013954,zr,58976.28492,16.241093,0.014695088,0.09968689,16.228,0.016
672311300009162,zi,58977.28547,16.644571,0.016230052,0.1880992,16.244,0.026
672211300016008,zr,58980.25815,16.25891,0.015248378,0.11724048,16.191,0.018
672311300009162,zi,58981.34135,16.535595,0.015699623,0.19052947,16.244,0.026
672111300009091,zg,58986.20659,16.69758,0.0167504,-0.06800901,16.476002,0.014
672211300016008,zr,58986.25919,16.390898,0.015682906,0.11619786,16.191,0.018
672311300009162,zi,58987.26904,16.607292,0.01604062,0.18851195,16.244,0.026
672211300016008,zr,58991.22567,16.252283,0.015228729,0.11831127,16.191,0.018
672211300016008,zr,58994.2076,16.258121,0.015246031,0.12029088,16.191,0.018
672111300009091,zg,58994.23551,16.603638,0.01631559,-0.074970715,16.476002,0.014
672111300009091,zg,58997.16682,16.494568,0.015869392,-0.05359611,16.476002,0.014
672111300009091,zg,58997.16873,16.508787,0.01592419,-0.042854656,16.476002,0.014
672211300016008,zr,58997.2499,16.19799,0.015075178,0.11947235,16.191,0.018
672111300009091,zg,59000.23286,16.733448,0.016929643,-0.06682571,16.476002,0.014
672111300009091,zg,59004.19536,16.619862,0.016387219,-0.022274718,16.476002,0.014
672211300016008,zr,59004.23663,16.339516,0.015503687,0.12686436,16.191,0.018
672211300016008,zr,59009.1741,16.492039,0.016075807,0.12623474,16.191,0.018
672111300009091,zg,59009.2456,16.744442,0.016986104,-0.058725636,16.476002,0.014
672111300009091,zg,59012.2018,16.727467,0.01689922,-0.07925805,16.476002,0.014
672311300009162,zi,59017.1715,16.680473,0.01642067,0.18440504,16.244,0.026
672211300016008,zr,59017.23871,16.391634,0.015685564,0.1259553,16.191,0.018
672111300009091,zg,59020.20101,16.747488,0.017001877,-0.06837523,16.476002,0.014
672211300016008,zr,59020.24529,16.403896,0.015730362,0.12272017,16.191,0.018
672311300009162,zi,59021.18372,16.687176,0.016457174,0.17989251,16.244,0.026
672111300009091,zg,59023.21738,16.851376,0.017574446,-0.05681069,16.476002,0.014
672311300009162,zi,59025.25646,16.713186,0.01660158,0.1901138,16.244,0.026
672311300009162,zi,59029.20131,16.741552,0.016764173,0.2005813,16.244,0.026
672111300009091,zg,59029.23986,16.649448,0.016521512,-0.033629153,16.476002,0.014
672111300009091,zg,59032.19747,16.781404,0.017181339,-0.04886242,16.476002,0.014
672211300016008,zr,59032.21526,16.537601,0.01627125,0.12394524,16.191,0.018
672311300009162,zi,59033.25402,16.772636,0.016948624,0.19522066,16.244,0.026
672111300009091,zg,59036.19725,16.81194,0.01734902,-0.043609727,16.476002,0.014
672211300016008,zr,59036.2556,16.565926,0.016398827,0.117685996,16.191,0.018
672311300009162,zi,59037.27659,16.647774,0.016246723,0.19983807,16.244,0.026
672111300009091,zg,59039.17578,16.684578,0.016687272,-0.05660089,16.476002,0.014
672211300016008,zr,59039.21403,16.358772,0.015569309,0.11442873,16.191,0.018
672311300009162,zi,59041.18023,16.800823,0.017121704,0.18840176,16.244,0.026
672211300016008,zr,59042.22514,16.50237,0.016119085,0.11921893,16.191,0.018
672311300009162,zi,59045.1822,16.791233,0.017062185,0.19477227,16.244,0.026
672211300016008,zr,59045.20436,16.53143,0.016244072,0.11933798,16.191,0.018
672111300009091,zg,59045.23705,16.732773,0.016926194,-0.03273398,16.476002,0.014
672311300009162,zi,59049.24167,16.36707,0.015009652,0.1937785,16.244,0.026
672311300009162,zi,59061.18819,16.270775,0.014679034,0.18975313,16.244,0.026
672211300016008,zr,59064.15693,16.120552,0.01487802,0.12572525,16.191,0.018
672211300016008,zr,59064.16181,16.088184,0.014802865,0.13432272,16.191,0.018
672211300016008,zr,59064.16669,16.149364,0.01494847,0.13725345,16.191,0.018
672211300016008,zr,59064.17157,16.123566,0.014885231,0.13517861,16.191,0.018
672211300016008,zr,59064.17644,16.105515,0.014842589,0.121838264,16.191,0.018
672211300016008,zr,59066.15487,16.354832,0.015555727,0.108060814,16.191,0.018
672211300016008,zr,59066.15964,16.298244,0.015369136,0.12976688,16.191,0.018
672211300016008,zr,59066.16442,16.303356,0.0153853595,0.12517214,16.191,0.018
672211300016008,zr,59066.16919,16.318478,0.015434073,0.13298194,16.191,0.018
672211300016008,zr,59066.17397,16.328733,0.015467746,0.1375103,16.191,0.018
672211300016008,zr,59068.1537,16.323606,0.015450853,0.13147102,16.191,0.018
672211300016008,zr,59068.15848,16.321537,0.015444069,0.1313419,16.191,0.018
672211300016008,zr,59068.16326,16.291124,0.015346744,0.13272008,16.191,0.018
672211300016008,zr,59068.16804,16.295303,0.015359853,0.12246813,16.191,0.018
672211300016008,zr,59068.17281,16.307016,0.015397051,0.1324516,16.191,0.018
672211300016008,zr,59070.16575,16.244217,0.015205093,0.11849864,16.191,0.018
672211300016008,zr,59070.17051,16.1581,0.0149705,0.115813956,16.191,0.018
672211300016008,zr,59072.15017,16.376598,0.0156317,0.12996097,16.191,0.018
672211300016008,zr,59072.15508,16.391077,0.01568355,0.12772854,16.191,0.018
672211300016008,zr,59072.16001,16.387547,0.015670812,0.13050295,16.191,0.018
672211300016008,zr,59072.16493,16.381248,0.015648233,0.1324768,16.191,0.018
672211300016008,zr,59072.1693,16.398682,0.015711216,0.13031974,16.191,0.018
672211300016008,zr,59074.14666,16.470022,0.015985565,0.11232887,16.191,0.018
672211300016008,zr,59074.15165,16.401726,0.015722377,0.1315807,16.191,0.018
672211300016008,zr,59074.15663,16.428104,0.015821088,0.12766631,16.191,0.018
672211300016008,zr,59074.16159,16.387693,0.015671339,0.121526696,16.191,0.018
672211300016008,zr,59076.14385,16.380295,0.015644832,0.12505972,16.191,0.018
672211300016008,zr,59076.14885,16.27605,0.0153001165,0.13260992,16.191,0.018
672211300016008,zr,59076.15384,16.316874,0.015428859,0.13537927,16.191,0.018
672211300016008,zr,59076.15883,16.314362,0.015420712,0.12981454,16.191,0.018
672211300016008,zr,59076.16382,16.328438,0.01546677,0.12937234,16.191,0.018
672211300016008,zr,59078.14347,16.149464,0.0149487145,0.12515382,16.191,0.018
672211300016008,zr,59078.14842,16.1124,0.0148587,0.13552783,16.191,0.018
672211300016008,zr,59078.15338,16.136724,0.014917148,0.12604074,16.191,0.018
672211300016008,zr,59078.15835,16.122028,0.014881553,0.1367438,16.191,0.018
672211300016008,zr,59078.16329,16.136013,0.014915403,0.1314352,16.191,0.018
672211300016008,zr,59080.14065,16.147541,0.014943906,0.13163619,16.191,0.018
672211300016008,zr,59080.14547,16.123753,0.014885679,0.11508842,16.191,0.018
672211300016008,zr,59080.15509,16.108324,0.014849141,0.12990521,16.191,0.018
672311300009162,zi,59081.15,16.501534,0.015547944,0.19250204,16.244,0.026
672211300016008,zr,59082.13851,16.241926,0.015198431,0.13203743,16.191,0.018
672211300016008,zr,59082.1434,16.192657,0.015060795,0.14759126,16.191,0.018
672211300016008,zr,59082.1483,16.233356,0.015173722,0.12669782,16.191,0.018
672211300016008,zr,59082.15318,16.2308,0.015166417,0.12715119,16.191,0.018
672211300016008,zr,59084.13591,16.127201,0.014893979,0.11788713,16.191,0.018
672211300016008,zr,59084.14081,16.193657,0.015063478,0.10724535,16.191,0.018
672211300016008,zr,59084.14569,16.123734,0.014885635,0.14058343,16.191,0.018
672211300016008,zr,59084.15058,16.11963,0.014875827,0.12447131,16.191,0.018
672211300016008,zr,59084.15545,16.133785,0.014909954,0.13381511,16.191,0.018
672211300016008,zr,59086.13401,16.288874,0.0153397145,0.1530043,16.191,0.018
672211300016008,zr,59086.13886,16.228771,0.015160632,0.14260788,16.191,0.018
672211300016008,zr,59086.14371,16.250847,0.015224505,0.1163418,16.191,0.018
672211300016008,zr,59086.14854,16.2541,0.015234101,0.12769455,16.191,0.018
672211300016008,zr,59086.15338,16.256804,0.015242111,0.13603652,16.191,0.018
672211300016008,zr,59145.51929,16.440123,0.015867282,0.134671,16.191,0.018
672211300016008,zr,59145.52403,16.45226,0.015914705,0.12934388,16.191,0.018
672211300016008,zr,59145.5288,16.431644,0.015834615,0.12986405,16.191,0.018
672211300016008,zr,59145.53355,16.444584,0.01588462,0.12991174,16.191,0.018
672211300016008,zr,59145.53831,16.472668,0.015996264,0.10963015,16.191,0.018
672111300009091,zg,59163.48317,16.507858,0.015920574,-0.04821923,16.476002,0.014
672211300016008,zr,59163.52332,16.238857,0.015189543,0.11730945,16.191,0.018
672311300009162,zi,59164.48056,16.373207,0.015032219,0.19927928,16.244,0.026
672211300016008,zr,59165.48546,16.29036,0.015344348,0.12444158,16.191,0.018
672111300009091,zg,59168.51088,16.533894,0.016023355,-0.04163532,16.476002,0.014
672211300016008,zr,59168.53286,16.27058,0.015283458,0.12331077,16.191,0.018
672311300009162,zi,59168.54307,16.517181,0.015616818,0.18225046,16.244,0.026
672111300009091,zg,59170.49157,16.575443,0.016194431,-0.06337187,16.476002,0.014
672211300016008,zr,59170.55206,16.282375,0.015319556,0.11241907,16.191,0.018
672111300009091,zg,59173.4895,16.577423,0.016202806,-0.047440927,16.476002,0.014
672111300009091,zg,59176.50572,16.479923,0.015813973,-0.08517088,16.476002,0.014
672211300016008,zr,59176.55829,16.210262,0.015108754,0.119010426,16.191,0.018
672211300016008,zr,59179.53013,16.132874,0.014907732,0.12178519,16.191,0.018
672211300016008,zr,59182.4946,16.17807,0.01502206,0.12347732,16.191,0.018
672111300009091,zg,59182.55805,16.531658,0.016014399,-0.05676553,16.476002,0.014
672111300009091,zg,59185.50469,16.3238,0.015283998,-0.035418507,16.476002,0.014
672211300016008,zr,59185.53448,16.107384,0.014846942,0.117283404,16.191,0.018
672211300016008,zr,59187.49492,16.047878,0.014714984,0.1178813,16.191,0.018
672111300009091,zg,59187.53532,16.413456,0.015575077,-0.06081531,16.476002,0.014
672311300009162,zi,59188.49724,16.439543,0.015288123,0.18820623,16.244,0.026
672211300016008,zr,59189.4748,16.240084,0.01519309,0.117600955,16.191,0.018
672111300009091,zg,59189.51135,16.470455,0.015778685,-0.048326615,16.476002,0.014
672111300009091,zg,59192.54771,16.428028,0.015625715,-0.054284528,16.476002,0.014
672111300009091,zg,59193.47514,16.494951,0.015870852,-0.07320649,16.476002,0.014
672211300016008,zr,59193.51559,16.187134,0.015046017,0.11380023,16.191,0.018
672211300016008,zr,59194.50615,16.34013,0.015505755,0.10989578,16.191,0.018
672111300009091,zg,59194.54853,16.6071,0.016330756,-0.08500598,16.476002,0.014
672211300016008,zr,59195.51114,16.265224,0.015267278,0.12102832,16.191,0.018
672211300016008,zr,59195.51209,16.270176,0.015282234,0.116972774,16.191,0.018
672111300009091,zg,59195.53106,16.58376,0.016229734,-0.064682685,16.476002,0.014
672111300009091,zg,59195.532,16.567019,0.016159032,-0.05793712,16.476002,0.014
672211300016008,zr,59198.49123,16.32018,0.015439634,0.11375976,16.191,0.018
672211300016008,zr,59198.49217,16.299713,0.015373786,0.11402347,16.191,0.018
672111300009091,zg,59198.53009,16.618687,0.016381983,-0.09285196,16.476002,0.014
672111300009091,zg,59198.53103,16.60684,0.016329614,-0.08719234,16.476002,0.014
672311300009162,zi,59199.49234,16.538578,0.015713215,0.18497236,16.244,0.026
672211300016008,zr,59199.51038,16.30148,0.015379387,0.11702708,16.191,0.018
672111300009091,zg,59199.5405,16.557693,0.016120272,-0.07363153,16.476002,0.014
672211300016008,zr,59200.52987,16.318424,0.0154339075,0.121187635,16.191,0.018
672311300009162,zi,59202.46432,16.35769,0.014975526,0.18894885,16.244,0.026
672111300009091,zg,59202.51702,16.414684,0.015579307,-0.065128185,16.476002,0.014
672211300016008,zr,59202.53758,16.12272,0.01488321,0.11741477,16.191,0.018
672211300016008,zr,59203.50534,16.223482,0.015145654,0.12774885,16.191,0.018
672211300016008,zr,59203.50631,16.199165,0.015078365,0.12102719,16.191,0.018
672111300009091,zg,59203.5303,16.518284,0.015961332,-0.053799633,16.476002,0.014
672111300009091,zg,59203.53124,16.522919,0.015979625,-0.050015114,16.476002,0.014
672111300009091,zg,59215.49075,16.55933,0.016127042,-0.051907897,16.476002,0.014
672311300009162,zi,59216.49687,16.543375,0.015735183,0.18485107,16.244,0.026
672211300016008,zr,59217.39302,16.266941,0.01527245,0.11990234,16.191,0.018
672111300009091,zg,59217.44478,16.518848,0.015963558,-0.07190642,16.476002,0.014
672111300009091,zg,59219.44465,16.694963,0.016737618,-0.07170277,16.476002,0.014
672211300016008,zr,59219.47669,16.392292,0.015687948,0.11722842,16.191,0.018
672311300009162,zi,59219.55009,16.626493,0.016137125,0.19461323,16.244,0.026
672211300016008,zr,59221.45505,16.18259,0.015033969,0.12012852,16.191,0.018
672311300009162,zi,59222.48861,16.410273,0.015172465,0.19027638,16.244,0.026
672111300009091,zg,59223.40773,16.494781,0.015870206,-0.05269446,16.476002,0.014
672211300016008,zr,59223.4747,16.21136,0.015111788,0.11193738,16.191,0.018
672311300009162,zi,59225.43616,16.408195,0.015164422,0.1949982,16.244,0.026
672111300009091,zg,59225.47044,16.486055,0.015837051,-0.058314603,16.476002,0.014
672211300016008,zr,59227.38497,16.16299,0.0149829695,0.10981649,16.191,0.018
672111300009091,zg,59227.46925,16.472195,0.01578514,-0.07544665,16.476002,0.014
672311300009162,zi,59228.53053,16.466253,0.015397561,0.18954755,16.244,0.026
672111300009091,zg,59229.47398,16.346756,0.015355257,-0.0404404,16.476002,0.014
672211300016008,zr,59229.51254,16.025028,0.014667899,0.11104943,16.191,0.018
672111300009091,zg,59231.45795,16.663551,0.016587222,-0.08275433,16.476002,0.014
672311300009162,zi,59231.51463,16.544498,0.01574034,0.19019963,16.244,0.026
672211300016008,zr,59248.44419,16.615128,0.016631933,0.11527425,16.191,0.018
672111300009091,zg,59248.48528,16.762058,0.017078111,-0.033356767,16.476002,0.014
672311300009162,zi,59249.37259,16.78051,0.01699641,0.19801112,16.244,0.026
672111300009091,zg,59250.36364,16.675068,0.01664171,-0.07746564,16.476002,0.014
672211300016008,zr,59250.38524,16.42364,0.015804118,0.11478252,16.191,0.018
672211300016008,zr,59252.33471,16.382511,0.01565275,0.116259366,16.191,0.018
672311300009162,zi,59252.40739,16.602417,0.016016467,0.18991368,16.244,0.026
672111300009091,zg,59252.49521,16.729273,0.016908381,-0.07857112,16.476002,0.014
672111300009091,zg,59254.46184,16.485157,0.01583366,-0.09041521,16.476002,0.014
672311300009162,zi,59255.34988,16.406399,0.015157483,0.19319613,16.244,0.026
672211300016008,zr,59256.43078,16.302444,0.015382457,0.11061059,16.191,0.018
672211300016008,zr,59258.35794,16.308989,0.015403375,0.10966672,16.191,0.018
672111300009091,zg,59258.38622,16.598532,0.01629334,-0.080681354,16.476002,0.014
672211300016008,zr,59262.36822,16.220345,0.015136826,0.114894524,16.191,0.018
672311300009162,zi,59262.38745,16.45409,0.015347256,0.19349949,16.244,0.026
672111300009091,zg,59264.35605,16.695944,0.016742399,-0.06773428,16.476002,0.014
672211300016008,zr,59264.37475,16.395618,0.015700039,0.1091532,16.191,0.018
672311300009162,zi,59265.35624,16.550316,0.015767194,0.19398262,16.244,0.026
672211300016008,zr,59266.36877,16.291916,0.015349221,0.114234716,16.191,0.018
672211300016008,zr,59268.37691,16.28098,0.015315242,0.1139723,16.191,0.018
672311300009162,zi,59268.39676,16.474106,0.01543045,0.18399455,16.244,0.026
672111300009091,zg,59268.49327,16.585857,0.016238699,-0.07370454,16.476002,0.014
672211300016008,zr,59270.34638,16.374397,0.015623906,0.120054185,16.191,0.018
672111300009091,zg,59270.40815,16.671822,0.016626278,-0.04355982,16.476002,0.014
672311300009162,zi,59271.35156,16.70197,0.016538756,0.18211411,16.244,0.026
1714203300013954,zr,59272.31227,16.46355,0.015543691,0.08594288,16.228,0.016
1714203300013954,zr,59272.31275,16.4437,0.015457206,0.09494536,16.228,0.016
672211300016008,zr,59272.44865,16.488005,0.01605907,0.11832832,16.191,0.018
1714103300002371,zg,59273.37553,16.742487,0.017861944,-0.05052251,16.446001,0.015
1714103300002371,zg,59273.37599,16.723118,0.017761143,-0.028748969,16.446001,0.015
672111300009091,zg,59274.24004,16.627995,0.016423658,-0.03598346,16.476002,0.014
672311300009162,zi,59274.33299,16.668179,0.016354475,0.18725353,16.244,0.026
672211300016008,zr,59274.39458,16.351784,0.015545286,0.13481109,16.191,0.018
672111300009091,zg,59275.226,16.74488,0.016988372,-0.041864146,16.476002,0.014
672211300016008,zr,59275.39152,16.57272,0.016430138,0.122987054,16.191,0.018
672111300009091,zg,59276.27303,16.739956,0.016962977,-0.04387482,16.476002,0.014
672111300009091,zg,59276.27397,16.7668,0.017103191,-0.06628805,16.476002,0.014
672211300016008,zr,59276.35575,16.459753,0.015944395,0.11770527,16.191,0.018
672211300016008,zr,59276.36419,16.457422,0.015935132,0.10913563,16.191,0.018
672111300009091,zg,59278.30555,16.817524,0.017380333,-0.084155,16.476002,0.014
672111300009091,zg,59278.35757,16.789557,0.017225526,-0.05823435,16.476002,0.014
672311300009162,zi,59278.39341,16.838142,0.017359626,0.19985886,16.244,0.026
672211300016008,zr,59278.41807,16.581503,0.016471032,0.12200253,16.191,0.018
672211300016008,zr,59278.46537,16.543533,0.016297577,0.12259347,16.191,0.018
672111300009091,zg,59280.24419,16.724846,0.016885962,-0.06280442,16.476002,0.014
672211300016008,zr,59280.30446,16.5093,0.016148454,0.11802021,16.191,0.018
672211300016008,zr,59280.31693,16.479633,0.016024632,0.124058776,16.191,0.018
672111300009091,zg,59280.37759,16.719194,0.016857505,-0.071050994,16.476002,0.014
672311300009162,zi,59281.31278,16.766281,0.016910372,0.19586019,16.244,0.026
672311300009162,zi,59290.2957,16.766409,0.016911136,0.19157976,16.244,0.026
672111300009091,zg,59290.30491,16.779747,0.0171724,-0.08257878,16.476002,0.014
672111300009091,zg,59290.33088,16.763842,0.017087528,-0.07051071,16.476002,0.014
672211300016008,zr,59290.35656,16.553118,0.01634055,0.113575876,16.191,0.018
672211300016008,zr,59290.3575,16.49933,0.01610629,0.11424807,16.191,0.018
672211300016008,zr,59290.38481,16.586208,0.016493129,0.11640188,16.191,0.018
672111300009091,zg,59290.41833,16.809914,0.017337715,-0.09267678,16.476002,0.014
672111300009091,zg,59291.2883,16.67017,0.016618444,-0.063675344,16.476002,0.014
672111300009091,zg,59291.30747,16.700151,0.016762998,-0.07686561,16.476002,0.014
672211300016008,zr,59291.35111,16.36728,0.015598883,0.117697924,16.191,0.018
672211300016008,zr,59291.40045,16.396927,0.015704805,0.12105574,16.191,0.018
672111300009091,zg,59292.30492,16.772762,0.017134937,-0.06954621,16.476002,0.014
672111300009091,zg,59292.30586,16.76602,0.017099058,-0.0813021,16.476002,0.014
672211300016008,zr,59292.35562,16.506504,0.01613657,0.1111088,16.191,0.018
672211300016008,zr,59292.35656,16.480272,0.016027248,0.11389605,16.191,0.018
672211300016008,zr,59292.38587,16.490065,0.016067605,0.1211808,16.191,0.018
672211300016008,zr,59293.24461,16.543415,0.016297052,0.12273123,16.191,0.018
672111300009091,zg,59293.29497,16.770294,0.017121775,-0.052230645,16.476002,0.014
672111300009091,zg,59294.1788,16.796597,0.01726403,-0.03264524,16.476002,0.014
672111300009091,zg,59294.26078,16.83826,0.01749835,-0.05825341,16.476002,0.014
672211300016008,zr,59294.28062,16.621334,0.016662404,0.12070512,16.191,0.018
672211300016008,zr,59295.24599,16.300137,0.015375126,0.12383913,16.191,0.018
672211300016008,zr,59295.24693,16.29491,0.015358621,0.11979958,16.191,0.018
672111300009091,zg,59295.26499,16.58467,0.016233617,-0.067291625,16.476002,0.014
672111300009091,zg,59295.28532,16.583683,0.01622941,-0.04149245,16.476002,0.014
672111300009091,zg,59295.30134,16.61347,0.016358832,-0.0607437,16.476002,0.014
672311300009162,zi,59295.35216,16.524569,0.01564981,0.18931249,16.244,0.026
672111300009091,zg,59296.29944,16.693584,0.016730895,-0.046879873,16.476002,0.014
672211300016008,zr,59296.35186,16.433498,0.015841724,0.12590961,16.191,0.018
672211300016008,zr,59297.2649,16.501122,0.016113821,0.12783971,16.191,0.018
672211300016008,zr,59297.28038,16.501766,0.016116539,0.113868795,16.191,0.018
672111300009091,zg,59297.3101,16.771564,0.017128542,-0.055119373,16.476002,0.014
672111300009091,zg,59298.26841,16.747303,0.017000917,-0.05627397,16.476002,0.014
672211300016008,zr,59298.28444,16.443018,0.015878519,0.117419094,16.191,0.018
672211300016008,zr,59298.38627,16.505535,0.016132468,0.11473471,16.191,0.018
672111300009091,zg,59298.4255,16.720566,0.016864391,-0.06156777,16.476002,0.014
672111300009091,zg,59300.36271,16.672071,0.016627457,-0.05699263,16.476002,0.014
672211300016008,zr,59301.19261,16.350603,0.015541244,0.12760997,16.191,0.018
672111300009091,zg,59301.23381,16.694534,0.016735524,-0.06721967,16.476002,0.014
672111300009091,zg,59301.27116,16.734463,0.016934821,-0.03511419,16.476002,0.014
672211300016008,zr,59301.31946,16.370358,0.015609671,0.12686728,16.191,0.018
1714103300002371,zg,59301.37561,16.726124,0.017776636,-0.08127275,16.446001,0.015
1714103300002371,zg,59301.37609,16.66129,0.017454771,-0.07395083,16.446001,0.015
672111300009091,zg,59301.48427,16.625828,0.01641391,-0.058586616,16.476002,0.014
672111300009091,zg,59302.15922,16.679405,0.01666242,-0.010833311,16.476002,0.014
672111300009091,zg,59303.29289,16.80316,0.0173002,-0.035969317,16.476002,0.014
672211300016008,zr,59303.3367,16.60391,0.01657748,0.11598147,16.191,0.018
672211300016008,zr,59303.35485,16.597677,0.016547559,0.12319415,16.191,0.018
672111300009091,zg,59303.36609,16.819328,0.017390488,-0.032189902,16.476002,0.014
672111300009091,zg,59303.40099,16.832024,0.017462559,-0.04085674,16.476002,0.014
672211300016008,zr,59303.48327,16.554878,0.016348504,0.13113217,16.191,0.018
672111300009091,zg,59304.24209,16.73631,0.016944267,-0.052763425,16.476002,0.014
672211300016008,zr,59304.28421,16.486658,0.0160535,0.12822916,16.191,0.018
672111300009091,zg,59305.28563,16.729256,0.016908297,-0.062487327,16.476002,0.014
672311300009162,zi,59305.38608,16.713734,0.016604664,0.19014533,16.244,0.026
672111300009091,zg,59305.4352,16.749908,0.017014457,-0.0560662,16.476002,0.014
672211300016008,zr,59306.26844,16.381504,0.015649147,0.0979541,16.191,0.018
672111300009091,zg,59306.28005,16.708141,0.016802391,-0.06943318,16.476002,0.014
672111300009091,zg,59306.33735,16.68037,0.01666705,-0.040569693,16.476002,0.014
672211300016008,zr,59306.46862,16.368576,0.015603421,0.11108635,16.191,0.018
672211300016008,zr,59307.23939,16.371197,0.015612621,0.111915655,16.191,0.018
672211300016008,zr,59307.27097,16.376305,0.015630657,0.11655718,16.191,0.018
672111300009091,zg,59307.30757,16.635143,0.016455986,-0.08039174,16.476002,0.014
672211300016008,zr,59307.37667,16.3974,0.01570653,0.10967786,16.191,0.018
672211300016008,zr,59308.29461,16.56606,0.016399438,0.11345162,16.191,0.018
672311300009162,zi,59308.30156,16.918053,0.017904082,0.1935153,16.244,0.026
672111300009091,zg,59308.34314,16.795238,0.017256573,-0.07720121,16.476002,0.014
672111300009091,zg,59308.39938,16.771395,0.01712764,-0.07318772,16.476002,0.014
672211300016008,zr,59308.43086,16.505703,0.016133174,0.11294882,16.191,0.018
672111300009091,zg,59309.20205,16.760925,0.017072132,-0.074484445,16.476002,0.014
672211300016008,zr,59309.26169,16.469727,0.015984371,0.11843775,16.191,0.018
672211300016008,zr,59309.28522,16.425821,0.0158124,0.11735698,16.191,0.018
672111300009091,zg,59309.30431,16.673634,0.016634885,-0.06421872,16.476002,0.014
672111300009091,zg,59309.32237,16.686855,0.016698258,-0.06397699,16.476002,0.014
672211300016008,zr,59310.30344,16.651669,0.016814815,0.1243671,16.191,0.018
672211300016008,zr,59310.40933,16.634636,0.016728511,0.11441303,16.191,0.018
672111300009091,zg,59311.21971,16.824558,0.017420057,-0.09169309,16.476002,0.014
672111300009091,zg,59311.25126,16.857752,0.017611848,-0.075585246,16.476002,0.014
672311300009162,zi,59311.27116,16.85308,0.017457722,0.19148554,16.244,0.026
672111300009091,zg,59311.29309,16.817963,0.0173828,-0.064973116,16.476002,0.014
672211300016008,zr,59311.30445,16.586891,0.016496345,0.115907595,16.191,0.018
672211300016008,zr,59311.30545,16.575228,0.016441768,0.103023745,16.191,0.018
672111300009091,zg,59312.25308,16.717241,0.016847719,-0.067173585,16.476002,0.014
672211300016008,zr,59312.28097,16.519142,0.016190633,0.12461198,16.191,0.018
672111300009091,zg,59312.33192,16.74514,0.01698972,-0.04730988,16.476002,0.014
672211300016008,zr,59312.38727,16.480667,0.016028866,0.11120414,16.191,0.018
672211300016008,zr,59313.22231,16.50178,0.016116595,0.118368275,16.191,0.018
672211300016008,zr,59313.23092,16.515713,0.016175872,0.108755484,16.191,0.018
672111300009091,zg,59313.24903,16.711287,0.016817998,-0.08671942,16.476002,0.014
672111300009091,zg,59313.26815,16.710686,0.016815012,-0.07842588,16.476002,0.014
672111300009091,zg,59313.28467,16.692383,0.016725048,-0.0681716,16.476002,0.014
672211300016008,zr,59313.34828,16.527964,0.016228914,0.11351527,16.191,0.018
672211300016008,zr,59314.26242,16.483398,0.01604007,0.110617295,16.191,0.018
672211300016008,zr,59314.29316,16.503336,0.01612316,0.117928974,16.191,0.018
672311300009162,zi,59314.31624,16.661991,0.016321516,0.18962851,16.244,0.026
672111300009091,zg,59314.3992,16.759575,0.017065026,-0.06671925,16.476002,0.014
672111300009091,zg,59315.2196,16.728516,0.01690454,-0.08311605,16.476002,0.014
672211300016008,zr,59317.21021,16.449322,0.015903154,0.11960657,16.191,0.018
672111300009091,zg,59317.24422,16.721674,0.016869968,-0.08215191,16.476002,0.014
672111300009091,zg,59321.27021,16.722155,0.016872386,-0.0785396,16.476002,0.014
672211300016008,zr,59321.30454,16.39216,0.015687475,0.10952704,16.191,0.018
672311300009162,zi,59321.34075,16.6371,0.016191395,0.18634933,16.244,0.026
672111300009091,zg,59323.28566,16.748175,0.01700544,-0.0725915,16.476002,0.014
672211300016008,zr,59323.34754,16.50904,0.016147347,0.11931493,16.191,0.018
1714203300013954,zr,59324.21041,16.483524,0.015633008,0.103970446,16.228,0.016
1714203300013954,zr,59324.21088,16.473736,0.015588943,0.11243094,16.228,0.016
672311300009162,zi,59324.30377,16.748226,0.016803222,0.19403657,16.244,0.026
672211300016008,zr,59325.27096,16.464016,0.015961416,0.12617934,16.191,0.018
672211300016008,zr,59325.2724,16.441303,0.015871858,0.120790675,16.191,0.018
672111300009091,zg,59325.34296,16.722385,0.01687355,-0.06103162,16.476002,0.014
672111300009091,zg,59325.35187,16.720814,0.016865635,-0.054880153,16.476002,0.014
672211300016008,zr,59329.25388,16.40281,0.015726358,0.11988598,16.191,0.018
672111300009091,zg,59329.35251,16.710728,0.016815228,-0.06353113,16.476002,0.014
672111300009091,zg,59329.35343,16.766827,0.017103337,-0.061740663,16.476002,0.014
672111300009091,zg,59334.1968,16.590881,0.016260251,-0.06043194,16.476002,0.014
672211300016008,zr,59334.28711,16.377823,0.015636042,0.12644865,16.191,0.018
672311300009162,zi,59334.31352,16.581326,0.015913634,0.19501984,16.244,0.026
672111300009091,zg,59335.26052,16.482498,0.015823644,-0.05608764,16.476002,0.014
672111300009091,zg,59335.26146,16.454624,0.01572063,-0.060981598,16.476002,0.014
672211300016008,zr,59335.31388,16.208858,0.015104879,0.11481227,16.191,0.018
672211300016008,zr,59335.31481,16.190666,0.01505545,0.12610915,16.191,0.018
672111300009091,zg,59336.26298,16.462748,0.015750276,-0.07949947,16.476002,0.014
672211300016008,zr,59336.32246,16.198385,0.015076253,0.1127664,16.191,0.018
672211300016008,zr,59338.26078,16.344452,0.015520334,0.117048636,16.191,0.018
672211300016008,zr,59338.26171,16.285954,0.015330627,0.11185942,16.191,0.018
672111300009091,zg,59338.31044,16.63446,0.016452884,-0.06641697,16.476002,0.014
672111300009091,zg,59338.31138,16.618177,0.01637972,-0.07836572,16.476002,0.014
672111300009091,zg,59339.25161,16.570175,0.016172253,-0.0773646,16.476002,0.014
672111300009091,zg,59340.22739,16.697086,0.01674798,-0.054073617,16.476002,0.014
672111300009091,zg,59340.23003,16.724342,0.016883414,-0.08121248,16.476002,0.014
672211300016008,zr,59340.30309,16.46891,0.01598108,0.1208776,16.191,0.018
672211300016008,zr,59340.30403,16.449734,0.015904773,0.11811189,16.191,0.018
672211300016008,zr,59341.21457,16.37011,0.015608799,0.10687009,16.191,0.018
672111300009091,zg,59341.30486,16.643545,0.016494336,-0.09485094,16.476002,0.014
672211300016008,zr,59342.30586,16.519367,0.016191605,0.11323161,16.191,0.018
672211300016008,zr,59342.3068,16.49451,0.016086109,0.11560941,16.191,0.018
672111300009091,zg,59342.34546,16.73034,0.016913805,-0.092354305,16.476002,0.014
672111300009091,zg,59342.35697,16.7541,0.01703632,-0.082922116,16.476002,0.014
672111300009091,zg,59343.25752,16.71114,0.016817268,-0.072254024,16.476002,0.014
672211300016008,zr,59344.24519,16.516407,0.016178861,0.11146322,16.191,0.018
672211300016008,zr,59344.24613,16.52644,0.016222272,0.111388884,16.191,0.018
672111300009091,zg,59344.29019,16.778969,0.017168209,-0.079523645,16.476002,0.014
672111300009091,zg,59344.29162,16.77811,0.017163591,-0.07879837,16.476002,0.014
672111300009091,zg,59345.18016,16.757893,0.017056178,-0.08795045,16.476002,0.014
672211300016008,zr,59345.20053,16.502647,0.016120253,0.11400878,16.191,0.018
672111300009091,zg,59345.23833,16.727467,0.01689922,-0.05673539,16.476002,0.014
672211300016008,zr,59345.29123,16.473377,0.015999148,0.11001549,16.191,0.018
672211300016008,zr,59346.24567,16.356554,0.015561654,0.10572962,16.191,0.018
672211300016008,zr,59346.28405,16.386862,0.015668344,0.11620754,16.191,0.018
672211300016008,zr,59346.28499,16.34057,0.015507235,0.11725716,16.191,0.018
672111300009091,zg,59346.32042,16.660809,0.016574355,-0.063395545,16.476002,0.014
672111300009091,zg,59346.32182,16.672512,0.016629554,-0.072773345,16.476002,0.014
672111300009091,zg,59348.2583,16.717323,0.01684812,-0.08832825,16.476002,0.014
672111300009091,zg,59348.2676,16.742828,0.016977776,-0.08024108,16.476002,0.014
672311300009162,zi,59348.2858,16.71266,0.016598608,0.18775636,16.244,0.026
672211300016008,zr,59348.32295,16.522938,0.016207049,0.11145747,16.191,0.018
672211300016008,zr,59348.32388,16.469112,0.015981898,0.113738365,16.191,0.018
672111300009091,zg,59349.25133,16.721012,0.016866637,-0.08406811,16.476002,0.014
672211300016008,zr,59349.28286,16.46719,0.015974153,0.11771087,16.191,0.018
672211300016008,zr,59350.26416,16.39398,0.015694074,0.116491266,16.191,0.018
672211300016008,zr,59350.26508,16.38668,0.015667692,0.11807916,16.191,0.018
672111300009091,zg,59352.20828,16.663952,0.016589105,-0.054900132,16.476002,0.014
672211300016008,zr,59352.24317,16.378023,0.015636757,0.11876505,16.191,0.018
672211300016008,zr,59353.19538,16.487846,0.016058411,0.12186801,16.191,0.018
672111300009091,zg,59353.24972,16.729435,0.016909206,-0.047317427,16.476002,0.014
672311300009162,zi,59353.26308,16.754074,0.016837677,0.19472598,16.244,0.026
672211300016008,zr,59354.21899,16.44458,0.015884606,0.124939024,16.191,0.018
672211300016008,zr,59354.2415,16.41089,0.015756259,0.12061313,16.191,0.018
672111300009091,zg,59354.30415,16.648113,0.01651535,-0.024913283,16.476002,0.014
672111300009091,zg,59354.31016,16.605087,0.016321933,-0.014242203,16.476002,0.014
672211300016008,zr,59355.21515,16.530796,0.0162413,0.12998061,16.191,0.018
672111300009091,zg,59355.26472,16.807117,0.017322147,-0.040424496,16.476002,0.014
672111300009091,zg,59356.20076,16.69321,0.016729072,-0.05206849,16.476002,0.014
672111300009091,zg,59356.20319,16.68503,0.016689451,-0.04270251,16.476002,0.014
672211300016008,zr,59356.25818,16.459677,0.01594409,0.11532368,16.191,0.018
672211300016008,zr,59356.25912,16.47173,0.015992468,0.11754167,16.191,0.018
672311300009162,zi,59358.1969,16.660038,0.01631117,0.18351324,16.244,0.026
672111300009091,zg,59358.26256,16.609522,0.016341405,-0.04932928,16.476002,0.014
672211300016008,zr,59358.29724,16.371944,0.015615258,0.11651771,16.191,0.018
672211300016008,zr,59359.21935,16.387955,0.01567228,0.12906855,16.191,0.018
672211300016008,zr,59359.22029,16.358776,0.01556932,0.11237821,16.191,0.018
672111300009091,zg,59359.26187,16.572762,0.01618312,-0.040024757,16.476002,0.014
672111300009091,zg,59359.2647,16.626568,0.016417237,-0.017900007,16.476002,0.014
672211300016008,zr,59361.21962,16.45507,0.01592581,0.12228533,16.191,0.018
672111300009091,zg,59361.27809,16.66898,0.016612815,-0.06508953,16.476002,0.014
672111300009091,zg,59362.19359,16.648151,0.016515527,-0.07077954,16.476002,0.014
672111300009091,zg,59362.19451,16.66056,0.016573193,-0.06632737,16.476002,0.014
672211300016008,zr,59362.24012,16.417974,0.015782746,0.11759617,16.191,0.018
672211300016008,zr,59362.24105,16.365225,0.015591708,0.114759944,16.191,0.018
672211300016008,zr,59363.19402,16.467976,0.015977314,0.11432549,16.191,0.018
672111300009091,zg,59363.23998,16.72902,0.0169071,-0.08149993,16.476002,0.014
672211300016008,zr,59364.30771,16.43423,0.015844537,0.11827149,16.191,0.018
672211300016008,zr,59364.31393,16.47028,0.015986608,0.12121926,16.191,0.018
672111300009091,zg,59365.2904,16.619514,0.016385667,-0.075004295,16.476002,0.014
672211300016008,zr,59366.21465,16.486889,0.016054457,0.118520804,16.191,0.018
672211300016008,zr,59366.21559,16.479153,0.016022662,0.11882377,16.191,0.018
672111300009091,zg,59366.238,16.749683,0.017013283,-0.06079825,16.476002,0.014
672111300009091,zg,59366.23893,16.755177,0.017041944,-0.06497492,16.476002,0.014
672211300016008,zr,59367.22624,16.463778,0.01596046,0.1149288,16.191,0.018
672111300009091,zg,59367.24515,16.693893,0.016732398,-0.0766682,16.476002,0.014
672311300009162,zi,59367.32196,16.6753,0.0163927,0.19161204,16.244,0.026
672211300016008,zr,59368.21867,16.390263,0.015680606,0.11981403,16.191,0.018
672311300009162,zi,59370.19744,16.634695,0.01617903,0.1913309,16.244,0.026
672111300009091,zg,59370.22457,16.62659,0.01641734,-0.08241473,16.476002,0.014
672211300016008,zr,59370.26579,16.408169,0.015746154,0.12144478,16.191,0.018
672311300009162,zi,59373.20345,16.509485,0.015582775,0.19153985,16.244,0.026
672211300016008,zr,59375.216,16.51487,0.016172253,0.11931391,16.191,0.018
672111300009091,zg,59375.26332,16.730968,0.016917007,-0.06661475,16.476002,0.014
672311300009162,zi,59376.19481,16.72527,0.01667018,0.19483145,16.244,0.026
672111300009091,zg,59376.22447,16.740137,0.01696391,-0.06302729,16.476002,0.014
672111300009091,zg,59376.22541,16.748238,0.01700577,-0.072192855,16.476002,0.014
672211300016008,zr,59376.2595,16.499014,0.01610496,0.11872714,16.191,0.018
672211300016008,zr,59376.26044,16.489815,0.016066566,0.115348704,16.191,0.018
672211300016008,zr,59377.23862,16.420212,0.015791167,0.109191954,16.191,0.018
672111300009091,zg,59377.30647,16.685646,0.01669242,-0.046855006,16.476002,0.014
672111300009091,zg,59379.19477,16.56548,0.0161526,-0.064164154,16.476002,0.014
672111300009091,zg,59379.20286,16.562069,0.016138406,-0.064410724,16.476002,0.014
672211300016008,zr,59379.22368,16.296124,0.015362435,0.12269776,16.191,0.018
672211300016008,zr,59379.22462,16.276016,0.015300011,0.124645315,16.191,0.018
672311300009162,zi,59379.26781,16.49413,0.015515825,0.18979779,16.244,0.026
672211300016008,zr,59380.19683,16.40792,0.015745232,0.12749417,16.191,0.018
672211300016008,zr,59383.19718,16.397823,0.01570808,0.12053624,16.191,0.018
672111300009091,zg,59383.23997,16.655802,0.016550975,-0.021311393,16.476002,0.014
672311300009162,zi,59383.27733,16.64434,0.016228849,0.19247884,16.244,0.026
672111300009091,zg,59385.20414,16.749046,0.017009975,-0.034146234,16.476002,0.014
672111300009091,zg,59385.20508,16.757809,0.017055742,-0.04419064,16.476002,0.014
672211300016008,zr,59385.217,16.457043,0.01593362,0.122953385,16.191,0.018
672211300016008,zr,59385.21935,16.487514,0.016057046,0.11891033,16.191,0.018
672311300009162,zi,59386.24454,16.670605,0.01636746,0.19549794,16.244,0.026
672211300016008,zr,59387.19476,16.391106,0.015683655,0.1156288,16.191,0.018
672211300016008,zr,59387.19571,16.350018,0.01553925,0.12043687,16.191,0.018
672111300009091,zg,59387.30468,16.614674,0.016364163,-0.010583837,16.476002,0.014
672111300009091,zg,59390.20002,16.836483,0.017488128,-0.04314097,16.476002,0.014
672211300016008,zr,59390.30871,16.526999,0.016224701,0.12993892,16.191,0.018
672111300009091,zg,59391.2043,16.732058,0.016922547,-0.0348433,16.476002,0.014
672211300016008,zr,59391.26319,16.554182,0.016345356,0.12445469,16.191,0.018
672211300016008,zr,59392.19966,16.527643,0.016227514,0.11353338,16.191,0.018
672111300009091,zg,59392.21733,16.791403,0.017235596,-0.05375943,16.476002,0.014
672211300016008,zr,59393.19692,16.675226,0.01693728,0.119634256,16.191,0.018
672211300016008,zr,59393.19785,16.661057,0.016863184,0.12379568,16.191,0.018
672111300009091,zg,59393.30637,16.873184,0.01770351,-0.023996223,16.476002,0.014
672111300009091,zg,59393.30732,16.798717,0.01727569,-0.01799,16.476002,0.014
672211300016008,zr,59395.22371,16.494034,0.016084122,0.12843943,16.191,0.018
672211300016008,zr,59396.19364,16.507988,0.016142871,0.1184819,16.191,0.018
672111300009091,zg,59396.24504,16.736292,0.016944174,-0.04582806,16.476002,0.014
672211300016008,zr,59397.19416,16.53717,0.016269343,0.112070315,16.191,0.018
672211300016008,zr,59397.20193,16.550892,0.016330525,0.1166193,16.191,0.018
672111300009091,zg,59397.26529,16.734505,0.016935034,-0.0109989,16.476002,0.014
672111300009091,zg,59397.26624,16.702744,0.016775737,-0.008237584,16.476002,0.014
672311300009162,zi,59401.19293,16.883507,0.01766271,0.18928924,16.244,0.026
672111300009091,zg,59401.21579,16.792255,0.01724025,-0.054773167,16.476002,0.014
672211300016008,zr,59401.28035,16.599077,0.016554255,0.13163333,16.191,0.018
672111300009091,zg,59402.20285,16.781689,0.01718287,-0.050632183,16.476002,0.014
672211300016008,zr,59402.21498,16.56541,0.016396467,0.124493875,16.191,0.018
672211300016008,zr,59403.19389,16.43908,0.015863234,0.11947237,16.191,0.018
672111300009091,zg,59403.2665,16.640793,0.01648173,-0.0070378743,16.476002,0.014
672211300016008,zr,59430.16526,16.408722,0.015748203,0.124474205,16.191,0.018
672211300016008,zr,59430.16668,16.469288,0.015982604,0.122233674,16.191,0.018
672211300016008,zr,59430.16812,16.480343,0.016027534,0.12298646,16.191,0.018
672211300016008,zr,59430.16954,16.418373,0.015784249,0.13012452,16.191,0.018
672211300016008,zr,59430.17098,16.418743,0.015785636,0.11710894,16.191,0.018
672211300016008,zr,59434.16207,16.55081,0.016330155,0.12599859,16.191,0.018
672211300016008,zr,59434.16349,16.53526,0.016260909,0.1328298,16.191,0.018
672211300016008,zr,59434.16491,16.54263,0.016293548,0.12541541,16.191,0.018
672211300016008,zr,59434.16635,16.507345,0.01614014,0.12226686,16.191,0.018
672211300016008,zr,59434.16777,16.531887,0.01624608,0.12525606,16.191,0.018
672211300016008,zr,59435.1612,16.517881,0.016185196,0.12707023,16.191,0.018
672211300016008,zr,59435.16262,16.51612,0.01617763,0.12370394,16.191,0.018
672211300016008,zr,59435.16404,16.45488,0.015925055,0.12217941,16.191,0.018
672211300016008,zr,59435.16547,16.479807,0.016025338,0.12511118,16.191,0.018
672211300016008,zr,59435.1669,16.497446,0.016098382,0.11831947,16.191,0.018
672211300016008,zr,59436.1601,16.425411,0.015810842,0.11701154,16.191,0.018
672211300016008,zr,59436.16157,16.387514,0.015670689,0.12374109,16.191,0.018
672211300016008,zr,59436.1645,16.404385,0.01573216,0.1232975,16.191,0.018
672211300016008,zr,59438.15786,16.589643,0.01650935,0.11879433,16.191,0.018
672211300016008,zr,59438.15933,16.619884,0.016655264,0.12122062,16.191,0.018
672211300016008,zr,59438.16079,16.57636,0.016447026,0.11652229,16.191,0.018
672211300016008,zr,59438.16226,16.619741,0.016654562,0.1226641,16.191,0.018
672211300016008,zr,59438.16372,16.612312,0.016618196,0.12695123,16.191,0.018
672211300016008,zr,59444.14133,16.641457,0.016762853,0.14573672,16.191,0.018
672211300016008,zr,59444.14374,16.631994,0.016715292,0.13165161,16.191,0.018
672211300016008,zr,59444.14616,16.579885,0.01646346,0.12790023,16.191,0.018
672211300016008,zr,59444.14857,16.62601,0.016685518,0.14073786,16.191,0.018
672211300016008,zr,59444.15097,16.635174,0.016731208,0.120875455,16.191,0.018
672211300016008,zr,59446.13945,16.435307,0.015848678,0.11492518,16.191,0.018
672211300016008,zr,59448.13804,16.439526,0.015864966,0.14576666,16.191,0.018
672211300016008,zr,59448.14042,16.477367,0.016015375,0.11365876,16.191,0.018
672211300016008,zr,59448.14279,16.4569,0.015933052,0.13111448,16.191,0.018
672211300016008,zr,59448.14516,16.432808,0.015839076,0.14079352,16.191,0.018
672211300016008,zr,59448.14753,16.529745,0.01623669,0.12394691,16.191,0.018
672211300016008,zr,59449.13709,16.502106,0.016117971,0.113677256,16.191,0.018
672211300016008,zr,59449.13946,16.487217,0.016055813,0.13886061,16.191,0.018
672211300016008,zr,59449.14183,16.49525,0.016089194,0.12647869,16.191,0.018
672211300016008,zr,59449.14421,16.468199,0.015978219,0.13155988,16.191,0.018
672211300016008,zr,59449.14658,16.494907,0.01608776,0.14167346,16.191,0.018
672211300016008,zr,59451.13514,16.53841,0.016274827,0.1321362,16.191,0.018
672211300016008,zr,59451.13752,16.511219,0.016156636,0.14867263,16.191,0.018
672211300016008,zr,59451.13988,16.519508,0.01619221,0.13278688,16.191,0.018
672211300016008,zr,59451.14225,16.51371,0.016167285,0.1431247,16.191,0.018
672211300016008,zr,59451.14463,16.500896,0.016112873,0.1384425,16.191,0.018
672211300016008,zr,59453.1318,16.490501,0.016069414,0.12417477,16.191,0.018
672211300016008,zr,59453.13417,16.45092,0.015909435,0.124047175,16.191,0.018
672211300016008,zr,59453.13656,16.540474,0.016283968,0.12260143,16.191,0.018
672211300016008,zr,59453.13894,16.536644,0.016267022,0.13710453,16.191,0.018
672211300016008,zr,59453.14133,16.545105,0.016304586,0.13846065,16.191,0.018
672211300016008,zr,59454.13082,16.60422,0.016578969,0.13296267,16.191,0.018
672211300016008,zr,59454.1332,16.618698,0.016649436,0.13650493,16.191,0.018
672211300016008,zr,59454.13559,16.635372,0.016732208,0.121152885,16.191,0.018
672211300016008,zr,59454.13797,16.60292,0.01657271,0.1288633,16.191,0.018
672211300016008,zr,59454.14035,16.60234,0.016569922,0.12942961,16.191,0.018
672211300016008,zr,59455.12982,16.380703,0.015646292,0.11386265,16.191,0.018
672211300016008,zr,59455.13223,16.378807,0.015639538,0.11216635,16.191,0.018
672211300016008,zr,59455.13464,16.38946,0.015677704,0.13119526,16.191,0.018
672211300016008,zr,59455.13703,16.400276,0.015717056,0.1166331,16.191,0.018
672211300016008,zr,59455.13943,16.39843,0.015710296,0.13925742,16.191,0.018
672211300016008,zr,59512.51801,16.494987,0.0160881,0.12246342,16.191,0.018
672211300016008,zr,59512.52055,16.481485,0.016032213,0.12448354,16.191,0.018
672211300016008,zr,59512.52311,16.49162,0.016074061,0.11632033,16.191,0.018
672211300016008,zr,59512.52566,16.510868,0.016155135,0.12102966,16.191,0.018
672211300016008,zr,59512.52822,16.48967,0.01606597,0.12086415,16.191,0.018
672111300009091,zg,59527.49261,16.589308,0.016253488,-0.051092733,16.476002,0.014
672111300009091,zg,59531.48377,16.387957,0.015488751,-0.053429082,16.476002,0.014
672311300009162,zi,59531.51198,16.246706,0.014603029,0.18491814,16.244,0.026
672211300016008,zr,59536.50485,16.346725,0.015528044,0.120415136,16.191,0.018
672111300009091,zg,59550.47579,16.333784,0.015314721,-0.06598947,16.476002,0.014
672211300016008,zr,59550.53054,16.412317,0.015761573,0.11648376,16.191,0.018
1714203300013954,zr,59622.4175,16.360878,0.015119905,0.09850648,16.228,0.016
672111300009091,zg,59623.32309,16.58023,0.016214712,-0.055309497,16.476002,0.014
672211300016008,zr,59623.37844,16.297726,0.015367493,0.11086694,16.191,0.018
672311300009162,zi,59624.45591,16.428871,0.015245443,0.18825436,16.244,0.026
672111300009091,zg,59625.24162,16.41816,0.015591321,-0.033318408,16.476002,0.014
672211300016008,zr,59625.29311,16.24385,0.015204027,0.12374807,16.191,0.018
672311300009162,zi,59627.43441,16.26128,0.014648748,0.19334309,16.244,0.026
672111300009091,zg,59628.3691,16.44178,0.015674388,-0.060565356,16.476002,0.014
672211300016008,zr,59628.41906,16.172043,0.015006322,0.12579681,16.191,0.018
672311300009162,zi,59630.35229,16.346245,0.014934447,0.18727267,16.244,0.026
672111300009091,zg,59630.41205,16.41174,0.0155691765,-0.06358209,16.476002,0.014
672311300009162,zi,59636.37887,16.400028,0.015133015,0.18624038,16.244,0.026
672111300009091,zg,59637.3647,16.568111,0.016163599,-0.08248542,16.476002,0.014
672211300016008,zr,59639.30277,16.21484,0.015121446,0.11995581,16.191,0.018
672111300009091,zg,59639.33192,16.47982,0.015813584,-0.068187185,16.476002,0.014
672311300009162,zi,59639.37619,16.419361,0.015207909,0.20980567,16.244,0.026
672211300016008,zr,59671.32332,16.115654,0.014866382,0.11901333,16.191,0.018
672111300009091,zg,59671.4202,16.407745,0.015555496,-0.085342914,16.476002,0.014
672111300009091,zg,59671.42471,16.429535,0.015631007,-0.1029155,16.476002,0.014
672111300009091,zg,59671.45196,16.374191,0.015443333,-0.092807665,16.476002,0.014
672111300009091,zg,59672.3079,16.532986,0.016019717,-0.08928411,16.476002,0.014
672211300016008,zr,59673.31064,16.141064,0.014927826,0.11776588,16.191,0.018
672111300009091,zg,59673.33629,16.439022,0.015664555,-0.06964099,16.476002,0.014
672111300009091,zg,59673.34312,16.457348,0.015730534,-0.07837362,16.476002,0.014
672111300009091,zg,59674.38394,16.386812,0.015484945,-0.095638685,16.476002,0.014
672111300009091,zg,59674.3854,16.377468,0.015454071,-0.09245339,16.476002,0.014
672111300009091,zg,59674.42153,16.339188,0.015331521,-0.059591696,16.476002,0.014
672211300016008,zr,59674.45116,16.069437,0.014761212,0.122810364,16.191,0.018
672211300016008,zr,59674.46332,16.072586,0.014768117,0.12288786,16.191,0.018
672111300009091,zg,59675.16802,16.379646,0.0154612325,-0.065388285,16.476002,0.014
672111300009091,zg,59675.36706,16.331345,0.01530718,-0.085677646,16.476002,0.014
672111300009091,zg,59676.33608,16.336502,0.015323156,-0.047704086,16.476002,0.014
672211300016008,zr,59676.36434,16.029676,0.014677322,0.13204227,16.191,0.018
672211300016008,zr,59676.3653,16.048962,0.014717269,0.13075536,16.191,0.018
672111300009091,zg,59676.38955,16.307457,0.015234609,-0.059229676,16.476002,0.014
672111300009091,zg,59676.39051,16.332825,0.015311756,-0.0409187,16.476002,0.014
672211300016008,zr,59676.45438,16.035717,0.014689688,0.12694028,16.191,0.018
672211300016008,zr,59677.16506,16.046211,0.014711485,0.1288168,16.191,0.018
672111300009091,zg,59677.24189,16.333092,0.015312582,-0.053773735,16.476002,0.014
672111300009091,zg,59677.32356,16.335878,0.015321218,-0.062576756,16.476002,0.014
672211300016008,zr,59677.38908,16.001059,0.014620583,0.12085467,16.191,0.018
672111300009091,zg,59678.1895,16.490286,0.01585308,-0.05135883,16.476002,0.014
672111300009091,zg,59678.34767,16.434687,0.015649179,-0.06965148,16.476002,0.014
672111300009091,zg,59678.34863,16.420671,0.015600032,-0.065544344,16.476002,0.014
672111300009091,zg,59679.16375,16.5158,0.015951576,-0.061509807,16.476002,0.014
672211300016008,zr,59679.25053,16.224522,0.0151485875,0.12091269,16.191,0.018
672111300009091,zg,59682.19455,16.576012,0.016196834,-0.068386964,16.476002,0.014
672311300009162,zi,59682.25471,16.50875,0.015579542,0.1898884,16.244,0.026
672211300016008,zr,59682.36495,16.327469,0.015463566,0.12174558,16.191,0.018
672111300009091,zg,59682.40737,16.60149,0.016306212,-0.06801081,16.476002,0.014
672111300009091,zg,59683.26068,16.613865,0.016360579,-0.042040747,16.476002,0.014
672211300016008,zr,59683.41925,16.294525,0.0153574115,0.11450218,16.191,0.018
672111300009091,zg,59683.45253,16.526,0.015991837,-0.023878412,16.476002,0.014
672111300009091,zg,59684.31439,16.443384,0.015680125,-0.056416288,16.476002,0.014
672211300016008,zr,59684.34659,16.181396,0.0150308125,0.11965048,16.191,0.018
1714203300013954,zr,59685.26121,16.232433,0.014667094,0.1001863,16.228,0.016
672311300009162,zi,59687.32384,16.278637,0.014704426,0.19555455,16.244,0.026
672211300016008,zr,59687.36398,16.103218,0.014837258,0.12191934,16.191,0.018
672211300016008,zr,59689.27294,16.074694,0.014772757,0.12203802,16.191,0.018
672111300009091,zg,59689.30644,16.32545,0.015289055,-0.025707582,16.476002,0.014
672311300009162,zi,59690.38379,16.245892,0.014600503,0.1954752,16.244,0.026
672211300016008,zr,59693.2897,16.008602,0.014635249,0.12881768,16.191,0.018
672111300009091,zg,59693.3465,16.310272,0.015243036,-0.06713998,16.476002,0.014
672311300009162,zi,59694.22711,16.238693,0.014578288,0.18741636,16.244,0.026
672111300009091,zg,59697.2712,16.387726,0.015487982,-0.085176826,16.476002,0.014
672211300016008,zr,59697.33087,16.077272,0.014778456,0.1072753,16.191,0.018
672211300016008,zr,59699.30781,16.094824,0.014817945,0.11212495,16.191,0.018
672111300009091,zg,59699.3902,16.422829,0.015607534,-0.057660062,16.476002,0.014
672111300009091,zg,59701.3044,16.57365,0.016186865,-0.07855993,16.476002,0.014
672111300009091,zg,59701.35199,16.51415,0.01594511,-0.086297736,16.476002,0.014
672211300016008,zr,59707.24854,16.068386,0.014758917,0.11973765,16.191,0.018
672211300016008,zr,59707.26251,16.075054,0.014773551,0.12545153,16.191,0.018
672211300016008,zr,59708.17609,16.11129,0.014856094,0.12583764,16.191,0.018
672211300016008,zr,59709.21182,16.109165,0.014851106,0.12789223,16.191,0.018
672211300016008,zr,59709.27799,16.126816,0.014893051,0.12624751,16.191,0.018
672211300016008,zr,59709.30636,16.191353,0.015057292,0.11882866,16.191,0.018
672111300009091,zg,59711.2071,16.357311,0.015388763,-0.04069007,16.476002,0.014
672211300016008,zr,59711.27914,16.06576,0.014753202,0.124468796,16.191,0.018
672211300016008,zr,59713.26072,16.075693,0.0147749605,0.13331176,16.191,0.018
672311300009162,zi,59713.36658,16.305546,0.014793433,0.18757842,16.244,0.026
672211300016008,zr,59715.19449,16.147045,0.014942668,0.120878816,16.191,0.018
672111300009091,zg,59715.23764,16.395485,0.015513939,-0.042524364,16.476002,0.014
672211300016008,zr,59718.20796,16.013498,0.014644876,0.12996076,16.191,0.018
672111300009091,zg,59722.24884,16.418356,0.015591996,-0.06856308,16.476002,0.014
672111300009091,zg,59722.26022,16.43542,0.015651768,-0.065859534,16.476002,0.014
672111300009091,zg,59724.21772,16.607553,0.01633275,-0.051433172,16.476002,0.014
672111300009091,zg,59730.20297,16.60738,0.016331984,-0.06773358,16.476002,0.014
672111300009091,zg,59732.18877,16.538399,0.016041487,-0.063055634,16.476002,0.014
672111300009091,zg,59734.20596,16.478073,0.015807044,-0.054055255,16.476002,0.014
672211300016008,zr,59734.22578,16.173756,0.01501078,0.11402921,16.191,0.018
672111300009091,zg,59736.25756,16.377754,0.015455011,-0.059927937,16.476002,0.014
672111300009091,zg,59738.19886,16.490849,0.01585522,-0.03463281,16.476002,0.014
672211300016008,zr,59738.2573,16.125713,0.014890394,0.11914582,16.191,0.018
672211300016008,zr,59740.19347,16.26519,0.01526718,0.12409499,16.191,0.018
672111300009091,zg,59740.24368,16.440792,0.015670862,-0.040869173,16.476002,0.014
672211300016008,zr,59742.23889,16.096054,0.014820758,0.13531382,16.191,0.018
672111300009091,zg,59742.29721,16.361252,0.015401394,-0.041906588,16.476002,0.014
672311300009162,zi,59743.25024,16.434958,0.015269715,0.1923355,16.244,0.026
672111300009091,zg,59747.30272,16.524158,0.015984533,-0.016091568,16.476002,0.014
672311300009162,zi,59748.20728,16.383278,0.015069649,0.19756198,16.244,0.026
672211300016008,zr,59749.18743,16.136074,0.01491555,0.121927716,16.191,0.018
672111300009091,zg,59749.23687,16.420359,0.0155989425,-0.062116686,16.476002,0.014
672211300016008,zr,59751.25655,16.119364,0.014875191,0.12753808,16.191,0.018
672111300009091,zg,59753.237,16.456642,0.015727965,-0.057858117,16.476002,0.014
672211300016008,zr,59794.16544,16.4073,0.015742935,0.12951772,16.191,0.018
672211300016008,zr,59794.1669,16.369274,0.01560587,0.124088876,16.191,0.018
672211300016008,zr,59794.16837,16.33466,0.015487434,0.12566051,16.191,0.018
672211300016008,zr,59794.16983,16.344875,0.0155217685,0.12840495,16.191,0.018
672211300016008,zr,59794.1713,16.36365,0.015586218,0.12729606,16.191,0.018
672211300016008,zr,59797.1639,16.330761,0.015474457,0.12042869,16.191,0.018
672211300016008,zr,59797.16532,16.336014,0.015491955,0.12609623,16.191,0.018
672211300016008,zr,59797.16676,16.344799,0.015521509,0.11808353,16.191,0.018
672211300016008,zr,59797.16818,16.319176,0.015436355,0.12172294,16.191,0.018
672211300016008,zr,59798.1631,16.25403,0.015233895,0.120565824,16.191,0.018
672211300016008,zr,59798.1688,16.209381,0.015106322,0.12654763,16.191,0.018
672211300016008,zr,59801.16305,16.461815,0.015952613,0.13085306,16.191,0.018
672211300016008,zr,59801.16451,16.506802,0.016137835,0.13023086,16.191,0.018
672211300016008,zr,59801.16598,16.415756,0.015774427,0.13010554,16.191,0.018
672211300016008,zr,59802.15897,16.386303,0.01566633,0.12893757,16.191,0.018
672211300016008,zr,59802.16044,16.394356,0.015695445,0.11429335,16.191,0.018
672211300016008,zr,59802.16189,16.374496,0.015624256,0.11977906,16.191,0.018
672211300016008,zr,59803.16073,16.344318,0.015519883,0.13426639,16.191,0.018
672211300016008,zr,59803.16219,16.32722,0.015462751,0.12527363,16.191,0.018
672211300016008,zr,59810.14061,16.17419,0.015011915,0.13401365,16.191,0.018
672211300016008,zr,59810.14303,16.166742,0.0149926115,0.12172536,16.191,0.018
672211300016008,zr,59810.14544,16.15387,0.01495979,0.14100814,16.191,0.018
672211300016008,zr,59810.14786,16.181147,0.015030155,0.12194631,16.191,0.018
672211300016008,zr,59810.15026,16.138275,0.014920955,0.12552795,16.191,0.018
672211300016008,zr,59812.1392,16.472603,0.015996007,0.13020425,16.191,0.018
672211300016008,zr,59812.14158,16.408882,0.015748793,0.12856431,16.191,0.018
672211300016008,zr,59812.14395,16.387094,0.015669176,0.13552476,16.191,0.018
672211300016008,zr,59812.14632,16.42027,0.015791396,0.12595066,16.191,0.018
672211300016008,zr,59813.13826,16.475336,0.016007105,0.12109491,16.191,0.018
672211300016008,zr,59813.14063,16.484165,0.016043225,0.12805383,16.191,0.018
672211300016008,zr,59813.14302,16.468872,0.015980922,0.11989569,16.191,0.018
672211300016008,zr,59813.14539,16.417755,0.015781924,0.12762456,16.191,0.018
672211300016008,zr,59813.14776,16.467113,0.015973844,0.11962745,16.191,0.018
672211300016008,zr,59817.13678,16.47988,0.016025634,0.124136016,16.191,0.018
672211300016008,zr,59817.13916,16.446548,0.015892293,0.12237046,16.191,0.018
672211300016008,zr,59817.14153,16.493473,0.016081778,0.12856808,16.191,0.018
672211300016008,zr,59817.1439,16.480663,0.016028851,0.12779753,16.191,0.018
672211300016008,zr,59818.13442,16.393896,0.015693773,0.1370881,16.191,0.018
672211300016008,zr,59818.13681,16.459148,0.015941989,0.13010627,16.191,0.018
672211300016008,zr,59818.13918,16.401363,0.015721045,0.12750433,16.191,0.018
672211300016008,zr,59818.14156,16.364693,0.015589848,0.13077588,16.191,0.018
672211300016008,zr,59819.13344,16.4868,0.016054088,0.13369101,16.191,0.018
672211300016008,zr,59819.13582,16.404942,0.015734216,0.13311955,16.191,0.018
672211300016008,zr,59819.13821,16.390919,0.015682979,0.1262244,16.191,0.018
672211300016008,zr,59819.1406,16.43824,0.015859988,0.1252004,16.191,0.018
672211300016008,zr,59820.13489,16.378769,0.015639402,0.14120717,16.191,0.018
672211300016008,zr,59822.13292,16.359852,0.015573042,0.13883312,16.191,0.018
672211300016008,zr,59822.13531,16.409897,0.01575256,0.13446073,16.191,0.018
672211300016008,zr,59822.13773,16.415363,0.015772954,0.13015977,16.191,0.018
672211300016008,zr,59876.52024,16.243492,0.015202981,0.122121476,16.191,0.018
672211300016008,zr,59876.52272,16.263763,0.015262892,0.124430224,16.191,0.018
672211300016008,zr,59876.52519,16.270468,0.015283118,0.11582852,16.191,0.018
672211300016008,zr,59876.52767,16.315735,0.015425163,0.11146105,16.191,0.018
672211300016008,zr,59877.51988,16.236742,0.015183445,0.11905655,16.191,0.018
672211300016008,zr,59877.52754,16.243801,0.015203879,0.12710348,16.191,0.018
672211300016008,zr,59878.51769,16.305222,0.015391308,0.11788436,16.191,0.018
672211300016008,zr,59878.52025,16.339184,0.015502576,0.11956043,16.191,0.018
672211300016008,zr,59878.52279,16.356598,0.015561806,0.1188367,16.191,0.018
672211300016008,zr,59878.52535,16.311983,0.015413016,0.11903606,16.191,0.018
672211300016008,zr,59878.5279,16.350586,0.01554119,0.115716904,16.191,0.018
672111300009091,zg,59897.49075,16.499485,0.015888225,-0.042090982,16.476002,0.014
672311300009162,zi,59897.51126,16.41338,0.015184535,0.18779032,16.244,0.026
672211300016008,zr,59909.44922,16.235992,0.015181286,0.11473071,16.191,0.018
672111300009091,zg,59909.48447,16.597206,0.016287586,-0.061347134,16.476002,0.014
672311300009162,zi,59914.44483,16.636482,0.016188217,0.19107142,16.244,0.026
672111300009091,zg,59914.48632,16.637653,0.016467396,-0.06017594,16.476002,0.014
672111300009091,zg,59923.43234,16.692932,0.016727723,-0.050053068,16.476002,0.014
672211300016008,zr,59923.49433,16.302853,0.015383752,0.1340617,16.191,0.018
672111300009091,zg,59930.49906,16.596798,0.01628581,-0.03329326,16.476002,0.014
672211300016008,zr,59930.51277,16.316875,0.015428863,0.12140245,16.191,0.018
672111300009091,zg,59935.45377,16.736183,0.016943619,-0.04370456,16.476002,0.014
672111300009091,zg,59937.4972,16.770573,0.017123254,-0.06060835,16.476002,0.014
672211300016008,zr,59937.51034,16.495834,0.016091637,0.11721804,16.191,0.018
1714103300002371,zg,59951.417,16.81611,0.01826702,-0.0898688,16.446001,0.015
672111300009091,zg,59957.45647,16.82331,0.017412985,-0.036808055,16.476002,0.014
672211300016008,zr,59957.47065,16.448854,0.01590132,0.123212405,16.191,0.018
672211300016008,zr,59967.4298,16.464397,0.015962945,0.13465972,16.191,0.018
672311300009162,zi,59967.45566,16.692112,0.01648424,0.18783496,16.244,0.026
672111300009091,zg,59969.39584,16.717922,0.016851125,-0.059489165,16.476002,0.014
672311300009162,zi,59970.42998,16.589296,0.015952187,0.17203096,16.244,0.026
672111300009091,zg,59971.39559,16.828352,0.017441608,-0.071037434,16.476002,0.014
672211300016008,zr,59977.37935,16.542118,0.016291277,0.12483608,16.191,0.018
672111300009091,zg,59977.48633,16.816223,0.017373022,-0.045472626,16.476002,0.014
672111300009091,zg,59979.2791,16.749813,0.01701396,-0.034817714,16.476002,0.014
672111300009091,zg,59979.35265,16.793257,0.017245725,-0.03937949,16.476002,0.014
672211300016008,zr,59979.4778,16.492754,0.016078783,0.11512699,16.191,0.018
672111300009091,zg,59980.26927,16.730667,0.016915472,-0.041508146,16.476002,0.014
672111300009091,zg,59980.4125,16.76081,0.017071528,-0.026660096,16.476002,0.014
672211300016008,zr,59980.43224,16.496191,0.016093127,0.11939176,16.191,0.018
672111300009091,zg,59984.23974,16.67853,0.016658235,-0.040307157,16.476002,0.014
672211300016008,zr,59985.28872,16.352028,0.015546115,0.12603678,16.191,0.018
672111300009091,zg,59985.34212,16.678675,0.016658932,-0.026396006,16.476002,0.014
672211300016008,zr,59985.41351,16.392439,0.015688488,0.12451451,16.191,0.018
672111300009091,zg,59985.43915,16.683477,0.016681967,-0.028475082,16.476002,0.014
672111300009091,zg,59985.50799,16.701492,0.016769579,-0.03010659,16.476002,0.014
672111300009091,zg,59987.34628,16.736464,0.016945053,-0.04331956,16.476002,0.014
672211300016008,zr,59987.40524,16.409939,0.015752722,0.120037064,16.191,0.018
672211300016008,zr,59993.36807,16.540749,0.01628519,0.11776031,16.191,0.018
672311300009162,zi,60016.37774,16.805733,0.017152434,0.19014247,16.244,0.026
672211300016008,zr,60016.4284,16.511961,0.016159805,0.12556462,16.191,0.018
672111300009091,zg,60020.50437,16.622036,0.016396929,-0.04228489,16.476002,0.014
672111300009091,zg,60021.27971,16.726732,0.0168955,-0.055216547,16.476002,0.014
672211300016008,zr,60021.45206,16.376053,0.015629763,0.11198133,16.191,0.018
672111300009091,zg,60029.38805,16.692242,0.01672436,-0.053002417,16.476002,0.014
672111300009091,zg,60029.40006,16.714596,0.016834484,-0.038047336,16.476002,0.014
672111300009091,zg,60030.45077,16.77142,0.01712777,-0.04857113,16.476002,0.014
672111300009091,zg,60031.21938,16.672459,0.016629297,-0.054508775,16.476002,0.014
672111300009091,zg,60032.15859,16.706772,0.016795611,-0.037028793,16.476002,0.014
672111300009091,zg,60032.30614,16.689278,0.016709976,-0.05078736,16.476002,0.014
672111300009091,zg,60032.46846,16.670094,0.016618082,-0.039718453,16.476002,0.014
672211300016008,zr,60036.2404,16.32619,0.015459352,0.12301157,16.191,0.018
672111300009091,zg,60036.30159,16.613895,0.016360715,-0.020434173,16.476002,0.014
672211300016008,zr,60042.31237,16.489807,0.016066538,0.11712443,16.191,0.018
672111300009091,zg,60042.38338,16.78788,0.017216407,-0.036181953,16.476002,0.014
672111300009091,zg,60043.28154,16.756683,0.017049836,-0.018607695,16.476002,0.014
672111300009091,zg,60043.38401,16.852495,0.017580993,-0.031767208,16.476002,0.014
672111300009091,zg,60044.3439,16.789223,0.01722371,-0.034458056,16.476002,0.014
672111300009091,zg,60045.33398,16.738573,0.016955873,-0.0441665,16.476002,0.014
672111300009091,zg,60045.36273,16.766003,0.017098973,-0.047735,16.476002,0.014
672111300009091,zg,60046.21657,16.814594,0.017363882,-0.08194878,16.476002,0.014
1714103300002371,zg,60046.24918,16.808392,0.018222881,-0.095684074,16.446001,0.015
672111300009091,zg,60046.25935,16.741135,0.016969046,-0.06719509,16.476002,0.014
672111300009091,zg,60046.2829,16.783958,0.017195133,-0.052977365,16.476002,0.014
672111300009091,zg,60050.35339,16.757393,0.01705356,-0.05396815,16.476002,0.014
672111300009091,zg,60052.34506,16.805584,0.017313635,-0.058430523,16.476002,0.014
672111300009091,zg,60054.34985,16.749313,0.017011363,-0.040868163,16.476002,0.014
672111300009091,zg,60058.32581,16.612522,0.016354643,-0.06504657,16.476002,0.014
1714203300013954,zr,60059.2905,16.484692,0.015638296,0.1046024,16.228,0.016
672111300009091,zg,60060.39564,16.609406,0.016340889,-0.040041503,16.476002,0.014
672111300009091,zg,60062.43323,16.72707,0.016897209,-0.036083214,16.476002,0.014
672111300009091,zg,60064.25638,16.71556,0.01683931,-0.024649609,16.476002,0.014
672111300009091,zg,60067.28624,16.773262,0.017137606,-0.03742915,16.476002,0.014
672111300009091,zg,60076.28629,16.745827,0.016993271,-0.058173835,16.476002,0.014
672111300009091,zg,60078.32341,16.622677,0.01639979,-0.06113739,16.476002,0.014
672111300009091,zg,60080.26885,16.649435,0.016521454,-0.051710293,16.476002,0.014
672111300009091,zg,60086.22121,16.668692,0.01661145,-0.052933265,16.476002,0.014
672111300009091,zg,60086.27173,16.668674,0.016611371,-0.059547797,16.476002,0.014
672111300009091,zg,60088.27998,16.689945,0.016713211,-0.0568178,16.476002,0.014
672211300016008,zr,60090.20064,16.456161,0.015930127,0.12973067,16.191,0.018
672111300009091,zg,60092.37097,16.722038,0.016871804,-0.016098924,16.476002,0.014
672111300009091,zg,60098.20839,16.579842,0.016213054,-0.018919036,16.476002,0.014
672111300009091,zg,60105.22029,16.515995,0.015952341,-0.071854785,16.476002,0.014
672111300009091,zg,60109.22553,16.6758,0.016645197,-0.068714865,16.476002,0.014
672111300009091,zg,60111.24687,16.604183,0.016317979,-0.061968915,16.476002,0.014
672111300009091,zg,60113.25916,16.58364,0.01622922,-0.04348054,16.476002,0.014
672111300009091,zg,60115.24082,16.712364,0.01682336,-0.0575566,16.476002,0.014
672111300009091,zg,60117.26205,16.631832,0.016440976,-0.047582604,16.476002,0.014
672111300009091,zg,60124.25901,16.574556,0.016190685,-0.016068673,16.476002,0.014
672111300009091,zg,60126.20102,16.655823,0.016551074,-0.016763894,16.476002,0.014
672111300009091,zg,60128.20248,16.830406,0.017453318,-0.047343895,16.476002,0.014
672211300016008,zr,60241.52184,16.441153,0.015871275,0.11103261,16.191,0.018
672111300009091,zg,60257.47911,16.514347,0.015945883,-0.054288335,16.476002,0.014
672111300009091,zg,60287.52124,16.71023,0.016812751,-0.06854794,16.476002,0.014
672111300009091,zg,60291.47688,16.723724,0.0168803,-0.082083955,16.476002,0.014
672111300009091,zg,60311.50081,16.847933,0.017554363,-0.043853134,16.476002,0.014
672111300009091,zg,60315.45403,16.826637,0.017431857,-0.057841025,16.476002,0.014
672111300009091,zg,60323.44382,16.79853,0.01727466,-0.054311484,16.476002,0.014
672111300009091,zg,60341.42826,16.683271,0.016680984,-0.054852325,16.476002,0.014
672111300009091,zg,60353.39079,16.774845,0.017146075,-0.076138936,16.476002,0.014
672111300009091,zg,60355.41462,16.730898,0.01691665,-0.062064953,16.476002,0.014
672111300009091,zg,60374.43011,16.825996,0.017428212,-0.077142745,16.476002,0.014
672111300009091,zg,60390.41162,16.868332,0.017674522,-0.04789863,16.476002,0.014
672111300009091,zg,60392.41258,16.913557,0.017950969,-0.039997358,16.476002,0.014
672111300009091,zg,60418.22638,16.894054,0.01783003,-0.05088889,16.476002,0.014
672111300009091,zg,60422.2355,16.895432,0.01783848,-0.03690159,16.476002,0.014
672111300009091,zg,60424.29137,16.919136,0.017986054,-0.030815104,16.476002,0.014
672111300009091,zg,60444.22291,16.867718,0.017670857,-0.04393926,16.476002,0.014
672111300009091,zg,60446.22719,16.807848,0.01732621,-0.019571269,16.476002,0.014
672111300009091,zg,60448.2181,16.82525,0.017423976,-0.007363941,16.476002,0.014
672111300009091,zg,60450.30313,16.872593,0.017699968,-0.059328713,16.476002,0.014
672111300009091,zg,60475.20685,16.883442,0.017765326,-0.044074446,16.476002,0.014
