oid,filter,mjd,mag,magerr,clrcoeff,ref,ref_err
755104300001578,zg,58202.3006,14.109428,0.0156288,-0.037034873,14.152,0.042
755104300001578,zg,58202.33164,14.092565,0.015637467,-0.03442402,14.152,0.042
754101400005929,zg,58202.33495,14.150571,0.012988075,-0.04702629,14.188001,0.035
754101400005929,zg,58205.29093,14.214848,0.0129110105,-0.04100549,14.188001,0.035
755104300001578,zg,58205.2983,14.180573,0.015594088,-0.04279939,14.152,0.042
754101400005929,zg,58205.31514,14.2079115,0.012919151,-0.048142172,14.188001,0.035
755104300001578,zg,58205.335,14.252762,0.015562075,-0.048572257,14.152,0.042
754101400005929,zg,58206.28444,14.219174,0.012905955,-0.06386844,14.188001,0.035
755104300001578,zg,58206.33668,14.221403,0.01557557,-0.06907505,14.152,0.042
755104300001578,zg,58208.30637,14.15113,0.015608085,-0.011492566,14.152,0.042
754201400009034,zr,58216.23732,13.477542,0.014064432,0.109904215,13.648999,0.039
755204300010795,zr,58216.2513,13.474999,0.014996901,0.113084204,13.648,0.048
754101400005929,zg,58216.25973,14.064868,0.013096234,-0.02300699,14.188001,0.035
755104300001578,zg,58216.27407,14.032388,0.015669696,-0.017010618,14.152,0.042
754201400009034,zr,58217.23638,13.495527,0.014037796,0.10518619,13.648999,0.039
755204300010795,zr,58217.29456,13.352806,0.0151709225,0.113696985,13.648,0.048
755204300010795,zr,58217.29691,13.434777,0.015053549,0.11745421,13.648,0.048
754201400009034,zr,58218.25187,13.43746,0.014124321,0.11150287,13.648999,0.039
754201400009034,zr,58218.25278,13.487801,0.01404922,0.11043942,13.648999,0.039
755204300010795,zr,58218.25513,13.470836,0.015002735,0.10806187,13.648,0.048
754201400009034,zr,58218.27293,13.448495,0.01410776,0.112048395,13.648999,0.039
755204300010795,zr,58218.29244,13.427658,0.015063641,0.118329905,13.648,0.048
755204300010795,zr,58218.298,13.408221,0.015091296,0.12136214,13.648,0.048
754201400009034,zr,58218.29891,13.455285,0.014097597,0.11395181,13.648999,0.039
754201400009034,zr,58218.30034,13.421657,0.01414813,0.11855985,13.648999,0.039
755204300010795,zr,58219.22404,13.444188,0.0150402365,0.11460712,13.648,0.048
754201400009034,zr,58219.23131,13.476627,0.014065791,0.11050759,13.648999,0.039
754201400009034,zr,58219.23459,13.5333,0.013982346,0.118997596,13.648999,0.039
755204300010795,zr,58219.23552,13.445199,0.015038809,0.120461,13.648,0.048
754201400009034,zr,58219.25711,13.51189,0.014013693,0.11289984,13.648999,0.039
755204300010795,zr,58219.2728,13.423374,0.015069724,0.12068609,13.648,0.048
755204300010795,zr,58222.2737,13.476508,0.014994787,0.12760201,13.648,0.048
755204300010795,zr,58222.277,13.483401,0.014985148,0.124770544,13.648,0.048
754201400009034,zr,58224.23119,13.488514,0.014048165,0.114500254,13.648999,0.039
755204300010795,zr,58224.24587,13.489711,0.014976342,0.11241482,13.648,0.048
754201400009034,zr,58224.24682,13.472194,0.014072381,0.11080023,13.648999,0.039
754201400009034,zr,58224.25019,13.465646,0.014082131,0.118750565,13.648999,0.039
755204300010795,zr,58224.25753,13.453267,0.015027427,0.11623813,13.648,0.048
755204300010795,zr,58224.25894,13.485252,0.014982564,0.11568329,13.648,0.048
755204300010795,zr,58224.29309,13.460135,0.015017758,0.119159415,13.648,0.048
755204300010795,zr,58224.29401,13.488536,0.01497798,0.12882988,13.648,0.048
754201400009034,zr,58226.26572,13.503856,0.014025512,0.10924327,13.648999,0.039
755204300010795,zr,58226.26994,13.466475,0.015008853,0.10999687,13.648,0.048
754201400009034,zr,58227.25999,13.498068,0.014034044,0.11120056,13.648999,0.039
754201400009034,zr,58227.26182,13.513829,0.014010846,0.11334111,13.648999,0.039
755204300010795,zr,58227.26465,13.498388,0.014964259,0.11312723,13.648,0.048
755204300010795,zr,58227.26556,13.519011,0.014935667,0.12650178,13.648,0.048
755104300001578,zg,58229.27747,14.174575,0.015596896,-0.08004357,14.152,0.042
755204300010795,zr,58230.24909,13.560043,0.01487931,0.10865178,13.648,0.048
755204300010795,zr,58230.25001,13.577069,0.014856141,0.109233126,13.648,0.048
754201400009034,zr,58231.18431,13.569641,0.013929648,0.11068814,13.648999,0.039
755204300010795,zr,58231.18802,13.481699,0.014987527,0.11718843,13.648,0.048
754201400009034,zr,58231.28234,13.520965,0.014000381,0.10229866,13.648999,0.039
755204300010795,zr,58231.28327,13.50821,0.014950619,0.12950568,13.648,0.048
755304300003173,zi,58232.30988,13.275877,0.013837775,0.1865037,13.404,0.057
754301400025593,zi,58232.31036,13.293643,0.012612824,0.18940122,13.4279995,0.046
754201400009034,zr,58233.19792,13.48581,0.0140521685,0.117599756,13.648999,0.039
754201400009034,zr,58233.19883,13.448501,0.014107752,0.115601316,13.648999,0.039
755204300010795,zr,58233.1998,13.397104,0.015107179,0.11592964,13.648,0.048
755204300010795,zr,58233.20072,13.363705,0.015155172,0.11476017,13.648,0.048
754101400005929,zg,58233.23925,14.112797,0.013035008,-0.04848936,14.188001,0.035
754101400005929,zg,58233.24114,14.140972,0.0129998885,-0.05647943,14.188001,0.035
755104300001578,zg,58234.18102,14.128082,0.015619407,-0.039929546,14.152,0.042
754101400005929,zg,58234.20517,14.120119,0.013025818,-0.052706752,14.188001,0.035
754101400005929,zg,58234.22579,14.116046,0.013030925,-0.045385215,14.188001,0.035
755104300001578,zg,58235.17923,14.093418,0.015637022,-0.035570327,14.152,0.042
754101400005929,zg,58235.18575,14.080081,0.013076602,-0.059803568,14.188001,0.035
754101400005929,zg,58235.21789,14.12451,0.01302033,-0.057338055,14.188001,0.035
755104300001578,zg,58236.17851,14.103503,0.015631827,-0.019936549,14.152,0.042
754101400005929,zg,58236.18145,14.1029005,0.0130475,-0.046789024,14.188001,0.035
755104300001578,zg,58236.18565,14.114362,0.015626295,-0.030565057,14.152,0.042
755104300001578,zg,58236.22541,14.104084,0.015631529,-0.031328265,14.152,0.042
755104300001578,zg,58236.22633,14.094425,0.015636502,-0.03700524,14.152,0.042
754101400005929,zg,58236.22962,14.109663,0.013038955,-0.031218873,14.188001,0.035
754101400005929,zg,58236.23053,14.089982,0.013063923,-0.006447552,14.188001,0.035
755104300001578,zg,58237.17818,14.123818,0.0156215355,-0.059145063,14.152,0.042
754101400005929,zg,58237.18627,14.15281,0.012985331,-0.031350814,14.188001,0.035
754101400005929,zg,58237.2241,14.105512,0.013044196,-0.027965149,14.188001,0.035
755104300001578,zg,58237.226,14.097779,0.015634768,-0.021588495,14.152,0.042
755104300001578,zg,58238.15403,14.117101,0.0156249115,-0.035102956,14.152,0.042
754101400005929,zg,58238.18441,14.13075,0.013012555,-0.045568693,14.188001,0.035
754201400009034,zr,58242.26507,13.545426,0.013964691,0.10458216,13.648999,0.039
754201400009034,zr,58242.266,13.557327,0.013947432,0.11428292,13.648999,0.039
755204300010795,zr,58243.18281,13.586865,0.014842869,0.10745061,13.648,0.048
754101400005929,zg,58243.21403,14.104261,0.013045778,-0.10037987,14.188001,0.035
755104300001578,zg,58243.21818,14.208299,0.0155814,-0.119150124,14.152,0.042
755304300003173,zi,58243.34489,13.322972,0.013772241,0.17764811,13.404,0.057
754301400025593,zi,58243.34924,13.342699,0.012567692,0.18477848,13.4279995,0.046
755204300010795,zr,58244.17954,13.520662,0.014933383,0.09719471,13.648,0.048
754201400009034,zr,58244.18233,13.562376,0.013940131,0.099615075,13.648999,0.039
754101400005929,zg,58244.21559,14.162726,0.012973227,-0.0873374,14.188001,0.035
755104300001578,zg,58244.21701,14.2192335,0.015576528,-0.07158503,14.152,0.042
755204300010795,zr,58245.17864,13.456862,0.015022364,0.11547527,13.648,0.048
755204300010795,zr,58245.18005,13.42933,0.0150612695,0.107730426,13.648,0.048
754201400009034,zr,58245.18099,13.57042,0.013928526,0.102315694,13.648999,0.039
754201400009034,zr,58245.1819,13.544411,0.013966167,0.10588913,13.648999,0.039
754201400009034,zr,58246.22312,13.54556,0.013964497,0.12896559,13.648999,0.039
755304300003173,zi,58247.16548,13.389523,0.013681067,0.18706672,13.404,0.057
754301400025593,zi,58247.16642,13.41308,0.012504786,0.18419097,13.4279995,0.046
754101400005929,zg,58247.2001,14.213405,0.0129127,-0.064603895,14.188001,0.035
755104300001578,zg,58247.2029,14.16222,0.01560275,-0.050850667,14.152,0.042
754201400009034,zr,58247.23944,13.558155,0.013946234,0.1135914,13.648999,0.039
755204300010795,zr,58247.24271,13.581515,0.014850112,0.13959709,13.648,0.048
754101400005929,zg,58248.20023,14.161341,0.012974913,-0.06884177,14.188001,0.035
754101400005929,zg,58248.20345,14.179849,0.012952526,-0.06082565,14.188001,0.035
755104300001578,zg,58248.22739,14.134783,0.015616083,-0.050816137,14.152,0.042
755104300001578,zg,58248.22879,14.143612,0.015611743,-0.055899225,14.152,0.042
754201400009034,zr,58248.24305,13.553477,0.013953007,0.10915282,13.648999,0.039
754201400009034,zr,58248.24587,13.499044,0.014032604,0.119012676,13.648999,0.039
755204300010795,zr,58248.24634,13.57976,0.014852491,0.13152073,13.648,0.048
755204300010795,zr,58248.24727,13.641399,0.014769776,0.12337758,13.648,0.048
754101400005929,zg,58249.20314,14.064415,0.013096822,-0.025761634,14.188001,0.035
755104300001578,zg,58249.22839,14.080895,0.015643556,-0.021445177,14.152,0.042
754101400005929,zg,58250.20139,13.965434,0.013228896,-0.028876618,14.188001,0.035
755104300001578,zg,58250.20462,13.919247,0.015735509,-0.0316341,14.152,0.042
755204300010795,zr,58250.22492,13.393042,0.015112995,0.103512175,13.648,0.048
755304300003173,zi,58254.16745,13.3026495,0.013800421,0.18498734,13.404,0.057
754201400009034,zr,58254.19961,13.479628,0.014061335,0.1085736,13.648999,0.039
754201400009034,zr,58254.20101,13.4661455,0.014081388,0.105177514,13.648999,0.039
755204300010795,zr,58254.20193,13.496077,0.014967474,0.119875886,13.648,0.048
755204300010795,zr,58254.20284,13.445972,0.015037716,0.12321394,13.648,0.048
754101400005929,zg,58255.17892,14.112814,0.013034988,-0.10272956,14.188001,0.035
755104300001578,zg,58255.20358,14.089673,0.015638966,-0.087542,14.152,0.042
754201400009034,zr,58255.24469,13.460124,0.014090369,0.11662343,13.648999,0.039
755204300010795,zr,58255.2466,13.414029,0.015083018,0.12288298,13.648,0.048
754201400009034,zr,58256.24826,13.4649515,0.014083167,0.121328376,13.648999,0.039
755204300010795,zr,58256.25017,13.421993,0.015071686,0.12603468,13.648,0.048
754201400009034,zr,58256.28241,13.487536,0.014049612,0.12893161,13.648999,0.039
754301400025593,zi,58257.17658,13.316719,0.012591467,0.18284278,13.4279995,0.046
754301400025593,zi,58257.17751,13.354773,0.012556746,0.17460988,13.4279995,0.046
755304300003173,zi,58257.19672,13.294444,0.0138118435,0.18193048,13.404,0.057
755304300003173,zi,58257.19763,13.310329,0.013789755,0.19054852,13.404,0.057
754201400009034,zr,58257.23881,13.485798,0.014052186,0.11991204,13.648999,0.039
754201400009034,zr,58257.2425,13.501325,0.014029242,0.11775477,13.648999,0.039
755204300010795,zr,58257.24298,13.477853,0.014992906,0.12364358,13.648,0.048
755204300010795,zr,58257.24443,13.459735,0.0150183225,0.12422178,13.648,0.048
754101400005929,zg,58258.17717,14.190058,0.012940305,-0.08860382,14.188001,0.035
755104300001578,zg,58258.1781,14.193953,0.015587905,-0.06429389,14.152,0.042
754201400009034,zr,58258.20396,13.518323,0.014004253,0.11576522,13.648999,0.039
755204300010795,zr,58258.21485,13.490381,0.014975407,0.12315298,13.648,0.048
754201400009034,zr,58260.20218,13.520562,0.014000971,0.11826626,13.648999,0.039
755204300010795,zr,58260.2031,13.519141,0.014935486,0.121554695,13.648,0.048
755204300010795,zr,58260.20401,13.536827,0.014911107,0.11553964,13.648,0.048
754101400005929,zg,58262.21677,14.1345825,0.013007794,-0.03871029,14.188001,0.035
754201400009034,zr,58263.23138,13.658091,0.013804174,0.10711673,13.648999,0.039
754101400005929,zg,58263.25428,14.142145,0.01299844,-0.012599368,14.188001,0.035
755104300001578,zg,58263.26253,14.177278,0.01559563,-0.0036366782,14.152,0.042
754301400025593,zi,58263.3278,13.341666,0.012568634,0.18825357,13.4279995,0.046
755304300003173,zi,58263.32965,13.320242,0.013776019,0.19276541,13.404,0.057
755204300010795,zr,58266.24874,13.578846,0.014853732,0.12278474,13.648,0.048
755204300010795,zr,58266.24965,13.592145,0.014835733,0.11886548,13.648,0.048
754201400009034,zr,58266.25562,13.613653,0.013866707,0.11553978,13.648999,0.039
754201400009034,zr,58266.25655,13.580978,0.013913342,0.11636063,13.648999,0.039
755104300001578,zg,58267.18076,14.190874,0.015589317,-0.030118115,14.152,0.042
754101400005929,zg,58267.18124,14.2708435,0.01284689,-0.012665773,14.188001,0.035
754301400025593,zi,58267.23814,13.425653,0.0124937855,0.18894562,13.4279995,0.046
755304300003173,zi,58267.24,13.358752,0.013723009,0.19118802,13.404,0.057
754201400009034,zr,58267.28389,13.609139,0.013873117,0.12435801,13.648999,0.039
755204300010795,zr,58267.28725,13.586585,0.014843248,0.1225844,13.648,0.048
755204300010795,zr,58269.17496,13.55148,0.014891012,0.12705377,13.648,0.048
755204300010795,zr,58269.17588,13.658104,0.014747665,0.121504016,13.648,0.048
755104300001578,zg,58269.21974,14.253125,0.015561923,-0.0144232,14.152,0.042
754101400005929,zg,58269.24406,14.2529745,0.012867037,-0.011727096,14.188001,0.035
754101400005929,zg,58269.24588,14.236522,0.01288585,-0.013660147,14.188001,0.035
755204300010795,zr,58272.17828,13.6071,0.014815589,0.11153822,13.648,0.048
755204300010795,zr,58272.1792,13.643922,0.0147664305,0.112793654,13.648,0.048
754101400005929,zg,58272.20245,14.261161,0.012857771,-0.05759995,14.188001,0.035
754101400005929,zg,58272.20337,14.263055,0.012855635,-0.056228716,14.188001,0.035
755104300001578,zg,58272.2229,14.259486,0.015559264,-0.05723725,14.152,0.042
755104300001578,zg,58272.22525,14.26075,0.015558741,-0.06253189,14.152,0.042
755204300010795,zr,58274.20553,13.647354,0.01476188,0.11348661,13.648,0.048
755104300001578,zg,58274.22304,14.127685,0.015619604,-0.044430986,14.152,0.042
754101400005929,zg,58274.23872,14.2036,0.012924235,-0.050160293,14.188001,0.035
755204300010795,zr,58276.20765,13.488653,0.014977817,0.11621142,13.648,0.048
754101400005929,zg,58276.22155,14.220711,0.0129041625,-0.048756782,14.188001,0.035
755104300001578,zg,58276.22577,14.24092,0.015567096,-0.055653498,14.152,0.042
754101400005929,zg,58276.22626,14.204902,0.012922697,-0.04050184,14.188001,0.035
755104300001578,zg,58276.22673,14.175406,0.015596506,-0.059833717,14.152,0.042
754301400025593,zi,58277.18495,13.352428,0.012558865,0.18664299,13.4279995,0.046
755104300001578,zg,58277.1949,14.163819,0.015601989,-0.038628872,14.152,0.042
754101400005929,zg,58277.22171,14.19259,0.012937288,-0.042775862,14.188001,0.035
755204300010795,zr,58277.24079,13.509294,0.014949116,0.11979808,13.648,0.048
754201400009034,zr,58277.26155,13.601686,0.013883724,0.11464651,13.648999,0.039
755304300003173,zi,58278.17468,13.413228,0.013649012,0.18291442,13.404,0.057
755104300001578,zg,58278.20285,14.207985,0.015581541,-0.03942148,14.152,0.042
754101400005929,zg,58278.21603,14.223603,0.012900795,-0.043013435,14.188001,0.035
754201400009034,zr,58278.24649,13.668618,0.013789515,0.0987262,13.648999,0.039
755204300010795,zr,58278.24741,13.599385,0.014825968,0.117979966,13.648,0.048
755204300010795,zr,58279.17471,13.587772,0.014841641,0.116295606,13.648,0.048
755204300010795,zr,58279.17562,13.606276,0.014816696,0.11420144,13.648,0.048
754201400009034,zr,58279.17942,13.614379,0.013865678,0.11174704,13.648999,0.039
754201400009034,zr,58279.18363,13.596778,0.013890724,0.11462092,13.648999,0.039
755104300001578,zg,58279.19623,14.229613,0.015571977,-0.062474217,14.152,0.042
754101400005929,zg,58279.19672,14.238308,0.012883795,-0.0554604,14.188001,0.035
754101400005929,zg,58279.20229,14.206697,0.012920582,-0.048585035,14.188001,0.035
754201400009034,zr,58280.17571,13.579708,0.013915164,0.114243716,13.648999,0.039
755204300010795,zr,58280.19448,13.576464,0.0148569625,0.11253264,13.648,0.048
754101400005929,zg,58280.22404,14.179291,0.012953197,-0.03699331,14.188001,0.035
755104300001578,zg,58280.24095,14.203607,0.015583512,-0.058329508,14.152,0.042
754201400009034,zr,58281.20309,13.554467,0.0139515735,0.1146747,13.648999,0.039
755204300010795,zr,58281.20356,13.44615,0.015037467,0.110673964,13.648,0.048
755304300003173,zi,58282.18254,13.280213,0.013831708,0.19487095,13.404,0.057
754201400009034,zr,58282.20143,13.56247,0.013939996,0.112016976,13.648999,0.039
754201400009034,zr,58282.20326,13.566273,0.013934506,0.10965985,13.648999,0.039
755204300010795,zr,58282.20373,13.484791,0.014983209,0.113278046,13.648,0.048
755204300010795,zr,58282.20465,13.444349,0.015040008,0.11624237,13.648,0.048
754101400005929,zg,58282.24647,14.216794,0.012908734,-0.048014734,14.188001,0.035
754301400025593,zi,58283.17664,13.363545,0.012548829,0.17876017,13.4279995,0.046
754201400009034,zr,58283.20247,13.552131,0.013954959,0.1164696,13.648999,0.039
755204300010795,zr,58283.20597,13.527409,0.014924073,0.10860762,13.648,0.048
754101400005929,zg,58283.2436,14.171027,0.012963158,-0.035930343,14.188001,0.035
755104300001578,zg,58283.24407,14.163744,0.015602025,-0.052369278,14.152,0.042
755204300010795,zr,58284.19551,13.52342,0.014929575,0.11453695,13.648,0.048
754201400009034,zr,58284.19598,13.576213,0.013920187,0.113198936,13.648999,0.039
754101400005929,zg,58284.23795,14.212068,0.012914268,-0.06491415,14.188001,0.035
755104300001578,zg,58284.23843,14.203848,0.015583403,-0.04847009,14.152,0.042
755304300003173,zi,58286.17554,13.371102,0.013706131,0.18542698,13.404,0.057
754301400025593,zi,58288.18089,13.364515,0.012547958,0.1845814,13.4279995,0.046
754101400005929,zg,58288.20001,14.186494,0.012944561,-0.02263226,14.188001,0.035
755104300001578,zg,58288.2181,14.215278,0.015578281,-0.05637838,14.152,0.042
754201400009034,zr,58288.2459,13.617733,0.013860922,0.11653385,13.648999,0.039
755204300010795,zr,58288.2468,13.620032,0.014798252,0.12202726,13.648,0.048
755204300010795,zr,58291.23952,13.5531845,0.014888679,0.11243648,13.648,0.048
754201400009034,zr,58291.24802,13.544726,0.013965709,0.12554562,13.648999,0.039
754301400025593,zi,58292.18082,13.360968,0.012551153,0.19880933,13.4279995,0.046
755304300003173,zi,58292.18406,13.305167,0.013796922,0.1912857,13.404,0.057
754101400005929,zg,58294.18249,14.163934,0.01297176,-0.02206795,14.188001,0.035
755104300001578,zg,58294.20706,14.215946,0.015577985,-0.059169367,14.152,0.042
754201400009034,zr,58294.23325,13.527132,0.013991354,0.11903776,13.648999,0.039
755204300010795,zr,58294.23417,13.524929,0.014927492,0.10698142,13.648,0.048
754201400009034,zr,58297.25318,13.603072,0.013881748,0.11425633,13.648999,0.039
755204300010795,zr,58297.28246,13.611292,0.0148099605,0.10553671,13.648,0.048
755204300010795,zr,58300.18073,13.615479,0.014804346,0.10509106,13.648,0.048
754201400009034,zr,58300.1812,13.66595,0.0137932245,0.10589124,13.648999,0.039
755104300001578,zg,58300.19473,14.267966,0.015555764,-0.07588158,14.152,0.042
755104300001578,zg,58303.19889,14.300895,0.015542633,-0.08343449,14.152,0.042
754101400005929,zg,58303.19937,14.215464,0.01291029,-0.049352195,14.188001,0.035
754201400009034,zr,58306.17237,13.582992,0.013910453,0.11548967,13.648999,0.039
755204300010795,zr,58306.17285,13.614654,0.014805453,0.11685347,13.648,0.048
755104300001578,zg,58306.22173,14.189067,0.01559015,-0.06538748,14.152,0.042
754201400009034,zr,58314.1715,13.607033,0.013876111,0.11600187,13.648999,0.039
755204300010795,zr,58319.20872,13.630519,0.0147842495,0.12248476,13.648,0.048
754101400005929,zg,58321.17451,14.264063,0.012854501,-0.0028935226,14.188001,0.035
754201400009034,zr,58324.16266,13.686131,0.013765262,0.10330335,13.648999,0.039
755204300010795,zr,58325.21256,13.662802,0.014741471,0.11968382,13.648,0.048
755104300001578,zg,58333.17774,14.248418,0.015563906,-0.0070458744,14.152,0.042
755104300001578,zg,58336.1753,14.276284,0.015552376,-0.0122892065,14.152,0.042
754101400005929,zg,58336.17622,14.2566185,0.012862905,-0.00657436,14.188001,0.035
755204300010795,zr,58336.19853,13.630215,0.014784656,0.12415352,13.648,0.048
754101400005929,zg,58422.48452,14.1851225,0.012946201,-0.0129411295,14.188001,0.035
754201400009034,zr,58422.53711,13.676422,0.013778686,0.114514455,13.648999,0.039
754101400005929,zg,58423.46316,14.16307,0.012972808,-0.013420385,14.188001,0.035
754101400005929,zg,58423.46408,14.157881,0.01297913,-0.05087866,14.188001,0.035
755104300001578,zg,58423.49086,14.169796,0.015599151,-0.02535254,14.152,0.042
754201400009034,zr,58423.53194,13.609114,0.013873152,0.10431846,13.648999,0.039
754201400009034,zr,58423.53753,13.642717,0.013825689,0.11217555,13.648999,0.039
755204300010795,zr,58423.54465,13.632983,0.0147809675,0.10574126,13.648,0.048
754101400005929,zg,58424.50558,14.19849,0.012930279,-0.0025022537,14.188001,0.035
754201400009034,zr,58424.52282,13.644411,0.013823313,0.13795926,13.648999,0.039
754101400005929,zg,58425.52559,14.176443,0.012956624,-0.0104940375,14.188001,0.035
754101400005929,zg,58426.46085,14.173289,0.012960427,0.0012678807,14.188001,0.035
754101400005929,zg,58426.46744,14.2022085,0.012925878,-0.005747244,14.188001,0.035
755104300001578,zg,58426.4885,14.145533,0.015610807,-0.058702677,14.152,0.042
754201400009034,zr,58426.52817,13.590614,0.013899532,0.11734964,13.648999,0.039
755204300010795,zr,58426.5438,13.611465,0.014809729,0.08513518,13.648,0.048
754201400009034,zr,58427.47414,13.472485,0.014071949,0.12232362,13.648999,0.039
754201400009034,zr,58430.48383,13.640582,0.013828688,0.10183125,13.648999,0.039
754101400005929,zg,58430.53248,14.250071,0.01287034,-0.072496794,14.188001,0.035
754101400005929,zg,58431.48576,14.108172,0.013040835,-0.023738805,14.188001,0.035
754201400009034,zr,58431.53614,13.532743,0.013983159,0.1252497,13.648999,0.039
754101400005929,zg,58432.46888,14.203631,0.012924197,-0.017741006,14.188001,0.035
755104300001578,zg,58432.46935,14.243647,0.015565933,-0.028695391,14.152,0.042
754101400005929,zg,58432.46981,14.226171,0.012897813,-0.018799374,14.188001,0.035
754201400009034,zr,58432.52614,13.585124,0.013907394,0.1109326,13.648999,0.039
754201400009034,zr,58432.54319,13.643164,0.013825063,0.10732976,13.648999,0.039
755204300010795,zr,58432.55016,13.638925,0.014773064,0.1160596,13.648,0.048
754201400009034,zr,58434.48605,13.463187,0.014085797,0.10794692,13.648999,0.039
754101400005929,zg,58434.52563,14.14037,0.013000633,-0.040719,14.188001,0.035
754101400005929,zg,58437.51421,14.149279,0.01298966,-0.03407226,14.188001,0.035
754101400005929,zg,58438.46893,14.230359,0.0128929615,-0.046164185,14.188001,0.035
755104300001578,zg,58438.46941,14.239593,0.015567665,-0.052506037,14.152,0.042
755204300010795,zr,58438.52429,13.634671,0.014778721,0.102824,13.648,0.048
754201400009034,zr,58438.52477,13.61284,0.013867861,0.10323201,13.648999,0.039
1754111300007020,zg,58439.51687,14.211072,0.013939431,-0.06313799,14.176001,0.037
754201400009034,zr,58440.52566,13.555467,0.013950127,0.10904201,13.648999,0.039
755204300010795,zr,58440.55067,13.508311,0.014950478,0.110284075,13.648,0.048
755204300010795,zr,58440.55157,13.539913,0.014906867,0.11389112,13.648,0.048
755104300001578,zg,58441.48837,14.245959,0.015564948,-0.058017258,14.152,0.042
754101400005929,zg,58441.51153,14.147541,0.012991795,-0.034383893,14.188001,0.035
754201400009034,zr,58442.52803,13.589418,0.013901242,0.1163494,13.648999,0.039
754201400009034,zr,58443.42833,13.587078,0.013904593,0.11708316,13.648999,0.039
754201400009034,zr,58443.42927,13.629192,0.013844721,0.116130374,13.648999,0.039
755204300010795,zr,58443.45023,13.527504,0.014923942,0.10832932,13.648,0.048
755204300010795,zr,58443.45118,13.525933,0.014926107,0.110761985,13.648,0.048
755204300010795,zr,58447.47206,13.578937,0.014853608,0.12768589,13.648,0.048
755204300010795,zr,58447.47298,13.613374,0.014807169,0.11431894,13.648,0.048
754201400009034,zr,58447.48513,13.612841,0.013867859,0.10846087,13.648999,0.039
754201400009034,zr,58447.48603,13.600513,0.013885395,0.10193929,13.648999,0.039
1754211300004843,zr,58448.47359,13.602492,0.014326607,0.1162117,13.546,0.043
755204300010795,zr,58448.50465,13.618268,0.014800613,0.10914816,13.648,0.048
754201400009034,zr,58448.50512,13.600911,0.0138848275,0.107902996,13.648999,0.039
755204300010795,zr,58448.55026,13.624148,0.01479275,0.10657584,13.648,0.048
754201400009034,zr,58448.55073,13.622603,0.013854029,0.09259623,13.648999,0.039
1754211300004843,zr,58449.4608,13.578565,0.014366656,0.12407509,13.546,0.043
754201400009034,zr,58449.50678,13.612683,0.013868083,0.11650643,13.648999,0.039
755204300010795,zr,58449.53215,13.582171,0.014849223,0.11633147,13.648,0.048
754101400005929,zg,58450.51153,14.220394,0.012904531,-0.058162004,14.188001,0.035
754101400005929,zg,58450.51256,14.217021,0.012908469,-0.036923017,14.188001,0.035
755104300001578,zg,58450.51363,14.262272,0.01555811,-0.056038875,14.152,0.042
755104300001578,zg,58450.51454,14.2113905,0.015580014,-0.035299305,14.152,0.042
755204300010795,zr,58455.46699,13.573824,0.014860546,0.107237935,13.648,0.048
754201400009034,zr,58455.46791,13.59385,0.013894905,0.108706556,13.648999,0.039
755204300010795,zr,58461.55068,13.632744,0.014781286,0.083742864,13.648,0.048
755104300001578,zg,58464.49544,14.12048,0.01562321,-0.11703461,14.152,0.042
755104300001578,zg,58464.49634,14.129786,0.015618558,-0.10232106,14.152,0.042
754101400005929,zg,58464.51037,14.168031,0.0129667865,-0.032311413,14.188001,0.035
754101400005929,zg,58464.51129,14.165095,0.012970348,-0.028396346,14.188001,0.035
755204300010795,zr,58465.51036,13.518781,0.014935983,0.070628166,13.648,0.048
754201400009034,zr,58465.51084,13.555045,0.013950736,0.11977338,13.648999,0.039
755204300010795,zr,58467.55325,13.569691,0.014866166,0.10452618,13.648,0.048
754101400005929,zg,58468.44761,14.218017,0.012907306,-0.08669975,14.188001,0.035
754201400009034,zr,58468.50722,13.600137,0.013885933,0.093612336,13.648999,0.039
755204300010795,zr,58468.53592,13.523739,0.014929135,0.10919142,13.648,0.048
755104300001578,zg,58468.55045,14.191619,0.0155889755,-0.06535622,14.152,0.042
754101400005929,zg,58469.51506,14.184778,0.012946614,-0.061912544,14.188001,0.035
755104300001578,zg,58471.51159,14.185873,0.015591626,-0.06000531,14.152,0.042
755104300001578,zg,58471.51253,14.207516,0.015581751,-0.054445025,14.152,0.042
754201400009034,zr,58471.55339,13.574259,0.013922998,0.1018738,13.648999,0.039
755104300001578,zg,58472.51721,14.13711,0.015614935,-0.042134967,14.152,0.042
754101400005929,zg,58472.5307,14.19168,0.012938371,-0.08055812,14.188001,0.035
754201400009034,zr,58472.55386,13.563603,0.013938358,0.10022622,13.648999,0.039
755204300010795,zr,58472.5548,13.589997,0.014838633,0.11275108,13.648,0.048
754201400009034,zr,58474.49271,13.629705,0.013843998,0.090295345,13.648999,0.039
754201400009034,zr,58474.49364,13.656124,0.01380692,0.09457549,13.648999,0.039
754201400009034,zr,58475.50193,13.634667,0.013837004,0.094809264,13.648999,0.039
1754211300004843,zr,58476.45067,13.575456,0.01437188,0.11999164,13.546,0.043
755204300010795,zr,58476.52875,13.502799,0.014958128,0.10805871,13.648,0.048
755104300001578,zg,58476.55204,14.307309,0.015540161,-0.105192386,14.152,0.042
754101400005929,zg,58480.49745,14.231248,0.012891932,-0.034289353,14.188001,0.035
755104300001578,zg,58480.51734,14.217201,0.015577428,-0.08825618,14.152,0.042
755204300010795,zr,58480.55925,13.607199,0.014815456,0.099632405,13.648,0.048
1754211300004843,zr,58481.47053,13.640207,0.014264015,0.11231534,13.546,0.043
1754111300007020,zg,58482.53434,14.231447,0.013909795,-0.06586987,14.176001,0.037
755204300010795,zr,58486.48942,13.678022,0.014721476,0.098650254,13.648,0.048
755204300010795,zr,58486.49034,13.62239,0.014795099,0.1109444,13.648,0.048
754201400009034,zr,58486.49271,13.66712,0.0137915965,0.099981986,13.648999,0.039
754201400009034,zr,58486.49366,13.66197,0.013798764,0.10549242,13.648999,0.039
754101400005929,zg,58486.53318,14.281746,0.012834745,-0.08598977,14.188001,0.035
754101400005929,zg,58486.53458,14.266871,0.0128513435,-0.100472935,14.188001,0.035
755104300001578,zg,58486.53733,14.258223,0.015559791,-0.06931754,14.152,0.042
755104300001578,zg,58486.53825,14.25226,0.015562287,-0.062953874,14.152,0.042
1754111300007020,zg,58487.48064,14.233061,0.013907462,-0.07132795,14.176001,0.037
755104300001578,zg,58487.49142,14.266809,0.015556239,-0.06667969,14.152,0.042
754101400005929,zg,58487.49188,14.263095,0.012855589,-0.067562126,14.188001,0.035
755204300010795,zr,58487.54014,13.643864,0.014766508,0.11688243,13.648,0.048
754201400009034,zr,58487.54294,13.640856,0.013828304,0.10513264,13.648999,0.039
754101400005929,zg,58491.47289,14.218718,0.012906486,-0.04236575,14.188001,0.035
755104300001578,zg,58491.48862,14.27525,0.015552796,-0.06623961,14.152,0.042
755104300001578,zg,58491.48954,14.299946,0.015543001,-0.063896514,14.152,0.042
754201400009034,zr,58491.53923,13.685788,0.013765736,0.10480073,13.648999,0.039
754201400009034,zr,58491.54016,13.676922,0.013777994,0.104389556,13.648999,0.039
755204300010795,zr,58491.5412,13.657554,0.014748392,0.100954264,13.648,0.048
755204300010795,zr,58491.54211,13.651821,0.014755968,0.10864332,13.648,0.048
755204300010795,zr,58492.48962,13.693706,0.014700989,0.11052745,13.648,0.048
754201400009034,zr,58492.49056,13.677044,0.013777826,0.10135275,13.648999,0.039
755104300001578,zg,58492.52973,14.285255,0.015548778,-0.08008114,14.152,0.042
1754211300004843,zr,58493.46568,13.606492,0.014319936,0.11810329,13.546,0.043
755204300010795,zr,58493.51414,13.674589,0.014725976,0.10044021,13.648,0.048
754201400009034,zr,58493.51554,13.6653385,0.013794075,0.09811913,13.648999,0.039
755104300001578,zg,58493.55288,14.212936,0.015579324,-0.06437219,14.152,0.042
754201400009034,zr,58494.44584,13.645953,0.01382115,0.11267478,13.648999,0.039
754201400009034,zr,58494.45151,13.632468,0.013840102,0.10515212,13.648999,0.039
755104300001578,zg,58494.52033,14.304311,0.015541313,-0.07155811,14.152,0.042
755104300001578,zg,58494.52125,14.355738,0.015522439,-0.072680324,14.152,0.042
754101400005929,zg,58494.52172,14.30866,0.012805256,-0.106595546,14.188001,0.035
754101400005929,zg,58502.48089,14.242136,0.012879403,-0.05133774,14.188001,0.035
754101400005929,zg,58502.4818,14.241205,0.01288047,-0.06677555,14.188001,0.035
754201400009034,zr,58502.55509,13.62971,0.013843992,0.09831044,13.648999,0.039
754201400009034,zr,58502.55658,13.622936,0.0138535565,0.10249302,13.648999,0.039
754201400009034,zr,58503.46732,13.65284,0.01381151,0.11298393,13.648999,0.039
755204300010795,zr,58503.49095,13.746927,0.014632387,0.09745868,13.648,0.048
755204300010795,zr,58503.49187,13.712093,0.014677125,0.10071211,13.648,0.048
754101400005929,zg,58503.55792,14.2928,0.012822549,-0.07439364,14.188001,0.035
755104300001578,zg,58505.43703,14.223835,0.015574502,-0.042662624,14.152,0.042
754101400005929,zg,58505.49337,14.154195,0.012983635,-0.09006173,14.188001,0.035
754101400005929,zg,58505.49449,14.152084,0.0129862195,-0.07907515,14.188001,0.035
754201400009034,zr,58505.53514,13.580433,0.013914124,0.13608427,13.648999,0.039
754201400009034,zr,58505.53935,13.620113,0.01385755,0.09632052,13.648999,0.039
754101400005929,zg,58506.48849,14.205247,0.012922291,-0.043436784,14.188001,0.035
1754111300007020,zg,58506.49841,14.230728,0.013910834,-0.06601579,14.176001,0.037
755104300001578,zg,58506.51532,14.162489,0.015602623,-0.042304143,14.152,0.042
755104300001578,zg,58506.51623,14.216983,0.015577526,-0.032908976,14.152,0.042
755204300010795,zr,58506.55832,13.516062,0.014939745,0.12783629,13.648,0.048
755204300010795,zr,58506.55923,13.519811,0.014934558,0.12012306,13.648,0.048
754201400009034,zr,58506.5597,13.538795,0.013974337,0.09722698,13.648999,0.039
754101400005929,zg,58507.48217,14.207563,0.012919562,-0.03934168,14.188001,0.035
755104300001578,zg,58507.50504,14.195985,0.015586976,-0.019553455,14.152,0.042
1754111300007020,zg,58507.50876,14.145321,0.014037204,-0.01152663,14.176001,0.037
754201400009034,zr,58508.48594,13.621622,0.013855416,0.106768034,13.648999,0.039
754201400009034,zr,58508.48685,13.614178,0.013865963,0.10415062,13.648999,0.039
755204300010795,zr,58508.48967,13.616571,0.014802884,0.10419653,13.648,0.048
754101400005929,zg,58508.55702,14.187736,0.012943077,-0.048717394,14.188001,0.035
754101400005929,zg,58508.55793,14.188507,0.012942155,-0.046634685,14.188001,0.035
755204300010795,zr,58509.4895,13.619527,0.014798927,0.11745666,13.648,0.048
755204300010795,zr,58509.49042,13.632526,0.014781576,0.11151548,13.648,0.048
754101400005929,zg,58509.51199,14.184699,0.012946709,-0.07146773,14.188001,0.035
755104300001578,zg,58509.51245,14.135319,0.015615818,-0.026682533,14.152,0.042
755104300001578,zg,58509.51337,14.149051,0.015609093,-0.043850023,14.152,0.042
754201400009034,zr,58511.39207,13.620375,0.013857181,0.108303644,13.648999,0.039
755204300010795,zr,58511.40623,13.623691,0.014793361,0.10489241,13.648,0.048
755104300001578,zg,58511.4559,14.234147,0.01557001,-0.07491197,14.152,0.042
754101400005929,zg,58511.45684,14.250834,0.012869471,-0.08600808,14.188001,0.035
754101400005929,zg,58511.45776,14.254275,0.012865561,-0.106499545,14.188001,0.035
754101400005929,zg,58522.44628,14.177583,0.012955251,-0.058734298,14.188001,0.035
754101400005929,zg,58522.44719,14.165071,0.01297038,-0.0520988,14.188001,0.035
1754111300007020,zg,58522.45697,14.142387,0.014041641,-0.04573174,14.176001,0.037
755104300001578,zg,58522.46633,14.179915,0.015594395,-0.06885379,14.152,0.042
755104300001578,zg,58522.46791,14.197169,0.015586435,-0.065139994,14.152,0.042
755204300010795,zr,58522.53954,13.583042,0.014848044,0.11425587,13.648,0.048
755204300010795,zr,58522.54148,13.517639,0.014937561,0.121839,13.648,0.048
755104300001578,zg,58524.4313,14.132427,0.015617247,-0.06501156,14.152,0.042
755204300010795,zr,58524.45363,13.523536,0.014929416,0.11858337,13.648,0.048
754201400009034,zr,58524.47383,13.502329,0.014027763,0.10032276,13.648999,0.039
754101400005929,zg,58526.44992,14.098719,0.0130528025,-0.017322842,14.188001,0.035
754101400005929,zg,58526.45084,14.099093,0.013052327,-0.024109717,14.188001,0.035
755104300001578,zg,58526.45176,14.130428,0.01561824,-0.06083835,14.152,0.042
755104300001578,zg,58526.45406,14.158759,0.015604406,-0.07050616,14.152,0.042
754201400009034,zr,58526.49879,13.498362,0.014033613,0.12582286,13.648999,0.039
755204300010795,zr,58526.50367,13.557644,0.014882585,0.09028711,13.648,0.048
755204300010795,zr,58526.50458,13.554532,0.0148868365,0.10908956,13.648,0.048
755104300001578,zg,58534.29232,14.144912,0.015611109,-0.020374246,14.152,0.042
755104300001578,zg,58534.29323,14.115388,0.015625777,-0.016560957,14.152,0.042
1754211300004843,zr,58534.35822,13.463836,0.014562178,0.14739299,13.546,0.043
755204300010795,zr,58534.38417,13.498232,0.014964476,0.12580125,13.648,0.048
755204300010795,zr,58534.38508,13.459147,0.015019148,0.11806632,13.648,0.048
754201400009034,zr,58534.38601,13.508343,0.014018908,0.10963931,13.648999,0.039
754201400009034,zr,58534.38692,13.520491,0.014001075,0.1178861,13.648999,0.039
755104300001578,zg,58538.30624,14.184531,0.015592247,-0.09058195,14.152,0.042
755204300010795,zr,58539.34373,13.517416,0.014937871,0.10784835,13.648,0.048
1754211300004843,zr,58540.27116,13.534054,0.014441842,0.11405349,13.546,0.043
754101400005929,zg,58540.36679,14.134008,0.013008509,-0.06295837,14.188001,0.035
1754111300007020,zg,58540.39431,14.136932,0.014049908,-0.093053,14.176001,0.037
754101400005929,zg,58543.31179,14.062742,0.0130989915,-0.0023129531,14.188001,0.035
755104300001578,zg,58543.31227,14.125549,0.01562067,-0.028116817,14.152,0.042
754101400005929,zg,58543.31274,14.119254,0.013026902,-0.037157074,14.188001,0.035
755104300001578,zg,58543.3132,14.124345,0.015621272,-0.043711446,14.152,0.042
754201400009034,zr,58543.35544,13.566797,0.01393375,0.124702975,13.648999,0.039
754201400009034,zr,58543.35635,13.516008,0.014007647,0.10014979,13.648999,0.039
755204300010795,zr,58543.35728,13.537269,0.0149105,0.112631224,13.648,0.048
755104300001578,zg,58546.2663,14.120916,0.015622989,-0.01999288,14.152,0.042
755104300001578,zg,58547.32388,14.139694,0.015613663,-0.04439501,14.152,0.042
754101400005929,zg,58547.32434,14.133513,0.013009122,-0.034490302,14.188001,0.035
755304300003173,zi,58547.43171,13.320768,0.013775292,0.19159302,13.404,0.057
755104300001578,zg,58556.39465,13.962555,0.015709544,-0.008844075,14.152,0.042
755104300001578,zg,58556.39646,14.001137,0.01568721,-0.014362533,14.152,0.042
755304300003173,zi,58556.41489,13.211114,0.013929192,0.19793814,13.404,0.057
1754211300004843,zr,58557.27203,13.470971,0.014549858,0.123091,13.546,0.043
755204300010795,zr,58557.39157,13.4957485,0.0149679305,0.115153134,13.648,0.048
1754211300004843,zr,58558.216,13.5083275,0.014485691,0.13589612,13.546,0.043
755304300003173,zi,58558.31276,13.291637,0.013815755,0.19549198,13.404,0.057
754301400025593,zi,58558.31503,13.317557,0.012590695,0.19713618,13.4279995,0.046
754201400009034,zr,58558.32825,13.540835,0.013971368,0.11433861,13.648999,0.039
755204300010795,zr,58558.35218,13.545454,0.014899266,0.12182122,13.648,0.048
754101400005929,zg,58558.38516,14.134661,0.013007698,-0.099134535,14.188001,0.035
755104300001578,zg,58558.41981,14.172627,0.015597815,-0.110689245,14.152,0.042
755204300010795,zr,58559.27994,13.5560875,0.014884712,0.11781721,13.648,0.048
755204300010795,zr,58559.28555,13.538926,0.014908223,0.13207033,13.648,0.048
755104300001578,zg,58559.34488,14.208082,0.015581496,-0.1169876,14.152,0.042
1754111300007020,zg,58560.23182,14.214278,0.0139347445,-0.09350038,14.176001,0.037
755304300003173,zi,58560.317,13.33069,0.013761581,0.19709952,13.404,0.057
755204300010795,zr,58560.35327,13.572515,0.014862327,0.123908974,13.648,0.048
754201400009034,zr,58561.18585,13.540001,0.013972583,0.09115296,13.648999,0.039
1754111300007020,zg,58561.28775,14.201315,0.013953732,-0.110701464,14.176001,0.037
755104300001578,zg,58561.30341,14.170278,0.015598924,-0.09208865,14.152,0.042
754101400005929,zg,58561.30478,14.151573,0.012986845,-0.09332155,14.188001,0.035
754101400005929,zg,58562.3269,14.228354,0.012895281,-0.057321846,14.188001,0.035
754101400005929,zg,58562.3278,14.236823,0.012885504,-0.09178394,14.188001,0.035
755204300010795,zr,58562.35425,13.53625,0.0149119,0.11739585,13.648,0.048
755204300010795,zr,58562.35515,13.563646,0.014874397,0.13277464,13.648,0.048
754201400009034,zr,58567.25005,13.610903,0.01387061,0.124808796,13.648999,0.039
754201400009034,zr,58567.25094,13.496084,0.014036974,0.11515662,13.648999,0.039
755104300001578,zg,58567.2657,14.169973,0.015599066,-0.061212406,14.152,0.042
754101400005929,zg,58567.26969,14.189567,0.012940889,-0.03907106,14.188001,0.035
754101400005929,zg,58567.27059,14.14581,0.012993924,-0.03339863,14.188001,0.035
755204300010795,zr,58567.32936,13.482285,0.014986709,0.12502454,13.648,0.048
755204300010795,zr,58567.33263,13.515227,0.014940898,0.12722902,13.648,0.048
755304300003173,zi,58567.35138,13.28462,0.013825548,0.20133813,13.404,0.057
1754111300007020,zg,58567.4109,14.139767,0.014045607,-0.02659303,14.176001,0.037
754101400005929,zg,58568.25174,14.166678,0.012968427,-0.016606621,14.188001,0.035
755104300001578,zg,58568.26213,14.14441,0.015611353,-0.08077815,14.152,0.042
755204300010795,zr,58568.29418,13.573169,0.0148614375,0.09284905,13.648,0.048
755204300010795,zr,58569.37939,13.533609,0.014915533,0.11867573,13.648,0.048
755304300003173,zi,58572.24743,13.284953,0.013825083,0.19474605,13.404,0.057
754301400025593,zi,58572.24789,13.3031025,0.012604041,0.19495898,13.4279995,0.046
755104300001578,zg,58572.2673,14.17993,0.015594388,-0.09804931,14.152,0.042
755104300001578,zg,58572.26824,14.153544,0.015606917,-0.096845806,14.152,0.042
754101400005929,zg,58572.27282,14.090252,0.01306358,-0.05022836,14.188001,0.035
754101400005929,zg,58572.27372,14.104806,0.013045089,-0.036009293,14.188001,0.035
754201400009034,zr,58572.28897,13.459484,0.014091325,0.13048437,13.648999,0.039
754201400009034,zr,58572.28987,13.5051565,0.014023597,0.11470427,13.648999,0.039
755204300010795,zr,58572.31057,13.451466,0.015029967,0.11254622,13.648,0.048
755204300010795,zr,58572.31148,13.460164,0.015017719,0.11608573,13.648,0.048
755204300010795,zr,58573.28348,13.484243,0.014983972,0.1184896,13.648,0.048
755104300001578,zg,58573.30546,14.04057,0.015665196,-0.058147814,14.152,0.042
754101400005929,zg,58573.30726,14.071005,0.013088293,-0.054331753,14.188001,0.035
754101400005929,zg,58575.31465,14.119261,0.013026894,-0.06682643,14.188001,0.035
754101400005929,zg,58575.31555,14.057006,0.0131064495,-0.06307662,14.188001,0.035
755104300001578,zg,58575.3293,14.112221,0.015627379,-0.07798885,14.152,0.042
755104300001578,zg,58575.3302,14.158117,0.015604715,-0.08918532,14.152,0.042
754201400009034,zr,58580.22685,13.482641,0.014056865,0.11815074,13.648999,0.039
1754111300007020,zg,58580.24937,14.154366,0.014023564,-0.08904527,14.176001,0.037
755104300001578,zg,58580.26598,14.1576605,0.015604936,-0.08450918,14.152,0.042
755104300001578,zg,58580.26968,14.154008,0.015606693,-0.07622231,14.152,0.042
754101400005929,zg,58580.27061,14.143291,0.0129970275,-0.059516676,14.188001,0.035
754101400005929,zg,58580.27151,14.151207,0.012987296,-0.05686211,14.188001,0.035
755204300010795,zr,58580.29123,13.510675,0.014947201,0.11792326,13.648,0.048
755204300010795,zr,58580.29213,13.464229,0.015012005,0.11362945,13.648,0.048
1754211300004843,zr,58580.35442,13.48661,0.014522923,0.13232589,13.546,0.043
754101400005929,zg,58581.22983,14.135685,0.013006428,-0.04975118,14.188001,0.035
754201400009034,zr,58581.26964,13.503162,0.014026535,0.10863445,13.648999,0.039
755204300010795,zr,58581.27076,13.544047,0.014901194,0.12085952,13.648,0.048
755304300003173,zi,58581.28523,13.243241,0.01388366,0.18953823,13.404,0.057
754301400025593,zi,58581.28944,13.321491,0.012587078,0.1846066,13.4279995,0.046
1754211300004843,zr,58582.20981,13.486891,0.014522442,0.13156016,13.546,0.043
754201400009034,zr,58582.24239,13.513527,0.01401129,0.11003544,13.648999,0.039
755204300010795,zr,58582.28843,13.478733,0.014991674,0.11224031,13.648,0.048
755104300001578,zg,58582.32401,14.225354,0.015573835,-0.076215394,14.152,0.042
754101400005929,zg,58582.33187,14.174225,0.012959298,-0.063015655,14.188001,0.035
754201400009034,zr,58583.26786,13.529526,0.013987859,0.1152182,13.648999,0.039
754201400009034,zr,58583.26877,13.542769,0.013968554,0.109955564,13.648999,0.039
755104300001578,zg,58584.26912,14.191483,0.015589039,-0.08111167,14.152,0.042
755104300001578,zg,58584.27002,14.227049,0.015573095,-0.0884365,14.152,0.042
754101400005929,zg,58584.27093,14.1597395,0.012976864,-0.057587054,14.188001,0.035
754201400009034,zr,58584.32229,13.562237,0.013940332,0.11113096,13.648999,0.039
755204300010795,zr,58584.32367,13.519739,0.014934658,0.12314662,13.648,0.048
755204300010795,zr,58584.32458,13.546527,0.014897794,0.118977875,13.648,0.048
1754111300007020,zg,58585.19969,14.185314,0.013977347,-0.0855045,14.176001,0.037
755304300003173,zi,58585.2411,13.310613,0.013789361,0.18915583,13.404,0.057
754301400025593,zi,58585.24203,13.2992525,0.012607613,0.19148731,13.4279995,0.046
755104300001578,zg,58585.26289,14.194375,0.015587712,-0.08746963,14.152,0.042
754101400005929,zg,58585.26448,14.181007,0.012951135,-0.048319906,14.188001,0.035
755204300010795,zr,58585.32216,13.557256,0.014883117,0.11618104,13.648,0.048
754101400005929,zg,58586.18294,14.171063,0.012963117,-0.060880113,14.188001,0.035
754201400009034,zr,58586.2311,13.591619,0.013898095,0.11470079,13.648999,0.039
754201400009034,zr,58586.23201,13.5295105,0.01398788,0.11561381,13.648999,0.039
755204300010795,zr,58586.2415,13.472879,0.01499987,0.113816105,13.648,0.048
755104300001578,zg,58586.26928,14.19337,0.015588173,-0.05906537,14.152,0.042
1754111300007020,zg,58587.22924,14.135182,0.014052564,-0.064313434,14.176001,0.037
755104300001578,zg,58587.24608,14.215177,0.015578327,-0.061392125,14.152,0.042
754101400005929,zg,58587.247,14.153169,0.012984891,-0.031304944,14.188001,0.035
755204300010795,zr,58587.26907,13.485495,0.014982224,0.118443705,13.648,0.048
754201400009034,zr,58587.28228,13.560405,0.01394298,0.10642171,13.648999,0.039
755104300001578,zg,58587.33029,14.20081,0.015584779,-0.07345299,14.152,0.042
754101400005929,zg,58589.15669,14.166936,0.012968115,-0.015422041,14.188001,0.035
755204300010795,zr,58589.26776,13.50972,0.014948525,0.119919635,13.648,0.048
755104300001578,zg,58591.19653,14.132067,0.015617427,-0.059770834,14.152,0.042
755104300001578,zg,58591.19747,14.142128,0.015612469,-0.071764044,14.152,0.042
754101400005929,zg,58591.22171,14.11843,0.013027934,-0.03710479,14.188001,0.035
755304300003173,zi,58591.2825,13.2755995,0.013838164,0.17614058,13.404,0.057
754301400025593,zi,58591.28342,13.353647,0.012557764,0.18342754,13.4279995,0.046
755204300010795,zr,58591.35311,13.503536,0.014957105,0.11283665,13.648,0.048
755204300010795,zr,58591.35402,13.474075,0.014998193,0.1278508,13.648,0.048
754201400009034,zr,58591.37373,13.505764,0.014022703,0.12313489,13.648999,0.039
754101400005929,zg,58592.16647,14.1061325,0.013043412,-0.03952467,14.188001,0.035
754101400005929,zg,58592.16739,14.135636,0.013006489,-0.04011786,14.188001,0.035
755104300001578,zg,58592.20341,14.182429,0.015593225,-0.074071795,14.152,0.042
754201400009034,zr,58592.26965,13.497297,0.014035182,0.114263006,13.648999,0.039
754201400009034,zr,58592.27056,13.528829,0.013988876,0.11609136,13.648999,0.039
755204300010795,zr,58592.2842,13.494097,0.014970231,0.11611956,13.648,0.048
1754211300004843,zr,58592.30726,13.487788,0.014520899,0.12755312,13.546,0.043
1754211300004843,zr,58593.3229,13.489339,0.014518235,0.1349502,13.546,0.043
755104300001578,zg,58594.1874,14.171221,0.015598478,-0.076036364,14.152,0.042
755104300001578,zg,58594.18844,14.150686,0.0156082995,-0.05376078,14.152,0.042
754101400005929,zg,58594.22193,14.131845,0.013011192,-0.036824383,14.188001,0.035
755204300010795,zr,58594.32416,13.484739,0.014983279,0.12538028,13.648,0.048
755204300010795,zr,58594.33495,13.473179,0.01499945,0.12702903,13.648,0.048
754201400009034,zr,58594.3426,13.47828,0.014063336,0.11093099,13.648999,0.039
755104300001578,zg,58596.20145,14.159036,0.015604274,-0.0936774,14.152,0.042
754101400005929,zg,58596.22369,14.138616,0.013002801,-0.067160144,14.188001,0.035
754101400005929,zg,58596.22459,14.159147,0.012977587,-0.057326507,14.188001,0.035
755204300010795,zr,58596.26947,13.532157,0.014917532,0.11836303,13.648,0.048
754301400025593,zi,58596.34141,13.320181,0.012588284,0.19219768,13.4279995,0.046
755304300003173,zi,58596.34188,13.28642,0.013823034,0.19638048,13.404,0.057
754101400005929,zg,58597.28037,14.154948,0.012982713,-0.059580263,14.188001,0.035
755104300001578,zg,58597.2818,14.160231,0.015603703,-0.07210565,14.152,0.042
755104300001578,zg,58597.2827,14.178544,0.015595037,-0.07372202,14.152,0.042
755204300010795,zr,58597.32484,13.48124,0.014988168,0.12258418,13.648,0.048
755204300010795,zr,58597.32574,13.492531,0.014972412,0.118624486,13.648,0.048
754201400009034,zr,58597.32622,13.518212,0.014004414,0.11020715,13.648999,0.039
754101400005929,zg,58598.24136,14.178998,0.012953549,-0.06581359,14.188001,0.035
755104300001578,zg,58598.27151,14.222703,0.015575,-0.09431194,14.152,0.042
755204300010795,zr,58598.30428,13.476599,0.014994661,0.11860426,13.648,0.048
755104300001578,zg,58598.47113,14.202776,0.015583889,-0.023680976,14.152,0.042
754201400009034,zr,58599.16772,13.520976,0.0140003655,0.11255731,13.648999,0.039
754101400005929,zg,58599.20425,14.117379,0.013029252,-0.04712262,14.188001,0.035
755104300001578,zg,58599.25392,14.114267,0.015626343,-0.060983177,14.152,0.042
754101400005929,zg,58599.3145,14.158669,0.012978169,-0.055153996,14.188001,0.035
755204300010795,zr,58599.4511,13.519179,0.014935433,0.13225791,13.648,0.048
755104300001578,zg,58600.22813,14.174343,0.015597007,-0.073270746,14.152,0.042
755104300001578,zg,58600.22903,14.176041,0.01559621,-0.08342762,14.152,0.042
754101400005929,zg,58600.23186,14.130821,0.013012465,-0.055103905,14.188001,0.035
755104300001578,zg,58601.24634,14.1743145,0.015597019,-0.07751015,14.152,0.042
754101400005929,zg,58601.24726,14.113385,0.013034269,-0.06368054,14.188001,0.035
754201400009034,zr,58601.27645,13.488792,0.014047753,0.11844456,13.648999,0.039
755204300010795,zr,58601.28428,13.568624,0.014867617,0.11105825,13.648,0.048
1754211300004843,zr,58602.26421,13.523331,0.014460084,0.12690312,13.546,0.043
754201400009034,zr,58606.19445,13.503201,0.014026478,0.110195294,13.648999,0.039
754201400009034,zr,58606.19535,13.494544,0.014039248,0.12796934,13.648999,0.039
755204300010795,zr,58606.23016,13.534192,0.014914731,0.114199966,13.648,0.048
755204300010795,zr,58606.23108,13.556811,0.014883723,0.120719194,13.648,0.048
1754211300004843,zr,58606.23971,13.498666,0.014502231,0.13268636,13.546,0.043
754101400005929,zg,58606.39241,14.166916,0.01296814,-0.05025613,14.188001,0.035
754101400005929,zg,58606.39426,14.151615,0.012986794,-0.043472063,14.188001,0.035
755104300001578,zg,58606.40898,14.196488,0.015586746,-0.06022733,14.152,0.042
755104300001578,zg,58606.411,14.195678,0.015587116,-0.06626703,14.152,0.042
755204300010795,zr,58607.23745,13.556425,0.01488425,0.119490616,13.648,0.048
754301400025593,zi,58607.26689,13.330153,0.0125791365,0.18991545,13.4279995,0.046
755304300003173,zi,58607.26921,13.292378,0.013814721,0.18853341,13.404,0.057
755104300001578,zg,58607.30477,14.251293,0.015562693,-0.08408128,14.152,0.042
755204300010795,zr,58608.24672,13.4981575,0.01496458,0.116232306,13.648,0.048
754101400005929,zg,58608.28229,14.191463,0.012938631,-0.068133965,14.188001,0.035
755104300001578,zg,58608.28562,14.105238,0.015630936,-0.031213887,14.152,0.042
754101400005929,zg,58609.21902,14.169808,0.012964634,-0.07144133,14.188001,0.035
754101400005929,zg,58609.22,14.142817,0.012997613,-0.0664499,14.188001,0.035
755104300001578,zg,58609.22091,14.153217,0.015607075,-0.06305758,14.152,0.042
754201400009034,zr,58612.21647,13.573056,0.013924729,0.11699658,13.648999,0.039
754201400009034,zr,58612.21738,13.548857,0.01395971,0.10978111,13.648999,0.039
755204300010795,zr,58612.21829,13.49518,0.014968723,0.11398712,13.648,0.048
755204300010795,zr,58612.22099,13.530948,0.014919196,0.10950412,13.648,0.048
754101400005929,zg,58612.26094,14.150824,0.0129877655,-0.06849192,14.188001,0.035
755104300001578,zg,58612.26189,14.180722,0.015594019,-0.086799376,14.152,0.042
754101400005929,zg,58612.26285,14.160423,0.01297603,-0.07578893,14.188001,0.035
755104300001578,zg,58612.26423,14.209006,0.0155810835,-0.081266694,14.152,0.042
754201400009034,zr,58616.16376,13.5065975,0.014021476,0.10060496,13.648999,0.039
754201400009034,zr,58616.16467,13.505412,0.01402322,0.11895473,13.648999,0.039
755204300010795,zr,58616.18222,13.499147,0.014963203,0.10917499,13.648,0.048
755204300010795,zr,58616.18312,13.440542,0.0150453895,0.09788769,13.648,0.048
755304300003173,zi,58616.20202,13.235802,0.013894171,0.17856473,13.404,0.057
754301400025593,zi,58616.20292,13.295581,0.012611022,0.19596608,13.4279995,0.046
755104300001578,zg,58617.20683,14.160009,0.015603808,-0.0691182,14.152,0.042
754101400005929,zg,58617.20919,14.12504,0.013019668,-0.057720937,14.188001,0.035
755204300010795,zr,58617.258,13.392445,0.015113848,0.11436532,13.648,0.048
1754211300004843,zr,58618.21325,13.473035,0.0145462975,0.116815805,13.546,0.043
754201400009034,zr,58619.19854,13.499012,0.014032653,0.08465318,13.648999,0.039
754201400009034,zr,58619.19945,13.546651,0.013962912,0.09846081,13.648999,0.039
754101400005929,zg,58619.23894,14.11237,0.013035546,-0.036593325,14.188001,0.035
755104300001578,zg,58619.24251,14.143152,0.015611967,-0.05475849,14.152,0.042
755104300001578,zg,58619.24341,14.173287,0.015597503,-0.08113887,14.152,0.042
754301400025593,zi,58628.18088,13.277056,0.012628314,0.19294505,13.4279995,0.046
755304300003173,zi,58628.1818,13.246456,0.013879121,0.1856728,13.404,0.057
754101400005929,zg,58628.20068,14.115232,0.013031947,-0.0594043,14.188001,0.035
754101400005929,zg,58628.20163,14.126185,0.013018237,-0.058781393,14.188001,0.035
755104300001578,zg,58628.20302,14.120974,0.015622961,-0.07094254,14.152,0.042
755104300001578,zg,58628.20392,14.128374,0.015619261,-0.076799355,14.152,0.042
754201400009034,zr,58628.30664,13.4663515,0.0140810795,0.12521932,13.648999,0.039
754201400009034,zr,58628.30755,13.502698,0.014027218,0.118784316,13.648999,0.039
755204300010795,zr,58628.32439,13.472264,0.015000731,0.12070564,13.648,0.048
755204300010795,zr,58628.32529,13.458698,0.01501978,0.12305226,13.648,0.048
754201400009034,zr,58632.18234,13.497585,0.014034758,0.10776264,13.648999,0.039
755204300010795,zr,58632.18282,13.4838,0.014984591,0.11327298,13.648,0.048
754201400009034,zr,58633.17439,13.548189,0.013960677,0.11800596,13.648999,0.039
754201400009034,zr,58633.1753,13.528495,0.013989363,0.116788566,13.648999,0.039
755204300010795,zr,58633.19403,13.496413,0.014967007,0.1058686,13.648,0.048
755204300010795,zr,58633.19493,13.452942,0.015027885,0.11299018,13.648,0.048
755104300001578,zg,58633.23555,14.190506,0.015589487,-0.07347137,14.152,0.042
754101400005929,zg,58633.23602,14.14888,0.012990151,-0.045063987,14.188001,0.035
755104300001578,zg,58633.23949,14.188705,0.015590317,-0.084669374,14.152,0.042
754101400005929,zg,58633.23996,14.165894,0.012969379,-0.06215042,14.188001,0.035
754101400005929,zg,58634.19728,14.143174,0.012997172,-0.071141556,14.188001,0.035
755104300001578,zg,58634.22205,14.165967,0.015600966,-0.07334427,14.152,0.042
754201400009034,zr,58634.27561,13.506867,0.01402108,0.11198661,13.648999,0.039
755204300010795,zr,58634.27609,13.45935,0.015018865,0.11204977,13.648,0.048
754301400025593,zi,58635.17184,13.243034,0.012660432,0.18919702,13.4279995,0.046
754101400005929,zg,58635.20131,14.141684,0.012999009,-0.06841792,14.188001,0.035
755104300001578,zg,58635.20319,14.131507,0.015617705,-0.06830002,14.152,0.042
754201400009034,zr,58635.24229,13.450981,0.014104038,0.117021054,13.648999,0.039
755204300010795,zr,58635.24413,13.432301,0.015057057,0.11644221,13.648,0.048
754101400005929,zg,58636.23938,14.146736,0.012992787,-0.05990022,14.188001,0.035
754101400005929,zg,58636.24146,14.17341,0.012960281,-0.055706244,14.188001,0.035
755104300001578,zg,58636.26164,14.19042,0.015589527,-0.087459706,14.152,0.042
755104300001578,zg,58636.26255,14.176974,0.01559577,-0.076983616,14.152,0.042
755204300010795,zr,58637.19821,13.546105,0.014898372,0.11963361,13.648,0.048
754201400009034,zr,58637.19868,13.556327,0.013948879,0.11180717,13.648999,0.039
755104300001578,zg,58637.22544,14.252421,0.015562219,-0.095094845,14.152,0.042
754101400005929,zg,58637.24062,14.194482,0.012935038,-0.06745204,14.188001,0.035
755104300001578,zg,58638.20104,14.236858,0.015568839,-0.077309094,14.152,0.042
754101400005929,zg,58638.20151,14.235293,0.012887266,-0.057115633,14.188001,0.035
755204300010795,zr,58638.22206,13.540909,0.014905499,0.10535098,13.648,0.048
754201400009034,zr,58638.22253,13.566912,0.013933584,0.115824744,13.648999,0.039
754201400009034,zr,58639.18446,13.578156,0.013917393,0.10811651,13.648999,0.039
755204300010795,zr,58639.18676,13.5424,0.014903453,0.114229985,13.648,0.048
755204300010795,zr,58639.18766,13.562201,0.0148763675,0.10687872,13.648,0.048
755304300003173,zi,58639.19644,13.317586,0.013779695,0.18688773,13.404,0.057
755104300001578,zg,58639.21778,14.218349,0.015576919,-0.059752703,14.152,0.042
755104300001578,zg,58639.21868,14.235973,0.015569221,-0.07115838,14.152,0.042
754101400005929,zg,58639.22052,14.252914,0.012867106,-0.055242356,14.188001,0.035
755104300001578,zg,58640.20045,14.322006,0.015534607,-0.08122962,14.152,0.042
755204300010795,zr,58640.22774,13.6308155,0.014783855,0.10747226,13.648,0.048
754101400005929,zg,58642.1726,14.277956,0.012838956,-0.05597589,14.188001,0.035
755104300001578,zg,58642.20472,14.256389,0.015560556,-0.065642,14.152,0.042
754201400009034,zr,58642.21968,13.608177,0.013874483,0.1196664,13.648999,0.039
755204300010795,zr,58642.23659,13.595718,0.014830911,0.10180138,13.648,0.048
755304300003173,zi,58643.22246,13.387643,0.013683619,0.1837449,13.404,0.057
754301400025593,zi,58643.22293,13.447903,0.012474502,0.19620357,13.4279995,0.046
754101400005929,zg,58645.2072,14.258099,0.0128612295,-0.030157156,14.188001,0.035
755104300001578,zg,58645.20766,14.278952,0.015551302,-0.06866866,14.152,0.042
755104300001578,zg,58648.17962,14.30626,0.0155405635,-0.03425965,14.152,0.042
754101400005929,zg,58648.18009,14.298506,0.012816299,-0.0229461,14.188001,0.035
754201400009034,zr,58648.20364,13.654728,0.013808869,0.12062108,13.648999,0.039
755204300010795,zr,58648.20412,13.626048,0.014790215,0.13045801,13.648,0.048
754301400025593,zi,58648.28448,13.451988,0.012470988,0.18381517,13.4279995,0.046
755304300003173,zi,58648.28538,13.448063,0.013602325,0.18718955,13.404,0.057
755104300001578,zg,58651.17651,14.312889,0.015538034,-0.04443222,14.152,0.042
754101400005929,zg,58651.19391,14.315938,0.0127974,-0.007581119,14.188001,0.035
754201400009034,zr,58651.23863,13.680591,0.013772916,0.106835574,13.648999,0.039
755204300010795,zr,58651.23954,13.724621,0.014660964,0.12821963,13.648,0.048
754301400025593,zi,58652.24632,13.415258,0.012502876,0.19369891,13.4279995,0.046
755204300010795,zr,58654.18099,13.645351,0.014764536,0.11698129,13.648,0.048
754201400009034,zr,58654.1964,13.665891,0.013793306,0.1066936,13.648999,0.039
755104300001578,zg,58654.2361,14.27001,0.015554929,-0.033859946,14.152,0.042
754101400005929,zg,58654.26505,14.290795,0.012824752,-0.032883488,14.188001,0.035
754201400009034,zr,58658.18619,13.646578,0.013820274,0.10980689,13.648999,0.039
754101400005929,zg,58658.19673,14.254646,0.012865139,-0.058621146,14.188001,0.035
755104300001578,zg,58658.20049,14.262894,0.0155578535,-0.05893942,14.152,0.042
754201400009034,zr,58661.20036,13.6659775,0.013793186,0.116604924,13.648999,0.039
755204300010795,zr,58661.20358,13.642271,0.01476862,0.11092909,13.648,0.048
755104300001578,zg,58661.21809,14.284825,0.015548948,-0.05921344,14.152,0.042
754101400005929,zg,58661.22129,14.302309,0.012812152,-0.040924348,14.188001,0.035
754101400005929,zg,58667.20205,14.263514,0.012855119,-0.049582135,14.188001,0.035
755104300001578,zg,58667.20295,14.278492,0.015551486,-0.054815155,14.152,0.042
754201400009034,zr,58667.22191,13.619466,0.013858467,0.11867279,13.648999,0.039
755204300010795,zr,58667.22281,13.562671,0.014875727,0.12562591,13.648,0.048
755204300010795,zr,58670.17729,13.654183,0.014752843,0.11684818,13.648,0.048
754201400009034,zr,58670.18281,13.609834,0.01387213,0.11977315,13.648999,0.039
754101400005929,zg,58670.19981,14.216617,0.012908941,-0.022630053,14.188001,0.035
755104300001578,zg,58670.20072,14.23348,0.015570298,-0.03370051,14.152,0.042
755104300001578,zg,58673.18066,14.229458,0.015572045,-0.057605494,14.152,0.042
754101400005929,zg,58673.18113,14.232231,0.012890797,-0.038286526,14.188001,0.035
755104300001578,zg,58676.18056,14.198056,0.015586031,-0.05078168,14.152,0.042
754101400005929,zg,58676.18103,14.190902,0.012939298,-0.047905914,14.188001,0.035
755204300010795,zr,58676.19519,13.54363,0.014901767,0.11394561,13.648,0.048
754201400009034,zr,58676.19609,13.6023655,0.013882754,0.11350723,13.648999,0.039
754101400005929,zg,58677.17465,14.227426,0.012896358,-0.027927378,14.188001,0.035
755104300001578,zg,58677.17742,14.194805,0.015587514,-0.05830189,14.152,0.042
755204300010795,zr,58677.19573,13.481896,0.014987252,0.11385741,13.648,0.048
754201400009034,zr,58677.19851,13.565796,0.013935193,0.11718631,13.648999,0.039
755204300010795,zr,58678.19984,13.538766,0.014908442,0.10742809,13.648,0.048
755104300001578,zg,58679.17797,14.23319,0.015570424,-0.06903227,14.152,0.042
755104300001578,zg,58679.17888,14.203642,0.015583498,-0.04125285,14.152,0.042
754101400005929,zg,58679.17978,14.174844,0.012958551,-0.037826627,14.188001,0.035
755204300010795,zr,58679.19452,13.57612,0.014857429,0.117733024,13.648,0.048
755204300010795,zr,58679.19543,13.457188,0.015021905,0.10778745,13.648,0.048
754201400009034,zr,58679.21459,13.591177,0.013898727,0.12100791,13.648999,0.039
755204300010795,zr,58681.23576,13.525447,0.014926778,0.12518632,13.648,0.048
755104300001578,zg,58682.20517,14.1601925,0.015603721,-0.012792368,14.152,0.042
755204300010795,zr,58682.24301,13.533955,0.014915057,0.12591136,13.648,0.048
755104300001578,zg,58683.17116,14.158727,0.015604423,-0.054515526,14.152,0.042
754101400005929,zg,58683.19075,14.133006,0.01300975,-0.033910446,14.188001,0.035
755104300001578,zg,58685.17743,14.102839,0.015632166,-0.05109481,14.152,0.042
754101400005929,zg,58686.17187,14.10205,0.013048577,-0.035431635,14.188001,0.035
754101400005929,zg,58686.17278,14.126485,0.013017865,-0.0370954,14.188001,0.035
755104300001578,zg,58686.19169,14.136177,0.015615393,-0.06584414,14.152,0.042
755104300001578,zg,58686.1935,14.119788,0.015623557,-0.04112518,14.152,0.042
755104300001578,zg,58688.19613,14.064877,0.015652046,-0.03840941,14.152,0.042
755104300001578,zg,58690.19591,14.105042,0.015631037,-0.036559004,14.152,0.042
754101400005929,zg,58692.20057,14.068524,0.013091499,-0.015181287,14.188001,0.035
755204300010795,zr,58694.17769,13.401556,0.015100813,0.12746291,13.648,0.048
755104300001578,zg,58694.20981,14.043185,0.015663764,-0.023814935,14.152,0.042
754201400009034,zr,58776.50929,13.51211,0.014013371,0.120711684,13.648999,0.039
754101400005929,zg,58779.5131,14.123148,0.013022029,-0.019388013,14.188001,0.035
755204300010795,zr,58785.50711,13.459435,0.015018743,0.12412672,13.648,0.048
754201400009034,zr,58785.50801,13.506256,0.014021978,0.11873392,13.648999,0.039
754101400005929,zg,58789.50849,14.076359,0.013081389,-0.038350325,14.188001,0.035
755104300001578,zg,58789.5117,14.06405,0.015652485,-0.078155674,14.152,0.042
754201400009034,zr,58792.51071,13.513726,0.0140109975,0.10910907,13.648999,0.039
755204300010795,zr,58792.51304,13.471087,0.015002381,0.13103935,13.648,0.048
755104300001578,zg,58792.52963,14.138041,0.015614476,-0.07768946,14.152,0.042
754101400005929,zg,58792.53055,14.120638,0.01302517,-0.03981699,14.188001,0.035
755204300010795,zr,58799.48936,13.515602,0.01494038,0.10971329,13.648,0.048
754201400009034,zr,58799.49213,13.557978,0.013946491,0.11103276,13.648999,0.039
755104300001578,zg,58802.54918,14.1757345,0.0155963525,-0.053944916,14.152,0.042
754101400005929,zg,58802.54964,14.123833,0.013021174,-0.03264648,14.188001,0.035
754101400005929,zg,58805.53093,14.149045,0.012989948,-0.03064325,14.188001,0.035
755104300001578,zg,58805.53139,14.159411,0.015604095,-0.043478493,14.152,0.042
755204300010795,zr,58812.55592,13.5515785,0.014890877,0.11655178,13.648,0.048
755204300010795,zr,58827.44246,13.58621,0.0148437545,0.12090277,13.648,0.048
754301400025593,zi,58827.47701,13.41719,0.012501183,0.19016123,13.4279995,0.046
754301400025593,zi,58827.47816,13.377314,0.012536476,0.19600716,13.4279995,0.046
754301400025593,zi,58827.4793,13.446629,0.0124756005,0.19177169,13.4279995,0.046
754301400025593,zi,58827.48045,13.415101,0.012503014,0.18691535,13.4279995,0.046
755304300003173,zi,58827.49904,13.467362,0.013576678,0.1983937,13.404,0.057
755304300003173,zi,58827.50018,13.425242,0.013632852,0.19232243,13.404,0.057
755304300003173,zi,58827.50133,13.378497,0.013696052,0.18509302,13.404,0.057
755304300003173,zi,58827.50248,13.443347,0.013608615,0.18980518,13.404,0.057
754201400009034,zr,58828.42622,13.609327,0.01387285,0.12415192,13.648999,0.039
755304300003173,zi,58828.51751,13.432096,0.013623662,0.19039182,13.404,0.057
754101400005929,zg,58828.56139,14.227364,0.012896431,-0.027311362,14.188001,0.035
754301400025593,zi,58830.50142,13.317344,0.012590893,0.18552968,13.4279995,0.046
755304300003173,zi,58830.50259,13.338516,0.013750794,0.18740813,13.404,0.057
755304300003173,zi,58830.50373,13.384374,0.0136880595,0.18607104,13.404,0.057
755104300001578,zg,58830.56206,14.226511,0.01557333,-0.05885822,14.152,0.042
754201400009034,zr,58831.44751,13.4930315,0.0140414825,0.10769156,13.648999,0.039
754301400025593,zi,58831.51075,13.399113,0.012517093,0.19323926,13.4279995,0.046
755304300003173,zi,58831.51191,13.385366,0.013686709,0.19438092,13.404,0.057
754201400009034,zr,58833.44914,13.507492,0.01402016,0.118440926,13.648999,0.039
755204300010795,zr,58833.45779,13.513448,0.014943361,0.12671386,13.648,0.048
1754211300004843,zr,58833.45824,13.496202,0.0145064555,0.12548634,13.546,0.043
1754211300004843,zr,58833.45869,13.535246,0.0144398175,0.13608673,13.546,0.043
755204300010795,zr,58833.49304,13.491847,0.014973364,0.11570335,13.648,0.048
755104300001578,zg,58833.55292,14.029017,0.015671557,-0.042344254,14.152,0.042
755104300001578,zg,58833.55427,14.048185,0.015661038,-0.02735881,14.152,0.042
1754111300007020,zg,58833.55473,14.081985,0.014134341,-0.061423473,14.176001,0.037
1754111300007020,zg,58833.55519,14.059663,0.014169238,-0.04240942,14.176001,0.037
754101400005929,zg,58833.56159,14.007954,0.013171266,-0.011335047,14.188001,0.035
755204300010795,zr,58836.50943,13.464413,0.015011746,0.12079431,13.648,0.048
754201400009034,zr,58836.50991,13.606267,0.0138772,0.101909176,13.648999,0.039
754101400005929,zg,58836.55823,14.150541,0.012988112,-0.048287354,14.188001,0.035
755104300001578,zg,58836.55918,14.188244,0.01559053,-0.08530015,14.152,0.042
755104300001578,zg,58836.57156,14.162607,0.015602565,-0.07810112,14.152,0.042
754101400005929,zg,58836.57562,14.095875,0.013056414,-0.040328432,14.188001,0.035
1754111300007020,zg,58837.50881,14.083945,0.014131293,-0.06419747,14.176001,0.037
1754111300007020,zg,58837.50925,13.98182,0.014293487,-0.0578804,14.176001,0.037
755104300001578,zg,58837.50972,14.059739,0.015654797,-0.040732183,14.152,0.042
754101400005929,zg,58837.51018,14.082434,0.013073582,-0.022245537,14.188001,0.035
754201400009034,zr,58846.46836,13.42462,0.014143656,0.10558732,13.648999,0.039
754301400025593,zi,58846.53377,13.264324,0.012640278,0.18810676,13.4279995,0.046
755104300001578,zg,58846.56414,14.07896,0.015644575,-0.116411254,14.152,0.042
754201400009034,zr,58849.45181,13.442803,0.014116295,0.10956376,13.648999,0.039
754101400005929,zg,58849.51347,14.025055,0.0131484615,-0.07018511,14.188001,0.035
755104300001578,zg,58851.53538,13.949,0.015717568,-0.05069627,14.152,0.042
1754111300007020,zg,58851.53582,13.943977,0.014355267,-0.06271995,14.176001,0.037
1754111300007020,zg,58851.53627,13.956221,0.014335185,-0.06421077,14.176001,0.037
754101400005929,zg,58851.54125,13.966991,0.013226762,-0.07182863,14.188001,0.035
755104300001578,zg,58852.54104,13.9991045,0.015688367,-0.11606599,14.152,0.042
754101400005929,zg,58852.54194,13.922831,0.013287938,-0.066919826,14.188001,0.035
755204300010795,zr,58852.55378,13.375423,0.015138286,0.1191653,13.648,0.048
754201400009034,zr,58852.55468,13.402925,0.01417649,0.114166394,13.648999,0.039
755204300010795,zr,58852.58052,13.347075,0.0151792215,0.11122794,13.648,0.048
1754211300004843,zr,58852.58143,13.384509,0.014700526,0.12719658,13.546,0.043
754201400009034,zr,58854.46035,13.284294,0.014359477,0.11663969,13.648999,0.039
754101400005929,zg,58854.53073,13.795114,0.013472214,-0.03534516,14.188001,0.035
754201400009034,zr,58855.37513,13.401923,0.014178012,0.124983884,13.648999,0.039
754301400025593,zi,58855.38236,13.234514,0.012668546,0.19189861,13.4279995,0.046
755304300003173,zi,58855.39197,13.224052,0.013910811,0.19567542,13.404,0.057
755304300003173,zi,58855.4043,13.224297,0.013910465,0.19701955,13.404,0.057
754301400025593,zi,58855.40476,13.210023,0.012692036,0.18955348,13.4279995,0.046
755104300001578,zg,58855.43966,13.991279,0.015692845,-0.067713305,14.152,0.042
754101400005929,zg,58855.44938,13.97147,0.013220638,-0.05225414,14.188001,0.035
754101400005929,zg,58855.47547,13.98952,0.013196089,-0.066960804,14.188001,0.035
755104300001578,zg,58855.47594,14.021039,0.015675994,-0.075171195,14.152,0.042
755104300001578,zg,58855.51321,13.980759,0.01569891,-0.06900906,14.152,0.042
754101400005929,zg,58855.51461,13.990033,0.0131953955,-0.07383743,14.188001,0.035
754201400009034,zr,58859.31045,13.450076,0.014105393,0.11453078,13.648999,0.039
1754211300004843,zr,58859.37438,13.443047,0.014598197,0.12896238,13.546,0.043
1754211300004843,zr,58859.37483,13.457329,0.014573435,0.12977676,13.546,0.043
755204300010795,zr,58859.37529,13.493014,0.014971739,0.12036434,13.648,0.048
754301400025593,zi,58859.38993,13.263328,0.012641217,0.18349427,13.4279995,0.046
754301400025593,zi,58859.40385,13.250365,0.012653471,0.19161406,13.4279995,0.046
755304300003173,zi,58859.41297,13.220359,0.013916053,0.18398671,13.404,0.057
754201400009034,zr,58859.46013,13.460307,0.014090096,0.10826998,13.648999,0.039
755204300010795,zr,58859.4606,13.409415,0.015089594,0.113242246,13.648,0.048
754201400009034,zr,58859.47761,13.429155,0.014136819,0.112060174,13.648999,0.039
754201400009034,zr,58859.47851,13.452594,0.0141016245,0.106579036,13.648999,0.039
755204300010795,zr,58859.47898,13.440427,0.0150455525,0.10808577,13.648,0.048
755204300010795,zr,58859.48001,13.439733,0.015046535,0.10802882,13.648,0.048
754101400005929,zg,58859.53354,14.079245,0.013077678,-0.05064134,14.188001,0.035
754101400005929,zg,58859.53444,14.052156,0.013112777,-0.06563639,14.188001,0.035
755104300001578,zg,58859.53672,14.075506,0.015646396,-0.082788326,14.152,0.042
755104300001578,zg,58859.56053,14.089911,0.015638843,-0.04501755,14.152,0.042
754201400009034,zr,58860.36741,13.468926,0.014077244,0.10358869,13.648999,0.039
755204300010795,zr,58860.38956,13.430359,0.015059809,0.12120894,13.648,0.048
754201400009034,zr,58860.39003,13.461186,0.0140887825,0.11003139,13.648999,0.039
754201400009034,zr,58861.31549,13.456617,0.014095607,0.113610335,13.648999,0.039
754201400009034,zr,58861.32512,13.399337,0.014181941,0.12464475,13.648999,0.039
754301400025593,zi,58861.38332,13.247004,0.012656661,0.19535981,13.4279995,0.046
755304300003173,zi,58861.41703,13.260184,0.013859792,0.18699028,13.404,0.057
754301400025593,zi,58861.42635,13.264936,0.0126396995,0.19748577,13.4279995,0.046
755304300003173,zi,58861.42752,13.29321,0.013813561,0.18956473,13.404,0.057
754101400005929,zg,58861.44854,14.064353,0.013096902,-0.038057107,14.188001,0.035
755104300001578,zg,58861.44901,14.090587,0.015638493,-0.07881186,14.152,0.042
754101400005929,zg,58861.47792,14.03961,0.013129228,-0.0434232,14.188001,0.035
755104300001578,zg,58861.47887,14.06608,0.015651401,-0.030949827,14.152,0.042
755204300010795,zr,58861.53139,13.488475,0.014978065,0.10145076,13.648,0.048
754201400009034,zr,58862.36983,13.481301,0.014058852,0.114458025,13.648999,0.039
755204300010795,zr,58862.38301,13.457437,0.015021555,0.1163369,13.648,0.048
754201400009034,zr,58862.39624,13.449822,0.0141057735,0.11679179,13.648999,0.039
754201400009034,zr,58862.39715,13.4548025,0.01409832,0.114882246,13.648999,0.039
755204300010795,zr,58862.41835,13.466392,0.015008969,0.118973814,13.648,0.048
755204300010795,zr,58862.4193,13.417538,0.015078022,0.11410068,13.648,0.048
755104300001578,zg,58862.44394,14.088784,0.01563943,-0.048414152,14.152,0.042
754101400005929,zg,58862.44442,14.087777,0.013066741,-0.02709629,14.188001,0.035
755104300001578,zg,58862.44488,14.065004,0.015651975,-0.045839086,14.152,0.042
754101400005929,zg,58862.44536,14.078612,0.013078489,-0.023685062,14.188001,0.035
755104300001578,zg,58862.46992,14.12511,0.015620889,-0.07249948,14.152,0.042
754101400005929,zg,58862.47138,14.101429,0.013049363,-0.030450398,14.188001,0.035
754301400025593,zi,58862.52298,13.3004,0.012606547,0.18897547,13.4279995,0.046
754301400025593,zi,58862.5338,13.284564,0.012621287,0.18711986,13.4279995,0.046
755304300003173,zi,58862.56317,13.2617855,0.013857541,0.1877535,13.404,0.057
755304300003173,zi,58862.57629,13.2818165,0.013829465,0.18659207,13.404,0.057
754101400005929,zg,58863.43858,14.113699,0.013033874,-0.07296287,14.188001,0.035
755104300001578,zg,58863.44513,14.108524,0.01562926,-0.069965646,14.152,0.042
754101400005929,zg,58863.44701,14.092298,0.01306097,-0.05554919,14.188001,0.035
755304300003173,zi,58863.47192,13.362984,0.013717218,0.18474837,13.404,0.057
754301400025593,zi,58863.50999,13.2709,0.012634089,0.18774171,13.4279995,0.046
754301400025593,zi,58863.53032,13.222766,0.012679786,0.18641244,13.4279995,0.046
755304300003173,zi,58863.53261,13.250947,0.013872792,0.18651263,13.404,0.057
754201400009034,zr,58863.55042,13.480436,0.014060135,0.120328754,13.648999,0.039
755204300010795,zr,58863.55141,13.447164,0.015036034,0.11995288,13.648,0.048
754201400009034,zr,58864.33188,13.487666,0.014049419,0.11860306,13.648999,0.039
754201400009034,zr,58864.35176,13.461204,0.014088756,0.10460447,13.648999,0.039
755204300010795,zr,58864.35223,13.383264,0.015127017,0.109323755,13.648,0.048
754301400025593,zi,58864.36914,13.31007,0.012597597,0.18489502,13.4279995,0.046
754301400025593,zi,58864.38525,13.277369,0.012628018,0.19241689,13.4279995,0.046
754101400005929,zg,58864.43031,14.085284,0.0130699305,-0.052833833,14.188001,0.035
755104300001578,zg,58864.43078,14.117037,0.015624943,-0.07687041,14.152,0.042
754101400005929,zg,58864.45742,14.060969,0.013101293,-0.04957884,14.188001,0.035
755104300001578,zg,58864.45831,14.128355,0.015619271,-0.07744368,14.152,0.042
755204300010795,zr,58864.49758,13.490444,0.01497532,0.114450976,13.648,0.048
755304300003173,zi,58864.53402,13.155922,0.014008223,0.17686734,13.404,0.057
755304300003173,zi,58864.55222,13.169978,0.013988,0.18454106,13.404,0.057
754201400009034,zr,58866.36105,13.483358,0.014055802,0.10589211,13.648999,0.039
754201400009034,zr,58866.36872,13.441339,0.0141184945,0.10535085,13.648999,0.039
754101400005929,zg,58866.40536,14.072951,0.013085779,-0.061265253,14.188001,0.035
754101400005929,zg,58866.41777,14.09441,0.01305828,-0.07975554,14.188001,0.035
754301400025593,zi,58866.43616,13.257546,0.012646674,0.19339754,13.4279995,0.046
755304300003173,zi,58866.45275,13.239055,0.013889572,0.18453102,13.404,0.057
754301400025593,zi,58866.45391,13.248664,0.012655085,0.19518188,13.4279995,0.046
754201400009034,zr,58866.52223,13.49492,0.014038692,0.111577556,13.648999,0.039
755204300010795,zr,58866.52977,13.464024,0.015012295,0.105145164,13.648,0.048
754101400005929,zg,58866.55358,14.082488,0.013073511,-0.039871518,14.188001,0.035
755104300001578,zg,58866.55496,14.0941925,0.015636621,-0.082211405,14.152,0.042
755104300001578,zg,58866.55586,14.103253,0.015631955,-0.0958272,14.152,0.042
755104300001578,zg,58866.57214,14.112961,0.015627004,-0.08133626,14.152,0.042
754201400009034,zr,58867.36159,13.448991,0.014107019,0.106102444,13.648999,0.039
754101400005929,zg,58867.41443,14.064062,0.01309728,-0.069810994,14.188001,0.035
754101400005929,zg,58867.4319,14.085221,0.01307001,-0.08225349,14.188001,0.035
755104300001578,zg,58867.43237,14.096718,0.015635317,-0.101277664,14.152,0.042
755104300001578,zg,58867.44836,14.097219,0.015635056,-0.09408852,14.152,0.042
754201400009034,zr,58867.47585,13.465413,0.014082477,0.11570993,13.648999,0.039
755204300010795,zr,58867.47905,13.4552,0.015024705,0.11283942,13.648,0.048
755204300010795,zr,58867.50126,13.446748,0.015036622,0.11357014,13.648,0.048
754301400025593,zi,58867.51605,13.295496,0.012611101,0.18967734,13.4279995,0.046
754301400025593,zi,58867.53729,13.301263,0.012605746,0.19306627,13.4279995,0.046
755304300003173,zi,58867.53845,13.308393,0.013792442,0.19390847,13.404,0.057
755304300003173,zi,58867.55862,13.295105,0.013810922,0.19014677,13.404,0.057
755304300003173,zi,58871.34527,13.27882,0.013833656,0.18835455,13.404,0.057
754301400025593,zi,58871.35689,13.275782,0.012629506,0.18695225,13.4279995,0.046
754301400025593,zi,58871.36613,13.301505,0.012605523,0.18988818,13.4279995,0.046
755304300003173,zi,58871.38931,13.31108,0.013788713,0.1942346,13.404,0.057
754101400005929,zg,58871.42012,14.0506525,0.013114742,-0.069393605,14.188001,0.035
754101400005929,zg,58871.43027,14.083005,0.013072849,-0.07916797,14.188001,0.035
755104300001578,zg,58871.43486,14.065999,0.015651446,-0.09986753,14.152,0.042
755104300001578,zg,58871.45433,14.082982,0.015642462,-0.09196569,14.152,0.042
754101400005929,zg,58871.45576,14.045928,0.013120928,-0.056445863,14.188001,0.035
755104300001578,zg,58871.45856,14.081092,0.015643453,-0.0825519,14.152,0.042
754201400009034,zr,58871.50053,13.44702,0.014109972,0.107625775,13.648999,0.039
755204300010795,zr,58871.50239,13.457803,0.015021041,0.11603416,13.648,0.048
754201400009034,zr,58871.51335,13.470241,0.014075287,0.10758144,13.648999,0.039
754201400009034,zr,58871.51427,13.470462,0.014074959,0.118723236,13.648999,0.039
755204300010795,zr,58871.51566,13.482811,0.014985973,0.118263386,13.648,0.048
755204300010795,zr,58871.51656,13.4649515,0.01501099,0.10619224,13.648,0.048
755104300001578,zg,58872.42851,14.12108,0.015622908,-0.08877387,14.152,0.042
755304300003173,zi,58872.4768,13.252081,0.013871194,0.18688299,13.404,0.057
754301400025593,zi,58872.48144,13.301619,0.012605417,0.18684,13.4279995,0.046
755304300003173,zi,58872.49369,13.294891,0.013811219,0.18532836,13.404,0.057
755204300010795,zr,58873.26744,13.50975,0.014948483,0.12638077,13.648,0.048
754201400009034,zr,58873.29305,13.504918,0.014023948,0.11316511,13.648999,0.039
755204300010795,zr,58873.30055,13.518218,0.014936762,0.11015952,13.648,0.048
754201400009034,zr,58873.30201,13.536796,0.01397725,0.11241227,13.648999,0.039
755104300001578,zg,58873.36852,14.132623,0.015617152,-0.08599778,14.152,0.042
754101400005929,zg,58873.39568,14.125256,0.013019399,-0.09736912,14.188001,0.035
755104300001578,zg,58873.39616,14.156319,0.01560558,-0.086977534,14.152,0.042
754101400005929,zg,58873.40998,14.130283,0.013013134,-0.06929833,14.188001,0.035
755304300003173,zi,58873.43879,13.218868,0.013918168,0.18888363,13.404,0.057
754301400025593,zi,58873.45409,13.327038,0.012581991,0.19232626,13.4279995,0.046
755304300003173,zi,58873.4964,13.319254,0.0137773855,0.1848896,13.404,0.057
754201400009034,zr,58874.28668,13.590394,0.013899847,0.10935643,13.648999,0.039
754201400009034,zr,58874.32458,13.507226,0.014020551,0.1025145,13.648999,0.039
755204300010795,zr,58874.33281,13.408122,0.015091438,0.107668765,13.648,0.048
754201400009034,zr,58875.25912,13.517438,0.014005549,0.11570533,13.648999,0.039
754201400009034,zr,58875.29181,13.528397,0.013989507,0.11261599,13.648999,0.039
755204300010795,zr,58875.31304,13.429737,0.01506069,0.1237867,13.648,0.048
755304300003173,zi,58875.34189,13.345857,0.013740696,0.19349928,13.404,0.057
754301400025593,zi,58875.34306,13.287843,0.012618228,0.1909871,13.4279995,0.046
755304300003173,zi,58875.36513,13.327839,0.013765518,0.19592112,13.404,0.057
754301400025593,zi,58875.38937,13.35903,0.0125529,0.19210944,13.4279995,0.046
754101400005929,zg,58875.43634,14.124826,0.013019932,-0.068559065,14.188001,0.035
755104300001578,zg,58875.43959,14.144138,0.0156114865,-0.09328281,14.152,0.042
755104300001578,zg,58875.44674,14.139329,0.015613842,-0.088559136,14.152,0.042
754101400005929,zg,58875.45086,14.148753,0.012990305,-0.06339414,14.188001,0.035
754101400005929,zg,58875.45175,14.142357,0.0129981795,-0.08004535,14.188001,0.035
755104300001578,zg,58875.45317,14.139138,0.015613936,-0.07553038,14.152,0.042
755204300010795,zr,58875.5185,13.541678,0.014904443,0.11870263,13.648,0.048
755204300010795,zr,58875.51941,13.521172,0.01493268,0.11198384,13.648,0.048
754201400009034,zr,58875.51987,13.52465,0.013994986,0.11469238,13.648999,0.039
755204300010795,zr,58876.28352,13.530381,0.014919978,0.114670336,13.648,0.048
754201400009034,zr,58876.28768,13.526063,0.013992919,0.108321376,13.648999,0.039
754201400009034,zr,58876.30182,13.555818,0.013949618,0.1072946,13.648999,0.039
755204300010795,zr,58876.30229,13.544738,0.014900247,0.11521398,13.648,0.048
754101400005929,zg,58876.37454,14.163886,0.0129718175,-0.0882947,14.188001,0.035
755104300001578,zg,58876.375,14.171332,0.015598423,-0.09335072,14.152,0.042
754101400005929,zg,58876.3898,14.140364,0.013000639,-0.060974505,14.188001,0.035
754301400025593,zi,58876.41262,13.374528,0.012538969,0.1945779,13.4279995,0.046
754301400025593,zi,58876.43835,13.367835,0.012544973,0.1888784,13.4279995,0.046
755304300003173,zi,58876.4395,13.276601,0.013836761,0.1835068,13.404,0.057
755304300003173,zi,58876.45963,13.250532,0.013873376,0.18444303,13.404,0.057
755104300001578,zg,58876.51343,14.195859,0.015587034,-0.09013215,14.152,0.042
754201400009034,zr,58877.3083,13.453959,0.014099581,0.11747814,13.648999,0.039
755204300010795,zr,58877.35623,13.470766,0.015002831,0.12165784,13.648,0.048
754201400009034,zr,58877.35669,13.490475,0.014045265,0.118605986,13.648999,0.039
755104300001578,zg,58877.36492,14.108709,0.015629167,-0.08129854,14.152,0.042
754101400005929,zg,58877.3839,14.114142,0.013033317,-0.0461263,14.188001,0.035
754301400025593,zi,58877.41722,13.352247,0.01255903,0.19211708,13.4279995,0.046
755304300003173,zi,58877.41839,13.357063,0.013725322,0.18889382,13.404,0.057
754301400025593,zi,58877.43724,13.342598,0.012567785,0.19522175,13.4279995,0.046
755304300003173,zi,58877.45713,13.359768,0.013721619,0.19136643,13.404,0.057
755204300010795,zr,58877.49279,13.508641,0.014950021,0.1040449,13.648,0.048
755104300001578,zg,58877.53505,14.16048,0.015603583,-0.08938737,14.152,0.042
755204300010795,zr,58878.32616,13.4652815,0.015010527,0.121181466,13.648,0.048
754201400009034,zr,58878.34945,13.483702,0.014055292,0.10683436,13.648999,0.039
754201400009034,zr,58878.35037,13.485856,0.0140521005,0.101974905,13.648999,0.039
755204300010795,zr,58878.36861,13.483549,0.014984942,0.1098692,13.648,0.048
754201400009034,zr,58878.37299,13.454982,0.014098051,0.12398914,13.648999,0.039
755204300010795,zr,58878.37677,13.508928,0.014949623,0.11157598,13.648,0.048
754101400005929,zg,58878.39107,14.081786,0.013074414,-0.06935676,14.188001,0.035
754101400005929,zg,58878.39201,14.0644455,0.013096782,-0.053124145,14.188001,0.035
754301400025593,zi,58878.41831,13.3089905,0.012598595,0.19829017,13.4279995,0.046
755304300003173,zi,58878.41948,13.28779,0.013821122,0.19572991,13.404,0.057
754301400025593,zi,58878.43466,13.277316,0.012628067,0.19821574,13.4279995,0.046
755304300003173,zi,58878.45828,13.327197,0.013766402,0.1918415,13.404,0.057
754101400005929,zg,58878.49608,14.10411,0.01304597,-0.053019773,14.188001,0.035
755104300001578,zg,58878.49747,14.144352,0.015611381,-0.0828193,14.152,0.042
755104300001578,zg,58878.49837,14.112942,0.015627015,-0.07061039,14.152,0.042
755104300001578,zg,58878.51957,14.115419,0.015625762,-0.07082022,14.152,0.042
754101400005929,zg,58879.21526,14.044085,0.013123346,-0.002250467,14.188001,0.035
755204300010795,zr,58879.32915,13.378347,0.01513408,0.11852968,13.648,0.048
754201400009034,zr,58879.32962,13.407649,0.014169323,0.1204992,13.648999,0.039
754201400009034,zr,58879.35055,13.374266,0.014220171,0.1270927,13.648999,0.039
755204300010795,zr,58879.37645,13.462367,0.015014621,0.12384484,13.648,0.048
754301400025593,zi,58879.39313,13.1956215,0.012705957,0.19024284,13.4279995,0.046
755304300003173,zi,58879.41144,13.25109,0.01387259,0.18903807,13.404,0.057
754301400025593,zi,58879.41261,13.202427,0.012699369,0.1953509,13.4279995,0.046
755304300003173,zi,58879.43536,13.2802105,0.013831712,0.19959144,13.404,0.057
755104300001578,zg,58879.47953,14.084695,0.015641565,-0.06015888,14.152,0.042
755104300001578,zg,58879.49916,14.109539,0.015628744,-0.06393524,14.152,0.042
754201400009034,zr,58880.22748,13.512657,0.014012567,0.12658101,13.648999,0.039
754201400009034,zr,58880.27815,13.52289,0.013997561,0.105465926,13.648999,0.039
755204300010795,zr,58880.27905,13.50663,0.014952811,0.12625797,13.648,0.048
755304300003173,zi,58880.3693,13.370733,0.013706635,0.18068695,13.404,0.057
754301400025593,zi,58880.37046,13.347298,0.012563516,0.1925376,13.4279995,0.046
754301400025593,zi,58880.38912,13.370176,0.012542869,0.1897631,13.4279995,0.046
755304300003173,zi,58880.41602,13.331598,0.013760329,0.19124438,13.404,0.057
754101400005929,zg,58880.45776,14.140452,0.013000529,-0.05891503,14.188001,0.035
755104300001578,zg,58880.45872,14.147508,0.015609845,-0.07373156,14.152,0.042
754101400005929,zg,58880.47021,14.166999,0.012968037,-0.074184775,14.188001,0.035
755104300001578,zg,58880.47209,14.169333,0.01559937,-0.085080735,14.152,0.042
755204300010795,zr,58880.51692,13.574783,0.014859244,0.114272684,13.648,0.048
754201400009034,zr,58881.32454,13.526441,0.013992366,0.107788794,13.648999,0.039
755204300010795,zr,58881.32596,13.506591,0.0149528645,0.12836982,13.648,0.048
755204300010795,zr,58881.34677,13.541517,0.014904664,0.1116035,13.648,0.048
754201400009034,zr,58881.36523,13.575606,0.013921061,0.10544084,13.648999,0.039
754201400009034,zr,58881.36615,13.565955,0.013934964,0.104697265,13.648999,0.039
754301400025593,zi,58881.3937,13.390366,0.012524844,0.18701556,13.4279995,0.046
754301400025593,zi,58881.41247,13.3733015,0.0125400685,0.19143897,13.4279995,0.046
755304300003173,zi,58881.43578,13.373154,0.013703332,0.18816838,13.404,0.057
754101400005929,zg,58881.4545,14.200209,0.012928244,-0.066451535,14.188001,0.035
755104300001578,zg,58881.47746,14.208388,0.01558136,-0.10978911,14.152,0.042
755104300001578,zg,58881.47836,14.194974,0.015587438,-0.100637116,14.152,0.042
754101400005929,zg,58881.47883,14.15274,0.012985417,-0.06990468,14.188001,0.035
754101400005929,zg,58881.47973,14.1448765,0.0129950745,-0.07769478,14.188001,0.035
755104300001578,zg,58881.49297,14.19746,0.015586303,-0.095850274,14.152,0.042
755204300010795,zr,58881.53853,13.479955,0.0149899665,0.11349449,13.648,0.048
754301400025593,zi,58883.33414,13.301156,0.012605847,0.19889465,13.4279995,0.046
755304300003173,zi,58883.35329,13.381905,0.013691415,0.19329795,13.404,0.057
755304300003173,zi,58883.38872,13.374929,0.013700911,0.19607028,13.404,0.057
754101400005929,zg,58883.41871,14.161205,0.012975077,-0.048622135,14.188001,0.035
755104300001578,zg,58883.42116,14.149313,0.015608966,-0.061225414,14.152,0.042
754101400005929,zg,58883.43426,14.149497,0.012989393,-0.06506141,14.188001,0.035
755104300001578,zg,58883.43519,14.152258,0.015607539,-0.06789743,14.152,0.042
754201400009034,zr,58883.5169,13.504366,0.014024761,0.11018629,13.648999,0.039
755204300010795,zr,58883.53615,13.552012,0.014890282,0.12034339,13.648,0.048
755204300010795,zr,58883.54881,13.532585,0.014916943,0.117513604,13.648,0.048
754201400009034,zr,58883.57068,13.494148,0.014039833,0.11335619,13.648999,0.039
754101400005929,zg,58884.28058,14.050043,0.01311554,-0.01689116,14.188001,0.035
755104300001578,zg,58884.31313,14.101655,0.015632775,-0.041719515,14.152,0.042
754101400005929,zg,58884.31402,14.129249,0.013014423,-0.05702431,14.188001,0.035
754301400025593,zi,58884.32135,13.316182,0.012591962,0.18769056,13.4279995,0.046
755304300003173,zi,58884.34561,13.336198,0.013753987,0.19668564,13.404,0.057
754301400025593,zi,58884.36639,13.30594,0.012601415,0.19350916,13.4279995,0.046
755304300003173,zi,58884.38859,13.368786,0.013709291,0.1937497,13.404,0.057
755104300001578,zg,58884.43471,14.118961,0.015623974,-0.06467572,14.152,0.042
755104300001578,zg,58884.45807,14.1519785,0.015607674,-0.058622565,14.152,0.042
754101400005929,zg,58884.47708,14.144009,0.012996144,-0.067285,14.188001,0.035
754201400009034,zr,58884.48783,13.539987,0.013972603,0.10403266,13.648999,0.039
755204300010795,zr,58884.4883,13.498159,0.014964578,0.11742059,13.648,0.048
754201400009034,zr,58884.49258,13.498682,0.01403314,0.10905519,13.648999,0.039
755204300010795,zr,58884.51212,13.399603,0.015103605,0.117322095,13.648,0.048
755204300010795,zr,58884.51351,13.412533,0.01508515,0.12738566,13.648,0.048
754201400009034,zr,58884.5144,13.43114,0.014133828,0.11315922,13.648999,0.039
754201400009034,zr,58885.22821,13.485432,0.014052729,0.10247915,13.648999,0.039
755204300010795,zr,58885.24012,13.469397,0.015004752,0.12788546,13.648,0.048
754101400005929,zg,58885.30263,14.135587,0.01300655,-0.020721668,14.188001,0.035
754301400025593,zi,58885.32445,13.38104,0.012533149,0.19084786,13.4279995,0.046
755304300003173,zi,58885.34549,13.360871,0.013720109,0.18574254,13.404,0.057
754301400025593,zi,58885.37003,13.370855,0.012542261,0.18981119,13.4279995,0.046
755304300003173,zi,58885.38658,13.351926,0.013732364,0.19400564,13.404,0.057
755104300001578,zg,58885.43927,14.128845,0.015619027,-0.067631304,14.152,0.042
754101400005929,zg,58885.442,14.102867,0.013047543,-0.049825225,14.188001,0.035
755104300001578,zg,58885.45458,14.139294,0.0156138595,-0.041854408,14.152,0.042
755204300010795,zr,58885.49493,13.535307,0.014913198,0.11827635,13.648,0.048
754201400009034,zr,58886.27244,13.554606,0.013951371,0.11179153,13.648999,0.039
755204300010795,zr,58886.2895,13.512826,0.014944222,0.12685026,13.648,0.048
754201400009034,zr,58886.29223,13.543941,0.013966851,0.11448207,13.648999,0.039
754301400025593,zi,58886.32008,13.377976,0.012535883,0.18713729,13.4279995,0.046
755304300003173,zi,58886.34447,13.332108,0.013759627,0.18682706,13.404,0.057
754301400025593,zi,58886.37016,13.332874,0.01257665,0.18919562,13.4279995,0.046
755304300003173,zi,58886.38899,13.353619,0.013730044,0.19023982,13.404,0.057
754101400005929,zg,58886.43801,14.136062,0.013005962,-0.03062141,14.188001,0.035
754101400005929,zg,58886.44796,14.132806,0.013009999,-0.0406171,14.188001,0.035
755104300001578,zg,58886.44983,14.172454,0.015597896,-0.07838706,14.152,0.042
755104300001578,zg,58886.47064,14.169355,0.015599359,-0.070617914,14.152,0.042
755204300010795,zr,58886.51658,13.506124,0.014953514,0.11331583,13.648,0.048
755104300001578,zg,58887.25061,14.135605,0.0156156765,-0.036243696,14.152,0.042
754101400005929,zg,58887.25151,14.153251,0.01298479,-0.02286386,14.188001,0.035
755104300001578,zg,58887.26704,14.165067,0.015601394,-0.031198405,14.152,0.042
754101400005929,zg,58887.27024,14.143356,0.012996946,-0.009016255,14.188001,0.035
754301400025593,zi,58887.27884,13.427075,0.012492547,0.17805713,13.4279995,0.046
755304300003173,zi,58887.28,13.397958,0.013669634,0.18052524,13.404,0.057
754301400025593,zi,58887.30163,13.399616,0.012516647,0.18343537,13.4279995,0.046
755304300003173,zi,58887.3028,13.31316,0.013785829,0.18453364,13.404,0.057
755104300001578,zg,58887.4356,14.133609,0.015616663,-0.05442596,14.152,0.042
755204300010795,zr,58887.51636,13.489011,0.014977319,0.12211797,13.648,0.048
755104300001578,zg,58888.28119,14.113597,0.015626684,-0.0054613687,14.152,0.042
754101400005929,zg,58888.292,14.087948,0.013066522,-0.030033853,14.188001,0.035
755104300001578,zg,58888.30717,14.224043,0.0155744115,-0.04751915,14.152,0.042
754101400005929,zg,58888.30763,14.150823,0.012987767,-0.0072543435,14.188001,0.035
754101400005929,zg,58888.31373,14.14995,0.0129888365,-0.034834415,14.188001,0.035
754301400025593,zi,58888.3342,13.368149,0.012544691,0.18664747,13.4279995,0.046
755304300003173,zi,58888.34459,13.3593235,0.013722227,0.1847323,13.404,0.057
754301400025593,zi,58888.34576,13.330926,0.012578431,0.1863425,13.4279995,0.046
755304300003173,zi,58888.38582,13.384388,0.01368804,0.18698941,13.404,0.057
754201400009034,zr,58888.43129,13.522833,0.013997645,0.114075884,13.648999,0.039
754201400009034,zr,58888.43219,13.503319,0.014026303,0.11439911,13.648999,0.039
755204300010795,zr,58888.43793,13.527303,0.01492422,0.12575349,13.648,0.048
754201400009034,zr,58888.4481,13.539642,0.013973103,0.106692955,13.648999,0.039
755204300010795,zr,58888.45577,13.52575,0.01492636,0.11775117,13.648,0.048
754101400005929,zg,58890.29999,14.09622,0.0130559765,-0.034104694,14.188001,0.035
755304300003173,zi,58890.33325,13.360866,0.013720117,0.19171809,13.404,0.057
754301400025593,zi,58890.34484,13.356136,0.012555512,0.18652774,13.4279995,0.046
755304300003173,zi,58890.36589,13.360324,0.013720857,0.18552396,13.404,0.057
754301400025593,zi,58890.36706,13.33228,0.012577193,0.17731375,13.4279995,0.046
754201400009034,zr,58890.40568,13.519744,0.01400217,0.118473694,13.648999,0.039
755204300010795,zr,58890.43772,13.446404,0.015037106,0.12926725,13.648,0.048
754201400009034,zr,58890.4495,13.447099,0.014109853,0.10469194,13.648999,0.039
755204300010795,zr,58890.44998,13.438186,0.015048724,0.11494897,13.648,0.048
755204300010795,zr,58890.45088,13.44662,0.015036803,0.13255401,13.648,0.048
754101400005929,zg,58890.52113,14.0598755,0.013102717,-0.04872147,14.188001,0.035
755104300001578,zg,58890.52347,14.0635395,0.015652759,-0.034220275,14.152,0.042
755104300001578,zg,58890.53983,14.039664,0.01566569,-0.036131207,14.152,0.042
755104300001578,zg,58890.54213,14.046006,0.015662225,-0.0460648,14.152,0.042
754201400009034,zr,58891.32876,13.508398,0.014018827,0.11431931,13.648999,0.039
754301400025593,zi,58891.34472,13.419412,0.012499237,0.18922853,13.4279995,0.046
755304300003173,zi,58891.36806,13.34566,0.013740966,0.18923813,13.404,0.057
754301400025593,zi,58891.36923,13.366491,0.01254618,0.19088341,13.4279995,0.046
755304300003173,zi,58891.3903,13.286515,0.013822902,0.1860473,13.404,0.057
754101400005929,zg,58891.43044,14.095409,0.0130570065,-0.04385071,14.188001,0.035
755104300001578,zg,58891.43182,14.092452,0.015637523,-0.054329053,14.152,0.042
754101400005929,zg,58891.44607,14.103788,0.013046375,-0.04785978,14.188001,0.035
754101400005929,zg,58891.44697,14.10423,0.013045817,-0.053108264,14.188001,0.035
755104300001578,zg,58891.44926,14.099332,0.015633969,-0.06500783,14.152,0.042
755204300010795,zr,58891.4946,13.485979,0.014981549,0.12052003,13.648,0.048
754201400009034,zr,58891.49507,13.492234,0.014042662,0.10971995,13.648999,0.039
754201400009034,zr,58891.49644,13.500011,0.014031177,0.11133479,13.648999,0.039
755204300010795,zr,58891.51279,13.462964,0.015013782,0.11447961,13.648,0.048
754201400009034,zr,58892.30257,13.493468,0.014040838,0.11385274,13.648999,0.039
755204300010795,zr,58892.31107,13.48156,0.014987721,0.12967533,13.648,0.048
754201400009034,zr,58892.32956,13.482121,0.014057635,0.11104898,13.648999,0.039
755204300010795,zr,58892.33003,13.46967,0.015004369,0.11092125,13.648,0.048
754101400005929,zg,58892.35068,14.114669,0.013032657,-0.045268193,14.188001,0.035
754101400005929,zg,58892.37376,14.088563,0.013065737,-0.059659977,14.188001,0.035
755104300001578,zg,58892.3756,14.121179,0.015622859,-0.061425112,14.152,0.042
755104300001578,zg,58892.39605,14.103353,0.015631903,-0.056792032,14.152,0.042
754301400025593,zi,58892.43302,13.247588,0.012656106,0.18706371,13.4279995,0.046
755304300003173,zi,58892.45073,13.260023,0.013860018,0.18246499,13.404,0.057
755304300003173,zi,58892.49041,13.204317,0.013938869,0.1814128,13.404,0.057
754101400005929,zg,58893.2268,14.129828,0.013013699,-0.055146173,14.188001,0.035
754101400005929,zg,58893.24946,14.137767,0.01300385,-0.053845238,14.188001,0.035
754201400009034,zr,58893.29969,13.4803915,0.014060202,0.101185545,13.648999,0.039
755204300010795,zr,58893.30016,13.476526,0.014994762,0.11490704,13.648,0.048
755204300010795,zr,58893.31983,13.443015,0.015041893,0.11451887,13.648,0.048
754201400009034,zr,58893.32452,13.521886,0.013999032,0.1109016,13.648999,0.039
755204300010795,zr,58893.325,13.465151,0.015010711,0.112796985,13.648,0.048
754301400025593,zi,58893.34721,13.208609,0.0126934,0.18706936,13.4279995,0.046
755304300003173,zi,58893.36889,13.220948,0.013915216,0.18026868,13.404,0.057
754301400025593,zi,58893.37005,13.242785,0.012660667,0.18583283,13.4279995,0.046
755104300001578,zg,58893.44878,14.175946,0.015596253,-0.101860106,14.152,0.042
755104300001578,zg,58893.4497,14.175197,0.015596605,-0.10069952,14.152,0.042
755104300001578,zg,58893.46991,14.1287155,0.015619091,-0.065617636,14.152,0.042
754201400009034,zr,58894.28976,13.502374,0.014027696,0.10216517,13.648999,0.039
755104300001578,zg,58894.34933,14.132985,0.015616971,-0.09535142,14.152,0.042
754101400005929,zg,58894.34981,14.101627,0.013049113,-0.06989451,14.188001,0.035
754101400005929,zg,58894.3526,14.1447525,0.012995227,-0.071411826,14.188001,0.035
755104300001578,zg,58894.36693,14.144094,0.015611509,-0.08812924,14.152,0.042
754101400005929,zg,58894.3674,14.114554,0.013032799,-0.06531849,14.188001,0.035
755304300003173,zi,58894.38994,13.331912,0.013759896,0.18100962,13.404,0.057
754301400025593,zi,58894.39573,13.332289,0.012577185,0.18858896,13.4279995,0.046
754301400025593,zi,58894.43056,13.373282,0.012540085,0.18867533,13.4279995,0.046
755304300003173,zi,58894.44977,13.254848,0.013867298,0.18186215,13.404,0.057
754201400009034,zr,58894.47829,13.5307,0.013986142,0.11092777,13.648999,0.039
755204300010795,zr,58894.47967,13.437815,0.015049247,0.11248472,13.648,0.048
755204300010795,zr,58894.48865,13.493252,0.014971409,0.114873126,13.648,0.048
754201400009034,zr,58894.49003,13.511884,0.014013703,0.10805742,13.648999,0.039
754101400005929,zg,58895.21685,14.115502,0.0130316075,-0.048388425,14.188001,0.035
754101400005929,zg,58895.24795,14.15038,0.012988308,-0.040485326,14.188001,0.035
754301400025593,zi,58895.33325,13.359703,0.012552292,0.1887667,13.4279995,0.046
755304300003173,zi,58895.33442,13.334646,0.013756124,0.19141404,13.404,0.057
754301400025593,zi,58895.34822,13.383888,0.012530607,0.19266354,13.4279995,0.046
755304300003173,zi,58895.37042,13.319315,0.013777301,0.18598098,13.404,0.057
755104300001578,zg,58895.39589,14.180283,0.015594223,-0.08648095,14.152,0.042
755104300001578,zg,58895.41299,14.162674,0.015602534,-0.08225884,14.152,0.042
755204300010795,zr,58895.43472,13.522662,0.014930622,0.1143301,13.648,0.048
754201400009034,zr,58895.4552,13.534659,0.013980364,0.1149751,13.648999,0.039
755204300010795,zr,58895.48119,13.545449,0.014899271,0.117199816,13.648,0.048
754201400009034,zr,58895.48166,13.548095,0.013960817,0.1071289,13.648999,0.039
754301400025593,zi,58896.32502,13.358301,0.012553558,0.1930288,13.4279995,0.046
754301400025593,zi,58896.34823,13.347479,0.012563352,0.1904437,13.4279995,0.046
755304300003173,zi,58896.37033,13.354325,0.013729074,0.18916191,13.404,0.057
755304300003173,zi,58896.39244,13.380786,0.013692938,0.19087888,13.404,0.057
754201400009034,zr,58898.32628,13.447853,0.014108723,0.10340716,13.648999,0.039
755204300010795,zr,58898.34815,13.476327,0.014995041,0.10504285,13.648,0.048
754201400009034,zr,58898.35515,13.5160265,0.01400762,0.09922057,13.648999,0.039
755204300010795,zr,58898.36856,13.472727,0.015000084,0.107330434,13.648,0.048
754201400009034,zr,58898.36999,13.506745,0.014021257,0.10759238,13.648999,0.039
754201400009034,zr,58898.37089,13.458765,0.014092399,0.104466826,13.648999,0.039
755204300010795,zr,58898.37561,13.465653,0.015010006,0.10550818,13.648,0.048
754101400005929,zg,58898.39487,14.109946,0.013038599,-0.07980217,14.188001,0.035
754101400005929,zg,58898.39578,14.131799,0.013011251,-0.083484314,14.188001,0.035
755104300001578,zg,58898.3967,14.123835,0.015621527,-0.10747215,14.152,0.042
755104300001578,zg,58898.41492,14.124026,0.015621432,-0.09869748,14.152,0.042
755104300001578,zg,58898.41582,14.145844,0.015610655,-0.105452135,14.152,0.042
754101400005929,zg,58898.41859,14.093994,0.013058808,-0.06697564,14.188001,0.035
754101400005929,zg,58898.42993,14.108746,0.013040111,-0.07913329,14.188001,0.035
755204300010795,zr,58898.47117,13.468219,0.015006404,0.105570406,13.648,0.048
754201400009034,zr,58899.33252,13.542444,0.013969027,0.10007945,13.648999,0.039
755204300010795,zr,58899.35331,13.488656,0.014977813,0.11444023,13.648,0.048
754201400009034,zr,58899.35379,13.491497,0.014043752,0.103270106,13.648999,0.039
755204300010795,zr,58899.35426,13.503374,0.01495733,0.11151603,13.648,0.048
754201400009034,zr,58899.35473,13.506073,0.014022248,0.10722274,13.648999,0.039
754101400005929,zg,58899.37338,14.076888,0.013080707,-0.06115378,14.188001,0.035
755104300001578,zg,58899.37671,14.10436,0.015631389,-0.090195104,14.152,0.042
754101400005929,zg,58899.39146,14.083497,0.01307222,-0.0626812,14.188001,0.035
754101400005929,zg,58899.39236,14.069526,0.013090204,-0.062168792,14.188001,0.035
755104300001578,zg,58899.39329,14.114117,0.01562642,-0.08919395,14.152,0.042
755104300001578,zg,58899.41521,14.064263,0.015652372,-0.07899503,14.152,0.042
755104300001578,zg,58899.4166,14.103217,0.015631972,-0.09869526,14.152,0.042
754101400005929,zg,58899.41889,14.069834,0.013089806,-0.07133574,14.188001,0.035
754201400009034,zr,58899.452,13.484147,0.014054634,0.106652245,13.648999,0.039
755204300010795,zr,58899.45291,13.50052,0.014961295,0.111679785,13.648,0.048
755204300010795,zr,58899.4764,13.471612,0.015001645,0.110936,13.648,0.048
754101400005929,zg,58900.32189,14.123061,0.013022139,-0.07197868,14.188001,0.035
754101400005929,zg,58900.33038,14.093652,0.0130592445,-0.07438993,14.188001,0.035
755104300001578,zg,58900.34675,14.095613,0.015635885,-0.09825496,14.152,0.042
754101400005929,zg,58900.34722,14.080799,0.0130756805,-0.063838944,14.188001,0.035
755104300001578,zg,58900.35323,14.148674,0.0156092765,-0.10463618,14.152,0.042
755104300001578,zg,58900.3713,14.105789,0.015630657,-0.086423256,14.152,0.042
754101400005929,zg,58900.37497,14.09193,0.013061438,-0.0697844,14.188001,0.035
755104300001578,zg,58900.39002,14.134222,0.01561636,-0.0815161,14.152,0.042
754201400009034,zr,58900.40913,13.49646,0.014036418,0.10328254,13.648999,0.039
754201400009034,zr,58900.41004,13.549018,0.013959475,0.111574806,13.648999,0.039
755204300010795,zr,58900.41463,13.468098,0.015006573,0.10831057,13.648,0.048
754201400009034,zr,58900.42708,13.509035,0.014017889,0.101829626,13.648999,0.039
755204300010795,zr,58900.428,13.476797,0.014994384,0.10537238,13.648,0.048
755204300010795,zr,58901.39465,13.508672,0.014949979,0.1159805,13.648,0.048
755204300010795,zr,58901.39555,13.500203,0.014961735,0.11368887,13.648,0.048
754201400009034,zr,58901.39745,13.516664,0.014006685,0.10515159,13.648999,0.039
754201400009034,zr,58901.39836,13.50935,0.014017426,0.1061651,13.648999,0.039
754201400009034,zr,58901.40919,13.508931,0.014018044,0.104156986,13.648999,0.039
755204300010795,zr,58901.41058,13.504951,0.01495514,0.11404092,13.648,0.048
754201400009034,zr,58901.42928,13.502327,0.014027765,0.104338124,13.648999,0.039
755204300010795,zr,58901.43068,13.50252,0.014958517,0.116238214,13.648,0.048
754201400009034,zr,58901.45171,13.464568,0.014083738,0.11169901,13.648999,0.039
755204300010795,zr,58901.4526,13.506928,0.014952397,0.12017958,13.648,0.048
754201400009034,zr,58901.47154,13.490145,0.014045753,0.108908,13.648999,0.039
755204300010795,zr,58901.47292,13.49312,0.014971592,0.115539,13.648,0.048
754101400005929,zg,58903.32035,14.148407,0.012990732,-0.068881586,14.188001,0.035
754101400005929,zg,58903.33106,14.148835,0.012990206,-0.09366511,14.188001,0.035
755104300001578,zg,58903.34684,14.124993,0.015620947,-0.106648214,14.152,0.042
754101400005929,zg,58903.34732,14.094936,0.01305761,-0.06306931,14.188001,0.035
754101400005929,zg,58903.35099,14.104715,0.013045203,-0.07269128,14.188001,0.035
755104300001578,zg,58903.35146,14.146753,0.015610211,-0.10576868,14.152,0.042
755104300001578,zg,58903.37013,14.141811,0.015612624,-0.092488594,14.152,0.042
755204300010795,zr,58903.38761,13.445904,0.015037814,0.121909566,13.648,0.048
754201400009034,zr,58903.3904,13.507425,0.014020259,0.1069998,13.648999,0.039
754201400009034,zr,58903.39131,13.504747,0.014024199,0.10523352,13.648999,0.039
754201400009034,zr,58903.40732,13.512484,0.014012822,0.10779616,13.648999,0.039
755204300010795,zr,58903.40871,13.469244,0.015004966,0.110446155,13.648,0.048
755204300010795,zr,58903.40961,13.495291,0.014968569,0.10818675,13.648,0.048
755204300010795,zr,58903.43506,13.466727,0.015008498,0.11071659,13.648,0.048
754201400009034,zr,58903.43596,13.545748,0.013964224,0.106001094,13.648999,0.039
754201400009034,zr,58903.45221,13.50468,0.014024299,0.106871024,13.648999,0.039
755204300010795,zr,58903.45318,13.485936,0.014981609,0.10680413,13.648,0.048
755204300010795,zr,58903.4726,13.534679,0.014914061,0.1157428,13.648,0.048
754201400009034,zr,58903.47397,13.499293,0.014032238,0.10709059,13.648999,0.039
754201400009034,zr,58903.49336,13.438379,0.014122941,0.10871536,13.648999,0.039
755204300010795,zr,58903.49426,13.420503,0.015073805,0.10978926,13.648,0.048
754201400009034,zr,58904.22916,13.562728,0.013939624,0.11508503,13.648999,0.039
754201400009034,zr,58904.24605,13.509176,0.0140176825,0.111566015,13.648999,0.039
754101400005929,zg,58904.28393,14.1149025,0.013032362,-0.06200544,14.188001,0.035
755104300001578,zg,58904.29011,14.147129,0.015610026,-0.07209324,14.152,0.042
754101400005929,zg,58904.30485,14.1497755,0.01298905,-0.07977429,14.188001,0.035
755104300001578,zg,58904.3128,14.184396,0.015592311,-0.09757438,14.152,0.042
754101400005929,zg,58904.31326,14.11259,0.013035269,-0.062714145,14.188001,0.035
754301400025593,zi,58904.3289,13.331705,0.012577719,0.18833077,13.4279995,0.046
754301400025593,zi,58904.34833,13.324495,0.012584321,0.18705243,13.4279995,0.046
755304300003173,zi,58904.37688,13.325172,0.0137692,0.19171248,13.404,0.057
755304300003173,zi,58904.39215,13.320363,0.013775851,0.19291444,13.404,0.057
755104300001578,zg,58904.43787,14.078907,0.0156446,-0.0646136,14.152,0.042
755204300010795,zr,58904.46767,13.527918,0.014923371,0.11792408,13.648,0.048
754201400009034,zr,58904.46815,13.522126,0.01399868,0.10580832,13.648999,0.039
755204300010795,zr,58904.46862,13.488689,0.014977766,0.12222206,13.648,0.048
755204300010795,zr,58904.49682,13.513983,0.01494262,0.11547507,13.648,0.048
754201400009034,zr,58905.22823,13.405064,0.014173244,0.12212084,13.648999,0.039
754201400009034,zr,58905.24806,13.483833,0.014055097,0.107764654,13.648999,0.039
755104300001578,zg,58905.28383,14.076312,0.015645972,-0.04980555,14.152,0.042
755104300001578,zg,58905.28945,14.093736,0.015636858,-0.05833732,14.152,0.042
754101400005929,zg,58905.29035,14.067221,0.013093186,-0.03134463,14.188001,0.035
754101400005929,zg,58905.30453,14.038116,0.013131194,-0.040157836,14.188001,0.035
755104300001578,zg,58905.30873,14.078967,0.01564457,-0.06290567,14.152,0.042
754101400005929,zg,58905.3092,14.064485,0.013096729,-0.049038384,14.188001,0.035
754301400025593,zi,58905.32516,13.288321,0.012617781,0.19156359,13.4279995,0.046
754301400025593,zi,58905.35454,13.19096,0.012710478,0.19933096,13.4279995,0.046
755304300003173,zi,58905.3769,13.111174,0.014073023,0.1969269,13.404,0.057
754201400009034,zr,58906.24988,13.491621,0.014043569,0.103068925,13.648999,0.039
754101400005929,zg,58906.30012,14.102423,0.013048105,-0.06936365,14.188001,0.035
754101400005929,zg,58906.3115,14.145158,0.012994729,-0.0807087,14.188001,0.035
755104300001578,zg,58906.32631,14.138591,0.015614205,-0.084507376,14.152,0.042
754101400005929,zg,58906.32679,14.133753,0.013008824,-0.07630709,14.188001,0.035
755104300001578,zg,58906.35036,14.134865,0.015616043,-0.06602384,14.152,0.042
755104300001578,zg,58906.35131,14.118499,0.0156242065,-0.07041137,14.152,0.042
755304300003173,zi,58906.37149,13.324837,0.013769665,0.19226153,13.404,0.057
754301400025593,zi,58906.37612,13.360993,0.01255113,0.18960035,13.4279995,0.046
755304300003173,zi,58906.39172,13.29374,0.013812822,0.18835926,13.404,0.057
754301400025593,zi,58906.40401,13.353771,0.012557652,0.18993053,13.4279995,0.046
754201400009034,zr,58906.45732,13.510433,0.014015833,0.10976542,13.648999,0.039
754201400009034,zr,58906.45822,13.502914,0.0140269,0.110525995,13.648999,0.039
755204300010795,zr,58906.47368,13.516986,0.014938465,0.11853857,13.648,0.048
755204300010795,zr,58906.47459,13.522747,0.014930505,0.11250256,13.648,0.048
755204300010795,zr,58906.49877,13.5074835,0.014951626,0.10912906,13.648,0.048
755104300001578,zg,58908.32831,14.149573,0.015608839,-0.08883372,14.152,0.042
754101400005929,zg,58908.32877,14.104209,0.013045843,-0.063652106,14.188001,0.035
754101400005929,zg,58908.33252,14.129535,0.013014066,-0.073232174,14.188001,0.035
755104300001578,zg,58908.333,14.175897,0.015596277,-0.09942452,14.152,0.042
755104300001578,zg,58908.35323,14.129269,0.015618817,-0.07565936,14.152,0.042
755304300003173,zi,58908.37239,13.280133,0.013831819,0.18797986,13.404,0.057
754301400025593,zi,58908.37472,13.354956,0.012556581,0.18533535,13.4279995,0.046
755304300003173,zi,58908.39261,13.302886,0.013800093,0.18999907,13.404,0.057
754301400025593,zi,58908.4055,13.363741,0.012548653,0.18848874,13.4279995,0.046
755204300010795,zr,58908.44955,13.444065,0.015040411,0.11585902,13.648,0.048
755204300010795,zr,58908.45045,13.437717,0.015049385,0.11716618,13.648,0.048
754201400009034,zr,58908.45091,13.521806,0.013999149,0.10912186,13.648999,0.039
754101400005929,zg,58909.22308,14.027516,0.013145197,-0.022018759,14.188001,0.035
755104300001578,zg,58909.24463,14.036467,0.015667446,-0.03580969,14.152,0.042
755104300001578,zg,58909.26775,13.948454,0.015717896,-0.0065318584,14.152,0.042
754101400005929,zg,58909.27342,13.992597,0.013191929,-0.05167592,14.188001,0.035
754101400005929,zg,58909.27433,13.978243,0.013211398,-0.03466058,14.188001,0.035
755104300001578,zg,58909.29119,14.00161,0.015686942,-0.040433276,14.152,0.042
754301400025593,zi,58909.35543,13.329242,0.012579972,0.19347319,13.4279995,0.046
755304300003173,zi,58909.35658,13.341754,0.013746339,0.19484,13.404,0.057
755204300010795,zr,58911.22392,13.4079075,0.015091744,0.14134708,13.648,0.048
754201400009034,zr,58911.23003,13.510988,0.014015019,0.10624756,13.648999,0.039
755204300010795,zr,58911.2485,13.478449,0.014992072,0.11497737,13.648,0.048
754201400009034,zr,58911.24897,13.428827,0.014137313,0.114559494,13.648999,0.039
754201400009034,zr,58911.24988,13.461931,0.014087672,0.11630066,13.648999,0.039
755304300003173,zi,58911.27684,13.353156,0.013730678,0.19754471,13.404,0.057
754301400025593,zi,58911.2839,13.305989,0.012601371,0.20018795,13.4279995,0.046
754301400025593,zi,58911.3062,13.329623,0.012579623,0.19216143,13.4279995,0.046
755304300003173,zi,58911.33071,13.37118,0.013706024,0.18848301,13.404,0.057
754101400005929,zg,58911.3716,14.101477,0.013049303,-0.033254784,14.188001,0.035
755104300001578,zg,58911.37254,14.108388,0.015629329,-0.065727904,14.152,0.042
754101400005929,zg,58911.39387,14.13275,0.01301007,-0.058071397,14.188001,0.035
754101400005929,zg,58911.39477,14.144264,0.012995828,-0.06356697,14.188001,0.035
755104300001578,zg,58911.39616,14.167204,0.015600378,-0.100219905,14.152,0.042
755104300001578,zg,58911.41102,14.168644,0.015599696,-0.08539185,14.152,0.042
755204300010795,zr,58911.44673,13.601172,0.014823561,0.09884124,13.648,0.048
754101400005929,zg,58912.26309,14.202277,0.012925798,-0.06635097,14.188001,0.035
755104300001578,zg,58912.27059,14.163164,0.015602299,-0.054494143,14.152,0.042
754101400005929,zg,58912.2825,14.209827,0.012916899,-0.065471,14.188001,0.035
754101400005929,zg,58912.2834,14.172122,0.0129618365,-0.062403016,14.188001,0.035
755104300001578,zg,58912.29001,14.213946,0.015578874,-0.05949061,14.152,0.042
755304300003173,zi,58912.32778,13.319889,0.013776507,0.18421148,13.404,0.057
754301400025593,zi,58912.32895,13.350358,0.012560741,0.18568042,13.4279995,0.046
754301400025593,zi,58912.37479,13.387343,0.012527531,0.19455498,13.4279995,0.046
755304300003173,zi,58912.39463,13.371688,0.013705332,0.18717726,13.404,0.057
754201400009034,zr,58912.43258,13.575439,0.0139213,0.10196954,13.648999,0.039
754201400009034,zr,58912.43366,13.571486,0.0139269885,0.10789099,13.648999,0.039
755204300010795,zr,58912.43457,13.548936,0.014894494,0.11828381,13.648,0.048
755204300010795,zr,58912.45767,13.548364,0.014895276,0.11453459,13.648,0.048
754201400009034,zr,58912.45815,13.582995,0.013910446,0.10923472,13.648999,0.039
755204300010795,zr,58912.45919,13.541482,0.014904712,0.115126185,13.648,0.048
755104300001578,zg,58912.5148,14.221537,0.015575513,-0.09638412,14.152,0.042
754201400009034,zr,58913.24958,13.554457,0.013951589,0.111303285,13.648999,0.039
754101400005929,zg,58913.29053,14.172006,0.012961977,-0.05783194,14.188001,0.035
755104300001578,zg,58913.3107,14.194229,0.01558778,-0.0658119,14.152,0.042
754101400005929,zg,58913.31117,14.134418,0.013008,-0.023180159,14.188001,0.035
754101400005929,zg,58913.31212,14.183132,0.012948588,-0.05436183,14.188001,0.035
755104300001578,zg,58913.32798,14.205019,0.015582875,-0.06911945,14.152,0.042
755104300001578,zg,58913.32985,14.246503,0.015564718,-0.07024283,14.152,0.042
755304300003173,zi,58913.35061,13.282848,0.013828023,0.18480037,13.404,0.057
754301400025593,zi,58913.35415,13.312079,0.012595744,0.18752287,13.4279995,0.046
755304300003173,zi,58913.37754,13.271968,0.013843252,0.18531631,13.404,0.057
754301400025593,zi,58913.37871,13.339081,0.012570987,0.18923429,13.4279995,0.046
754201400009034,zr,58913.4366,13.500893,0.014029879,0.106588386,13.648999,0.039
755204300010795,zr,58913.4375,13.515955,0.014939891,0.12899783,13.648,0.048
754201400009034,zr,58913.43798,13.538337,0.013975005,0.113721386,13.648999,0.039
755204300010795,zr,58913.45636,13.563762,0.014874239,0.11612095,13.648,0.048
755204300010795,zr,58913.47446,13.540439,0.014906146,0.11544599,13.648,0.048
755104300001578,zg,58914.24776,14.201658,0.015584395,-0.07387607,14.152,0.042
754301400025593,zi,58914.2834,13.363616,0.012548766,0.18876469,13.4279995,0.046
755304300003173,zi,58914.30444,13.288078,0.013820721,0.18573487,13.404,0.057
754301400025593,zi,58914.30561,13.332418,0.012577065,0.18634953,13.4279995,0.046
754201400009034,zr,58914.35214,13.541531,0.0139703555,0.11337885,13.648999,0.039
754201400009034,zr,58914.35304,13.535818,0.013978675,0.10953146,13.648999,0.039
755204300010795,zr,58914.35397,13.567281,0.014869446,0.11383898,13.648,0.048
755204300010795,zr,58914.37139,13.437217,0.015050095,0.10699619,13.648,0.048
754201400009034,zr,58914.38904,13.625081,0.013850526,0.1038929,13.648999,0.039
755104300001578,zg,58914.43525,14.220442,0.015575996,-0.07848292,14.152,0.042
755104300001578,zg,58914.43617,14.192254,0.015588685,-0.08183281,14.152,0.042
754101400005929,zg,58915.2308,14.184709,0.012946698,-0.04587415,14.188001,0.035
754101400005929,zg,58915.24386,14.178393,0.012954278,-0.029293936,14.188001,0.035
754101400005929,zg,58915.24476,14.184674,0.012946737,-0.039227504,14.188001,0.035
755104300001578,zg,58915.24963,14.191209,0.015589165,-0.061753225,14.152,0.042
754301400025593,zi,58915.28126,13.328198,0.0125809265,0.18615122,13.4279995,0.046
755304300003173,zi,58915.30344,13.308231,0.013792666,0.18984279,13.404,0.057
754301400025593,zi,58915.3046,13.363233,0.012549113,0.1877805,13.4279995,0.046
755304300003173,zi,58915.32675,13.184693,0.013966898,0.18440479,13.404,0.057
754201400009034,zr,58915.41232,13.61091,0.013870599,0.110652074,13.648999,0.039
754201400009034,zr,58915.41328,13.597449,0.013889764,0.12126629,13.648999,0.039
755204300010795,zr,58915.41519,13.50498,0.0149551,0.11901739,13.648,0.048
755204300010795,zr,58915.43242,13.601414,0.0148232365,0.104748055,13.648,0.048
755204300010795,zr,58915.43332,13.578736,0.01485388,0.11150996,13.648,0.048
754201400009034,zr,58915.4338,13.5568285,0.013948155,0.102823,13.648999,0.039
755104300001578,zg,58915.45631,14.183171,0.015592881,-0.03969261,14.152,0.042
755104300001578,zg,58915.45815,14.231328,0.01557123,-0.10380311,14.152,0.042
754101400005929,zg,58936.27098,14.074675,0.013083558,-0.065896966,14.188001,0.035
755104300001578,zg,58936.27902,14.132327,0.015617298,-0.11098797,14.152,0.042
754101400005929,zg,58936.27995,14.026301,0.013146808,-0.06528124,14.188001,0.035
754101400005929,zg,58936.28175,14.079242,0.01307768,-0.06731224,14.188001,0.035
755104300001578,zg,58936.28268,14.169737,0.015599178,-0.11798083,14.152,0.042
754301400025593,zi,58936.32945,13.247591,0.012656103,0.18571818,13.4279995,0.046
754301400025593,zi,58936.34777,13.229679,0.012673167,0.18268399,13.4279995,0.046
755204300010795,zr,58936.40834,13.410886,0.0150874965,0.10977561,13.648,0.048
755204300010795,zr,58936.41278,13.515746,0.01494018,0.112255655,13.648,0.048
755204300010795,zr,58936.43024,13.473798,0.014998583,0.10865024,13.648,0.048
755304300003173,zi,58939.24485,13.355346,0.013727675,0.1921177,13.404,0.057
754301400025593,zi,58939.24601,13.374899,0.012538637,0.18638557,13.4279995,0.046
754101400005929,zg,58939.30494,14.132976,0.013009789,-0.06294843,14.188001,0.035
755104300001578,zg,58939.30584,14.190482,0.015589499,-0.077735156,14.152,0.042
754101400005929,zg,58939.32987,14.133043,0.013009706,-0.04222028,14.188001,0.035
754101400005929,zg,58939.34676,14.101561,0.013049196,-0.037670653,14.188001,0.035
755104300001578,zg,58939.34815,14.148427,0.015609397,-0.047119495,14.152,0.042
755104300001578,zg,58940.37204,14.164963,0.015601444,-0.074227795,14.152,0.042
754201400009034,zr,58941.2274,13.570874,0.013927872,0.09870773,13.648999,0.039
754101400005929,zg,58941.24447,14.130837,0.0130124455,-0.038825903,14.188001,0.035
754101400005929,zg,58941.26596,14.152721,0.012985438,-0.04264274,14.188001,0.035
755104300001578,zg,58941.26689,14.129294,0.015618804,-0.059993014,14.152,0.042
754301400025593,zi,58941.30734,13.367033,0.012545692,0.18938702,13.4279995,0.046
754301400025593,zi,58941.32306,13.363933,0.012548481,0.1923962,13.4279995,0.046
755304300003173,zi,58941.32535,13.356752,0.013725747,0.18923785,13.404,0.057
755304300003173,zi,58941.34584,13.371336,0.013705811,0.19049327,13.404,0.057
754201400009034,zr,58941.36618,13.511588,0.014014138,0.11493739,13.648999,0.039
755204300010795,zr,58941.37341,13.500265,0.01496165,0.12609443,13.648,0.048
755204300010795,zr,58941.39756,13.561338,0.014877543,0.108766034,13.648,0.048
755104300001578,zg,58941.46711,14.054924,0.01565739,-0.04747014,14.152,0.042
754301400025593,zi,58944.28474,13.350402,0.012560701,0.1824402,13.4279995,0.046
755304300003173,zi,58944.31445,13.377642,0.013697217,0.18621762,13.404,0.057
754301400025593,zi,58944.32418,13.390664,0.012524578,0.18648656,13.4279995,0.046
755304300003173,zi,58944.32647,13.333262,0.013758033,0.18788837,13.404,0.057
754201400009034,zr,58944.35123,13.554201,0.013951959,0.10585652,13.648999,0.039
754201400009034,zr,58944.35213,13.570496,0.013928418,0.10473363,13.648999,0.039
755204300010795,zr,58944.36782,13.600279,0.014824764,0.10136569,13.648,0.048
754201400009034,zr,58944.37068,13.53667,0.013977434,0.12061349,13.648999,0.039
755204300010795,zr,58944.37114,13.57968,0.014852598,0.10848935,13.648,0.048
755204300010795,zr,58944.39363,13.591886,0.014836083,0.11585062,13.648,0.048
755104300001578,zg,58944.42608,14.186404,0.015591381,-0.065120526,14.152,0.042
755104300001578,zg,58944.42702,14.161868,0.01560292,-0.037593607,14.152,0.042
754201400009034,zr,58954.21335,13.524477,0.013995238,0.11447946,13.648999,0.039
754201400009034,zr,58954.24631,13.5627575,0.01393958,0.10334086,13.648999,0.039
754201400009034,zr,58954.24721,13.553991,0.013952264,0.10674897,13.648999,0.039
755204300010795,zr,58954.24814,13.5119295,0.014945464,0.11284438,13.648,0.048
755204300010795,zr,58954.27306,13.524059,0.014928694,0.119223125,13.648,0.048
755204300010795,zr,58954.27396,13.55146,0.014891039,0.115632005,13.648,0.048
754101400005929,zg,58954.2917,14.145837,0.012993892,-0.07486607,14.188001,0.035
755104300001578,zg,58954.29353,14.142138,0.0156124635,-0.09001549,14.152,0.042
754101400005929,zg,58954.30638,14.14519,0.012994688,-0.061368,14.188001,0.035
754101400005929,zg,58954.30729,14.164394,0.012971199,-0.07738535,14.188001,0.035
755104300001578,zg,58954.30927,14.177136,0.015595695,-0.07988554,14.152,0.042
755104300001578,zg,58954.31017,14.174296,0.015597028,-0.093982555,14.152,0.042
755304300003173,zi,58954.32628,13.355167,0.013727919,0.19452208,13.404,0.057
754301400025593,zi,58954.32766,13.342966,0.01256745,0.19631198,13.4279995,0.046
755304300003173,zi,58954.34022,13.362388,0.013718035,0.19224998,13.404,0.057
754301400025593,zi,58954.3611,13.355061,0.012556486,0.19192186,13.4279995,0.046
754201400009034,zr,58955.22961,13.535465,0.01397919,0.10659451,13.648999,0.039
755204300010795,zr,58955.2405,13.503011,0.014957835,0.113107026,13.648,0.048
754201400009034,zr,58955.24328,13.552458,0.013954485,0.1045355,13.648999,0.039
755204300010795,zr,58955.26032,13.528707,0.0149222845,0.107872255,13.648,0.048
754101400005929,zg,58955.30991,14.124785,0.013019985,-0.05327595,14.188001,0.035
755104300001578,zg,58955.31086,14.180268,0.01559423,-0.0979507,14.152,0.042
755104300001578,zg,58955.32592,14.179631,0.015594528,-0.11511237,14.152,0.042
754101400005929,zg,58955.32638,14.151925,0.012986415,-0.061158128,14.188001,0.035
754301400025593,zi,58955.34396,13.345581,0.0125650745,0.19433022,13.4279995,0.046
755304300003173,zi,58955.34626,13.351731,0.013732632,0.19494091,13.404,0.057
754301400025593,zi,58955.36147,13.345792,0.012564883,0.186283,13.4279995,0.046
755304300003173,zi,58955.38254,13.339985,0.013748772,0.18872909,13.404,0.057
1754211300004843,zr,58956.28548,13.527561,0.014452882,0.11893969,13.546,0.043
1754211300004843,zr,58956.28593,13.484769,0.01452609,0.120617904,13.546,0.043
754201400009034,zr,58956.28638,13.522486,0.013998153,0.10798481,13.648999,0.039
755204300010795,zr,58956.28776,13.490977,0.014974576,0.11373806,13.648,0.048
755104300001578,zg,58962.24216,14.191215,0.015589163,-0.08549477,14.152,0.042
754101400005929,zg,58962.24354,14.129752,0.013013795,-0.066653565,14.188001,0.035
754201400009034,zr,58962.26243,13.531959,0.013984306,0.10435777,13.648999,0.039
755204300010795,zr,58962.28753,13.554485,0.014886901,0.10401511,13.648,0.048
755104300001578,zg,58963.32107,14.164388,0.015601719,-0.07373344,14.152,0.042
755304300003173,zi,58964.3018,13.2604885,0.013859365,0.19367023,13.404,0.057
755104300001578,zg,58965.24066,14.177426,0.01559556,-0.08737707,14.152,0.042
754101400005929,zg,58965.24157,14.149855,0.012988954,-0.04952431,14.188001,0.035
755204300010795,zr,58965.27853,13.522176,0.014931292,0.112330206,13.648,0.048
754301400025593,zi,58965.37102,13.349671,0.012561364,0.19246455,13.4279995,0.046
754201400009034,zr,58968.19992,13.582239,0.01391153,0.112765335,13.648999,0.039
755104300001578,zg,58968.2601,14.197071,0.01558648,-0.08220716,14.152,0.042
1754111300007020,zg,58968.26103,14.162654,0.014011117,-0.08811941,14.176001,0.037
1754111300007020,zg,58968.26151,14.155677,0.014021594,-0.07499476,14.176001,0.037
754101400005929,zg,58968.26571,14.149105,0.012989875,-0.06098628,14.188001,0.035
754101400005929,zg,58968.28091,14.187783,0.012943019,-0.06374826,14.188001,0.035
755204300010795,zr,58968.37036,13.442691,0.015042352,0.115647346,13.648,0.048
754301400025593,zi,58969.26473,13.312741,0.012595132,0.19309673,13.4279995,0.046
755204300010795,zr,58970.20034,13.592155,0.014835718,0.119186655,13.648,0.048
754201400009034,zr,58970.20129,13.607637,0.013875252,0.108174056,13.648999,0.039
754201400009034,zr,58971.16687,13.5421505,0.013969453,0.10912994,13.648999,0.039
755204300010795,zr,58971.16734,13.534249,0.014914652,0.111829445,13.648,0.048
754201400009034,zr,58971.2029,13.615412,0.013864212,0.10628369,13.648999,0.039
754201400009034,zr,58971.20384,13.604367,0.013879904,0.110221066,13.648999,0.039
755204300010795,zr,58971.2242,13.4917555,0.014973492,0.1138033,13.648,0.048
755204300010795,zr,58971.22513,13.600609,0.01482432,0.10561367,13.648,0.048
754101400005929,zg,58971.26203,14.205857,0.012921571,-0.03353378,14.188001,0.035
754101400005929,zg,58971.26297,14.196883,0.012932184,-0.04067005,14.188001,0.035
755104300001578,zg,58971.28114,14.225556,0.015573748,-0.097664975,14.152,0.042
755104300001578,zg,58971.28207,14.20943,0.0155808935,-0.062103074,14.152,0.042
755204300010795,zr,58972.19752,13.582548,0.014848711,0.11608796,13.648,0.048
754201400009034,zr,58972.19992,13.5901985,0.013900126,0.10502776,13.648999,0.039
755104300001578,zg,58972.22493,14.190392,0.015589539,-0.06232455,14.152,0.042
754101400005929,zg,58972.23669,14.198726,0.012930001,-0.044156395,14.188001,0.035
755304300003173,zi,58972.29922,13.301121,0.013802548,0.19182475,13.404,0.057
754201400009034,zr,58973.18582,13.619807,0.013857986,0.103422955,13.648999,0.039
755204300010795,zr,58973.18866,13.573084,0.014861552,0.114445426,13.648,0.048
754101400005929,zg,58973.22905,14.20123,0.012927036,-0.03656861,14.188001,0.035
755104300001578,zg,58973.24433,14.202489,0.015584019,-0.054826077,14.152,0.042
754101400005929,zg,58974.1954,14.210231,0.012916425,-0.041769233,14.188001,0.035
754101400005929,zg,58974.19634,14.216067,0.012909585,-0.054600183,14.188001,0.035
755104300001578,zg,58974.19914,14.205001,0.015582884,-0.050395604,14.152,0.042
755104300001578,zg,58974.2015,14.208799,0.015581175,-0.06944296,14.152,0.042
754201400009034,zr,58974.23764,13.602797,0.013882142,0.1071037,13.648999,0.039
754201400009034,zr,58974.24293,13.593379,0.013895578,0.11552463,13.648999,0.039
755204300010795,zr,58974.25601,13.556738,0.014883823,0.123103134,13.648,0.048
755204300010795,zr,58974.26378,13.567695,0.014868882,0.11273967,13.648,0.048
754201400009034,zr,58974.26668,13.601916,0.013883395,0.11391696,13.648999,0.039
754301400025593,zi,58974.38815,13.377207,0.012536572,0.19482172,13.4279995,0.046
755204300010795,zr,58975.17554,13.479432,0.014990696,0.10303631,13.648,0.048
754201400009034,zr,58975.17649,13.575724,0.013920892,0.10886341,13.648999,0.039
754101400005929,zg,58975.22835,14.135074,0.013007185,-0.03718551,14.188001,0.035
755104300001578,zg,58975.24353,14.155225,0.015606107,-0.05571997,14.152,0.042
755104300001578,zg,58975.28973,14.13852,0.0156142395,-0.029958317,14.152,0.042
1754111300007020,zg,58975.29393,14.159387,0.01401602,-0.05316994,14.176001,0.037
754101400005929,zg,58976.19738,14.150723,0.012987887,-0.030405324,14.188001,0.035
755104300001578,zg,58976.19837,14.244606,0.015565525,-0.0889995,14.152,0.042
754201400009034,zr,58976.23735,13.566173,0.0139346495,0.11871241,13.648999,0.039
755204300010795,zr,58976.23833,13.521818,0.014931786,0.12318018,13.648,0.048
1754211300004843,zr,58976.2848,13.555748,0.014405088,0.13939728,13.546,0.043
1754211300004843,zr,58976.28528,13.548196,0.014417861,0.14013444,13.546,0.043
755204300010795,zr,58976.28574,13.528509,0.014922556,0.12746735,13.648,0.048
754201400009034,zr,58976.29143,13.561248,0.013941761,0.11095476,13.648999,0.039
754201400009034,zr,58977.24505,13.570514,0.01392839,0.10934164,13.648999,0.039
754101400005929,zg,58978.17407,14.180152,0.012952161,-0.07286908,14.188001,0.035
755104300001578,zg,58978.20387,14.229115,0.015572194,-0.09562969,14.152,0.042
754201400009034,zr,58978.22585,13.558366,0.013945931,0.1058784,13.648999,0.039
755204300010795,zr,58978.24611,13.479436,0.014990691,0.10862508,13.648,0.048
755104300001578,zg,58979.22611,14.176084,0.015596189,-0.07919414,14.152,0.042
754101400005929,zg,58979.22705,14.124704,0.013020085,-0.03745081,14.188001,0.035
754101400005929,zg,58980.19826,14.14665,0.012992892,-0.072582506,14.188001,0.035
754101400005929,zg,58980.20154,14.10631,0.013043187,-0.06398237,14.188001,0.035
755104300001578,zg,58980.20248,14.153715,0.0156068355,-0.08639863,14.152,0.042
755104300001578,zg,58980.20342,14.218675,0.015576775,-0.09235817,14.152,0.042
754201400009034,zr,58980.24506,13.423774,0.014144934,0.107150726,13.648999,0.039
754201400009034,zr,58980.246,13.515166,0.0140088815,0.10489309,13.648999,0.039
755204300010795,zr,58980.26303,13.4319315,0.015057581,0.10817835,13.648,0.048
755104300001578,zg,58981.20858,14.150226,0.015608523,-0.08579994,14.152,0.042
754101400005929,zg,58981.20952,14.1530285,0.012985063,-0.058768455,14.188001,0.035
755204300010795,zr,58981.2467,13.592343,0.014835466,0.11921307,13.648,0.048
754201400009034,zr,58981.24767,13.568237,0.013931671,0.11052087,13.648999,0.039
755304300003173,zi,58981.34124,13.302408,0.013800758,0.1865251,13.404,0.057
754101400005929,zg,58985.18764,14.099543,0.013051757,-0.06801967,14.188001,0.035
754101400005929,zg,58985.18858,14.11074,0.0130376,-0.06628476,14.188001,0.035
755104300001578,zg,58985.19389,14.186687,0.015591248,-0.10366726,14.152,0.042
755104300001578,zg,58985.19671,14.17317,0.015597559,-0.09868685,14.152,0.042
754101400005929,zg,58986.19744,14.136062,0.013005962,-0.058867402,14.188001,0.035
755104300001578,zg,58986.19838,14.160686,0.015603484,-0.09905791,14.152,0.042
754201400009034,zr,58986.24938,13.539005,0.013974031,0.109700575,13.648999,0.039
755204300010795,zr,58986.26007,13.462048,0.015015071,0.10786156,13.648,0.048
754101400005929,zg,58987.2185,14.093431,0.013059524,-0.055424213,14.188001,0.035
755104300001578,zg,58987.23554,14.165421,0.015601226,-0.119250804,14.152,0.042
755304300003173,zi,58987.26705,13.177082,0.013977804,0.19104254,13.404,0.057
755204300010795,zr,58987.30312,13.5336685,0.0149154505,0.11113761,13.648,0.048
754201400009034,zr,58987.30452,13.514757,0.014009483,0.107632644,13.648999,0.039
754101400005929,zg,58991.18318,14.199903,0.012928608,-0.06255206,14.188001,0.035
754101400005929,zg,58991.18411,14.201622,0.012926573,-0.05619728,14.188001,0.035
755104300001578,zg,58991.18553,14.22549,0.015573776,-0.10005077,14.152,0.042
755104300001578,zg,58991.18646,14.219258,0.015576518,-0.10183883,14.152,0.042
755204300010795,zr,58991.21373,13.541277,0.014904995,0.10855469,13.648,0.048
755204300010795,zr,58991.21467,13.443938,0.0150405895,0.10645127,13.648,0.048
754201400009034,zr,58991.22091,13.581488,0.013912611,0.11105905,13.648999,0.039
754201400009034,zr,58991.22183,13.553987,0.013952271,0.110722385,13.648999,0.039
754101400005929,zg,58992.19866,14.20636,0.01292098,-0.07678469,14.188001,0.035
755104300001578,zg,58992.19963,14.203254,0.015583672,-0.09789578,14.152,0.042
755204300010795,zr,58992.23934,13.560681,0.014878439,0.1155216,13.648,0.048
755104300001578,zg,58993.24624,14.243035,0.015566193,-0.095721856,14.152,0.042
755204300010795,zr,58993.28112,13.575253,0.014858606,0.10758602,13.648,0.048
754201400009034,zr,58994.1957,13.578342,0.013917126,0.106219456,13.648999,0.039
754201400009034,zr,58994.19665,13.568332,0.013931536,0.10223227,13.648999,0.039
755204300010795,zr,58994.20285,13.529006,0.014921871,0.10306283,13.648,0.048
755204300010795,zr,58994.20378,13.502531,0.014958499,0.109541446,13.648,0.048
755104300001578,zg,58994.25031,14.2122555,0.015579629,-0.111414574,14.152,0.042
754101400005929,zg,58995.20575,14.216849,0.01290867,-0.07002138,14.188001,0.035
755104300001578,zg,58995.20622,14.26217,0.015558152,-0.08463255,14.152,0.042
754201400009034,zr,58995.2153,13.586566,0.013905328,0.10909357,13.648999,0.039
755204300010795,zr,58995.23293,13.543311,0.014902202,0.11867998,13.648,0.048
755104300001578,zg,58996.2023,14.213696,0.015578987,-0.078292616,14.152,0.042
754101400005929,zg,58996.20706,14.189814,0.012940596,-0.040989373,14.188001,0.035
755204300010795,zr,58996.24752,13.587844,0.014841544,0.11013283,13.648,0.048
754201400009034,zr,58996.25999,13.569108,0.013930417,0.11732918,13.648999,0.039
755104300001578,zg,58997.17676,14.20235,0.015584082,-0.074610405,14.152,0.042
755104300001578,zg,58997.17918,14.144711,0.015611207,-0.06948541,14.152,0.042
755204300010795,zr,58997.24516,13.561109,0.014877857,0.1169894,13.648,0.048
754201400009034,zr,58997.24562,13.582351,0.01391137,0.11047347,13.648999,0.039
755204300010795,zr,58997.24609,13.558492,0.014881428,0.10962991,13.648,0.048
754201400009034,zr,58997.24657,13.565903,0.013935041,0.1102896,13.648999,0.039
754101400005929,zg,58998.19769,14.191039,0.012939135,-0.06375208,14.188001,0.035
755104300001578,zg,58998.19866,14.312434,0.015538208,-0.09144661,14.152,0.042
755204300010795,zr,58998.23496,13.510042,0.014948078,0.11592049,13.648,0.048
754201400009034,zr,58998.23542,13.619018,0.0138591025,0.10979682,13.648999,0.039
755104300001578,zg,58999.22625,14.240513,0.015567271,-0.07860908,14.152,0.042
754101400005929,zg,58999.23412,14.204065,0.012923686,-0.028769553,14.188001,0.035
754201400009034,zr,58999.27879,13.620453,0.013857071,0.10218949,13.648999,0.039
755204300010795,zr,58999.27925,13.616535,0.014802934,0.114764966,13.648,0.048
754101400005929,zg,59000.23285,14.246041,0.012874936,-0.04599966,14.188001,0.035
754101400005929,zg,59000.23908,14.164063,0.0129716005,-0.026652873,14.188001,0.035
754101400005929,zg,59001.17272,14.239942,0.012881919,-0.04959733,14.188001,0.035
755104300001578,zg,59001.17366,14.205487,0.015582664,-0.06153695,14.152,0.042
755104300001578,zg,59001.1746,14.203532,0.015583547,-0.06056791,14.152,0.042
754201400009034,zr,59001.24574,13.534625,0.013980416,0.10464877,13.648999,0.039
755104300001578,zg,59004.19581,14.198928,0.015585635,-0.066126436,14.152,0.042
755204300010795,zr,59004.23849,13.59826,0.014827483,0.11979083,13.648,0.048
754201400009034,zr,59004.24514,13.583954,0.013909073,0.1050475,13.648999,0.039
755204300010795,zr,59009.17508,13.550298,0.014892629,0.12667905,13.648,0.048
754201400009034,zr,59009.18371,13.519647,0.014002312,0.11434176,13.648999,0.039
754101400005929,zg,59009.23702,14.104045,0.013046051,-0.02865392,14.188001,0.035
755104300001578,zg,59009.23986,14.15607,0.015605699,-0.06087948,14.152,0.042
755204300010795,zr,59012.22872,13.620173,0.014798065,0.11215655,13.648,0.048
754101400005929,zg,59013.22637,14.193467,0.012936243,-0.029519673,14.188001,0.035
754301400025593,zi,59014.27689,13.411521,0.012506155,0.1911646,13.4279995,0.046
755304300003173,zi,59014.27783,13.415799,0.013645548,0.19098462,13.404,0.057
754101400005929,zg,59017.21956,14.197486,0.01293147,-0.063629396,14.188001,0.035
754201400009034,zr,59017.24022,13.603894,0.013880578,0.1105008,13.648999,0.039
754301400025593,zi,59019.18002,13.281702,0.012623962,0.18028611,13.4279995,0.046
755204300010795,zr,59019.21594,13.555987,0.014884849,0.11213068,13.648,0.048
755104300001578,zg,59019.26341,14.173053,0.015597613,-0.055237457,14.152,0.042
754101400005929,zg,59020.20255,14.182152,0.01294976,-0.063563384,14.188001,0.035
754201400009034,zr,59020.2426,13.5717945,0.013926547,0.11085685,13.648999,0.039
755204300010795,zr,59022.22201,13.505866,0.014953869,0.11713058,13.648,0.048
754101400005929,zg,59023.2223,14.18498,0.012946371,-0.06456795,14.188001,0.035
754301400025593,zi,59023.25673,13.3464575,0.012564279,0.18923248,13.4279995,0.046
755304300003173,zi,59023.25767,13.338199,0.01375123,0.19027041,13.404,0.057
754201400009034,zr,59026.19693,13.571578,0.013926858,0.11008013,13.648999,0.039
755104300001578,zg,59028.20493,14.214797,0.015578496,-0.06861859,14.152,0.042
755204300010795,zr,59028.21692,13.600289,0.014824749,0.12243482,13.648,0.048
755304300003173,zi,59028.27253,13.348279,0.01373737,0.1871109,13.404,0.057
754301400025593,zi,59029.17726,13.344777,0.012565805,0.19646795,13.4279995,0.046
754201400009034,zr,59029.2263,13.477892,0.0140639115,0.124190584,13.648999,0.039
754101400005929,zg,59029.24149,14.077069,0.013080474,-0.029695097,14.188001,0.035
755104300001578,zg,59031.17641,14.3282995,0.015532275,-0.07719009,14.152,0.042
755204300010795,zr,59031.21803,13.595846,0.014830738,0.12395761,13.648,0.048
754101400005929,zg,59032.19916,14.254979,0.012864763,-0.03232772,14.188001,0.035
754201400009034,zr,59032.21695,13.6291485,0.013844784,0.11018219,13.648999,0.039
755304300003173,zi,59033.25479,13.389987,0.013680436,0.18584996,13.404,0.057
754301400025593,zi,59033.25666,13.404499,0.012512336,0.19199413,13.4279995,0.046
755104300001578,zg,59036.19804,14.252474,0.015562196,-0.080226675,14.152,0.042
754101400005929,zg,59036.22463,14.226182,0.012897801,-0.02880223,14.188001,0.035
754201400009034,zr,59036.25594,13.612314,0.013868608,0.101380706,13.648999,0.039
755204300010795,zr,59036.2778,13.61787,0.0148011455,0.11301782,13.648,0.048
755304300003173,zi,59037.2774,13.416682,0.013644361,0.18298359,13.404,0.057
754101400005929,zg,59039.17662,14.174076,0.012959477,-0.045491766,14.188001,0.035
755104300001578,zg,59039.20497,14.169423,0.015599327,-0.043587796,14.152,0.042
755204300010795,zr,59039.21487,13.5459585,0.014898573,0.115115285,13.648,0.048
754201400009034,zr,59039.21534,13.581369,0.01391278,0.11863988,13.648999,0.039
755304300003173,zi,59041.17681,13.259867,0.013860237,0.18814254,13.404,0.057
754301400025593,zi,59041.17876,13.41132,0.012506332,0.19740576,13.4279995,0.046
755204300010795,zr,59042.2237,13.553726,0.014887939,0.12377,13.648,0.048
754101400005929,zg,59043.20063,14.155201,0.012982405,-0.03897151,14.188001,0.035
754201400009034,zr,59043.241,13.569457,0.013929915,0.1253239,13.648999,0.039
754301400025593,zi,59045.17845,13.311954,0.012595858,0.19542415,13.4279995,0.046
755304300003173,zi,59045.17939,13.340451,0.013748131,0.19048655,13.404,0.057
755204300010795,zr,59045.20249,13.528124,0.014923087,0.12417706,13.648,0.048
755104300001578,zg,59045.2375,14.1581545,0.015604698,-0.02927591,14.152,0.042
755304300003173,zi,59049.24219,13.360929,0.013720031,0.2003551,13.404,0.057
754201400009034,zr,59052.17305,13.6428995,0.013825433,0.11886543,13.648999,0.039
754201400009034,zr,59052.17788,13.632358,0.013840259,0.11544822,13.648999,0.039
754201400009034,zr,59052.1827,13.646992,0.013819695,0.112502486,13.648999,0.039
754301400025593,zi,59052.19422,13.400173,0.012516155,0.19652468,13.4279995,0.046
754201400009034,zr,59055.1593,13.661766,0.01379905,0.11553916,13.648999,0.039
755204300010795,zr,59055.16024,13.64025,0.014771304,0.112371154,13.648,0.048
754301400025593,zi,59055.16523,13.42398,0.012495247,0.19491257,13.4279995,0.046
755304300003173,zi,59055.16616,13.42544,0.013632588,0.19320813,13.404,0.057
754101400005929,zg,59055.1712,14.263252,0.012855413,-0.021212256,14.188001,0.035
755104300001578,zg,59055.17214,14.259486,0.015559264,-0.040213704,14.152,0.042
754301400025593,zi,59055.2043,13.389464,0.012525645,0.19627976,13.4279995,0.046
755304300003173,zi,59055.2274,13.399879,0.013667034,0.20013471,13.404,0.057
754301400025593,zi,59056.16244,13.42092,0.012497919,0.18803039,13.4279995,0.046
755304300003173,zi,59056.16338,13.366627,0.01371224,0.18680036,13.404,0.057
754201400009034,zr,59056.16907,13.655365,0.01380798,0.10772575,13.648999,0.039
754201400009034,zr,59056.17396,13.6439705,0.013823931,0.11095182,13.648999,0.039
754201400009034,zr,59056.17885,13.617295,0.013861543,0.118286245,13.648999,0.039
754301400025593,zi,59056.19843,13.475848,0.012450618,0.19242927,13.4279995,0.046
755304300003173,zi,59056.22397,13.411499,0.013651341,0.19314873,13.404,0.057
754301400025593,zi,59057.1618,13.466257,0.012458773,0.18803099,13.4279995,0.046
755304300003173,zi,59057.1632,13.415522,0.013645922,0.19134894,13.404,0.057
755104300001578,zg,59057.1926,14.276934,0.015552115,-0.05154363,14.152,0.042
754301400025593,zi,59057.20248,13.450793,0.012472015,0.19724274,13.4279995,0.046
755304300003173,zi,59059.19222,13.361616,0.013719091,0.19237268,13.404,0.057
754201400009034,zr,59060.15901,13.664894,0.013794692,0.122482575,13.648999,0.039
755204300010795,zr,59060.16145,13.624876,0.014791777,0.114989,13.648,0.048
754201400009034,zr,59060.16389,13.6627865,0.013797628,0.11549002,13.648999,0.039
755204300010795,zr,59060.16632,13.64995,0.0147584425,0.12656978,13.648,0.048
754201400009034,zr,59060.16875,13.647722,0.013818671,0.120661505,13.648999,0.039
755204300010795,zr,59060.17119,13.601074,0.014823693,0.12196898,13.648,0.048
754201400009034,zr,59060.17362,13.688397,0.013762134,0.11565027,13.648999,0.039
755204300010795,zr,59060.17605,13.609011,0.014813023,0.108373865,13.648,0.048
754201400009034,zr,59060.17848,13.677026,0.01377785,0.12623231,13.648999,0.039
754201400009034,zr,59062.15797,13.661635,0.013799232,0.1075804,13.648999,0.039
754201400009034,zr,59062.16293,13.656512,0.013806378,0.12940747,13.648999,0.039
754201400009034,zr,59062.16788,13.624897,0.013850786,0.106704734,13.648999,0.039
754201400009034,zr,59062.17283,13.641744,0.013827057,0.11555823,13.648999,0.039
754201400009034,zr,59062.17778,13.64021,0.013829211,0.13254365,13.648999,0.039
755304300003173,zi,59063.19152,13.404804,0.013660377,0.20014612,13.404,0.057
754201400009034,zr,59064.15531,13.660875,0.0138002895,0.0967088,13.648999,0.039
754201400009034,zr,59064.1602,13.615305,0.013864363,0.124801196,13.648999,0.039
754201400009034,zr,59064.16507,13.609552,0.013872528,0.12789369,13.648999,0.039
754201400009034,zr,59064.16995,13.628318,0.013845955,0.12638272,13.648999,0.039
754201400009034,zr,59064.17483,13.614088,0.013866089,0.12847865,13.648999,0.039
754201400009034,zr,59066.15284,13.624114,0.013851892,0.107862376,13.648999,0.039
755204300010795,zr,59066.15522,13.610115,0.014811541,0.119271345,13.648,0.048
754201400009034,zr,59066.15761,13.625439,0.013850021,0.11432139,13.648999,0.039
755204300010795,zr,59066.16,13.58554,0.014844661,0.118648626,13.648,0.048
754201400009034,zr,59066.16238,13.617396,0.013861399,0.11794065,13.648999,0.039
755204300010795,zr,59066.16477,13.642678,0.014768079,0.120165914,13.648,0.048
754201400009034,zr,59066.16716,13.590527,0.013899657,0.1282145,13.648999,0.039
755204300010795,zr,59066.16954,13.578007,0.014854869,0.10911449,13.648,0.048
754201400009034,zr,59066.17192,13.626282,0.01384883,0.119631685,13.648999,0.039
755204300010795,zr,59066.17432,13.620527,0.01479759,0.116605304,13.648,0.048
754201400009034,zr,59068.1517,13.622518,0.01385415,0.10509725,13.648999,0.039
755204300010795,zr,59068.1541,13.582443,0.014848853,0.1394461,13.648,0.048
754201400009034,zr,59068.15648,13.619267,0.013858749,0.12271831,13.648999,0.039
755204300010795,zr,59068.15888,13.593113,0.0148344245,0.12990107,13.648,0.048
754201400009034,zr,59068.16126,13.49725,0.014035253,0.12765944,13.648999,0.039
755204300010795,zr,59068.16366,13.612781,0.014807963,0.13291849,13.648,0.048
754201400009034,zr,59068.16604,13.602934,0.013881944,0.11793061,13.648999,0.039
755204300010795,zr,59068.16842,13.626033,0.014790235,0.116650105,13.648,0.048
754201400009034,zr,59068.17081,13.582121,0.013911702,0.11729248,13.648999,0.039
755204300010795,zr,59068.1732,13.590949,0.014837348,0.12496524,13.648,0.048
754201400009034,zr,59070.16378,13.560303,0.013943128,0.11118927,13.648999,0.039
754201400009034,zr,59070.16855,13.565486,0.013935641,0.1120402,13.648999,0.039
755204300010795,zr,59070.17095,13.460211,0.015017653,0.11892343,13.648,0.048
754201400009034,zr,59072.14815,13.671323,0.013785758,0.11655477,13.648999,0.039
755204300010795,zr,59072.15063,13.64439,0.014765808,0.1175517,13.648,0.048
754201400009034,zr,59072.15307,13.630874,0.013842351,0.11618536,13.648999,0.039
755204300010795,zr,59072.15555,13.619782,0.014798586,0.123204365,13.648,0.048
754201400009034,zr,59072.15799,13.652181,0.01381243,0.11815614,13.648999,0.039
755204300010795,zr,59072.16046,13.603944,0.0148198325,0.121232055,13.648,0.048
754201400009034,zr,59072.16291,13.604743,0.013879371,0.108973496,13.648999,0.039
755204300010795,zr,59072.16538,13.625286,0.014791231,0.11550059,13.648,0.048
755204300010795,zr,59074.14716,13.60151,0.014823107,0.12223236,13.648,0.048
755204300010795,zr,59074.15215,13.668796,0.014733584,0.12839855,13.648,0.048
755204300010795,zr,59074.15713,13.60861,0.014813561,0.11790384,13.648,0.048
755204300010795,zr,59074.16209,13.557273,0.014883093,0.10952903,13.648,0.048
755204300010795,zr,59076.14438,13.5692215,0.014866805,0.13102402,13.648,0.048
755204300010795,zr,59076.14938,13.560356,0.014878883,0.109669015,13.648,0.048
755204300010795,zr,59076.15438,13.518004,0.014937057,0.11689121,13.648,0.048
755204300010795,zr,59076.15937,13.553896,0.014887708,0.12615214,13.648,0.048
755204300010795,zr,59076.16435,13.596639,0.014829669,0.124961436,13.648,0.048
755204300010795,zr,59078.14457,13.563138,0.014875089,0.13111693,13.648,0.048
755204300010795,zr,59078.15449,13.470166,0.015003673,0.12889108,13.648,0.048
755204300010795,zr,59078.15945,13.56413,0.014873737,0.12996216,13.648,0.048
755204300010795,zr,59080.15668,13.591915,0.014836043,0.12208599,13.648,0.048
755304300003173,zi,59081.15107,13.384603,0.013687749,0.20458698,13.404,0.057
755204300010795,zr,59082.14062,13.53965,0.01490723,0.13359064,13.648,0.048
755204300010795,zr,59082.14551,13.569394,0.014866569,0.1413488,13.648,0.048
755204300010795,zr,59082.1504,13.548155,0.014895564,0.12851903,13.648,0.048
755204300010795,zr,59084.13898,13.60541,0.014817861,0.1415362,13.648,0.048
755204300010795,zr,59084.14387,13.566199,0.014870917,0.13456428,13.648,0.048
755204300010795,zr,59084.14875,13.591751,0.014836265,0.12717499,13.648,0.048
755204300010795,zr,59084.15364,13.588802,0.014840249,0.1168,13.648,0.048
755204300010795,zr,59086.13609,13.6106615,0.014810807,0.1368457,13.648,0.048
755204300010795,zr,59086.15063,13.567417,0.01486926,0.1324428,13.648,0.048
754101400005929,zg,59144.50731,14.220491,0.012904419,-0.046592977,14.188001,0.035
754201400009034,zr,59144.53158,13.639111,0.013830755,0.10935728,13.648999,0.039
754101400005929,zg,59150.51235,14.140307,0.013000709,-0.032016277,14.188001,0.035
754201400009034,zr,59150.54173,13.515274,0.014008725,0.117820665,13.648999,0.039
754201400009034,zr,59152.47004,13.590862,0.013899177,0.11943197,13.648999,0.039
754101400005929,zg,59152.54514,14.201479,0.0129267415,-0.03795496,14.188001,0.035
754201400009034,zr,59155.48844,13.549538,0.01395872,0.113246076,13.648999,0.039
755204300010795,zr,59155.48936,13.562513,0.01487594,0.1348519,13.648,0.048
754101400005929,zg,59155.51655,14.174289,0.0129592195,-0.039606184,14.188001,0.035
755104300001578,zg,59155.51703,14.153118,0.015607123,-0.047793467,14.152,0.042
754201400009034,zr,59157.49563,13.585602,0.013906709,0.11445616,13.648999,0.039
755204300010795,zr,59157.49657,13.525236,0.014927069,0.13337182,13.648,0.048
755104300001578,zg,59157.50988,14.149098,0.01560907,-0.025028024,14.152,0.042
754101400005929,zg,59157.51036,14.180301,0.012951984,-0.027058136,14.188001,0.035
754201400009034,zr,59159.4937,13.580223,0.013914425,0.11263933,13.648999,0.039
755204300010795,zr,59159.49464,13.549186,0.014894151,0.12520759,13.648,0.048
755104300001578,zg,59159.51199,14.194844,0.015587497,-0.052259278,14.152,0.042
755304300003173,zi,59164.48564,13.404079,0.013661356,0.19073536,13.404,0.057
755204300010795,zr,59165.47208,13.573224,0.014861362,0.1266597,13.648,0.048
754201400009034,zr,59165.473,13.567595,0.013932598,0.11304064,13.648999,0.039
754101400005929,zg,59165.51243,14.210954,0.012915576,-0.049959622,14.188001,0.035
755104300001578,zg,59165.52753,14.23814,0.015568289,-0.08412676,14.152,0.042
754201400009034,zr,59168.42675,13.51922,0.014002937,0.10670786,13.648999,0.039
755104300001578,zg,59168.51331,14.232265,0.015570824,-0.07918693,14.152,0.042
754101400005929,zg,59168.51424,14.19937,0.012929236,-0.047951832,14.188001,0.035
755204300010795,zr,59168.531,13.579108,0.014853374,0.117486425,13.648,0.048
754301400025593,zi,59168.54501,13.404719,0.012512142,0.19853188,13.4279995,0.046
755304300003173,zi,59168.54691,13.490715,0.01354586,0.1927929,13.404,0.057
754101400005929,zg,59170.47286,14.1748085,0.012958594,-0.03511442,14.188001,0.035
755104300001578,zg,59170.49165,14.211257,0.015580075,-0.05361333,14.152,0.042
754201400009034,zr,59170.54831,13.582174,0.013911624,0.11289742,13.648999,0.039
755204300010795,zr,59170.5512,13.596078,0.014830425,0.11828619,13.648,0.048
754101400005929,zg,59173.49348,14.214333,0.012911614,-0.040435985,14.188001,0.035
754301400025593,zi,59176.47593,13.448353,0.012474115,0.19800688,13.4279995,0.046
754101400005929,zg,59176.50766,14.196945,0.0129321115,-0.0453191,14.188001,0.035
755104300001578,zg,59176.50989,14.226248,0.015573444,-0.09067257,14.152,0.042
754201400009034,zr,59176.55412,13.57731,0.01391861,0.117138684,13.648999,0.039
755204300010795,zr,59176.55459,13.587876,0.014841501,0.1254397,13.648,0.048
755304300003173,zi,59177.45386,13.387161,0.013684272,0.19549677,13.404,0.057
754101400005929,zg,59179.49036,14.236368,0.012886026,-0.06512801,14.188001,0.035
755304300003173,zi,59181.44335,13.372473,0.013704262,0.20097908,13.404,0.057
754301400025593,zi,59181.44428,13.35259,0.01255872,0.19306663,13.4279995,0.046
754201400009034,zr,59181.49999,13.629305,0.013844563,0.109432906,13.648999,0.039
754101400005929,zg,59181.50671,14.182798,0.012948988,-0.027582075,14.188001,0.035
755104300001578,zg,59181.5323,14.239342,0.015567772,-0.07748113,14.152,0.042
1754211300004843,zr,59182.43606,13.566496,0.014386956,0.13667235,13.546,0.043
1754211300004843,zr,59182.43654,13.555681,0.014405201,0.13218224,13.546,0.043
754201400009034,zr,59184.48932,13.66026,0.013801149,0.10774035,13.648999,0.039
755204300010795,zr,59184.49182,13.609158,0.014812824,0.12104549,13.648,0.048
754201400009034,zr,59184.4923,13.525473,0.013993782,0.121532165,13.648999,0.039
755104300001578,zg,59186.51727,13.999123,0.015688358,-0.0050939345,14.152,0.042
755104300001578,zg,59186.51819,14.060329,0.01565448,-0.05496178,14.152,0.042
754101400005929,zg,59186.53868,14.0761,0.013081722,-0.01838262,14.188001,0.035
754201400009034,zr,59188.38722,13.59486,0.013893462,0.123532265,13.648999,0.039
755204300010795,zr,59188.51823,13.552746,0.014889279,0.1276155,13.648,0.048
754101400005929,zg,59188.52965,14.199002,0.012929673,-0.049867984,14.188001,0.035
755104300001578,zg,59188.5306,14.209459,0.015580879,-0.07909522,14.152,0.042
755204300010795,zr,59189.47431,13.471217,0.015002199,0.11790259,13.648,0.048
755104300001578,zg,59189.51912,14.308902,0.015539552,-0.09993969,14.152,0.042
754301400025593,zi,59189.53416,13.344992,0.012565611,0.18546288,13.4279995,0.046
755104300001578,zg,59192.54767,14.242995,0.015566209,-0.058459572,14.152,0.042
754101400005929,zg,59193.44507,14.193923,0.012935702,-0.034838818,14.188001,0.035
755104300001578,zg,59193.47321,14.203552,0.015583538,-0.05596476,14.152,0.042
755204300010795,zr,59193.51501,13.5840225,0.014846714,0.11999458,13.648,0.048
754201400009034,zr,59193.51549,13.595077,0.0138931535,0.115171514,13.648999,0.039
754201400009034,zr,59195.51487,13.5563345,0.013948869,0.111112595,13.648999,0.039
755204300010795,zr,59195.51584,13.529464,0.014921241,0.11886383,13.648,0.048
755104300001578,zg,59195.5357,14.138315,0.015614341,-0.053240355,14.152,0.042
754101400005929,zg,59195.53616,14.136783,0.0130050685,-0.051145524,14.188001,0.035
754201400009034,zr,59198.44694,13.593365,0.013895598,0.1090906,13.648999,0.039
755204300010795,zr,59198.49442,13.60321,0.014820818,0.11544055,13.648,0.048
754101400005929,zg,59198.51387,14.179251,0.012953245,-0.07523855,14.188001,0.035
755104300001578,zg,59198.53328,14.210776,0.015580288,-0.08775887,14.152,0.042
755304300003173,zi,59199.49458,13.4041,0.013661328,0.19291349,13.404,0.057
754301400025593,zi,59199.49789,13.390447,0.012524772,0.19638024,13.4279995,0.046
754201400009034,zr,59200.51595,13.58956,0.013901041,0.10862749,13.648999,0.039
755204300010795,zr,59200.53209,13.6325,0.014781613,0.10720415,13.648,0.048
754301400025593,zi,59202.45092,13.398833,0.012517339,0.19334434,13.4279995,0.046
755304300003173,zi,59202.46606,13.429243,0.013627485,0.19346467,13.404,0.057
754201400009034,zr,59203.48832,13.580061,0.013914659,0.105655655,13.648999,0.039
755204300010795,zr,59203.50805,13.54267,0.014903082,0.118861884,13.648,0.048
754101400005929,zg,59203.53439,14.142581,0.012997903,-0.047980495,14.188001,0.035
755104300001578,zg,59203.53485,14.161196,0.015603241,-0.07623758,14.152,0.042
754201400009034,zr,59215.44796,13.4888315,0.014047694,0.09959978,13.648999,0.039
755204300010795,zr,59215.47166,13.524256,0.014928423,0.12385042,13.648,0.048
755104300001578,zg,59215.49993,14.139298,0.015613857,-0.07427793,14.152,0.042
754101400005929,zg,59215.5004,14.121361,0.013024264,-0.05480223,14.188001,0.035
754301400025593,zi,59216.47589,13.353486,0.012557908,0.1900554,13.4279995,0.046
755304300003173,zi,59216.49606,13.350339,0.013734542,0.19536565,13.404,0.057
754201400009034,zr,59217.39456,13.564078,0.0139376735,0.10852415,13.648999,0.039
755104300001578,zg,59217.44008,14.150525,0.015608378,-0.076253824,14.152,0.042
754101400005929,zg,59217.44821,14.174425,0.0129590565,-0.06368255,14.188001,0.035
755204300010795,zr,59217.46712,13.498566,0.014964013,0.11112365,13.648,0.048
754301400025593,zi,59219.39375,13.343516,0.012566951,0.19125058,13.4279995,0.046
755104300001578,zg,59219.42983,14.121475,0.015622709,-0.03645541,14.152,0.042
754101400005929,zg,59219.46089,14.124246,0.013020659,-0.04345788,14.188001,0.035
755204300010795,zr,59219.47346,13.504051,0.01495639,0.11593999,13.648,0.048
754201400009034,zr,59219.47393,13.573264,0.01392443,0.11527966,13.648999,0.039
755204300010795,zr,59221.42917,13.539411,0.0149075575,0.11619731,13.648,0.048
755104300001578,zg,59221.48898,14.184075,0.01559246,-0.10305193,14.152,0.042
754301400025593,zi,59222.4357,13.352522,0.012558781,0.1915059,13.4279995,0.046
754101400005929,zg,59223.38548,14.164541,0.012971021,-0.062104825,14.188001,0.035
755104300001578,zg,59223.40965,14.150547,0.0156083675,-0.0703713,14.152,0.042
755304300003173,zi,59223.43269,13.325325,0.0137689905,0.19453304,13.404,0.057
755204300010795,zr,59223.47709,13.5790615,0.014853439,0.11501437,13.648,0.048
754201400009034,zr,59223.48018,13.57355,0.013924017,0.11180977,13.648999,0.039
754201400009034,zr,59225.40795,13.568661,0.013931061,0.11275408,13.648999,0.039
754301400025593,zi,59225.43326,13.359528,0.0125524495,0.19391961,13.4279995,0.046
754101400005929,zg,59225.44955,14.031994,0.013139273,-0.03589169,14.188001,0.035
755104300001578,zg,59225.48105,14.058913,0.01565524,-0.05444657,14.152,0.042
755304300003173,zi,59226.48085,13.351971,0.013732304,0.1884024,13.404,0.057
754101400005929,zg,59227.44803,14.152129,0.012986165,-0.0580457,14.188001,0.035
755104300001578,zg,59227.47257,14.209993,0.01558064,-0.08036956,14.152,0.042
754301400025593,zi,59228.53843,13.407385,0.012509794,0.1912371,13.4279995,0.046
754201400009034,zr,59229.43331,13.379382,0.014212348,0.10281816,13.648999,0.039
754101400005929,zg,59229.45071,14.084844,0.013070494,-0.042648092,14.188001,0.035
755304300003173,zi,59229.49717,13.186679,0.013964057,0.18594186,13.404,0.057
755204300010795,zr,59229.51677,13.455761,0.015023916,0.12310883,13.648,0.048
754101400005929,zg,59231.43627,14.185943,0.012945219,-0.06876841,14.188001,0.035
755104300001578,zg,59231.4574,14.184048,0.015592473,-0.0789962,14.152,0.042
754201400009034,zr,59231.48019,13.604048,0.013880358,0.10977909,13.648999,0.039
755204300010795,zr,59231.49348,13.536693,0.014911291,0.1152146,13.648,0.048
754301400025593,zi,59231.51158,13.289726,0.012616472,0.18792586,13.4279995,0.046
754201400009034,zr,59248.43106,13.588735,0.013902222,0.10520172,13.648999,0.039
755204300010795,zr,59248.45918,13.692101,0.01470308,0.1161584,13.648,0.048
754101400005929,zg,59248.47555,14.267267,0.0128509,-0.055562757,14.188001,0.035
755104300001578,zg,59248.47697,14.268129,0.015555699,-0.0882954,14.152,0.042
755104300001578,zg,59250.36511,14.206527,0.015582196,-0.08237388,14.152,0.042
754101400005929,zg,59250.36948,14.201902,0.0129262395,-0.058109783,14.188001,0.035
755204300010795,zr,59250.38671,13.62383,0.014793176,0.11040663,13.648,0.048
754201400009034,zr,59250.38719,13.62728,0.013847419,0.10437673,13.648999,0.039
754301400025593,zi,59251.38527,13.386841,0.012527978,0.1983215,13.4279995,0.046
755304300003173,zi,59251.38815,13.440726,0.013612117,0.19318974,13.404,0.057
755204300010795,zr,59252.31409,13.590138,0.014838443,0.12041968,13.648,0.048
754201400009034,zr,59252.31457,13.554953,0.013950871,0.11042761,13.648999,0.039
754101400005929,zg,59252.3716,14.252152,0.012867971,-0.066968136,14.188001,0.035
755104300001578,zg,59252.49935,14.285371,0.015548732,-0.0931272,14.152,0.042
755304300003173,zi,59254.36713,13.364377,0.013715314,0.19227114,13.404,0.057
754301400025593,zi,59254.37381,13.431232,0.012488928,0.18567231,13.4279995,0.046
755204300010795,zr,59254.40914,13.598727,0.014826855,0.11299365,13.648,0.048
754201400009034,zr,59254.41008,13.603645,0.013880932,0.111349665,13.648999,0.039
754201400009034,zr,59256.42062,13.589194,0.013901565,0.10462798,13.648999,0.039
754101400005929,zg,59256.49805,14.238075,0.012884064,-0.05704563,14.188001,0.035
755104300001578,zg,59256.50442,14.228417,0.015572497,-0.07152514,14.152,0.042
754301400025593,zi,59257.43221,13.341065,0.012569181,0.19500482,13.4279995,0.046
755304300003173,zi,59260.34596,13.366249,0.013712756,0.18841979,13.404,0.057
754301400025593,zi,59260.35511,13.396286,0.012519593,0.18880394,13.4279995,0.046
754101400005929,zg,59260.37344,14.221885,0.012902796,-0.060717963,14.188001,0.035
754201400009034,zr,59260.39963,13.610353,0.013871391,0.111069016,13.648999,0.039
755204300010795,zr,59260.41689,13.60596,0.014817121,0.11789252,13.648,0.048
754301400025593,zi,59263.32762,13.369528,0.012543451,0.18314469,13.4279995,0.046
755304300003173,zi,59263.3363,13.30259,0.013800504,0.1980316,13.404,0.057
755104300001578,zg,59263.3674,14.1000185,0.015633617,-0.050678834,14.152,0.042
754101400005929,zg,59263.36788,14.079933,0.0130767925,-0.03454088,14.188001,0.035
754201400009034,zr,59263.39748,13.513605,0.0140111735,0.11581064,13.648999,0.039
755204300010795,zr,59263.39796,13.513619,0.014943123,0.12254194,13.648,0.048
754201400009034,zr,59265.31245,13.587771,0.013903602,0.11227239,13.648999,0.039
755204300010795,zr,59265.37519,13.5982275,0.014827527,0.1267979,13.648,0.048
755104300001578,zg,59265.40566,14.231941,0.015570965,-0.103780195,14.152,0.042
754101400005929,zg,59265.40808,14.203533,0.012924314,-0.07186205,14.188001,0.035
754301400025593,zi,59266.34792,13.185413,0.0127158705,0.19463454,13.4279995,0.046
755304300003173,zi,59266.35171,13.26012,0.013859882,0.19041929,13.404,0.057
754201400009034,zr,59267.32586,13.541335,0.0139706405,0.11628759,13.648999,0.039
754101400005929,zg,59267.36902,14.165893,0.01296938,-0.031059528,14.188001,0.035
755204300010795,zr,59267.41181,13.586739,0.01484304,0.10919677,13.648,0.048
1754111300007020,zg,59268.33746,14.161482,0.014012873,-0.05084005,14.176001,0.037
1754111300007020,zg,59268.33793,14.175939,0.013991275,-0.07260098,14.176001,0.037
754201400009034,zr,59269.36826,13.559862,0.013943765,0.107192464,13.648999,0.039
755204300010795,zr,59269.36923,13.481547,0.014987738,0.10762625,13.648,0.048
754301400025593,zi,59269.41173,13.360395,0.012551667,0.19221315,13.4279995,0.046
755304300003173,zi,59269.41553,13.308602,0.0137921525,0.18633156,13.404,0.057
754101400005929,zg,59269.43431,14.175574,0.012957672,-0.029328335,14.188001,0.035
755104300001578,zg,59269.45137,14.1996155,0.015585322,-0.0673155,14.152,0.042
754201400009034,zr,59271.3041,13.569963,0.013929184,0.09917867,13.648999,0.039
754101400005929,zg,59271.38936,14.101608,0.013049137,-0.03478708,14.188001,0.035
755104300001578,zg,59271.40685,14.204502,0.015583108,-0.051111262,14.152,0.042
755204300010795,zr,59271.44862,13.572615,0.014862191,0.11656414,13.648,0.048
1754211300004843,zr,59272.31007,13.587327,0.01435196,0.12977159,13.546,0.043
1754211300004843,zr,59272.31054,13.585736,0.014354626,0.13697702,13.546,0.043
754301400025593,zi,59272.35316,13.406062,0.012510957,0.18318333,13.4279995,0.046
755304300003173,zi,59272.36733,13.406924,0.013657514,0.18869022,13.404,0.057
754101400005929,zg,59273.38737,14.181277,0.012950812,-0.05310744,14.188001,0.035
755104300001578,zg,59273.38982,14.17128,0.015598448,-0.049933963,14.152,0.042
754201400009034,zr,59273.45569,13.575502,0.01392121,0.1077856,13.648999,0.039
754101400005929,zg,59275.18776,14.1544695,0.012983299,-0.02855948,14.188001,0.035
755104300001578,zg,59275.20737,14.181284,0.015593758,-0.045497395,14.152,0.042
754101400005929,zg,59275.20831,14.171909,0.012962093,-0.0264189,14.188001,0.035
755104300001578,zg,59275.22137,14.1787815,0.015594925,-0.047345493,14.152,0.042
754201400009034,zr,59275.33343,13.578477,0.013916932,0.12174283,13.648999,0.039
754201400009034,zr,59275.339,13.543778,0.013967086,0.12467254,13.648999,0.039
755204300010795,zr,59275.33995,13.615096,0.01480486,0.107810356,13.648,0.048
755304300003173,zi,59275.36753,13.440853,0.013611946,0.18533793,13.404,0.057
754301400025593,zi,59275.37288,13.40431,0.012512501,0.19117533,13.4279995,0.046
754201400009034,zr,59275.44091,13.596504,0.013891115,0.11783027,13.648999,0.039
755104300001578,zg,59275.48394,14.210393,0.015580461,-0.06619949,14.152,0.042
755204300010795,zr,59275.5093,13.593474,0.014833937,0.105002545,13.648,0.048
755104300001578,zg,59276.22627,14.229357,0.015572089,-0.078355215,14.152,0.042
754201400009034,zr,59276.31352,13.60746,0.013875504,0.10727177,13.648999,0.039
755204300010795,zr,59276.34796,13.58707,0.014842589,0.11121905,13.648,0.048
754201400009034,zr,59276.41118,13.6074505,0.013875517,0.10280831,13.648999,0.039
755104300001578,zg,59276.52211,14.195337,0.015587272,-0.044063997,14.152,0.042
754101400005929,zg,59278.24451,14.175798,0.012957401,-0.041917656,14.188001,0.035
755104300001578,zg,59278.27243,14.148933,0.01560915,-0.057697915,14.152,0.042
754101400005929,zg,59278.30607,14.215868,0.012909818,-0.0790393,14.188001,0.035
754101400005929,zg,59278.30702,14.21103,0.0129154865,-0.06669268,14.188001,0.035
755104300001578,zg,59278.31611,14.229315,0.0155721065,-0.08478501,14.152,0.042
755104300001578,zg,59278.32604,14.2552395,0.015561038,-0.10520298,14.152,0.042
754301400025593,zi,59278.3866,13.332757,0.012576756,0.18842746,13.4279995,0.046
754201400009034,zr,59278.41906,13.566818,0.013933718,0.105841964,13.648999,0.039
755204300010795,zr,59278.41953,13.56924,0.01486678,0.12678804,13.648,0.048
754201400009034,zr,59278.43491,13.577121,0.013918882,0.11534091,13.648999,0.039
755204300010795,zr,59278.43631,13.584874,0.014845563,0.114096984,13.648,0.048
754201400009034,zr,59278.45367,13.587225,0.013904383,0.109343424,13.648999,0.039
755104300001578,zg,59280.24467,14.209644,0.015580796,-0.07291866,14.152,0.042
754101400005929,zg,59280.25017,14.166445,0.01296871,-0.06793474,14.188001,0.035
754201400009034,zr,59280.28429,13.61144,0.013869848,0.10414165,13.648999,0.039
754201400009034,zr,59280.30682,13.611888,0.013869211,0.10878255,13.648999,0.039
755204300010795,zr,59280.31547,13.570102,0.014865606,0.1165814,13.648,0.048
755104300001578,zg,59280.38822,14.213864,0.01557891,-0.08297276,14.152,0.042
755204300010795,zr,59281.26435,13.516249,0.014939484,0.12043945,13.648,0.048
755304300003173,zi,59281.30995,13.346812,0.013739384,0.20158544,13.404,0.057
754301400025593,zi,59281.31042,13.3671665,0.012545573,0.19218597,13.4279995,0.046
754201400009034,zr,59290.2662,13.614735,0.013865172,0.110626794,13.648999,0.039
755204300010795,zr,59290.26666,13.666066,0.014737173,0.11375271,13.648,0.048
754301400025593,zi,59290.29174,13.390328,0.012524878,0.19345672,13.4279995,0.046
755304300003173,zi,59290.29221,13.371861,0.013705095,0.18624017,13.404,0.057
755104300001578,zg,59290.30762,14.254408,0.015561384,-0.08850865,14.152,0.042
754101400005929,zg,59290.30954,14.205909,0.012921511,-0.04839156,14.188001,0.035
754101400005929,zg,59290.31049,14.253808,0.012866091,-0.06540162,14.188001,0.035
754201400009034,zr,59290.34835,13.617596,0.013861116,0.10275343,13.648999,0.039
755204300010795,zr,59290.35405,13.63216,0.014782064,0.10729436,13.648,0.048
754201400009034,zr,59290.36674,13.630394,0.013843026,0.1039141,13.648999,0.039
754101400005929,zg,59290.41576,14.24028,0.012881531,-0.054593462,14.188001,0.035
755104300001578,zg,59290.44074,14.311408,0.0155385975,-0.08778331,14.152,0.042
754201400009034,zr,59291.24835,13.611099,0.013870331,0.11091858,13.648999,0.039
755104300001578,zg,59291.28621,14.255194,0.015561056,-0.09887672,14.152,0.042
755104300001578,zg,59291.3154,14.225671,0.015573697,-0.07042323,14.152,0.042
754101400005929,zg,59291.31635,14.199203,0.012929437,-0.06661455,14.188001,0.035
755204300010795,zr,59291.34505,13.679782,0.014719171,0.109059595,13.648,0.048
755204300010795,zr,59291.346,13.642957,0.01476771,0.10847964,13.648,0.048
754201400009034,zr,59291.36462,13.62541,0.013850061,0.11044941,13.648999,0.039
754201400009034,zr,59292.26276,13.598132,0.013888791,0.10255745,13.648999,0.039
754101400005929,zg,59292.29072,14.2203245,0.012904612,-0.058694243,14.188001,0.035
755104300001578,zg,59292.29316,14.23231,0.0155708045,-0.09523431,14.152,0.042
754101400005929,zg,59292.30942,14.210319,0.012916321,-0.06379791,14.188001,0.035
754101400005929,zg,59292.32321,14.2341795,0.012888548,-0.059288144,14.188001,0.035
755104300001578,zg,59292.32603,14.264156,0.015557332,-0.10396556,14.152,0.042
754201400009034,zr,59292.34783,13.622674,0.013853929,0.107302696,13.648999,0.039
755204300010795,zr,59292.35357,13.586246,0.014843706,0.10178409,13.648,0.048
754201400009034,zr,59292.36627,13.618697,0.013859557,0.10722375,13.648999,0.039
755204300010795,zr,59292.38669,13.502828,0.014958089,0.11050777,13.648,0.048
755204300010795,zr,59293.2225,13.580447,0.01485156,0.118972525,13.648,0.048
754201400009034,zr,59293.24492,13.629612,0.013844129,0.10793584,13.648999,0.039
755204300010795,zr,59293.27141,13.632314,0.014781859,0.11500386,13.648,0.048
754201400009034,zr,59293.27189,13.630741,0.013842538,0.099686414,13.648999,0.039
755204300010795,zr,59293.27236,13.6280775,0.014787505,0.117868036,13.648,0.048
755104300001578,zg,59293.29166,14.254731,0.015561249,-0.113986924,14.152,0.042
754101400005929,zg,59293.30827,14.237232,0.012885033,-0.059913125,14.188001,0.035
755104300001578,zg,59293.30874,14.219944,0.015576214,-0.074547395,14.152,0.042
755104300001578,zg,59294.17065,14.269284,0.015555225,-0.06820286,14.152,0.042
754101400005929,zg,59294.18051,14.245399,0.012875668,-0.049048353,14.188001,0.035
755104300001578,zg,59294.26104,14.270374,0.015554781,-0.06370607,14.152,0.042
754101400005929,zg,59294.26152,14.234267,0.012888447,-0.053665657,14.188001,0.035
755204300010795,zr,59294.28138,13.584731,0.014845756,0.11508449,13.648,0.048
754201400009034,zr,59294.28281,13.63084,0.013842396,0.1147997,13.648999,0.039
754101400005929,zg,59295.26194,14.217727,0.012907644,-0.057410486,14.188001,0.035
755104300001578,zg,59295.26242,14.256112,0.015560671,-0.062433954,14.152,0.042
754101400005929,zg,59295.29172,14.225999,0.012898012,-0.03790544,14.188001,0.035
755104300001578,zg,59295.30212,14.230174,0.015571731,-0.05790021,14.152,0.042
754101400005929,zg,59295.32769,14.25422,0.012865624,-0.042489037,14.188001,0.035
754301400025593,zi,59295.34701,13.461157,0.012463128,0.18760753,13.4279995,0.046
755304300003173,zi,59295.34796,13.471353,0.013571396,0.18302211,13.404,0.057
755204300010795,zr,59295.38627,13.657739,0.014748148,0.11901535,13.648,0.048
755204300010795,zr,59296.21865,13.551768,0.014890616,0.11774263,13.648,0.048
754201400009034,zr,59296.24913,13.604193,0.013880152,0.109410845,13.648999,0.039
755104300001578,zg,59296.28068,14.237421,0.015568598,-0.06997285,14.152,0.042
754101400005929,zg,59296.28168,14.202726,0.012925266,-0.054868676,14.188001,0.035
755104300001578,zg,59296.33366,14.217507,0.015577294,-0.058581214,14.152,0.042
754201400009034,zr,59296.36969,13.609739,0.013872263,0.10057325,13.648999,0.039
755204300010795,zr,59296.37066,13.620398,0.014797764,0.1147879,13.648,0.048
754201400009034,zr,59297.23927,13.667012,0.013791747,0.102551825,13.648999,0.039
754201400009034,zr,59297.27096,13.597611,0.013889534,0.10877133,13.648999,0.039
754201400009034,zr,59297.28165,13.608777,0.013873631,0.10591619,13.648999,0.039
755104300001578,zg,59297.33775,14.235665,0.015569354,-0.047101256,14.152,0.042
755204300010795,zr,59297.4005,13.621647,0.014796093,0.12067721,13.648,0.048
755104300001578,zg,59298.27005,14.235292,0.0155695155,-0.07262347,14.152,0.042
754101400005929,zg,59298.27052,14.157549,0.012979536,-0.028793778,14.188001,0.035
754101400005929,zg,59298.32523,14.209628,0.012917133,-0.04533127,14.188001,0.035
754201400009034,zr,59298.38826,13.59242,0.01389695,0.108384795,13.648999,0.039
754201400009034,zr,59298.39649,13.595533,0.013892501,0.11223867,13.648999,0.039
754101400005929,zg,59300.33601,14.280332,0.012836316,-0.058973078,14.188001,0.035
754101400005929,zg,59300.36251,14.258815,0.012860419,-0.057728898,14.188001,0.035
755104300001578,zg,59300.38524,14.222409,0.01557513,-0.045881677,14.152,0.042
755204300010795,zr,59300.46178,13.603012,0.014821085,0.119954556,13.648,0.048
754201400009034,zr,59301.19044,13.659471,0.013802249,0.11271532,13.648999,0.039
755104300001578,zg,59301.21097,14.267883,0.015555799,-0.04483669,14.152,0.042
754101400005929,zg,59301.23209,14.262902,0.012855807,-0.053413924,14.188001,0.035
755104300001578,zg,59301.26946,14.248016,0.015564077,-0.0507795,14.152,0.042
755204300010795,zr,59301.29591,13.577467,0.014855602,0.11688456,13.648,0.048
755204300010795,zr,59301.32111,13.6479435,0.0147611,0.11975524,13.648,0.048
1754111300007020,zg,59301.3758,14.2674465,0.013858234,-0.04447128,14.176001,0.037
1754111300007020,zg,59301.37626,14.271109,0.013853045,-0.05421312,14.176001,0.037
754201400009034,zr,59301.44183,13.655793,0.0138073815,0.1138658,13.648999,0.039
755104300001578,zg,59301.48158,14.268601,0.015555506,-0.074405804,14.152,0.042
754101400005929,zg,59301.5011,14.236578,0.012885785,-0.03193865,14.188001,0.035
755104300001578,zg,59302.15938,14.287131,0.015548033,-0.06915492,14.152,0.042
754101400005929,zg,59302.18022,14.226494,0.012897439,-0.010172885,14.188001,0.035
755204300010795,zr,59302.20825,13.588819,0.014840226,0.11986294,13.648,0.048
754201400009034,zr,59302.21907,13.644614,0.013823028,0.11216466,13.648999,0.039
754201400009034,zr,59302.26576,13.67974,0.013774093,0.10255684,13.648999,0.039
755304300003173,zi,59302.30984,13.366391,0.013712562,0.19424522,13.404,0.057
754301400025593,zi,59302.31224,13.418549,0.012499993,0.1892333,13.4279995,0.046
754101400005929,zg,59302.32447,14.237216,0.012885054,-0.041727077,14.188001,0.035
755204300010795,zr,59302.46085,13.57189,0.014863175,0.11332963,13.648,0.048
754201400009034,zr,59302.48298,13.625078,0.013850529,0.100325994,13.648999,0.039
754101400005929,zg,59302.48985,14.243398,0.012877958,-0.016673224,14.188001,0.035
755104300001578,zg,59302.51053,14.255401,0.01556097,-0.003619031,14.152,0.042
754101400005929,zg,59303.23314,14.21658,0.012908984,-0.047542658,14.188001,0.035
755104300001578,zg,59303.27278,14.243631,0.015565938,-0.06543173,14.152,0.042
755104300001578,zg,59303.30059,14.239488,0.01556771,-0.05294598,14.152,0.042
754101400005929,zg,59303.30107,14.220735,0.012904135,-0.029752996,14.188001,0.035
755204300010795,zr,59303.31678,13.642659,0.014768105,0.1223894,13.648,0.048
755204300010795,zr,59303.34579,13.571633,0.014863523,0.12569648,13.648,0.048
755104300001578,zg,59303.39878,14.265648,0.015556716,-0.052006423,14.152,0.042
755204300010795,zr,59303.46155,13.583708,0.014847142,0.12778382,13.648,0.048
754201400009034,zr,59303.46202,13.655403,0.013807926,0.10287915,13.648999,0.039
754201400009034,zr,59304.18858,13.590218,0.013900099,0.118424706,13.648999,0.039
755204300010795,zr,59304.19145,13.619101,0.014799497,0.12641987,13.648,0.048
755104300001578,zg,59304.19492,14.165502,0.015601187,-0.074223965,14.152,0.042
754101400005929,zg,59304.22119,14.223447,0.012900978,-0.04123179,14.188001,0.035
754101400005929,zg,59304.22213,14.219242,0.012905876,-0.036029384,14.188001,0.035
754201400009034,zr,59304.28586,13.618572,0.013859734,0.099055186,13.648999,0.039
755204300010795,zr,59304.36688,13.509139,0.014949331,0.12307657,13.648,0.048
755204300010795,zr,59305.31064,13.6078205,0.01481462,0.11414524,13.648,0.048
755304300003173,zi,59305.36939,13.351703,0.01373267,0.18944186,13.404,0.057
754301400025593,zi,59305.37271,13.419151,0.012499466,0.19291857,13.4279995,0.046
754101400005929,zg,59305.41932,14.245749,0.012875267,-0.04290827,14.188001,0.035
755204300010795,zr,59306.26432,13.56682,0.014870074,0.11893091,13.648,0.048
755104300001578,zg,59306.28265,14.328127,0.015532338,-0.10069167,14.152,0.042
755104300001578,zg,59306.32745,14.25976,0.015559152,-0.09796334,14.152,0.042
755204300010795,zr,59306.46879,13.541049,0.014905307,0.113045886,13.648,0.048
755104300001578,zg,59307.16234,14.272398,0.015553954,-0.09166333,14.152,0.042
755204300010795,zr,59307.2395,13.52526,0.014927037,0.103466846,13.648,0.048
754201400009034,zr,59307.23997,13.5596485,0.0139440745,0.10796111,13.648999,0.039
755204300010795,zr,59307.26483,13.521149,0.014932713,0.110810116,13.648,0.048
754101400005929,zg,59307.28864,14.195363,0.012933991,-0.06423416,14.188001,0.035
755104300001578,zg,59307.3107,14.213295,0.015579165,-0.087082855,14.152,0.042
755104300001578,zg,59307.33733,14.194434,0.015587685,-0.07637696,14.152,0.042
755204300010795,zr,59307.35186,13.575203,0.014858673,0.11364099,13.648,0.048
755204300010795,zr,59308.29139,13.585737,0.014844393,0.10646817,13.648,0.048
755304300003173,zi,59308.30414,13.50933,0.013521464,0.18096954,13.404,0.057
755104300001578,zg,59308.35281,14.276881,0.015552136,-0.09570122,14.152,0.042
755104300001578,zg,59308.39663,14.281246,0.015550381,-0.08498936,14.152,0.042
755204300010795,zr,59308.43143,13.583027,0.014848065,0.108878955,13.648,0.048
755104300001578,zg,59309.18148,14.227133,0.015573058,-0.07147736,14.152,0.042
754101400005929,zg,59309.20261,14.216915,0.012908593,-0.06590576,14.188001,0.035
755204300010795,zr,59309.24337,13.42884,0.015061965,0.10615559,13.648,0.048
755204300010795,zr,59309.26317,13.621893,0.014795763,0.11674971,13.648,0.048
754201400009034,zr,59309.26412,13.63263,0.013839874,0.11062007,13.648999,0.039
755204300010795,zr,59309.28779,13.594472,0.014832592,0.11841143,13.648,0.048
755104300001578,zg,59309.30675,14.240415,0.015567314,-0.09587387,14.152,0.042
755104300001578,zg,59310.23988,14.262222,0.015558131,-0.11293598,14.152,0.042
755204300010795,zr,59310.30503,13.650458,0.014757771,0.12043617,13.648,0.048
754201400009034,zr,59311.18023,13.641352,0.013827606,0.10581353,13.648999,0.039
755204300010795,zr,59311.18601,13.574998,0.014858953,0.116960794,13.648,0.048
754101400005929,zg,59311.22849,14.251656,0.012868536,-0.06828529,14.188001,0.035
755104300001578,zg,59311.22897,14.261419,0.015558463,-0.09532731,14.152,0.042
755104300001578,zg,59311.24562,14.229713,0.015571932,-0.081834845,14.152,0.042
754301400025593,zi,59311.26599,13.365942,0.012546674,0.1820695,13.4279995,0.046
755304300003173,zi,59311.26791,13.348439,0.0137371505,0.18651819,13.404,0.057
755104300001578,zg,59311.28841,14.253678,0.015561691,-0.10769977,14.152,0.042
755204300010795,zr,59311.30963,13.526417,0.014925441,0.11680205,13.648,0.048
755104300001578,zg,59312.25032,14.192071,0.015588769,-0.07841092,14.152,0.042
755204300010795,zr,59312.28341,13.565385,0.014872028,0.12367448,13.648,0.048
755104300001578,zg,59312.32785,14.22949,0.015572031,-0.08248591,14.152,0.042
755204300010795,zr,59312.38781,13.636208,0.014776676,0.11169346,13.648,0.048
754201400009034,zr,59313.22377,13.628545,0.013845636,0.10709742,13.648999,0.039
754201400009034,zr,59313.22471,13.585687,0.013906588,0.103517875,13.648999,0.039
755204300010795,zr,59313.22905,13.538252,0.014909149,0.112403624,13.648,0.048
754101400005929,zg,59313.24284,14.235259,0.012887304,-0.06640371,14.188001,0.035
754101400005929,zg,59313.24378,14.2347355,0.012887907,-0.06300025,14.188001,0.035
755104300001578,zg,59313.27421,14.250938,0.015562843,-0.08419838,14.152,0.042
754201400009034,zr,59314.2659,13.618762,0.013859464,0.10760338,13.648999,0.039
754301400025593,zi,59314.3106,13.385899,0.012528816,0.1889532,13.4279995,0.046
754101400005929,zg,59314.39734,14.2160225,0.012909635,-0.055320542,14.188001,0.035
755104300001578,zg,59315.22018,14.2774315,0.015551914,-0.11138477,14.152,0.042
754101400005929,zg,59315.22113,14.194416,0.012935116,-0.05743017,14.188001,0.035
754201400009034,zr,59315.24227,13.518481,0.01400402,0.10487049,13.648999,0.039
754201400009034,zr,59315.24321,13.463166,0.014085829,0.10275071,13.648999,0.039
754201400009034,zr,59316.29882,13.584806,0.01390785,0.110245444,13.648999,0.039
754101400005929,zg,59316.3257,14.168408,0.012966328,-0.056393243,14.188001,0.035
755204300010795,zr,59317.20307,13.603807,0.014820014,0.11411203,13.648,0.048
754201400009034,zr,59317.20354,13.583413,0.013909847,0.1113052,13.648999,0.039
754201400009034,zr,59317.20449,13.606181,0.013877322,0.10839789,13.648999,0.039
754101400005929,zg,59317.24619,14.169497,0.012965011,-0.066496104,14.188001,0.035
754101400005929,zg,59317.24712,14.179801,0.012952583,-0.06909846,14.188001,0.035
755104300001578,zg,59317.26683,14.207295,0.015581851,-0.09234299,14.152,0.042
754201400009034,zr,59319.22439,13.575825,0.013920746,0.10874939,13.648999,0.039
754101400005929,zg,59319.26768,14.163858,0.012971852,-0.05202432,14.188001,0.035
755304300003173,zi,59319.29102,13.394867,0.01367382,0.19237809,13.404,0.057
754101400005929,zg,59321.26252,14.201643,0.012926547,-0.06106826,14.188001,0.035
755104300001578,zg,59321.26442,14.255819,0.015560795,-0.10980233,14.152,0.042
754201400009034,zr,59321.30596,13.632647,0.01383985,0.1078721,13.648999,0.039
755204300010795,zr,59321.30642,13.592904,0.014834708,0.121225305,13.648,0.048
754301400025593,zi,59321.33016,13.359859,0.012552151,0.18992662,13.4279995,0.046
755304300003173,zi,59322.22482,13.376896,0.013698232,0.19312957,13.404,0.057
755204300010795,zr,59322.26632,13.558687,0.014881162,0.122852236,13.648,0.048
755104300001578,zg,59322.32393,14.175517,0.015596454,-0.074834324,14.152,0.042
754101400005929,zg,59323.28568,14.161994,0.012974119,-0.059446,14.188001,0.035
755104300001578,zg,59323.28814,14.207006,0.01558198,-0.076240405,14.152,0.042
755104300001578,zg,59323.28908,14.173181,0.015597553,-0.07199909,14.152,0.042
754201400009034,zr,59323.32571,13.581591,0.013912462,0.10568863,13.648999,0.039
755204300010795,zr,59323.34751,13.569634,0.014866243,0.12421805,13.648,0.048
755204300010795,zr,59323.34898,13.575961,0.014857644,0.122705616,13.648,0.048
755104300001578,zg,59324.18101,14.178519,0.015595049,-0.07167166,14.152,0.042
755204300010795,zr,59324.25724,13.526451,0.014925393,0.11662303,13.648,0.048
754301400025593,zi,59324.30861,13.375777,0.01253785,0.19062954,13.4279995,0.046
755304300003173,zi,59325.24653,13.273489,0.0138411205,0.18835345,13.404,0.057
754201400009034,zr,59325.26319,13.570864,0.013927887,0.108472645,13.648999,0.039
755204300010795,zr,59325.26412,13.553128,0.014888757,0.112185694,13.648,0.048
754101400005929,zg,59325.34294,14.11385,0.013033684,-0.05537944,14.188001,0.035
755104300001578,zg,59325.3434,14.131098,0.015617907,-0.035334334,14.152,0.042
755204300010795,zr,59329.24844,13.513534,0.014943242,0.13442549,13.648,0.048
755204300010795,zr,59329.24938,13.530556,0.0149197355,0.119744554,13.648,0.048
754201400009034,zr,59329.25828,13.530783,0.013986021,0.11144208,13.648999,0.039
754201400009034,zr,59329.25943,13.539301,0.0139736,0.10399223,13.648999,0.039
754101400005929,zg,59329.30939,14.153907,0.012983988,-0.053866416,14.188001,0.035
754101400005929,zg,59329.31033,14.149718,0.012989121,-0.027653486,14.188001,0.035
755104300001578,zg,59329.32357,14.163508,0.015602137,-0.0761937,14.152,0.042
755104300001578,zg,59329.33165,14.160476,0.015603585,-0.062138975,14.152,0.042
755204300010795,zr,59334.26588,13.493285,0.014971362,0.1179866,13.648,0.048
754301400025593,zi,59334.30112,13.33469,0.012574991,0.19556263,13.4279995,0.046
755304300003173,zi,59334.3016,13.286879,0.013822394,0.19230127,13.404,0.057
754201400009034,zr,59335.20352,13.537436,0.013976318,0.10290937,13.648999,0.039
754201400009034,zr,59335.20494,13.525143,0.013994264,0.1016069,13.648999,0.039
754101400005929,zg,59335.26141,14.0904875,0.013063278,-0.0653296,14.188001,0.035
754101400005929,zg,59335.26234,14.057274,0.013106102,-0.06333831,14.188001,0.035
755104300001578,zg,59335.26479,14.118851,0.0156240305,-0.069061406,14.152,0.042
755104300001578,zg,59335.26572,14.123753,0.01562157,-0.08230931,14.152,0.042
755204300010795,zr,59335.30907,13.54176,0.0149043305,0.119986646,13.648,0.048
755204300010795,zr,59335.31051,13.500117,0.014961855,0.12609024,13.648,0.048
755104300001578,zg,59336.24057,14.068827,0.015649937,-0.07680406,14.152,0.042
754101400005929,zg,59336.26292,14.08173,0.013074486,-0.060227785,14.188001,0.035
755204300010795,zr,59336.30611,13.511435,0.014946148,0.116318874,13.648,0.048
754201400009034,zr,59336.32435,13.518933,0.014003357,0.11425568,13.648999,0.039
754201400009034,zr,59338.26352,13.51184,0.014013767,0.10251206,13.648999,0.039
754201400009034,zr,59338.26446,13.532462,0.013983569,0.11218027,13.648999,0.039
755204300010795,zr,59338.28666,13.420676,0.015073558,0.11707179,13.648,0.048
755204300010795,zr,59338.2876,13.48214,0.014986911,0.11231627,13.648,0.048
755104300001578,zg,59338.30755,14.076393,0.015645927,-0.059760693,14.152,0.042
755104300001578,zg,59338.30848,14.0973425,0.015634991,-0.09121455,14.152,0.042
754101400005929,zg,59338.3235,14.074829,0.013083359,-0.0629728,14.188001,0.035
754101400005929,zg,59338.32443,14.062556,0.013099232,-0.047713354,14.188001,0.035
754301400025593,zi,59339.18738,13.3054905,0.012601832,0.18866207,13.4279995,0.046
755304300003173,zi,59339.20819,13.183636,0.013968412,0.190806,13.404,0.057
755104300001578,zg,59339.24951,14.137896,0.015614549,-0.076739006,14.152,0.042
754201400009034,zr,59339.26526,13.443224,0.014115665,0.113236174,13.648999,0.039
755204300010795,zr,59339.28034,13.390063,0.015117262,0.117318876,13.648,0.048
754101400005929,zg,59340.22259,14.141964,0.012998664,-0.06244595,14.188001,0.035
754101400005929,zg,59340.22352,14.133753,0.013008824,-0.06865503,14.188001,0.035
755104300001578,zg,59340.22494,14.203483,0.015583568,-0.09925263,14.152,0.042
755104300001578,zg,59340.22587,14.166406,0.015600759,-0.10440251,14.152,0.042
754201400009034,zr,59340.26292,13.562674,0.013939701,0.10985621,13.648999,0.039
754201400009034,zr,59340.26386,13.505639,0.014022887,0.10485674,13.648999,0.039
755204300010795,zr,59340.30625,13.506589,0.014952867,0.11231768,13.648,0.048
755204300010795,zr,59340.30719,13.525867,0.014926198,0.12015284,13.648,0.048
754101400005929,zg,59341.18671,14.131899,0.013011126,-0.059786566,14.188001,0.035
755104300001578,zg,59341.18765,14.173988,0.015597173,-0.07393645,14.152,0.042
754201400009034,zr,59341.2042,13.528222,0.013989763,0.108343825,13.648999,0.039
755204300010795,zr,59341.20852,13.4512,0.01503034,0.1053142,13.648,0.048
754301400025593,zi,59342.17758,13.308388,0.0125991525,0.19010273,13.4279995,0.046
754101400005929,zg,59342.24302,14.160508,0.0129759265,-0.06738053,14.188001,0.035
754101400005929,zg,59342.24397,14.166901,0.012968157,-0.06937769,14.188001,0.035
754201400009034,zr,59342.26162,13.509007,0.01401793,0.1084301,13.648999,0.039
755204300010795,zr,59342.28206,13.564496,0.014873239,0.11948455,13.648,0.048
755204300010795,zr,59342.28299,13.4740095,0.014998285,0.12060874,13.648,0.048
754201400009034,zr,59342.30767,13.538664,0.013974529,0.1159618,13.648999,0.039
755104300001578,zg,59342.32325,14.12297,0.015621961,-0.09453193,14.152,0.042
755104300001578,zg,59342.32805,14.136225,0.01561537,-0.07189254,14.152,0.042
754201400009034,zr,59343.20605,13.525294,0.013994044,0.106987625,13.648999,0.039
754101400005929,zg,59343.24631,14.120608,0.0130252065,-0.06302155,14.188001,0.035
755104300001578,zg,59343.25149,14.093437,0.015637012,-0.08696712,14.152,0.042
755204300010795,zr,59344.24038,13.466338,0.015009043,0.11427758,13.648,0.048
755204300010795,zr,59344.24132,13.477457,0.01499346,0.11354809,13.648,0.048
754201400009034,zr,59344.24228,13.517728,0.0140051255,0.10872709,13.648999,0.039
754201400009034,zr,59344.24322,13.533653,0.013981832,0.111739516,13.648999,0.039
754101400005929,zg,59344.26174,14.156431,0.012980901,-0.07235116,14.188001,0.035
754101400005929,zg,59344.26268,14.138666,0.013002738,-0.06935326,14.188001,0.035
755104300001578,zg,59344.28727,14.137672,0.015614657,-0.06755497,14.152,0.042
755104300001578,zg,59344.28821,14.112274,0.015627354,-0.082048714,14.152,0.042
755104300001578,zg,59345.18249,14.164766,0.015601536,-0.09550482,14.152,0.042
754101400005929,zg,59345.18532,14.131518,0.013011599,-0.06806873,14.188001,0.035
755204300010795,zr,59345.20189,13.533009,0.014916359,0.11022041,13.648,0.048
754201400009034,zr,59345.20569,13.53764,0.01397602,0.106635205,13.648999,0.039
755104300001578,zg,59345.23289,14.125164,0.015620863,-0.07741897,14.152,0.042
755204300010795,zr,59346.28489,13.45047,0.01503137,0.1185207,13.648,0.048
755204300010795,zr,59346.29027,13.62504,0.0147915585,0.11815015,13.648,0.048
754201400009034,zr,59346.30525,13.55661,0.01394847,0.11043845,13.648999,0.039
754201400009034,zr,59346.31097,13.529313,0.013988169,0.11132547,13.648999,0.039
755104300001578,zg,59346.32171,14.166406,0.015600759,-0.100737095,14.152,0.042
755104300001578,zg,59346.32313,14.145914,0.015610619,-0.08689663,14.152,0.042
754101400005929,zg,59346.37091,14.134299,0.013008147,-0.046874527,14.188001,0.035
754101400005929,zg,59346.37236,14.089387,0.013064683,-0.034102023,14.188001,0.035
754201400009034,zr,59348.20185,13.51843,0.014004096,0.10690895,13.648999,0.039
754201400009034,zr,59348.20278,13.474757,0.01406857,0.10934471,13.648999,0.039
754101400005929,zg,59348.24397,14.093001,0.013060072,-0.057482727,14.188001,0.035
754101400005929,zg,59348.24589,14.096107,0.01305612,-0.05789098,14.188001,0.035
755104300001578,zg,59348.25913,14.150611,0.015608336,-0.112501815,14.152,0.042
755104300001578,zg,59348.2647,14.109185,0.015628923,-0.08074547,14.152,0.042
754301400025593,zi,59348.28381,13.256352,0.012647802,0.19685726,13.4279995,0.046
755204300010795,zr,59348.3267,13.461326,0.015016086,0.109196335,13.648,0.048
755204300010795,zr,59348.32767,13.504879,0.01495524,0.12463398,13.648,0.048
754201400009034,zr,59349.18007,13.544966,0.013965361,0.10969252,13.648999,0.039
754201400009034,zr,59349.181,13.530116,0.0139869945,0.12000103,13.648999,0.039
754101400005929,zg,59349.22905,14.114834,0.013032448,-0.04854114,14.188001,0.035
755204300010795,zr,59349.28465,13.501229,0.014960309,0.11115877,13.648,0.048
754101400005929,zg,59350.19766,14.051432,0.013113723,-0.045384113,14.188001,0.035
754101400005929,zg,59350.19907,14.042625,0.013125262,-0.034142967,14.188001,0.035
754201400009034,zr,59350.24253,13.440572,0.0141196465,0.12282393,13.648999,0.039
754201400009034,zr,59350.24347,13.449253,0.014106626,0.114471085,13.648999,0.039
755204300010795,zr,59350.25974,13.385006,0.015124515,0.13220018,13.648,0.048
755204300010795,zr,59350.26068,13.497118,0.014966026,0.13070655,13.648,0.048
754101400005929,zg,59352.20583,14.01096,0.013167242,-0.0072412766,14.188001,0.035
754201400009034,zr,59352.24733,13.543288,0.013967799,0.112922475,13.648999,0.039
754201400009034,zr,59353.20244,13.539335,0.013973551,0.10966782,13.648999,0.039
755204300010795,zr,59353.20387,13.493733,0.014970737,0.121679544,13.648,0.048
754101400005929,zg,59353.23852,14.099685,0.013051576,-0.047721375,14.188001,0.035
755104300001578,zg,59353.24728,14.082468,0.01564273,-0.039048027,14.152,0.042
755304300003173,zi,59353.26679,13.361878,0.013718731,0.18654016,13.404,0.057
754301400025593,zi,59353.26727,13.31426,0.012593734,0.20035592,13.4279995,0.046
754101400005929,zg,59354.18759,14.103482,0.013046763,-0.03767211,14.188001,0.035
754201400009034,zr,59354.22123,13.536257,0.013978037,0.109970786,13.648999,0.039
754201400009034,zr,59354.22402,13.51938,0.014002703,0.1095235,13.648999,0.039
755204300010795,zr,59354.24187,13.500194,0.014961747,0.1263065,13.648,0.048
755204300010795,zr,59354.24327,13.562331,0.014876189,0.11938698,13.648,0.048
754101400005929,zg,59354.30406,14.034202,0.013136356,-0.04689942,14.188001,0.035
755104300001578,zg,59354.30454,14.052743,0.015658569,-0.0355326,14.152,0.042
755104300001578,zg,59354.30821,14.044249,0.015663182,-0.04575006,14.152,0.042
754201400009034,zr,59355.21555,13.552413,0.013954551,0.123453856,13.648999,0.039
755204300010795,zr,59355.23925,13.545672,0.014898966,0.12132301,13.648,0.048
755104300001578,zg,59356.1931,14.129036,0.015618932,-0.07722519,14.152,0.042
755104300001578,zg,59356.19403,14.123497,0.015621697,-0.06696685,14.152,0.042
754101400005929,zg,59356.20411,14.123044,0.01302216,-0.0709919,14.188001,0.035
754101400005929,zg,59356.20505,14.1169195,0.01302983,-0.053049646,14.188001,0.035
754201400009034,zr,59356.26093,13.5471325,0.013962214,0.111922555,13.648999,0.039
755204300010795,zr,59356.26373,13.540622,0.014905894,0.12302262,13.648,0.048
754201400009034,zr,59356.26673,13.564225,0.01393746,0.11853927,13.648999,0.039
755204300010795,zr,59356.26721,13.533888,0.01491515,0.12558457,13.648,0.048
755304300003173,zi,59356.3285,13.365358,0.013713974,0.19540392,13.404,0.057
754301400025593,zi,59358.1997,13.342795,0.012567606,0.1858711,13.4279995,0.046
754101400005929,zg,59358.26436,14.059234,0.01310355,-0.029147847,14.188001,0.035
755204300010795,zr,59358.28126,13.514536,0.014941854,0.112791754,13.648,0.048
754201400009034,zr,59358.28792,13.509394,0.014017363,0.11734717,13.648999,0.039
755104300001578,zg,59358.38723,14.031654,0.0156701,-0.037343346,14.152,0.042
754201400009034,zr,59359.22211,13.51405,0.014010523,0.10850273,13.648999,0.039
754201400009034,zr,59359.22305,13.499316,0.014032203,0.11044203,13.648999,0.039
755204300010795,zr,59359.22353,13.47469,0.014997333,0.12031754,13.648,0.048
755204300010795,zr,59359.22495,13.490246,0.014975596,0.1146297,13.648,0.048
755204300010795,zr,59359.22588,13.493849,0.014970576,0.120508775,13.648,0.048
754101400005929,zg,59359.26612,14.07389,0.01308457,-0.04662238,14.188001,0.035
754101400005929,zg,59359.26705,14.079594,0.013077227,-0.029408649,14.188001,0.035
755104300001578,zg,59359.27683,14.083817,0.015642025,-0.05673629,14.152,0.042
755104300001578,zg,59359.27777,14.112167,0.015627407,-0.07676569,14.152,0.042
755104300001578,zg,59359.28079,14.119621,0.015623641,-0.06946735,14.152,0.042
754201400009034,zr,59361.20162,13.458547,0.014092724,0.10770511,13.648999,0.039
755204300010795,zr,59361.22357,13.46522,0.015010612,0.12032547,13.648,0.048
754101400005929,zg,59361.26922,14.031777,0.013139557,-0.023145529,14.188001,0.035
755104300001578,zg,59361.2776,14.10499,0.015631065,-0.0953113,14.152,0.042
755104300001578,zg,59362.1878,14.055532,0.01565706,-0.0940894,14.152,0.042
755204300010795,zr,59362.2452,13.471062,0.015002416,0.11788452,13.648,0.048
755204300010795,zr,59362.24621,13.480569,0.014989107,0.10547313,13.648,0.048
755204300010795,zr,59362.24721,13.401773,0.015100502,0.11583076,13.648,0.048
754201400009034,zr,59362.26208,13.48636,0.014051354,0.113430336,13.648999,0.039
754201400009034,zr,59362.26302,13.464653,0.014083612,0.121467166,13.648999,0.039
755204300010795,zr,59363.20042,13.435076,0.015053125,0.112430476,13.648,0.048
754201400009034,zr,59363.20089,13.504705,0.014024261,0.09973216,13.648999,0.039
755104300001578,zg,59363.24232,14.053014,0.015658421,-0.0897882,14.152,0.042
755204300010795,zr,59364.30907,13.504147,0.014956257,0.11575699,13.648,0.048
754201400009034,zr,59364.31,13.474744,0.01406859,0.10935277,13.648999,0.039
755204300010795,zr,59364.312,13.475646,0.014995994,0.12247695,13.648,0.048
755104300001578,zg,59365.19769,14.059123,0.015655128,-0.080816686,14.152,0.042
755304300003173,zi,59366.18707,13.247362,0.013877844,0.19344692,13.404,0.057
755204300010795,zr,59366.1969,13.438987,0.015047588,0.119992465,13.648,0.048
755204300010795,zr,59366.20027,13.427519,0.015063839,0.116431914,13.648,0.048
754201400009034,zr,59366.20074,13.473021,0.014071151,0.098375395,13.648999,0.039
754201400009034,zr,59366.20169,13.482992,0.0140563445,0.10786615,13.648999,0.039
754101400005929,zg,59366.24514,13.988419,0.01319758,-0.054960515,14.188001,0.035
754101400005929,zg,59366.24608,14.017797,0.013158112,-0.058493044,14.188001,0.035
755104300001578,zg,59366.26345,14.04163,0.015664613,-0.07988633,14.152,0.042
755104300001578,zg,59366.26438,14.026439,0.01567299,-0.07963634,14.152,0.042
754101400005929,zg,59367.25658,14.017335,0.01315873,-0.042034667,14.188001,0.035
755104300001578,zg,59367.25752,14.067761,0.015650505,-0.076597124,14.152,0.042
754301400025593,zi,59367.32568,13.315626,0.012592473,0.19501111,13.4279995,0.046
754101400005929,zg,59368.18696,14.075221,0.0130828535,-0.05715687,14.188001,0.035
755104300001578,zg,59368.19655,14.106547,0.015630268,-0.07579452,14.152,0.042
754201400009034,zr,59368.21911,13.486554,0.014051066,0.10909043,13.648999,0.039
755204300010795,zr,59368.21958,13.488272,0.014978349,0.12135579,13.648,0.048
755204300010795,zr,59369.19791,13.490149,0.014975732,0.12244353,13.648,0.048
755104300001578,zg,59369.21765,14.142008,0.015612529,-0.081150666,14.152,0.042
754101400005929,zg,59370.22455,14.048217,0.01311793,-0.046207994,14.188001,0.035
755104300001578,zg,59370.22502,14.116466,0.015625231,-0.08576563,14.152,0.042
755204300010795,zr,59370.26201,13.504595,0.014955634,0.11097379,13.648,0.048
754201400009034,zr,59370.26391,13.517935,0.014004822,0.10920085,13.648999,0.039
755304300003173,zi,59371.30073,13.302401,0.013800768,0.19381687,13.404,0.057
754301400025593,zi,59371.30167,13.309416,0.0125982035,0.19621874,13.4279995,0.046
754301400025593,zi,59375.19483,13.274268,0.012630927,0.18933944,13.4279995,0.046
755304300003173,zi,59375.19529,13.231964,0.013899601,0.18982795,13.404,0.057
755204300010795,zr,59375.21884,13.461133,0.0150163565,0.11396088,13.648,0.048
754201400009034,zr,59375.22355,13.439513,0.014121235,0.115793094,13.648999,0.039
754101400005929,zg,59375.26381,14.013205,0.01316424,-0.04214033,14.188001,0.035
755104300001578,zg,59375.26907,14.013686,0.015680116,-0.05868718,14.152,0.042
754201400009034,zr,59377.21589,13.522973,0.01399744,0.10055104,13.648999,0.039
755204300010795,zr,59377.2202,13.456555,0.015022796,0.108058654,13.648,0.048
755104300001578,zg,59377.32225,14.058979,0.015655205,-0.044972222,14.152,0.042
754101400005929,zg,59377.32319,14.059175,0.013103628,-0.020086141,14.188001,0.035
754101400005929,zg,59379.19486,14.049169,0.013116683,-0.06718241,14.188001,0.035
755104300001578,zg,59379.19871,14.093719,0.015636865,-0.09419398,14.152,0.042
754201400009034,zr,59379.21619,13.487978,0.014048957,0.105840124,13.648999,0.039
754301400025593,zi,59379.25956,13.35065,0.012560476,0.18744443,13.4279995,0.046
755204300010795,zr,59380.20396,13.396235,0.015108421,0.113230444,13.648,0.048
754201400009034,zr,59380.20444,13.469626,0.014076202,0.11106983,13.648999,0.039
754201400009034,zr,59383.19921,13.552057,0.013955065,0.103565075,13.648999,0.039
754101400005929,zg,59383.24054,14.038121,0.013131187,0.0012451243,14.188001,0.035
755104300001578,zg,59383.24148,14.072525,0.015647972,-0.056440514,14.152,0.042
754301400025593,zi,59383.28215,13.296015,0.01261062,0.1773869,13.4279995,0.046
755304300003173,zi,59383.28402,13.301882,0.013801489,0.19853021,13.404,0.057
755104300001578,zg,59385.19575,14.063602,0.015652725,-0.04984191,14.152,0.042
755104300001578,zg,59385.19669,14.063113,0.015652988,-0.03799343,14.152,0.042
754101400005929,zg,59385.19907,14.047985,0.013118232,-0.044138998,14.188001,0.035
755204300010795,zr,59385.21994,13.461222,0.015016231,0.12098052,13.648,0.048
754201400009034,zr,59385.22422,13.496425,0.014036471,0.1094461,13.648999,0.039
755204300010795,zr,59385.22516,13.4742155,0.014997997,0.112002075,13.648,0.048
754301400025593,zi,59386.23797,13.310204,0.012597474,0.19023022,13.4279995,0.046
755304300003173,zi,59386.24234,13.290516,0.013817318,0.19340107,13.404,0.057
755204300010795,zr,59387.22601,13.434362,0.015054135,0.11531912,13.648,0.048
754201400009034,zr,59387.22648,13.48893,0.014047551,0.11393501,13.648999,0.039
755204300010795,zr,59387.22695,13.481642,0.014987607,0.12281039,13.648,0.048
754101400005929,zg,59387.28193,14.04769,0.013118618,-0.0072693224,14.188001,0.035
755104300001578,zg,59387.28288,14.08087,0.01564357,-0.029908575,14.152,0.042
755104300001578,zg,59387.28382,14.026575,0.015672913,-0.030093402,14.152,0.042
755104300001578,zg,59390.20021,14.123694,0.015621598,-0.045882445,14.152,0.042
755204300010795,zr,59390.30702,13.498732,0.014963782,0.13451587,13.648,0.048
755104300001578,zg,59391.20262,14.106392,0.015630348,-0.06987402,14.152,0.042
754101400005929,zg,59391.24416,14.074508,0.013083775,-0.03480811,14.188001,0.035
754201400009034,zr,59391.28317,13.487622,0.014049485,0.11166947,13.648999,0.039
755204300010795,zr,59391.29925,13.501127,0.014960451,0.123666756,13.648,0.048
754201400009034,zr,59392.20034,13.467075,0.01408,0.11144948,13.648999,0.039
755204300010795,zr,59392.20227,13.435234,0.0150529,0.117678806,13.648,0.048
755104300001578,zg,59392.27355,14.106744,0.015630167,-0.030648215,14.152,0.042
755204300010795,zr,59393.19902,13.459494,0.0150186615,0.119130105,13.648,0.048
754201400009034,zr,59393.19948,13.524019,0.01399591,0.104689896,13.648999,0.039
755204300010795,zr,59393.20043,13.471216,0.015002201,0.1176498,13.648,0.048
754101400005929,zg,59393.28571,14.065118,0.01309591,-0.01507228,14.188001,0.035
755104300001578,zg,59393.30377,14.07166,0.015648434,-0.029147536,14.152,0.042
755104300001578,zg,59393.30472,14.066737,0.015651051,-0.0027132195,14.152,0.042
755204300010795,zr,59396.19437,13.353972,0.015169235,0.11943282,13.648,0.048
755204300010795,zr,59396.19532,13.453899,0.015026538,0.11219988,13.648,0.048
755104300001578,zg,59396.24154,14.059885,0.01565472,-0.049493734,14.152,0.042
755104300001578,zg,59396.24248,14.062896,0.015653104,-0.04560272,14.152,0.042
755104300001578,zg,59397.24089,14.044067,0.015663281,-0.02635495,14.152,0.042
754301400025593,zi,59401.19326,13.338358,0.012571646,0.19427663,13.4279995,0.046
755304300003173,zi,59401.19757,13.33217,0.01375954,0.19284937,13.404,0.057
755204300010795,zr,59401.28068,13.422504,0.01507096,0.13105789,13.648,0.048
755104300001578,zg,59402.20085,14.089802,0.0156389,-0.055181112,14.152,0.042
755204300010795,zr,59402.2163,13.504432,0.0149558615,0.12475933,13.648,0.048
754201400009034,zr,59402.23778,13.495099,0.014038428,0.10997549,13.648999,0.039
755204300010795,zr,59403.1952,13.521678,0.0149319805,0.11644567,13.648,0.048
755304300003173,zi,59412.19499,13.330478,0.013761874,0.18617065,13.404,0.057
754301400025593,zi,59412.19785,13.321601,0.012586978,0.19384639,13.4279995,0.046
754201400009034,zr,59423.16923,13.487976,0.01404896,0.11045405,13.648999,0.039
754201400009034,zr,59423.17017,13.462387,0.014086991,0.109425224,13.648999,0.039
754201400009034,zr,59423.17112,13.495858,0.014037308,0.11627177,13.648999,0.039
754201400009034,zr,59423.17206,13.476922,0.014065353,0.11411739,13.648999,0.039
754201400009034,zr,59423.17301,13.465699,0.014082052,0.10600714,13.648999,0.039
754201400009034,zr,59424.16861,13.456184,0.014096254,0.115654804,13.648999,0.039
754201400009034,zr,59424.16956,13.518092,0.014004591,0.11968267,13.648999,0.039
754201400009034,zr,59424.1705,13.50265,0.014027289,0.11614501,13.648999,0.039
754201400009034,zr,59424.17145,13.45771,0.014093975,0.112088285,13.648999,0.039
754201400009034,zr,59424.17239,13.478492,0.014063022,0.11107336,13.648999,0.039
754201400009034,zr,59427.16695,13.472165,0.014072425,0.119584076,13.648999,0.039
754201400009034,zr,59427.16838,13.44999,0.014105521,0.119233005,13.648999,0.039
754201400009034,zr,59427.16982,13.454631,0.014098576,0.12166283,13.648999,0.039
754201400009034,zr,59427.17125,13.483596,0.0140554495,0.104817726,13.648999,0.039
754201400009034,zr,59427.1727,13.464832,0.0140833445,0.13493897,13.648999,0.039
754201400009034,zr,59428.16621,13.464058,0.014084498,0.12448275,13.648999,0.039
754201400009034,zr,59428.16765,13.429196,0.014136757,0.11666796,13.648999,0.039
754201400009034,zr,59428.16908,13.477421,0.014064611,0.12401104,13.648999,0.039
754201400009034,zr,59428.17052,13.506367,0.014021815,0.116018035,13.648999,0.039
754201400009034,zr,59428.17195,13.435193,0.01412773,0.12741879,13.648999,0.039
754201400009034,zr,59434.15014,13.436292,0.014126077,0.10347577,13.648999,0.039
754201400009034,zr,59434.15251,13.428099,0.01413841,0.10958072,13.648999,0.039
754201400009034,zr,59434.15487,13.407787,0.014169114,0.0928307,13.648999,0.039
754201400009034,zr,59434.15724,13.406218,0.014171494,0.11014092,13.648999,0.039
754201400009034,zr,59434.15961,13.414032,0.014159656,0.11026404,13.648999,0.039
754201400009034,zr,59435.14885,13.439947,0.014120583,0.106278114,13.648999,0.039
754201400009034,zr,59435.15121,13.408934,0.014167376,0.10457313,13.648999,0.039
754201400009034,zr,59435.15358,13.445499,0.014112252,0.11676788,13.648999,0.039
754201400009034,zr,59435.15594,13.385908,0.014202384,0.11164619,13.648999,0.039
754201400009034,zr,59435.15831,13.411663,0.014163241,0.11905322,13.648999,0.039
754201400009034,zr,59436.14938,13.418983,0.014152167,0.112261616,13.648999,0.039
754201400009034,zr,59436.15181,13.434344,0.014129006,0.123565465,13.648999,0.039
754201400009034,zr,59436.15424,13.438301,0.014123057,0.11451967,13.648999,0.039
754201400009034,zr,59436.15666,13.398695,0.014182916,0.12611799,13.648999,0.039
754201400009034,zr,59436.15907,13.40174,0.01417829,0.117840685,13.648999,0.039
755204300010795,zr,59436.16201,13.383097,0.015127256,0.12503165,13.648,0.048
755204300010795,zr,59436.16641,13.394072,0.015111518,0.1261472,13.648,0.048
754201400009034,zr,59438.14768,13.377544,0.0142151555,0.11624248,13.648999,0.039
754201400009034,zr,59438.1501,13.419336,0.014151635,0.11839546,13.648999,0.039
754201400009034,zr,59438.15253,13.390621,0.0141952,0.123092815,13.648999,0.039
754201400009034,zr,59438.15495,13.4086685,0.014167779,0.12533022,13.648999,0.039
754201400009034,zr,59438.15737,13.40736,0.014169762,0.12011367,13.648999,0.039
755204300010795,zr,59438.15834,13.379686,0.015132156,0.118106075,13.648,0.048
755204300010795,zr,59438.1598,13.379192,0.015132865,0.11734261,13.648,0.048
755204300010795,zr,59438.16127,13.376595,0.0151366005,0.13920432,13.648,0.048
755204300010795,zr,59438.16273,13.38421,0.015125658,0.11723121,13.648,0.048
755204300010795,zr,59438.1642,13.339175,0.015190681,0.13508236,13.648,0.048
754201400009034,zr,59439.14826,13.44451,0.0141137345,0.12821591,13.648999,0.039
754201400009034,zr,59439.15069,13.420045,0.014150565,0.12929095,13.648999,0.039
754201400009034,zr,59439.15312,13.412605,0.014161816,0.108580075,13.648999,0.039
754201400009034,zr,59439.15554,13.416286,0.014156246,0.11902407,13.648999,0.039
754201400009034,zr,59439.15796,13.401309,0.014178943,0.12946375,13.648999,0.039
754201400009034,zr,59440.14594,13.360367,0.014241478,0.11785763,13.648999,0.039
754201400009034,zr,59440.15563,13.4176445,0.014154192,0.11683594,13.648999,0.039
754201400009034,zr,59441.14507,13.413485,0.014160484,0.12606391,13.648999,0.039
754201400009034,zr,59441.1475,13.486818,0.014050675,0.111485496,13.648999,0.039
754201400009034,zr,59441.14991,13.449642,0.014106044,0.115669765,13.648999,0.039
754201400009034,zr,59441.15431,13.450571,0.014104651,0.116819404,13.648999,0.039
754201400009034,zr,59443.14329,13.448773,0.014107344,0.11368391,13.648999,0.039
754201400009034,zr,59443.14571,13.4648075,0.01408338,0.13369855,13.648999,0.039
754201400009034,zr,59443.14814,13.452884,0.01410119,0.13127922,13.648999,0.039
755204300010795,zr,59449.14775,13.523537,0.014929415,0.11145053,13.648,0.048
755204300010795,zr,59449.14931,13.530361,0.014920004,0.118575916,13.648,0.048
755204300010795,zr,59449.15089,13.511899,0.014945507,0.10697016,13.648,0.048
755204300010795,zr,59449.15245,13.529429,0.014921288,0.10613031,13.648,0.048
755204300010795,zr,59449.15401,13.490665,0.014975011,0.13298312,13.648,0.048
754201400009034,zr,59512.51016,13.520959,0.01400039,0.104159616,13.648999,0.039
754201400009034,zr,59521.47256,13.497297,0.014035182,0.11013802,13.648999,0.039
754101400005929,zg,59521.51451,14.10488,0.013044994,-0.038388636,14.188001,0.035
755104300001578,zg,59522.51293,14.1603565,0.015603643,-0.09583444,14.152,0.042
754201400009034,zr,59523.50479,13.533009,0.013982774,0.11323393,13.648999,0.039
754101400005929,zg,59523.54416,14.187393,0.012943487,-0.032382328,14.188001,0.035
755104300001578,zg,59524.54897,14.218889,0.015576681,-0.067934126,14.152,0.042
754201400009034,zr,59525.44636,13.564864,0.013936539,0.11944768,13.648999,0.039
754101400005929,zg,59525.49376,14.19392,0.0129357055,-0.047700845,14.188001,0.035
754301400025593,zi,59525.52485,13.36195,0.012550267,0.1939942,13.4279995,0.046
755104300001578,zg,59527.49268,14.148034,0.015609588,-0.07405071,14.152,0.042
754101400005929,zg,59527.49456,14.149528,0.012989354,-0.037096,14.188001,0.035
755204300010795,zr,59530.4734,13.366907,0.0151505545,0.11956939,13.648,0.048
754101400005929,zg,59530.48744,14.000144,0.0131817525,-0.04072689,14.188001,0.035
755104300001578,zg,59530.49076,13.977095,0.015701039,-0.025132736,14.152,0.042
754301400025593,zi,59531.51917,13.434821,0.012485812,0.19181886,13.4279995,0.046
754201400009034,zr,59532.44827,13.544402,0.013966179,0.11672203,13.648999,0.039
755204300010795,zr,59532.47528,13.527293,0.014924232,0.123386174,13.648,0.048
755104300001578,zg,59532.5149,14.173793,0.015597263,-0.07848133,14.152,0.042
754101400005929,zg,59532.51585,14.159239,0.012977474,-0.04838994,14.188001,0.035
754101400005929,zg,59536.449,14.170593,0.012963684,-0.023199476,14.188001,0.035
754201400009034,zr,59536.47321,13.536405,0.013977819,0.1150712,13.648999,0.039
755204300010795,zr,59538.46664,13.506255,0.01495333,0.12874937,13.648,0.048
754101400005929,zg,59540.43969,14.096596,0.013055499,-0.020801252,14.188001,0.035
754301400025593,zi,59540.49227,13.375698,0.012537922,0.18588252,13.4279995,0.046
754201400009034,zr,59540.52901,13.559686,0.0139440205,0.10685596,13.648999,0.039
755104300001578,zg,59550.47241,14.168347,0.015599836,-0.08619661,14.152,0.042
754101400005929,zg,59550.48688,14.198963,0.012929719,-0.077159554,14.188001,0.035
754201400009034,zr,59550.5382,13.495779,0.014037425,0.107642695,13.648999,0.039
1754211300004843,zr,59622.41357,13.422505,0.014633953,0.1387419,13.546,0.043
754101400005929,zg,59623.30966,14.105129,0.01304468,-0.031387083,14.188001,0.035
755104300001578,zg,59623.33327,14.105292,0.01563091,-0.035026006,14.152,0.042
754201400009034,zr,59623.35455,13.524001,0.013995936,0.10836133,13.648999,0.039
755204300010795,zr,59623.37588,13.575897,0.014857731,0.13214283,13.648,0.048
754101400005929,zg,59624.27404,14.146194,0.012993451,-0.027836435,14.188001,0.035
754101400005929,zg,59624.31198,14.122304,0.013023083,-0.043375637,14.188001,0.035
754201400009034,zr,59624.35429,13.558522,0.013945703,0.10042087,13.648999,0.039
754201400009034,zr,59624.41384,13.539509,0.013973298,0.109445184,13.648999,0.039
755104300001578,zg,59625.22756,14.128456,0.015619221,-0.012319673,14.152,0.042
754101400005929,zg,59625.22803,14.124066,0.013020882,-0.02754327,14.188001,0.035
754201400009034,zr,59625.28586,13.554711,0.013951219,0.1079871,13.648999,0.039
755204300010795,zr,59625.29204,13.523505,0.014929458,0.12565795,13.648,0.048
754301400025593,zi,59625.32972,13.353905,0.01255753,0.18455034,13.4279995,0.046
754101400005929,zg,59627.18945,14.088554,0.013065746,-0.009184479,14.188001,0.035
754201400009034,zr,59627.35894,13.547391,0.013961838,0.11045412,13.648999,0.039
754101400005929,zg,59627.49493,14.073307,0.013085321,-0.03701338,14.188001,0.035
754201400009034,zr,59627.5404,13.40931,0.014166807,0.10775875,13.648999,0.039
754101400005929,zg,59628.17955,14.092444,0.013060782,-0.022280602,14.188001,0.035
754101400005929,zg,59628.20455,14.110981,0.013037294,-0.001649458,14.188001,0.035
755104300001578,zg,59628.20502,14.114782,0.015626084,-0.01004625,14.152,0.042
754301400025593,zi,59628.35441,13.324116,0.012584669,0.18394648,13.4279995,0.046
754201400009034,zr,59628.41353,13.514292,0.014010167,0.10783885,13.648999,0.039
754201400009034,zr,59628.42697,13.519753,0.014002155,0.11850075,13.648999,0.039
755204300010795,zr,59628.42746,13.515756,0.014940167,0.12094888,13.648,0.048
754201400009034,zr,59628.48338,13.46672,0.014080532,0.10137164,13.648999,0.039
754101400005929,zg,59628.49054,14.068607,0.013091391,-0.006440717,14.188001,0.035
754101400005929,zg,59629.40063,14.083683,0.01307198,-0.027843378,14.188001,0.035
754101400005929,zg,59629.45622,14.106857,0.0130424965,-0.035674565,14.188001,0.035
754201400009034,zr,59629.51893,13.54659,0.013963001,0.10278004,13.648999,0.039
755204300010795,zr,59630.37805,13.40119,0.015101337,0.124715686,13.648,0.048
755104300001578,zg,59630.41982,14.150814,0.015608238,-0.053409066,14.152,0.042
754101400005929,zg,59630.42086,14.135362,0.01300683,-0.044023696,14.188001,0.035
754101400005929,zg,59630.46101,14.139556,0.0130016375,-0.049659364,14.188001,0.035
754101400005929,zg,59636.24739,14.1237955,0.01302122,-0.048586253,14.188001,0.035
754201400009034,zr,59636.3457,13.513181,0.014011798,0.11644287,13.648999,0.039
754301400025593,zi,59636.37678,13.357469,0.012554309,0.19339259,13.4279995,0.046
755304300003173,zi,59636.39291,13.313164,0.013785822,0.19422309,13.404,0.057
754101400005929,zg,59636.44892,14.13171,0.0130113615,-0.057482887,14.188001,0.035
754201400009034,zr,59636.53154,13.447461,0.01410931,0.12459994,13.648999,0.039
754101400005929,zg,59637.22902,14.128775,0.01301501,-0.030606419,14.188001,0.035
754101400005929,zg,59637.22998,14.117314,0.013029334,-0.019553846,14.188001,0.035
754201400009034,zr,59637.33761,13.556861,0.013948107,0.10707383,13.648999,0.039
755104300001578,zg,59637.37297,14.110323,0.015628343,-0.046186775,14.152,0.042
754101400005929,zg,59637.39902,14.133065,0.013009678,-0.053369567,14.188001,0.035
754201400009034,zr,59638.39864,13.547963,0.013961007,0.110873014,13.648999,0.039
755104300001578,zg,59638.41378,14.120334,0.0156232845,-0.067786045,14.152,0.042
754101400005929,zg,59638.42404,14.108232,0.0130407605,-0.03190194,14.188001,0.035
755104300001578,zg,59638.44684,14.118307,0.015624303,-0.0527256,14.152,0.042
755204300010795,zr,59638.4796,13.5065155,0.01495297,0.12457897,13.648,0.048
754201400009034,zr,59638.4883,13.52771,0.013990512,0.11254207,13.648999,0.039
755204300010795,zr,59638.50819,13.489552,0.014976566,0.12474291,13.648,0.048
754201400009034,zr,59639.24783,13.507927,0.014019519,0.107034765,13.648999,0.039
755204300010795,zr,59639.24832,13.469356,0.015004811,0.12774423,13.648,0.048
754201400009034,zr,59639.26738,13.504556,0.014024482,0.11668528,13.648999,0.039
754101400005929,zg,59639.29105,14.099031,0.013052404,-0.034399517,14.188001,0.035
755204300010795,zr,59639.3048,13.490449,0.014975313,0.1199627,13.648,0.048
755104300001578,zg,59639.32471,14.098372,0.015634462,-0.038847923,14.152,0.042
755104300001578,zg,59639.35541,14.103948,0.0156316,-0.045682296,14.152,0.042
754101400005929,zg,59639.35637,14.083607,0.013072077,-0.04485809,14.188001,0.035
755304300003173,zi,59639.37246,13.264507,0.0138537185,0.19040066,13.404,0.057
754101400005929,zg,59639.38845,14.066649,0.013093926,-0.0391842,14.188001,0.035
755104300001578,zg,59639.38941,14.074981,0.015646674,-0.03987878,14.152,0.042
754201400009034,zr,59639.45051,13.458321,0.014093061,0.11214156,13.648999,0.039
755204300010795,zr,59639.47759,13.464936,0.015011012,0.12589665,13.648,0.048
754201400009034,zr,59640.32362,13.49718,0.014035355,0.11488959,13.648999,0.039
754101400005929,zg,59640.35906,14.076477,0.013081236,-0.049153205,14.188001,0.035
755104300001578,zg,59640.36485,14.065541,0.01565169,-0.0464705,14.152,0.042
755204300010795,zr,59640.39163,13.444527,0.015039759,0.12501398,13.648,0.048
754201400009034,zr,59640.40931,13.511824,0.0140137905,0.113050684,13.648999,0.039
755204300010795,zr,59640.41123,13.491922,0.0149732595,0.12508239,13.648,0.048
754101400005929,zg,59640.45332,14.088296,0.013066078,-0.051358294,14.188001,0.035
754201400009034,zr,59641.27738,13.495617,0.014037663,0.113316745,13.648999,0.039
754201400009034,zr,59641.31473,13.476836,0.01406548,0.11224071,13.648999,0.039
755204300010795,zr,59641.3152,13.495984,0.014967604,0.12998761,13.648,0.048
755204300010795,zr,59641.32737,13.536482,0.014911581,0.12461839,13.648,0.048
755104300001578,zg,59641.34834,14.0341625,0.015668714,-0.040530235,14.152,0.042
754101400005929,zg,59641.34881,14.075777,0.013082139,-0.01838267,14.188001,0.035
755204300010795,zr,59641.36964,13.509627,0.014948654,0.12650473,13.648,0.048
754201400009034,zr,59641.37012,13.521977,0.013998898,0.11177028,13.648999,0.039
754201400009034,zr,59670.36666,13.557871,0.013946647,0.1006482,13.648999,0.039
754201400009034,zr,59671.3366,13.567529,0.013932693,0.09888295,13.648999,0.039
755204300010795,zr,59671.36441,13.536324,0.014911801,0.11539429,13.648,0.048
754201400009034,zr,59671.36488,13.530486,0.013986456,0.1068968,13.648999,0.039
754201400009034,zr,59671.37457,13.559275,0.013944615,0.10616144,13.648999,0.039
754101400005929,zg,59671.4165,14.185525,0.01294572,-0.09101515,14.188001,0.035
754101400005929,zg,59671.43254,14.181968,0.012949982,-0.084897876,14.188001,0.035
755104300001578,zg,59671.43303,14.133074,0.015616928,-0.060628496,14.152,0.042
755104300001578,zg,59671.43399,14.175959,0.015596247,-0.07790932,14.152,0.042
754101400005929,zg,59671.44826,14.194118,0.01293547,-0.09443188,14.188001,0.035
755104300001578,zg,59671.47242,14.199098,0.015585558,-0.07316828,14.152,0.042
754101400005929,zg,59672.1688,14.152302,0.012985952,-0.07737322,14.188001,0.035
755104300001578,zg,59672.17074,14.156876,0.015605312,-0.06684855,14.152,0.042
754201400009034,zr,59672.1831,13.603182,0.013881593,0.10285397,13.648999,0.039
754301400025593,zi,59672.29275,13.372634,0.012540666,0.18516809,13.4279995,0.046
754101400005929,zg,59672.33043,14.13893,0.013002411,-0.07814211,14.188001,0.035
755204300010795,zr,59673.30091,13.583807,0.014847008,0.117024824,13.648,0.048
755104300001578,zg,59673.32876,14.185467,0.015591815,-0.09259634,14.152,0.042
755104300001578,zg,59673.40878,14.099353,0.015633957,-0.057738688,14.152,0.042
754201400009034,zr,59674.33308,13.585634,0.013906663,0.09679668,13.648999,0.039
755104300001578,zg,59674.38746,14.132192,0.015617365,-0.06279074,14.152,0.042
755104300001578,zg,59674.38842,14.144838,0.015611144,-0.05350457,14.152,0.042
754101400005929,zg,59674.41924,14.149139,0.012989832,-0.06881985,14.188001,0.035
755204300010795,zr,59674.46008,13.549494,0.014893729,0.12120693,13.648,0.048
755204300010795,zr,59674.46104,13.549446,0.014893795,0.1196687,13.648,0.048
755104300001578,zg,59675.16621,14.086764,0.015640484,-0.045742616,14.152,0.042
755204300010795,zr,59675.2007,13.45611,0.015023423,0.11837024,13.648,0.048
754301400025593,zi,59675.31059,13.34255,0.012567829,0.18687348,13.4279995,0.046
755204300010795,zr,59675.34578,13.456721,0.015022562,0.12895404,13.648,0.048
755104300001578,zg,59675.38465,14.110913,0.015628045,-0.05247038,14.152,0.042
755104300001578,zg,59676.32544,13.97983,0.01569945,-0.029944059,14.152,0.042
755104300001578,zg,59676.3264,14.049803,0.015660161,-0.049669508,14.152,0.042
754101400005929,zg,59676.33136,14.046903,0.01311965,-0.058982953,14.188001,0.035
754201400009034,zr,59676.35419,13.476132,0.014066525,0.11041184,13.648999,0.039
755204300010795,zr,59676.36636,13.431658,0.015057968,0.123950444,13.648,0.048
755204300010795,zr,59676.36732,13.446479,0.015037002,0.13299581,13.648,0.048
755104300001578,zg,59676.39492,13.967393,0.015706701,-0.030602438,14.152,0.042
755204300010795,zr,59677.16514,13.480563,0.014989115,0.1392153,13.648,0.048
755104300001578,zg,59677.24582,14.058874,0.01565526,-0.048824295,14.152,0.042
755304300003173,zi,59677.27086,13.302164,0.013801096,0.18873037,13.404,0.057
755104300001578,zg,59677.32414,14.096509,0.015635425,-0.049795475,14.152,0.042
755204300010795,zr,59677.3743,13.506678,0.014952743,0.12604605,13.648,0.048
755104300001578,zg,59678.18766,14.112954,0.01562701,-0.06569894,14.152,0.042
754201400009034,zr,59678.26471,13.50199,0.014028262,0.10195841,13.648999,0.039
754301400025593,zi,59678.28931,13.298174,0.012608613,0.19478425,13.4279995,0.046
755104300001578,zg,59678.34918,14.103041,0.015632063,-0.04907892,14.152,0.042
754101400005929,zg,59678.34967,14.130075,0.013013394,-0.07717299,14.188001,0.035
755104300001578,zg,59678.35014,14.063852,0.015652591,-0.044948883,14.152,0.042
755104300001578,zg,59679.1643,14.043832,0.015663411,-0.0324569,14.152,0.042
755204300010795,zr,59679.22815,13.5054655,0.014954427,0.12231311,13.648,0.048
755204300010795,zr,59679.24531,13.503303,0.014957428,0.12094476,13.648,0.048
755104300001578,zg,59679.28371,14.096667,0.015635343,-0.043224122,14.152,0.042
755204300010795,zr,59680.2439,13.498732,0.014963782,0.118212454,13.648,0.048
754201400009034,zr,59680.34448,13.477853,0.014063971,0.10645171,13.648999,0.039
755104300001578,zg,59682.21998,14.08646,0.015640642,-0.057947397,14.152,0.042
755204300010795,zr,59682.32621,13.498153,0.014964585,0.11998117,13.648,0.048
1754211300004843,zr,59682.32716,13.486726,0.014522726,0.1256016,13.546,0.043
754101400005929,zg,59683.29228,14.099786,0.013051447,-0.04796431,14.188001,0.035
754301400025593,zi,59683.32699,13.358102,0.012553738,0.18318392,13.4279995,0.046
754201400009034,zr,59683.36282,13.508861,0.014018147,0.09886376,13.648999,0.039
755104300001578,zg,59684.28683,14.059328,0.015655017,-0.06593085,14.152,0.042
755204300010795,zr,59684.34706,13.4978075,0.014965066,0.12721193,13.648,0.048
754201400009034,zr,59685.24077,13.476902,0.014065382,0.105878815,13.648999,0.039
754101400005929,zg,59685.32664,14.078699,0.0130783785,-0.040343646,14.188001,0.035
754301400025593,zi,59687.32949,13.33948,0.012570622,0.19123554,13.4279995,0.046
755304300003173,zi,59687.33185,13.293459,0.013813215,0.19320802,13.404,0.057
755204300010795,zr,59687.34751,13.531208,0.014918839,0.12019331,13.648,0.048
754101400005929,zg,59688.26711,14.092598,0.013060586,-0.037361965,14.188001,0.035
754201400009034,zr,59688.32549,13.54011,0.013972424,0.10810729,13.648999,0.039
755204300010795,zr,59689.26576,13.4819565,0.014987167,0.12273906,13.648,0.048
755104300001578,zg,59689.28686,14.043752,0.015663454,-0.038899895,14.152,0.042
754201400009034,zr,59690.24444,13.527586,0.013990691,0.10738248,13.648999,0.039
754101400005929,zg,59690.28672,14.089226,0.013064888,-0.055842984,14.188001,0.035
754301400025593,zi,59690.3745,13.309871,0.012597782,0.19276209,13.4279995,0.046
755104300001578,zg,59693.2372,14.046817,0.015661785,-0.07532493,14.152,0.042
755204300010795,zr,59693.28365,13.4612665,0.015016168,0.11658985,13.648,0.048
754301400025593,zi,59694.22255,13.298845,0.012607991,0.1920691,13.4279995,0.046
754201400009034,zr,59694.23917,13.492162,0.01404277,0.10613872,13.648999,0.039
754101400005929,zg,59694.34519,14.03945,0.013129437,-0.055366997,14.188001,0.035
754101400005929,zg,59696.20418,14.068179,0.013091945,-0.07603562,14.188001,0.035
754201400009034,zr,59696.26602,13.462212,0.014087252,0.114080355,13.648999,0.039
755104300001578,zg,59697.26729,14.092729,0.015637381,-0.06658333,14.152,0.042
754301400025593,zi,59697.34765,13.34721,0.012563596,0.19820857,13.4279995,0.046
754101400005929,zg,59699.22896,14.079176,0.013077765,-0.06462778,14.188001,0.035
755104300001578,zg,59699.24731,14.068418,0.015650155,-0.075835176,14.152,0.042
754301400025593,zi,59700.22491,13.261449,0.01264299,0.19106425,13.4279995,0.046
754101400005929,zg,59701.29306,13.972222,0.013219608,-0.05234519,14.188001,0.035
755104300001578,zg,59701.30843,13.976572,0.015701342,-0.056426935,14.152,0.042
754101400005929,zg,59701.3485,13.950501,0.013249447,-0.06294257,14.188001,0.035
755104300001578,zg,59701.34898,13.94341,0.015720908,-0.041252784,14.152,0.042
754101400005929,zg,59703.26567,14.032927,0.013138039,-0.06336567,14.188001,0.035
754201400009034,zr,59703.29219,13.434468,0.014128819,0.10821902,13.648999,0.039
755204300010795,zr,59707.24247,13.365855,0.015152071,0.12517223,13.648,0.048
755204300010795,zr,59707.26572,13.371744,0.015143583,0.1281389,13.648,0.048
755204300010795,zr,59708.17648,13.3312,0.015202273,0.1358276,13.648,0.048
754201400009034,zr,59708.17791,13.326619,0.014293541,0.11347083,13.648999,0.039
754201400009034,zr,59709.17757,13.403912,0.014174992,0.10999805,13.648999,0.039
755204300010795,zr,59709.20052,13.362968,0.015156235,0.119123444,13.648,0.048
1754211300004843,zr,59709.22732,13.396763,0.014678995,0.12570724,13.546,0.043
754201400009034,zr,59709.26367,13.394502,0.014189292,0.1105461,13.648999,0.039
755204300010795,zr,59709.26415,13.367611,0.0151495375,0.12583691,13.648,0.048
754101400005929,zg,59711.20053,14.012398,0.013165319,-0.068266444,14.188001,0.035
755104300001578,zg,59711.22486,13.97892,0.015699977,-0.03827505,14.152,0.042
754201400009034,zr,59711.27112,13.388765,0.0141980285,0.11521424,13.648999,0.039
755204300010795,zr,59711.28141,13.383951,0.015126029,0.11531068,13.648,0.048
754301400025593,zi,59712.30922,13.260315,0.012644058,0.19610393,13.4279995,0.046
755304300003173,zi,59712.32601,13.229108,0.013903646,0.18996549,13.404,0.057
754101400005929,zg,59713.20565,14.009387,0.013169347,-0.066642776,14.188001,0.035
754201400009034,zr,59713.24244,13.422432,0.014146959,0.106502175,13.648999,0.039
755204300010795,zr,59713.26252,13.386646,0.015122162,0.12042867,13.648,0.048
755104300001578,zg,59713.32567,14.008537,0.015683016,-0.10326768,14.152,0.042
754201400009034,zr,59715.20547,13.465241,0.014082735,0.098132305,13.648999,0.039
755104300001578,zg,59715.22512,14.0242405,0.015674211,-0.056155756,14.152,0.042
754101400005929,zg,59715.22558,14.025626,0.013147703,-0.06650203,14.188001,0.035
754301400025593,zi,59715.30969,13.177428,0.012723653,0.1882631,13.4279995,0.046
755204300010795,zr,59718.1957,13.425222,0.015067098,0.1123598,13.648,0.048
754201400009034,zr,59718.2505,13.474463,0.014069005,0.09559529,13.648999,0.039
755204300010795,zr,59719.38624,13.337076,0.015193729,0.121647224,13.648,0.048
754101400005929,zg,59722.26111,14.074412,0.013083895,-0.07652624,14.188001,0.035
755104300001578,zg,59722.3013,13.990659,0.015693199,-0.03693766,14.152,0.042
754301400025593,zi,59723.21977,13.2715225,0.012633503,0.18811686,13.4279995,0.046
754101400005929,zg,59724.22003,14.037279,0.0131322965,-0.07437321,14.188001,0.035
754201400009034,zr,59724.25809,13.461752,0.014087938,0.103704974,13.648999,0.039
755104300001578,zg,59724.32701,14.048085,0.015661092,-0.0465145,14.152,0.042
754201400009034,zr,59726.19908,13.461288,0.014088631,0.11112809,13.648999,0.039
754101400005929,zg,59726.22395,14.040789,0.013127675,-0.067062944,14.188001,0.035
755104300001578,zg,59726.24605,14.126509,0.015620192,-0.057320304,14.152,0.042
755104300001578,zg,59730.20584,14.121596,0.015622648,-0.062799,14.152,0.042
754301400025593,zi,59731.18548,13.339033,0.01257103,0.19079559,13.4279995,0.046
754101400005929,zg,59731.20486,14.1369,0.013004923,-0.06478815,14.188001,0.035
754201400009034,zr,59731.24585,13.539903,0.013972725,0.095703535,13.648999,0.039
755104300001578,zg,59732.18685,14.14151,0.015612772,-0.08451296,14.152,0.042
754201400009034,zr,59733.21796,13.5442705,0.013966371,0.09600168,13.648999,0.039
755104300001578,zg,59734.20016,14.197913,0.015586096,-0.053965922,14.152,0.042
755304300003173,zi,59734.28847,13.439527,0.0136137195,0.19221544,13.404,0.057
754201400009034,zr,59736.18687,13.5397,0.01397302,0.104916185,13.648999,0.039
755104300001578,zg,59736.2581,14.06151,0.015653847,-0.050955176,14.152,0.042
754101400005929,zg,59736.25904,14.106808,0.013042558,-0.06154026,14.188001,0.035
754301400025593,zi,59737.2378,13.287045,0.012618972,0.18659852,13.4279995,0.046
754101400005929,zg,59738.18485,14.046253,0.0131205,-0.037200388,14.188001,0.035
755104300001578,zg,59738.20276,14.087169,0.015640274,-0.040871404,14.152,0.042
754201400009034,zr,59738.23629,13.5511465,0.013956388,0.10932213,13.648999,0.039
755204300010795,zr,59740.1968,13.541151,0.014905168,0.12997618,13.648,0.048
755104300001578,zg,59740.23662,14.174449,0.015596957,-0.06982803,14.152,0.042
754101400005929,zg,59740.24418,14.19115,0.012939004,-0.06948354,14.188001,0.035
755204300010795,zr,59742.24181,13.529738,0.014920863,0.116586566,13.648,0.048
754201400009034,zr,59742.2423,13.541097,0.013970988,0.107700646,13.648999,0.039
755104300001578,zg,59742.32516,14.112933,0.01562702,-0.009858976,14.152,0.042
754101400005929,zg,59742.3261,14.121344,0.013024286,-0.044071026,14.188001,0.035
754301400025593,zi,59743.24794,13.3540945,0.0125573585,0.1854457,13.4279995,0.046
755104300001578,zg,59747.2831,14.184052,0.01559247,-0.026890831,14.152,0.042
754301400025593,zi,59748.20402,13.366805,0.012545897,0.19040625,13.4279995,0.046
755204300010795,zr,59749.20594,13.537767,0.014909816,0.12306592,13.648,0.048
755104300001578,zg,59749.23699,14.159257,0.015604169,-0.059991393,14.152,0.042
755104300001578,zg,59751.19623,14.203249,0.0155836735,-0.086760454,14.152,0.042
755204300010795,zr,59751.26291,13.588237,0.014841013,0.11608828,13.648,0.048
754301400025593,zi,59752.24116,13.444862,0.012477123,0.18843725,13.4279995,0.046
754301400025593,zi,59755.19805,13.380066,0.012534017,0.19250056,13.4279995,0.046
755104300001578,zg,59755.26528,14.136035,0.015615463,-0.041264523,14.152,0.042
754301400025593,zi,59760.19754,13.3328085,0.01257671,0.19114463,13.4279995,0.046
754301400025593,zi,59763.23796,13.395037,0.0125207,0.18739164,13.4279995,0.046
755104300001578,zg,59768.22027,14.079422,0.01564433,-0.039818358,14.152,0.042
754301400025593,zi,59784.19709,13.337524,0.012572406,0.19300187,13.4279995,0.046
754201400009034,zr,59786.17272,13.492135,0.014042808,0.10849038,13.648999,0.039
754201400009034,zr,59786.17367,13.501388,0.014029149,0.1074391,13.648999,0.039
754201400009034,zr,59786.17461,13.487071,0.0140503,0.10359137,13.648999,0.039
754201400009034,zr,59786.17554,13.495599,0.014037691,0.105469845,13.648999,0.039
754201400009034,zr,59786.17649,13.475749,0.014067096,0.109225534,13.648999,0.039
754201400009034,zr,59787.17005,13.493174,0.014041274,0.110843755,13.648999,0.039
754201400009034,zr,59787.171,13.501591,0.01402885,0.114528984,13.648999,0.039
754201400009034,zr,59787.17194,13.520896,0.014000482,0.108847365,13.648999,0.039
754201400009034,zr,59787.17288,13.500899,0.014029869,0.116628446,13.648999,0.039
754201400009034,zr,59787.17382,13.515233,0.014008784,0.1146705,13.648999,0.039
754201400009034,zr,59788.1694,13.532835,0.013983025,0.11160157,13.648999,0.039
754201400009034,zr,59788.17035,13.536707,0.0139773805,0.105267346,13.648999,0.039
754201400009034,zr,59788.17129,13.537308,0.013976504,0.10138855,13.648999,0.039
754201400009034,zr,59788.17224,13.484207,0.014054544,0.105659,13.648999,0.039
754201400009034,zr,59788.17318,13.537415,0.0139763495,0.11441159,13.648999,0.039
754201400009034,zr,59789.17231,13.511273,0.014014599,0.11518424,13.648999,0.039
754201400009034,zr,59789.17326,13.479917,0.014060907,0.11879217,13.648999,0.039
754201400009034,zr,59789.1742,13.485671,0.014052374,0.10276597,13.648999,0.039
754201400009034,zr,59789.17515,13.527845,0.013990312,0.109356895,13.648999,0.039
754201400009034,zr,59799.15269,13.535787,0.013978722,0.09959361,13.648999,0.039
754201400009034,zr,59799.15506,13.534094,0.01398119,0.097549014,13.648999,0.039
754201400009034,zr,59801.14823,13.524253,0.013995566,0.09919791,13.648999,0.039
754201400009034,zr,59801.15297,13.542442,0.013969029,0.09828669,13.648999,0.039
754201400009034,zr,59801.1577,13.537473,0.013976265,0.113062866,13.648999,0.039
755204300010795,zr,59801.16495,13.455261,0.015024617,0.11322193,13.648,0.048
755204300010795,zr,59801.16642,13.51368,0.014943039,0.13097109,13.648,0.048
754201400009034,zr,59802.14875,13.543716,0.013967176,0.112081625,13.648999,0.039
754201400009034,zr,59802.15118,13.540438,0.013971946,0.10453091,13.648999,0.039
754201400009034,zr,59802.1536,13.565642,0.013935416,0.105357274,13.648999,0.039
754201400009034,zr,59802.15603,13.523697,0.013996381,0.10917814,13.648999,0.039
754201400009034,zr,59802.15845,13.554732,0.013951189,0.09967267,13.648999,0.039
755204300010795,zr,59802.16139,13.442223,0.015043014,0.11690097,13.648,0.048
754201400009034,zr,59803.15053,13.530316,0.013986702,0.116888,13.648999,0.039
754201400009034,zr,59803.15295,13.585437,0.013906946,0.11110119,13.648999,0.039
754201400009034,zr,59803.15538,13.54878,0.013959819,0.10357894,13.648999,0.039
754201400009034,zr,59803.1578,13.546351,0.013963347,0.11623659,13.648999,0.039
754201400009034,zr,59803.16023,13.5751295,0.013921745,0.10731823,13.648999,0.039
755204300010795,zr,59803.16169,13.463293,0.015013319,0.12990724,13.648,0.048
754201400009034,zr,59806.14529,13.605433,0.0138783865,0.10520467,13.648999,0.039
754201400009034,zr,59806.14772,13.589397,0.013901275,0.09669721,13.648999,0.039
754201400009034,zr,59806.15015,13.551573,0.013955769,0.10704216,13.648999,0.039
754201400009034,zr,59806.15257,13.600803,0.01388498,0.109052405,13.648999,0.039
754201400009034,zr,59806.15455,13.52976,0.013987515,0.11850286,13.648999,0.039
754201400009034,zr,59807.14441,13.578616,0.013916733,0.122518435,13.648999,0.039
754201400009034,zr,59807.14683,13.563043,0.013939169,0.11331872,13.648999,0.039
754201400009034,zr,59807.14926,13.616817,0.01386222,0.10896217,13.648999,0.039
754201400009034,zr,59807.15168,13.585033,0.013907524,0.106845476,13.648999,0.039
755204300010795,zr,59810.15276,13.512163,0.01494514,0.12512596,13.648,0.048
755204300010795,zr,59810.15418,13.489864,0.014976129,0.13539869,13.648,0.048
755204300010795,zr,59810.15561,13.4844885,0.014983629,0.12355576,13.648,0.048
755204300010795,zr,59810.15846,13.495708,0.014967987,0.13623922,13.648,0.048
755104300001578,zg,59884.51636,14.177793,0.015595387,-0.08118546,14.152,0.042
754101400005929,zg,59884.5173,14.170336,0.012963996,-0.047061346,14.188001,0.035
755104300001578,zg,59889.49503,14.079554,0.015644263,-0.049618773,14.152,0.042
754101400005929,zg,59893.44415,14.044993,0.013122154,-0.01589883,14.188001,0.035
754201400009034,zr,59893.46795,13.474597,0.014068807,0.096280456,13.648999,0.039
754201400009034,zr,59896.46943,13.472134,0.01407247,0.10417546,13.648999,0.039
755204300010795,zr,59896.47036,13.35001,0.01517497,0.12524536,13.648,0.048
754301400025593,zi,59897.507,13.339496,0.012570609,0.18898112,13.4279995,0.046
754101400005929,zg,59898.44987,14.066742,0.013093806,-0.040367816,14.188001,0.035
754201400009034,zr,59898.52288,13.522432,0.013998232,0.10298479,13.648999,0.039
755204300010795,zr,59899.51306,13.307122,0.015237403,0.1322366,13.648,0.048
754101400005929,zg,59900.49453,14.023637,0.013150343,-0.053557362,14.188001,0.035
754201400009034,zr,59900.5279,13.401451,0.014178728,0.11073626,13.648999,0.039
754101400005929,zg,59902.47317,13.979623,0.013209521,-0.023235925,14.188001,0.035
755104300001578,zg,59902.47742,13.99733,0.01568938,-0.03692198,14.152,0.042
755304300003173,zi,59902.48988,13.191922,0.013956558,0.17856845,13.404,0.057
754301400025593,zi,59902.49606,13.242311,0.012661119,0.19314747,13.4279995,0.046
755204300010795,zr,59902.52813,13.458097,0.0150206275,0.11768394,13.648,0.048
754201400009034,zr,59902.52859,13.482277,0.014057404,0.10307549,13.648999,0.039
754201400009034,zr,59904.49439,13.46671,0.014080546,0.109978236,13.648999,0.039
754101400005929,zg,59906.42934,14.018744,0.013156851,-0.04073557,14.188001,0.035
754201400009034,zr,59906.45203,13.469834,0.014075893,0.101837315,13.648999,0.039
755204300010795,zr,59906.45301,13.446108,0.015037525,0.13034381,13.648,0.048
754201400009034,zr,59909.43582,13.474726,0.014068616,0.11536142,13.648999,0.039
754101400005929,zg,59909.4883,14.03645,0.013133388,-0.060202632,14.188001,0.035
755104300001578,zg,59909.48925,14.0729885,0.015647728,-0.08484024,14.152,0.042
754301400025593,zi,59913.38857,13.225801,0.012676878,0.19848812,13.4279995,0.046
755204300010795,zr,59913.42286,13.347309,0.0151788825,0.11757405,13.648,0.048
754201400009034,zr,59913.42383,13.44057,0.014119649,0.11446852,13.648999,0.039
754201400009034,zr,59922.45057,13.550182,0.013957785,0.09901492,13.648999,0.039
755104300001578,zg,59923.43182,14.191016,0.015589252,-0.069156334,14.152,0.042
755204300010795,zr,59923.44571,13.601406,0.014823246,0.105272956,13.648,0.048
754201400009034,zr,59928.51006,13.596926,0.013890511,0.08919705,13.648999,0.039
754101400005929,zg,59928.53425,14.194942,0.01293449,-0.090004034,14.188001,0.035
754101400005929,zg,59928.54824,14.187171,0.012943752,-0.10494251,14.188001,0.035
754101400005929,zg,59930.37576,14.155085,0.012982546,-0.07025653,14.188001,0.035
755204300010795,zr,59930.52101,13.587001,0.014842684,0.11233149,13.648,0.048
754201400009034,zr,59930.52147,13.5737295,0.0139237605,0.10017531,13.648999,0.039
755104300001578,zg,59930.54181,14.125257,0.015620816,-0.05823451,14.152,0.042
754101400005929,zg,59930.54228,14.139935,0.013001169,-0.053541593,14.188001,0.035
754101400005929,zg,59931.53046,14.216075,0.012909574,-0.091085225,14.188001,0.035
754301400025593,zi,59932.53258,13.283882,0.012621924,0.18406834,13.4279995,0.046
754101400005929,zg,59934.37542,14.203428,0.012924437,-0.03927129,14.188001,0.035
754201400009034,zr,59934.42966,13.5425825,0.013968826,0.10377013,13.648999,0.039
754201400009034,zr,59934.51825,13.597036,0.013890355,0.097384915,13.648999,0.039
754101400005929,zg,59935.34777,14.188193,0.012942529,-0.044383004,14.188001,0.035
755104300001578,zg,59935.38903,14.197637,0.015586222,-0.0865626,14.152,0.042
754101400005929,zg,59935.39192,14.208288,0.012918709,-0.09454484,14.188001,0.035
754201400009034,zr,59935.42753,13.624846,0.0138508575,0.10029542,13.648999,0.039
754201400009034,zr,59935.42847,13.610554,0.013871107,0.10179819,13.648999,0.039
754201400009034,zr,59935.508,13.529508,0.013987885,0.09572497,13.648999,0.039
754101400005929,zg,59936.37566,14.219123,0.012906014,-0.079552606,14.188001,0.035
754301400025593,zi,59936.46905,13.394522,0.012521156,0.18927138,13.4279995,0.046
754101400005929,zg,59936.51651,14.205695,0.012921763,-0.07558287,14.188001,0.035
754201400009034,zr,59937.39726,13.481984,0.014057839,0.102113366,13.648999,0.039
754101400005929,zg,59937.41007,14.047637,0.013118689,-0.02658886,14.188001,0.035
754201400009034,zr,59937.43393,13.560597,0.013942704,0.105851784,13.648999,0.039
755204300010795,zr,59937.43829,13.544399,0.01490071,0.12339764,13.648,0.048
754201400009034,zr,59937.43875,13.561351,0.013941613,0.10703903,13.648999,0.039
754101400005929,zg,59937.45236,14.232618,0.012890351,-0.092182845,14.188001,0.035
755104300001578,zg,59937.45448,14.237547,0.015568543,-0.08751501,14.152,0.042
754101400005929,zg,59951.34662,14.14408,0.012996056,-0.03217355,14.188001,0.035
1754111300007020,zg,59951.41849,14.170147,0.013999909,-0.055198494,14.176001,0.037
754101400005929,zg,59951.50158,14.16549,0.012969869,-0.038257558,14.188001,0.035
754101400005929,zg,59957.45336,14.269605,0.012848278,-0.100929715,14.188001,0.035
755104300001578,zg,59957.45551,14.264748,0.015557088,-0.094452664,14.152,0.042
754201400009034,zr,59957.47307,13.636141,0.01383493,0.097091556,13.648999,0.039
754201400009034,zr,59957.47401,13.590317,0.013899957,0.10420183,13.648999,0.039
754101400005929,zg,59965.41352,14.144708,0.012995282,-0.06966242,14.188001,0.035
754201400009034,zr,59965.43439,13.545866,0.013964051,0.09220463,13.648999,0.039
755204300010795,zr,59966.39898,13.53751,0.01491017,0.108467296,13.648,0.048
754201400009034,zr,59968.39174,13.612537,0.01386829,0.087396,13.648999,0.039
754101400005929,zg,59968.41248,14.129553,0.013014043,-0.08326793,14.188001,0.035
755104300001578,zg,59968.4312,14.130169,0.01561837,-0.08668617,14.152,0.042
755204300010795,zr,59968.4788,13.574699,0.014859359,0.11040907,13.648,0.048
754301400025593,zi,59969.35336,13.403893,0.01251287,0.1872854,13.4279995,0.046
754101400005929,zg,59970.38578,13.992022,0.013192707,-0.046352338,14.188001,0.035
755104300001578,zg,59970.38973,14.020775,0.015676143,-0.066278815,14.152,0.042
754101400005929,zg,59971.39001,14.144198,0.012995909,-0.08710545,14.188001,0.035
754201400009034,zr,59971.4106,13.521627,0.01399941,0.09877369,13.648999,0.039
754201400009034,zr,59971.46962,13.559259,0.013944637,0.10361745,13.648999,0.039
754201400009034,zr,59972.3059,13.524179,0.013995674,0.105492994,13.648999,0.039
754101400005929,zg,59972.32708,14.121425,0.013024184,-0.09263265,14.188001,0.035
754301400025593,zi,59972.4196,13.408625,0.0125087015,0.19118156,13.4279995,0.046
755104300001578,zg,59972.45397,14.124534,0.015621179,-0.10507786,14.152,0.042
754101400005929,zg,59972.4569,14.116057,0.01303091,-0.077103764,14.188001,0.035
754101400005929,zg,59972.45784,14.16511,0.01297033,-0.07147943,14.188001,0.035
754201400009034,zr,59972.47292,13.5477085,0.013961378,0.097841054,13.648999,0.039
755204300010795,zr,59972.4758,13.589171,0.01483975,0.10437599,13.648,0.048
754201400009034,zr,59972.52338,13.548639,0.013960024,0.09250199,13.648999,0.039
754101400005929,zg,59977.32713,14.047786,0.013118494,-0.06717522,14.188001,0.035
754201400009034,zr,59977.41419,13.471223,0.014073825,0.10557695,13.648999,0.039
755104300001578,zg,59979.26466,14.022764,0.015675033,-0.063208185,14.152,0.042
1754111300007020,zg,59979.27966,14.059246,0.014169893,-0.0325433,14.176001,0.037
754101400005929,zg,59979.32199,14.069686,0.013089997,-0.04298813,14.188001,0.035
754101400005929,zg,59979.32293,14.078328,0.013078855,-0.029117128,14.188001,0.035
755104300001578,zg,59979.35011,14.067458,0.015650667,-0.09159107,14.152,0.042
755104300001578,zg,59979.3518,14.094486,0.015636468,-0.11456499,14.152,0.042
754301400025593,zi,59979.37676,13.333833,0.012575775,0.1834451,13.4279995,0.046
754201400009034,zr,59979.41193,13.528799,0.01398892,0.1017242,13.648999,0.039
754201400009034,zr,59979.43226,13.47944,0.014061614,0.09678755,13.648999,0.039
754201400009034,zr,59979.52763,13.52199,0.013998879,0.109715104,13.648999,0.039
755204300010795,zr,59979.54687,13.526532,0.0149252815,0.10396397,13.648,0.048
755104300001578,zg,59980.32255,14.054967,0.015657367,-0.090606235,14.152,0.042
1754111300007020,zg,59980.32587,13.991517,0.014277797,-0.045637988,14.176001,0.037
754101400005929,zg,59980.40871,14.090796,0.013062884,-0.066685155,14.188001,0.035
755204300010795,zr,59980.4348,13.596015,0.01483051,0.1136732,13.648,0.048
755104300001578,zg,59984.24067,13.986975,0.015695319,-0.06927674,14.152,0.042
755104300001578,zg,59984.28037,13.886844,0.015755534,-0.032782335,14.152,0.042
754201400009034,zr,59984.44621,13.479203,0.014061965,0.09685002,13.648999,0.039
755204300010795,zr,59984.45174,13.4897375,0.014976306,0.107557714,13.648,0.048
754101400005929,zg,59984.49236,13.980884,0.013207805,-0.06532287,14.188001,0.035
754101400005929,zg,59984.53416,13.972348,0.013219437,-0.080285884,14.188001,0.035
755204300010795,zr,59985.24075,13.377053,0.015135941,0.11413244,13.648,0.048
754201400009034,zr,59985.24123,13.413936,0.0141598005,0.10709844,13.648999,0.039
755104300001578,zg,59985.30602,13.956583,0.015713068,-0.07502518,14.152,0.042
754301400025593,zi,59985.37587,13.24584,0.012657764,0.20035218,13.4279995,0.046
754201400009034,zr,59985.39923,13.448283,0.0141080795,0.10411933,13.648999,0.039
754101400005929,zg,59985.43141,14.019312,0.013156095,-0.049688168,14.188001,0.035
755104300001578,zg,59985.43674,13.988608,0.015694378,-0.08686009,14.152,0.042
755104300001578,zg,59985.43769,14.006686,0.015684063,-0.06822272,14.152,0.042
754101400005929,zg,59985.45192,14.02908,0.013143127,-0.059641715,14.188001,0.035
754201400009034,zr,59985.48937,13.4671335,0.0140799135,0.1070174,13.648999,0.039
754101400005929,zg,59985.50994,14.035918,0.01313409,-0.07682262,14.188001,0.035
754201400009034,zr,59987.40582,13.434587,0.014128641,0.101191774,13.648999,0.039
754201400009034,zr,59993.32575,13.484294,0.014054415,0.0885823,13.648999,0.039
755204300010795,zr,59993.32621,13.518081,0.01493695,0.12045712,13.648,0.048
754301400025593,zi,59993.35619,13.253203,0.012650781,0.20322292,13.4279995,0.046
754201400009034,zr,59993.37101,13.501512,0.014028966,0.09783717,13.648999,0.039
754201400009034,zr,59994.23806,13.490726,0.014044891,0.10165495,13.648999,0.039
755204300010795,zr,59994.23899,13.4754305,0.014996297,0.11293268,13.648,0.048
754201400009034,zr,59994.35728,13.557912,0.013946586,0.095793225,13.648999,0.039
755104300001578,zg,59994.40573,14.104974,0.015631072,-0.10148825,14.152,0.042
754101400005929,zg,59994.40621,14.13136,0.013011796,-0.08873247,14.188001,0.035
754101400005929,zg,59994.49537,14.1212015,0.013024464,-0.09467301,14.188001,0.035
755104300001578,zg,59994.49585,14.084931,0.015641442,-0.07529494,14.152,0.042
754101400005929,zg,59996.30809,14.071415,0.013087763,-0.11180594,14.188001,0.035
754201400009034,zr,59996.33406,13.5246525,0.0139949825,0.08949344,13.648999,0.039
754201400009034,zr,59996.45346,13.532113,0.01398408,0.0934069,13.648999,0.039
755104300001578,zg,59996.46901,14.059259,0.015655054,-0.07991546,14.152,0.042
755104300001578,zg,59996.53499,14.030772,0.015670586,-0.09786054,14.152,0.042
754201400009034,zr,60016.26651,13.531738,0.013984626,0.09290849,13.648999,0.039
754201400009034,zr,60016.29128,13.517133,0.014005998,0.102572024,13.648999,0.039
754301400025593,zi,60016.3696,13.352687,0.012558631,0.19203731,13.4279995,0.046
754201400009034,zr,60016.43124,13.495284,0.014038154,0.11039618,13.648999,0.039
754101400005929,zg,60017.22698,14.111763,0.013036311,-0.1075289,14.188001,0.035
755104300001578,zg,60017.22934,14.10208,0.015632557,-0.084009364,14.152,0.042
755104300001578,zg,60020.20309,14.101427,0.01563289,-0.06997792,14.152,0.042
754101400005929,zg,60020.20451,14.093416,0.013059545,-0.052642036,14.188001,0.035
755104300001578,zg,60020.22242,14.085349,0.015641224,-0.05809841,14.152,0.042
754101400005929,zg,60020.2229,14.079566,0.013077263,-0.05632228,14.188001,0.035
754201400009034,zr,60020.30956,13.4902725,0.0140455635,0.11355121,13.648999,0.039
754201400009034,zr,60020.31998,13.502762,0.014027124,0.105303034,13.648999,0.039
754201400009034,zr,60020.38071,13.510509,0.014015723,0.11286832,13.648999,0.039
754101400005929,zg,60020.4981,14.102255,0.013048317,-0.076262556,14.188001,0.035
755104300001578,zg,60020.50879,14.09002,0.015638787,-0.046567056,14.152,0.042
754201400009034,zr,60021.24088,13.552577,0.013954313,0.092938595,13.648999,0.039
754101400005929,zg,60021.26145,14.112812,0.01303499,-0.07087225,14.188001,0.035
755104300001578,zg,60021.28106,14.116078,0.015625427,-0.09196197,14.152,0.042
754301400025593,zi,60021.30734,13.360736,0.012551362,0.18506004,13.4279995,0.046
754101400005929,zg,60021.34394,14.1134,0.01303425,-0.07225204,14.188001,0.035
754201400009034,zr,60021.41295,13.545095,0.013965173,0.10572883,13.648999,0.039
755104300001578,zg,60029.38828,14.003966,0.015685603,-0.057555802,14.152,0.042
754101400005929,zg,60029.39792,14.010265,0.013168171,-0.06702692,14.188001,0.035
754101400005929,zg,60029.49441,14.015623,0.013161012,-0.069580734,14.188001,0.035
755104300001578,zg,60029.49488,14.006569,0.01568413,-0.07243386,14.152,0.042
754201400009034,zr,60030.39141,13.513825,0.014010851,0.11222985,13.648999,0.039
754201400009034,zr,60030.39238,13.472359,0.014072137,0.114308126,13.648999,0.039
754101400005929,zg,60030.45333,14.020886,0.013153999,-0.06620434,14.188001,0.035
755104300001578,zg,60030.45426,13.95988,0.01571112,-0.034167644,14.152,0.042
754301400025593,zi,60030.48257,13.301151,0.01260585,0.18613034,13.4279995,0.046
755104300001578,zg,60031.221,14.049295,0.015660437,-0.06258175,14.152,0.042
754101400005929,zg,60031.28531,14.052969,0.013111716,-0.088388905,14.188001,0.035
755104300001578,zg,60032.15876,14.057139,0.015656196,-0.08919899,14.152,0.042
755104300001578,zg,60032.16541,14.05984,0.015654743,-0.08198603,14.152,0.042
754201400009034,zr,60032.21933,13.535345,0.013979366,0.08846861,13.648999,0.039
755204300010795,zr,60032.42361,13.490325,0.014975486,0.10638818,13.648,0.048
754201400009034,zr,60036.26708,13.468972,0.014077175,0.10740724,13.648999,0.039
754201400009034,zr,60036.26803,13.44721,0.014109686,0.109529965,13.648999,0.039
755104300001578,zg,60036.28002,13.981622,0.01569841,-0.090922825,14.152,0.042
754101400005929,zg,60036.30558,14.005268,0.013174867,-0.09343928,14.188001,0.035
754101400005929,zg,60036.33218,13.982476,0.013205641,-0.07798768,14.188001,0.035
755104300001578,zg,60036.33862,13.981996,0.015698195,-0.06621253,14.152,0.042
754301400025593,zi,60036.36987,13.296721,0.012609962,0.18903916,13.4279995,0.046
754201400009034,zr,60036.45633,13.473602,0.0140702855,0.098138936,13.648999,0.039
754101400005929,zg,60036.49853,13.965252,0.013229148,-0.068402044,14.188001,0.035
755104300001578,zg,60042.26217,13.928345,0.015729977,-0.09370301,14.152,0.042
755104300001578,zg,60042.26312,13.93938,0.015723322,-0.08465742,14.152,0.042
755104300001578,zg,60042.41694,13.883,0.015757943,-0.08311001,14.152,0.042
754101400005929,zg,60043.32409,13.873544,0.013357793,-0.05755091,14.188001,0.035
755104300001578,zg,60043.32458,13.876294,0.015762163,-0.062332563,14.152,0.042
754201400009034,zr,60043.35629,13.400603,0.014180016,0.10210816,13.648999,0.039
754301400025593,zi,60043.40944,13.155936,0.012744718,0.18032564,13.4279995,0.046
755104300001578,zg,60044.31458,13.871833,0.015764982,-0.074211136,14.152,0.042
755104300001578,zg,60044.34441,13.855402,0.015775442,-0.09023759,14.152,0.042
754201400009034,zr,60045.28388,13.298103,0.014337889,0.104907475,13.648999,0.039
755104300001578,zg,60045.33023,13.894489,0.015750764,-0.061828606,14.152,0.042
754101400005929,zg,60045.33069,13.892489,0.013330748,-0.08376265,14.188001,0.035
755104300001578,zg,60045.36131,13.878085,0.015761035,-0.0666306,14.152,0.042
754301400025593,zi,60046.17903,13.195715,0.012705865,0.18201359,13.4279995,0.046
1754111300007020,zg,60046.2511,13.898396,0.01443082,-0.061573498,14.176001,0.037
755104300001578,zg,60046.26649,13.900098,0.01574728,-0.07515017,14.152,0.042
754101400005929,zg,60050.18097,13.956011,0.013241848,-0.08206746,14.188001,0.035
754201400009034,zr,60050.23876,13.39535,0.014188001,0.10998986,13.648999,0.039
755104300001578,zg,60050.35486,13.957842,0.015712325,-0.08579901,14.152,0.042
754101400005929,zg,60052.26905,13.9390335,0.013265334,-0.0811017,14.188001,0.035
754201400009034,zr,60052.30206,13.434374,0.014128961,0.09969372,13.648999,0.039
755104300001578,zg,60052.34603,13.9169,0.015736941,-0.0779979,14.152,0.042
755304300003173,zi,60053.34412,13.196741,0.013949675,0.19832677,13.404,0.057
754301400025593,zi,60054.24852,13.20638,0.01269555,0.18779671,13.4279995,0.046
754101400005929,zg,60054.26978,13.925623,0.01328403,-0.08313014,14.188001,0.035
754201400009034,zr,60054.31478,13.407578,0.01416943,0.095449604,13.648999,0.039
755104300001578,zg,60054.34554,13.92742,0.015730537,-0.06999101,14.152,0.042
755104300001578,zg,60056.22122,13.962626,0.0157095,-0.07660259,14.152,0.042
754101400005929,zg,60056.22216,13.952557,0.013246609,-0.075026534,14.188001,0.035
754101400005929,zg,60058.30497,13.914181,0.013300079,-0.063878566,14.188001,0.035
755104300001578,zg,60058.30885,13.881681,0.015758773,-0.0723377,14.152,0.042
754201400009034,zr,60060.17963,13.444638,0.014113543,0.09657881,13.648999,0.039
754301400025593,zi,60060.3418,13.223892,0.012678707,0.1834134,13.4279995,0.046
754201400009034,zr,60062.18145,13.427466,0.014139364,0.09619994,13.648999,0.039
754101400005929,zg,60062.23859,13.956451,0.013241241,-0.072707966,14.188001,0.035
755104300001578,zg,60062.43411,13.913257,0.015739173,-0.023114344,14.152,0.042
755104300001578,zg,60064.24111,13.95122,0.015716247,-0.07262682,14.152,0.042
754101400005929,zg,60064.24205,13.958443,0.013238499,-0.059198894,14.188001,0.035
754201400009034,zr,60064.29016,13.384786,0.014204096,0.09988911,13.648999,0.039
754101400005929,zg,60067.28376,13.894326,0.01332814,-0.05406859,14.188001,0.035
755104300001578,zg,60067.28664,13.896415,0.015749568,-0.052034765,14.152,0.042
755304300003173,zi,60067.38865,13.213337,0.01392603,0.18106075,13.404,0.057
754301400025593,zi,60067.39068,13.21373,0.012688465,0.18491678,13.4279995,0.046
754101400005929,zg,60076.28668,13.998358,0.013184157,-0.09885618,14.188001,0.035
755104300001578,zg,60076.28716,13.992753,0.015691997,-0.093286335,14.152,0.042
754201400009034,zr,60078.28313,13.424011,0.014144576,0.09924068,13.648999,0.039
754101400005929,zg,60078.32333,14.002459,0.01317864,-0.072952546,14.188001,0.035
755104300001578,zg,60078.3263,13.987182,0.0156952,-0.06538588,14.152,0.042
754301400025593,zi,60079.2875,13.267336,0.012637442,0.19173923,13.4279995,0.046
754101400005929,zg,60080.24163,13.960449,0.01323574,-0.065981105,14.188001,0.035
755104300001578,zg,60080.26639,13.967156,0.015706839,-0.072810926,14.152,0.042
754301400025593,zi,60083.26934,13.21927,0.01268314,0.18432386,13.4279995,0.046
755104300001578,zg,60084.18228,13.985333,0.015696265,-0.08036294,14.152,0.042
754101400005929,zg,60084.18322,13.962427,0.013233023,-0.06606248,14.188001,0.035
754101400005929,zg,60086.22453,13.912029,0.013303106,-0.07075293,14.188001,0.035
755104300001578,zg,60086.225,13.894319,0.015750868,-0.07348263,14.152,0.042
755104300001578,zg,60086.26833,13.910706,0.015740737,-0.06095352,14.152,0.042
754101400005929,zg,60086.30265,13.901959,0.01331732,-0.06189807,14.188001,0.035
754201400009034,zr,60088.26298,13.385594,0.014202864,0.11240373,13.648999,0.039
755104300001578,zg,60088.28332,13.934749,0.015726108,-0.069873065,14.152,0.042
754101400005929,zg,60088.28737,13.937904,0.013266905,-0.071429014,14.188001,0.035
754301400025593,zi,60088.35212,13.179635,0.012721501,0.18912274,13.4279995,0.046
754201400009034,zr,60090.17988,13.414314,0.014159229,0.11093869,13.648999,0.039
755104300001578,zg,60092.36847,14.024564,0.015674032,-0.036235858,14.152,0.042
754301400025593,zi,60094.21587,13.285705,0.012620224,0.17777067,13.4279995,0.046
754201400009034,zr,60097.24102,13.482186,0.014057539,0.09463616,13.648999,0.039
755104300001578,zg,60099.18721,14.047277,0.015661534,-0.0802642,14.152,0.042
754101400005929,zg,60099.1995,14.018052,0.013157774,-0.05891162,14.188001,0.035
754201400009034,zr,60099.35378,13.45993,0.014090658,0.11208599,13.648999,0.039
755204300010795,zr,60099.36216,13.410035,0.015088709,0.12843618,13.648,0.048
755104300001578,zg,60101.19819,14.0090475,0.015682729,-0.058707926,14.152,0.042
755204300010795,zr,60101.34051,13.464241,0.015011989,0.12754896,13.648,0.048
754201400009034,zr,60101.34098,13.496891,0.014035783,0.11234263,13.648999,0.039
754201400009034,zr,60103.2003,13.465575,0.014082235,0.094849475,13.648999,0.039
755104300001578,zg,60105.21796,14.159687,0.015603963,-0.09823439,14.152,0.042
755104300001578,zg,60109.22324,14.1054325,0.015630838,-0.08460284,14.152,0.042
754301400025593,zi,60110.20111,13.251138,0.012652738,0.18643664,13.4279995,0.046
755104300001578,zg,60111.23939,14.118307,0.015624303,-0.0990884,14.152,0.042
754301400025593,zi,60113.19825,13.340879,0.012569349,0.1844061,13.4279995,0.046
755104300001578,zg,60114.2568,14.086994,0.015640363,-0.058291227,14.152,0.042
755104300001578,zg,60116.19755,14.158638,0.015604467,-0.08174689,14.152,0.042
754301400025593,zi,60117.24311,13.348686,0.012562257,0.1887985,13.4279995,0.046
755104300001578,zg,60124.25973,14.140568,0.015613234,-0.023896756,14.152,0.042
755104300001578,zg,60126.20229,14.09294,0.015637271,-0.07692217,14.152,0.042
755104300001578,zg,60133.27571,14.16407,0.015601868,-0.037379675,14.152,0.042
755104300001578,zg,60162.19489,14.204298,0.0155832,-0.027131837,14.152,0.042
754201400009034,zr,60251.49191,13.563938,0.013937876,0.11752696,13.648999,0.039
755104300001578,zg,60251.51365,14.196915,0.01558655,-0.04729226,14.152,0.042
754101400005929,zg,60251.51412,14.214299,0.012911653,-0.06452828,14.188001,0.035
754101400005929,zg,60253.46538,14.175288,0.012958014,-0.028189147,14.188001,0.035
754101400005929,zg,60255.5191,14.170159,0.012964209,-0.0549399,14.188001,0.035
755204300010795,zr,60256.52322,13.51458,0.014941795,0.10264793,13.648,0.048
754201400009034,zr,60258.49442,13.581372,0.0139127765,0.10704391,13.648999,0.039
754101400005929,zg,60258.52519,14.234177,0.012888553,-0.06887899,14.188001,0.035
754101400005929,zg,60261.47116,14.234668,0.0128879845,-0.05075154,14.188001,0.035
754201400009034,zr,60287.40719,13.607362,0.013875643,0.11658687,13.648999,0.039
754101400005929,zg,60287.47456,14.17418,0.012959351,-0.049832165,14.188001,0.035
755104300001578,zg,60287.47616,14.156469,0.015605507,-0.045946,14.152,0.042
754101400005929,zg,60291.47381,14.174461,0.012959012,-0.07260297,14.188001,0.035
755104300001578,zg,60291.47429,14.183157,0.015592886,-0.07425813,14.152,0.042
754201400009034,zr,60305.47208,13.685025,0.013766787,0.08414736,13.648999,0.039
755104300001578,zg,60311.4271,14.166414,0.015600753,-0.0805532,14.152,0.042
754101400005929,zg,60311.49907,14.218201,0.0129070915,-0.060272258,14.188001,0.035
754101400005929,zg,60315.43656,14.198083,0.012930762,-0.044119716,14.188001,0.035
755104300001578,zg,60315.43941,14.211067,0.015580159,-0.06623386,14.152,0.042
754201400009034,zr,60315.47182,13.610147,0.013871684,0.102606766,13.648999,0.039
755104300001578,zg,60323.44619,14.171145,0.015598514,-0.053880826,14.152,0.042
754101400005929,zg,60323.45244,14.133411,0.013009248,-0.033216167,14.188001,0.035
754201400009034,zr,60323.49742,13.661306,0.013799691,0.090242684,13.648999,0.039
754201400009034,zr,60325.47724,13.61576,0.013863717,0.10646908,13.648999,0.039
754101400005929,zg,60325.51761,14.26408,0.012854481,-0.09414506,14.188001,0.035
754201400009034,zr,60327.41002,13.554702,0.0139512345,0.12221744,13.648999,0.039
754101400005929,zg,60327.49482,14.215495,0.012910254,-0.07329361,14.188001,0.035
754101400005929,zg,60341.26804,14.141423,0.012999333,-0.054890215,14.188001,0.035
754101400005929,zg,60352.48911,14.178382,0.01295429,-0.09506328,14.188001,0.035
755104300001578,zg,60352.49248,14.188293,0.015590508,-0.0981457,14.152,0.042
754101400005929,zg,60354.45896,14.248913,0.012871658,-0.10035059,14.188001,0.035
755104300001578,zg,60354.46039,14.281907,0.015550115,-0.11916533,14.152,0.042
754101400005929,zg,60356.4582,14.2402935,0.012881515,-0.10329399,14.188001,0.035
755104300001578,zg,60356.49335,14.161907,0.015602902,-0.075461924,14.152,0.042
754201400009034,zr,60363.29094,13.605374,0.013878471,0.09077335,13.648999,0.039
755104300001578,zg,60363.35706,14.085718,0.01564103,-0.04914376,14.152,0.042
754101400005929,zg,60363.35752,14.125107,0.013019583,-0.07012843,14.188001,0.035
754101400005929,zg,60369.4556,14.129344,0.013014304,-0.061714478,14.188001,0.035
755104300001578,zg,60374.41647,14.202557,0.015583987,-0.10230601,14.152,0.042
754201400009034,zr,60379.31364,13.609312,0.013872871,0.10266509,13.648999,0.039
754101400005929,zg,60388.31043,14.226523,0.012897405,-0.05026828,14.188001,0.035
754101400005929,zg,60390.44581,14.168615,0.012966079,-0.05748283,14.188001,0.035
754101400005929,zg,60392.42019,14.160039,0.012976498,-0.067835145,14.188001,0.035
754101400005929,zg,60403.30269,14.143358,0.012996944,-0.08242266,14.188001,0.035
754101400005929,zg,60407.29435,14.242886,0.012878545,-0.08663906,14.188001,0.035
754101400005929,zg,60412.32704,14.279784,0.012836924,-0.0889009,14.188001,0.035
754101400005929,zg,60416.3049,14.12485,0.013019904,-0.0541654,14.188001,0.035
754101400005929,zg,60418.21712,14.080627,0.0130759,-0.067150585,14.188001,0.035
754201400009034,zr,60418.28511,13.559255,0.013944644,0.08544706,13.648999,0.039
754101400005929,zg,60420.28831,14.111735,0.013036346,-0.061594486,14.188001,0.035
754101400005929,zg,60422.24021,14.096873,0.013055146,-0.030712424,14.188001,0.035
754101400005929,zg,60424.3083,14.111873,0.013036171,-0.074390166,14.188001,0.035
755104300001578,zg,60430.22849,14.153982,0.015606706,-0.121447295,14.152,0.042
754101400005929,zg,60430.23134,14.16811,0.0129666915,-0.10368865,14.188001,0.035
754101400005929,zg,60432.26584,14.065305,0.0130956685,-0.06056309,14.188001,0.035
754101400005929,zg,60434.28695,14.09426,0.013058469,-0.07793653,14.188001,0.035
755104300001578,zg,60437.28905,14.052116,0.015658906,-0.112079844,14.152,0.042
754101400005929,zg,60438.20641,14.068525,0.013091498,-0.08152846,14.188001,0.035
754101400005929,zg,60439.24452,14.045049,0.013122081,-0.058217425,14.188001,0.035
755104300001578,zg,60440.28527,14.037549,0.015666852,-0.09257461,14.152,0.042
754201400009034,zr,60441.29017,13.482865,0.014056532,0.10446611,13.648999,0.039
754101400005929,zg,60441.30812,14.033215,0.013137659,-0.068401545,14.188001,0.035
754101400005929,zg,60443.28791,14.073695,0.0130848205,-0.066865705,14.188001,0.035
755104300001578,zg,60444.17784,14.087736,0.015639976,-0.093145534,14.152,0.042
754101400005929,zg,60445.27919,14.10173,0.013048982,-0.05862004,14.188001,0.035
755104300001578,zg,60446.22465,14.14004,0.015613493,-0.07642676,14.152,0.042
754101400005929,zg,60447.18163,14.098851,0.013052633,-0.05991499,14.188001,0.035
754201400009034,zr,60447.30095,13.5796585,0.013915236,0.09549631,13.648999,0.039
754101400005929,zg,60449.24562,14.143785,0.012996417,-0.035301894,14.188001,0.035
754201400009034,zr,60449.3498,13.554529,0.013951484,0.105530284,13.648999,0.039
755104300001578,zg,60450.30305,14.117695,0.015624612,-0.04585776,14.152,0.042
754101400005929,zg,60451.21962,14.235966,0.01288649,-0.07602941,14.188001,0.035
754201400009034,zr,60451.30323,13.622851,0.013853678,0.10375047,13.648999,0.039
755104300001578,zg,60452.26952,14.193964,0.0155879,-0.09881239,14.152,0.042
754201400009034,zr,60455.2846,13.531299,0.013985268,0.114395164,13.648999,0.039
754101400005929,zg,60457.2218,14.088576,0.013065719,-0.064921774,14.188001,0.035
754201400009034,zr,60457.32298,13.521046,0.014000263,0.112677544,13.648999,0.039
754101400005929,zg,60459.27971,14.145603,0.0129941795,-0.0863994,14.188001,0.035
754101400005929,zg,60462.24228,14.108712,0.013040155,-0.06682212,14.188001,0.035
754101400005929,zg,60464.24306,14.104857,0.013045022,-0.06840441,14.188001,0.035
754101400005929,zg,60477.19542,14.073824,0.013084654,-0.04996325,14.188001,0.035
755204300010795,zr,60477.33234,13.421336,0.01507262,0.14482352,13.648,0.048
754101400005929,zg,60480.19197,14.095855,0.013056439,-0.05641772,14.188001,0.035
754201400009034,zr,60480.30494,13.491904,0.0140431505,0.12274254,13.648999,0.039
754101400005929,zg,60607.51285,14.044143,0.01312327,-0.055066753,14.188001,0.035
