object_id,chi_sq_g,chi_sq_all
1446436,54.27678692702774,155.15353519239133
1391164,46.39318027266916,82.59285785889737
1396018,90.11747480409832,265.7574187353214
1391283,13.272701844698837,39.12214096615875
1411612,34.475877853435726,66.81161449314963
1433946,133.3910502897654,505.1607757265724
1390639,72.9091169399541,152.8172541399088
1440817,44.47850090556782,110.89217163590712
1415162,217.9150495457633,579.4415325126156
1412877,532.476466998451,1215.376876719276
1414251,1530.8755833966527,6487.509154561527
1447758,31.319030143709952,77.02821925870936
1445399,14.845657510802454,31.64728896611432
1432144,199.91942564560452,571.7179376199484
1402045,88.34489010225371,432.9912803122931
1433585,27.027460364956443,65.29801108699654
1438752,74.3223790344315,216.43157726766023
1447254,19.674830054604293,65.24771899977972
1394504,20.98089736802235,47.04982688151371
1435778,135.31518185658223,687.9143211667267
1419088,28.81894884157056,37.551912568396325
1388778,224.1766500517292,907.555788753027
1447710,57.38652253403156,138.72656902568156
1422964,12.929915056371728,22.15489426144636
1430112,194.00667792475204,334.29235722161826
1440152,192.2044017309268,380.346512011433
1407883,99.67819053853324,251.19111938644792
1452422,137.50400938298003,106.72437267138535
1435844,49.51530747430037,335.14609337831246
1391680,10.87526090595486,40.85910081486632
1429814,130.4114660754722,373.6632876671711
1445628,26.305465520220263,53.521898558432206
1418292,16.24207934096818,30.33866414290009
1429983,161.40405683201115,339.3993439535024
1446644,73.5231539001928,194.3827756465413
1451159,94.1274456729443,179.0373279282318
1418687,3197.279163505518,10597.568574756317
1417177,273.673260684883,495.3922105524117
1463797,47.36326150660258,116.80650377324122
1394936,176.41994032225728,683.7873885362333
1452561,71.90436467258682,210.97376589253628
1399974,683.2620024381745,1171.9915314792536
1465304,15.974995788374702,50.16132058728942
1393299,37.439950243566,144.84621674371277
1461129,138.43967899319566,440.6779529828572
1444529,14.441117272486132,50.39271907084525
1438723,158.97553323965457,423.5008532981608
1388468,175.52376416779265,885.9597226165183
1445970,23.481211170846592,99.59670311661328
1456270,292.1967678476105,814.6208919464599
1396842,33.51838804309837,101.28378561516227
1415333,66.74105058197055,128.65036535125782
1416674,22.69027608194366,54.9493185542236
1447403,138.7547862985699,446.51841541484544
1465550,76.2440023878155,186.4265205112856
1464446,314.3279201785471,766.0866308497365
1449703,242.50166111057388,435.2024346063336
1440180,48.847393515403,133.25723888606777
1448013,60.38477382702958,209.99286820874804
1452563,16.08931581261096,150.2227767462985
1447437,628.5456770344255,1477.989014639919
1449619,45.27208254026694,181.74244525929305
1450262,534.4736244821952,1307.5716086760751
1463670,11.465934769053122,22.28046208371785
1452166,225.23181516465405,581.3540810891482
1458803,29.96841310026609,77.18527294950466
1414687,92.69643089500876,239.0333760765473
1446896,186.41666344258147,563.3499425304647
1399167,81.83141003747839,597.4264246088907
1461193,99.30100695103722,323.43195855580376
1440921,24.07628668305916,80.63928881155161
1410499,88.9201729535631,265.647897473968
1444765,10.06670273451935,12.482817816581372
1388412,164.06469284132484,335.8121445267986
1433931,45.48279561178587,63.32934314710029
1431160,14.326145883646214,29.371371509127847
1389070,19.636886352248872,38.90852285873022
1436556,50.687732432218766,115.06081191233328
1452446,43.57442895724888,93.2988047404894
1463740,493.2487708033973,1462.2915972181956
1445960,93.6905737862306,238.25159077886067
1395066,100.35031939635428,241.96702830378683
1451931,28.634683622303065,102.38121292396276
1445301,15.720266246291436,71.18283418245363
1414064,24.95296489067537,77.53152931532425
1445170,63.04402419223989,185.1291812730116
1438221,14.554945593124542,97.64899413362994
1429491,102.98724920454364,161.39106307643524
1402221,68.61565957620513,189.47192570316992
1407902,16.17504684164426,40.78277869012204
1418010,125.38975790022872,363.1368159257034
1435426,28.463980945861504,110.81819722944115
1464476,265.6377332080027,583.8098377775532
1431802,15.077754188736645,33.530263239716064
1453238,98.7234448972132,227.12409240028595
1465471,86.17875429330218,189.6292441658136
1391764,210.90547390056747,307.6422250697858
1446181,10.294800437668686,30.495258090136826
1439577,94.78874454675004,294.45352998756005
1435435,27.549748938660706,156.36621168472868
1393218,46.52586754751082,207.8509392191304
1435328,324.6754797050401,510.6175718284926
1445616,47.76665795974235,85.8612716991624
1446272,642.3514189048561,1474.3113007236284
1431268,531.6949510119292,1193.7979532105842
1389280,81.8920517545172,899.8834390236126
1445568,30.35408478167308,148.90441571573388
1447112,16.76686771514794,111.41512180194051
1446887,39.83097055120314,452.4606454286637
1444860,188.84979376531763,1098.3079918775727
1444992,18.595905714454208,63.96668085557793
1437779,40.86038261313271,104.44690239649944
1421819,96.55364856542768,362.119652204745
1407316,17.727154652373233,45.62101442636766
1465197,50.79191198580997,101.47355739232351
1463425,36.48645283163318,68.42120965644277
1429182,13.054258484365622,34.370970846510374
1389862,90.50869741512238,156.31553379052073
1452799,23.421294205731996,82.63919721597094
1444867,45.99300111130357,103.62628080920425
1450200,13.42754288700174,73.65014540001246
1452568,108.33329698654182,253.35052309872017
1448124,272.8499307312112,749.5992492472112
1455996,24.985250394775488,77.91845624271815
1417468,167.01932774969882,208.9872451435934
1426151,272.411283883888,1157.6076221255626
1450445,275.2826706963548,565.7300872998503
1451388,23.287366526707785,63.78310666861282
1446908,36.9588006783671,136.9551144395117
1448478,28.330183131687185,106.10992712640898
1448651,49.59508181263788,98.93775029281431
1415707,504.269090877229,667.0001765524071
1464415,84.80005078555202,217.3951265210813
1448148,27.455177018421256,91.33155782020414
1459708,25.2423413157392,49.840067671320185
1415220,76.82171247159386,171.89406835772513
1462865,25.888287944414174,71.40647510232684
1460622,128.25049162247868,336.9090035372353
1459338,24.67849971188241,37.65000599921709
1417857,17.8876282926754,60.69344541431834
1446002,27.373941525531063,80.66634222273915
1388561,44.1051362019061,144.8597098287579
1436165,62.14297843304604,250.16794631946664
1395928,50.30340930738489,129.05741495901762
1430421,130.16953524959877,213.21913596218127
1416011,146.4520040927455,397.8249940469762
1392285,19.346182495418123,63.83017001620015
1464473,10.834518288945793,17.44412700350284
1459403,115.49361142521124,283.4904569194847
1423661,211.39790215126217,531.3601247201116
1424316,1455.0171132832982,8537.649822899879
1445102,106.79454915807986,432.0661426462043
1452855,135.12005236557445,228.711242873095
1421704,32.61815521286847,66.27052507924071
1400898,135.79441295561494,518.4932396940738
1442784,76.89106065180341,205.57885783564336
1448470,252.22053168790256,550.0710603203415
1396458,25.79997558194178,96.57984805920228
1452333,147.06978907337458,245.8826703290414
1404976,20.260440856416857,52.92000031061045
1415204,115.5202185153253,219.15478245972488
1451225,366.2856264378445,896.1366863668768
1449095,251.64877127738023,589.3000371428597
1396883,383.605575597606,815.1048263314619
1432075,156.87258392918622,239.3734136057709
1414045,39.91107736665049,108.94927033715518
1449612,27.15290420823004,74.82559998164758
1409451,335.3647396363753,670.9262479775638
1401634,362.473654385946,679.52821526852
1403648,123.33007230006754,304.4659957501281
1420247,60.389633745798,117.89682800995196
1388743,49.561842099827565,187.9562665152564
1432504,318.21925728336845,626.5384998326087
1419799,274.4564928675832,443.6142241795546
1453020,122.20429258229122,337.3416676978937
1408814,649.0373464893935,2085.9472921006864
1465265,187.60372839609835,374.9717777047528
1415273,59.013669570873645,90.7800969497687
1388971,302.23626200994084,553.2235327395452
1438860,161.3705305691992,272.103929644735
1436441,18.056880468760124,30.03253091874049
1411070,86.28397666341286,236.8203640108828
1452200,34.25758002311129,47.50069437111698
1435195,23.69365235779686,61.512066973277406
1437084,99.96943355641665,238.45480017813983
1447449,45.14389795362162,112.374414378052
1422631,167.48971089566817,552.4582733698093
1452340,220.15271888035653,718.847962881372
1455823,14.815294036209067,32.69796550336042
1424759,154.6661764233282,436.342327356565
1447740,18.804869630875,57.40378398790366
1390623,14.334149201879413,41.677733572939474
1420992,36.530388646000816,287.82973289613943
1431601,621.577718725922,3057.529304599673
1424484,36.77592251296354,79.59603322516533
1465217,332.06785939672454,934.6660234904112
1427597,14.42427006142478,54.946843534036816
1413455,13.077133587401274,46.57516241249816
1457320,163.04369709109258,422.3335819983092
1447795,156.8736605794925,487.9143533325966
1450559,121.54287217481668,167.41499338999773
1424640,16.228708206718682,24.778468119938
1437648,199.65972730125708,611.9916410964162
1451764,29.397825942437034,74.99563435217573
1455347,1258.6195651258513,3686.1363543476336
1464806,38.07786876725364,93.38543789319424
1443742,26.70380651083926,78.97770441575027
1398752,82.32507611703672,321.4654944705583
1446804,97.29372365361024,233.2109294668736
1389040,34.8308587232042,184.5208710909288
1449615,10.028518395727897,26.092462795316504
1428949,25.479956458650157,60.08212919959338
1452735,188.33386888741583,648.6789249380679
1461271,56.00344738900669,106.58825618261535
1438611,52.14814285019754,134.4028461306967
1405258,153.59022188987362,368.1088108634
1453178,40.22487377948513,65.69513575262239
1465706,42.89757786117233,86.45065177959174
1463644,126.86878192898914,398.6623913002308
1393579,133.34649761379066,306.86068851676754
1444444,77.32998548711326,147.51422543364438
1428402,40.45003424163964,294.55549250238096
1431339,16.69761258802886,37.32939157357341
1451141,49.84170916680738,170.47615002547195
1397282,102.0740981341995,236.14406963010973
1436913,33.09547349415207,74.81825897595927
1430195,29.16198383411797,60.638391715347325
1395134,121.1650117512622,260.0000400721926
1411827,42.72296216201782,68.51674251335176
1464382,200.67198941646632,499.9107871420655
1444969,60.21704977535915,135.9128433125905
1410965,48.57362197498726,92.26292920690176
1433625,26.840133871544865,65.95000334834842
1463993,35.82591841334315,91.41882671468991
1459342,169.18144256809654,346.8100393535931
1395618,40.60945792921535,153.1404233659926
1421174,439.1787850821448,813.2360375382194
1408932,115.92179680750024,504.57580039606114
1450895,10.012615334123051,51.221799506088985
1419444,134.0645177216838,247.04449091914387
1457154,45.884601633645566,135.8085034985337
1452487,10.007907644127195,23.02127057797144
1448534,144.20190348505184,673.2375277060074
1414172,266.47889623950965,618.4884516982826
1465343,280.0645592667817,1072.0826372391848
1460588,138.0997426519399,324.7558975789624
1459613,25.593141255758315,47.54838340136741
1451244,222.2571676432687,605.3064210925083
1398737,11.247702225509824,18.29246348885548
1464676,587.1088883910862,1845.050489333052
1423553,151.72383249409057,394.13767545075206
1408535,297.7956640454622,659.8730876386753
1464365,86.65147136108455,165.35229070391992
1407112,87.11203468089424,220.7803020815388
1438929,47.837083884471966,436.303581111587
1464788,124.59057581171652,423.1399698850039
1435407,129.29810688770388,287.8733141700726
1439736,20.462154997254714,76.0242786008907
1452873,24.46566056490513,47.65207257328219
1424982,44.37630785275803,61.10453121227168
1465321,196.40090211040257,611.9260862091355
1421314,53.26524421309148,137.9205552103509
1464250,29.92989981285219,89.53446142727338
1420419,23.73727439922571,106.62253504033616
1440493,16.25995552487848,52.94150363027429
1411940,131.9713770477032,392.976299468841
1419968,113.25445686577868,175.63307220575047
1446294,143.1003012534484,351.41562737701827
1432798,338.09541319792777,2135.4809454497536
1414723,58.70710585170467,233.35304501812772
1465856,42.33121388633242,316.9860201752645
1445501,65.40415789151885,1058.912334081364
1410466,84.08310177795843,158.15590070999872
1435889,77.05995896403456,248.2538202007418
1415806,52.6701199388331,111.63496043306594
1388983,73.55166670329085,191.31816180561964
1416898,76.84348300941615,153.15582838709912
1447669,89.77632477277288,170.4140652668532
1400754,276.2595661539544,670.8325179270382
1449276,209.80841919956836,405.30798126031846
1451270,342.88642164605164,977.837302897628
1412903,13.755727929443688,37.74346453183532
1435371,101.15226473394952,243.6940225238264
1425090,15.779825254065829,23.603106484314697
1450132,41.0247464449434,75.44197134077223
1420078,182.22513988299724,487.0367631437276
1450898,263.2506661304301,779.1409250529668
1463727,16.504535658612717,54.94200194473
1465665,32.500543538558816,109.07728617955648
1400161,173.9371788173445,426.0092482076641
1408352,1817.649637607288,2659.2171684871737
1399338,39.17311438360563,92.16611781205124
1443450,106.4769096628043,330.1472364504498
1437320,69.18747717176994,327.1695004670533
1465702,46.19852347713104,146.84036911477446
1419589,32.682019514919446,51.41437040916322
1406881,31.214963615496057,542.7415345553098
1398638,30.47339085307477,103.66197807511416
1401518,116.53190537450772,186.5519483349525
1437033,35.23994514222203,83.09100057037237
1445514,1659.503372162776,6106.033587022448
1443134,21.3210438970077,83.66492889190044
1400251,19.57770876773727,93.11242950090616
1415787,154.67684849660696,438.501199392788
1444990,16.981326943819933,52.22444494187136
1417513,40.10210866567516,75.29311256046566
1400140,259.3419783450651,657.5347270663389
1397299,37.925128588383785,69.89636946642946
1445124,26.630211939260118,53.86215282703409
1449125,97.87938707737624,180.360127724013
1442695,61.57404781733188,161.9420919134259
1466297,33.75326886810218,103.1102887740699
1453086,101.51093872067185,193.11650405710577
1410815,209.96360260688087,599.1029047589234
1443093,30.33910157858592,69.99834737742556
1460647,63.07210030085234,137.57195741580668
1391904,28.12056804707932,113.67986575723404
1442139,20.802624521676076,55.39097408909131
1410446,12.432914353494184,32.83706741014941
1395054,15.81644631101334,30.78758677367257
1448632,15.821454536620422,22.200662596816382
1460265,544.6196385927708,1201.3170542654864
1459632,61.466406440264656,161.5077315915086
1460367,88.04011461654738,218.6353836929676
1463080,36.20752055926595,142.89968599318232
1432767,142.67959343669708,306.8544979521923
1412870,20.6832662923222,88.77472833141002
1415689,144.52351079469906,290.60230912956354
1436676,354.22452132171605,1101.6517334771902
1394399,33.65548022251965,77.38859580947997
1431402,78.36769827205998,185.2466490547262
1420105,207.66810298250743,713.4862411950875
1451470,38.81964709639115,114.67055197703657
1396021,47.365385980585934,123.53210487602094
1408237,271.37334040747265,726.1401504177776
1392426,11.656415248091012,60.527688744561374
1418822,115.97804927222704,195.56122242033183
1407714,24.879853267255665,70.49743661296911
1438257,120.3155262896215,306.3357282836429
1424266,16.448679871946783,42.15000210653406
1395036,82.70201130483768,164.61567461284298
1417622,157.75779105016176,618.4592027145404
1400383,106.0911760800896,232.9739493977669
1389813,111.15236756060229,260.18590277874983
1445466,10.965871169801774,49.88398627788223
1447012,115.8898229923458,232.60313405440823
1445708,10.289082233777323,40.511652242189946
1447611,155.24964954940808,451.4139643587964
1411854,87.1375037524617,177.78508873248657
1392744,45.5466449348988,174.00259725129206
1409729,192.6911541603414,343.4048520872931
1402364,292.11122737016944,745.4645345347031
1449415,97.37870587520663,282.03659900500264
1426812,36.74370024558217,90.2475512195716
1448111,65.37173515694762,119.20147974739297
1448074,30.216773289552496,67.18963943507401
1400150,65.81942857925573,199.89456124531648
1411234,21.66948366979726,54.51498784790875
1446416,45.02554019652921,106.7442786562131
1443401,52.88039516939352,117.3535537633587
1445961,29.298823897275145,102.72951111460831
1464464,901.3833593609788,2884.392189875762
1449654,241.4507741846946,631.6860356030426
1460171,146.531157114668,386.7999660800299
1410005,10.463982177284551,43.63668119014493
1433902,76.50266538029105,189.75714336297864
1401007,83.09741872253908,192.9023615699593
1429056,978.6744395289844,2221.081163239963
1442123,744.7239410970022,2844.4333673192905
1402541,63.46560722800511,128.61054592280462
1403247,34.676435044318985,99.14759341146684
1402390,28.48521006326787,60.1221752551623
1451250,34.89353563091969,79.44988562273272
1417370,96.2163153200666,217.87190560075516
1426508,32.13971613734906,64.24727593837628
1425243,89.8153870447852,246.14803189719825
1427727,361.3519717164867,979.2954281489624
1448287,99.7452870361836,273.37281256333586
1400345,774.349309558616,1957.470701785788
1465815,128.56117335071204,344.4561619118748
1426065,33.80880573787914,57.24655546025977
1451061,382.8943960320654,986.7262143137128
1432626,107.80433411443391,159.4788415987342
1415322,161.58983524368838,530.7809285393545
1445145,474.3663339159236,1152.1701253691035
1464551,25.835631765547703,102.15654465389149
1405148,74.47497549333397,151.97021651518546
1411826,150.5612026451284,341.7916398925479
1440689,215.77327808237823,751.1027003735132
1441562,54.598701163668125,184.2438238395396
1429425,17.234872258406355,44.6397213558753
1446242,35.077495680422025,100.5414419164554
1419145,16.371291970554047,27.22887580853903
1444594,33.69304348498353,74.43741182261863
1401685,43.21243627504795,109.57501411181065
1451486,221.67055239690248,554.3206927546039
1423941,488.5071235500625,2132.082632050283
1413282,11.859716840714038,33.94391561185553
1432799,132.3396832851136,352.1915219160858
1463258,265.5185241022205,640.5581487567711
1408381,161.0143878414407,428.3255995659413
1404853,541.6933451677728,1133.9105033591002
1427722,256.1937250538876,432.6060114202948
1404467,31.914393293884416,89.4849613305827
1451428,93.34567610945597,405.8599546125282
1447787,98.38641265315566,258.7326780229802
1448138,835.1264001749688,2471.2802354883047
1391229,42.557863870960496,68.09471100735686
1400276,73.50394876403575,161.7943478929443
1447993,138.32680515758815,301.78747030733416
1436425,66.59863127276519,174.45256024411498
1391011,173.4434416648831,268.4832366718298
1441752,236.23238204256543,579.61255709613
1422609,18.10650163803473,59.087266244486514
1407784,114.83321108245316,292.19545520874044
1418856,101.94495664302794,267.25383615179175
1414092,19.32164861840237,47.18428114663738
1447124,43.20288439376233,368.12867653099295
1441032,14.43133867519389,17.403104815455386
1463185,64.5561488283759,190.54449936025125
1424468,434.5205146660157,1002.6093118997104
1439179,187.60752157849717,402.3279112425631
1387976,126.03632243781789,200.8243318344284
1392834,25.888247063873138,48.276765401395686
1405466,36.71617512786421,95.75027609547357
1441257,65.07111783518835,146.01412584790754
1452552,344.41573386665806,885.9707797198662
1447673,34.001433331686066,123.18811461782012
1390594,151.95687787547618,476.2514706583363
1389815,11.302910446046386,31.81565540704796
1446193,178.23608566160152,611.1521278496905
1403267,35.482042170270745,124.34923561929988
1410649,60.71259249766045,145.91135177144983
1438281,57.05779991546037,141.21645089366947
1452279,251.19127012618577,759.7779397074414
1430721,30.42356092150306,59.48985795064734
1401066,57.489476331135975,165.93276629709095
1430122,1095.668581229707,2297.39893914203
1415075,214.9182930094772,504.2557612000567
1451127,137.16594978789706,390.724717809746
1397897,11.315033290605156,30.307650578131383
1417706,12.336433255518008,161.38850118998596
1439259,19.850432558766705,51.30597401357887
1426690,20.828893696220664,48.39274633699567
1412887,19.54578273208926,47.543000347015486
1449931,61.00115319966111,159.12054851020562
1432952,76.23744586280587,189.2553575429545
1416494,15.926741315403676,44.02742924312453
1446025,72.80311769588506,192.8724354971081
1440330,291.026910486829,497.9664133334472
1450229,38.04344538116525,66.59448520855123
1465648,284.75848003874,977.389470249383
1445969,225.0062703546053,496.06166755220994
1396261,27.50569919394101,63.212994697171474
1447416,24.564050853591745,66.56480811534587
1436372,57.23983722184326,130.3444151480586
1393296,23.725217311705222,46.30594118430599
1409028,19.25276495580354,72.40272984523384
1438926,39.459963701206746,182.918833093264
1420792,23.811198706591085,43.924172782885385
1451863,81.91497793222256,220.74446290901372
1447590,35.80397638370602,132.2157682347285
1464440,27.453616351797496,71.57855193757003
1446288,190.39321804862587,427.003993066326
1393142,36.776344157354885,107.98551966657516
1450770,328.14482940260933,746.7555754295082
1451134,65.87192145660028,175.30002932188597
1402871,18.92050520361824,60.33726243303727
1465850,178.7206656430778,570.3126797466755
1422685,96.30913853375344,308.3308854659269
1449311,317.7206771790682,754.5370859247411
1463932,21.543836633267706,61.87273230509993
1410617,36.53602587605032,178.41069888378544
1421992,755.7869385793811,1053.4348998045464
1447453,343.3204568998758,976.4164664510758
1400397,193.38059867007271,692.4549086086772
1464090,14.414974189526085,61.89535608867317
1420074,47.01677191762624,88.19757325917394
1431211,67.44325665157184,159.52395998579067
1392828,94.42923114913305,250.8751156907828
1436889,70.44600621357844,188.2171650125233
1465699,82.66993808263082,208.81900748155127
1402266,14.240469122102152,35.23303329765736
1404233,140.92594154277828,442.310679979688
1464818,153.03177642946366,398.1527649736712
1412233,286.6904029072306,788.9087078524151
1415865,23.12687923219338,61.74862594722454
1459057,121.56524079843491,322.2614253905208
1452100,289.5687680684095,505.999645430998
1439346,216.07698571711288,554.2888178225003
1451315,100.53776790667511,328.46868725068754
1399964,23.78995580442927,29.180139081782933
1447594,456.5200847974804,1124.5971780512702
1415105,30.29272155301665,88.0619375969264
1460794,673.3279460423649,1783.9044037988924
1439047,97.67603757815948,177.79368312813648
1451854,209.7937310789464,491.5617448483572
1418181,561.1433042004859,1138.3641849994135
1412495,43.02481101010092,127.61410937545097
1423235,49.640192396566064,159.16678921156327
1437459,104.2377204555925,171.452492741218
1418825,162.49951526435927,345.48560975318486
1417021,25.47829178353816,59.18283882234638
1391275,581.1411882042111,2394.110726731319
1425920,37.78460932139517,68.77066342764277
1394995,33.282688450364994,64.83580970177415
1394292,172.93788262753185,329.8624047178188
1444423,175.60859492610444,3444.247942554688
1444021,56.95460876081263,197.7888255236529
1440836,72.21940062526262,129.59447660076668
1428586,35.412256493849554,95.7868459117719
1413285,116.51891754750356,236.96989995450625
1445295,421.7381028968021,832.3564118439039
1465037,54.288572643526486,182.1923327656107
1411387,33.673847530135696,212.95948166778484
1446186,34.240720721149295,108.5399371163925
1407850,110.72048995331777,303.5794479428521
1439362,37.12018885324472,85.84682196928934
1410479,987.500856259472,1921.4790736416464
1449822,27.24785801200821,63.36545364703535
1458009,99.02557713767636,385.9305573751124
1427115,94.9881030806686,196.82884037479448
1445902,32.347339938856805,350.97870781727784
1432721,16.24589495505329,60.009927504924526
1457239,188.3217764040429,347.1357639590053
1448367,76.79010943411407,176.3381353223532
1426696,246.6079593117764,1273.2121414599735
1445852,109.9104289208643,240.7838420050044
1397524,76.09538693819779,186.1717557060265
1426960,16.720949482388917,33.64737815522012
1433395,111.91031177026429,565.2539232216909
1452794,61.78201201795747,150.10008844164318
1408478,45.83080763466076,148.2341264188672
1419439,46.02160031211277,132.67875079526289
1467919,396.7407693909488,2529.29114093388
1408829,13.00210526418918,39.49996538295456
1447751,75.17818761125399,215.95308800853087
1405647,184.522333014157,537.6125417977611
1445912,43.0686979151407,86.34086745107835
1465549,12.920542168831629,31.772652415804146
1465785,272.23557160933484,1287.142841949742
1438956,231.7066474269245,617.3919655874596
1449896,68.45854112335613,233.76119869696112
1439403,18.94589680685269,48.32035990624805
1459457,41.734111441339046,89.90235986580359
1427209,106.14354029535951,239.7659533883047
1408374,312.0871173690429,842.2588530192573
1420750,41.09465006628335,96.65008463077316
1465172,54.015957516131614,143.82496214484954
1402117,36.35798892545552,94.09187647802769
1452165,1195.172868765532,2131.38147548338
1451409,45.38622253937817,220.1356727725982
1391905,165.4547486322675,326.61060996114105
1417069,275.0343289371266,566.2237105055577
1447970,26.8209675609895,90.20260221901616
1430823,64.17018373342532,170.79313207391183
1413201,11.438859076400506,29.8590905276335
1438497,77.23182027032439,176.71836456143694
1391453,58.94913730678781,134.95359793910035
1447812,121.80856261642536,423.8504197371396
1419724,90.52783711406484,156.87389739131552
1444241,47.55090764007777,129.28318861162813
1467957,63.12429368561288,208.25371115877675
1406771,41.72530312475976,143.97744854324364
1457400,47.807523725788165,113.04737378705713
1455576,42.07800053273013,113.98918230033831
1433367,46.53784896816467,124.17228496738431
1453213,19.370250155510224,34.490623038309245
1433802,52.12084509340919,107.91348016421232
1421131,113.10283152060292,326.4588991646004
1390744,38.551657478121214,100.47485018451948
1441840,677.4144807108792,1298.9619333874723
1451631,47.25253731133834,98.3545792008941
1432458,28.14314159207057,51.72356590044105
1459462,267.9554159090511,557.3354332767977
1401777,1036.737861490148,2119.879627815548
1452292,115.46193989469008,273.0705910219634
1412684,50.06858146678655,133.33531532345725
1391177,64.18318867992453,282.6501740545224
1421634,111.18068056764392,581.9532410185927
1438253,40.61511415497526,123.02222169504236
1398824,59.12110669604585,120.97326246038904
1463658,93.830116156412,267.9428965249712
1411622,25.715282223093972,67.82993336960713
1401304,29.973348991903528,107.75688097316936
1444735,401.2281629009824,630.0470271583812
1437798,74.08862321078112,161.7631610371206
1410280,45.70018436209254,152.35013870898578
1413856,82.94706697719171,120.85881413668557
1448445,66.4854363455421,154.64702641440135
1465631,97.35913693431604,453.4547016632197
1438166,13.19160369500417,39.18562037797651
1449225,43.32460531036089,122.08863768262248
1460237,91.8893775481399,823.2785422443635
1390591,41.44842709577222,201.74677774292812
1447604,185.27246623847844,599.6966717099994
1451565,90.5368290504348,242.7771999951346
1439695,50.4070090180968,127.53925832879294
1419583,125.8799401258432,292.84487406553313
1428744,120.36551418930286,342.04928005576653
1432150,17.97634526077368,51.41696305299731
1444473,73.75570858353372,202.49383231041267
1424869,18.215965108896693,34.875737577366415
1425153,75.3641071014929,158.43163984025836
1464673,391.3717685907739,1184.037963253351
1426470,12.961118482623116,298.8117614081311
1429494,570.2697811612868,1112.7471427294822
1427595,274.91835242395626,596.7060899015286
1406986,117.39713540267134,322.39909454618146
1463739,73.14186750254073,176.28377094006018
1421980,125.05653231519256,343.5792586104285
1440004,329.2493266228459,1362.498238421653
1446326,75.50446105664872,188.4661421113144
1397890,128.52444890982227,415.8082915559714
1425002,202.14701157844848,397.9535449901238
1426344,11.81829843674554,245.5496536958021
1453171,261.5597986768892,672.5854404027868
1447940,39.735873915592414,122.28180494312348
1449240,39.300005548221925,101.748759425124
1390809,128.78082404514737,443.360191108064
1465826,75.10484973238151,162.47367009543424
1398838,314.4723795910151,651.236146796561
1402033,28.8365667057808,133.9873533251308
1409607,985.5723631267836,2668.8212693228284
1420702,16.438079718557752,99.46439175153964
1402727,240.74764245219097,684.3060852597039
1399364,182.3044312379572,455.30843309870136
1464276,49.93372858143694,120.9227461383752
1465115,10.6433638977432,34.96686037632332
1429894,63.38582762640564,149.7734269137655
1451256,66.28532392163216,248.15416153388537
1448517,36.947034998190304,82.58930760763967
1448059,244.159960695214,777.9485753848694
1428433,32.899383974735606,108.4825630611146
1394301,75.16121750443953,154.4591651571321
1403569,160.05042557988318,372.3647326799214
1409084,1622.7692465628788,2792.6851391531577
1400779,68.42926641065384,311.9531066996756
1456011,95.0269832160516,347.46946884710775
1391339,122.23856475804196,262.4822846156544
1424278,15.877087249837665,31.215801766375822
1424196,22.472758918105924,68.76465261787355
1428143,40.63997504767081,115.98801357039277
1415823,45.53632698922499,159.42615068493922
1464542,228.07627293080023,362.62175979122657
1452173,213.8754688482448,717.0437421844456
1450603,84.25051950729046,188.80783812691377
1408019,128.8093985429213,322.54598001261894
1421196,62.18655393043032,157.5871680439074
1443019,41.033549916373616,128.5216316592483
1449137,79.41637068433644,193.641160422739
1430334,216.0044176535415,460.738653298042
1466511,33.031233133126385,83.91949917899711
1439195,67.46271062833578,164.79950172153028
1442351,110.50166896615296,333.8877401076276
1464889,45.11338965461523,187.28450758109912
1421047,46.51754377517968,80.04552784165973
1390840,112.40889846977534,339.2502715932173
1397497,124.76230861627288,469.6734850717343
1452695,54.81993620661965,206.43006412964203
1465112,11.215174000031244,35.34764926575545
1463762,45.94127038713092,112.40474354898151
1451555,348.62506759093446,788.4916413275877
1432192,47.8084172109055,118.4931467043292
1421344,148.9104524314785,622.0465731067163
1396001,136.91674709826236,1753.7591306256654
1393778,200.61746703515243,379.350673925357
1424294,633.2855146604503,1274.5002697217587
1407622,117.63032920928669,135.9725917253471
1444215,37.77266570399885,72.5970622089003
1444588,45.338946622396186,177.41444315329258
1434628,26.736696126317028,193.35143101024403
1406180,448.6894023685613,370.9474304734082
1464797,23.335345908825623,51.37796374914175
1439174,36.15332646223444,97.24419150956604
1425777,26.93536227755148,69.44321064067645
1420019,27.038721685559096,72.51941252738445
1440917,18.55464826286125,42.76112252839085
1463575,21.694385161637584,74.1277352717258
1392388,58.30137589263372,128.88316570917837
1418623,280.420951390417,819.4973690154943
1464325,59.49813051359887,155.63411261705113
1421036,112.06578372485488,269.33131996147523
1437258,36.66672069494098,122.201008753613
1445465,191.3796757357212,605.6235516375622
1438683,439.42083444135386,1799.8980873183564
1397463,50.74213482370919,160.68882658032686
1423105,109.427123907441,241.76757991739615
1435677,51.6106383631906,101.04029418605384
1404226,290.7802969004435,799.4053658034571
1417160,830.1694770521775,881.96678440096
1396330,23.71412042517024,50.37691145207506
1428907,91.97619119941808,190.68452726253977
1418171,105.72051170958652,275.52352118441365
1445194,40.72047906415639,164.76244600138847
1433732,25.729119140868896,197.99892430551952
1446225,101.61743646989773,257.47063682882043
1440559,10.543284181900493,54.214698969131646
1432871,190.15587580131944,257.04709089304487
1416384,1043.5052171597606,3223.4933352474745
1431472,53.89318452897135,125.39786434805389
1409566,87.09375777520226,239.97406570027684
1446048,31.41078015567333,106.44834084652388
1414685,73.74043127254339,176.7032571985368
1399239,73.34855701388604,214.34287407687364
1416648,430.1269733822472,1250.0193803695802
1394048,145.0274724782758,356.34805673755795
1398586,100.68939466971057,144.1933420162379
1399644,196.33963565740896,892.3416048470112
1425354,929.0804745594126,2665.849051958299
1464709,103.67277145842117,410.1735165910936
1437923,241.66692815854017,616.8303118968926
1405064,32.80405369275108,69.82269487370041
1391668,40.30454978351046,146.6176087574898
1453166,71.37559284787012,197.13560100988028
1447625,58.77744453360487,153.2337122198492
1452642,44.75528234379801,88.59431091697509
1402860,30.21195028160364,65.06202920442
1413755,217.22680665730107,548.2624269329835
1410982,68.89514861343102,91.56480261728784
1452562,39.668092443237846,84.91136470108658
1403054,187.41296467818168,409.7762283561634
1420949,98.8226580741422,233.2655451985988
1439475,20.19492901419057,47.73800143745431
1435973,73.40701271724059,186.77391007542576
1439490,363.8859082842581,1750.397023324289
1446100,249.26330876406823,869.7452703011492
1414738,1341.030220704662,5480.332991189214
1424782,61.999585710513024,109.58925029254084
1438934,69.79416741367388,143.11748852622495
1401496,40.309434675216245,134.03750070378535
1444147,44.748760995475685,146.46928501863863
1408554,153.75556341463098,1542.9362962918792
1421536,113.60263101614017,475.0065471110733
1388390,236.6671257385993,551.6371366908655
1433362,62.260188061740784,126.14803797695332
1398611,38.24224815068781,83.14585907079298
1453121,335.9783194399679,1859.2653973686463
1416662,43.88557185960339,132.57889859615602
1393531,70.2907207261378,149.9943753735009
1399241,608.9609519836964,2484.414479182024
1392392,199.3924836038469,491.9396854393576
1439338,33.74079707130541,124.88625836367112
1464724,87.7578374456902,294.95654358009904
1446557,16.62181583105598,128.07190865352234
1440314,49.27133951090728,112.85784784780633
1409836,48.78097704118608,92.7450007408378
1445838,125.65848877192492,406.6944445367228
1449223,68.55396716195997,182.71360989001383
1388817,81.35290944146108,360.5160171637876
1440489,219.7226729635896,756.1603821559925
1459373,16.200520086376525,72.86637032215052
1390741,19.93755351956677,55.39830880244615
1414359,47.21859455284041,124.37355689551548
1404897,49.14156799347616,189.9888582463909
1401226,770.0556968856594,2950.592834437888
1428675,71.29917249812875,224.5261006418741
1418897,35.688229461035895,106.11744063314713
1395039,61.80321836404109,147.05601346481058
1389825,138.55005800445585,404.6933077992504
1444480,167.82872665003703,636.710233746969
1448064,119.50811789225251,802.2291705185518
1445339,14.445190175881056,20.7840357556179
1446084,475.7247174363983,1549.2992066831673
1439089,122.34203584842602,209.82514423908304
1431670,97.89973893912314,220.42420303647583
1439891,14.727694903851452,645.9563268856758
1391336,11.050274952666015,317.617445451566
1418061,135.03931671660956,511.6287763577532
1399018,124.9903077971668,216.9304828693074
1431243,80.20989446108184,209.74323074246945
1399179,22.492707096616133,47.0358010292531
1451849,66.78837515878551,125.32121177766732
1424647,10.738528764315443,27.0309821001152
1449421,60.51795841270595,134.2444375647646
1410207,70.86552724805856,125.53866608235712
1427160,11.818025293762917,27.806300611731068
1447372,33.64413753692415,120.69459150610844
1392152,112.291063329657,275.65964922572954
1405689,18.746150474326143,153.65791594013115
1463536,109.4783261561693,427.6238827075047
1387890,24.290966626055656,107.11081534651436
1396011,381.3925510715972,1442.4879710482192
1394801,104.81597807841682,349.0188446420893
1405575,96.22764453689828,194.7537673263256
1445199,49.41919268503732,127.09922603809046
1435198,358.24903313636224,768.189372131333
1462742,51.73033780741487,202.251229428329
1449039,72.9840484944203,196.78146255772825
1392865,225.26875764019172,552.3143389016035
1419536,153.38621794262627,415.7200011098
1433385,19.4808133077155,31.114236881184887
1464487,26.843344006532416,99.14531110706506
1394075,117.26016156428224,426.7349673003103
1398247,476.6417876041363,1320.643485798884
1427543,48.14716144621698,139.1494667809783
1439572,27.25324593574053,43.214673349844425
1426322,38.74196325523996,255.82219037376032
1437608,70.40247269859515,148.99345751259
1426942,136.27126749405167,294.50418891220056
1406429,144.5457665352411,307.2835736747016
1437604,126.12110697450603,263.07276516447007
1451682,401.91189970805925,1019.5052671592722
1450714,249.22186715088856,700.3119544349174
1414007,31.54842050588634,98.4372112892241
1421489,76.26140492292005,183.0147443258089
1440764,20.57593253354259,57.5967333470088
1416616,100.41022237827389,767.7531201554731
1460529,196.8392070438985,429.2182497204336
1461072,118.31161672426649,780.856514896394
1419052,124.38381118751153,308.104327245783
1406620,23.143102555006028,529.8432595130288
1462581,107.67820859585504,429.1005216895961
1448249,29.383375295581317,90.04915426968552
1431838,531.2905355127536,1123.4519243816972
1412966,218.51285272767,667.1210789493662
1450863,155.8084380017833,341.20534473523446
1423657,98.3301510209133,218.56576021688045
1435277,46.73727607509777,132.6598552578334
1438371,47.13449840757044,83.5908177521534
1442481,20.22221016479164,73.6457449041996
1402371,165.60077025965907,235.4618824592033
1448533,112.556870211291,317.2814848690456
1447543,199.46664377093933,502.9047378234293
1431720,38.77684696077,129.80285534144193
1425575,24.80651544997828,68.90307450476624
1409452,130.37034056722496,307.8872893089047
1429561,441.2364576058991,2177.6726297996265
1450077,108.12039456560603,207.50510716001472
1455621,40.15735139879864,111.7509421921552
1399800,49.095898064952166,136.86316130346506
1442394,67.89694094784683,414.79978293806334
1396455,72.13159515756563,220.34720635769972
1418383,65.01023314054943,296.1216758178973
1446665,137.15018792752818,324.6598910444299
1420104,37.80311710565661,135.70541497125902
1445778,121.21737476539629,233.67863041417064
1465201,32.89163849686559,50.40150474367057
1403517,11.99489866872729,39.95150784497542
1444754,18.001094546108067,48.68835461835713
1413889,63.70116841160843,338.8574392238879
1391845,28.93662448745152,74.55667513477273
1406124,19.739287012171875,42.64247605761095
1426512,93.03761743738984,266.6129210696504
1446774,17.194473481857205,89.63012248799407
1451086,276.13827993691746,885.8594412176045
1445049,128.4584424766725,266.4605193276562
1451194,42.02367193763701,71.961532279315
1409293,138.82819716789552,380.2191967546899
1416164,1209.2877891554465,2393.3132183396388
1412204,85.67148045135205,148.5659102526443
1407986,299.9983345447639,582.7903144835163
1417347,28.44814870885824,64.57767276179831
1395656,57.18563546558104,197.1941727676783
1430274,47.12857416620157,114.74859902620986
1387928,38.83478506185609,118.87391152472192
1412833,73.70181150633084,151.05471415470058
1410374,36.27212229896645,247.3301500075669
1428290,409.5611436456438,842.3061099990149
1423342,39.88698651769811,45.57828794289335
1431442,16.758431215534703,42.43655793134334
1422507,14.741627737733856,37.49169853203935
1449459,40.53232866172517,86.84838862699603
1412933,19.628370889449208,29.55826633014941
1451312,28.11883600571605,76.95139331067656
1404188,36.30741058174371,98.97110582969212
1460531,14.31947125002629,59.6749107766486
1408538,40.7040602648212,110.23806542381034
1394019,182.9322572222573,589.9453004026631
1447395,133.94903711758906,83.4471040115311
1446744,440.1829324779388,1130.0366750887872
1431196,10.552095295766597,24.037637543110705
1416377,19.72728900431042,44.59736138419995
1453292,61.19285214662887,202.050363869967
1393119,300.0602899507424,732.0598959553683
1447690,58.71073085325794,125.76281096470832
1427241,33.860050865391145,109.85821407183144
1389422,51.30123770197315,108.15219104458257
1439261,26.010299685373315,46.95663661187369
1422611,42.246673059341056,80.83579331251246
1439982,24.51651450550297,164.80405609669066
1464804,33.84729840632995,96.39294083286576
1422665,11.00642768036687,39.15923826292854
1416150,96.19332278976664,332.3713324539788
1397879,77.26647586408346,279.2923952178798
1448464,255.74812148138705,595.5794271428817
1434134,13.29896670118385,60.91962795736526
1392065,208.52280237972343,652.3234480059774
1447862,18.06528171428711,22.78359321027558
1464414,343.8944631465056,694.7182823987984
1391821,218.82630617453967,1144.7012499460393
1392931,16.84899908051378,44.98562349508512
1466105,46.33791824938105,117.09293759846088
1403467,26.723174993731973,69.3938246129181
1391998,185.20149231660696,350.0862866954162
1434925,137.80777678061793,188.45780269219964
1414613,136.30728564580926,163.2315609143934
1464511,136.96716921569913,381.1573460336048
1426518,38.41017230872403,55.05281442499874
1450356,32.62290735218696,81.26734981088669
1444972,66.23277977148463,185.17631091518592
1426673,128.30598540456944,325.2294556954532
1393611,94.77057477985444,309.90956016868665
1452948,20.44057773312369,76.17632030938749
1392307,257.5475658778116,797.2053402213029
1406785,31.05802949777716,111.84791348076445
1401546,73.96738975928471,1521.7730571220409
1463018,32.823495518723355,353.1857368135641
1402076,25.19988827949516,187.19795516827543
1419198,41.86688634803812,109.25191844973034
1444732,152.48915162602023,258.7930091263702
1455425,49.70900929438852,253.7387122178215
1413082,31.04057540083881,77.88767727946588
1396602,1244.2858862588962,3040.223171670507
1447402,242.2325630388074,530.0436263253383
1399040,35.29463344374958,106.57939046173664
1465030,26.001491755409685,168.94563953859412
1393039,51.31468389859686,318.13672051549463
1405302,47.407025052932894,92.86965219402268
1410001,123.54102598481242,1049.442601728715
1439298,19.454307513995698,59.55062377787288
1441508,219.30892499913,743.1392295613377
1396934,600.5638540859313,1665.461057295471
1450914,394.4450248879315,946.4513131538738
1465867,34.50044227824877,66.42105901036632
1451950,161.99209725248997,341.0617276746184
1425816,99.38008960916036,2627.288748438656
1428679,11.599939505655929,49.19434770996932
1460187,413.4410503808225,769.768291056806
1427539,59.46026466747973,164.29656085628218
1416512,49.02905958492863,110.10157201007196
1464902,73.25679819913452,361.4844441974116
1445634,15.037594368388072,28.509828742471317
1439415,316.3054616421518,1382.0984985894213
1436551,66.69222048856628,229.69086275337543
1444945,50.04475371525778,137.0748067595654
1431915,57.55451867528389,149.1433934759585
1423409,1243.5751582504677,4339.421732596038
1438024,96.53745542428496,300.2921543775423
1390914,20.3620659720726,84.95354634998336
1444344,20.86752758340001,36.67482817581582
1402908,54.8949443737134,179.97399571123023
1409911,533.9573735486788,1864.0639679866065
1433928,124.0475147543676,260.3347857673607
1397015,27.85523993049365,51.23881041564585
1388271,68.44439491061149,91.9113866281546
1466642,18.88154051051109,44.9787910469118
1449949,92.29313251930678,194.52525458763617
1446419,35.77202607853915,110.3587288491842
1426313,60.97591493776955,144.28977677894514
1400612,417.6139282990454,1587.2859539815884
1389051,63.682332356485446,157.48791781568693
1390867,28.68283926849963,52.60732553142767
1401925,59.33472914681796,105.34563683803636
1458900,69.73264288482439,365.6915311078932
1418830,62.98177334374192,144.22742947210563
1416850,14.7652832083027,51.7914263983745
1443209,24.70367129653123,43.758889703251455
1425761,94.11715201869504,215.86831199813736
1394594,17.296408529189772,69.32552537799668
1431992,20.85706615819389,69.57398490864568
1395668,82.73626546683087,226.2947061056769
1447424,222.9362118067669,655.38205524247
1417013,1840.026618454039,4951.625476241545
1443851,45.81685439120056,90.57635251774109
1452213,16.306257367874842,161.5181231388182
1464870,93.2811730197679,337.8084750614655
1464246,15.180551248220477,51.87253670336683
1422215,29.804194128471103,67.14082770457686
1445819,13.649868341345565,271.08153870859815
1424501,583.1578449051608,1801.914256597975
1420148,56.75527425836162,78.12562443884254
1405091,655.2754780580891,1438.1636810593318
1408386,65.12738658901534,180.4796416347453
1399342,112.46463116673782,238.63854715114545
1451560,42.9747114268219,94.62367972586034
1442103,56.39526600467093,268.45843629696407
1449142,140.68699388147178,279.42330721936133
1430988,47.06886736138521,106.67772871952106
1439231,28.317743092015547,66.21140735456065
1442851,167.53061399233042,320.42281324057035
1439700,63.1790392061798,147.89759514586106
1450074,91.22255289970737,240.28924996488865
1458626,41.66298093160263,125.2754812659876
1408055,58.66111232454928,113.63669306406796
1426989,122.54095380153495,264.3090451519507
1420536,34.94001824791083,61.52059921128645
1394508,86.12427939082393,470.9377668330166
1403589,18.9768303980421,36.57966990357484
1464867,188.6861204158272,1198.090973373156
1453134,30.745275982340317,65.58903461973802
1448458,52.39133756338549,219.0195869361036
1452355,15.592968359535298,157.47791012966795
1436181,108.08115384270374,353.8876665399502
1441705,171.63624806205843,499.4964881776756
1440770,45.65942082225784,161.36656585433212
1448414,196.16014629068945,306.5330096920893
1450206,52.10080195864065,83.94100674576872
1409848,81.30961440032853,207.60760712090763
1438988,16.968771313266533,53.22250301474094
1442749,129.22439668163025,394.7026091838791
1411213,62.16451656550751,110.94572381626205
1426388,60.460242869227095,207.27667444317467
1462926,94.42334265620298,362.3505962319642
1432041,100.84367385479418,139.65555600544386
1449646,286.2639379898663,915.2673034085964
1464576,45.43887521630578,382.1306136565845
1421071,36.25789024544064,154.62107915295803
1442539,60.82784508966362,166.3216535551227
1440641,107.2799412349189,265.1855295909092
1396635,69.56025775218878,184.57671361571724
1447132,140.6538709320075,701.5709251683555
1394909,128.91427734805896,369.7227068298119
1391955,18.546685458702527,69.95652969332984
1417364,52.88061553484805,111.38541443760634
1405329,201.5995215775051,531.4244023281329
1403447,62.79607810372203,108.77035555593652
1427486,76.33954493697358,214.8386956799376
1409998,353.8159700214863,1033.0341904819866
1407577,17.52797700244354,62.50786051162752
1400441,56.27668505180142,359.33913536416526
1420500,103.94910967116432,133.81143873292663
1401461,133.42051014067872,434.6682469261364
1453092,260.2182241574017,525.9853455807009
1414012,75.94538015157394,144.32904624697335
1418309,104.63746526599876,229.3984397936456
1447176,50.89974203740444,330.4618508639301
1426391,34.36690460852642,140.15904237913463
1402784,84.1287501331743,328.3538056503529
1413008,69.99584410231536,203.28442444748904
1413507,246.06026178444597,1085.655414436078
1437865,118.21394779684138,401.7231305969679
1400457,32.46209418904828,80.20717122921097
1464421,99.22668970814657,209.8555194205304
1391388,19.910728077143936,56.92807314598369
1411053,18.17183067171529,38.707815019802176
1449921,465.6798443669066,914.480968828758
1447522,104.834215075897,279.8511547906058
1419333,23.85170577371482,102.4731061524875
1451477,385.75664415917487,997.743960724253
1407811,31.16092355864781,183.13505762302813
1460212,32.18740659650382,327.8792678599107
1433440,50.88472230149364,257.697915059371
1427100,892.9452774698534,2231.589482417713
1418682,25.61213241581861,103.85542165196956
1397974,109.97106587831152,240.6364158347791
1465189,67.31255788375603,364.9543593420684
1450003,196.37138388964144,693.5496775582503
1448432,79.58030446609098,314.051539023216
1420972,120.11523618684984,286.10325954541275
1416930,69.62626159340236,587.5698012749745
1401730,717.8125882196993,2551.704841615259
1464197,83.34739549291106,196.3601791073766
1417540,107.78939437445736,263.4461370232045
1406491,41.2088367747746,112.24453118352363
1393863,19.157064978652677,30.452889844872328
1449486,164.54907853599804,343.32877234850537
1448157,41.21342340001798,128.86088639520483
1463974,48.45542836504029,170.3253213211016
1449903,89.9376434570871,198.27062728636787
1447301,24.74510665887681,97.085228252086
1453114,33.259802103423006,135.6116544026471
1448066,44.08810205693965,119.56081981234183
1408791,42.9277462261859,89.63306374349155
1447092,297.43147839286934,764.7310113765221
1403277,65.2876925627079,524.7467608293704
1402765,79.50734618437973,253.95670159519784
1424925,29.952206415443023,57.91291581557276
1433320,447.7241396843383,1662.095341159333
1451201,70.63936197634767,143.9712901622865
1449184,44.20279701549213,161.94140317662792
1388750,132.5666383230866,228.2980374912824
1425213,61.45796451305811,120.98971286988676
1447202,45.46197621007726,118.9126192092265
1436203,55.20526473464531,86.38356133542793
1449914,588.0610783389008,1657.7828781483602
1452816,250.43306478339144,860.1094870694945
1447231,73.5135124113328,191.22414384247944
1439399,26.51913735133696,65.84879770260206
1402570,41.77890541162057,143.87798663700084
1431364,83.99796316603465,201.1678561822285
1437784,71.42508907906326,119.5084298929324
1398649,246.67995472125423,820.8945442004704
1453039,34.338581272199974,82.45303690799426
1410980,65.56958897821117,156.51229310422866
1446358,462.5510186440824,1245.0923214930565
1419671,30.523145377004504,40.85736982221719
1451982,399.0029574236143,1181.943138104352
1444106,11.838416294878748,119.4516496783788
1431927,32.36636475174045,105.06001825343856
1449058,71.67613000535898,742.7834432839973
1465536,11.073910060204694,30.54139168555
1414202,20.46001983156053,53.14311068279954
1436140,28.495480646814936,65.26513885547698
1396545,40.12916127811699,82.57013694823009
1422217,27.74930501031237,69.05829381775206
1448643,33.71711683396317,412.03074706487007
1389729,126.12849378181356,327.08304351750104
1393771,42.10523075767206,91.18969770193554
1448475,127.26573336549582,429.291041566414
1426955,128.4936914116454,378.5020185337395
1400625,10.418224915139325,31.36667775941789
1451833,15.89909917259014,45.57583993324288
1405563,89.84353681057543,370.7028992783399
1411441,22.68835254838482,39.0943642798139
1412671,47.43604692359358,108.33867208350404
1426438,93.77416346874077,599.335676943204
1465142,71.57293274840175,176.0266266685749
1419083,265.2875081232547,623.1836832214967
1464936,123.22274021465508,292.31149477701496
1425220,52.265694803441605,171.90398967060722
1405821,1245.5506235115963,1741.1036885028102
1442755,39.86437960903588,78.59148835341549
1412259,177.33712749210778,676.4195397860157
1434515,33.17570339084616,77.39316156852611
1433937,166.06027570319887,412.7016914522095
1432111,370.9148453753692,768.9753333119675
1465972,93.1548091451208,310.53337737006007
1459606,101.559627709439,307.3590675473124
1419955,45.136046365587,128.7145277253945
1418109,37.67011733077304,82.87374869444949
1428083,39.13726369329007,100.32582343027065
1433968,49.29867429317038,73.26066575020064
1434102,71.24479115711333,120.29690904231356
1442437,47.48394875829193,146.8929874348813
1465399,35.59106487678467,165.23348216739438
1395043,26.769140786374297,61.865454046753285
1450782,114.91643020244588,308.33972145737044
1401765,86.3452125230715,251.9802329142899
1440943,22.956328905697195,98.16090205558116
1393222,47.81987403958578,92.11562338980072
1413429,59.21187822673316,162.66454814120797
1427077,295.007368442479,1606.102561073809
1390502,52.982491772709295,148.7006441494138
1390756,150.037171817448,354.65300705743886
1435769,93.42172736911894,335.16842128536985
1429521,75.56681573008395,146.92410160658278
1455504,150.5493783459344,479.01703618175
1406705,2267.3810784792563,6885.385460805547
1411377,69.5123271854939,153.94312971131785
1437583,73.65520369857819,170.77395844925712
1393325,19.186324534841088,73.71189877422773
1446478,45.27667639926579,327.4577004627975
1414658,728.7441442550859,1126.6196272750797
1464084,35.01865083208259,97.76039052049944
1394415,300.52802818454046,1133.3140997704963
1430455,44.32821373986772,107.98741113471966
1446515,25.527413569349356,92.45299706561026
1389644,70.34347059026081,221.51968698027133
1392518,215.7386117333913,660.0971142056343
1414838,149.34723499506228,369.7847951573728
1443068,70.80871388594586,327.9770341854648
1412297,123.64486343963668,438.5170031486732
1456241,811.613527631294,959.921357450842
1401716,38.27873405760494,89.14731142360047
1419538,52.347498393108914,244.9873056128665
1389683,296.3566070233229,642.2127411580971
1445607,320.8581458274558,1758.668526600428
1409018,12.475912984745358,23.885575802851363
1434500,85.13302174077509,198.47969220286268
1431417,26.468192517495535,25.4477049776872
1461254,567.4252943310198,1075.7050646434736
1425302,323.518768876597,1009.8739085656508
1445825,11.056492429367912,73.26138881888632
1453316,109.0052148674994,284.0693893718701
1451869,42.36535908235193,103.08134229520635
1466153,35.60700038972722,56.68258648639622
1440342,72.77105233611061,184.38210411883864
1437261,41.64712540545934,96.65216833328724
1424129,30.979752580132505,118.45317588587962
1405957,44.82208950889537,169.7177390397849
1440552,36.65633848269497,111.71571860649767
1453135,63.25858591967423,161.02387668923438
1447183,46.994623017478176,108.41499641333516
1396024,44.77772112266869,112.01101187463286
1457262,11.890466954812297,23.741816902569635
1414615,99.30566928210322,365.537060560157
1418472,14.487141396188733,41.07406190299061
1412570,227.8763574750536,616.2125276034798
1436603,30.15399188079035,187.2608078051662
1446955,99.92552800953128,237.1692448160917
1455649,25.27350778121703,75.38345917118714
1392341,132.91314497006894,252.31185654534843
1396680,73.40026572834022,180.0868631029707
1431849,65.45040614007287,137.34188262733
1420154,99.42190339258562,234.82761527983735
1396367,406.476546779164,1237.7948842356516
1444033,163.33892596674193,361.0199738112614
1465273,81.68721117765202,224.73421845786032
1389508,26.08144062957269,86.4358052588358
1414938,247.1014901283502,629.9731093172899
1447100,82.87438020236151,92.33276227993132
1416315,93.209419671871,31.698289718416376
1466100,55.31414133833636,122.0076632279104
1456182,308.43169366724675,770.3092605696813
1451542,61.52531954581361,124.0526823383883
1435340,63.293827831764574,159.99065661572962
1431735,24.53744353293961,65.04168047640209
1414281,373.7982830493447,823.5000573721162
1402291,10.935046203385683,63.74672712567029
1436365,37.53729416761183,67.20573035297161
1465246,42.46883411633485,114.31742447376422
1437208,32.889761165849535,87.42392925832603
1425518,1275.0517803177788,2950.4892110630776
1450665,102.17357231198908,263.80368556053105
1405051,101.0190645895774,344.6237819942621
1460040,55.13913835835773,128.9456468085124
1437106,55.695720077037166,104.6731436434473
1404601,152.15159112463235,320.27092907602207
1455519,1549.5669731181108,3520.932018359389
1464740,150.65952756443588,479.1587154820809
1464751,79.47214743076687,258.4095591770559
1445924,28.36437448362728,83.61783596319508
1449711,42.4589573766044,143.32019123539305
1394675,195.09716864197333,279.18027681920034
1464396,11.331876880986073,25.68865924402114
1461323,71.72714380706186,188.22323102359368
1448498,61.8981856397442,95.77431772411416
1404587,577.6813415495399,1674.3492247566894
1439171,29.11177873420049,91.34408585204808
1398118,86.95487554618684,158.99120238818966
1396004,39.20474105927151,105.29557772047131
1466792,256.38234211697403,809.4212361737971
1435542,78.182369707564,213.88918018034283
1412543,34.52209757864105,121.63516236151064
1417689,96.06680270069548,265.87905964399806
1444481,35.463906192693564,71.02779330265521
1441767,26.18575731873444,97.43431924251382
1409896,33.336809797726914,49.10166754069509
1443197,38.031258453452246,113.43985163191944
1413292,25.28807119549643,91.24964978209468
1463302,170.87817783350062,263.5995835113045
1441005,726.8350091957892,915.8357960307324
1434996,350.9531377604027,865.4973862199334
1411920,63.85139809441516,191.63690773179863
1410812,157.01328239136043,329.89685609662024
1448846,57.213972618212,52.25998789226381
1450674,76.44319128573821,167.945344091577
1424810,10.695294103407097,23.284239161057755
1465721,118.99241033312886,354.7178868205516
1425005,119.07709183862492,200.8066564162957
1446730,490.7493179464889,1572.8157724440832
1446404,24.41729750465254,75.30374534301286
1401299,294.3543454182962,410.3934995595261
1389873,2799.548905264586,9229.957959793255
1415507,64.09557067808949,105.07419854959107
1429970,33.075171932546056,106.81736337558026
1447167,101.15193865374718,370.28865627400313
1399306,39.19239407067609,68.5590181529231
1451674,27.313573307902672,73.98782323655142
1443277,61.07058540460767,122.35483105233068
1405964,491.9379476229967,2347.5193465775037
1401168,156.1155237579311,472.98848947941366
1392969,26.99723318258187,82.17033492429832
1417119,159.57855716969388,421.3070613788652
1414541,15.749006624826132,112.25514357305596
1451703,51.707461692923744,111.28497419681128
1447935,35.82502554001097,45.45027828697074
1389741,201.8342288864893,520.3326005251462
1444778,197.21275362294625,302.3325470250518
1430635,33.897199475481784,98.2470418663421
1417008,115.33891020446192,393.0112055003739
1431903,14.374270661893403,27.35205819970466
1464557,51.27775097258553,133.22277571849875
1420923,136.9391264348739,438.1815039470084
1438258,12.940239271737957,63.11215255905055
1445432,21.14863956480399,76.3570512575903
1418141,372.8041995086994,381.62215593642713
1389868,39.33639987779466,96.28547703816572
1398792,206.7239476450956,478.0139390311919
1446998,71.055843939877,265.4767661980022
1443066,115.34451187183082,315.3332799338991
1459127,246.9916626239516,544.2166450982036
1440431,82.52146149587149,435.5939441644885
1433844,40.09527638904225,117.49682500706788
1389260,30.55788799078002,96.49614948027369
1397022,163.1927635697673,656.7747998818086
1423181,139.10512577318008,262.7887238674336
1421213,138.86788502730684,414.44709297441887
1430400,185.382851744914,517.4361015127911
1400893,66.51009032577427,151.38596622532796
1402608,75.68697263095801,174.70643257606986
1400632,224.1486744093536,691.5142261065561
1401232,40.60464104879845,71.46609911653628
1448985,153.08784114199517,713.9756954689236
1448732,27.601629989878152,65.9715465193124
1452002,57.615125999202064,128.30926295397433
1465838,12.050859758958511,36.84647176758117
1459037,21.171923871554103,113.33332904176171
1423880,325.8789456976718,689.1068494396842
1411507,40.18979646256042,105.13482640867014
1419495,29.844220057509737,131.0878636907053
1416294,283.0553849604234,581.0195692658133
1409556,13.79775660791673,35.428889244983466
1438690,14.021777740479664,43.41771960144147
1407488,17.357199716762054,72.45521627808328
1444935,102.43089535677063,217.45467949295144
1449555,79.37192602154535,342.7190039268697
1400093,91.40605924006044,292.3742433934291
1449392,337.15409947872234,1123.5543194228824
1430785,225.35367927447277,722.1273749293232
1416826,454.9707979461547,609.463224276627
1462369,179.11935484339057,553.954640435503
1445506,11.351008815409006,25.080319424391387
1452293,63.66926397307498,178.57214098609495
1465692,33.873009724479495,88.65254063606066
1464568,17.924585905542013,57.86186428393398
1436664,118.42148015870656,118.76031060494934
1425178,12.280564055630206,28.870372580878747
1420076,33.73695565853877,3566.6850269372867
1442387,99.24446318061456,340.6403869900932
1390942,38.54017051023361,85.59609426895
1394282,319.0973921751764,759.2628816524696
1435044,38.28129159274562,89.08096942345583
1446850,615.3363224628888,1126.645297300747
1449676,523.8971988969857,1637.050228922918
1445074,380.3059975620619,1853.78590909409
1461205,74.97980012992532,129.80522659265873
1424726,20.14368061335649,187.1478688834476
1422977,25.52124860592199,56.16350327425455
1463736,58.28241441842782,198.1581955002704
1448591,48.29229328710277,105.73294495381812
1408567,105.08007250044211,272.7893774321622
1403849,94.32486976591694,232.06004256853905
1412063,253.76440167574344,1035.3056263625392
1389084,42.34585388959863,123.66630846757988
1419906,80.74006910955512,240.3647139031293
1439749,29.640087505059316,81.11878408718498
1459381,25.660912954043315,87.57794581174156
1417853,22.911545615128222,65.65957128727892
1431896,83.22721012518609,173.18677552636117
1446451,109.50359486629796,460.9299350406199
1444158,79.61169198801845,224.881905901636
1427390,18.338532083157794,54.52192924643548
1445527,160.1013046257928,491.39069560281627
1415301,75.62504844574815,199.52197586991275
1415756,263.4876018163663,490.7150588283972
1392111,27.05791972127609,42.65229874593843
1452145,66.78729940095218,351.8899043076596
1406749,1480.0554340181902,3173.355823904536
1404415,13.737008080901717,66.06612376223724
1418282,51.09288051768687,86.89678581133063
1414548,18.53036669717089,51.59015683904418
1446701,25.366474564802623,134.11562205450429
1440190,58.7351077310329,276.2706737904828
1465505,188.05024312895463,416.414774473161
1419402,68.85251018689732,144.30157069739676
1396065,55.929082705440685,122.34794628557763
1406752,81.2738018644144,101.16476279670783
1458480,14.13521656831761,42.51612973061499
1443646,147.00383194687674,274.95943593005774
1450179,50.019335344498906,130.44995311185318
1433833,444.8356638199934,743.5605926161056
1411455,836.7094699992039,1851.1787900923207
1408116,172.59827844259934,528.1092831169159
1425067,64.67101523518268,204.47597617574027
1464795,87.47205938602902,380.6615567604792
1403273,168.03393135678192,266.20972600734217
1465175,59.70411195182061,124.314096406813
1427026,16.88910982133415,70.11497320760807
1403656,202.8681009799481,435.7045252351757
1429792,24.611329910626324,87.0745822992442
1438721,60.85429705069611,174.90264418445858
1443312,69.24829093221504,86.00365628369116
1450351,467.631852348695,1305.2119665333378
1403114,31.08829665984606,79.03422885093387
1433084,34.141243614033954,71.1122735631006
1436805,61.86367587852828,96.42327172552328
1422929,566.0619025418497,1504.4580724711109
1396943,27.63420103510814,146.08354188131494
1433513,173.41451365180197,420.5504852700229
1405419,37.55918126982133,111.2866960128506
1419749,100.5017093265934,147.855363043588
1437032,34.24472551813345,97.22060066384095
1394892,17.18458398951823,60.047276980969286
1429285,172.6801654719917,625.1372471480815
1441783,45.657661163272856,115.0404685788116
1389465,64.019875475623,181.52214555894528
1431425,31.622936732225835,58.453065897107294
1420723,11.78726182339316,21.898809365277327
1390359,85.45937471275735,313.5845078322568
1446820,29.426496080926466,84.9143212590495
1433925,183.48296135707287,331.0713219046363
1443468,112.82367780221662,216.0643354846993
1437890,222.34543463013904,546.606666085568
1407469,31.923137522553912,16560.028632077196
1447349,417.2021500841059,1094.3163012419295
1391403,168.52666810086046,390.9203297986209
1456275,89.48857347563796,252.33522481016365
1426466,19.86962308030341,39.42437011107978
1389232,68.47544114972814,168.4725246873781
1455949,35.360580129013044,104.947361987065
1389122,10.737920929157076,20.88694877582938
1447192,145.73886460579115,350.96027776220353
1417329,76.49140393461441,179.84637424915155
1448202,81.58217671570098,194.1218911550692
1453036,72.48678819283467,151.2107805724705
1450976,38.588533876886,75.79284793578819
1415469,32.263157787184106,235.4617656112908
1445891,189.89352796411305,452.46472341758965
1451895,103.70781835250578,160.8987546913335
1446447,30.26008566378312,75.19318055281983
1400642,103.86256162996048,250.3945934616738
1464094,1208.7223514998077,3246.5836301461977
1412664,156.65266661476718,289.5655892323034
1412500,50.530837552242936,101.01661066303755
1466215,24.618337903704138,53.2204746127908
1400123,196.6120930567288,520.8820875204059
1433727,877.7624812437462,1529.7075250040286
1419046,72.82136342121902,173.31007752337476
1438728,13.712706007909306,42.28884204868571
1393415,58.05098425525664,148.00307945566067
1438276,186.2396497547085,540.2826156746046
1452232,77.98658887977857,195.6131522475935
1451944,909.6883211346964,2609.9662367000046
1399860,123.57155190367668,482.0138121291167
1424257,16.454734469538405,67.04225069727276
1395889,157.05578399479325,350.54969797973007
1400962,79.44090443878494,165.80581304517997
1448768,459.87196674384,744.0254720524301
1452665,36.583538072325126,108.91822392117062
1424187,59.71638610369868,279.1021112302566
1451407,141.29741271521456,318.31926459581024
1420472,22.74811140117468,57.00636078853815
1451836,56.27029371268895,250.16494274515048
1408772,39.46108282845214,86.34699211035803
1439623,28.638201805546974,73.14801477525003
1452285,198.32757490219817,482.7093010608809
1418539,151.77622648448934,443.303434629193
1435963,86.01966272754629,200.2390912988361
1445280,11.327855858171128,48.40415609887415
1388774,67.7014166723042,232.5688933113586
1465791,50.9693215625976,112.23507619286391
1444852,93.47430570616824,326.32545836952494
1391088,443.26861323292127,1490.8208853434398
1441318,31.088095660172293,59.55300539405201
1440931,40.91155670270864,92.89033946116798
1405722,197.50967280804812,321.18591171258424
1444786,119.10811625222338,196.8154437744245
1398328,53.287536585494266,127.104618793712
1406356,28.13427197886506,69.64748922521511
1407974,55.93855820687775,183.31854700137947
1452832,24.246615660354852,50.01335287742641
1448558,153.4876042460641,257.68764469944523
1425631,44.3412580317173,204.34748446157693
1464363,13.094150359184791,38.090185380092585
1432600,32.85837353850556,88.46722611977214
1424383,59.45242293176909,131.4825080161584
1448308,1892.6294219387537,5845.51821788891
1447059,51.44914650647962,122.75192697904956
1400018,90.66190684016732,164.7180603668355
1448117,33.030852489753194,70.57450768328967
1388576,30.141984066457105,139.74638313417918
1447129,44.68828019440047,98.38477114418724
1451288,24.535980282266777,58.120429662829416
1417903,47.81395814880303,102.60233313738054
1452989,98.93070070635432,212.03116126269515
1437531,157.96026022331588,694.9536146416899
1401219,18.980893282209852,49.10653945573732
1397633,45.22910670356471,106.62384146875576
1405341,42.69256395093413,101.31633994820656
1434229,255.9429669461286,487.08432537658695
1450474,562.0904121196155,878.6552548179875
1464847,114.28709539993336,258.0801803711679
1438826,36.86050815842383,144.9439709763737
1450617,28.165452257092493,97.87097172555342
1392640,28.959735866201967,82.63648779849213
1390667,20.125202701693954,60.443322277918334
1464837,78.54627983848715,207.15688552953537
1447692,131.37357530912212,287.09942483875653
1426235,28.574496502782093,66.1327733333978
1433170,38.91459567134432,126.51824598934827
1436275,64.83562186826572,137.97421220088503
1395639,16.606353448266564,42.70962509964994
1449176,36.03038227885473,393.0831402487741
1448578,37.95826153624941,99.55272612849068
1439791,24.626351140520157,52.1146353331162
1465792,264.42597371668813,730.8666946356441
1459111,53.33497560228388,117.67510479885236
1415781,92.01704476993916,237.87828153534187
1399608,11.284409310298845,39.64952340563188
1466289,761.3333238031328,2363.596440356637
1445944,94.38653192863038,254.3609922518035
1424557,49.6330249008623,174.76723331592422
1443777,287.2152646060385,454.5305050800712
1448155,64.56992080220523,358.38616555521867
1397383,10.296695914738487,24.88115573069156
1405084,45.98117294533184,136.74787801569215
1448851,286.3395246925124,1312.34792777581
1463661,553.377115376262,1491.3605331502813
1431935,469.90344798996153,1246.287264955994
1414984,193.79174650484524,399.3206123614074
1395903,110.18285484246988,408.6719417096663
1411433,50.91885401875654,129.91726608468815
1465314,47.67711558513643,152.71362945030435
1458966,20.03063472121279,45.32512243241489
1398907,96.84243903646777,252.8809534504068
1392602,190.5809696620533,424.63708980743246
1440145,28.398841082748994,103.22053539909442
1408084,76.08024341140292,141.35137994695867
1445208,756.8244627415952,1516.990707921591
1433936,76.73895270062437,156.6740348108076
1395622,75.01875777012742,214.9386673057247
1450922,359.80141904958697,911.9556444344466
1410384,130.20474846686696,396.79799750534426
1416409,56.47107474113556,196.27689764117423
1422982,213.76576883214648,498.8693109144537
1434040,71.37257772702696,301.74600684645384
1389192,253.75400370995547,492.8727709452557
1455329,18.782495966167986,72.12246600183377
1450270,42.9661642070918,64.11826910735626
1460810,16.597594464631364,72.07367680873286
1460338,142.52845090320216,417.48081675212194
1442986,59.83747313866024,136.12713686262495
1444897,96.4564973224001,319.5942930388832
1452559,102.40364637013153,1071.7679517998788
1444385,112.98796915031711,249.67409081751265
1452796,217.47745331583985,982.6680182465994
1410449,71.72594677954612,226.88549682416635
1422635,12.707894305677176,30.687058559456773
1432302,36.56618392109667,89.50928822184001
1418942,26.637565457468284,72.11221192507884
1467958,205.97961842567932,566.5905949926105
1427029,176.86414644357805,457.8854175058598
1425925,145.0260721128564,454.9530499526199
1447428,32.60681418940536,184.1281048344169
1415970,137.87235334248695,275.53093910991925
1410562,347.5177254120348,828.8419852795178
1438830,43.00260462816202,72.27685625482901
1437848,256.7707067908505,865.8882320338826
1425616,188.5103990140468,415.9557239320241
1447792,45.99131076802192,141.2354112926282
1448092,75.72284170664662,195.47416303437944
1448847,15.074713639418173,62.48178866959377
1464934,180.7396185951379,386.3866635593584
1447384,20.566336164003992,51.212627571261024
1391178,51.19182955384888,111.37247329843083
1414827,23.44513217214201,53.25444350058341
1414215,21.467117693690373,44.5775773614721
1411679,50.53316500706032,86.31437100238911
1417755,573.8173296966881,1784.4055616049034
1446389,52.65002892969181,163.0668521936512
1404454,120.47484378335672,259.6723365246477
1460603,124.9342229495056,362.8681714337506
1395246,35.22962939426336,45.06924346959914
1435111,16.323994799240218,33.30090368141413
1389982,43.32869862578996,136.1060551321462
1452126,16.278261399270825,191.1015126924597
1395773,194.9893442545085,369.5162347012382
1402411,44.30531783704599,112.97207200103706
1399722,116.14583434456766,540.0864314290337
1451980,81.42064341859802,196.0187272250286
1445264,20.5982352014564,68.22328284796396
1402176,53.43123064493463,159.59856847733295
1403799,67.68906211523898,96.65356979647466
1451998,145.58063180686298,204.7671561815143
1398134,101.64405107951316,287.70138033131974
1455599,21.73404202014529,33.77193680077124
1455724,616.2295475501113,1886.7707178796984
1421565,96.56946075211928,303.2934791482785
1466390,49.38609807574467,115.704216081207
1426583,61.58534295391793,280.8196815908942
1445516,139.48636906861935,182.21703099528256
1451314,69.06300828655125,124.61541138636969
1408408,353.169094519776,854.8270354587492
1391199,404.9061418122161,747.0457423092249
1451576,41.85622710664288,77.25138993480049
1446921,29.133774980960155,93.77637745350404
1437372,68.40649177091606,178.47778499706016
1396243,29.413328887610643,70.16351114109405
1451265,123.14682248187188,383.5465064303907
1417063,101.0936151255694,221.98216948196847
1409041,134.72306270653806,332.12605358403744
1447791,12.676882923766875,44.67018635191928
1395851,85.89196560416903,265.8714231441488
1403560,105.82076061447192,206.98997926118795
1448913,13.73398583038255,112.07623496116824
1389104,244.2681727414908,572.2367781518574
1416717,332.55151733860265,923.1573670210322
1448232,29.552123643074896,84.33065330555446
1419319,26.330677234262875,62.6550002949557
1424394,74.25844318779832,200.80043956076065
1430200,415.2561143110143,1002.0664733887407
1414214,38.23047090985332,214.88727546350665
1451606,103.69341466731863,352.7878178403271
1439774,23.012487457379333,35.2332837455932
1390962,1231.3475682720716,3307.636899231121
1397271,54.33925053818471,59.010077705696375
1407997,660.200271974008,2221.4986528134204
1463489,99.07648534228846,274.71747386351007
1405142,24.655195578081265,113.91337173238892
1441989,28.206617718951257,39.63184757420581
1464851,137.25467039030593,495.03552151864346
1423913,156.67048173905283,340.6784457599294
1429067,56.01852624037613,172.14319522327384
1440809,41.97888387685283,88.06135631736299
1464989,247.9647503676952,567.0415938180157
1447325,51.23924146838455,112.13398173168952
1434947,905.1902375078928,3509.2010380895326
1445834,40.293491674945855,50.45234006837462
1392228,27.12167099177825,66.8328339389029
1418619,24.678521299168267,74.54718473666534
1431749,63.51856231212293,456.7099672559311
1407272,253.4641532493968,601.5455795952907
1388492,62.65057185225197,143.4248062689752
1436786,21.75708204415045,119.71680958813232
1429707,545.6152994885612,1091.3631732449926
1412095,458.1910478565352,1491.0581901637977
1389487,992.3200389804896,2356.2899906460016
1443456,33.36608122175615,93.41639531824184
1448807,84.73645620874437,186.41546309382215
1449453,42.38019659195557,106.61848585831716
1445591,309.0545640684816,1614.249896167134
1430828,514.9666421843862,1373.0323204414797
1464995,50.07368147274866,107.76573757226116
1416064,1743.0891043539289,3788.310443640643
1455555,258.1213039589908,702.2090488825118
1433606,112.20459474211596,206.43324198168503
1461286,38.06348771487404,245.4870584541765
1422638,53.63295783852863,86.43160450768387
1463070,19.89030267036684,84.85749941297158
1426655,41.4816973479654,81.15319690225817
1441282,68.01881830988926,100.46486747236428
1397459,382.8111571933038,809.1023437175247
1398829,34.76953840641041,62.74536873794644
1438797,138.94046555850903,267.1373036423122
1406784,160.6544336959981,343.54710005574566
1437450,56.14825021938195,149.45893571638243
1443648,154.5181444524016,471.0443548957744
1451759,20.97508920228596,72.90510810490372
1445434,135.80882802875183,478.9666951743783
1401595,12.730874118598685,773.8536310320151
1428350,693.6403028086852,2862.8359754870253
1450871,74.66295887897247,166.85733947402767
1426020,137.90782375850557,359.77218363272664
1417201,13.867204972630848,24.98982912843289
1464928,566.8273277121081,2288.518208195037
1387813,84.75470904220066,249.0708024531996
1447127,163.04636105424743,229.94195439380107
1452196,46.35014527363456,109.8611456257525
1402413,30.87954329432653,61.83852363142195
1415583,57.406480827627945,154.60258818484394
1399319,31.511983728449344,174.2972518965084
1448290,161.02973584219535,373.1287385585199
1450085,260.83841556074265,801.8475982380476
1390061,288.3552596675561,286.1512934030658
1465799,60.53843239522673,183.69921031151117
1429600,72.82728628053158,108.17781757404728
1465532,52.06833385866567,116.04085915821784
1424346,40.85741665790408,106.31535410024246
1428352,23.886482298413046,96.48722174168634
1464737,134.74704526287857,581.2994338004999
1417511,22.946217595815703,89.66213256623655
1391215,372.7262823395866,851.6625679276707
1450872,10.85761712797257,310.6001973074579
1452296,89.03099059949828,170.1697281030739
1415017,116.1977248960938,211.1508932056265
1450490,204.83767202640516,637.5998728587095
1439373,41.96844193268655,145.10277106438758
1393575,70.47502304379687,135.1431875085833
1460267,320.23411862395176,1116.122100038923
1408434,47.88846675811581,131.18314394893594
1438798,50.684920017910464,157.20931439628805
1388086,61.50119243397942,101.56770819778076
1401368,37.82644798278684,98.4781514873788
1402009,119.1063521573818,669.1482024603939
1412288,32.963125517168834,148.2867848493981
1420596,259.8527096698754,555.6530273798544
1402472,143.32400000638154,535.529379938572
1392401,24.354132472749104,61.03777731744311
1404986,82.79677192161408,311.11858383499543
1447239,32.02686699350231,162.13824511070555
1435936,92.75727416508349,156.3912373190952
1455945,77.0288875051397,209.96838545177883
1444869,204.45688372413107,731.6929987003452
1440442,57.122141908797055,179.6557671322743
1433885,27.37434581871513,50.682352358500566
1459981,20.799243256623665,99.56350427074476
1389080,208.6186578644726,499.2186500493296
1445371,155.6422781460423,480.1300063917171
1464569,61.01404535871413,97.19980103298016
1434724,65.29142234993695,132.60796009437595
1443198,151.49383432275334,396.7019607933333
1451711,79.63345347902296,261.07215180417467
1451209,19.15119335000867,86.82622975309303
1442084,25.33198468424936,102.28159791265676
1435309,53.01300661988778,167.21739959727734
1452024,307.44034429547645,1050.9295977277975
1391118,24.95540407398231,58.75622636944296
1447683,95.96996663804266,208.1702996089713
1441034,82.46515995243176,210.49265360439512
1415553,78.61749898709363,194.81499107137947
1463300,11.42189136455296,37.761773951965935
1443133,51.335087765995645,243.9386971879245
1464993,73.28552074584773,379.99304168160086
1460245,142.1701605233342,302.55241754755053
1445091,112.6890905812241,402.29736894791785
1410635,47.888076711427935,263.1968073827045
1405120,72.28648527902033,175.73484786663332
1465318,162.0966054316293,442.7754390010269
1418862,83.23475231695079,232.8523759986396
1393492,115.2230380641782,250.2781461419908
1451930,26.239566121698505,67.15620131571286
1416272,29.82178601312416,100.87571906499558
1424693,46.08315769375278,57.76566690871663
1423328,18.96508211397741,105.66815706180112
1447926,296.6991887438231,367.97485916718847
1433711,27.1802035733448,53.77266528309695
1444590,300.05569251585,809.6811909724785
1428844,36.70795205422969,66.92801976648096
1424725,47.79315551664831,141.4075169713291
1396334,30.150963549574644,106.62203667292552
1418951,222.29305797327305,457.32246925117175
1445884,26.06026351629043,78.0599694491499
1388432,31.393287086920964,88.21060847535452
1430028,914.2102607327392,3170.537452533076
1394352,35.70060254210646,128.42170431227876
1449775,88.18904588973804,209.3145104531552
1423330,476.1752358927211,1097.8305351478125
1446330,264.5016063298017,517.6231596388725
1402329,188.4794387139111,495.3025443246922
1418992,17.11993655337337,74.89519733537273
1402705,117.97588603716288,467.3626122832842
1451871,153.15450196523446,329.965683281856
1399479,109.99649820713736,315.8508894500137
1440654,27.35582344430352,76.32740467103572
1397349,94.91292072272846,287.5855394669172
1390057,255.1224933953441,648.8551825854905
1460990,47.23608598794535,101.93549863187124
1426833,98.15006516070622,61.44069122359268
1447939,10.74170239741211,26.90050265767383
1449508,24.50790823494747,568.1155443230317
1449070,21.99445336419942,77.18113788699124
1431926,73.71776014857736,783.6633852382066
1405331,98.1606738599954,545.9849928920987
1447034,28.571568487897203,86.27006142259427
1415973,80.84282205366998,109.0474367975167
1394026,55.6674693292095,193.640476715986
1400943,97.164148910584,236.55463118067803
1405355,10.870347542315658,48.38478548424787
1445405,277.96264788646226,469.5466046620868
1447432,561.9039182888456,1059.3820995604776
1441276,37.35525696608254,57.58228522240766
1419987,53.21929058142621,115.10780564380578
1437140,393.9123383287021,805.3314606841483
1441331,225.4452722320916,594.8997593973085
1417553,629.9377421079082,1311.2271975063168
1429683,57.82370011328521,126.52032543456528
1438169,78.27616177558893,162.6347379290727
1463714,389.37944490434825,903.216265646425
1433208,137.14128142638825,197.5645738238409
1409987,21.59769565998617,58.866810626915
1465370,20.37565531561146,127.28306964461432
1396281,499.6132482829431,1448.041586476311
1446610,312.95007784767233,874.567928525054
1430898,25.496078440523323,180.5907509901808
1445066,61.91857249142291,70.22182582613394
1402375,164.82187161061182,421.613122432344
1421136,63.84430784976495,161.96170502573506
1438231,100.61650655883324,414.2715489635013
1465851,10.485645002172475,35.349549176010065
1464459,121.85209381267472,260.9482597591363
1450059,34.074197137620736,83.75399197352327
1420144,149.927521412829,454.5345470826213
1392658,10.946036147145351,30.816432214537983
1446103,65.82688056195896,186.4654014433421
1444122,12.801769743688949,36.19906231033333
1419108,27.88424521998773,53.35347163009042
1441762,434.0258869716236,953.837830721671
1409695,93.90960291012333,306.62176020251445
1400593,507.1311499549839,1891.736309895981
1419262,146.45653420301423,254.23019517403412
1425411,31.30429224653034,58.83438277407212
1432156,27.065302245579183,76.34094033253234
1447252,13.566834437967463,91.31379541233702
1412178,18.25146433846903,957.4590338611464
1432720,132.2506602990753,477.25409822619713
1406879,163.68502558410634,277.8828170217267
1438588,23.46420486784268,94.91893927065126
1449728,69.35952512176642,233.99135037265592
1403310,210.59200910990327,355.26056778439886
1391136,110.59425017968968,204.228282817146
1410929,442.2300916664954,601.7227552136712
1403696,29.14241278615985,90.62658936520432
1448257,98.96902425779744,230.6296131708083
1465317,18.475337312771945,43.466147506153895
1447350,142.85859785947906,154.74675232219602
1426367,155.35232744138403,367.3799250730213
1404572,21.9130193573808,69.52558569942396
1444950,81.02163729711654,115.76404978063358
1417726,17.30815260108834,32.73260008352911
1433117,189.67545062495637,721.6869374301782
1443121,49.68567931831888,118.92605875678652
1452402,77.54282771648295,138.33486800754312
1422086,438.9730189053684,1041.9145215870471
1402756,63.20893050946893,158.8303302434824
1447497,50.98074849197222,128.11390159238073
1465388,16.189915275762935,34.68653418437064
1445206,24.76862316604421,63.47893106068383
1411027,239.84952910728904,397.5424954988936
1445552,71.7793925609048,121.2373035164656
1453247,355.4335936049807,998.2560007225576
1450768,309.3214769100506,770.8865801577361
1446175,58.24257545755287,172.2299078822097
1402590,39.57749803607919,98.03072930862416
1453101,158.1703339271298,327.9384484964101
1426918,169.0565533543381,338.07481285925246
1451098,69.2200335268791,178.84164369980982
1445609,23.166616851444797,65.39458835523749
1440679,13.092136465098804,24.33789938882532
1460933,166.5410338182599,309.092298718631
1414318,34.346145550424446,74.264378552724
1418037,59.814741195128,217.35313761973237
1399256,80.48544755912627,162.6539748720321
1388234,24.537429641776967,91.10664123692511
1433031,57.09597451869909,167.50961826861595
1448612,293.1013636208692,792.5833629734475
1399394,441.7477405361507,721.7324972998828
1449721,198.04665787217493,475.0528345485906
1441491,61.43078013559417,130.58847540263858
1449596,322.2341219740371,1002.2714754043136
1430240,104.78378973392292,255.07546781570704
1429470,267.51351942931313,709.5711944413497
1449629,42.80380195386051,105.12037195493772
1433850,49.504699580319006,160.03155711090506
1449956,55.92737015989736,144.79035622584783
1393234,32.577426340016416,125.06161905783313
1449536,21.574612841664777,74.07937969711065
1452692,22.38486912309368,66.31961521504245
1404898,20.508539204365785,64.65025702547203
1424817,197.00392069811969,570.0236254876768
1441439,10.759453858946133,53.75129249506948
1447195,105.00987596951376,408.2925993973252
1463024,82.71239555569719,191.0971190068954
1459432,35.31474351900729,111.61365006882338
1417334,93.11982908938056,210.35231077788663
1432016,87.83591139595491,147.22383410504295
1450110,117.91286773062228,244.0507320152172
1463847,27.7827421275225,117.23000431330148
1401935,12.68125610526626,50.85765918073066
1447220,121.99416529388913,281.6121312228873
1440232,18.163618781515872,49.76359496346692
1443830,39.54811909196706,117.95376042484132
1438299,12.861002542283194,32.23994100498924
1419997,16.117688738670576,56.62116901505793
1438314,178.16103148781525,690.8253344706945
1463648,26.750457845871324,76.77555969921364
1465858,128.13385051784314,369.2537502322864
1437612,190.33321787321336,378.3884792432841
1439915,262.5262634519976,773.5446910349358
1465298,28.481259208659484,138.82907992510775
1425234,120.3643816347438,473.89444192721584
1410939,109.44362389498146,220.3967079177806
1420771,33.91574496798619,109.3009853564915
1434129,102.3729934203896,307.39663263270046
1402636,39.71197149677539,46.31174448356682
1414696,12.95979325375674,52.16809299589111
1403874,201.7369922420403,568.3714181232892
1445457,835.0147555444327,3294.865023595869
1434525,29.027299871060755,97.35998894529362
1461154,38.00305755886451,109.40649586380871
1406263,10.484741561394449,136.99472091496364
1435737,30.36507560096773,102.71331302377538
1431688,33.11917800781833,84.5703082313937
1412698,34.33707696562363,155.61619414798255
1407738,20.94913759343905,90.1362018733144
1424881,521.6083866327193,921.5616897110124
1447045,145.63482116672384,412.4807267856054
1438019,38.60241441508186,62.3499168690864
1410163,255.3056450377585,700.951736697277
1436916,119.85705137346652,393.9949397390609
1452821,30.10738348283292,140.29990754959232
1420113,43.49862643304633,91.8033831078295
1418985,18.922277604903563,53.86646235703265
1439851,387.6398626459117,755.9232962645266
1462540,32.05277981774711,132.1875835794538
1437734,23.546502003200004,49.11988832227263
1411112,34.03716910442351,74.120449434578
1465742,94.77732008584697,245.47987379057884
1449602,67.17648413640758,138.43854500121543
1463656,38.25373942961731,123.16057446676872
1412014,226.1006082175411,402.3037403867309
1406587,84.00843472785813,149.02773675447415
1421457,17.82996745926545,27.157930660789816
1394135,113.33857338004806,174.01841141166025
1443474,403.4613267667397,816.7263817893819
1412116,12.011226085663106,30.237510580740214
1447242,40.74459819095565,392.7901071184596
1389307,15.232282247939771,714.0026391032852
1424020,83.1916430597499,209.51034888745727
1397226,12.302459253153945,45.97155304619909
1443122,119.71399630759188,268.05753248526105
1420389,300.70939005641,521.9533858913021
1434459,76.95091588725326,268.887587928744
1403525,177.2884638398793,564.5476519707396
1423955,274.5514416385417,532.0657227816978
1395921,22.180914900050656,85.06348096655337
1433839,45.71919160113532,100.58892527984852
1391093,978.7201333701756,1921.7562584013283
1390291,194.25594832221495,406.3636164382266
1419355,40.8455953286565,77.6954220388743
1421252,155.7042638224321,520.8239767914295
1459288,30.06932051124449,71.08166196043213
1464933,34.38909573036239,90.75260266703502
1392647,349.7034302417232,946.0496493168392
1450214,71.24337593868728,782.500057077226
1445762,88.86656058269485,333.4434914391145
1429021,48.41164124028004,138.5033264506095
1394058,126.97139395633684,367.4397885560661
1424199,289.10468111062374,817.110885809913
1430781,18.889936028443163,33.50686587153838
1426974,21.55818852577301,114.17224016752093
1451595,23.124928576340697,46.448605062801136
1410576,18.645085847277304,72.22601542740497
1416941,72.35119217643205,197.35709907614256
1422692,112.05220850448426,231.195613976769
1407176,121.41341727579974,157.99934616472768
1411237,12.961913341393297,37.09772732722762
1394319,138.43182752484714,333.1162956576379
1417650,26.6649346069326,60.34691595030296
1446408,27.995210580385407,75.17876858433787
1403896,318.99888238826884,974.0428892711826
1441633,36.15424738511037,186.0588372061459
1393184,13.650334699561467,33.03298263675903
1459226,62.19096433824084,260.48720151532103
1424614,96.20927644303886,269.6377876043422
1391967,34.84315557967988,91.56187396653505
1440135,392.3807302716802,899.7275252934227
1423003,61.07468826117126,139.18941152123628
1430728,13.89354422731388,29.45629617008127
1423703,39.06893612727194,70.19276253212462
1445815,60.54726063236281,160.19297160533887
1400519,40.6222321650561,137.00688969404058
1440920,155.79185459257573,178.52175237279823
1434956,244.07901369735256,616.4275552495542
1431400,218.4066099704042,713.8781057961849
1433369,29.56989442195282,104.83473024691102
1442251,115.79882807374172,250.0185304805564
1390985,191.0773333697576,504.4986258470128
1433565,282.86502090158984,660.6321106383676
1462721,10.075056178381889,45.09213930719709
1442614,1283.6895030338628,2685.593631071141
1445261,16.67183050372939,55.702290880546414
1433258,24.586368008243163,55.41435004701729
1445132,196.01594726610395,560.406039250384
1446393,176.79739109565077,514.0348071232838
1466644,27.870193759433256,64.71659451553897
1452927,19.349494943872912,52.11176366841932
1394028,97.35253764116165,220.9945854312723
1464860,39.76811796032855,101.8680264540079
1448047,247.92593133015,412.7648582382669
1423222,56.97501929155451,144.02660741240624
1435087,14.385473432609125,41.111568894506405
1394691,12.786390415895202,49.39829189176239
1409308,26.358677874907087,80.55849245349084
1405609,123.90591715018536,229.52106063182296
1412909,27.682768253295237,233.8689641492611
1446387,18.5721890299307,37.48636651759935
1408080,31.39007013921279,82.46035951112539
1399830,31.46605581840857,52.51082198677421
1388275,343.5740360470368,843.9273099874348
1446611,70.45897029590078,154.82931597117383
1409059,44.61247485841722,154.3579394374425
1426610,40.31874926011954,121.51612326173856
1464829,609.3903950099534,3909.4046891141656
1443112,18.73929760150468,135.57613838326574
1400705,43.910215017402216,168.74403650831425
1417993,171.68383310401344,155.23034941223872
1447619,15.53653577166939,54.10653938782104
1441058,14.228903914202386,122.4800512499814
1447816,23.40443904909786,44.20447881696746
1390842,28.05517231424791,73.72845428965692
1420219,64.55029890681006,142.16537947650212
1448156,289.28035067596926,171.46326934057927
1426152,283.9190271006659,510.2484266098713
1434926,128.78222872441378,301.8139472242314
1452458,37.57792961439646,250.0211429635153
1428530,623.261461326592,3231.835680151912
1453076,40.3407918238058,113.6845507510841
1416141,226.97574762727317,536.3140002103124
1439839,16.342963518990306,51.77071082050104
1431122,202.7942448418972,328.4485323420362
1447903,262.17797113805074,613.8377107882085
1458950,172.18169512953116,279.41707969642954
1411094,82.04246026776009,116.797540404883
1403806,108.95207506409304,314.5892006881927
1448173,72.10196064335032,221.76721936865755
1457507,144.09658900312485,651.1372105983677
1400518,137.36049327570427,302.6769347877355
1452978,47.77281568326978,124.17303033234424
1409326,1730.3643098811272,5098.784910002336
1435342,183.6852335505177,318.0940518110904
1445169,48.23608273790122,117.86151628952456
1412522,17.346192436515995,40.574730922876654
1426057,109.85920695377682,204.33197713319296
1438671,26.175408316817023,82.4839341403662
1408909,26.162393001173275,65.39078920336871
1459290,49.83979701076705,143.1292751075434
1442232,13.523543983720703,64.58897377445007
1437876,410.8619812471879,1169.8254000895806
1448271,58.97729516107727,188.16071083872615
1395112,84.06359636305913,245.4335943167133
1399002,39.85133630060858,79.14295374070798
1431206,125.93831201747705,395.8832773103509
1401165,49.53975253850804,134.72691886167027
1418910,72.61293209144394,280.81201661556986
1413951,77.32396890021745,147.77033543211843
1429223,205.3159070703576,705.9327938746497
1446541,53.71012870750673,157.43716101961888
1417524,71.41567385681631,195.54013367142764
1394667,293.1672252520607,636.6651876896186
1464764,285.7362113037417,903.7397725449036
1405633,63.57542664746263,194.73789946631555
1450792,65.99035193110447,182.44122528565336
1400339,80.03557826282128,200.7611734950626
1428383,92.86962177327317,203.56902209408364
1406372,416.0161242140954,775.6526030094296
1426517,31.815066926969937,66.50821448172019
1437578,101.25117785161515,169.3179432228494
1447235,43.86749273576408,90.4277399137594
1437283,56.941490899229954,128.10039553447243
1444610,27.549729721652188,81.74497750637164
1402145,217.1007083245007,540.2621727895917
1417614,31.44454610253698,58.73745361716806
1396882,29.83010331096485,79.18209702203599
1465350,187.1966324301735,529.5165929761104
1402203,51.99080022560477,104.0490054360494
1400682,720.8425245281616,1825.4503649301255
1462986,101.72966887833545,346.4345910134994
1433339,307.68624608160525,539.9571286528839
1429840,22.49716277598152,65.9350369307319
1398423,124.76567936249003,404.0136080058341
1446620,141.08510045587596,270.1938440334899
1408732,113.66339278753912,319.87850666383537
1410931,12.91395209448056,28.66484907084204
1410620,154.5669536648357,450.6777534208925
1446107,101.54937789573988,185.8213259718979
1407666,341.78452822962925,820.6624077942197
1452389,85.98605219812201,251.25184236799691
1416117,1407.119434447687,4405.794288655224
1463208,39.87688807396999,75.94297936625298
1464590,79.21690829766554,117.53680445274014
1396730,52.6169658819744,153.7167818139855
1411524,13.78354391290718,40.110019937267424
1426048,23.952018652217927,59.57894883212667
1425553,44.48995105137388,154.18990837274202
1456327,47.77414937339963,112.76441977037108
1409794,88.83328222405092,183.65393716907607
1414900,45.21123368175346,292.5624152352422
1398761,774.0303852312433,2676.96697110501
1448584,38.22151386747071,127.04357887093435
1410066,104.44810318418776,188.6302579057877
1426816,85.71099121265995,173.28607977735376
1450622,51.450667572105424,85.29180371880969
1451092,38.65374976832,59.103692120862966
1441237,16.82410462680198,151.39116792416797
1407531,113.04774903936544,120.82337539514867
1403449,117.93978868216811,253.50327710428056
1440459,19.255373929944916,41.7611126920858
1412880,730.022048499761,2339.2882843669418
1448754,29.801352295445504,89.92227701955704
1426345,17.740676811065065,72.87874398849496
1464510,147.6882003403557,276.5858253085445
1418450,52.587721419718605,137.64688931000285
1411238,238.4509006533849,645.958682465402
1449859,125.7893542206512,328.283722354948
1410833,15.22244743950699,40.77054122498153
1458993,45.5273875472364,94.46733790715896
1407055,26.331593164673787,55.90307027864424
1448741,63.66131891396483,84.79808216775106
1466393,47.4795716017611,115.45361575696576
1430819,29.7976431853643,81.73640952351786
1411411,13.606629788571134,27.626634922836505
1445502,238.0002230962232,568.3200111482565
1450497,157.48625851614378,422.6104503816981
1451030,1326.3843965504411,3160.741034980361
1431396,35.313791481718575,102.7621674354394
1443090,317.3143909797551,607.4171604930763
1418021,177.09556842600918,628.1393735804443
1459549,90.95054276540408,269.12235362496466
1425973,18.819558958505404,41.57852278897752
1406360,89.55972855504669,211.6666331382008
1394684,96.25373150052194,159.03028068815394
1459962,90.5489645108428,199.8055055558196
1392713,20.60155557502373,52.47706422677651
1424005,498.9504812788701,2015.0441377245104
1398301,28.30331444341637,85.07451741174708
1397175,210.28826338442855,462.5850815505724
1397545,28.2408828480946,122.8109309588257
1417768,181.2666800022383,706.4052523837651
1425578,59.46560823233417,125.038105494611
1393408,12.390044431709423,44.96570512572072
1439158,15.100074587906528,74.85168022170964
1402239,137.9711520708325,203.4287481108828
1445396,1540.0434113351405,3797.385060852212
1461124,80.85492615816419,219.62328827407816
1411148,145.1954362835973,435.11111355961833
1446007,35.28636969544638,151.44341113585756
1414653,204.66011296462287,723.8683784427353
1445240,27.466586839546245,103.0554830009327
1456439,24.522885163585325,47.89860621435484
1428506,25.87968876651257,64.55961145028843
1422280,14.594138842191295,39.02905000314105
1445370,10.626068988763098,23.411052919644327
1464185,131.6031087116314,323.3426728785223
1447141,203.5648434743851,317.4009531553989
1414329,11.780490994493674,14.88369122650493
1404090,376.3667391329561,662.0878052290897
1420145,23.0019011317909,56.02562261380911
1452070,272.61332143443354,466.575612573541
1416654,16.448275468043846,58.7612035623375
1464099,276.5646527840052,1187.360477713162
1388322,83.2833359842379,202.44119937754283
1421847,25.071985693315423,110.37874665064858
1464808,39.201345580067766,236.893972730841
1390832,35.45880226188778,119.36930878380082
1395683,12.023550646358068,34.649147439871264
1465377,44.69710662909723,105.480367050006
1439724,136.49485257266528,260.265758050004
1450170,12.286630325418828,23.295303428438395
1410796,22.027501393380533,39.55013869770027
1391918,34.727888707489555,211.36818543355523
1420110,23.11718316122678,61.60540470285772
1450166,18.288457275906328,40.0184081062258
1401170,1138.6392845369,1116.8324172373789
1463296,94.17301415366175,700.7245076266472
1388636,86.3672353539937,250.63048518198016
1451282,59.44492059189644,158.7525802354339
1462842,35.45418475161964,294.325480094599
1447333,40.0942828180853,87.54720177943511
1414610,71.06940099695191,196.0697592653885
1397205,83.80135097418413,177.9514316177815
1397434,63.11461389242175,146.1246635101988
1397000,798.8690157785727,2443.2631432642206
1450735,21.98175451227596,53.211335812696525
1442436,36.34176679537351,70.80924135646926
1465574,310.3845826422991,1833.0073073189228
1423533,17.02245549401207,34.352662199627034
1414031,175.743311214325,465.2053128065876
1401182,51.70000273685831,120.29670260116184
1450951,230.23599186880625,950.9382858538406
1404636,41.42260230167865,55.46948223819732
1444066,11.409247601432936,33.34917854938918
1439894,187.4670838707517,658.5441070055283
1435366,111.7259300055432,319.3298363648821
1440060,29.052547665162248,57.809134167884885
1443146,71.25188544760009,199.58604405447372
1400725,335.5936716084817,925.5064068765056
1407646,133.12296050346802,982.0728410997958
1390990,10.865402015256004,18.567349991788163
1449577,157.8113596593584,477.84675347935473
1414433,26.727831493980453,74.49268006047225
1439275,36.55041923028422,129.3808406160924
1411173,39.604972752168365,99.39294803581352
1450295,29.2316591539341,97.11994201739304
1402349,117.02423075758058,300.1264890659585
1412608,113.79456956966222,343.77677773805533
1424371,40.28352085678957,730.1764665574761
1395933,10.40448576153928,42.732681941305664
1403119,127.90684155441416,250.1058030274677
1389329,233.34449896261503,582.9657874143581
1391637,49.650033771489504,85.41587313938643
1452586,48.66426370669287,138.5179361319309
1447834,142.92861984255472,291.2229764631196
1466377,165.64753868441008,493.747253709081
1389358,66.05799344557643,125.86010630116492
1461122,13.005987122015776,31.575339158706495
1393876,444.8002832256786,1039.106459645629
1420274,108.98588560217608,378.3082990322188
1466461,34.86584661037315,104.36112643916611
1402068,116.82382998832011,410.86484025008895
1464972,65.98031210664168,148.881080337103
1462820,82.8603102652724,232.21922508776728
1445728,136.0738927033611,295.6409886257245
1450774,50.41156493729818,119.26755350917028
1464790,11.946263007119926,24.784806981304246
1452149,174.0034811210433,459.317940006498
1461071,30.607152596122766,268.0333175802976
1439631,35.47162790972235,147.2909718199391
1459013,72.15348063955578,205.7508849585049
1391575,151.37633289990163,390.9997719055983
1416128,37.58032160014025,134.96862710859594
1430680,69.51255209556186,163.04750067962974
1446120,10.268506725004633,16.106629918345917
1401072,56.05029673938691,123.31033805695093
1442681,71.66099983225787,118.09813172636628
1421657,91.04483507754138,139.72555784551
1429999,17.63876607439123,28.91250113508775
1434370,13.341870191090052,29.64020404015032
1410146,23.101943230642387,34.31609964861384
1393141,124.26483361314553,742.4627674544882
1394470,54.59099184095232,175.54509650011514
1413978,35.58439043681601,107.02253414605345
1448508,13.533428374858318,46.88650957197711
1440075,57.21713604489136,143.36815665635285
1460494,40.12738562967193,117.55814486902489
1416665,241.5150873237619,884.8152451659763
1418314,253.2405200801782,495.2317669164192
1441643,141.18714638966287,365.1266226765175
1450819,76.27841445432651,216.9864933844
1414600,85.02917042075165,276.94917385448184
1402018,556.0373776285132,1661.7834206129946
1464708,91.10931096565486,378.3924155013639
1436613,1020.6631715239675,3287.232623427292
1412629,55.223222541450816,167.2362192914317
1416688,49.48476045358375,135.19817711389686
1385025,140.37688617440807,277.7602657519853
1451861,85.14762375861392,100.1729596399291
1413436,40.66573149146247,120.736421354727
1452055,86.46657797436534,252.2414995105565
1410757,374.1966395384512,1835.8065268784117
1460020,57.30961988534272,148.14174549022687
1432663,18.260293646401895,53.56221004134606
1404838,17.829846884356346,64.90336521621703
1434503,595.3349731650492,1313.0828995571892
1389028,18.296407739979703,42.16122539680819
1444271,154.92837796932128,313.6504237366744
1391149,261.2771738802887,841.8489812487477
1447789,141.16548720101434,323.2007795568037
1410326,10.928025194046665,31.99719085616571
1411662,56.629261614250666,282.3562988321771
1430042,20.383658142972475,49.24009112762558
1441842,20.075570163598822,33.130243961129324
1398314,436.6779325014959,1115.9769374078655
1450095,103.17070521253363,177.29301164880275
1427695,342.0692000698827,720.3952342180605
1410899,86.85529884718878,206.21634446042248
1445638,159.27686151317698,564.2137978377099
1464822,99.15461933337993,297.4475457079259
1457281,162.41694263656527,478.6890588351815
1446108,15.191774073562042,40.12856298574148
1418766,141.9573100783234,338.545705012749
1403557,47.59886885761919,183.344175548117
1447675,44.15492801059676,83.43562970852714
1426634,105.88291979421123,223.37462308947423
1406811,155.28504457713234,397.9749678290883
1448708,69.27660537922517,146.9350715283555
1424723,48.648902093656325,187.9592068646841
1450621,12.657389525616937,31.027431518034284
1419246,13.751648307573149,57.72462968347112
1402285,83.0726813891161,234.32323682129604
1438598,39.79407559327083,174.670833528629
1446073,13.805986529203794,38.803548861038514
1434819,16.603479851473683,74.4816914431394
1427064,17.049787592187023,66.75201481704777
1445966,21.71168046480054,72.46263488981107
1441445,133.50364748252466,321.33174462113544
1448076,50.78136415424963,108.02915592016116
1401637,56.75535354515099,114.1281211908691
1413877,15.122377859215376,47.93113428591207
1416572,33.926306591158294,65.7364096201804
1406336,283.59206258659725,729.0814192330238
1411879,35.969607450478534,84.36547165288091
1462710,47.09130779096041,105.60184467915276
1427883,205.49046317836965,503.35076926867737
1421701,166.62006887413173,406.6066136619093
1410801,212.14247983275604,537.0633398268823
1463643,148.74746215859946,421.3244836772193
1464055,78.88335147068152,330.4390771290561
1448968,98.67604511458624,249.00110850682915
1449639,227.00538614128135,592.9619585764217
1390361,53.05696447550892,160.61039688890313
1389965,61.98027535985775,65.2259195809648
1420730,10.760824831141752,135.13942647741243
1393263,83.42921772210879,227.69448539906904
1434987,435.92906714792207,784.9267914753481
1399163,23.728449393109056,71.92419313301069
1410126,48.33905163753373,146.71262766213525
1395101,158.69121216807903,459.30904073190726
1390673,68.28589716085902,182.7398524102904
1398763,15.03834395536201,29.537933977921327
1455510,16.56592803219745,34.73455779957795
1414862,90.3912087238294,255.11871234199904
1447655,89.9873168649033,380.6512990374709
1451920,33.693052960666115,50.31527267399003
1396872,96.20513211629064,184.00336948075844
1453185,25.051816721198158,61.90675268154372
1450120,85.73227730121589,198.79831035476224
1438387,19.97940583333275,36.34767731323419
1394455,279.70138332295846,647.6462713161563
1406173,30.80085474427325,102.7421409064344
1389228,20.43304615825136,165.1683397084966
1411591,13.645120375953429,106.13644805339815
1412167,33.55893316941013,41.86300876299435
1391507,108.3339412340986,302.47412505730784
1413575,63.588075305033605,206.35270125752464
1438141,12.757515000445617,70.31338107000059
1458953,1098.6391107544964,4446.132381591607
1424645,75.7753017969105,112.30521069690444
1429620,15.1883795412214,63.888552567153575
1439376,34.110204358745314,59.14536961821211
1400165,420.5739133789091,1212.4645706231593
1410277,22.536691183553643,82.53770657866671
1424879,611.0070056317587,728.7647861639277
1409304,45.27499647391345,110.3159142429762
1391676,41.46809823831448,108.13793482754215
1446168,102.49833000191848,236.18668062149413
1394571,124.38762334728484,289.13989543874567
1388435,23.042993684469025,53.83575066539001
1426759,312.56679326437745,939.1804685315872
1431176,25.02958224034388,65.90646990237687
1465326,16.81503082299793,73.9547913063883
1404723,48.93760764182856,124.2351306276246
1397128,42.05506828157249,148.85047978176584
1409466,66.95736309955998,181.35364857388572
1449627,72.74112098084402,202.4367017317747
1390504,26.46244460002868,130.63671901329832
1449890,48.08975177138063,110.0760924416433
1395486,44.34207474449162,103.71117387209485
1413202,194.4168708107647,563.910447449872
1400500,158.67796579071182,425.6904510588215
1419923,50.13155006316416,104.28635361201536
1466113,73.57114233149733,213.37034947018012
1414728,25.63824595571753,56.030064677711
1439984,17.08573657205551,48.662058481400905
1410405,59.10706347589184,78.75842889976977
1449746,37.83462978800207,93.16276859923524
1451077,40.464282651506224,156.83212686675498
1460277,9361.7556434428,28325.56142798633
1447506,78.35955604807968,231.3392724997765
1417154,46.89459917970467,122.0132317127581
1418324,30.652660327555623,168.69328957009125
1457153,46.32812534870262,78.47844668563856
1414361,33.901167133159255,103.65986999444245
1399468,38.75423210616326,59.10751923538606
1404211,98.43249452100308,239.0999536638014
1405444,14.60006991553174,57.328180830405294
1425055,60.53518561425101,482.63002299667073
1442432,88.46405064534223,200.36211779858905
1462838,23.98547048319071,74.5537154442858
1463569,86.28768479335969,202.83860890669968
1389481,46.252581166296046,80.30948249463351
1446396,133.95835628071433,350.41040626289066
1420816,143.25378632946752,276.6390215660402
1389763,121.78581690393573,305.9687714804933
1447932,157.0035779363237,376.4458588924476
1400934,57.48152006081982,186.7944268750017
1388717,73.27261491056142,153.12399107112137
1435784,137.13248258721896,265.2163391848102
1427723,82.17971592884697,648.0105031904462
1445225,41.39502427813465,73.34626739381396
1410181,97.959189902075,197.39813232684983
1390638,14.848722255990618,41.10872846864621
1397643,38.54430196253599,136.69374239085008
1464984,53.58106229553815,203.30052528577068
1431276,15.3696931882249,51.91374316227803
1430848,95.40412264059884,185.76373786897148
1434105,906.3429819583158,2599.222060296206
1407046,41.009988176295685,111.8444861150239
1396632,119.25658602921376,336.85196559186846
1421547,48.08001176163612,133.8083476433536
1400220,22.190647708258776,80.50615791841997
1397927,402.1489946981652,1008.3491224010824
1392701,68.44408873507152,166.19368835560516
1385017,1712.7511175488485,2775.054212628549
1401421,2591.258201450677,7177.233878998697
1413518,34.579391581729816,64.2386290753342
1430304,49.35231002975311,125.1542939116307
1394060,231.58599961328176,470.3987186587792
1410318,72.14645067231874,250.34298289372504
1394877,21.96301583091171,516.173212385956
1455428,23.843217504088216,98.10874616865274
1403424,22.938776479096155,89.97448878333543
1441329,61.50521685845916,154.20497669418185
1438498,35.22734764458744,133.01278877969426
1392983,159.73661005683195,291.98788882824965
1448536,63.84175197209569,141.5978374609574
1436089,39.329931598206265,92.9205191037426
1388424,152.9982901394377,318.37584128882514
1402753,15.72281244274246,68.5757533318966
1452593,91.59162028121854,173.30076645234553
1465119,816.5784049347059,3631.257731367459
1416040,32.08262745320757,352.2648488607921
1443873,17.396102785833975,82.21222215357648
1448502,182.2047224330665,486.0293307244282
1396239,183.06280877777027,347.5694428170795
1422097,534.8781842989558,1726.9637702064904
1392768,33.94846341098793,60.54168595742109
1398425,67.57246545261788,692.8428157884061
1464126,59.23013123688282,178.37481422924614
1396989,43.15899269337102,108.41430784333454
1435025,12.576641106408058,19.72713412923876
1433066,22.457536542231782,33.63451258759832
1444975,16.742985815551535,47.44256875199554
1424570,47.50763264777404,108.88661194712093
1464356,34.400914395343875,126.74926546370696
1443723,195.91781213126367,426.6937404115233
1428085,87.02544416573308,204.4466958768869
1445993,147.66932825110987,475.13756393769097
1407107,511.84962361413534,1709.8470208452554
1408874,12.08446124042573,18.334368381106884
1445937,44.8477508166638,67.93441366476215
1464087,58.30760176482355,193.68073335499588
1441560,74.62215295222114,180.0465183200198
1452583,251.7469018996865,753.0684753099831
1428550,435.2600557031501,1345.113335423861
1440010,153.90141142961065,402.1562375482909
1396162,421.563123868768,793.0654909670523
1450676,176.9552434409711,336.46072979773805
1413513,155.47163278519548,425.5012299330702
1463350,85.6467108148531,381.4042451636631
1396180,78.62584010370472,151.2951492438223
1431673,23.907977474604184,54.9005358633822
1457255,24.982376073034803,838.4494970315113
1465870,226.61384972974184,793.9109035255774
1432868,153.6022412877832,479.06870412125295
1463981,38.00461133370803,55.614612625107
1450666,48.845495851107785,133.33209806748664
1465360,161.36931520190012,606.0822479420599
1445795,33.58251088757988,376.300560182079
1442768,29.05094390233263,98.39464619138391
1393875,57.458566371796536,113.96991007349732
1450836,52.238275467774166,108.24256843225656
1443140,12.821894803797145,67.97786891237888
1427058,72.67268182207519,156.49757598098392
1404067,163.20044332297408,473.02678751667895
1445319,42.304667192128754,95.72451081794776
1435929,354.0221519053183,726.7969746793608
1448663,102.1941854735046,786.5475434093003
1415023,202.5639275794348,539.1830932714457
1408297,62.84361918915527,198.63336266607095
1446010,26.306226946556936,147.6100055892391
1407910,25.55637221179194,67.20363883084846
1413573,115.8957150927517,361.9661769120698
1436669,36.44338629723143,83.18644042811694
1450584,155.78350661248962,501.8644127221549
1398319,376.1272266043261,1601.316399212917
1398899,172.35756335101843,245.873116981152
1432544,80.56576481495692,165.48257815742866
1393032,63.87161227444025,226.1047035500145
1449339,396.880166244298,917.659869845892
1399458,29.235704677939395,62.69863485709133
1431922,55.44644226512966,110.77736993163067
1445118,12.602420143800456,33.053439585100364
1443560,65.65995635598283,140.18885352681306
1423994,186.02645164184045,747.6782970266925
1464153,20.649755491333533,69.11496719419905
1437496,115.1652298999503,252.3869115796516
1444718,143.6994983210765,259.17768086104786
1392689,186.27235380556328,442.4475927346816
1465511,115.6454605741944,352.7669982639077
1446655,16.10514991438401,35.10481387243061
1455219,136.65332169451423,433.0810199344984
1446355,44.04980238378203,66.98751843723669
1411740,48.6210023623503,86.24162139332057
1464840,27.436155997004462,90.55079748619512
1433055,26.60459876278033,100.5401402484413
1396211,21.128906611936905,18.096583061409422
1461330,33.12093360932941,63.98701132829976
1424092,326.4834182716213,601.8315585098378
1391060,34.37386823831083,105.50228120832752
1431170,36.1545974390089,123.14564101194598
1464135,26.534334688095495,82.5407139146433
1453302,34.37171287038978,75.3106922154834
1460705,207.3215289224038,681.3799297309524
1443172,143.92064253324364,373.3338698425607
1399365,41.501806467115294,145.89439790145005
1421969,12.491898889472116,25.049080034910386
1445874,107.6336230571273,289.10388917353106
1403870,164.68206431870837,319.8045858952553
1459244,63.57844887857393,182.73431719591397
1439918,39.80132785840525,64.51295179432488
1417437,129.34796135865886,257.92762269048313
1445533,331.7280861525025,1491.8294107139818
1442153,71.64045121024407,208.4298876183516
1451143,46.24304210576385,68.32977507674575
1441763,59.2142204426771,244.60810999019188
1428441,82.96841333056904,153.09218948856022
1446449,21.96512851531254,51.23645167691842
1451415,118.26266083152586,251.935580010056
1445752,231.40707643409743,270.50722466722834
1414436,63.925299043872045,240.83988320694863
1438280,298.46182467170235,729.1531736643383
1464742,10.865571810461198,95.76229399172637
1452521,147.08396687168664,288.16101697404764
1409627,68.89257911691122,176.60363453863877
1391958,51.96566123838048,165.22523395893637
1428560,98.54401901443774,673.3944662874569
1430225,274.1722959775464,828.6137928852027
1453233,17.75160395462965,49.24240116918301
1431539,27.842736441341422,137.59664035297263
1388532,24.498760578624527,76.02480177911924
1415391,12.525891362983367,25.346425121050093
1419660,153.3832746749146,420.9509775987991
1462903,22.599770735892715,48.95801253748317
1452106,16.951134114494515,77.62284054199844
1389174,80.24960099009844,288.98492716362296
1398972,82.66774561597747,255.22449435303915
1392325,95.36691669710392,161.27130824042644
1424586,24.80846475354757,41.56472281895428
1455481,26.83966483237106,41.993604763641
1402152,12.028701190662314,57.231459383488016
1420657,71.94248607465018,168.79960607077567
1464758,106.0969368689469,466.62912144039495
1403991,18.947576102020268,103.5804193252748
1452290,33.852834990823006,70.2465940598684
1452161,34.52954605146215,101.6024944185194
1439704,43.31191070130804,72.86992809595412
1399168,51.40021111192727,162.9934530264709
1459690,85.34588833717801,234.61265200266703
1434557,10.616822236362728,43.67893886419564
1407808,37.0409038650928,65.39135661765498
1391265,24.135805168933555,51.34041313332785
1433995,74.4270862886533,411.1411557449576
1414567,277.23811505183966,523.143121318388
1441665,104.53267717002218,328.23707146515625
1397436,85.95172677225993,314.2181636397939
1395799,48.92262932438894,134.79082765392354
1442115,11.188270465154709,29.118974256128823
1420823,140.9048269705217,358.19553917853904
1427559,181.95419214926457,984.4597075397604
1418688,39.07971603078748,67.35205067513625
1412128,33.20388178484888,92.84841688167472
1444823,203.0705538712235,466.9652447548633
1449561,511.1521127910056,1482.8517339532057
1410572,273.08688061241,810.6969894336033
1458954,77.47434540573977,207.18517795517613
1396196,18.573429292918576,38.19717347406652
1449031,33.686274588586656,82.65899472327659
1447302,152.00491503894827,242.50151393370228
1429665,618.7915816275726,1475.7599033680383
1446703,68.5292533069444,134.60572917929275
1388998,47.96173064067756,136.73458258121687
1389031,85.48664290499428,194.30101010166868
1425798,34.08372439561174,51.16077542952966
1443425,613.7266206255947,567.3102359181721
1434463,489.0740472948211,1981.250366154108
1423468,212.73324978859108,462.38265953001616
1446173,106.2576929453482,185.0249064549982
1388092,191.99901641832116,468.6809991129279
1412518,89.56517492556819,242.5558406972376
1398873,194.5658529314053,804.6115078383675
1441532,810.6103511405547,1600.9536011892835
1446508,13.338571513921636,51.2580298045156
1411121,21.445145876843416,124.51541058109234
1396588,14.560856290600512,63.745246922749175
1448166,15.74014230220349,37.50908465392092
1465042,120.0788471874568,292.89294487440105
1445964,54.428925487497445,200.01442709645744
1409721,107.4104182801226,58.180191313013616
1388109,37.08374381269581,111.84172071697722
1391563,213.7089205386457,360.8571849334005
1440454,12.843802279428294,42.93254844770503
1427977,208.75537897196176,420.60675523934975
1450555,115.2559978170388,353.2436086693138
1419286,14.83093027276278,36.18557681089522
1390831,23.037243669506832,58.60423927710698
1435159,343.94286419895553,889.1111649820307
1437381,254.89597744178212,469.4274676070394
1398848,36.47620119308889,90.42709474287278
1458553,22.248143423324752,38.26141097459268
1448042,144.45661684394662,334.8814463850308
1424190,58.474928068874576,140.90063480742987
1448075,38.34963551732233,80.27820998857058
1418730,223.55837869053357,1118.992113125254
1450213,117.25989172423294,234.6250885382665
1446758,107.37877775068796,216.98161562219715
1416422,460.0668987423446,1387.0377591043402
1464746,92.25622588852832,277.1130742216775
1423815,22.58593208173753,25.44469123361061
1451649,50.41320716777079,123.97846851255076
1416590,16.589849574312794,64.70326767231863
1439714,17.28573727861761,30.842181436633496
1410475,60.691908803841606,150.47221594282558
1439796,118.59665814592309,242.68859114013787
1445775,45.82423951017448,127.1830013572759
1447170,46.58774333662032,188.0626535141234
1463919,25.98086492795569,64.0551321462587
1434522,28.19053569407188,42.76617882320304
1398499,28.99689563499795,116.81765447017318
1389915,35.10936372361022,86.05867601933879
1430996,50.82881808691906,183.6259011313455
1422424,45.738160205276806,77.9532858312036
1388949,72.10108951111683,233.77289696666563
1419850,27.147742995477657,53.10468147661484
1450711,16.73769475773203,74.13095043347974
1394719,24.05370109362576,89.10020413122692
1451889,143.1138223777459,491.9870220896402
1398871,279.4659599698278,604.7212302752304
1391600,78.9551074688621,212.6198293702096
1409989,652.2062835513673,932.3757871706812
1452507,13.351065907543934,397.4657103497465
1463362,30.55135950357802,80.88372883106545
1443547,202.8361932394452,622.460446962332
1414650,45.946356617203946,69.82309635451196
1409565,18.615681183251112,40.11674780484662
1392547,45.60080383564464,104.44425512886876
1462772,26.56558600579748,133.22808410859133
1402595,59.57877548008408,251.2013103627584
1450042,28.281949801561684,99.55447659702511
1439450,165.87407596221206,461.26536030201663
1452886,190.9805204646575,499.5480466140585
1390467,141.99244892529754,260.4289642514485
1443682,185.3097056397349,566.5552924027357
1445137,55.04711195935357,114.29159091446957
1434015,57.584146825648205,133.71356344719453
1450154,22.446460072126246,57.072263276825055
1423684,216.57301546487577,629.8640663913923
1444189,48.02957160274424,56.42777651044644
1447874,312.6100471748602,1583.9525079084622
1449326,378.5755326454208,911.459243404262
1437571,168.65420821080505,435.7984369603225
1437842,27.995148869393564,47.67330203409707
1391747,32.72331791623056,121.25442450409884
1415243,61.012700763477895,132.92532866281468
1451393,11.565119650127606,21.23935273638997
1421434,249.32866737345893,534.5670566743707
1408466,125.3331999934429,310.3679256797523
1445051,94.92581514541412,370.7819123381496
1439469,39.15532204393981,245.9659599064945
1408709,46.22371732011468,110.42574939148014
1404324,15.230576527303825,63.34613900913523
1389463,34.63248585617329,170.28365056691692
1420571,26.72440035984184,223.58158012930505
1449514,78.31459118525761,216.5454097632742
1463613,20.3690877885205,315.4240562450287
1450128,138.73263087991853,269.8413747187131
1394057,180.02252177098364,779.6144040056313
1447809,64.81984372638422,284.883894295213
1424176,67.0712470193486,116.9663305863459
1431660,12.804490606225944,31.709248074033187
1452371,14.47238092818506,62.36946154578642
1444305,349.8182776646144,734.1990577603784
1429771,331.7795769645541,871.3315553868293
1423912,82.11615570225833,232.8945553381756
1436031,226.9526321585596,548.9013826799119
1450529,41.52841684438017,95.37260679017444
1400788,356.8459236450063,917.1051846615778
1392138,53.52492526944334,78.08259921084364
1395126,158.71617318147045,449.39499917807103
1428074,41.21821049210784,94.27056736706834
1413126,17.980843278237746,47.87980703443998
1450721,23.80875995525685,103.48271223412272
1445276,181.42944824120076,370.12455491534746
1435466,1269.3754204527163,3664.700125103696
1400610,186.0948119515504,415.1766155193413
1422009,182.72412566079967,433.26647424720807
1403215,72.6798177244771,214.62577039418304
1446965,24.86158670467969,55.85090969500185
1465448,201.5878019028454,488.83355271759126
1452480,39.40870284904769,83.10334985970084
1422557,62.06217541587094,129.82106314510435
1437701,110.58999894946274,297.9400441005089
1449269,353.9551575488432,596.7556440041803
1447729,191.17946466629175,488.6389841502546
1394866,38.65164561173359,78.671479274442
1427384,264.5540443880333,572.7473488934535
1460984,191.0199581171446,556.5929235023127
1415236,55.65908510136809,97.39903676938462
1445720,118.63014886435327,298.02478245580505
1397528,18.646066655625276,77.08042220734102
1452636,13.711210571714934,88.06149988675483
1465430,12.354167507635538,27.394011199328524
1398196,115.8778610026284,315.534666783959
1437782,146.0501246389401,165.47822639194766
1435460,11.143300849299392,31.426236855024428
1402700,5343.911812797744,6307.157209906534
1452523,23.60238844466248,66.29351541969456
1430778,39.82168806008362,91.9998596905648
1422503,172.40848742799056,329.875067361972
1438154,25.302283530651547,67.78904819118554
1444319,14.19844503188254,29.519194065476132
1465240,23.86012759377155,55.98830073926544
1464779,93.33038274275565,271.7084511369268
1441701,74.36976124457208,163.72586975006575
1390906,23.07249885937852,45.93923369335773
1411175,593.5808012152141,1413.8190095747436
1438063,125.79740719057102,309.632397527045
1451490,31.190559993737324,115.95968582531202
1450291,71.19557620008366,120.37128199639258
1465822,15.431938461328654,25.725959707096784
1461040,56.34414475441071,332.9429015417436
1443908,29.06525741711884,70.81825604600982
1431694,42.95140831991455,109.67101346370626
1416689,15.83790330562684,30.950474892742683
1445053,1290.388887464026,3439.17715791845
1394168,14.87338234138191,34.14324189860574
1435027,179.5436456399339,428.9698340935063
1418241,60.264381589238624,148.00745055524257
1404173,19.209600130318883,90.7170607006168
1422526,44.13104944234657,92.87286377752952
1446261,115.89085431587156,482.764244584788
1420716,801.7243952466907,2447.616030107408
1461076,308.4929585592083,824.7819432339475
1453154,45.67709982123117,127.53961652604106
1451376,22.046104230950657,84.77444370864002
1455911,29.69160560036773,118.592047418552
1417373,41.64838196899433,76.33430366683682
1438869,11.25053364108545,24.083271310107776
1463038,92.48287135439996,280.8066055106833
1437465,96.53980772544392,629.6694008544849
1397673,96.99105963172268,315.03109989855704
1444636,37.10214536117736,74.2928244729245
1449778,77.01386910429753,201.71467572900795
1450281,110.2385365546043,372.0945563903767
1390471,43.40855543492255,83.37184811543669
1408506,618.3086143852428,2618.3704911171594
1430667,67.0472221726095,218.9657827738563
1395804,200.843939962932,435.1131519088444
1460748,41.89376439205868,87.66822776507954
1452528,13.576842726774702,20.10697832252313
1441152,100.2867616515132,181.75413097057523
1447415,454.575021495278,1184.797165557607
1444417,93.5745923558922,293.61079190338995
1465169,20.2129738788688,57.1740088093875
1395348,623.8235785728876,2005.2959102664008
1456305,71.09000185447914,1070.8235139543751
1426281,18.781429426223845,28.57494546864923
1444739,24.742575931298717,160.59854995119557
1415065,11.692786642207384,43.29417380993304
1417394,131.4907753007649,607.103597299138
1445425,11.288347457782056,75.75100291171601
1404414,159.95396298530116,417.99121141991054
1464819,39.00725807096974,126.87565187654718
1395319,92.68612679296052,242.07980631862517
1393594,131.1709202683496,442.4570614905995
1425653,30.521869873132207,122.0457155667118
1433438,36.32217793103302,147.29568055780348
1410659,45.380800008976045,117.54595807124208
1433304,49.54072340624409,112.4446747740222
1419318,271.8586405860457,889.4270162088725
1398273,112.97924882065122,263.89638808299514
1445812,337.70265623130007,717.6515556460658
1445793,24.939163856156892,84.95853592257671
1403259,287.5163270644927,749.2841846840512
1441362,50.59249911429899,152.2872551809723
1403822,114.9960973211448,183.13937880808743
1463497,19.135644624633517,40.32205390943537
1459902,62.11561526749141,265.7002851407908
1447133,26.54585422651857,78.36046637513599
1465541,134.9162691054993,278.2533549077721
1395135,27.03906757981349,54.51538216339409
1463998,180.3329402662739,540.2811231567489
1431335,48.56372225383903,75.30658816173279
1451947,16.426354914287785,79.18489371281727
1452351,483.8005019415942,2276.2424046706737
1422008,62.46200412680634,187.9866288722362
1407108,102.47850008127382,422.5191725949561
1418245,205.85278795182492,173.96559317790656
1412283,53.55312566781946,150.59016484808697
1447540,54.00161904222566,84.46386947046227
1444861,1118.6140344214286,2781.9660744737976
1427560,28.973308987825565,88.7387200180958
1430961,20.200178269049648,118.2794276165614
1446837,100.65160288011874,297.74419919816825
1438511,28.03275779443152,65.88142948759794
1403595,429.55620949007385,1223.4754978172211
1450416,22.779344940256912,112.9890199545125
1400112,24.539249663098957,62.250920505668056
1416630,258.609476455926,614.2335817490905
1394251,195.1662279526875,407.0307435871733
1406464,25.458423190516267,145.58394292719976
1411115,26.32754732397219,48.60977620074029
1391245,181.69934154947728,823.6640076463741
1431987,569.9748692734703,1342.4029477414388
1465776,12.597078088740355,38.600342391650834
1448487,105.89112251229754,224.85949941591133
1421062,15.022109130280493,66.71755979000517
1413427,17.05952488955182,50.454720062335696
1430749,35.455256551303485,207.66843528991083
1390067,32.53812837286102,55.76459030970569
1398933,123.08953698593396,219.95299408506105
1419793,62.17671819739572,414.44329332025154
1448700,46.6260179780372,420.2414004579482
1434410,10.039824959747037,67.75077374955946
1463965,521.5479251349974,1667.737352272311
1394579,229.63329273517235,571.348583383829
1397920,77.9068880303855,542.1430869577532
1453417,113.69422337736292,399.4461247018471
1435489,26.23419665717233,271.0839180455317
1397322,266.2530763905136,471.4719408848695
1465762,22.94012747693692,197.52201728928105
1435925,59.158021759204686,66.59977252157192
1393945,134.583402102445,222.4469643625733
1396646,131.40915691619338,256.20446404630496
1445593,78.89158581904788,207.13568505824543
1428777,136.9731086617856,331.66190470923976
1410327,134.54157502607552,370.3692719479408
1439039,1370.4040657068713,3379.26217254984
1436123,26.61944029953234,112.55068622119757
1418215,146.143068215865,269.06239328164804
1403636,192.3092972047298,346.7617832131349
1426556,85.8615843349427,209.65466166720967
1434012,10.509214316520804,38.82542278473116
1447688,133.20387326621812,708.2454582463668
1452542,18.69420937759356,41.61374135590467
1414253,31.24501530874153,77.854930891169
1412244,43.15196276783404,114.04414519717606
1402866,122.64691676902814,335.19584984959374
1449686,68.87879315747801,105.74898232764608
1450672,213.12363605189145,677.1142969941947
1446004,229.71737308592176,777.8849921836584
1445848,43.78493891173457,125.8634536937934
1392468,89.04800159537878,176.61195156026878
1396936,184.3081561773972,712.1564437698272
1406889,235.48354945930672,524.9901221102174
1426360,15.253423692747702,51.01903660508238
1451876,25.68030865515382,131.0039799720002
1390699,178.794197677596,357.88745412939846
1419466,25.01433509943814,55.634854350959046
1411621,42.7411907038713,177.94450065676924
1452534,44.79554610556003,211.19707578179
1448168,331.7905985782435,721.8810942468388
1420711,78.71055364066633,159.49409639935095
1439654,76.18754172477936,173.42863014042572
1397617,63.53870065916799,239.05064623956525
1463764,29.041492948357483,55.79915085712368
1393530,33.21240141158805,99.31708017066768
1435777,46.027143323521024,177.80961530453692
1417041,406.1321714025481,1178.6697970527327
1406028,274.7263862369677,791.2978639824173
1395414,116.34498519221565,251.3758423157477
1440895,50.754713816098885,184.0512783734996
1462834,186.8614686151604,734.0173908635355
1463437,33.84397031962266,81.92584407563369
1393979,96.07643953247006,2975.0053076348577
1390560,239.9697504732287,574.7668500168909
1453048,198.29165788648567,650.4562999479704
1460769,33.55852706222595,303.2705484197092
1433671,54.739472214725104,101.96248680165812
1429932,38.12574830813808,89.32099709649509
1445907,955.5296094612836,3805.508886001815
1450265,335.00513701119974,1457.325437300003
1447847,13.477853343977385,29.181098231095653
1395413,153.77260168347638,360.3518392775348
1463288,39.166252369542335,181.7925212504167
1411577,115.4353861915246,270.316722226653
1444302,36.18316399837029,77.49981075065908
1401470,28.67132397952333,107.62417705392738
1463567,264.46311012113955,834.3308353963882
1463119,60.09790286458544,1432.3661152843283
1425884,97.50887216356998,326.5918085296383
1433375,553.1251170122281,1272.827218033012
1427348,113.62770391550326,297.2123478945598
1401665,42.85260796538304,117.3195939349883
1422796,49.14491264673149,264.4065299445335
1437448,55.52183425551464,207.1821076609069
1419630,201.83961628792093,476.1068984732501
1460215,41.22766587713271,163.9694982842493
1458601,175.5101824867334,491.59529856742455
1395940,18.947098440071557,46.27951302925303
1409148,18.54800635475105,75.58643427785923
1452205,36.934116781416165,68.48649468162866
1438689,501.19910159492827,1363.8280160185814
1449835,59.36911384677683,145.34329176987
1397180,70.34396430679521,152.04016139896447
1434374,38.191737631220334,106.56316942840876
1445072,115.62354256963076,343.3335962484731
1444342,214.65933967899588,518.1522710515874
1395560,119.76132383127728,326.5469981650552
1429979,65.94252922206555,106.99471248836969
1446870,25.948022839868912,47.373900250219606
1448920,30.68277445211702,87.53128446865712
1439610,428.1550298180455,1165.24516987048
1413413,155.1422674593064,476.0829449661332
1463204,194.08318567085144,986.4400227775144
1392559,52.801647666005074,181.2737430143192
1435532,321.7048989819728,877.5003035134025
1452501,20.99508606502265,30.306292536331608
1404018,64.72690891759167,235.6081669209247
1459587,33.83051938437795,69.19265179612704
1433987,24.487675155305585,95.75372373527824
1433623,197.1653077305534,636.1999790309295
1452933,23.32317742406296,78.46437303195944
1421161,115.78547507967428,130.26688356488904
1395510,16.93758551681305,66.71498781062056
1409828,336.67058787697505,1127.996416603296
1431456,474.7561076033407,1239.080371847829
1419676,63.96326116022714,179.45613126543554
1401861,23.57385099914188,51.558667030651804
1450696,43.09646882968904,112.2984075797372
1445279,60.58766324555879,95.2961476385204
1465480,10.554723540357877,27.92293983731301
1389506,31.81245414387676,110.37855758843808
1464875,93.91042241270011,196.9123007521223
1418527,165.021300288804,453.86286149210025
1428469,92.06060369557642,312.0179005071106
1433437,519.9449393369208,1578.637062428138
1444472,114.20602441172008,415.38859827738287
1394705,240.27972604360843,736.1808445371774
1445767,54.84759182169264,181.45431722771056
1433660,115.22065094622911,277.1626159331348
1438936,37.56900661165842,54.01392144251536
1425118,257.55461166800524,679.2452806072741
1424781,10.609826453241467,53.49956445105485
1406677,147.22188571408515,359.6090704983483
1413831,57.85305311168442,149.42317963164277
1433859,160.30506250071988,344.5386143550173
1390600,173.3614214507678,437.2438618015563
1422139,52.22449295809251,110.32508475176664
1398179,1672.9940544590502,3044.439212191556
1400158,330.81418463201743,825.3645735292012
1434940,63.38729165020639,132.51676468297654
1449906,38.017380740804434,113.30169772082505
1439012,40.910071642109976,73.89724175593071
1461290,433.6996089827358,1033.2933878016213
1462850,41.386407658453294,206.53004512843452
1427471,14.990081477704024,41.49203229465878
1426661,267.6863655800567,265.6202895113784
1403046,109.33042913251198,218.69737624665584
1412806,68.7190165580766,161.91738028789973
1408552,54.74079782997901,100.39934308330184
1459206,176.4012715985172,543.6550489841795
1412342,27.20371188278767,96.65254291923628
1450464,44.44458513256637,134.18301534287752
1432058,176.97157002117203,426.0233072389439
1459879,45.38358771567053,142.65505038476954
1460689,40.83053971405237,135.30324138499165
1392889,32.08691640935952,82.1502313094089
1388585,92.3770784989376,214.7891894773796
1459541,23.268439461776723,45.99136130652502
1465614,361.2806636119576,1325.026304612398
1389740,12.121694303226366,30.069899497931743
1413723,92.910906616332,324.3556277322427
1429590,107.30873337610056,238.01831530053084
1428714,77.33855557146266,291.1647889649516
1430554,18.27641410266319,152.22574525237502
1447452,172.38263382389596,385.5440178494774
1423034,26.284936866691396,107.670167003191
1426899,25.426200745751817,97.17130628160224
1410151,11.138899874868237,343.9654431680926
1449965,75.19489922620139,276.72175085679464
1422026,101.95947074254946,233.4346400200098
1392411,50.96920678010695,196.0108269879466
1434549,139.90095733017435,517.208332191262
1455891,19.15098847538237,35.220568993198555
1393607,22.661597737390068,34.12579884965063
1390164,74.48163481315281,178.20690812126716
1452138,53.586226790388615,90.18312991554951
1438034,21.86759909574622,50.40454085541259
1422961,89.17290474196518,174.71352618480404
1451045,34.28975991318316,152.26822983075976
1405286,34.82650199106025,61.71634000805742
1400175,297.8094605185365,1193.606100872195
1414484,281.3404227558556,960.8326021452336
1388721,40.961896330453385,102.04082240898872
1419326,25.121045821652785,78.62280617831955
1393511,55.784450004963695,127.28489822906384
1453093,15.962765810265807,29.345017812593483
1434259,51.15123984768972,113.09625638347045
1460696,189.6377723904029,378.8720158097103
1389929,135.3043365141239,229.2881924325104
1427972,169.81101220216703,531.2915139522682
1461014,1357.169540777148,3195.650613509373
1394119,31.392553751382447,76.68000898959168
1399386,120.69225447970196,312.9932602375389
1435523,713.0054078873397,2064.277796298955
1441420,30.76380548448808,113.42439147697644
1412004,54.06393319485531,126.78384020448922
1431930,42.49632475487689,107.86242496764764
1447972,73.86891316186747,205.4728607810554
1393429,267.23177450024355,799.4729277870895
1396812,38.586466794171045,121.44855592491857
1410065,14.402218701189586,467.6975306315785
1405209,397.836933641407,865.7845145868426
1403955,57.683499276059365,156.02837714737453
1425244,18.723966630831686,78.91796542260289
1440519,273.536313277687,897.1455393922732
1404287,230.3760282834193,844.2047718834898
1388708,13.32267706785922,31.8548928127064
1411924,40.41678188028787,66.27007239537184
1434577,20.077528681552447,50.34303976524188
1452859,14.239376548991627,40.57104551959558
1389734,236.2295504486946,711.8733649039058
1441652,1216.9983512654946,3147.684465355664
1404495,567.667759409801,899.2797960292572
1398392,13.594252099942796,83.82718389869649
1466166,27.231926884956085,105.44324593235316
1425831,91.56287121375269,187.89554044825945
1435575,18.627629792522885,63.94249799956032
1451543,13.221148708162753,20.85846573767723
1420397,34.00816184922024,195.87879315037728
1404461,98.72001888721157,479.9823447222426
1422881,24.08548044708798,63.59111701880919
1398366,322.82576150610385,908.927960190186
1408395,42.09640520342003,106.27519140159498
1447077,163.17496613369738,604.4505281825433
1453328,27.32390644299672,126.31166648830816
1431899,11.138579154087733,39.01768282480211
1442859,60.91615733749349,249.84678305848848
1441040,211.6787059252505,422.6463645404202
1440245,76.64817486431218,158.5298048173135
1399207,99.65515816035638,273.6478319041298
1440141,70.13085200978189,244.14022900388184
1439092,25.755124024376222,73.47668615400167
1433860,80.52802113932515,251.33754787744547
1412697,131.3878926872396,242.3761329558232
1408414,124.06895636124112,260.3617161770307
1447430,33.29694370560427,78.6220183297806
1429938,153.13306260879708,713.250189924062
1458705,91.12789545897004,330.2327449112803
1451632,80.41229696282734,220.40760067956268
1447346,43.08309970897015,200.82670551518515
1428960,36.48528259635377,80.62406109392941
1421554,19.915269757868195,138.37163920249014
1432280,62.21762585332768,133.24086683057607
1389511,19.82587731047535,38.69806400427323
1422896,34.28761407348456,282.50084261555145
1401845,75.92231796908149,257.38338581076744
1418014,204.6372035236949,732.4808433814459
1448535,86.23870301206041,263.235063768194
1428571,17.471418290879953,57.206607327410254
1465527,321.79669354606995,840.1608962931844
1425384,1679.3146531267005,4486.630309093246
1422659,371.3041831408618,859.8639992818307
1426266,25.82042373062004,43.09066841775613
1437726,136.14374205716487,593.7992534564124
1396636,265.7308668861762,702.1071277609158
1396849,42.07039138333744,95.5063551244004
1402940,64.32146554738803,153.9291117979201
1426978,158.40094475404274,390.797787362963
1464868,32.79156945349055,114.98027532479608
1448655,38.91290381314035,71.9235230659057
1443759,265.4304773590402,561.8477674887882
1390689,68.92391611768993,185.44423160786263
1432130,57.00963248533086,131.41088504728205
1452266,13.675655852731255,32.33000596619601
1389855,106.42719055736782,253.02301204932652
1422047,46.05783612661042,109.12225732610962
1426073,16.39879131859603,44.70318358502459
1464974,114.43817635666367,309.4215332653178
1445140,10.824396995142092,25.22413585760334
1452493,735.8827144964032,1779.2282263106
1433989,21.837953934041597,66.06915666022148
1422081,74.24730662193285,181.299488714626
1401318,20.534719051191185,89.76193877201102
1446726,48.91714248905077,118.40940104994463
1452336,28.598759855796253,59.918946019886654
1443303,147.16227320435752,543.9885759256713
1424917,164.01078515392152,397.4197245260089
1390390,259.74851414915526,782.9731032051477
1463606,66.41998934141687,455.456996406253
1442586,117.76377553942658,615.6424909640302
1451412,69.45443218235626,108.7403807683065
1452308,13.786283572374684,28.92528345995304
1449369,196.629346698356,540.6251231856945
1410235,141.90074105350536,429.6575093776861
1447799,116.69533979657376,310.84685969598735
1436974,45.81843892753002,90.81355527020962
1431142,345.8328526878672,706.6628353272429
1448320,144.13308354556042,316.0651617778714
1463578,21.07295447373168,79.88406047278565
1446801,62.617582240639294,219.79214292217608
1417864,190.4090487114793,529.2164702972925
1449979,16.830011581954487,37.63926561962138
1422767,154.69683709451667,294.8611630242004
1403410,79.91564209579212,122.61755208519104
1392430,621.9049137273139,1709.725867437551
1404810,98.99071678927862,235.9450270726477
1448492,1761.0388732652343,4028.1140906832047
1395397,128.81572692117084,565.8555030730762
1407505,512.0906240075748,1138.0370785169505
1416994,147.8966661201324,350.94392025914044
1391150,55.88070798082504,125.3318919263077
1389350,158.02646253936257,852.486427342907
1443823,49.369229204237406,149.7737086507626
1395358,25.7713594921784,41.34401791806354
1432151,453.09548294184935,884.2128631327274
1409814,130.36441532892968,285.90204121825576
1442019,70.94726664254469,114.38272037617962
1427935,98.4267162987436,635.1351790171184
1436247,342.5085454277652,1825.0365635071855
1402069,108.23516398436487,323.8131513041934
1424515,195.09224621507,467.47534202139
1453190,19.123900317323915,72.2695320672827
1453501,151.1923995024065,425.78647328209024
1430475,128.50870576736983,300.7535958106156
1404549,280.2744289214057,326.1271169209612
1390276,82.56880674167117,189.47850622812572
1460530,46.68303626457038,160.9241982650333
1401833,77.97538987246858,493.8511263504462
1459807,397.53358773529857,1706.2277499840409
1446020,161.11459558804623,395.6110839973371
1403502,250.62648371385933,454.4959100001906
1465091,114.39073847762968,442.6293193036762
1389354,131.39501367443503,267.9658109722092
1408853,19.56774849454033,71.86885836025901
1445686,10.640926013890226,45.086720967376
1401051,28.74505744536925,120.35584203457282
1460140,201.07061862766145,561.8035258024148
1426578,46.35298487690296,77.11117334886444
1413535,87.8067165863494,244.5096175077487
1399788,64.27406617267107,253.99305131979415
1460846,62.111865519325605,157.8515221386762
1460163,72.86093373843934,456.4596885190626
1405784,47.73368267597632,185.4546310695316
1388293,56.99304054800866,135.99652308270907
1448241,849.8882589528306,1170.3898892025495
1466379,40.13095059498296,303.714597019303
1426248,33.34443154166548,70.19283514483533
1451545,11.322358543481643,63.92207176875351
1424141,263.7090344880695,490.8923434948504
1435139,47.45712042921704,79.8982998498087
1451785,339.7681943085875,775.5296477106282
1440363,635.582295230996,2234.1909814747187
1444261,23.511295475815643,83.46101465999894
1441988,229.8838605201317,986.9291982049662
1428860,12.202464108443346,74.3294902392916
1466335,21.831566934688603,67.01634417415495
1405319,17.96343573033424,99.4182050921167
1445217,323.306729792318,496.6916687274785
1388823,37.87211107808597,102.08607004945952
1425147,228.92514737461747,443.1809150005005
1438711,51.80068629929479,160.90517899012656
1398088,42.03564236971005,99.83819986591472
1403142,156.36924361205507,522.2703179887278
1406049,202.88673361774917,973.8616972318132
1440077,44.90949998381212,79.451373005007
1447379,166.8601195902497,652.0506565116717
1449509,78.02350859524633,203.9580904341049
1434778,44.09827256958233,70.47888867530156
1389870,40.36125295187913,436.69388088226657
1442776,126.94878381426084,283.95419951142617
1424415,20.177781624534177,182.7347939777368
1414778,162.27898918757438,416.30204531503495
1389530,20.576805047995965,103.5070434352175
1431247,76.0775815875393,148.31875721896648
1459989,69.89306154744406,453.0448808784833
1452985,43.60104092183929,335.9440719793693
1450746,19.740607263793624,87.21056671416103
1418938,69.00255984652338,145.16131519128984
1417631,53.43123299907478,174.21054884410702
1451968,86.1896577359575,268.93220547966763
1398648,148.00137619486728,548.0432943939334
1450294,10.473231116680603,142.974421653551
1450942,253.24147635050065,1156.9385751917218
1460573,80.92084380621992,174.86080104806825
1411078,19.390303769139148,60.65837545329589
1425375,56.43767920331114,111.28601502034483
1392181,1173.0929355883777,2599.344432857506
1411843,47.810840309341245,152.87556724847482
1438770,225.39829740514375,568.1359679439445
1457286,21.069042821173998,83.38253971978799
1405774,60.02063088365552,162.89238578320837
1403408,113.40288833244722,217.2237346169159
1450688,18.90859239938553,33.247734130617694
1429058,14.825823189670084,50.11956160538356
1450180,59.26239441813134,85.73792272714277
1461285,20.695052688981804,84.72738992427747
1466120,107.03607355793817,486.6036583732993
1407026,389.783339557211,1000.1537150909966
1413766,45.30889139250407,52.97632336413229
1409761,15.92389206437858,102.54105257345692
1404468,151.24161559253596,321.3442578426225
1410144,14.75282029019034,55.19828517461927
1427760,17.82016090047031,29.661292030737677
1460221,99.6232425475361,223.27541168077124
1422946,90.31414730309862,259.3976791876448
1411102,81.26856678609575,165.34335508895134
1441078,11.531764750369168,21.4977050605659
1429033,51.48145414692537,186.26140480150264
1397312,230.6619538773707,534.0697618212032
1450376,55.77841625998421,105.8815399391522
1412115,23.0008590251826,50.06865469633758
1400149,40.30895560808819,156.47762866306007
1451132,769.2141542926435,8389.383338831207
1449840,353.3702893449071,895.8431458072334
1448244,61.84649639729868,127.43234070049104
1396313,87.99223042309802,185.16648998816237
1430948,77.31203340953503,341.591240968127
1443094,242.36371209450817,627.0874497533941
1415594,29.840239986499054,64.07078716869785
1451732,779.9708576395984,994.4167152450668
1435129,92.44615558205632,623.4706123884015
1445715,46.27110020785944,115.81955633403862
1404451,244.9004356807692,834.4173754568902
1390545,90.3085920720796,443.0665585155846
1465592,308.082094977563,518.4722954462336
1422991,23.44052862298304,76.99238466178686
1417934,73.48896008460227,168.7236551176719
1428016,22.97618607794572,55.58917178879224
1444878,83.2986740150854,196.66787988505013
1444499,56.51984598982794,138.41796253075734
1426537,21.99494058155127,56.23104093616167
1421956,112.50850737940016,297.1108314255752
1434825,154.76253920776233,369.2081743083029
1423759,126.99057823991022,510.8065144915572
1463810,16.549613254599127,37.15756423328418
1428823,529.1204140245219,1478.3455260061369
1422062,135.0235760529808,241.66499432310223
1448025,22.86176724581888,62.5673306254
1432131,69.60256538702122,168.51555849866412
1424937,71.25931233042365,149.15860323724115
1397678,66.48860610130332,123.77342580204974
1464248,30.40483949763564,74.68193664997176
1393315,95.78962178106693,227.56030453719768
1410904,35.51607268502293,79.13391479378384
1406160,139.38035728505238,284.82710363054474
1440012,11.19720324074102,31.16258141508951
1394874,174.30738681734144,356.504990643134
1405383,178.8892523643534,611.8754063057739
1443717,11.588918118169149,21.87042894701605
1419483,65.23060824098384,164.3091210807573
1444573,17.652685827531688,52.3927796388261
1416796,62.374327419498,171.50602555635186
1399934,24.02184724587264,74.49233062570123
1422329,149.1227996113987,382.18100879836993
1446087,31.86664537327939,60.47715881279096
1391987,81.98747795268959,212.56490041053257
1406977,57.61259261960291,165.40403842706635
1451786,93.83102931774572,190.70531589780217
1420908,25.709052352619302,96.37314659853908
1441628,192.10864813256285,476.4391953886924
1410665,17.22850150923736,73.61384023515318
1413661,47.7076839640538,68.53976960873175
1446653,112.65117949339697,213.39913941394263
1465174,33.70209054591295,137.19321472048117
1414040,151.3765083972616,310.0854886503045
1401273,54.29438018966167,138.78805367773612
1441983,61.6946114103598,152.11350190219133
1391947,68.13606345718772,120.75335580035178
1392483,116.43533907907054,280.8587465996018
1413270,32.754361532072544,94.19759441950708
1464281,32.10610358056065,99.26323893399892
1423137,83.36116462440053,166.50499406708482
1400566,107.56721234228452,290.18347462663496
1450090,26.0329155503894,58.48561079552569
1402211,178.93517256990677,521.9512087231788
1447322,303.27513554141024,835.5950764957342
1397599,14.82559271040229,55.08646742249744
1436948,62.38554347757649,149.41565630787647
1453429,113.40016378373772,536.15677045815
1418806,17.585829292844778,58.944040839902485
1446462,84.53093805426967,218.2109963407765
1430071,130.55781334278922,240.26912221736043
1449991,38.79833704892079,88.56811848112244
1449177,12.264006501558866,26.389906361646805
1387756,16.243561828353887,67.30425881255213
1450001,15.975420021540776,38.97318649724591
1436859,38.67498886563641,142.1090839565697
1455530,261.38691346357706,1122.9972983219582
1430381,28.115838099629453,67.83801272426122
1408126,109.12342534144824,260.6102230593033
1400512,42.127121346252935,113.06051237563364
1428023,97.63605894733831,259.1728526396546
1465065,48.1537989603848,134.4415485705239
1429891,56.09136062307952,115.80499894664604
1402950,30.6320531736125,81.44260414523279
1390020,36.10214585048581,98.0546584624432
1395250,127.2646553900926,372.2216792429948
1466178,157.76269966807862,525.6779788314077
1426535,75.58274291798675,251.90775615293128
1445631,570.607188329764,1515.7142431899294
1422727,26.41735296845211,64.74508374622393
1417770,117.27836660083774,248.3439747174945
1446098,15.73295539190713,52.160925887226696
1401611,21.80245318863418,118.96400512450889
1452745,122.7619707924258,408.3540397553283
1435275,119.53905408592306,397.0293752737256
1457169,1236.9401079375534,5255.4565441963405
1441310,21.73509060860864,73.31096217164546
1432987,59.91652120972402,212.78591572317976
1438499,175.29500093598213,428.0530938729557
1450504,107.84490386535614,164.9177273537532
1464927,19.694180487036085,73.64530208678832
1396683,16.804492941886963,38.79737992475323
1397389,23.278058244513637,59.469025061338655
1403961,68.40656395787713,88.531942188458
1430186,620.7299804118443,1846.6632885828528
1441084,59.356465721039946,204.00978240292943
1396901,46.818245272950136,115.7186784662065
1402656,38.86861189902181,114.71448805473013
1452578,22.898052532130265,70.52162949115134
1394621,47.79002240044837,99.56880817634574
1444153,12.572934189647116,66.14799138711552
1398025,97.19449397898502,222.66295356651733
1465277,71.13206778561589,272.84742430795364
1435125,127.9289722138147,262.690486227496
1430506,135.2218598676485,317.62022334329026
1447607,115.92918987101072,244.8445631409481
1412987,274.01464424355987,303.1872075970296
1448973,31.37069572989388,94.29802086019318
1413582,83.99311856556324,208.58991620116777
1463236,11.100246813402771,22.17447302525552
1424813,69.1434009582927,114.35466181854224
1436010,17.642824466840338,55.48571463959709
1447996,61.13886374802732,146.30150224492803
1416247,27.70634877184936,55.242783566013145
1413568,44.56853177053246,108.9286166955695
1398311,233.47177232120927,654.6255719906508
1427784,42.56441729241079,140.6489278247594
1465137,31.273702845435217,102.44371867816606
1449989,76.628271557463,267.24302378812666
1428317,193.255863856398,639.433636768765
1424902,10.314936598311402,41.83483139137115
1419693,26.06260724147405,57.29346741880037
1400681,209.54958966015775,1027.6120114059347
1443711,24.469642187150843,79.51750407605579
1437072,190.366375478926,452.0842862604468
1424842,1937.9908919497077,3246.489666541334
1433704,93.76282560668668,222.35946749190023
1410880,85.16121371035578,239.4903864835773
1400734,165.66184644849835,483.3760167908482
1443049,86.19682419797515,142.59144459871902
1421692,84.66202128035177,204.4240351417536
1447557,160.45192782353368,379.9461041126834
1411656,96.90370644932902,158.93794182346667
1442038,518.673015502511,1250.6673574712386
1400524,21.340923034855283,76.1214743177897
1398523,27.424992455261467,72.88735223066783
1436853,17.308094071363946,22.2859130638722
1435583,25.87300003807048,85.93924137115722
1451432,313.9828881412679,710.7614266396122
1415984,71.16068825947741,320.74117527266424
1463848,12.318022240677225,33.83113833513647
1437690,280.0394312133529,1440.499451349452
1389395,226.34997406183388,641.6696711025376
1424707,237.15862048752217,169.94144327135027
1413771,21.14538939409728,30.50663117836689
1436138,735.2418619347603,2031.1295393326889
1409078,1224.717951774163,3819.513865634165
1429558,84.34579410358538,412.82353656571394
1396650,91.14810236732208,263.5598464358962
1453358,36.03904472257391,374.1788768846905
1412905,117.90739074332926,215.81718442882948
1418533,42.9449723511466,128.1851716892815
1456103,12.887825629847658,43.58158717317653
1440967,119.38273168790757,253.6348691089664
1429841,59.33364293859391,160.2019753412766
1437894,30.65140688621376,60.32366576516237
1449250,89.25076249952062,206.7459169583212
1444940,11.747960312991536,38.44085218675512
1446991,245.9576774714106,1134.1445598003309
1429137,19.258252992537923,37.25254460823507
1464399,54.7897554332519,215.86438601058128
1441156,39.28069369175589,97.2983235406976
1449685,172.672247701802,876.5415664294371
1394186,63.90445437459341,134.8010721032925
1445695,100.45536488314094,181.3286337403163
1422892,170.71665079144523,332.52968614469074
1429990,20.72737356594905,139.85101005345257
1392774,129.33930375057372,383.2711080849072
1450841,30.856135772993262,65.87454408353348
1396206,77.0776815308332,195.38074009861143
1391595,59.22624856980895,134.73548976042434
1429193,40.12702018619773,98.25192127061791
1431748,12.10500756279855,49.38585670095622
1465729,13.2321772578165,30.833590760418435
1446649,94.31617363006129,307.45815205029663
1444313,289.1682677318748,1136.2365615243907
1394359,28.90086496905534,88.35023853547312
1451166,372.103211446274,995.7831711351836
1402630,130.05994133084556,396.8080030917832
1403281,78.75415518185484,263.7487387732573
1397109,25.859807530344195,55.466308598041365
1439994,39.995031433477855,165.63667675197627
1429197,38.492697704145925,109.9130840167576
1424202,14.10605480090611,41.28981068904466
1417623,48.72981517030829,242.90274991074173
1453056,79.80969295722834,141.4014862232623
1408155,99.92238603175733,206.96216278493503
1421102,48.47095106367512,144.857093827817
1429256,42.19503522990347,101.10453436654709
1391248,291.7525877611438,1003.014344955434
1421800,152.70630037286136,455.2809015268147
1428149,42.65444338596951,59.74921453772805
1449718,72.20634997087168,172.34411838578967
1409324,26.05502367001218,105.75650016683755
1402791,45.132347446101896,101.16394919616478
1425448,40.9894744744825,103.50060918512904
1448412,187.20835331868795,492.06338589074494
1419440,63.30072000246473,129.98550338217274
1434467,79.99998389256001,151.58065009579332
1448554,31.287335577709136,346.4565156494657
1391873,12.09593333797091,229.21727828560188
1452979,3155.3410270316326,10782.83554974886
1445744,44.66785873650672,111.9023206490482
1417144,110.27094747779569,191.1975138972449
1413425,14.627819472446568,28.14843080247466
1407286,284.8568073675806,549.9295082900875
1422699,26.09631098982608,77.68930203469965
1450067,145.35169185313993,431.8651230597765
1465182,14.989703910005058,32.3329625078812
1449231,13.89680193798228,56.934654074909936
1425079,449.7355593103028,1929.3134192702416
1464093,19.66042321282743,55.9281682199092
1401444,43.30363198788525,308.2420927075495
1428723,61.117939617373054,139.3775680559359
1409645,31.20259649242315,59.02755897866377
1459749,39.91380878830925,105.13464036788604
1412953,16.151584541592175,63.25516611277144
1450044,77.36502490464696,184.85368495125385
1412013,443.2716038070435,1681.5145434079934
1393726,43.66038792431917,165.47494996983
1449694,89.02808080852785,181.29556134221025
1440474,727.9592106222858,1709.8790732802493
1445810,13.20815520521164,51.67072817940218
1433949,208.9507384806169,667.0705874623408
1450988,49.53315808590938,86.85077264747123
1414501,78.21966970947506,203.39098651591183
1451303,389.1659540331869,830.6167867732805
1387470,175.8249750189402,559.1188007810717
1440449,25.57702520575739,55.78481475094547
1441780,554.6454488182334,1818.4633654085187
1451709,30.36306836619997,61.57318231473506
1399515,34.97577264038541,95.00114574655072
1430853,67.60031432236143,156.85837591362335
1467961,38.291708747077394,168.27220486088407
1436516,45.51247545889028,61.03730916581614
1447581,319.50417110570305,924.5292276637808
1431177,18.09964796267866,61.16523333515199
1423393,20.10930361574741,33.91228061244844
1446694,86.51845673499407,477.6018591162759
1393013,64.46450768917413,361.1755832989088
1405582,62.43886986832855,181.39786797466525
1453096,321.1963045148089,641.6714894401412
1425063,128.4125154208646,310.1691739703376
1395726,52.39934113811098,112.37103863581136
1445484,52.66530240154764,151.37918059419874
1402070,50.80394552215787,107.07237310270698
1395071,112.56460471505837,266.3845784819608
1406379,32.47080103531679,88.02876958677307
1413117,36.27459665501557,173.67017850749076
1463199,30.59354873815816,99.83836072528584
1392686,778.11015832546,2467.7174823125006
1429896,107.38083437144482,288.916314886051
1452378,66.22998521151753,289.15973752714206
1453195,10.191379573855558,18.399551286895747
1389691,54.80500661899087,113.1511294817695
1425778,80.29437830133305,205.59542651345032
1413958,39.75050912532091,60.43816735538138
1445734,64.16884087193058,200.204673721007
1431381,641.9911494603194,2433.648499126466
1401447,410.15565603604,978.6388149014858
1437048,26.16692138040882,79.92772475994707
1441430,45.75806145918815,107.67745190849458
1416390,787.845622517471,2135.5838624990392
1446198,137.11153012963177,424.3213899883911
1458237,54.228670132858376,178.93218004409712
1458590,68.40387080465979,181.79884677153905
1461064,11.320109289830112,34.729840145983275
1403594,58.53291696385357,239.73807818072277
1451784,115.57541852658233,492.0180374021392
1411254,74.23980980058589,195.1764403309633
1444728,336.8385561305614,709.0292637423778
1451033,47.31593155701951,91.67253646353171
1452264,21.5418223538005,417.7117484724929
1436456,23.678071074116684,54.90380830374768
1441845,24.87398973825545,126.52785957082936
1433083,356.2385533609764,1049.4530548521054
1424963,27.26253058152288,73.26689154274217
1396350,19.538298988563383,95.93963179255924
1426611,810.433752099472,4209.6198197875165
1396993,86.73701713069018,274.90456856938334
1419898,263.68888863969954,601.071449455757
1410311,101.3299111040672,295.50746924265565
1463411,46.875771283804944,130.5164383454968
1446050,31.11182304005459,109.32017814240004
1448906,77.67038440971146,201.8449991199328
1439448,22.36464484121059,37.372713891327805
1399979,39.0264789392088,117.8083275098347
1409905,42.55086966757321,105.715874270031
1455715,19.07394756342101,78.81069852364217
1447908,154.5018995463452,368.8579358019613
1401394,25.7082809896278,104.38698258340725
1413701,12.597695430186892,43.71526613415852
1431568,291.49043139758567,817.0422312484117
1443381,20.4623761608652,35.14237227695021
1418665,27.936926516952376,88.25111669835941
1388428,618.3060986448188,1818.9732698165876
1439898,107.62353297466774,221.41044599422696
1417005,91.20101174317185,209.0752431892152
1436170,48.73531794954029,117.61319665241598
1430777,224.35368926561804,615.5809176008827
1420284,489.2538530227794,1372.5128601176405
1448575,251.55540396272383,782.21426237486
1446146,52.13006506261973,151.3373494962744
1443594,24.315435823243156,70.10777798357972
1445296,17.12661047452169,232.9924902397524
1402157,33.9819820174744,163.75701738597132
1420201,314.7024142286885,699.0380780526352
1395525,23.73585002592616,84.68847198450896
1434391,48.24292783519115,91.19440315461652
1411518,86.74713113759903,228.74163462100304
1453444,52.51859091648207,165.4141177949914
1445565,11.420788373662656,31.789385112497985
1400351,23.12942988065704,45.33363379032523
1445409,22.753085257130017,49.5108253511299
1452908,183.27780783090628,406.0027099080119
1395020,78.6442784025218,285.67187743815896
1422561,29.86775154344333,106.30576452524834
1418353,152.29197837796852,10799.4818747433
1414672,16.459971141225033,74.70859488520072
1431197,26.62674976273324,72.61140691752551
1418943,322.145451795027,761.456321957564
1390184,30.555848834409787,116.68295711040292
1420184,56.21705347937166,110.24549731332463
1423041,93.85891990561848,178.93645252417474
1446535,109.48660647233308,236.86786617752583
1451280,65.61792437025085,140.44814452510974
1455924,107.76451063968337,345.25217107464107
1440605,32.57930268640422,220.68629597572448
1401986,14.267113018950203,73.10755882314282
1445701,109.59214415691,310.69318382003485
1433528,45.13599639887752,70.18186703477474
1465619,273.78093177572936,554.5468769611241
1395747,67.71006730704796,170.87195348678827
1410165,21.035797356000643,38.49709524119034
1426481,25.10648194885125,26.45414417659748
1452720,23.42530716010791,66.96103781386283
1431225,33.62003473376036,66.1216084678483
1390880,108.61833753008956,342.90634653123084
1445612,11.967100977863744,22.80043143847572
1421137,54.18774949738235,213.82014612069025
1460594,421.9659270925235,1779.0923204748556
1400908,446.31052378054784,768.2577699643347
1403108,297.821459921958,1358.8722196336446
1419474,56.11329586315366,170.94851506876955
1421053,12.11198177169466,83.2131924841634
1423501,62.532071310514446,176.79952258136058
1404154,20.835955124388743,66.53993692909955
1431705,175.88411097417546,330.4923372259996
1449659,93.27000659342497,266.9852842814236
1434969,61.25391334452972,173.05088988472207
1445056,18.824652699641035,43.63833433251178
1410147,246.58601859362076,372.5447175585285
1465354,301.6433675759006,1264.2045276157194
1413564,81.77079161980352,160.29236610098474
1388822,32.344517284438666,111.5981304469025
1449167,11.932466688420051,18.77933024588478
1419026,171.1924512047178,1064.591681308774
1413226,87.81324766533608,243.3917884230533
1424554,94.12670657883749,346.77644215216736
1433899,22.002253373465763,47.72914945767433
1399972,172.74688666372546,573.1854171170884
1432754,320.6734170901548,759.8633383345299
1445044,26.217468027811968,53.540465185535936
1423327,19.306124652920296,49.25181887954736
1400899,56.80482044541591,126.5868242677788
1447324,16.971643622548953,29.88674934191222
1448928,150.79976773083936,254.5219068181217
1392499,86.18195328627732,252.4967500731556
1445540,10.301377937109482,79.11609316307782
1414190,18.012122036280648,32.51347902320696
1435813,230.78524424876773,438.26705007881856
1434657,54.64610525238056,185.8576384005554
1445004,113.6548102178222,201.9270762279856
1445800,12.48788693643374,59.64442398279392
1463118,1852.4636157339933,6260.686171234483
1427858,29.38056016381941,92.5577556437748
1394669,39.52005722017542,91.06603257927866
1392368,19.533200923712265,60.50638109332819
1421283,44.254375289841214,184.5668665601853
1465222,298.80412779248417,1466.53555794821
1406050,42.15181038343411,111.45869228010208
1450196,24.46022052010017,87.14657339568505
1448638,21.930795856029256,40.40957182993122
1398949,55.076859250011,112.243365018208
1431367,39.04762103825613,119.16636399142358
1389790,35.13293246843203,113.25926224091484
1460389,261.8360223024298,721.9255067871641
1439710,381.0288671413088,795.7179941741097
1463011,45.60196717438389,118.80349965732532
1394054,22.1392529675362,50.52139841459927
1430718,96.7965839836204,564.8083450700032
1451677,60.19089062433951,184.52480681712368
1440585,27.39069735256388,94.7980432292084
1452040,32.943838437671765,71.53989817317962
1446126,440.1083675464956,605.6212682585652
1448823,72.93255117210823,124.44144462542238
1430522,85.94730121243356,190.3291646886624
1463282,275.80490471351914,888.3426012342846
1408204,162.36481080537408,250.3571905230348
1396893,495.8829042354985,992.2877754658158
1402430,246.8458858865406,688.4608026920068
1397263,46.79458527236574,77.00154924170901
1397016,271.0300660286801,589.5559622423704
1390897,174.225312112136,334.7934094223557
1446638,30.80988989384463,196.30134694075676
1452826,115.80938161428148,257.8533400374212
1423160,96.9596009063338,222.6392217083162
1399285,107.79963921618504,139.76424595623268
1415064,156.59811564355329,377.6790607831933
1445454,238.61174288324543,478.5398563283556
1414968,11.886219693608169,19.73396562565097
1397618,76.36099096854177,148.53871608618357
1432336,299.8036312446717,901.0944195122344
1448128,25.61550219490621,191.00662431060329
1466599,61.83501864876703,339.6590996331469
1405358,376.4815976808054,996.218338919542
1463950,211.23924052557365,1293.108297522212
1425253,99.54831922527362,322.2519378376924
1398177,47.45348389238131,115.87864342772622
1401978,150.60325901288817,211.44645896921412
1452502,59.08801834220424,123.38689026244724
1427840,139.89415020942394,285.9772137258618
1464858,48.546336031434045,290.60607387722786
1391961,24.23613732624669,56.341265972722
1391805,11.32430254432204,130.13897812574362
1417572,256.118699708286,689.6626864046716
1465865,357.6914632536308,1089.6475638767088
1421700,86.08896000968647,150.83447779026517
1431982,122.76224598444855,289.50838782211764
1415888,313.4536185034852,760.1482449233091
1419990,19.136046238940207,114.9356527187157
1445901,31.65480614974978,87.83517811179571
1465524,475.4746843491299,1476.7910119284102
1408133,488.6656961543504,1434.310475074226
1447484,18.088995354501947,29.29347173581188
1451325,435.20836819829225,634.3809441906462
1424504,44.347652622868544,109.32117566975346
1402213,18.646739536899343,47.665703620470765
1404429,101.07917734617644,164.9093352347517
1399890,14.734415751341707,42.97980461534107
1446769,203.5935022710764,695.9288366857752
1390860,129.69333283894696,291.9332151719512
1405377,40.5817907141712,102.14980434207456
1436008,10.976249734657666,25.218971606665505
1408336,146.62793216208684,300.24913935126034
1390468,13.435486139394852,27.672330518803204
1426237,44.36226163170414,118.514974177787
1430675,20.7449943663498,63.028388306201485
1419717,30.27930390460871,82.2573891843705
1458882,117.93095540687553,529.9284191600531
1439900,167.93036751131154,514.869238163164
1410307,62.35056412989714,99.1674833859412
1392256,287.599269314694,664.5641681784265
1393486,175.99579446116093,401.3202802941202
1459235,49.12268423154909,65.17426869892105
1450577,119.46199822004552,767.3788363573822
1423676,98.99042509466796,387.48853971510925
1443101,105.59953439843058,335.6698914424815
1392398,149.8620158462381,410.7564845700524
1417067,160.05814039007714,467.492201522719
1430517,246.29236123938807,611.7514911928891
1390730,68.58332619471766,234.6855446061436
1388012,32.9949933344232,64.4762922097866
1433587,162.53048462792498,341.9805629629057
1460314,134.46357761915542,287.0944144295311
1432992,13.176574348727238,73.40790032738447
1394610,11.824327662917536,69.14315572064771
1409956,187.38039311081596,431.7881314846302
1437575,29.434544281921823,89.35686839448019
1446015,27.074745837025272,67.87569482198715
1453289,1398.7042745888234,2429.446509262887
1459315,79.49207624846602,197.55175558457583
1441178,13.872436229594316,142.15885903816869
1434407,52.06312037861141,184.7145629205264
1408184,14.424612048637757,64.52048879166661
1400774,39.90551397510947,73.1303094873976
1435291,171.84624790364668,363.44899785120526
1425856,74.85514139777715,146.11084853654555
1466270,60.648185445760525,117.0604512913409
1433311,51.90687965678541,75.35503725852485
1447593,72.83579108582322,241.15617533839367
1415763,200.4343519092882,544.4988415138998
1439433,243.2673734260884,906.9460360626604
1439310,70.87683486610169,170.03457834070517
1424430,125.30465746785318,296.6676057601909
1409057,1278.803826732043,2938.233154054108
1427333,12.61008895036422,25.551000381386984
1391782,38.939346171280185,78.57559053173378
1395517,78.11599557548263,291.5992035663532
1432865,53.93030548690184,294.987860851635
1443383,10.695618972578012,90.44210008425205
1412616,18.604574402912373,48.21600382411795
1443410,452.6232156674415,953.276894919422
1391974,148.02331425580846,979.6019910601344
1389158,344.6081276095366,861.750485871719
1432822,51.48231204006137,141.07911140168358
1448162,105.03104512157584,332.78434795627754
1443285,125.49677179283916,283.0072904784564
1394149,219.20159421183368,386.6319498411951
1389137,64.74835321494686,285.981544979874
1444865,231.53734741200336,660.4000477352931
1445614,59.46606087019193,105.11988979239256
1395832,84.68994993371726,222.96469730031845
1416885,64.52019997331817,123.37409844368275
1449443,59.29742518748538,136.54596988392495
1430063,40.05766070242616,133.93544847860562
1396440,10.047147311218565,31.198655232902503
1446251,275.3243931294027,721.9304312624981
1434124,71.55561478945127,199.1569944858262
1448995,12.552051126021896,22.951395368538925
1405958,38.41606915083264,87.47265626116003
1405182,106.51814397638408,342.21254860110434
1453360,107.3848119825017,267.8209188157003
1445144,168.14555758482848,437.9736124513358
1414467,76.6216053152726,180.5213213111643
1426644,114.54201425703988,330.5781087620504
1414050,141.96768492292443,536.6822470904972
1450062,282.34981572567426,394.894617683096
1446614,314.6638870202975,669.3321222783612
1399046,43.9148300430585,118.22576887510644
1455657,960.6010322715348,3413.255427524279
1424459,17.630905306654093,67.97773139542258
1442152,88.57789651938508,246.9020635309732
1415684,54.362281227406605,155.05505674376144
1390528,27.981464273460634,121.981279073878
1447081,186.85601811358163,1762.721115124711
1391674,90.02010103629878,409.83153390056447
1445430,118.01952036477492,388.05299247939206
1464848,215.0708454736493,1705.568460694471
1452352,305.7655378224124,858.5016313619903
1423640,116.21328416241997,382.7179898514781
1422492,84.49310571488728,247.21288443244015
1405737,34.94869270952944,80.15115436193996
1390028,32.54164783235616,82.46799033056621
1446521,587.2996889188304,1042.7898935375777
1436777,18.044990443537863,88.11173516189152
1432115,158.4300290817074,318.14500683121685
1401856,31.36413751404613,58.609583504385945
1437737,106.0271441072041,334.3729742725803
1448180,131.18733741516633,153.7664627325757
1418322,196.59421988811664,497.9506695961924
1450427,60.62787667503334,149.99426158805662
1449374,98.7142070326448,224.50587147077096
1402293,204.66010841121317,578.6066298514666
1392182,646.5173069791749,1902.1837746553344
1437127,230.67072003445972,694.2304214012308
1427731,328.57938822350553,760.1053988593917
1441496,99.92833758825256,133.39018598742078
1411436,71.09640362779625,314.5096102361596
1462950,32.497324086861354,181.2935260109429
1423014,248.17422245507777,659.7125520709601
1444209,122.07455996382464,266.8790890279723
1422662,36.55337906209225,79.28854504558473
1392784,34.88563938083677,149.8431924716489
1426743,189.51051314977147,917.1974117735124
1411728,170.05737530173468,469.5086084532103
1392252,35.50043283215407,108.663515396682
1420309,34.06081627621901,84.18141617690694
1445870,312.69408942084794,819.1212711567981
1450994,102.41600431877198,257.7099130674452
1413261,88.02399525666748,222.6442001495952
1419156,109.78985579519424,565.9845004451809
1390786,183.9806109958552,278.09783939467246
1419352,74.71014381137532,144.30931514518926
1446205,20.04358348200788,45.61760027541644
1418173,46.43826847604253,608.8802067349787
1451572,106.90990399966807,338.93507220207994
1417782,123.34778479521736,130.39781591642588
1406641,37.46173326007477,124.1486927360028
1407581,19.43787087868884,371.04473190902667
1411463,38.59575556381371,168.11372996212853
1407268,261.4519010465767,646.7335432467873
1430314,19.997568854579704,67.75763407150558
1416856,130.1185671233455,322.9244787645948
1404918,204.28936370938607,364.7027289879487
1404279,248.121659804735,734.6218527995632
1419828,13.95003219532877,52.78933819678764
1428813,60.36807926217325,100.2212828462827
1393880,63.41308604057857,202.08420266612015
1394729,32.04836615611908,91.69172575576884
1465196,51.122079443365074,104.35796417106474
1436762,15.590462470446196,38.80400503356776
1422258,24.3161949755984,80.05155563632871
1393606,203.3916531935413,474.5588624694851
1438781,535.8948055947375,964.6324758149352
1455850,24.307295801821255,77.42558743121675
1444370,108.7664283721944,251.31064780542843
1390188,26.331511816534803,52.9626066807634
1439492,41.91522299101445,145.34223457862058
1415167,11.747276741985369,42.64497104913804
1401959,37.321239248055534,86.54772918244379
1419280,87.91304976346873,348.17811604363027
1448177,15.573839487929911,55.07108307065988
1388831,22.04194679210442,142.15390542948074
1419616,136.6138524249983,347.67716781567486
1396959,28.68575961785881,65.37642889690557
1445520,37.1616919896824,90.76174938256489
1419765,29.0871090977274,87.67427513975767
1430593,54.80338979699142,261.2025026576239
1435152,50.10972769491728,141.42921426159072
1416829,17.439591980776694,46.215694332552296
1431412,78.308742615805,315.71597947228685
1439071,90.8865335743714,287.1060944728404
1451198,1063.25798530004,1470.3070753221552
1397112,50.55144240584752,93.4122744688883
1463173,47.2976381013852,194.733687833184
1451966,40.94409519291714,91.12640090936738
1438546,27.590091996167992,124.7569552983926
1391698,168.46087604290454,570.0214475363845
1403115,78.20207472471725,79.93196771522766
1423000,184.97537948187983,403.421559763161
1463904,77.18294381651255,211.11028670072488
1446767,150.15414110920807,378.5119358794118
1421039,93.76766250508894,155.54446377413436
1399639,61.68969254444072,158.8625269147545
1453281,20.35437323572095,92.04613626130764
1465152,59.55197143415481,146.011137927752
1408571,110.3583340943467,332.460596447009
1395347,145.08187079351708,269.00682516670946
1403829,22.385228261502053,72.74565865153527
1403913,42.221946328684986,101.74631687571414
1446982,25.374018254671025,74.632553171253
1445716,161.78296739524978,325.79630938205975
1391460,16.582043390680553,55.86796083469482
1445423,78.24252223434709,297.8181818490754
1400163,423.40415367440994,1358.9647984016106
1430720,53.116224506850685,198.6569706486129
1446994,10.399131777275668,15.608448923031084
1421909,117.91074066162383,259.4270696620517
1446148,172.69894510386158,475.3087587227388
1425539,99.90970320980269,290.24058852309105
1465216,36.82964752302226,125.708168268172
1448430,43.03114324939973,64.06227566305276
1414072,217.8733130890474,547.6117071376347
1452443,76.6949667414344,214.18840019271715
1406581,41.192688176483706,108.25974243216038
1394083,30.68641558075644,44.55169936575842
1425617,58.51546794035246,130.0748828617492
1434469,54.87346862812203,151.03388535418935
1406648,25.98950984331705,73.12597766924108
1405103,42.62658965943081,112.89702892510134
1410489,10.888232108956332,61.08321188115304
1424539,39.65935078701765,68.9338348590989
1453070,48.45057928196221,189.17127920304787
1414404,53.956904689051285,128.03555362909884
1450816,604.3609559096473,2156.648205064421
1447687,22.09776120710593,68.2508245981216
1430018,242.7917589509572,472.3686986652591
1407514,59.47111086356925,205.06880982005157
1448695,88.08474456348519,145.03325160694635
1419335,158.4734916288124,656.8428707551459
1450091,61.68850473692476,138.6571651524691
1401780,64.05820578692371,200.30258622878404
1436868,51.25007645735014,122.50734983134754
1390798,688.7534226553469,2261.49734187633
1428442,124.12168726958446,328.50457326703065
1410927,104.13316489304653,327.96977599023927
1414581,142.0295182040805,615.5377729636334
1394967,161.04446698554898,400.2218997175388
1441243,24.54098549132321,49.06662827067778
1414868,1730.07359316438,4414.974683913661
1465825,68.95142637565502,142.2039572506745
1450222,135.00622836234726,370.8891126957077
1464973,100.08814107188724,155.0648065501929
1464932,119.89656054498629,316.64628185759784
1446577,369.88376075552833,741.4064602692054
1453354,196.78297825528725,472.5493547800531
1426522,137.43373097117134,329.1804093749035
1396723,102.36958618066912,263.0896502123268
1437182,84.84721285802956,146.33718437272006
1447442,65.78281904265111,185.05161766225032
1439172,43.89184165876388,80.33461787168979
1408546,10.916498455790109,106.55998165481564
1450124,21.83565471076281,19.487670185480663
1393573,42.8865801284439,110.66904109316638
1395447,11.937205271660975,23.321529330534304
1412632,13.145940327132084,106.57760123890314
1411481,67.37049650919525,132.5847854418808
1402825,16.44288100360601,48.58845112382767
1390680,134.3340367088791,434.7999397352353
1440438,131.41111485654963,341.6291535777263
1450771,74.31018626262728,230.0361932745464
1393853,52.00523372883579,106.65427400191751
1432361,24.938144880144872,102.02846519461012
1390392,33.3743067782407,125.64853044474378
1411631,387.3511430303785,914.2492663133374
1461128,34.981502053241044,73.840118682321
1399760,50.03838682200243,77.29996610112188
1464416,25.753249213253746,29.557456669584106
1448679,22.87988746400265,38.3559633940877
1391285,261.0053011824981,419.9988523982233
1459047,163.69750883807134,476.9794983997814
1389501,26.40345435577868,71.90440893421346
1403003,36.70706746658913,111.78507108099136
1438353,18.205652308652976,32.50488725774372
1443642,34.791604279763376,158.95372018303323
1465959,19.482299424860724,51.11588309300377
1403067,237.8551850337853,572.296058117318
1396994,104.31317972675866,269.9826092448732
1421472,19.9166061690272,39.44085730600201
1390109,14.54836015714938,31.02639630346098
1440281,127.79169181843297,548.8493985107569
1398393,41.69555888319962,127.21865839245535
1449368,48.75753825564658,145.46095434403634
1462803,34.388886457313504,171.64489764955871
1412044,82.03237089387598,208.37315210151937
1462980,36.74090719387133,120.58860060451644
1446184,32.684331842074336,49.45034232282035
1402792,98.2294613193898,231.58758330082685
1438975,425.98539577214586,1270.6861688862807
1448150,500.28052668235705,1280.4923646229645
1421667,328.17550398760227,1004.677329050541
1460611,270.8643492132602,749.3119841915411
1452118,39.24698331941216,100.06625246147811
1413947,115.42684439706557,232.64557781913453
1459197,114.11366963262942,379.3843242457526
1420176,16.201512948871923,122.22559144240458
1414479,42.81804986339841,75.42661676779547
1445696,51.05738770872456,101.69822255430634
1446278,37.60069704147189,100.24814289555876
1431251,190.4979107983819,602.4767236002393
1435059,26.950711082986533,90.118171067641
1406860,113.65196354381033,298.3832092362962
1453193,95.590363707769,224.8576168626317
1401859,76.68337701575855,146.3070457538984
1459068,207.51627254029336,407.6703655639082
1397616,24.055202725769547,62.681511615414216
1390009,15.85588108515542,46.32265005371245
1448798,99.56364098405103,194.6637173057162
1446904,21.24123038040723,44.14578696669209
1444150,91.69717559664817,286.2900002121042
1449430,159.1259993044158,492.5910786454423
1464448,44.05186372710224,100.31020781229492
1439563,22.649528865852727,58.524029601500565
1390668,33.28086234692846,142.75864340129036
1447411,55.95109958381813,145.82435883207813
1423221,164.88171385066988,263.5204596190685
1391635,100.95952288187884,274.4492220072689
1411196,97.7466029371544,239.6688278117425
1432090,97.19971547630152,193.0891041396293
1425482,79.56126341140934,284.87538222776163
1445365,57.50584405738947,134.4651432060893
1449512,12.275548624286008,21.608799412047247
1426576,116.12342782618128,416.2311835909061
1403297,43.06147847219898,86.96977008372602
1415484,116.63143439467322,315.381047806506
1430906,42.1204223208952,104.9429268290356
1451609,29.652596392163854,152.14314325315704
1429519,52.61990157514109,122.25446212466436
1399347,155.38439456699007,489.7712954634658
1414410,116.46289374695338,353.00741865347624
1400653,134.73166879603838,380.1185773471837
1463098,144.9194590516223,400.060339820367
1443967,77.2871972322193,177.50328605277605
1419522,247.9629535843522,869.5526723564042
1452185,35.12460371179414,75.69348562622797
1410000,129.7100893325209,387.37998167320967
1450875,26.45943583340016,75.87465765286359
1413687,13.85751319995888,58.57845943290528
1408931,56.94880364983361,92.59099242296251
1446409,37.19745552029696,201.7626527287811
1415900,232.74664747736932,866.9840627544306
1428834,165.64116424344505,290.9412103033774
1447870,63.819206997232406,138.03333239505218
1409283,203.000982661782,850.2494738025094
1443082,23.119425363282755,91.33944568691614
1463440,45.90458830144787,136.8377677549471
1413101,33.255900286751945,75.88184711650871
1445307,150.51038678414253,476.9638567876617
1423122,997.2213630278382,1657.3938454165934
1450404,22.458348242847848,70.47300341862564
1436391,44.48345794056106,153.76827250004737
1417442,90.44938501154148,3226.3234654806847
1442117,108.56293495714075,280.7734964739331
1431379,118.95162809786854,379.17063839467096
1398797,31.670343247814444,85.24071232891959
1401841,27.274722445310747,110.00824263132851
1409367,27.1485424754724,76.63559224484219
1449781,70.50243455825054,164.1403890465054
1465637,211.82897716086327,603.9273378724473
1438077,64.32458443819402,245.12538842346507
1413170,43.30590524381931,65.19263836195759
1398248,30.974820553174688,62.45270145955719
1395783,46.92296860499367,348.0210085605838
1421620,154.752007128455,263.919113141231
1417880,29.470295257119112,82.9404668668327
1465185,54.14295815264501,224.59795352991983
1398047,10.705545903715551,56.66061656356528
1394213,519.4824474945898,3638.487609736081
1432410,22.883077057119603,39.5840749704125
1463336,144.6209724318956,440.3571665226543
1391021,30.31915739664724,109.25537954595116
1423470,192.67410284335105,889.9814659026831
1418501,48.18218652210507,59.32036157564839
1452054,29.61826727820294,92.12253332474512
1438101,16.004973955306777,48.12385799279023
1390418,17.978379508184098,51.08712945424463
1421475,592.6004462093118,1093.3465750254234
1406100,218.92393330400472,233.57291514410292
1395169,22.998475918525305,96.22689750053888
1397496,23.117257705507505,70.5250836426433
1437516,36.4587052252446,68.44377454816176
1418839,32.025095502787245,61.96890754129552
1455638,14.62269180456445,17.101754533778738
1459024,73.04394849261544,262.7210584671622
1457357,14.557576928414807,53.02616991294614
1417170,45.17997270289188,100.86975057844104
1451616,128.30052070165613,282.8437944024583
1421899,80.73963435594978,157.69150050273475
1408090,31.61432498047441,85.20458752946213
1440032,15.0044195951041,63.63042427873852
1388753,41.62738545263744,105.05866520723912
1455543,316.574263069682,604.899486034354
1444719,61.17099118326298,111.3548518590544
1406407,26.47434518785519,65.14790016285896
1419525,178.427461423363,226.1475851167408
1414690,145.66656777158252,642.6682235162486
1439706,168.60905231618696,1152.9146597150186
1420906,39.41848670456056,77.37716919717818
1466338,63.40391930365138,145.1794403672859
1430382,79.91471664865404,295.0822319642991
1398110,35.16923511719718,88.6407005189111
1463747,67.55584325691635,202.27454862776952
1410121,130.03159815006404,254.0305129866755
1398671,172.23500501850052,458.1646385365148
1438375,1783.9867993599764,3643.8612921853032
1451285,56.36523226480862,162.8302123554853
1445918,60.40064590987025,160.65414665869383
1448883,13.831080514547862,106.7844352134423
1463691,200.8559971152006,479.6017831617498
1398099,50.049598321777054,100.4089947389869
1411806,13.042680984935078,30.484267769363512
1452206,63.362828027013,179.81728125213235
1394003,47.56911476482698,389.5443884610089
1414155,33.21272067104133,39.36136592447147
1434184,14.84179673979675,66.89012677899102
1401687,10.174588086969978,25.37538486366981
1465425,130.26642156975748,788.913342036861
1430052,38.802247630705565,191.83242530077575
1396628,14.096806627688231,47.74880052312535
1447695,41.20192211297303,102.84550218319544
1397703,140.09077615547045,385.993715580815
1448819,106.06932034716752,408.68733189016206
1445707,40.349245263265416,125.97885591079748
1396733,54.08655806573016,122.47203491121526
1463355,21.38701831268,58.4583048687888
1391363,294.00987392889147,712.7292136221643
1416933,147.59111118753754,229.1997614401343
1403562,20.12012511562737,64.87610125774967
1393033,217.220033871408,427.6308713289335
1460565,144.83579417112,458.7777272682042
1395671,561.2552783260575,1241.2285802242895
1392264,107.23391270309912,400.969351321455
1446114,40.86085064684059,49.39738322901996
1448454,65.32179497123695,142.2127673518415
1395116,20.392164608935232,48.434840240059145
1403832,25.08505403695815,77.85893882563954
1424151,50.63295217321648,181.7160870367525
1461396,60.47907762162948,150.0020865708279
1444813,198.3721808137623,543.5572506781984
1429536,482.6511337843995,927.3131889439072
1445846,33.137347409192905,101.53048966798924
1436963,63.792255716699465,152.92271297903352
1444952,29.740112530843287,81.6739922540217
1418423,106.622007966168,322.66621759416165
1438188,145.9069927252592,310.9600857648418
1456287,94.31426250783272,233.27422859410115
1433607,12.993780522928072,37.07428532052944
1449253,24.385974072698687,65.05982342107897
1465834,32.67998872585711,79.23258332038644
1437413,14.409027921301742,30.92271235574577
1443488,10.229937462489657,41.12906433579683
1390458,10.6575337277575,36.23145173336248
1413177,47.06714798793572,155.6664124540868
1451913,30.566095218645582,33.07038773354736
1405980,68.28663807197492,169.51043817630853
1407422,998.1961678561776,1846.4506630425012
1434110,228.30581415695397,651.0531223822062
1445036,21.318710963912125,31.63714124504887
1396738,46.40883051907916,135.52002732744597
1392583,33.78402810807185,134.05759569953236
1427379,27.24566676830835,67.46303513726713
1430889,14.31660052778006,48.43447240459151
1461226,115.50298483346128,367.1152498205778
1420591,75.88315704796454,234.0238584363457
1445908,72.23733957783594,145.68569131880463
1420582,420.31390513110654,1343.7507882231826
1445746,88.67714101042553,257.78292308926586
1442487,137.25047454336303,351.6256586954157
1409342,209.08532371438875,482.8836174011845
1456143,29.81874587477992,65.48681828079029
1440002,22.80203126492408,55.19561164155608
1452666,440.5985906166409,1453.2509826990276
1465406,52.976881240469886,147.1810856332572
1451829,67.1674369358556,176.85999135252192
1452339,100.96609019064525,256.9384167198755
1418303,14.522563098102738,43.78840665724978
1448523,93.21352185010656,207.87571778477584
1392326,29.337721750095582,100.87821581276366
1450849,24.499830502422125,50.32525649999058
1448456,16.263883925067283,69.2229680134192
1463046,15.256073550238035,41.516723322803976
1465114,138.0566025927281,627.3210210080829
1413855,10.591232775372648,25.6229017635526
1396858,68.409283697182,149.9118429623461
1443819,23.32322722008838,55.55760977932784
1421183,163.68706998870314,391.0943678684423
1420944,136.49545456600228,193.12107787324348
1401868,83.70741096586994,264.6454580969144
1444943,65.36438485404669,124.98006704995692
1444151,185.9925257189522,478.8146288051997
1450066,452.2532011956772,1297.3652180942463
1436986,158.56430008868,444.5432263418925
1407857,218.1784653502026,521.9484313532396
1448144,83.8926774608842,153.86436475168094
1452090,49.04866732831618,197.7230338176176
1436160,29.810968413631542,49.34565508728285
1388512,71.76100125291222,144.78612354655976
1395453,12.277803318248788,38.52294976350709
1392237,89.0459145530267,219.8514759785545
1451233,79.39171530692474,202.6707634007321
1464721,213.45579235508427,397.9475397217844
1419985,60.99711576967979,227.3762014388259
1402335,33.8832606976479,73.43897326757249
1411135,12.829311851157302,40.95102893587559
1395047,78.29262445788885,164.23203172178629
1412742,35.37156142122422,112.0648343448044
1409415,75.16989463764645,134.92194776337033
1431171,237.45901932133685,991.8503260340664
1414889,43.69240172373067,107.15842794801652
1446411,53.65741684208376,168.21942203103188
1445226,27.631568656985458,48.92170930190881
1453418,23.43867195745112,96.44179138654992
1447255,55.38713351013914,164.89368313027862
1395249,53.90178912816379,87.22440662548068
1428217,106.29532328982576,231.1042926228649
1403425,92.9761777073344,199.86836623843783
1439634,107.542163145643,436.0555896507444
1449261,45.11252987318364,105.29703291155208
1403971,156.46024642362065,324.19841075395146
1410258,2141.1174946507485,3862.255662283329
1393292,79.09038391706379,199.08219429665755
1425048,135.19893912255017,439.9879906153719
1446176,33.41995650108397,49.00378413634453
1437598,28.38690728400271,86.34547875645741
1426034,51.30526115514801,154.95541549644955
1447960,302.43795906101326,748.1964638042712
1406834,59.75362464880278,148.97016158127482
1392474,45.28645394589739,76.83836613924208
1444161,136.95378651696657,455.4323516748625
1446310,423.18906608468353,1168.7990821717142
1410330,12.428987665845863,10.247637656704248
1399228,144.7091776418721,209.0988558008069
1455953,93.13458448827843,265.8078615859019
1463438,183.4425192823751,478.6476383233973
1445038,10.729202874749234,44.932364040129215
1437926,54.45963751234415,73.26757013090405
1448901,26.26386653506716,60.1688944267907
1430009,13.577020914114144,103.34896298324148
1433734,34.87381277472021,75.83188202909759
1452940,53.15217913286367,73.01089382893625
1397084,128.9144231395043,333.8520800197122
1410048,289.34180534083305,436.5064067810856
1405114,109.8135228962695,139.71439563923016
1393609,114.8574245521536,244.38283199555707
1449166,10.470215558272743,51.06154196875261
1424950,29.75177263404999,63.45203539729613
1450458,68.67047571100176,90.07523683909828
1393230,36.64457219095527,88.15456822605123
1438160,77.98715546919915,143.40078472981864
1396248,106.30602365307811,291.217708272451
1451843,29.63954832331796,102.28480087738996
1429393,24.77873272736764,43.4474053502389
1392137,144.07357726763573,344.25304955933814
1436263,22.09213962265007,133.37236782945152
1420195,38.29954507089024,69.01295799870418
1427196,34.4535220051693,88.06865671809229
1464586,10.710683362845424,20.516431922874794
1449230,453.9438995827844,1680.3957938502806
1408169,10.000494916524625,34.60342473985843
1399781,46.148421809401725,126.4564402612209
1433548,238.544301560386,510.3495072746298
1427767,22.48079378420706,67.64825640547488
1417634,96.74852946000809,265.9296482453306
1442504,71.53525726068962,138.65517675870404
1445386,19.94148660458221,56.49663362385229
1446942,64.88936302111448,176.2522970331377
1393016,31.128231735993506,64.6338600828077
1394162,48.699930820279,90.6509551255852
1417558,27.21382221102637,75.33126493139783
1432759,145.40557710083652,500.3744738051749
1463798,22.50757719790313,146.90006555418665
1444571,829.8143216224205,1747.1089464339748
1390083,61.44354965199759,227.7432040486172
1442679,212.4087185335078,455.1487628756201
1465134,106.67327834159512,291.6684247732409
1428948,31.01084911979115,85.77746578778498
1392760,129.67420878015994,392.3376828898032
1445914,75.4950058776514,284.72189342690666
1406333,34.08527211501293,82.59765881508834
1445079,14.66910820914843,52.59333680952545
1425522,62.02532952351079,175.59415319572554
1463072,22.599717669096545,71.23962440483979
1428423,59.26748029126774,363.933510641012
1408507,28.399467621650437,67.58638159595344
1444351,21.91244190780109,68.10351376604999
1452786,27.37520437446796,51.58167638707062
1408004,57.87383067941853,1025.6226106002334
1432121,21.59564856703744,57.10447176403675
1446179,28.799347847218318,53.445393541942686
1445393,56.02399263652242,255.9612586961494
1450607,65.06891714444056,318.75461590869
1455948,25.514772374246384,87.49455955857661
1451519,1573.075971725841,2455.629640149044
1396674,139.20824155824374,376.4235670045271
1416672,64.10355961061484,225.12167735265763
1394141,163.38666032459622,553.218991823057
1414603,69.41094122501211,175.20363099392063
1398026,157.23178971181557,322.69905653991884
1417625,47.724561491474816,91.81979244511876
1424657,24.373967937614538,126.81330541676714
1438124,30.04768735949286,131.1756619260631
1425700,44.48439225310243,170.69201059926684
1464531,27.91469838343984,74.32904739287292
1443246,77.87157664689803,245.28507935034676
1410169,56.14658998186943,148.78598072683812
1460601,204.52512165925108,534.2883490894703
1460631,45.77189709846088,190.61379825678733
1439391,117.16877697796858,461.4608756404382
1418792,36.89885086763178,66.66989650267315
1446679,113.08164674605588,683.2777111112453
1464566,69.6232931648586,175.81546987213724
1410871,38.50637726346149,110.45200520442822
1408253,134.67545920582472,305.27598275679486
1436037,47.79106034455232,112.40687943978794
1446448,74.61380153306982,146.22114028436815
1466530,17.338339472304042,268.6646117342144
1419136,26.28225611399785,112.44494219573085
1412345,67.98177531182132,242.33697566885985
1440224,886.3584762928033,2177.0651304266576
1465235,50.28348625870625,206.9657428035865
1395614,37.18385950055518,105.51683420882792
1464435,65.67828938904628,247.7587661201128
1435645,75.37901201100767,169.54863395344643
1452267,15.391764248971825,29.8112643983642
1389824,46.210209541419474,157.68999476706418
1440934,251.69464927084616,1741.0300473968075
1416632,10.511375209537968,37.390513101659735
1417140,20.935181676116056,56.34304528186946
1428209,231.78891719592136,469.8591973333279
1403255,544.1827837438208,1126.18455072994
1391646,28.673585238285977,76.91691086115611
1446019,107.27133155860912,297.10575962137904
1417215,25.56742215133072,75.01313419819859
1424396,72.01491880281746,137.80702047652608
1407448,32.51975329839206,65.20854923193163
1452789,60.97551387090132,87.67999266521413
1407384,42.0632496485072,94.0363202293162
1389172,50.12501255795773,151.63323402045938
1424580,160.8183771552371,189.4763072288922
1443512,563.5064617091732,1749.6660201586271
1408350,77.43336590553682,178.88173758119305
1451939,179.50378133804503,605.8354268351054
1412473,52.72155971256467,101.67140576028991
1410596,17.639755064581596,28.577994243555644
1407241,64.72074752655986,121.95549110579452
1450134,22.60367137875312,58.674380366692965
1399299,88.24051463435676,325.0994710866389
1418663,59.204643160339046,146.00386957408716
1444875,263.9713372611601,907.084072103396
1400055,121.82262467506264,266.9486084819973
1447264,36.27207157716342,144.15129403690042
1405379,296.74296748302163,943.8950293742248
1396417,104.86959449008484,238.6779718754987
1406488,13.322402196963688,61.156953633860006
1447897,125.98581724123385,189.944603768766
1449653,21.29615687697934,108.1566201993448
1452001,60.91427607544311,167.27063656884195
1407694,51.535496237520704,155.5207640434026
1452930,54.17374918023742,157.76336024824812
1402752,10.635249024206637,26.119086226047653
1436835,23.92222786133335,68.82257841456185
1395696,75.31075208027927,162.69332492301882
1465750,25.42174459536676,88.70333337147366
1422974,167.94606733763374,525.1991948974642
1394974,11.325298272838609,63.83790871563401
1452216,52.71290423584544,188.60925196876823
1427697,129.15356985467182,473.28300569027033
1385039,131.94355354550183,279.05037525751845
1460486,27.975984110544758,149.8461340264626
1390853,37.13224699310437,89.0438312583384
1448525,281.08624595519603,595.5782432531909
1434305,98.12476789381918,250.30418518541387
1445257,358.9895826315004,580.3391371593659
1447063,455.88645825562577,1442.845333606157
1415896,94.15548177814183,260.339276154058
1465657,233.2433976557008,742.6318558303527
1392410,34.71586262776428,117.00808881042109
1447069,12.411131049299453,43.120531256725805
1449158,104.53711820091432,457.8217416652976
1446714,26.175059180476243,90.92001307106828
1422732,179.6007948746685,201.3396871929976
1444659,26.09607321107016,126.78802484768282
1419223,158.63156999488248,322.3664717133802
1460079,127.31691265119576,1851.5515027555043
1429133,121.3369536881468,199.50158391248436
1415395,44.30216340394817,106.77430898826856
1448381,285.81398421094605,481.0408566158988
1453226,338.54883429158104,1498.0269884027832
1389289,77.61627526439123,209.90601280328715
1417996,62.5727036190422,237.83551922812788
1416434,268.4397615471625,764.607613426036
1421164,49.162693951299055,83.98802890278236
1399982,82.84733098592534,230.90937847444692
1465374,86.42092933009681,321.8191190486444
1448480,22.055177313052106,76.66284946855343
1401890,135.20742060823318,184.01589234914613
1390847,56.0745384146115,102.53341371392226
1429588,140.04914148051827,333.38720830128494
1441400,12.541730715981306,25.746671451471684
1452164,109.36906347291132,265.98555350794925
1450101,17.543132909299718,53.00670036286786
1445059,12.091007198382004,48.9206352130248
1420331,19.76428977317671,58.35078764351996
1405727,174.11920766998085,507.0168982835069
1397476,68.90028647561672,177.19889048558517
1429652,21.240976227355027,36.12726542066099
1425978,25.823521021422888,90.7193623782246
1426167,28.018375357822293,64.14626100363941
1449543,771.6491006992716,1840.9013834687448
1393480,164.07106615993325,617.2759165381914
1447839,26.408558897648764,141.8795107083521
1394969,77.05262528295404,122.5891313165718
1438837,29.114332286319367,59.72660330028759
1408054,162.90384435578403,344.3605598380089
1456120,15.287952315161046,90.10458552701952
1446333,81.18654710112057,231.0646837772105
1451731,36.40485186672163,95.02739393311968
1391073,82.3341586114396,215.30062304732277
1440662,69.72955439894719,272.88800222233965
1446453,300.86836183086507,1219.1671259371014
1428443,169.89897534297742,574.3294977285149
1441480,95.8912222776952,365.6027558787486
1422016,49.75879033113627,230.33316705454445
1465557,51.39949921550468,111.12372050530112
1424541,17.119790025538546,126.5601381812254
1410702,202.10174847008733,364.3285327476471
1432878,16.98202826414942,133.33127083041717
1445892,48.26934517014289,604.7528048098151
1409531,63.01017595943991,118.16323147833457
1464958,30.28757939229636,66.90583011542536
1451418,86.22668979351015,264.3537818174795
1391626,677.7235329595277,1786.9698215024196
1395537,32.077096331751086,60.36122578832054
1436200,21.56180220840337,33.68666847622378
1402458,409.7148400909557,1248.7251519339322
1421886,810.5653206537436,2351.4553079072125
1407977,219.93403937181645,459.759355027853
1465121,11.144427295485778,36.03606569979439
1466059,34.257688528422904,121.72238364
1419347,193.08359105503925,1328.7304724478224
1400075,19.9273008170766,72.45277520650772
1437346,24.739765099036696,89.6488429081094
1416431,33.616474780678324,96.79636091477848
1436387,38.550960633903614,144.68754001334446
1450881,414.02863412317816,1591.2014977705735
1401551,42.47454705696552,148.11469260696484
1452358,112.123982714407,294.4545506886744
1393542,31.19856546707537,87.9387240471139
1436227,19.128793056228552,29.331735523964333
1399859,35.04180297488921,70.64940857396947
1389251,281.95584611396754,1064.402832694076
1398038,13.649989546212456,44.64362170910666
1416801,43.34044925222052,69.5704881202613
1452946,168.9457357531354,563.9956314647445
1445689,78.35086214029572,268.0683235645219
1450675,58.31556156655194,127.0419067299042
1415663,153.74787123430175,215.90984509677733
1458869,21.119967773033,45.68480790555919
1416047,30.539867941350607,82.29086740692462
1407042,13.127291812950606,16.827581244152967
1439467,224.24030706598307,425.0447928723957
1427381,150.83073601583766,334.69508388005505
1408805,72.5470884763739,1031.7035152297751
1433002,99.29895485327448,165.9131618997085
1397003,334.4902146417531,268.0161164164318
1433709,48.34827825185794,89.3647248335458
1447664,18.3142592825562,52.51635402699279
1450424,34.442704725727154,36.70360873347877
1421244,42.72308675163593,60.98463195268064
1421431,26.610004717854828,78.88767828601051
1439763,76.92231799194626,321.0043540305092
1450421,97.57409678201554,416.9439634633901
1453161,270.1695009797017,915.3654995164596
1449744,145.4436683457672,261.4584508732769
1388970,52.11075598065271,87.6294690315376
1400493,42.32397839547141,109.41355918148852
1435036,199.63335997422712,659.1349501041695
1406868,58.17791000087162,205.1995103337892
1440017,83.79670106230039,104.4210067623394
1416208,72.42218178777931,130.3499694612831
1453126,1114.9193323761915,2738.008748206021
1436840,19.3338690672964,63.22804716081717
1446688,28.52581825479258,110.58429100783552
1452383,496.57323282142215,1568.8486522078083
1453118,93.5175244714686,333.4966101790465
1408777,47.236267693723576,125.68938670945542
1419838,635.8384673177376,1149.9402280854713
1415102,16.93394886966827,31.933388000811743
1434627,63.07326054839212,227.4029264962996
1421984,74.63576691730414,160.60860105174203
1445269,120.7714613497671,282.1053340462856
1466281,16.571948976352065,44.54430545275586
1412672,23.638539317986226,54.9585236621782
1462948,21.0010523232002,61.38215089650583
1438368,67.90008242410558,145.86284255161132
1439031,31.28540454763654,66.90984128016281
1400964,199.10393558354423,526.2756980879448
1428462,93.67317970082112,173.21501344793867
1388503,146.0161570262967,350.9748875138071
1412025,13.485750534697956,30.70850040905291
1395682,26.36005181959816,48.548997858415845
1445467,10.512888439939104,22.09971652167577
1460458,34.449064322505144,97.56646608284863
1458605,22.85167749193456,101.39591066224756
1395075,627.670940183914,1602.161661753823
1455512,102.16975125113208,208.62090338866895
1427061,81.12416086169375,168.26240117439593
1426495,30.45865075800644,52.75430083415663
1438445,20.37124501743628,81.86321732798419
1452590,139.9428822578448,347.3668527247213
1447849,82.31902520716079,208.71414567044008
1402645,122.3937416628728,427.56751073868026
1459482,32.32792168242547,128.60696166440795
1464677,45.220706934680585,120.30474043476852
1450866,70.40485550185977,307.30484802704296
1406083,267.21673756860355,464.79476884784697
1437275,15.73290053603362,47.03465599496357
1455706,45.90498900301506,166.04509377879967
1407593,189.5640559448841,507.9367958854212
1393087,56.7457747711786,97.6872996413606
1392375,22.180525153248123,34.95526931313086
1458629,21.930701857209847,85.93341634392918
1429233,15.647573554337471,94.72123181290692
1444030,74.51231319367136,142.86649792294472
1446888,30.451505910204386,1548.936253498735
1448602,104.45431857503618,176.08765662226756
1455502,21.18683869443314,46.65001499302451
1445175,10.327959509153034,24.85086981927341
1434615,417.7656759065554,834.1867314268884
1394145,33.18394805368087,114.49193539545114
1442792,174.24531876146278,432.1452554794577
1440014,90.42333323695696,216.97219680380147
1410136,10.713512030660723,185.31413506928345
1418607,28.802147577036152,102.9151658426911
1439404,147.80933379001786,318.055116909705
1393439,131.20912331608318,257.22972981027726
1403828,251.60824733783784,1012.4249878276596
1394973,88.46460075976196,268.5993129729702
1451273,40.41678078406228,90.48481685113391
1409749,130.25211245873777,280.9122038314992
1463200,74.85410170749287,196.601530705062
1425868,13.168250264475583,25.74420305123103
1439429,74.67493042880837,189.38224518953453
1440800,23.02237640176779,73.31563821587267
1451374,141.18407469864937,238.14410669753136
1403258,14.894487867838864,39.61170276635731
1412417,44.40104445390865,126.5809703413982
1430511,39.04671435120291,122.781674346784
1428980,16.346291376066286,41.133698443108784
1448633,32.24574612538955,65.12084088661817
1423647,44.45478823180066,137.0347540538638
1452698,84.85690724220026,171.11520191755804
1417834,38.97446874354608,138.95894478922077
1420354,25.113372486873512,93.28458566578158
1459356,471.52312519806605,1247.1139989895344
1426263,18.95452595793272,47.06418703604024
1398262,25.73684112181754,84.90391852341554
1447448,63.80027503234511,241.8340844667844
1406733,142.0897485286175,565.0849074296893
1428596,267.5983240008952,876.5175507010779
1450663,575.7123813894716,1610.6389791977558
1418265,440.2837032255702,756.0330913092936
1446401,888.3334225960256,2525.712230583329
1392060,41.93415264192108,62.07488481820391
1455489,119.022442541873,422.6499215261418
1415472,35.64422554024787,64.72797115632349
1465263,48.3574841504121,238.7289968471606
1455205,488.206219129138,1535.1443996605567
1434623,35.55508401815984,205.62627032500785
1419892,48.99590399037064,173.5298113566824
1419412,26.63342214074951,86.86190586983125
1453201,34.77830039302829,96.886707441809
1409952,11.704716239902629,20.291700857326624
1423396,106.4439733610197,252.04044824835395
1417677,57.82082163378842,177.89030753235224
1444827,582.7443139628107,1572.830147796015
1408545,26.51839025408444,76.14262697961546
1449971,32.76394906695995,76.47576739619485
1401040,109.51532361887644,1493.9648074576796
1447715,176.30450943966676,363.39669868839184
1402331,66.4246544502567,132.80781117293589
1410034,27.72091426045716,62.2797491429748
1439367,39.78091568151193,172.23119438329246
1423537,44.18509574072885,96.60428159039104
1465255,39.13488906427447,98.49087586452087
1407242,244.7228974239949,649.7681443372672
1447219,407.6828168095917,1295.7914322380118
1407424,20.05004456167624,47.20662092571982
1398562,22.68622401090611,81.01285667451727
1445341,92.62330699095516,131.73742195976195
1389351,161.3308647226797,1098.276759672539
1399081,36.21300027997038,74.25218594684392
1432694,40.35398826500527,92.51222334414182
1445212,87.58232248834211,222.5484260333182
1395754,38.37752970852865,110.11161668177512
1447558,66.7989934028195,413.3523438161624
1389971,92.93522452822738,217.31630106561016
1423926,31.68785895908678,73.67028104948197
1428634,67.33686118176826,176.3498635385657
1441675,138.5093463328179,599.277503847766
1432257,14.660947058622323,67.04119631873353
1456031,50.94766055015171,144.16388836657714
1391735,20.58952831116117,41.45732755635752
1425810,27.57233145712716,52.90035766826925
1419220,82.40500434572645,171.8781085956117
1422789,50.6916402014111,162.3349013056999
1407080,47.70320810783094,95.92987449859278
1445076,22.383881853783567,32.78967510032193
1396278,84.93575960910336,130.31225532289196
1424801,96.28290095851646,195.95687524445557
1402805,50.21417796891623,125.30864996564064
1437918,39.84601731555284,78.94496459716238
1427003,35.26556919738815,64.45880899223256
1442579,658.7051979747645,1546.8828987470376
1417399,23.50034974237126,66.58887809096589
1445183,132.46993505931695,144.6995213305221
1444906,286.3373955697058,893.9684530675959
1393327,39.42544748823304,113.62112313371362
1460740,10.673698028528207,30.01140226247716
1394766,52.13539536521835,103.98047878051464
1429996,34.13253084395888,138.92623032517952
1464212,64.68382003379837,243.1287491440779
1466077,13.2374758386328,139.06109124746925
1465701,249.24090401027695,1061.3232631895785
1461318,53.307743607121296,137.9739063930085
1449987,116.78913185533445,327.2730902731423
1447865,12.899891934162332,57.537835914927776
1442468,238.45611904879024,434.0237359444488
1463201,36.423471226108056,150.99839113514008
1432650,22.179264674348552,74.40969352505806
1451332,26.355714406398143,85.52501303472758
1406761,45.39903920390198,123.46053796981852
1425724,146.10843623931672,442.4560750154506
1447605,228.13732953403505,753.6504860308706
1427785,25.574712854610866,81.57718498343586
1410718,267.550503165281,1028.3730427494656
1437240,16.18379267357026,20.82911898914106
1449173,691.2769187112909,1521.165780438755
1448803,314.09976795204,870.3495539831256
1449194,43.268078924829496,96.89725279593569
1408957,79.78461580096675,198.0108730242152
1444578,25.42689403818299,101.09845454601516
1463152,92.604782376993,147.99706691620926
1449138,50.67357264891261,116.1829314711665
1445152,39.95574149918059,69.22299480368285
1401916,27.252938702944075,67.72128581748936
1464608,20.53214222339231,72.61071905261973
1446105,14.662038939799212,27.103407327134462
1395050,12.75409980578494,33.74617987158396
1444899,33.743491904478134,122.26772423827047
1402444,31.14057368883327,79.93512563040613
1414805,58.22897886817076,122.30375624879264
1458787,15.274607568272032,42.92105440550726
1461038,92.52461712562332,222.7597301994489
1465436,19.21302801773306,50.20699786602352
1455109,21.357733644255543,53.65173953194283
1393738,35.87091094403503,92.97226589535836
1389786,316.76939244857505,401.9010865314751
1451400,27.8376117580714,80.7411134334335
1434799,209.48294240037893,643.8045810922697
1439604,52.54546900485859,183.49973068155376
1397412,69.46781878934277,177.84909165005246
1465534,27.735653694046945,82.31926366070444
1446262,546.1102454784658,625.4615194212943
1412931,36.925055044559535,63.79074983310459
1389296,59.79425053064119,141.70669588918133
1421757,439.24114016487965,767.5555877091297
1452000,312.2709667208905,618.3187288164507
1398465,231.09265535089705,887.4297350604113
1448199,454.5127816711943,1311.501446391812
1463414,20.14060859991235,65.27453839243314
1394406,17.071836706769734,45.51709213691832
1397154,50.15981963101854,118.24924854289516
1464059,13.188542499718974,41.060259923579
1406172,76.1347734444733,140.55790948812597
1437696,142.6785004648155,384.0477149311255
1447426,144.28762718476932,368.48899235204976
1415336,62.29020195503805,155.67713415688607
1396135,27.84909695904714,57.54025034512975
1403703,47.80996445297827,271.50125876714657
1464318,14.205434021657862,58.53873557868
1456196,40.06125592496719,225.4527330079617
1445636,1242.27241169558,4182.07203804172
1438326,241.5127264220476,572.827710115942
1412725,191.48821237373576,284.2884764217298
1432715,10.677194999401094,72.36174347959708
1394559,67.26336437937562,117.08436181486611
1448766,256.1990787266403,919.2825974065652
1414528,911.7066457852408,1965.845619901442
1409603,67.41753565523318,282.6378144215302
1433632,107.24323985989776,279.862184578296
1395633,14.63929730900204,59.24641568589384
1434730,294.33756950002675,509.3310969231685
1394758,713.6775056479377,1652.375630927323
1400168,70.67369217918856,215.63794811500208
1412687,151.60295818277203,1148.7066915297416
1431306,422.7218061259253,1467.2612991759277
1404511,866.1827087076092,2188.4080010897937
1465554,61.70919876839042,172.73163989165838
1453214,347.8815078185245,782.1815570527542
1448686,915.594102424148,1933.319048727833
1449730,30.209796864327952,145.94359088051908
1440107,42.577693796146136,93.83363662818029
1452052,51.773757727629416,439.3451043101838
1416554,105.2659275829226,1962.3037536936151
1446923,30.184458448221317,129.9675743785707
1435720,190.01094308452917,446.01552995840274
1437959,35.626151254094324,58.90515310230092
1460312,48.740349384797,98.55954457096404
1398254,29.38602582012765,78.93848120799753
1389959,82.21429892171331,262.28672395793257
1446033,401.49589636671686,1386.3164111474614
1431265,311.9666970934071,1150.1759892837358
1438981,260.59672720223057,560.5693656138245
1463500,109.23575162067152,368.3612807173837
1446807,189.9992727240692,490.7477972092634
1405431,70.84465781537745,236.95490572944263
1409149,317.02046950194455,789.1430477724124
1398911,244.2773909735725,644.0035886477438
1411615,37.4466161397676,65.09214112034168
1459005,41.62674284350763,136.44065576914846
1394281,19.117763467789075,43.022086145491656
1434350,220.32504950897365,660.1586109368058
1391155,16.070426836709792,42.52911907896716
1455882,103.13712399802084,363.1766100292376
1393955,16.36536214917159,51.39087193769458
1405523,275.83184500035475,679.5005196027109
1408202,133.03230872927747,322.6154952088104
1403376,182.64424015798025,1204.4695802514905
1439826,20.13010920317272,35.665205170748905
1446214,94.8179541198925,187.37821783790477
1446724,153.10310482935233,311.37037821626467
1398833,302.8780208253677,440.81638295228686
1430116,67.08818649613173,151.56680257192107
1459282,108.24253047517472,287.8209017349262
1436879,30.25695325581712,94.59082837231485
1431200,24.548554657064457,121.0458825367233
1452968,19.88781776992795,48.69987058224656
1465543,206.2388107184005,929.1323432105884
1408400,490.29103976093177,1436.4941883262518
1444443,12.36905903978199,597.5916373791423
1439104,80.08674968794823,240.74307046497745
1445681,12.244439665940948,39.90800497434408
1438355,61.61903130955503,119.55355370753334
1389320,38.61815281425551,141.3482384779392
1399149,49.64630543123989,127.02400666083436
1411966,35.66474877582718,75.10470643158213
1412306,11.610704254454742,30.954950500343003
1432579,219.99400705660335,220.0725426275769
1452300,13.520972007192947,33.58675267058827
1448281,154.50726896684753,360.5308877749725
1441149,19.46739823803908,53.09773892181182
1390857,48.15668568275622,80.57712767646547
1392185,28.273536742895136,53.92932756067361
1427148,26.17190825318252,60.03055908699101
1413846,152.187024227972,536.4484766322759
1429094,78.63099785144296,142.81134597195998
1465330,144.622240389312,406.9859692527032
1395069,68.0567565166644,179.62886947396524
1409202,44.83766518563477,234.36237564122808
1431605,79.56655745147393,137.26827542030108
1407251,301.74866534491576,1028.5045563510605
1445498,55.82361483506228,152.54567452050802
1415498,17.808464435691633,76.77498084858178
1452516,64.33910500141833,972.6927948697514
1414801,161.2444161896402,345.46095772447165
1421037,71.03310492365311,213.53398400279417
1441955,142.55617330526815,296.6771086884337
1452580,154.3032578487027,453.6216391665511
1409150,32.61042539257869,117.97654061798757
1448912,58.538471612101965,137.97010926768868
1465408,199.58506806016237,292.3099542957657
1394188,70.20581694141477,205.98330943115312
1400623,10.293878145070444,125.48936965638865
1440880,40.6483419684365,136.03900060807575
1406646,45.57754551451632,216.86097621588345
1430974,36.50820929539568,123.11426640561596
1398820,94.41392547135467,190.3848984520081
1442151,42.11469890378852,102.2148918949184
1460139,71.08221501096658,189.1256784856721
1450231,19.04027009882344,31.87907627533019
1440110,210.9983920076644,462.92285267113726
1445189,80.19949051366723,201.888998976089
1395127,57.44834183325244,215.5367927102259
1390369,86.58926863419046,179.65231905604784
1438083,177.7473440959913,172.08700097559893
1425403,14.908416075196136,62.30739409699337
1449943,102.39876667663611,211.83334589797616
1449560,24.41064353986962,85.42932496063784
1390226,25.64567134447527,108.39159875830444
1432455,79.02560038834616,166.0354994459569
1393370,42.87117017093761,119.51988019515964
1447494,540.9727374126778,1088.0108496794285
1437131,36.89561080583528,112.95618110758494
1426269,15.522414589343704,63.03996723420504
1411592,45.14660997802909,99.24185900572316
1450158,54.09029708467919,125.67625074937617
1428932,341.07114759916675,670.3212961146905
1431828,71.37876766204474,191.890588599995
1408247,60.877149214639694,143.73648816238844
1448463,62.706297767399626,98.45022259246235
1414892,126.15394687404832,337.80721159097584
1450466,337.8060049788076,724.47436858607
1451938,101.18827086941128,301.3027399667176
1388493,354.6432398450956,893.5731512192383
1408342,77.37547632188684,298.67398425798234
1448587,2192.1358295375944,3133.753308404399
1414259,64.42949799204554,142.2848575808292
1433910,90.01660119808123,273.1256311813319
1451229,381.7825758595201,819.70667262467
1402325,24.9555989595419,51.76294734769855
1447842,17.824053098431758,32.769122793657175
1443007,14.522085664108712,520.6914002749863
1435580,248.61768949611547,1189.501734361785
1423862,105.5437483490978,230.77056456194637
1389575,35.692012980095605,85.21482078063838
1439263,53.65517929419905,113.46026431444656
1412611,247.30386899960905,491.2741927857352
1425684,93.40855237780934,205.52524810009788
1418605,521.6115175858469,1059.0598805999946
1392782,29.32325945197153,76.72998922817516
1416091,16.35508404150348,54.96848411261672
1447160,27.420416314934585,140.0681057199919
1425642,326.1544508130252,574.6122431732616
1465126,54.31757534899522,206.66337998396148
1404047,40.24618385141319,152.06180185965945
1417917,85.28729279773356,275.97304812163856
1440437,271.6858461332612,490.1420602607242
1415101,24.02453539422656,80.7363973881239
1449657,160.0141391927576,359.1636474619474
1430923,1557.5154712848337,3516.078982853731
1455912,52.49713684804471,95.94954648753374
1413621,63.584677276790266,164.8510290354454
1408120,13.27497797802958,32.967217560397124
1451304,105.74425746143028,291.2522506428476
1448057,198.0260762448032,532.2441321019166
1401098,85.2325069989304,193.61501802407804
1394698,21.83598857323325,121.47724529048106
1443903,67.82077100380724,186.01768215114856
1440826,43.913688258784994,150.62206151621356
1441653,29.4477765636016,81.14952436995753
1440521,256.88873110866405,499.9310308179672
1462667,11.04107973469509,31.914621964733207
1451307,50.46734322794764,104.74867103554692
1420525,170.194721515485,383.61022271449474
1453187,35.954567620247005,78.03194442204344
1463820,63.63902517973073,98.7404464268002
1414917,19.93366140016899,132.766104835813
1388874,67.37501537334832,195.9639604240517
1463647,13.972986408720455,110.72488938976358
1449022,66.68370722111162,172.25011988595887
1455114,19.345861210013933,83.935713121114
1389144,57.66228405627942,99.94592336523056
1409063,11.331998534151582,36.63655340751842
1437652,29.573915303297223,66.20865644276701
1412371,122.79392901367189,452.0374587316859
1410691,46.90250020802975,89.14541148562424
1462971,13.915947657594227,33.76553721999948
1449929,161.08771564699825,399.9792130723719
1414532,34.717702439007795,68.06852439090198
1395535,134.76188392314612,155.76439641687213
1415150,48.64074184816032,125.46900941110148
1415083,107.29035013227131,245.2661023817108
1465749,38.34762126284865,131.1277401159481
1392463,18.53045448691583,62.102887147871655
1407493,238.6919961490549,601.4037362204506
1449130,11.87528462341257,109.67905128019612
1392594,120.0469481864941,304.4047021851199
1409963,710.4987166646431,1786.2522370054412
1445999,214.7918676647884,483.1203873759114
1443916,21.08484408254841,80.21295912120476
1418674,36.518230671371626,94.47022379151088
1452548,20.629117152946844,47.11340636333711
1448982,135.55869986087572,322.5934569162536
1448744,164.92473403709408,483.4741597388857
1439920,61.88468574776047,169.9514571176375
1450500,67.06564860655239,186.2898496568396
1415748,40.96937043053581,99.23241140972308
1416912,48.51083575967856,155.2899042435282
1435529,432.1543043636,448.2588393740842
1456379,125.84022518866188,258.804982267496
1424530,73.40978442038364,169.5581700033387
1433409,331.849612510235,433.8765407953107
1391051,25.33969282360288,48.146882838403286
1413963,183.4903321899775,819.4077749710204
1427660,78.41660288050464,210.50986925410712
1447478,199.328276276716,493.5550432380558
1412437,57.54943622628092,162.33303797754607
1426847,25.98519748958552,69.893063489063
1397150,35.06495937027627,123.50257335278724
1401311,18.90409475257648,62.10122202130986
1435022,89.40365825432288,191.0200295147651
1452180,88.07557403776731,169.0040098502032
1463485,104.3570758236202,360.996858580567
1438930,94.0003469128711,227.13696232917985
1451313,254.79338901221945,374.3269347647269
1394651,57.5308614806313,147.4364656576044
1441182,73.89888071982716,230.33345541570387
1447493,116.89342051391544,278.63049868052485
1446712,28.08266019120864,50.6188221203322
1447819,239.84946380793093,434.3028307886183
1449178,199.2514670256608,569.7858967077499
1393743,126.72301665782844,198.639673926602
1448582,15.735620574045836,43.82494298260587
1461125,36.225441018332845,128.89416464220488
1396711,41.32241544304786,90.9741133317311
1419702,92.67971741364752,197.13422188053465
1447443,216.58471634606167,240.05847641326503
1440003,46.155419033075546,87.47342078273658
1417135,87.72404298901044,177.54610313040672
1409688,305.93021991342243,492.5404719060291
1423511,61.72260941947767,128.3605138825811
1420411,100.47728552032264,239.16891110233905
1401981,119.98137121014253,284.5701932829604
1404444,91.38252194322344,205.15389520624237
1427701,109.94061980858454,164.09781003072334
1445635,40.0260384524724,84.14260031332127
1432815,590.7434325459782,1379.2963680990038
1452699,404.804053535005,1455.5027582955013
1433278,106.7746380815814,252.9814906655685
1421611,407.80151080934775,1615.648092386154
1442949,84.47527723095803,90.10453808830462
1431443,57.90243922932711,106.14830100774503
1445736,29.444390933885582,49.3079120208638
1442445,366.0273620584222,1211.765353657277
1442548,27.060543533973416,70.18081556876687
1423746,51.57821190651387,161.47877674143186
1445372,268.9158787988838,884.8297574696577
1428267,223.4060084033661,489.40889519786026
1416853,63.141089994862966,109.00081064329736
1409843,14.661781946136736,44.814809251677
1424069,16.60896834627795,93.25951039459048
1425555,12.87550713364317,110.19209890338288
1459439,183.46959302220205,691.4599309807681
1444871,164.13206521837603,77.90754739198286
1431689,100.01496937347204,221.80264713882863
1429212,188.4035120431761,763.1999162738528
1452846,201.83408816619925,331.06847406878575
1455459,154.42029419163282,857.8012505176719
1462902,40.17644197887552,78.71153751605044
1448683,628.1150544019744,1870.9833813613905
1418979,27.04622028554632,132.25580709881203
1413098,72.5525335365832,452.2021749825808
1441623,74.38477647799347,176.7186651666455
1450941,358.1976280279731,821.5953926908858
1446670,144.11195108141106,306.2422237947584
1401319,15.600354769618647,159.0466887554336
1444338,50.10607218423615,194.451521587808
1441262,11.873172791146713,52.70121396258848
1397597,37.57466116562298,85.91794116779559
1429391,62.02659980204212,154.40007569222027
1403908,59.41187067702543,133.56178834659875
1436099,73.9838616558549,179.47065450666588
1399183,46.363984639613726,98.03267921877628
1450945,70.99869584032034,192.11609789450625
1443538,116.366825860236,323.9335529317158
1430723,420.213026471104,1439.446332776658
1418169,269.38735106577525,929.9649877180432
1431319,361.3857005242436,1331.7141837189922
1410968,10.23070812773268,37.02342206690408
1448009,169.54230262850692,346.17459149065814
1421567,476.4909324271061,1107.9616163698636
1390758,53.74344576657997,165.22158028056023
1417434,163.11232912088613,369.85320911774267
1464545,82.36570836192726,294.1692447206469
1428622,17.22202640337433,42.360048349744055
1459368,528.7722272697421,1110.1692094944617
1409734,31.591778408443567,56.09716724666208
1430838,54.30983521803452,115.1931243671408
1447585,913.2262106027156,3080.0871871219806
1431024,23.744515624108708,41.25428262393229
1397976,49.90701415146694,171.83801235004626
1450867,17.19072751874638,49.27433468427072
1448701,22.718639176668297,57.597429041530106
1463279,134.70787367233555,375.6746014916637
1405652,77.07557197446937,164.84001257581917
1408456,282.2002743586465,710.364614871072
1439517,183.3617925020164,712.8796074572314
1402999,162.91134159752517,443.91627862833127
1448848,188.87833804043171,482.65655653889627
1390943,98.15699905546316,247.2091536164973
1437006,15.717294489873735,47.101618618372655
1393176,46.94510378295055,121.44307487554497
1415792,95.3988467008698,387.4980936135901
1426951,301.7115675694656,945.4933824052628
1445849,45.90717841135835,97.34040113093148
1410003,63.40402783550884,219.8504587380525
1401836,119.3758913282876,1148.1375016786153
1412797,2957.353131383644,6378.401386584481
1465203,44.76157841048326,92.29284264124628
1449001,416.116214061468,889.5088807273538
1420667,166.7482278086645,543.4908498207561
1430842,14.15040499860358,31.408592405534552
1437392,585.3543867660702,1727.3126086700038
1449634,51.77603952960426,177.7472193754988
1452850,12.437680862603624,22.397471714529345
1433979,256.25622163754684,471.6427701203963
1393943,137.44277238381613,559.8078626233238
1406344,90.8968852619102,201.1284991955289
1396627,20.40015957345194,59.162505656830085
1421374,28.0872902132713,117.27587860023196
1451057,20.92113930212763,72.93081989933387
1433992,161.08282423859828,430.704234674457
1447704,49.17694689243236,181.50820220573323
1445349,380.8493905815467,885.3901146908825
1440581,88.77047798799317,421.5684142193666
1430019,62.67076918737211,284.9307929792839
1401320,29.55325037897622,57.14048482477863
1409712,75.25749052081599,236.612676082364
1431430,43.04570271850938,174.65210204875308
1446059,44.04184892258906,120.48180839153667
1402879,101.7408891247798,305.0876131074848
1422644,13.309982162914062,47.27192937062053
1401075,83.27345394784217,200.901348271507
1399288,288.863631599099,354.7927609336058
1412293,1912.2472322147948,5498.536151143944
1424729,129.36265322731097,319.93638201562925
1402343,53.98557559987061,105.401324523452
1414480,63.39896955581095,119.51489181330945
1446554,78.75731674385163,296.4773918799553
1434981,65.11788599275228,232.69959989094792
1459331,52.980674579167285,79.6130668307841
1424609,338.0946221015345,910.8404187475352
1409423,30.186878782004705,161.7863910721025
1389841,17.6597400001296,32.395578465852886
1441677,146.21313590060794,336.56068550462203
1449363,75.80387384827799,124.35832598219918
1401268,44.93177576535055,140.56502691390753
1401393,52.03810449089416,101.42619069495284
1429635,143.02723304275372,328.9247986605228
1464675,43.65256205267368,124.64397401034417
1452693,12.14483696062111,22.2539017627714
1420266,60.062656840371055,171.21879632285032
1447250,180.89460127657125,423.3784099455947
1390721,58.91937960799846,135.54100109611687
1431474,54.34720480142253,185.92026807367364
1447052,50.653997616034864,281.7709692649931
1452508,78.38110082253932,317.2679819682229
1406578,31.98977628508084,88.82892227351753
1451691,267.9085826757214,926.8841286754376
1465711,81.68494076176573,255.6773805025206
1409763,33.904760696262045,55.26504105219784
1418741,153.37138341583332,323.02094114272427
1446847,28.804010987621577,68.00164144864328
1447296,23.59606942324436,28.06938148269105
1458827,105.9374160636607,494.0733976079542
1452419,23.73790359555702,58.26862452581334
1392183,27.534468000167035,104.49192436054352
1442104,32.12043589646833,73.01392609448877
1433739,96.67440076712278,304.43435374463104
1394125,52.743763899197056,101.86560633917924
1445832,91.0772780954967,191.91030588313217
1439356,11.86811673920602,35.08663088324132
1430411,15.58338243961319,353.177717802521
1400486,35.360621918586304,54.09016060482752
1403013,69.0753094035403,181.6799652702279
1390532,102.48780781967828,315.65115883582484
1391152,20.84928873571792,103.29755531509154
1444962,27.494972961857325,59.12576441622333
1427351,16.37293888369347,141.1079267985739
1397352,202.9026735402429,725.5082792461052
1449080,94.71159108104408,242.4112532464897
1415216,33.71716569673513,93.45355210482336
1389472,59.36206870736488,167.8803255920812
1448844,26.981040055374887,68.40865782672762
1451043,35.928662147244175,104.79863036324336
1429271,211.22716548278532,428.4298633987822
1455398,11.457209072277305,28.047600288800865
1455705,17.56231856929699,57.17109590868347
1421829,52.48880558030401,118.459374686068
1394966,23.3145476103878,49.4491957890083
1407329,106.52301971065457,342.4767601698581
1440528,13.372588093225,49.306104833188286
1402415,31.60206378960178,66.65415080887007
1418362,15.937249876611022,41.34947369746304
1421212,56.06671632543673,167.52487115399737
1438054,10.099664187176383,18.99755733395962
1395004,16.484606472561058,45.8033962163513
1465499,40.137560842950975,174.54764442588709
1410018,679.8730416893867,2531.320852844732
1419804,284.0489595414272,3498.1756182615377
1428224,19.84008110893998,41.60857684739332
1452511,36.14012106655545,73.20234607020409
1410583,34.34689705016034,91.05189794694348
1415459,24.57052961767081,55.54077609470036
1428836,717.8389690230542,1944.524855166508
1397690,51.94207300289031,132.94574268157393
1444991,18.796949789767844,21.82374033995835
1392140,112.86704373998452,423.3953650287929
1399649,375.5441972326429,451.5707996456585
1466207,1191.3205942548773,3081.828326048701
1394898,11.4151500195442,57.063539133660505
1455569,92.7199015994509,192.6218436752744
1405013,73.91238202143082,518.5933736953194
1411732,99.81052872411756,187.4936898568747
1418326,144.89880034228108,372.4240854370243
1448171,192.45893520644208,634.038720134992
1391663,181.4169883765196,1210.7591632604765
1434211,19.50071620486597,422.4634029126284
1427034,46.53322230049962,87.94179509828818
1434442,161.97394590472277,404.4012959334529
1397149,39.649654838541885,135.17338819538975
1388366,205.29799409096344,551.9892908821759
1445495,53.96655476415916,309.4011924192069
1431736,95.54567581909431,101.54736441525476
1450550,50.2348538936572,167.72357657111576
1435316,75.41193010445086,212.4392882520256
1447744,43.67716195559953,328.1893819613603
1463397,19.97388102748928,43.84993020656525
1429550,150.9760604272617,363.8492748068388
1455713,23.488108836098647,73.44191027764478
1404607,270.1475073532632,506.7429828427231
1417335,75.64564732162044,189.0274379163034
1431054,13.891782482700656,37.21719032843628
1463310,20.349747912819247,102.68991316838932
1389005,86.16931550454369,217.36625820729304
1450639,43.45841723221477,96.9269343338382
1448273,39.57838856057721,120.74752978311744
1445329,17.198416673568403,239.56369312326527
1422975,379.7620181466738,1161.4046603947052
1422972,103.9379402694926,270.53058075230695
1417410,14.076377963582551,31.78314852207573
1403168,65.51944966721798,187.5460405370848
1435462,55.639061954064765,105.37643262963678
1435556,13.836947698455102,104.52357812946262
1391576,254.4679317520985,448.9861973131628
1446836,45.21779075670145,94.75752225310453
1460817,267.97811264238413,712.0990458019887
1465083,29.148053227855,106.42204027262736
1430523,73.33182660534888,130.69869719636438
1465634,64.86941702391951,202.7736231026228
1405174,104.12838822865756,252.2037469973361
1412159,26.291796670495287,50.644315729179866
1412498,340.0292931512697,470.9392505486696
1405361,35.46548695812191,99.6717170594156
1432836,75.32751929876527,252.60829555566664
1430100,144.57642431194162,318.3401259654472
1445682,24.49084615734612,71.30878153747103
1421460,465.5634181481883,1090.564099289702
1390335,177.62064267579137,679.81272036439
1443720,289.7772963963423,484.9578022564209
1423241,44.18076531431547,173.9404868091182
1439892,21.19983072556994,41.809925391190895
1426779,438.18499085378687,1291.847312858465
1432475,250.57107053865607,775.3798892787389
1395429,127.41550807744169,466.555114902653
1439400,11.76642957429978,47.53014931385412
1433784,22.129327356634533,33.60728519306426
1408496,146.57724827451196,508.8089198399494
1450228,53.50062215406621,127.2285438891928
1409689,67.98574382348474,848.6166526696202
1404371,243.1390605409699,449.81879545201673
1424710,115.4783866899922,227.46901172542977
1409305,244.01642130687068,485.1737846228338
1419396,22.30555579856536,72.3913054940664
1451600,84.43095958362548,277.4218370000527
1391482,155.396071459356,287.1097166065736
1424130,112.7341139893096,225.12421282346392
1448770,155.99166381649363,489.1403913036915
1398759,17.073731733858995,26.94461542200602
1392330,64.08501341997858,183.63146841073203
1407288,102.14562232118782,189.8970139540405
1446705,33.191026244095326,172.2938407509071
1439764,88.17538036108344,256.3204008391145
1424233,86.55785170609809,238.9222539115927
1440061,40.90291398584819,89.5601228416281
1446391,537.4787819697884,1272.0942324518956
1429720,57.51171087972993,120.23336370153532
1419835,16.744484609492044,55.10131972832431
1451433,111.91994789310384,231.29882065109567
1465556,111.9549529824183,397.1418156765705
1452013,66.78854300046511,264.2605509557384
1435692,228.10247213312664,704.6727883731046
1466282,457.7539957494243,964.3759280965036
1403372,91.64567884102128,180.0093464895455
1438782,13.0063564124747,30.074993586229542
1416806,17.799305520305555,45.02917128404682
1395076,89.46699940441111,223.6858237786543
1436935,33.83871622287817,158.6869555199004
1396083,27.54885189782044,48.06826517635703
1419929,96.38104525871994,195.31457131343367
1431289,305.17161062957297,916.0534684513624
1424482,84.46180443866834,209.22669746599036
1423284,296.3474450992193,905.8815115516254
1409690,160.19799330080068,682.8639043555894
1437485,72.14829838172561,156.3318953969263
1463833,28.89175195467292,51.83327340767996
1445987,307.4660224027733,900.1634903141352
1395787,17.317490072790733,61.12751428089251
1389755,47.72020076922264,154.2956302429226
1412144,25.10208482449337,94.9599152251511
1456362,54.63799369266805,165.9691597522542
1407532,50.02723174773698,87.161298925174
1460805,128.58263993631869,351.2742656457447
1452825,219.2846970356332,667.9583289781467
1388473,40.15705723635684,95.99786432483344
1418783,108.36284441613287,387.1017843565059
1446877,15.064068142717725,64.2400791848839
1458836,86.81865653319795,191.1837439183917
1388819,62.36329424043432,236.2777529398912
1445108,208.36976144522177,414.3909792175266
1405146,41.0457744031602,94.97938583600754
1422325,22.131795568658845,56.00897578860936
1452014,62.09822662573067,95.27097784262004
1416775,53.27751912887298,190.99788802069872
1415612,27.373467198588028,64.59474530392862
1404229,87.69999385735761,234.2731954348402
1455689,36.769858366835,105.7042959161482
1420606,40.27473594630559,108.15106063915736
1428616,80.48767529643024,399.15014906015807
1445166,32.23276838605491,68.23495066952258
1391582,417.7160831178259,891.7931441882307
1406439,53.34217552608937,148.58188292356354
1419482,214.7816841072826,527.8381491361637
1465703,37.23002525904437,250.04133798900355
1391813,31.321231415753264,93.25751393899542
1416725,33.26492008713711,276.7688397620197
1438177,396.7004668202448,1073.141624651319
1413325,276.63539906540586,1071.6898096874918
1413803,241.7565041314604,939.5260869147988
1406952,68.99439396142574,143.85419488231102
1421861,219.7612012176253,429.4789243978808
1439421,27.293719170153683,42.52785345282592
1392455,462.7964489437181,959.0706566110518
1452178,121.84782566445664,363.6220730578881
1463129,35.87497817206014,159.06984681617823
1401346,55.93222303394159,140.31427865080806
1446418,60.66834425117367,491.1386407653488
1437380,1559.963228506998,3445.941169990034
1412393,28.434491802047337,58.4951113441415
1414593,87.91863834149875,483.3546325665349
1410964,190.69440168002336,479.6061487898039
1450055,53.74945575164747,179.6677743136512
1413514,12.955608830102465,53.32409813915266
1396214,115.27033741988748,206.7050652404413
1427574,55.171732777040894,149.32763299281248
1398944,10.81070006077123,93.9609770109358
1402526,278.3361484429522,706.063243170868
1398501,286.3361429631026,955.3418238897256
1414898,568.3925667092908,1190.7503995096963
1416919,193.35037504839957,667.3804542869738
1401028,170.2660992874505,304.9799657528475
1389454,11.210304765169075,46.86405421287297
1455813,22.2342362468158,49.56280720784076
1464937,14.352703237833891,39.8037892073604
1406616,18.66413285409383,528.9579891844428
1400218,104.46626963154549,330.04349444428647
1415658,102.3570267980885,500.3804126900169
1449758,20.281457885454195,67.49727876605894
1411545,26.193391716265054,59.23620971410438
1460680,29.300997442448004,72.21190364131598
1444822,122.80225799360652,374.82713427566176
1445742,13.22430999293638,39.02412851195341
1397059,21.53681572950989,69.36426595808541
1448688,89.88000089782507,233.3628481219623
1436484,20.410028625482404,62.77751927181031
1447209,36.32553653699917,71.73637522058556
1409184,27.94370759909459,263.53860750890743
1411388,100.9326160674648,219.809584094404
1411954,350.0499958190141,835.0548613055412
1450058,198.7014641758133,473.1546513977931
1424815,32.30958918686928,64.14039793860871
1437336,76.06345292611884,201.91353977603427
1439607,227.86669710498344,882.2316465506188
1393786,95.18762172127651,632.0601162675841
1449919,31.447865477357738,102.1785202317612
1446479,17.84490839644958,68.6072525799081
1421207,344.818512794244,570.1161944847418
1432954,335.9578692237611,1022.8088156600584
1431667,120.536598598215,309.91014163251407
1388697,134.88600054831056,255.4087503241784
1436820,49.16294950795557,101.07583792642156
1464182,578.6253999950816,1521.1431210585988
1442329,154.87668597537134,196.96460721964615
1463840,113.32109551124113,367.9631904333018
1390449,19.04483830477073,47.58368676151616
1415890,90.09565082713786,151.48394323560456
1438059,280.4706095582904,389.8511002109982
1434042,207.84647285302935,365.6289300622866
1437716,729.4868004298658,1588.646410239142
1402279,74.5601335916853,517.9618586372213
1409409,10.603886319826431,111.27416419880144
1446238,228.01813250642851,475.79209694058
1395736,24.792355624469987,77.72449559169227
1443820,19.304639782219198,26.58321418437107
1412446,67.35197813499228,140.8031084566667
1389902,26.14453673899498,39.26032015860789
1410566,77.31596131872203,238.91711289481975
1400643,14.580441411126538,35.794048507802344
1445661,209.7623654925848,426.7923081780844
1440608,31.559466910061392,56.506681959960375
1401960,58.93174045213421,152.30281993782057
1427228,33.74050090700237,70.47651902180246
1437781,24.863345729034087,58.81077538558559
1420208,183.4999602702136,510.43742466696114
1414598,351.2285215726071,1015.1750499338208
1436619,60.31355275428001,122.4760832849179
1432181,38.33082206424724,116.96008337985874
1400231,116.653061716001,284.9198500894752
1451456,93.16083993503996,190.77796961096428
1462745,280.141484548531,484.3824503327551
1437493,17.190853758876322,168.91049042518458
1450331,670.5621959471245,1771.0064323994975
1424578,11.70137517099665,29.046602518015128
1427634,60.25467202561439,139.4877821759869
1450339,11.035178409568406,42.58197480338836
1466095,149.92927095433743,1029.9365266707875
1439949,66.88735364426537,438.9596516351144
1390938,61.04036015926985,103.16420557688224
1453282,53.80218371560694,138.72082672172638
1439426,18.46581991663864,38.77289228797624
1393557,85.76643277350873,348.84338685692023
1444431,34.305852644287825,176.9650406486581
1449796,43.23587236120561,108.86098986365177
1451562,531.9332869075604,1334.739154272817
1391659,112.5934665922536,179.26107399487694
1410365,22.833819820848664,58.03935716524124
1436220,32.158496808385664,55.342933657127546
1436988,17.94756264433178,40.210934400741166
1446441,437.6829268575076,2059.160026706714
1423915,69.3194232450045,117.58231134160732
1410751,220.03083148650265,571.8005309638132
1411984,181.4644250897716,759.0823820894719
1446177,61.02520412182501,164.5886966825557
1392222,73.99904117716142,395.7201561191098
1438436,24.60405342352765,64.10720216988435
1404826,111.52348067828648,316.6245823424739
1410902,1258.3731806426906,3070.249923960664
1419492,86.34237986719054,213.6233388662472
1428043,98.75640303580768,190.11940140460447
1456430,96.20079166810972,187.5284776307353
1418143,47.22566191383354,92.8910296767714
1393302,496.9378717615877,1504.984070193599
1413561,18.09893104133556,39.19993057493423
1436142,18.957899634356984,66.07271964351038
1428344,48.67614284816382,129.22265309687538
1414836,189.05515843989335,463.13974935762985
1409754,353.78598330595594,1135.9223359217622
1465166,29.096756206687974,103.65387402293987
1433974,268.50690389828554,945.3370247323078
1439483,93.40202293788036,195.84827095773176
1440351,275.38524762541,661.0100971368042
1410961,36.64987496759043,143.5980826635327
1439442,16.56951295944342,42.05144448886729
1445215,15.20219635135393,8.935727395125806
1408537,210.96344465838223,528.2295653086674
1438605,36.45737573494215,58.73034866135211
1400604,490.1498525821325,1021.8647302801072
1419745,76.10168335310543,162.46468128886403
1444909,24.49900558140999,68.5629424776747
1456054,75.07287416057328,212.01705939136144
1464749,140.253671637045,331.4525759793789
1420305,263.48078319784486,624.0730660965979
1452811,38.36484696502794,133.98950771397622
1409804,36.76208213374727,73.80856245889197
1444110,261.01060602498984,584.8287891411724
1411928,245.30593517368965,695.8221612755784
1442975,57.99803434154299,455.938239742994
1406963,44.21045630848256,99.581626693909
1389328,214.0989686082747,425.74464659444
1408057,51.94207739475087,118.29543406444492
1436803,36.45447311303697,72.02879785731024
1447433,22.994271079273727,3437.2594186859587
1459486,44.01659933414872,83.17367347456158
1429336,47.56978783158646,128.44299866040672
1394722,90.5122362848208,252.02087332037303
1411785,32.00451232926475,57.9806330930138
1446794,465.9336887257618,908.8750529415912
1464103,181.272077993353,409.01689887484986
1422405,52.05418356294691,156.415055720402
1402864,24.05831941133086,60.58810320127795
1410190,118.9066484106012,218.3891920045293
1447533,14.052425413170376,107.00075697278857
1452152,91.68893859208268,180.077177755842
1442999,986.5430267955924,2955.4651388905354
1427895,57.68741668444941,466.7513519114905
1390362,131.53315415631775,703.3818247351376
1458638,26.60164426633617,53.97489342607632
1431435,125.75569496611202,366.1638642399189
1439643,82.65509462789781,127.03849089860898
1445392,29.756925358470134,79.85534225015664
1450624,202.21709981895657,501.1348465001228
1428976,154.45626249431794,518.3198687042415
1449353,59.24827851756648,111.07245847151285
1423865,334.62036939330915,591.6496617313567
1416680,65.55642932712081,164.99076165082118
1402983,13.86400705052909,50.522843381983286
1434496,14.306737692864386,37.87584026695869
1446196,188.54247138165448,457.3930621851457
1446570,300.53707432941627,837.9849734102772
1394844,263.1942262043963,571.1310397589217
1427815,113.23725718192767,147.36233042091024
1446235,28.70320655346457,89.4446270656841
1426009,21.53449619147143,62.59629634659083
1416324,116.67570946927091,382.22832718924127
1436079,306.0772632578657,1116.2017874350531
1451330,93.41778123283272,194.0000935201947
1407821,15.274402628606852,56.04295844750031
1456145,35.715944588438674,111.99174322237188
1401605,83.38086160961109,148.71267873213935
1395437,116.60200225244138,639.9326136805026
1464337,273.7229101427079,637.1351218385122
1396008,268.19706731101473,749.3669873520715
1440069,66.74222692737136,275.0916256469684
1460120,14.755267232845574,33.82760790606852
1401943,81.46234603869559,170.8788779767045
1396985,25.507840102574548,56.89276872581146
1446113,37.86142557160428,73.34634112397566
1394190,237.1323988708071,486.8854805877811
1445463,13.385006722096756,34.943810489497494
1444539,19.926264127446377,42.08829343256431
1396013,296.27062724994653,727.4521821563991
1447734,22.75765001560018,103.36012332035084
1411647,26.270047538716742,106.86638690102797
1461262,19.786062298444502,63.98922024859028
1463721,96.89443649308396,251.0790635847564
1464444,99.53000507920385,199.88966479878957
1451171,41.90108166114849,87.06098407564524
1427104,117.8976048062339,269.0639819931338
1450246,46.20876974030971,87.26908905822735
1451111,29.70983745123373,514.9541927424756
1451501,36.58880395297281,111.83646609011276
1459317,36.250759405075385,113.75829057115708
1416864,19.053525904100564,51.828800054349
1452996,36.691299292803166,67.41359826167842
1406327,200.81723275600717,346.2394608560288
1434560,357.93479037775614,523.1791919398838
1447299,28.69916719477004,188.54733950580447
1431006,79.72007827824876,218.662935971304
1447811,64.58935716714213,156.67644334331823
1448740,28.767643727581607,74.71155149812651
1452600,51.33482833011848,93.83396715276427
1418786,140.21805301766344,287.4731827846276
1388302,743.2147963076872,1517.4114950092944
1445250,483.0572378859979,1068.7041254925382
1460347,60.45225245810093,126.7323633154542
1414312,20.55160006357953,97.30485375635526
1401709,43.99269022550275,184.50064942195183
1416543,24.344686962047422,80.66501618560059
1447120,85.42510885299357,251.54932454463332
1395434,33.795041755629725,68.87354774436156
1395580,68.84781932691592,368.1915090548632
1427502,158.11246599455978,845.7234447532203
1451180,30.653207395832137,61.976637201093126
1419677,59.30212665550267,149.04543987832736
1406109,122.29322945954128,242.5508850184225
1424227,13.110578858371651,38.50654809685065
1449760,29.40835390527,61.30081172517484
1465120,98.69797288685152,302.1169142396517
1432161,55.63170373859485,118.063882570285
1465507,19.608467894486708,57.12768104431983
1442033,85.0559159787344,310.7534417623289
1393205,74.40625097895821,196.2124443015686
1425094,31.476437487686532,101.89513150933968
1445644,52.116038035471625,137.99789587895697
1445809,18.163189464598805,76.81680493945338
1452871,236.59711713356745,435.4780580752326
1447564,17.40284177601551,102.60067372900212
1398552,54.98430845840255,107.68642583010632
1459914,129.5564684936756,397.43140819862015
1419637,69.89091548878444,168.1634481473763
1450245,21.11844863438641,103.71662282329947
1464785,100.04690422245164,230.04017284233456
1447838,10.20516186095658,98.40459518709432
1449692,142.98139052774712,545.8760115730166
1437224,89.66707576333373,271.45609171424263
1431316,199.3505240413823,467.00044149091457
1395982,14.900880196808178,38.979136612967466
1446834,112.0919675240931,302.5875239002456
1429379,98.67057316839872,194.3517033883487
1456113,39.77374036017969,99.44866680172709
1448725,99.89277079167358,276.8532256474732
1407337,407.0539854066544,982.3657214960784
1448824,75.91379447628934,257.4468019270186
1417155,56.49504671027049,190.57717359610496
1463533,60.65972262494949,279.43000216398644
1459177,61.11269018884805,180.2158760850308
1405259,77.31886059204837,227.1639367410052
1443920,102.51332125424663,186.51443055295627
1433243,286.31307931410873,319.93464320408174
1399249,70.3764363991993,212.02436898346028
1412708,123.86695199433218,285.7770003248657
1445578,496.51025870756126,1721.582346070448
1402543,14.437287584719869,58.48762035972607
1459020,214.40934270198773,482.76262421453305
1388359,42.78826316253624,119.0357939215341
1408220,196.815197581942,428.48710501731887
1429078,50.07369867491615,217.25078055081244
1388993,109.35709371545,264.01137035696644
1404596,43.33930947747106,218.7278543051181
1416820,222.3405032209703,734.7767424090322
1421662,16.37243949238133,28.72188559631613
1459438,106.03154657437362,215.2498430929693
1399034,934.505731829242,2592.106912872032
1418335,561.7731458923632,1457.5583595634237
1403327,145.14839409191927,612.09694753202
1416451,99.52966028081867,192.86993814626
1448881,164.59495213932604,323.8231304800961
1407489,103.93231546211284,608.2101906734379
1431237,86.55388765673149,251.58399281715197
1389660,145.7266439944747,303.6375289233705
1432072,106.31745021768158,360.4374279102306
1394862,38.83455238004592,113.94651705120052
1443347,67.11764392303441,159.4359426461059
1412927,127.08538383713238,302.7746078194397
1421680,203.53569665327004,478.7105558641099
1392543,20.05496890142353,62.60108122720772
1421284,25.41237650961089,56.841582645111366
1398022,166.3764670359162,504.662793663602
1447760,14.054357282471814,19.62527702081348
1392909,25.25232289081918,57.23576488482895
1395228,10.053224412983871,22.30858455151641
1388833,539.0390219853605,822.0406639852752
1426813,36.63376153315996,121.7559330610448
1462845,379.3048649626024,743.8358058243301
1396292,21.08637201713232,56.08116375608201
1438306,27.43882030035375,289.68261010315376
1392014,308.62993112772654,570.5791618664588
1411225,1173.74791608503,2537.989025728467
1448355,108.57954440142264,215.2255992023981
1465225,83.12832883085413,185.13283222205055
1466436,71.61760719547905,186.5189567177751
1443730,197.2275178413388,553.0915705902074
1391853,17.98451151215256,156.3164083005414
1396825,31.47028025570505,65.32953564503491
1391247,362.7976575487474,1002.9851357939328
1394284,137.4100063927371,356.22534717942943
1433192,17.586120375887567,40.12135472184615
1434367,31.73499422692868,34.475164819400504
1422501,18.35322737543379,113.01112671611422
1388829,154.26292990901496,291.8469121817201
1401755,133.65661546868455,324.4131595752399
1402649,43.21420911885346,80.79309067211331
1397408,209.5589125467736,233.50728344849816
1449201,31.92896744707376,44.96654559972759
1393993,65.56663305902943,166.6369832630739
1460730,21.262098836061465,57.98154063728822
1425988,882.0929504095258,2781.6353756870785
1429543,53.99714015114619,98.49525873927011
1429062,118.71671769624008,241.97840146874745
1446340,17.031753063845525,280.8655752973942
1421743,36.62559545524659,150.11752750745345
1413736,29.6440988432528,70.5303486528342
1445149,156.35935151043347,294.7588616897618
1464104,15.552872241802817,53.85688278800975
1395060,102.8306526627436,390.1752156013292
1434564,112.96280320629518,209.59380642088507
1395721,110.2081038503684,560.9074489341104
1391829,48.1704136563277,120.41804075240132
1430735,47.86453856036785,85.07791431408968
1421822,168.6606270611491,581.3635310723855
1433941,35.26913984442169,109.71181313814944
1446011,72.67010631222028,373.6638763043548
1449038,108.31461621299744,135.14101102376955
1445784,159.2276978472722,567.4527984600223
1403388,48.497966956917885,113.63319478583728
1417521,170.4168926210688,601.2300227770847
1461217,46.47326997631336,89.21861660779841
1428720,31.988021224017565,73.58231681503018
1412267,30.06465283814622,80.69462548211588
1428637,24.49014609039914,119.65764202675273
1459384,12.031143921646832,27.334934028660943
1459320,88.76513824652264,314.9566714552498
1432837,51.67089792519027,142.98495383552057
1390949,114.45031340121145,281.17576204833455
1451099,22.282178773769207,64.1579694856964
1412249,29.60030482976779,64.83542359585702
1394495,19.031321356784897,231.8336651244837
1445228,24.708706502277003,74.29882951394315
1395077,86.83532696303713,283.5660271964296
1462549,53.021975782296245,106.86852401284251
1446934,20.075139410171253,32.86002814491285
1420121,19.496509551834432,76.20582053828201
1460759,65.88889206074296,195.96513112637425
1450783,96.41828541955802,164.06727946376503
1464915,57.19297509939584,891.6745934626932
1452083,360.03219065218474,1058.776741283011
1399284,40.92008183652282,185.5375788130799
1450758,75.072350337597,178.08374992563222
1418434,23.64242437565519,58.983613484995935
1402558,227.46571600775468,625.7656530174503
1464348,688.1028691249867,1174.3709552500354
1460632,55.67804769603759,104.6173457269918
1392966,15.31948915346595,38.82576439738117
1439027,11.501348034560367,64.78429155205279
1445524,48.27636735267827,129.6573115099862
1449726,184.13660273400168,166.20750249514214
1425011,21.46307386286395,79.64819453383161
1437949,43.30506990838136,117.79458268574854
1459671,520.3580803085448,1318.7445535463164
1412376,265.4831968233858,844.6713010598529
1408482,205.4811473965047,494.4135781362153
1462376,33.37839126732012,95.60350518796729
1445837,10.15325598025284,29.80541292785224
1427806,120.62367338284616,223.77088233248327
1444948,171.35600856742218,279.3054907166015
1390901,10.958935836626226,15.900177996053264
1450655,89.25720565503089,387.314735701956
1412036,22.318786308318515,55.47567467954502
1438517,134.85939514865444,312.2391934173248
1450589,66.84770098297471,183.9341141220492
1396474,43.204882965977205,208.86317723813048
1445789,20.367637920440764,145.90214113288857
1459468,127.38031783408236,240.09148894175408
1412586,28.45965161080476,85.10929240734208
1409354,415.2000006684196,1529.648926109817
1428511,215.21884622652215,365.7249012867629
1446279,39.55317681798543,44.1891446951616
1417953,1350.0431717393478,3612.631287043692
1445792,84.85120239338634,174.44355380760433
1455232,15.254703217085058,90.38374318825672
1453361,16.10308515477928,24.688739384371505
1409045,171.90550857035862,407.27523027502366
1398171,412.0306355555003,754.8881070119725
1394150,103.34905784547664,198.7112889822289
1451107,124.62699127108068,355.57212671545733
1425413,49.746152958889326,194.13406550473977
1406112,38.54867829376475,80.72210080068797
1413190,164.28536377424143,469.0338636219318
1450548,40.97091614053436,99.79353526800084
1440879,15.77902344278731,29.058868652143055
1438297,51.55043475014242,244.4156380635696
1445915,19.63913721569354,38.50343875252133
1447844,81.21081867476336,259.13819743317896
1419818,1642.5654316854304,4431.13033576664
1420607,48.67940365594299,161.0592380749303
1401218,35.26817291321844,122.39024699071336
1449791,45.129425303245206,108.2559937825462
1434601,30.201915139256496,36.095925148300445
1446056,24.32295410653659,40.94986633277981
1448821,31.49383095140014,85.15913921661578
1420942,115.9196619932142,184.48233240690507
1447293,172.30193035583562,385.1252043211705
1403900,62.00490722632073,201.72065785255248
1439042,82.77428263454273,189.44809635131708
1459479,96.88079100078129,194.70727560440528
1408212,89.26402718329727,198.9887167661631
1435165,52.480553875271816,97.717418900572
1465748,192.30774400580253,454.2148326663053
1409053,43.30275982079812,91.34659501471542
1392200,168.17721164760005,752.0502641083245
1437276,11.648829066867194,19.08990341272058
1393571,29.913196437009624,84.31059692208076
1396476,54.10066420159912,133.42858990222783
1437105,67.56743110582444,222.0368939397674
1423322,122.5686226381916,213.51827387404185
1412466,41.06649595746704,100.31713028754048
1444102,54.529176958724776,256.47875639027774
1402758,16.78394252331344,56.984942678150965
1415838,94.63339672878745,132.24142123801005
1441372,16.740215681080212,28.55456859089215
1419834,53.82119355139061,140.12464539470724
1448119,49.96592777782989,78.11590432822577
1408044,88.62193766267183,225.7003485774489
1429063,120.11959875949292,335.1011608052201
1414356,27.750367176426163,64.22452146713607
1428062,206.26681678216684,530.4234588756215
1448300,161.88203993738176,384.3033343807965
1403484,72.50275750278585,222.34007425192397
1416298,34.31935939347474,321.274589551034
1400663,543.3313075449105,1795.6189715359162
1426544,28.673509241678847,47.63147849686386
1418869,12.251038550766898,247.58694096487545
1444406,989.0966570850794,1694.4748312662812
1427280,481.57271205504605,1156.7844678352171
1404625,75.54707062204191,224.9210249534687
1447722,52.940116810701966,123.44201842358883
1419513,92.4025993105218,155.05152779759567
1425906,331.98700928892106,520.9972645956614
1423223,34.6695691409017,74.85801162332275
1463960,35.55545645825035,108.75541414589831
1406298,23.65608544073248,74.31912278908464
1435846,237.92373032606895,564.2558883292163
1431709,25.38052582215764,93.7729518338584
1392797,30.996862612673507,46.21342208811202
1437897,129.11423679542264,220.36035938254383
1450797,30.76784436813235,83.4061668181781
1451467,50.9624863663647,70.80865666913354
1453005,104.21095648835164,160.49018446194
1404483,57.13529994480368,175.86202917571106
1392824,43.16392383753517,122.53018706920037
1451575,410.63523312552826,2021.446428243697
1418724,185.2222907797548,1054.3169010407717
1425432,26.697049843955543,80.44705363347406
1452902,18.561362907874155,73.67259833637763
1435245,16.08169222191592,124.035946487311
1446292,64.74888298227799,135.8092930276444
1388559,19.828796488985542,71.83522295189424
1426680,16.78607946935626,48.05832053479914
1434540,83.98468062713582,364.5377217379196
1447896,31.474608748696603,49.34285499176552
1397293,1514.0935850602636,2782.3129321323186
1417418,23.31317608807393,47.34682820374852
1420231,76.64232676880823,193.5719913383127
1456049,39.109651154903176,204.1040141863592
1452283,218.18806694709,387.6959332475843
1465837,40.90637617249948,74.64229290304719
1445743,681.447751808288,1978.2459218574168
1396401,86.19503876044661,248.4441995333085
1390472,25.320918125469746,126.08727950171
1465513,50.59263391144732,121.2797048230332
1448654,98.91147434563447,231.2204810283732
1396376,57.11466096614841,210.3559668641977
1407273,25.8639888512072,76.07615227933812
1466976,57.36445839469588,187.04602025824528
1428060,13.089080401671763,31.01036248249348
1395922,77.1851219180842,209.8654514672472
1448040,103.50213158611116,232.6590144228715
1444283,150.78623747977645,393.7949227295528
1423753,80.61564940364201,156.8211776507634
1459915,748.8732133884355,1817.9332271327216
1391354,81.09230445998598,166.08368540571345
1446422,47.33145707690655,92.8405624398728
1451083,14.98093857590474,45.89115668356796
1435673,17.83007172806276,40.1672074937603
1434510,108.91927097949842,284.0555119463988
1407523,20.847253227288817,314.8291570831229
1436017,68.1553933733176,223.2576001907753
1447044,132.74552654615513,348.9264197319881
1405621,35.54972838769739,95.27920898617646
1449086,179.09206178630427,562.5266186861408
1437458,38.15297332412934,62.19556971132223
1397865,167.5247633765919,471.3097732555203
1464609,97.71319143832076,278.3615592652951
1434139,27.02645262197778,125.48173730112576
1448021,38.926861206061794,160.4557301296701
1445667,91.90183826932868,271.68761931769706
1434822,24.74933399143539,51.31624417249119
1421395,89.99542631865431,221.40212906919325
1421885,147.0418487825007,301.4105491384227
1420268,46.10417389820832,114.34343653014982
1452171,121.64899995368208,722.2739336024786
1451899,24.5963243290686,116.4874259445969
1464364,33.67145469745117,61.39190998435749
1463615,13.008807852066886,21.08100336031668
1396641,62.03254696635161,145.29677080695794
1389504,50.315752620206695,79.62495636890438
1452406,192.01457310605423,463.94617297770606
1421951,37.113295369929126,487.0798849875984
1443570,10.47645987115342,42.98374478447866
1451590,114.23666930016849,299.782210634348
1425003,20.14308762002692,120.87445878436762
1460771,11.521105869062024,1910.7719990683825
1450463,138.55057675254767,300.1714617558143
1394302,107.18937049569708,207.370303615636
1395129,338.9684621635139,828.0010953212127
1442438,48.204654611838805,128.3782687585258
1394271,17.714254237645246,30.382165127796213
1466378,13.684960793256442,45.005149089093216
1392025,145.63764338185487,259.16993658494977
1400155,107.38618130911944,346.3702515216153
1424125,114.98713230519184,1066.8251866645803
1404740,134.09153495710777,290.0235057493385
1432662,454.6016766967311,931.1094253599724
1463668,1199.0229499202917,4508.88732860856
1449280,218.3589681830681,705.6940509015341
1430599,102.50008734426648,341.6094198794742
1390017,79.92862787998841,186.51123678975333
1403778,79.78880936430221,136.30131637083753
1466106,21.031507402716123,60.59357430818951
1426796,63.90784667161781,187.28346573873307
1391812,10.719050541366002,24.55809267269588
1433998,34.81172722417351,115.33687223755226
1413159,88.82383640570448,239.502752758722
1445007,60.49478520440017,87.1054972511389
1436997,100.63080419748462,146.41492121615855
1422596,93.45286230775064,268.0284143749697
1430139,46.90486099832714,92.1251708383058
1444489,68.58784185815948,85.37864478882346
1444904,111.2919900405296,314.15826002856124
1422320,83.94490224519875,162.8127059386909
1417397,55.20615438475964,130.2588434466937
1448348,1306.9635205961429,2484.915851123763
1397666,26.257469164376356,140.7946762919909
1422807,140.8097431124133,389.130536454248
1392459,26.368202821781036,108.47731308285708
1465535,41.15996710611203,839.9702740039186
1451318,626.3618886980028,853.169642225235
1418263,12.103255773443667,25.439105792291617
1443300,142.02022738606408,520.5409664926271
1422668,24.051261179079034,63.63914067613405
1448152,75.76001127499045,203.21604865591283
1421091,36.28598047722904,109.64525433904866
1465242,201.3150582141593,517.4489169132105
1438669,35.32225681386343,123.01133026683512
1444562,68.79189770966049,172.30691476380647
1432592,41.70256976929056,65.0841019281346
1418749,357.58834512152254,659.5991370652296
1455798,12.315779953631626,50.23147166902825
1390747,38.21041374160578,76.30473003292741
1444568,83.03545278521227,196.4386599717156
1439199,188.77374629178692,482.4760828638308
1446346,25.22601305796688,38.92218954713371
1423666,39.50617336469352,95.46352400737614
1458241,87.35751658217232,181.81807206749377
1425592,308.8890524001379,756.8986987212661
1416137,216.93662671800143,437.6938289483665
1455174,43.08633768486251,98.52061510808409
1425466,90.3060267642673,167.1213191825617
1401994,285.0372065463248,1461.5733145236388
1438589,93.119965114793,333.3544582580293
1401441,87.76112671572804,162.48260758343037
1441468,47.736950897339696,94.99468934405094
1390561,274.043254834463,341.563722850534
1431299,12.04495543416786,32.841379203736
1445580,21.920182108847307,31.606274514450043
1465997,25.027720763459275,62.64415447259849
1437642,68.3164617246337,109.66168485145909
1425534,21.831507654449894,54.37335652483503
1420118,465.4831314165922,1558.478579357312
1398732,37.25336285456272,61.85449475073475
1434044,88.07284905556179,115.12047968971974
1446275,18.231249329081404,55.52277581886516
1407461,45.92299210762256,149.2955838515929
1401758,92.56322735953653,162.81054828098755
1464259,49.6499791671502,419.4579586084216
1411603,61.16206687629236,174.02087838062866
1411572,346.46034948792663,623.1002045237145
1463029,71.3730472614041,210.88948997512975
1464916,185.89526896883237,471.0408711565019
1407705,24.203788105892528,309.74092905416904
1420156,140.41180492230905,389.69367486953513
1413260,339.32804909150144,641.5108011401064
1431052,83.51883422466176,201.09866132376797
1464605,10.219326931812436,33.473236009880445
1420012,23.14031437848504,125.70940046092414
1437439,616.3126739085392,1109.4371742471053
1466545,44.780141181519234,91.76135591432278
1411873,71.96906549594915,293.4437526705429
1435684,226.02134774353536,673.008772624525
1400279,142.46878153027626,346.70508831363645
1434862,197.6301967510024,460.19976856820193
1414980,32.31139437338333,79.60189634062503
1441328,16.551408534907893,44.2177533772186
1436088,11.800252990245582,127.94236475637872
1434322,916.1790044702532,2773.5889770291974
1410901,66.45243341136978,258.73766897055344
1427995,129.2496672446132,285.1030758923865
1465561,20.215344342898188,70.05726849976095
1446128,67.71945451438583,139.3134096682504
1455835,12.241737264539069,41.726706187708736
1444982,536.3368438823092,879.9756585744317
1441679,86.7153935584064,759.4527614464398
1418534,427.5257905011941,1356.7185505952411
1451421,448.022845710813,1035.039544715974
1430876,77.84387666875016,225.00637596613984
1413026,44.41240552622219,175.39553025700593
1452790,233.63125637886944,574.025680504225
1419809,22.713951774906043,35.61188401731342
1455432,13.471375162492516,16.22318983999829
1420663,14.19746313437772,37.59598488575938
1439972,17.548780352035006,36.3425631968869
1407338,221.15212706552896,320.18087445090185
1415561,195.55444021317243,408.5397065137221
1446167,10.649793511003931,118.41679273621511
1436161,41.03340117202946,79.95212394549218
1443540,61.77172303478231,4833.411180245608
1463244,137.43344542965315,504.06732194477087
1450293,24.387552596149398,96.81495676493957
1449412,14.4693438887391,38.596720836732544
1432449,66.24787316566534,283.4942821913267
1417926,46.564070420056765,94.5685205936999
1401849,21.53603628543551,52.91565797274168
1423070,83.36992941534548,206.53163317586
1397253,29.856625086306604,64.1718402757657
1408368,104.7328296947262,208.7610804499309
1445627,18.613000677243598,30.29273915094985
1410388,90.79755870906108,210.3195891343193
1438717,22.302215437272064,54.72084421338014
1450704,24.0096175815646,46.10520432849097
1447747,817.0638340878049,3025.643836792641
1394046,30.455936978138865,73.40305442556455
1456303,31.03896803522442,86.81454097091859
1395095,21.49070790104881,61.25309235852656
1406608,26.81278112570734,95.0111151450588
1408700,43.66582755203248,199.46546813108327
1437671,131.05002325356966,386.9357175125938
1416370,457.121362741414,1196.615555564194
1416594,147.84452167561122,309.90354303382867
1441428,550.1133752671404,1436.2824965381828
1417363,19.81773919116492,116.852162144224
1452829,84.42691771960035,267.9758618831865
1463992,180.5920745767572,325.6292258577498
1466096,406.969808451645,1423.788605166102
1444148,200.89961285177156,369.7467500624023
1427961,81.14399377766594,190.11986291295403
1423082,655.5349657116466,1715.3369002105835
1419173,19.48282891999361,46.30566786171444
1448465,86.97682133855523,251.09840723595107
1416329,56.95722660125442,96.97662235100736
1453062,87.19400749343063,213.24581289241056
1452491,117.03659459538277,260.0407275787529
1417872,120.4975612012224,198.9658786264768
1464994,10.794788450317718,84.7931128060468
1451123,16.5523744457583,115.64320032255269
1436955,116.44395940584955,252.3786166624501
1426973,365.1175900251322,881.1326474423682
1452987,109.60067385484165,340.5357822110206
1463566,47.52384972011202,167.4829110894456
1429975,324.3464458454888,1039.053046166224
1460937,12.470673794532912,166.35734253323935
1414706,528.3599693479579,1828.8088978709172
1387512,96.9733070345776,185.4380782445409
1464869,108.4087979295083,319.6877551914806
1420103,136.18636290793432,402.6507720805538
1392094,15.923614159466684,47.0209679150898
1451558,34.34649465702659,83.11297562834477
1451353,64.97889879892364,304.1756637738183
1423213,14.869406992335,56.21668123272354
1433312,23.285088759467712,111.13355148970714
1416830,89.91892728291573,162.5379109729526
1401328,35.75375907197013,117.6267292182652
1392804,29.5261489063441,70.01383487606
1453268,15.66718053292737,100.88521199392358
1413916,29.96859651346769,117.53451068999917
1445854,18.19690152359628,108.142555711809
1394372,460.5957912361403,1568.5992829542342
1447831,182.2057015502833,317.686606767905
1412761,93.3779922484152,224.9706263215455
1446986,138.03403452129805,1049.6672446145446
1458719,369.563324845754,910.7730867371064
1401789,16.88994758937545,44.74520525863224
1439608,14.738280893891472,30.67178063603337
1439157,112.9597994689443,421.0075620906774
1420454,1284.6137475156722,6824.619716197883
1418289,80.512910372977,200.7339986134081
1427750,199.7596642716116,344.71617699335604
1396392,34.99414409780456,115.7332719436885
1406619,70.1239820157391,180.22529622240697
1407358,44.40441755972183,137.49249180891874
1464782,43.95870786755611,96.1404095606701
1407385,812.8533517167606,1828.74562622831
1451419,142.432769537558,327.8376590862772
1407765,83.29816050714076,174.049537118878
1442102,42.123985276290185,108.32402792611612
1436280,59.5001947428492,126.33683413364102
1408627,47.741694792752064,125.31915988924388
1452287,590.4654382245399,1000.0169495212864
1419914,91.23965283558373,245.8006053673004
1449146,134.18544486508242,265.7873900725993
1401545,204.1139869062134,642.0345469176374
1465084,40.27508404577839,103.64581626519704
1420628,22.064903048718367,40.94337628415877
1441238,10.940207179912177,53.021456929640685
1442095,40.73389568884159,127.25514737515752
1435052,162.991485192618,699.4286782694285
1412170,182.42336192010475,412.61332268464463
1393181,40.701375659831726,75.8358133217885
1426283,66.38775170251114,123.2567138341943
1414701,38.77728575561809,172.8041269702531
1452506,325.45215476050026,501.732025617835
1448080,114.95438748154513,730.0521753228927
1391924,90.47215279786752,227.60119201761043
1449077,1337.617007365933,1977.3587885484717
1393556,149.64514796648814,257.3130818748176
1438652,50.91500702397847,1013.2278410127632
1407814,397.7028273016501,930.9198196149578
1447073,46.51371503031301,107.58009568011812
1399655,64.8478081141376,198.7302025458152
1437502,50.512192697808686,197.0333539657046
1406141,278.3945405990361,529.6284201084154
1448240,33.52112923734704,49.61838783456622
1445663,80.69867132292028,122.14124530115934
1439243,45.24997458900594,93.34897271453497
1409792,46.0440358372714,157.53342533789294
1418744,109.83996033808566,284.45406613181655
1402706,117.31620378088014,328.49516840111363
1419024,29.24926825321794,73.10318670184384
1419044,115.079142106071,125.60988847084718
1413108,154.66072531760307,357.3085598018095
1443624,56.03097114511023,113.98499783073704
1425008,19.622249288331638,173.93697799594574
1428652,77.25065823961302,274.08021895355193
1464681,73.31291529607833,115.40494246641062
1427134,510.2099745188768,1953.6928262630784
1400564,88.6122899035784,192.16762053952743
1442760,36.6751538899404,96.899810260703
1463435,33.12758762541622,78.14975650441748
1464097,19.632061953694844,62.63744300969569
1424752,81.86669076294741,146.2691830858422
1403406,27.95999680293509,110.33612584166052
1400602,186.603676657131,933.3388466687908
1402550,114.50812500372142,200.603742554628
1410497,24.27805434919441,59.06873934447454
1465883,619.647634626882,2225.864577460939
1429374,627.0501433268058,1329.889368013934
1407343,107.03627876967232,253.29816375385704
1435779,214.0496548896512,741.7324498661206
1419720,154.1247314432354,342.8641597895452
1458851,31.8390431235219,114.9031835881683
1421640,1002.6668509942914,2802.7403129321656
1394950,18.94073687822247,28.459714882404256
1396165,110.24065975721456,203.5287188898565
1462786,26.86880948685831,65.13335659529595
1414143,15.274750941494965,45.76037198464618
1463665,143.08797386431468,649.2198262770764
1440481,26.56676463465706,68.53666108788686
1424706,120.60483749374652,212.0996875680236
1451379,235.74713331199823,497.7753226861868
1451075,27.79073247943726,131.65576015512394
1447825,298.9083552140159,715.7007966434118
1433041,29.782888175585786,78.13149582464013
1448953,38.23693099419213,85.59325283324215
1432013,438.120362113192,1403.9382437503818
1420590,153.59567989927382,338.8906796616957
1443869,33.993362747057674,68.73969740934206
1426985,455.16991030745766,1385.1818029271756
1411772,136.34585457790476,400.7437895562569
1467964,103.3528145753231,563.2453997531617
1412474,17.563426262956966,55.798054588718045
1438718,81.94954267669502,93.7941101736056
1449174,62.86792540119328,144.33534542555395
1426925,149.5835137771036,502.9656478198958
1434365,15.243733623329488,95.13999911733478
1400896,125.33588806376645,515.9985541405023
1444641,118.0399924256586,297.3093214988838
1446170,345.2166105460229,851.4761009658458
1440558,40.20983659200974,90.18374575297624
1447156,59.31506148789096,128.36416308601397
1394662,138.27099177080365,383.6292403791351
1446016,49.13213500641207,138.3174333633439
1451867,18.749313677881183,53.73629111264748
1415955,24.06030990304835,68.57344148370035
1461241,189.2007831379142,728.3424267506848
1451708,835.9157040314229,1747.6627161595975
1415321,125.04979254715882,1127.480237696342
1451093,11.05136331022817,47.17474462086837
1451848,130.6651387295713,477.009626836983
1409662,40.44930695108349,120.46707619699023
1421165,200.08399251029084,324.63324095204433
1420551,200.96761935697663,378.6504162725882
1438307,410.5404500809738,682.2814336249882
1412006,92.40861832226253,288.2604300699884
1402877,601.9574737882908,1695.4426787520806
1445542,51.6029893128666,158.57793326051834
1402915,324.77487715849753,842.9105450225035
1437563,44.54500390939646,121.35393434140472
1421277,51.72892181314241,139.4078549580953
1406586,101.17957697175989,430.8525217048932
1394561,87.60754633023215,188.94636592826376
1395553,126.82787433050186,256.1084433507559
1419723,39.92157539706752,83.61447826300355
1447040,832.2922353953535,1180.5665635647813
1411922,74.82224162692674,189.93090322210145
1446139,11.741720474127863,28.60498788172632
1406119,16.632871262042155,75.27728337308888
1438239,32.859249448782826,72.16999379047378
1410167,20.68887722243906,52.33020640816557
1448341,139.61290517508215,333.1770508416861
1404523,169.9432362589505,456.5153350404793
1431585,10.74156772295701,28.480612806420563
1437567,52.63595292754781,227.56607026233132
1405732,600.6731467312837,1522.3501573067122
1451416,38.0147578900561,258.1498979972544
1419887,30.902558768442592,106.3588401884836
1433079,17.368174205790105,25.00782217609545
1466963,36.34675091624261,1132.3711141042163
1444666,12.2387568874205,56.414215154235336
1415483,60.95001818887752,168.3101524622081
1420329,24.627210298481938,78.49043091746888
1433571,24.647888204376525,56.53766467737486
1444856,80.88104403089852,572.7571730006799
1415214,118.67873798067804,309.2347886050811
1436560,98.99915253134664,196.42851569208523
1452806,299.54997010340963,975.2920046217124
1449607,41.493968440426855,81.22364019143019
1444903,10.623929401362718,25.251189814076863
1400194,67.64079863533071,151.665972849152
1429706,281.4483431074803,489.0230371792573
1464333,129.2878128408401,667.0693941638094
1450858,22.839900981547608,57.63089641429834
1451341,110.03737047910802,338.3386726876288
1396644,95.52971964291012,258.2244329830351
1460254,66.67523534097035,225.00837770482903
1402678,23.952047017524052,79.00903899169192
1435264,49.22267542140741,131.63463240365368
1456127,27.763811457336654,77.54653903100962
1431286,56.09854877123342,93.35092782207676
1398197,179.76302813139014,523.095690201083
1461145,35.06821342615626,82.18980363461552
1445239,111.21687246808024,291.8734608356284
1444908,129.74332315349474,366.4992444782925
1408942,59.63552476227741,172.68678109156846
1443245,10.731189763025112,136.20721354170675
1398926,188.39328671369745,550.3102673473447
1393696,41.5531598986154,219.9851752465273
1466253,77.61721954137707,229.56614189747896
1438319,130.07250167182585,295.73691289297426
1411434,17.868011596457738,21.424815511343013
1414712,148.57613938465485,356.8833705533522
1412491,316.7161864859687,715.9006822085499
1412991,63.5333330150338,144.40568723668326
1391978,114.3388165161698,238.84793888512925
1403354,530.9079198446126,819.5311574309603
1420704,319.5617045537111,974.8717003080134
1452103,24.65003549042553,63.61804201624496
1403313,55.23205214923343,189.1068897330108
1449662,17.235879719709708,36.422243092262704
1444457,175.32497850324282,947.2786761189416
1409119,12.506942951826394,35.94348953395318
1445545,38.22629851491597,95.62620016925058
1436961,24.098678121872087,62.3856024097539
1427353,53.69647891835292,113.2943709580131
1463969,20.55606181863769,51.31588519673032
1397811,398.3473320952913,981.5208681399706
1409969,25.8063185751091,89.30457393273399
1452362,940.2998471832708,4072.0307873304314
1448228,12.023211153354676,20.80994985167609
1453249,140.79901560662717,322.33367110072754
1392705,108.27065191764176,421.3625001841149
1402841,38.01484131328619,74.09060567378596
1399216,32.356594191072965,175.66390034059867
1398085,156.80432073613076,322.43513130471945
1435949,121.59371683292792,548.9719897240784
1445003,179.7250191399456,340.0256403924418
1460304,61.61953595454445,191.3670314785003
1390173,21.37113847035232,25.151540700717373
1449382,15.081377666820035,177.62687849048586
1450750,13.32246880019749,19.904764193380142
1452350,79.1407865007633,170.4374695284596
1433240,94.0433170842504,246.84575753085892
1413980,99.79530017435732,397.8161850926137
1414639,114.42577558477998,441.3543522067623
1466418,28.658480645397237,93.8171092257254
1423781,64.43759978016358,127.5301953116061
1452990,28.557268121156213,71.77440086932108
1414739,172.46255049004282,345.9493101728697
1451837,44.0855227164412,169.23393065112128
1416936,183.64907152354849,276.13847475522505
1403026,44.654124904728974,108.74213327826212
1422870,273.43860241175884,819.6595293504158
1396721,109.98543715055033,372.3117845390293
1412150,19.65455607687619,114.75842788251012
1439690,86.24795525948862,225.65620222897135
1402683,74.95134315452786,141.3091655926978
1429899,314.0135328190083,745.2669895632448
1395019,66.8484774844681,184.3504741223456
1432294,42.413561998124166,161.18160284187508
1463690,19.847499549060405,39.25110272419049
1446060,115.39728633095169,284.0880002684914
1431616,93.5593339218729,166.73331328001186
1436709,34.16893266108424,59.27949021097684
1406776,65.60578124765537,152.70137540438583
1424117,27.78553008227492,645.2711163351528
1452124,52.40019532934186,595.7229508417959
1388504,88.15493064045192,213.33615953418808
1398778,824.5079280982255,2144.9965003283965
1445419,21.013869409102917,58.10400273969732
1410678,104.81966336443264,300.3667094154033
1449009,43.519980688069055,129.81594346378952
1427717,90.24501375786063,206.34086871891975
1440444,24.578342528214048,50.72107833452923
1389979,435.9191460973896,1966.239031844422
1467952,83.5998068274455,227.6126801911317
1436874,475.66175083006726,718.4553996166566
1434092,87.3731309725563,261.8711998371874
1410208,77.38433481699609,189.1983904235489
1441731,87.62163116330888,167.4520157875509
1437453,161.64215599352,399.3015380157258
1426804,139.9824408253235,262.79235904302624
1422794,80.82347298131204,172.7222414759224
1409639,285.77154574859014,556.92052587501
1434085,154.54214179999062,309.97313681519233
1405625,164.39490129738945,390.06541070196863
1438022,31.0368403411333,111.48882189769247
1442952,725.7626026352935,2255.5022752360965
1391046,39.153084261924505,115.94729268225976
1406190,826.7290888092084,2233.123401098725
1450442,18.0624388351956,54.58177180307712
1431904,86.8314248099708,209.81398901995533
1447697,58.85373692029732,192.0467927406825
1452061,108.29397712607144,370.42521433764347
1426590,74.3781617237673,142.50161074240904
1450104,91.83892028172396,255.5504515357376
1464752,85.97250025029759,129.58433738343967
1414346,155.5338148527713,506.08541426878674
1414929,155.05162385783893,374.72531995412015
1400402,175.33439298369532,521.0825952910278
1439186,44.274102987304,98.6118488337541
1407732,49.45137233645205,135.8897801468422
1401206,155.59486725208927,332.50567773409495
1398572,159.2197277422501,407.5643717671036
1400269,130.04289218364968,284.0102474610151
1391217,35.99215746198915,113.3767339371401
1465612,44.52961768600376,86.67468555849688
1449858,45.61268545597764,138.75052675428748
1421139,173.43179942414045,746.4407435246387
1444981,85.95215925800892,189.486954766193
1390574,64.74228918623896,140.1319104080456
1412519,293.87468961749966,729.4997935890442
1406459,32.72453373967015,1734.5135715314057
1452233,82.73299569396329,287.0960219205856
1403856,136.80252662630747,506.8932502212336
1445061,12.921242834657756,30.723120117876967
1393697,33.341719148322106,39.200733337102406
1451925,57.09768904705725,67.2146509954654
1418836,22.775240837370283,60.48802867351208
1417630,91.23416184810344,207.7715951867336
1460464,75.42838670179239,213.29220153994183
1422307,60.971307143266685,210.2095064475819
1465528,24.394937742906432,89.41391093141681
1411832,39.39888555610711,90.13123330589116
1402316,162.2513332057633,394.1686581781776
1459612,76.9751571757921,172.41976981954997
1388943,140.83326842574752,1060.61468118818
1396642,23.671674874536333,76.96280420951234
1419971,303.7770227987318,1043.223602255273
1425577,21.677263686769727,76.81933393278052
1429122,94.2473195398857,303.532099735621
1465518,97.04757631661396,211.8386334836781
1417205,58.12363214870102,177.17702267851658
1402160,44.12794330869878,116.44448891223884
1447212,79.17418749850698,202.33622631280969
1465564,69.72446782641576,195.5369767112972
1454998,21.322279240000384,68.12385319814715
1450796,380.68858072042383,1136.603826918123
1415007,14.158741365944612,45.21757133860928
1416423,145.99400645152247,428.7599818271415
1398789,145.5550835034027,272.37148743782706
1447383,30.95730385534011,59.51799917510428
1446187,32.6460640836895,205.14218724575977
1463448,985.8016484169824,6200.27096762471
1394572,599.6915215816824,1511.1477070088388
1389758,43.644832384694425,199.67959301135468
1432095,749.8287044898827,1091.824233870835
1418035,267.8348491938308,673.2864380547976
1439385,119.70754421682176,276.45837761951304
1402104,209.4295291584699,594.5394465745601
1414242,50.408685813546406,132.4375509039536
1445265,20.081612426756465,44.31813088026807
1403904,47.62444689351235,89.85455052328125
1413006,93.87093980098996,246.0079067312057
1463166,35.28755961697636,217.02859460113004
1400555,25.167436668924896,62.35067009935009
1422728,498.8194524440286,1469.4938690131355
1407339,67.79882768015412,192.05010458450548
1415054,102.0116234637058,210.0443712752457
1407203,86.64657426636525,255.69569513629176
1398915,39.65564599151808,65.83678280276264
1448671,52.89743003280187,98.99056803238982
1445278,24.196253877813177,54.42695016852336
1411864,176.1729244615532,516.7528410055486
1447010,39.40982416432672,124.57096111476118
1415430,103.433197030361,640.9616662817149
1448731,16.858181815495456,44.94108210357224
1436712,10.671671494468466,30.15041276895376
1447967,871.2059127904926,1977.2993671477464
1455030,980.0360494097548,2774.8946111185223
1452421,442.4826261702265,967.4848602394858
1451210,13.07309764282784,30.98539231490088
1391023,10.304140302366497,133.29023385742866
1410722,33.42768774114068,79.1322878735495
1432644,123.0322990267836,474.0726643598297
1390234,76.60881815087323,181.91975059419383
1401031,73.75689650761524,242.11279767631413
1401471,56.44067673168175,115.09934891634622
1438241,1222.5923452369905,2743.1061044848598
1412105,79.50822894816427,156.64413245663889
1427762,62.37516724114941,118.37600058150822
1425950,300.6588822304105,710.913770632366
1460324,75.52138692853765,245.22906938712933
1404652,220.714905484028,782.0448489758805
1420847,54.19489393550281,222.0451051038089
1447125,37.53746526916842,96.79422725373549
1431341,57.34026613841083,407.5711102469343
1452189,64.30345266322044,141.1982687403827
1429839,420.48805457300574,951.852794698622
1395234,11.6765030626301,23.127886009003376
1429722,213.82149949747443,304.3347064508536
1452042,83.27526719624083,286.54439247232386
1423211,26.06912211294969,102.59867048563336
1390230,1468.3303051976045,3156.9783153569056
1465621,86.14636061255949,233.1956708549749
1390757,79.92516753087494,195.41681049888655
1438322,26.524921561412334,63.91314447729467
1441471,39.363140493673846,122.65483569983932
1441367,90.00431295043028,155.40263551665555
1434921,254.1056279032263,579.9907661358241
1433809,650.8713608051834,1378.158201783525
1431570,278.09643548414243,990.7086193892004
1426836,75.15593810955451,219.16338570708365
1420794,177.72234683869243,576.7805372628627
1405771,114.01588871508636,242.70057062526232
1439073,51.11144973795913,107.2033105180315
1445389,54.94739932934191,108.15661861262647
1449496,28.97354223789408,107.88911557119624
1390748,14.404004831033596,31.087585684083077
1410676,104.9606001332635,373.6684270596536
1388780,22.917814912677724,43.31650289010649
1413472,112.70958075242346,236.07011090185324
1408642,152.46773587465452,215.6468193067416
1433264,170.1170563379587,449.4470131850677
1445408,564.8029659606001,2669.1993892272585
1449582,299.8963254109112,815.0351210501232
1412804,198.5587454743354,458.43215950548273
1409226,127.54008845274647,556.0798283583911
1445302,12.809741136153908,26.72107225043265
1418770,76.48340687746555,352.8350861614455
1430933,53.28803033409804,418.7272835072324
1416937,438.6033933883968,846.9460185837678
1427140,14.82137534978231,66.26739326608488
1429370,58.129722147865024,215.65029160341624
1421917,23.21215976066524,71.15335254137247
1443989,400.25021164442575,1162.8702018922377
1401490,32.974951378971234,68.12546205962977
1444532,24.86094002434018,65.59809933869397
1445813,19.967049356653163,73.55064763009432
1411382,103.61009675153392,234.15242607829137
1450911,270.1393991415691,383.87680027914
1466336,442.0357154906605,1742.0461836976024
1452539,21.9521531884831,59.65299828137544
1456442,172.43264539155902,509.57868682509127
1432977,29.899859666838772,59.280413629910335
1449788,32.80860815389413,138.00972181212742
1459499,91.10721748368714,254.72819931433204
1389402,40.62515151415831,56.57816919443385
1402894,135.33089967740244,376.3433713377696
1413536,70.46180287712271,1621.3117711964885
1447164,193.67187753804507,556.83103471407
1414557,23.035176981856928,50.62223315846844
1406919,63.470816189122,138.25821874822773
1462941,430.0423731954346,1658.9215759995395
1391547,32.307951628718044,60.64871850834681
1408290,16.997753372912516,38.27096017969226
1451693,89.48670629562518,271.52581900029577
1447180,15.556582956470796,74.36932426530133
1453050,479.2903678436764,1363.2283104996009
1396368,54.83352784842568,296.67018789795407
1416471,60.94487422758556,297.7551342353501
1449196,57.525536081706605,137.53834994377445
1401619,147.30383265152415,299.65002998167165
1426030,110.17830751128932,257.6609807704294
1405046,89.44274540012972,135.5693189520523
1402384,402.1558439854918,963.2236426002644
1405434,83.04850346491173,170.23807555386622
1451441,43.51964006136807,120.70537347834504
1393059,13.415717086820468,37.18839694616491
1439541,43.77820661573591,92.68067148469012
1428379,10.847536309454686,343.3453414965898
1465463,37.67885563014861,114.0980315732768
1425480,45.26645456890511,122.49617085660132
1451878,39.830468461243655,118.65380923388476
1424113,375.6326813922933,854.8856621929256
1406065,33.64972129234816,94.01351484264865
1413456,29.635733159490083,61.10646196457972
1456091,39.68700371351587,90.09312362092804
1393567,36.75854775768666,77.48434914006617
1446840,66.79322335096887,204.8322798422536
1427757,143.53007269001972,488.6310752219813
1449698,206.0493084286712,536.0926328989378
1465431,663.4318704216672,1566.0670234240602
1449431,30.088667842541174,92.8865182215497
1420620,127.92106355953922,310.28980150397524
1391454,164.57935833856212,525.1918851199164
1390293,39.72396246060792,71.0147463926566
1402374,132.3073064212071,394.6405904861441
1394914,99.518651110172,243.2915536959589
1449888,529.981867906301,1761.435407307066
1389675,159.39935880190004,464.094092815281
1435313,568.15145166904,1818.7867866085287
1452128,257.5781853021677,590.5021212683605
1429156,21.4682016066457,40.40267101783206
1409297,142.40240619242485,226.4881047558465
1400740,67.84879627455318,114.50269641047738
1412599,324.8000928918769,732.612859205185
1441707,45.37153407474453,157.02718071188428
1411090,87.910316685894,144.3608326750455
1446466,73.2937521872927,348.5348654421905
1385057,35.88577809473465,90.54427177314308
1428353,23.72818477581577,54.2862177507659
1408583,14.10623593558944,34.17573111897162
1466043,48.58255940836704,183.0497764487196
1448233,47.91555162322765,80.81068257016435
1463341,57.25330935356043,159.65190088362752
1397040,65.95300939413958,151.16093170887373
1445385,22.013703283169374,63.22931501090592
1451191,287.1608386005919,629.7461625286122
1436628,36.302335136087024,78.10839241624134
1389254,33.20679868268424,58.247355088944325
1403800,66.62902592249291,218.0700203816772
1403667,24.1998169638353,93.6275961815085
1416692,172.07427159820202,789.7324315284195
1438041,416.573139093619,612.181288713303
1450503,209.5813516780404,921.9733932603936
1420946,241.1527635088816,728.8851179035033
1449478,103.3282059923306,315.9464482429025
1463460,89.70665013823803,163.55260585083744
1391748,151.15786256662705,345.14535740061046
1431168,76.73382086300225,193.90321238400315
1435232,86.15082373378723,173.6689966456763
1403753,37.24421395456279,95.16763978556246
1389706,111.26636360401724,253.13737732355068
1449389,16.151443731080008,521.2769564898691
1413154,152.56380008388547,613.587858732132
1409476,33.0000830433391,72.31726374752401
1449139,22.75913723639737,166.91956589042027
1433796,10.110793746702786,24.412386671774254
1447154,43.60489041203456,118.30942355432546
1390676,88.31778596970744,202.2980515224698
1463651,855.5699230658881,3015.007131472101
1413512,271.05153189032376,520.9638925368355
1442161,14.713354592787583,50.76133410061421
1420858,57.76299346550424,324.4507289849536
1449793,139.476850137297,268.3544445994668
1446336,164.39127413704756,419.3179285888865
1410524,17.221821844002775,72.0227724476516
1449319,270.9304335868748,466.4717970853014
1417758,122.57833081616852,388.7265826441146
1400296,87.19613283924623,355.169737036282
1417906,29.174210837802608,74.12529013515386
1423406,62.605689525093126,135.50287144268844
1432853,304.85361285944674,841.6145719241078
1415492,70.03560086265158,171.5237639326909
1420072,83.28669650359114,251.9255018405688
1427603,68.43201734555417,198.8461058810433
1436052,32.76799505556267,163.3171321383713
1415593,26.596789575350645,46.20019655419237
1420332,276.55912339913687,1025.0115754274325
1389477,166.4615863119558,826.2822149681894
1418454,263.3578052163747,268.9232993022176
1427705,11.7795136483867,53.86281077713251
1409568,91.85803272961223,221.04829890469003
1465717,195.9129582779145,561.8577482745347
1450810,23.746837217003623,59.25224417846844
1444599,65.36496969552732,129.04117584103167
1451792,47.29102228147404,196.96235027744947
1450992,57.78990216988745,175.82136960493392
1440261,129.99902046745234,255.2724755409687
1440368,31.399307597581988,157.0723875223944
1393525,523.4072123150156,994.6792727114714
1452977,97.38944897458504,239.37929203126723
1428599,325.9967621373217,1087.2023340230712
1412902,79.93902952570461,260.42714763793373
1427205,43.76283665353586,102.39174676405256
1452363,99.72753376546552,266.5686751010591
1464957,631.597609561213,1233.1808750405537
1392616,28.905458038592467,75.95234380774646
1436434,183.70676155905105,1189.2710230813575
1397067,19.93025011043212,50.06041308374393
1395462,50.24312690111121,101.99591631632327
1393823,41.44171166748608,123.45181187124176
1459082,47.98161457064377,137.45730160479383
1452912,20.46064864757537,53.94303012201013
1458203,38.74486597087234,145.4832410750084
1444968,447.9884841206583,1173.2204196956773
1458735,759.2523574882805,1991.954573150772
1401883,23.39339888602703,57.12919172984692
1394351,53.34331824490857,149.58627586787688
1394847,110.56669002034222,285.687449130525
1415257,49.0602800317549,146.14763962550006
1449290,113.75085190430003,268.4040351215781
1391771,52.70266245222143,112.91721009447376
1446062,53.6947155581888,123.5276678137296
1397581,11.295140473118538,37.48923681019651
1425808,150.03882666509926,482.5179270386355
1451390,40.83733287841376,86.65433336637838
1445626,57.48707726623899,270.6726713795122
1417443,21.77149859211064,30.834143127479365
1407520,147.21569993546606,370.8019659023674
1426553,94.30140169753408,593.0578626077648
1401107,103.0181711848537,254.75645200610188
1428609,17.607993238291538,41.183086472617134
1418523,13.37508695866291,58.332109577047945
1452887,49.09242074374805,104.18909797912389
1453088,11.67153137520468,29.135609256990914
1441215,28.06264093546039,58.25427410874134
1421209,329.4139678588025,884.5175352221402
1464838,13.072511536478316,24.383004805147014
1446082,318.57541647832124,601.7148292066976
1396751,105.02629610954196,319.4542186640347
1446399,24.932779440114693,48.462233715834095
1450230,12.327747561641878,87.47362722795003
1431203,76.16449433341786,197.0145290977705
1421590,25.306441058126573,51.26415279980131
1425042,84.73569372079938,123.31382121180069
1445155,13.01068068091203,33.61328829276928
1419959,54.32383962337569,122.98862905005242
1428716,470.7671709721904,1435.6977766477726
1451719,18.048519518997296,75.10330243317546
1414720,74.66221044857271,149.42435994022028
1450014,479.2477868435048,1421.56524379
1452026,16.21335270932816,30.018415036289035
1394018,126.35740366753356,411.2909964882157
1452412,111.35971915762543,255.69830078148132
1411764,72.63552731162379,99.06529914713047
1390505,27.590581090298286,75.11305328170545
1392321,423.6673613207773,1192.5816464636086
1452413,163.33379699468497,553.1948063582704
1452660,72.77191909158931,172.9178916260311
1404761,147.4521851620389,389.80824780285474
1465127,45.070858068012,107.64713881228352
1465846,53.24935544667598,197.74026355856145
1413485,113.72211971717736,299.4226097434761
1454916,19.704325981084388,43.7567628150491
1463062,24.34183061190141,128.30617339151047
1400711,97.48976333811454,221.9399744710857
1447130,73.64336735696602,203.65610840090795
1431431,161.1762722972634,501.3326934655751
1465902,101.98777472147432,246.893709142594
1389038,43.9056656520762,102.90401928778316
1427183,365.1259177536611,1099.3421742417318
1418626,54.90116052838387,472.8775358818075
1412606,35.17014697612957,135.7499542801601
1450169,70.44383334538891,154.05416694391363
1451541,22.164150998675375,53.30672371447497
1465198,82.87654362747922,195.99965434919827
1403056,70.00653206991241,256.97382292902427
1447552,45.66727429573408,130.81737262694423
1415680,1021.8098743682924,2596.028726771844
1417505,39.017414114691945,75.09514703464582
1402547,152.92553585557775,290.37939764649093
1463753,37.16665227444635,204.19656071153585
1394980,269.0076914254112,56.89840181620991
1449716,43.11542292789338,87.65245781052697
1451987,24.605950410947308,69.86451661346437
1437223,17.73920507128142,14.482850069927837
1408768,125.47082983109438,318.7142568369092
1438866,554.6881447641348,1710.06379348894
1446386,27.77813721126316,199.9354906035844
1458929,196.30710270035956,541.9248732261948
1440680,54.048339417300944,218.54330033168955
1452556,65.87427703641342,310.8736290555252
1407849,1035.3268404710534,3238.388160068021
1428620,20.714956779034065,63.52044604896204
1463253,30.626468447036384,104.85113182943682
1447951,44.32610310215075,96.75229392963551
1452837,38.60728211805007,154.0050306068275
1440703,247.2964814870176,1368.2224449967998
1425283,156.62538676475714,1296.262923402588
1452764,19.372818431957693,42.840551178014096
1412591,15.55104920886552,65.09175996532936
1445977,46.9805406158006,102.82866654991282
1446984,18.115821371564383,29.177220404552557
1433310,20.10131629554184,48.56853361739418
1446912,162.0013733809953,388.378882309877
1459300,127.93523293160412,802.0532847802705
1430292,19.88752407113151,53.0517288921432
1464262,22.189668976134136,69.60179828556882
1422516,63.33953307624454,238.7549153462726
1435759,83.92050506729277,177.54441574637016
1411141,60.77604346435067,127.74420520597066
1449693,42.94868158249969,119.37532812183532
1445196,199.2115538108225,496.3671285833576
1432554,97.50402906813925,209.16797123658117
1403371,99.95148487372866,207.59381398561197
1411235,106.09931868686678,346.33099898929595
1417732,699.5089790484907,1570.696627336575
1398101,17.583025300652906,41.81525393727293
1462938,115.08345062814564,553.4428606687122
1449997,17.282088883518007,31.99389770782262
1409120,55.09947274776041,172.2655579064812
1423611,28.30082476888368,186.70370227306856
1389488,202.3432069806179,841.6795899657931
1460268,113.588606354905,327.84038464449094
1389198,178.96707660137696,273.5655299284281
1447503,63.72387246478432,177.32462453284649
1443900,37.51244993094425,306.4011117393002
1448899,91.98701739692072,167.62104640029466
1445690,18.74253847152523,50.68151552148736
1440761,49.99032873129569,111.67291652946224
1444567,16.983890158946494,97.9288247050088
1416295,25.483249287244664,73.69217799485735
1452781,99.33607958125316,259.2909844012162
1402718,26.20497619028089,121.96168525223712
1392878,278.60532400695496,448.8520135954618
1406701,102.56241140836626,165.93307898525975
1429427,201.8051161330932,562.744671510881
1408577,47.03680755756768,226.95415069350477
1449581,121.75668263728105,186.8846967296717
1450340,76.96161215239849,159.89680090415465
1449621,786.6684706767629,2313.022778090563
1423606,16.049109341241845,46.87178027336699
1428847,65.1206233298609,158.5584136697017
1388952,18.316557362725487,51.223313785345134
1465345,71.6950384649348,304.5599840651076
1445651,38.27383866233851,102.63413095051436
1399412,38.46294987302802,492.94272790940863
1421527,114.80805833983769,254.02371034423115
1446375,21.69453314391717,54.442746191677465
1434574,75.45685981320665,207.2059501822792
1413795,12.644953053173074,25.384810629697665
1408823,51.65416773931985,139.40554633106535
1446777,37.00157647728079,123.17745565276805
1397529,210.3376521338089,737.5569968099189
1431669,55.3434650424284,162.38843834249602
1423298,15.867956425122705,49.246398263650114
1423234,93.35050902987696,209.03536954545223
1403987,76.68045709501634,196.30514494678175
1447224,29.55934097477083,53.85194195054969
1411722,56.54250147664518,134.39036751121844
1398382,149.10963577571553,310.4320666223164
1447314,175.5750211218342,762.0371917751978
1410836,27.526957259548343,59.407231392531536
1443092,22.41983400221589,66.4168001291394
1401972,11.846319317113757,26.85273355453312
1389811,18.459920059288372,36.43119163909411
1429177,319.68959228065586,1276.4529978223816
1451607,61.41476537693515,172.76798258221248
1417171,39.24241813950577,98.56587049074918
1463462,490.3173660251478,1150.1533595922256
1426617,227.56233998999016,548.6215302687732
1435632,151.4549272209053,888.9547146844111
1447188,175.08637039156383,627.4656501838464
1410025,27.25437260882977,58.71139954794749
1425908,14.835852045215958,9.400180151467543
1401882,180.16937484331552,373.4633724317499
1423712,22.838874162440387,46.84369791834019
1426867,170.0129982272692,397.537656980494
1437830,69.43923614617637,236.7562027464004
1450652,78.94905000576631,361.4396358826235
1451725,63.28239581235164,127.05705820908132
1410893,27.38387503828796,43.78097876899525
1392771,37.3023278735791,49.128939406740855
1394784,209.80993481217013,930.3621153878244
1464500,53.48313815689031,93.31846390883616
1402716,24.668024734907625,94.54833109949612
1419029,47.10968878880112,97.94751149957044
1449214,43.31808695756298,98.6563056444846
1430034,418.9549514440303,1546.170388384224
1410668,100.34323255239704,74.60743100437223
1446865,18.780877484673308,65.65122238552829
1448605,15.26988493189368,38.21034306192684
1409953,20.786232328385807,43.20796157577538
1439351,150.13070016260232,353.40903639199337
1427605,111.17370887233234,267.12809192893064
1395172,86.48693122994996,379.2351695354244
1402150,13.18513924998356,33.078949560537126
1452058,519.5914167575894,1134.82220649819
1464496,16.691827746978596,65.7991046463546
1449706,529.4854779652686,1292.7844957599375
1452747,2051.381720814619,9523.951040189544
1464310,347.6571065712273,977.8915263207527
1459295,121.2248005430325,257.07891152799743
1464775,105.69553068994318,211.6082290319882
1445781,17.559709053641075,32.668620441154644
1432456,85.45502676301095,224.24859823260252
1431587,37.83973156102935,94.53279168802804
1422924,71.38939973560514,101.28303725552882
1395678,59.28422246047565,214.7210366908877
1434320,27.92768819982541,95.63597283938964
1405788,316.9153492824765,1110.5236300306465
1392568,43.605922223523656,171.82864579100874
1459904,181.1956329102422,730.6038438615635
1446222,14.277427899257685,30.14388031761314
1421976,597.463367618923,1519.4927759736358
1443828,51.81888022814359,159.3648494934239
1414119,22.862638692797624,65.2241343405283
1416391,50.53566677914706,140.84699950957148
1400537,233.606610767543,839.1135300201245
1442408,171.79757794467469,598.1286035384646
1426842,32.28064209149971,78.37626864877942
1464219,46.820536965407385,79.3589013921095
1402666,185.8016458203532,646.5752616553647
1400042,59.98163698520976,152.5086234099768
1388799,23.093963672181147,51.29245876470871
1465038,171.47716522180295,552.1500348819757
1450397,46.453153231393394,122.83249138612685
1434298,727.3107285237435,1097.586171446012
1414292,90.80970233070336,320.2971926913422
1415178,86.78148065516375,228.06707412950345
1411889,184.2173547794744,799.7386993942063
1436724,363.6351821425636,1056.2090534914298
1418099,16.788199560230943,64.55024320102251
1400087,14.493602002120726,33.17814963662218
1449970,49.238683022838906,105.10198681236852
1397796,118.2802086240982,268.730692850912
1399815,18.71776911621508,53.02634735258764
1403998,534.037502536485,1436.6710010535696
1428794,126.28879315981452,308.8167933308161
1440504,119.74971910525144,308.6414608453229
1447318,43.399808781359226,157.01402211246668
1419292,31.324330380614636,83.72493710289561
1463938,505.2839186547643,1400.3942335752486
1464950,24.680912051801275,63.38533264193632
1426324,37.29661376357354,114.23185267437128
1464852,44.47886798100226,137.51542059958828
1461207,77.68934344154965,203.8738393560636
1396091,28.830451942801066,132.76640742790676
1448947,14.247240021041463,29.99543288530776
1403280,556.7304806560633,1494.598643225803
1449937,12.505805806330423,23.888814701436257
1444080,33.092860740850206,75.58660346633324
1392217,28.170548950695025,67.8018356649526
1390116,45.30144679060396,118.78534678154956
1458682,60.93282347282173,258.0992912530254
1442470,67.294590926407,237.88555142311685
1446178,45.80513177383854,73.03602708044106
1396297,11.37205567988195,38.40285438912495
1428730,134.43162495109397,212.6794247883417
1415810,53.98461055158533,204.74721452816857
1435436,228.22031396841703,529.230390338797
1448634,147.96302246014173,511.6117202937425
1464478,31.024471628977626,123.24522751542142
1432454,229.04957975954292,784.4255366654861
1392491,117.77201462583922,215.5820327486107
1412765,54.51832100706286,111.62028509090467
1446890,333.74146400531635,1237.3762495462415
1411448,22.103120187143336,84.49267530289788
1404835,92.0050998272585,265.49330773460576
1436379,182.95063425930925,351.3042024590817
1443845,17.61567363532994,71.67859126169078
1450707,301.0472984687601,876.0873921440002
1447848,108.56012421630288,299.22373354018066
1430412,1190.8636084295497,3019.486050527017
1450239,30.04748620784141,80.36292650868387
1443159,188.089679096616,533.5922993530913
1445557,59.07332017883141,804.3005069127522
1445866,80.320177216669,174.41869436376
1425202,73.35324056098854,228.08155170196372
1446677,52.76471344747703,104.99088545695564
1407497,177.8266970378103,405.8586770686222
1438524,65.67051174204234,85.79565941410637
1463867,271.9184013013286,1867.0855994531285
1405110,136.625608206957,314.86171961922884
1409624,205.5148240180912,482.20974731113193
1396774,144.77250623248858,275.260928974237
1438959,103.8385230029318,187.08113202923352
1404389,131.88324915953083,355.02646192401176
1409958,21.447784277879038,40.12211189735238
1430540,67.7353087238541,211.6430788464997
1433242,31.86897877053292,68.61766822745871
1452274,62.78419849825867,163.84201482480827
1391352,17.53750934388785,29.60093667449328
1460318,126.31233906032436,342.30977246645085
1422423,92.04499436073476,183.36793735233752
1463248,38.51588353289689,114.09155967303184
1417722,117.65017562116064,165.72004383574009
1445773,136.01780375027994,313.5544849073032
1435862,287.4781550108674,585.374186837588
1422688,101.84608478787024,495.4095763882349
1400349,54.611887839635486,206.87197882915007
1465064,47.39245075258616,73.57716532109899
1466344,94.63169549751412,245.7751452409436
1443409,19.776750062342856,102.04860213160916
1465123,11.24623419851685,29.01093108191632
1431284,23.718829006943157,78.34648669812901
1403412,179.46451558306197,295.46565978072124
1392800,63.63444001437082,255.71795214264364
1435917,145.15247864101818,426.35852988365855
1451007,13.53485857428396,69.38042076447178
1447355,233.09750831011004,1000.0048773456224
1423624,82.55989104451942,152.32270935966935
1396409,12.30743416059988,34.69105635463818
1450181,10.68560316101506,32.81727745853864
1399290,57.11698740302855,191.6199142722266
1405426,182.84455419930924,434.2636360676004
1455517,50.39237385758487,108.93823174528865
1411929,238.61810203678277,319.1325579231081
1448944,13.042861642693849,46.88501186179187
1406354,1616.1398959425446,4595.258858251862
1393937,122.17168919769574,369.646119857622
1446881,89.77192784595371,284.73408391668823
1449534,39.99050019953191,111.4514263979864
1392319,133.1848843797556,412.91211683724026
1445857,103.580401759638,254.67290453843805
1449042,42.02047869837905,256.846820480332
1393954,17.600769212086956,61.59506990048392
1444644,24.70170513974973,73.85127789596248
1408547,68.4065810035174,147.68579447247848
1452239,54.0923326325464,213.10939417181268
1397888,233.92472917339663,472.98350293495474
1426027,125.943131554561,213.9301863800887
1444545,13.721269740290053,24.797816648046307
1416767,94.13037771087896,771.641314238362
1445179,165.37486984473423,413.9387614259956
1415952,13.929078143548251,42.55790447806047
1446821,553.665080892187,1650.6856665111006
1448094,34.82390291013125,179.5359443277399
1450026,16.318710161005917,103.0577675444868
1428348,89.49860000385848,289.9600150848859
1418317,92.18640696143636,220.6988624516121
1406017,614.5559825256122,2737.582608273724
1437041,110.96158949180888,1796.504982071413
1441493,39.048283706029565,223.510814328302
1403930,52.12130413729708,121.1990821483558
1405469,885.468144592655,1910.848056620177
1441580,56.6331062209569,125.78005912922748
1429634,28.76611295166428,37.47242036704878
1418414,169.31926169822952,355.317678912206
1438324,90.79931506203938,183.75853561544648
1423791,20.32264072821899,59.731471182711616
1428175,72.01682486823572,182.49940077979025
1448774,24.695097834179744,49.55309493817886
1415328,31.465254940961643,157.60701779267868
1455521,160.4565723560275,512.8616271015205
1465111,74.60937552242511,254.66471285075184
1445950,79.29716560908676,194.7364608117008
1445751,38.8112727976845,1828.5179184526949
1392606,81.91447293716976,220.3724698456437
1447369,23.113987382246957,53.52884178260211
1388463,130.16747066347114,433.3930542563601
1421535,11.274565371691857,26.192980165279984
1390096,35.678003985987665,85.63979250957412
1414975,334.2705200064161,1112.8119016924054
1433883,43.040617414421966,153.24597331426423
1428392,195.578955225454,560.8109665198949
1409606,203.1087453445862,532.897104389529
1421256,17.055666658200426,59.26325219710225
1439126,19.12654080365911,37.51015296382948
1414182,37.086654474977934,47.50442572918436
1407615,149.37919599440184,319.56379545531945
1419741,36.27058372613955,84.67195796711998
1395245,28.298411384291832,217.93481722424207
1401918,35.38478936706198,63.298439636604726
1396328,13.119495663208182,37.681587803141134
1450769,70.57689578775194,234.2627512601503
1412084,93.6847201573554,428.3688736840277
1459234,192.28534251007096,415.6769424532648
1409382,64.16349835703792,133.78357066074636
1413509,258.5864220602933,717.812985779208
1391573,39.23595803866614,59.62421511233154
1430244,197.6603657653508,207.81348787036544
1423461,43.30697622161511,77.1567106719187
1448816,112.12588054689576,177.1110710571597
1437066,40.82802379057502,948.8778668616555
1465923,170.27341435142577,123.6146392908014
1421728,30.27947881147577,57.98356685563163
1409007,55.76316945502484,190.715486763048
1465104,27.652022179873036,88.40915060601868
1391194,54.1019294465114,75.63090683169007
1435882,247.33303130219684,493.6555636406876
1415303,39.81199328374249,81.67187738585824
1388929,32.5588461067391,103.18849276679292
1448061,78.84921955599721,190.472919474603
1445893,38.87168652491297,191.80777004206251
1424746,32.34828581886206,54.21854610917452
1412839,59.13734293273744,136.57565383562846
1450081,34.09007473534508,98.79420994639489
1409433,91.71907383305869,186.97885363141324
1417724,175.09872505640854,373.59747050593165
1412961,54.89546080247558,257.40022786989243
1404666,40.4533994102912,110.26877483684189
1452147,51.641957201772506,90.26388153069873
1426045,17.362757803385982,155.53412187881156
1445794,25.706021629966827,59.06923145086755
1426381,181.1262697327636,870.0922591250651
1402914,54.72796808809254,244.0963039621158
1449495,29.390471893543538,51.79247408998942
1451363,381.0290077024992,715.2182935466649
1393864,42.85250249256817,78.37483276016913
1420575,18.566664341266424,68.44368448606697
1450006,67.5248640970016,540.9135587401965
1407378,10.30118120381985,31.437922599529852
1447269,67.70318620088575,193.68884646471344
1449719,12.178080707779875,88.09290568911086
1449578,96.74447403911292,208.8101858769936
1405399,174.90908577831846,555.3988664134312
1464130,20.370119535774585,48.34008841823957
1430977,148.9601252193944,242.13811997253697
1449164,130.46422222336065,260.9030701126381
1440829,92.3188612107111,372.5875015364875
1390034,49.32101682068423,116.98574003930337
1438515,66.36846828312687,223.96239753590345
1441811,58.26880131756048,155.26980883868472
1445927,105.67442424131151,317.3759265392517
1451320,215.3262213884244,797.6528119496727
1453087,101.46174259499436,229.4566939707536
1443693,42.85662075694054,76.41846254275195
1451819,165.1312516119896,433.3275783872039
1396312,14.990757662707896,56.51342365293351
1432263,21.30146196997429,40.08724459772394
1434330,12.62772674584035,122.00340221279372
1421915,18.272336048310272,61.187590766902126
1428381,181.1853778946086,604.3551746984119
1444046,36.31703278900748,88.01789325025793
1449376,396.4490872255105,929.7184953049308
1388172,53.48066491837579,135.29429047274348
1409068,28.055678948755503,71.82452995590113
1401456,114.15672832240416,539.0641129061189
1402772,48.77491039370173,113.3354573388105
1465351,20.23481237264831,65.18366747931502
1439582,358.0658002595709,920.8886647559616
1424933,96.83239705547446,170.18628007786302
1445176,15.78032255802316,48.52483088708436
1434204,19.05500424976952,35.8908007223356
1419226,225.41638144829963,396.1077499897865
1408684,43.70468605268647,121.2302045482513
1442699,686.9731443420293,2378.462899603461
1458962,26.976704743221383,49.0635601183671
1433024,368.52771358324543,843.4631177150957
1451847,83.60916798634089,153.36023776535842
1446132,28.167635151656327,76.44874629257299
1394206,63.81985754562949,214.32611889273488
1419199,98.08805344495578,238.2479578402214
1463978,62.33450212121871,149.36774332195753
1437968,129.96231612299383,685.3921910126131
1409420,43.37035964493924,78.71214672479972
1449005,101.17737811353588,194.9698884411459
1463280,68.03129539614687,106.11395251244394
1441196,61.06344224850175,281.28246375236574
1455483,149.58716020469274,449.4466027285118
1426085,45.37307368961957,131.96770517503242
1460975,27.215684478669655,169.67696352596766
1446415,97.69144903470512,134.12457323204168
1428995,58.94948330961089,171.65338648880348
1438873,74.98911077900358,150.383902962989
1402591,36.33674747833709,85.31645979441079
1436015,90.6149625899576,157.83669710529426
1391594,159.46906816817042,1201.4463215220155
1447304,28.131821528245705,81.41642880331686
1438439,104.8267409663343,181.4539498061271
1401048,298.27551449586133,1131.950252920893
1446172,15.071379595692532,40.793420138982974
1437424,289.814577933688,908.1121639509702
1418916,43.14560662307076,124.47117580284676
1446314,41.13420170290595,361.9893294519458
1395676,29.01199450687957,64.14282580295531
1444925,33.857756671002726,81.43170936375152
1443710,33.11523639241691,60.97153047426932
1391092,28.395909469961133,47.39252879791905
1426461,72.19182235664712,165.97631849635968
1415510,68.64900791604812,180.4085506162401
1463682,265.43739183408627,764.1589696204983
1393040,286.7575136329133,642.9978781419945
1412094,57.47175593246176,196.07391082127785
1418718,20.275128391069437,70.80793517120432
1449564,200.5897767117402,437.03100707481326
1436246,32.64195689243667,44.37166704905103
1463527,34.93469852713648,103.49542066251853
1447676,52.01326019149956,153.724989705535
1404509,202.9036982198648,438.8163675508438
1430654,81.54636388281604,203.4200514454308
1401501,176.24038323867111,278.95956400150266
1453183,41.11768714214983,104.06067638895024
1430444,74.56540934839674,236.0976336021561
1406136,84.87768777289135,311.27926859729
1451466,94.5709660944272,182.87981730143784
1435771,33.62638374719406,103.38393176523834
1402025,131.07840495253456,577.1368128744062
1432906,49.992882712641055,76.70796170408978
1389284,111.89265132811587,302.3604604415075
1422488,18.326456554533525,72.90438637916616
1397784,575.6366535605638,1597.5346763385885
1438870,245.1802274720952,632.1956203272447
1452392,29.13707652720479,91.02471238785895
1405100,19.34873883339897,39.12018082418898
1428258,80.74140266090087,144.40962509738551
1448680,51.26590704780264,135.9231583334066
1406468,68.51892335664174,136.81513250295183
1391351,59.17928925106494,138.03616552944237
1446250,43.3932597988778,135.0096971500076
1449570,650.6271824807556,2029.3739172604776
1453176,151.7662802574172,514.9449387564486
1393069,97.95810393344036,211.91525459067293
1443136,298.88189887609815,968.003069625202
1456268,19.91703289989012,150.20336666887442
1416299,12.428633597952985,28.998524141266127
1465181,170.62196905582587,532.8224135530572
1398866,43.59376881477896,198.75929159755967
1392934,52.04405277040228,124.49723117576865
1404907,84.30772490704312,165.65969408830213
1439476,38.33999347742206,92.84341643264884
1404423,17.96212104658881,43.80004205100143
1449842,42.874338662943074,101.97776675138444
1398695,239.52586791726995,570.0913176539566
1451821,69.292951766703,150.47669885715698
1436474,33.45689722516845,72.66061879348683
1452160,47.653888641001565,278.137095900126
1388775,230.49274662258503,598.0664879836709
1442981,32.91357525934002,65.19198119925318
1405436,13.72182768869098,168.89598968218962
1400995,28.698211919876204,158.67684889843582
1420463,42.99499357361246,270.31952986661514
1448226,70.91585165446253,174.8698854312198
1437083,48.981125715385616,112.1178741095914
1389505,322.20977490066144,1039.3206436468024
1411810,89.58719015401482,171.9861906374459
1437740,40.13294764641513,182.32506577755484
1449894,32.815485569774324,119.24492316869308
1436944,23.346906741452216,81.9856571069784
1394963,137.51289356831336,404.78258231623226
1420595,27.3717496329871,66.20223825172071
1442178,62.23083917736268,106.54500522050913
1388854,51.82353498307718,146.1205132442887
1444621,59.83439955203557,205.05522308965837
1391061,25.42654137556981,52.55706070894934
1436991,41.82527535732636,115.61851322021926
1450883,67.73987725863553,185.6022914164485
1432745,23.25210284220206,111.6733088234172
1455463,33.125944350500696,68.16385585293023
1461050,32.17572302865555,97.44106522767667
1444558,102.20235821645012,209.7935815716656
1413125,119.06678903118122,284.03399785242925
1465122,63.92310394387376,110.26327869784804
1424240,16.155481896367345,47.35813048066538
1447317,356.9312527112966,730.4809624042264
1421573,46.54473089214495,91.71604291877802
1410212,202.74869647880783,1211.6309327903414
1394299,126.0667397034088,412.1158072834892
1451101,35.72113317732581,89.34010000484966
1410945,29.13789747411192,56.522883063886255
1452158,16.556170186527996,453.734177598042
1409455,245.0232010603305,2890.276918213164
1411340,53.85066074265813,124.21820310926444
1418408,30.41402637536572,36.47018156027641
1443148,36.7272287517627,75.85905837739183
1441051,109.82327314192496,273.2329174352247
1408241,22.07947541331044,70.79958091294674
1450723,1220.7453225962408,1993.523888005373
1387942,14.150797953195015,36.56463637959113
1431348,32.56135154336892,69.7062628158598
1398968,12.219512309068335,57.56693902218947
1452585,78.90365141803157,138.8536087267386
1450338,160.79869963618725,640.8358218852755
1427217,53.40388313309833,165.18693992260597
1460545,17.187579257593185,65.70922985955771
1393414,69.23513989688337,198.4738526776093
1449844,272.530946641325,579.9496817784266
1398617,14.4439441417651,48.29828286065165
1447281,16.376278101787726,53.01457059719351
1400875,17.623299579180095,32.23396468064999
1464274,23.294542109290138,119.34870985530758
1390331,199.93001914499413,958.7204281771474
1448374,48.93331427731751,117.61353103433052
1450549,55.59299379761698,98.04098697977136
1446291,22.60628501352323,49.5508213866135
1428561,23.45714908139275,41.85608395834424
1460576,395.0286550802741,1034.746711884607
1429759,275.2642822080327,714.1636170420895
1412389,235.61132550229743,884.1448812809261
1408782,33.2578184564424,72.20845762324501
1439846,43.218477659173416,102.26101991088063
1461111,727.9322395057716,2164.9201589140703
1418659,318.1098512485968,853.324367048984
1451992,159.95242648378783,350.40892979598755
1447701,100.43090556551236,542.1571467821503
1408427,32.74070568968052,66.88047757117867
1439908,23.029264803858883,27.07678669758292
1433887,21.812160026337303,59.96324006903784
1391156,16.656597266243846,31.6526923815854
1421970,12.174385589050868,41.76411271571903
1408561,334.26396515004336,614.1048849499217
1395336,445.9666888676707,266.2069982633841
1423979,160.79628760810706,530.6202017873092
1439297,38.31337516809606,113.58111763407764
1409203,152.95289925354044,328.9437088504536
1465443,62.55242145258919,159.07548337354066
1462552,102.80413375317028,325.4302631980617
1463755,110.23594378694916,278.5392892935823
1465079,166.27031587980318,375.5949721862051
1399568,60.28395285015648,110.24227313493458
1445306,420.900739229952,742.5833027956709
1434462,70.716054507784,164.86220333538188
1448693,444.0600621659692,910.7960331374736
1451680,58.34027542474936,129.61994101598634
1445573,201.19102012767783,490.6503901796864
1448963,983.8721637404656,1891.036629484371
1451951,37.72864321653915,70.75081615325865
1389901,30.86637365935644,123.36619692868015
1417821,324.7414819629211,718.887069429343
1466564,52.03754228218097,144.09584348070942
1447505,37.562338317711706,113.67748170923856
1404520,237.96327485289524,594.087245816224
1455982,26.069824901643997,48.80220576186438
1409583,53.31531270469115,173.3432870156796
1444942,16.70125053830523,36.49388499131916
1429146,242.7066412944385,401.5547041540004
1427680,147.46173204423354,294.9334380735089
1412320,935.1641150902497,3462.767718723242
1460713,67.4886708957053,151.60513778987112
1421537,17.436185559095748,35.44552179513869
1397351,116.166025322842,236.61757141267208
1449856,89.5898397596793,221.7884523804988
1426213,529.3216081235914,1082.5753822711397
1465956,142.38869892200017,381.0716658581409
1428749,14.577979524252877,70.47087502330412
1457231,47.773541769944366,198.73913249460207
1450910,48.16783510179316,83.47224718548809
1409360,45.52395900702512,86.20135203582001
1399215,182.22205453320015,561.5873661441143
1449954,58.183062622315134,97.91619863197732
1431063,196.6622110652152,555.9870612513014
1413432,32.879841278550195,91.8434777645638
1456129,35.548511645393624,281.54287409754374
1430610,24.62075934042789,62.716300541208426
1393585,51.26740645422754,108.12369269282632
1452271,16.92962295819673,39.16843577149924
1424974,1504.2089192543888,5156.263041461655
1412246,90.99640652741182,241.0760514296445
1416613,99.75680041021364,547.7182249343966
1410991,89.2183485086379,244.28426115872932
1405238,145.49966115291326,223.36134889960053
1396984,92.96923002243314,197.5692114820785
1439124,39.22872277889476,93.42693659772824
1413935,179.69314542670568,510.9199822277658
1426090,21.238310460922715,82.11192156330624
1388725,34.77029853466554,42.447729536178414
1427262,488.6898823256215,1433.7368867568694
1404611,254.05151766844224,950.4726504659684
1448055,53.60016379717613,140.07177137781983
1445766,423.4430277107561,1203.0074339219236
1420462,142.56258661964546,606.6353562547001
1435540,68.40667036204616,161.2728963410278
1449234,46.846730477482,154.53692361637505
1451386,74.5253997129193,186.19803133586
1453103,43.906778854442855,141.876405407731
1447773,13.781014627765636,34.89991276359183
1453157,144.90847346472702,550.8928783925029
1461375,287.1113829319995,1098.325224139233
1419516,36.47665590326466,159.482605645867
1438713,17.078507069395116,94.74875583253468
1429732,39.15529542044407,310.2535768776645
1403931,46.57298793880128,122.5164484045002
1445161,21.18408312813531,85.14706491444198
1413798,543.4664375777758,1233.830393027275
1450393,72.01109210511072,130.28100878788484
1392506,563.9548191537478,1010.4216624147094
1445630,26.01909453202345,51.13277557127271
1409573,53.94023103974761,163.83717146875154
1437761,38.59791528736562,102.4867420059422
1406169,174.38014415368357,434.7552102009502
1465847,25.024202914277872,70.77717776352766
1451726,20.025287247172567,66.454987921405
1463563,61.22595579563653,385.2790058054669
1450290,217.0869021718921,502.0868949900636
1396649,36.43534633331082,112.85705243797425
1444546,356.3003708191214,565.8972309816597
1432856,45.93331860967001,121.96519262751508
1431640,25.90489257872441,87.36590263160389
1440610,178.00446807406283,601.4545855098921
1447071,19.55305645009309,32.16905643172903
1422331,71.37751992067837,136.1282091429783
1402231,49.08861415067691,157.54444987380396
1389269,53.270705793761046,141.37742651559503
1419138,39.36221493005826,61.03635940147785
1432094,48.26069007791033,102.5047748920029
1404718,697.4071586017143,1875.7929985449043
1417157,82.96061764367096,199.5176697615748
1426725,27.10935266753256,61.48968629672306
1450728,232.2022422642772,437.8911728182084
1434079,157.89641399889132,266.1636720360105
1451917,25.480410110082484,71.2114921685333
1449011,119.20783720355352,171.65376751057363
1407678,13.102669078905825,51.584985365576415
1459190,161.8594441020083,485.180522811959
1427125,39.875640430149,104.94655234019488
1402835,102.0372170790088,213.4233278445776
1451309,97.5935514989381,236.39405460241016
1451234,39.59631809022184,123.79355734064607
1466243,48.47442185904444,166.6254595700505
1442665,899.1078427664211,1406.484616727604
1415013,16.577165268321192,73.6567919985196
1465382,31.756816209328207,67.89730521653111
1441599,44.97703894710732,139.34582969893793
1460290,24.071852435837545,52.10109503219747
1417835,47.50644023967555,96.44924027448889
1412359,24.95934936761337,43.43515123680197
1412237,17.535659953211162,15.199864814840057
1439326,118.19830716126602,580.2810906103954
1404710,57.48116013721928,127.76795780886788
1431532,112.27629320498863,299.9531081912565
1436351,30.147740122802382,65.04452875681753
1397117,16.889181361278638,83.70633723443012
1440337,36.77302828885298,82.65105981281455
1443930,23.593203317329056,95.9970599245747
1450642,76.5650259951517,277.5152954960509
1440289,66.89325472115739,119.4046577728089
1394988,45.24797918824802,144.9879918263239
1402425,14.659097866900709,29.515259513499423
1448315,311.88194393511765,1131.5285062628068
1405432,26.806489240027854,120.63588808706312
1424908,112.49435693889464,295.7669302972359
1451144,80.54305387991764,111.38126433049584
1452234,33.78069993351204,65.68702415204949
1465157,17.358593915944876,41.26599452999877
1419545,34.377595538947844,86.992024716181
1463555,16.665856632732353,42.39105464457732
1394155,96.42490992761898,462.2577165220504
1455586,37.53253751327527,178.89493456481614
1407490,162.13737616737652,353.2086848543541
1451497,254.45360135336875,645.223150704921
1438172,53.24458234880533,135.9501344655209
1389093,51.5581229770446,103.07337572156568
1464242,392.1656768844716,1098.2614425833135
1405549,30.271214802383863,92.9522949163536
1423196,197.8668135287217,398.09370388649
1392968,139.9534210566175,447.1676923852263
1441022,55.45525986770511,98.68985743211324
1428663,764.392873582697,1871.91914715652
1462907,20.03878866774781,59.60951663897738
1396818,114.745605109195,290.2176605251466
1413660,25.726862864519997,50.223338342463485
1387500,51.55131344034815,175.1015351371664
1413737,2012.717027243677,3182.9154903174986
1429154,31.69195657550553,251.34594000662813
1464564,17.100710583631198,77.81907157354388
1462784,63.05317586232466,278.9628240411284
1452258,124.5265827203964,350.3687086462604
1429774,70.48085960483101,181.6196220476972
1394429,37.62200862273975,100.82355542613227
1424073,66.91015727096064,479.7231516580275
1446602,145.65450436340595,432.8546799795499
1448521,58.61263231312949,153.63466284381605
1449247,27.5527263502767,112.36047321374944
1443801,107.9706676087078,309.99882629270354
1407133,179.44773360477484,288.9003552719475
1421646,51.19793494094497,99.95904186238172
1403148,32.4265062474149,94.56158340433272
1447090,39.0865039688763,70.20421263157462
1421425,293.08149262802635,569.022145789948
1464404,11.102644883558558,36.12801160697246
1397233,18.43898691523138,67.84086826002455
1404829,42.25996973058376,137.38105890436512
1433653,82.55002286501733,220.91127333419973
1422599,10.463419102156765,65.42318189676128
1415522,88.30491746024508,188.28121067598693
1425028,463.20171912230336,1231.2547493136285
1398305,15.633530166034756,188.2217354653057
1390319,98.64096368629656,169.00152268856678
1424870,84.83175480366346,238.10889005232
1448950,149.15097014936103,398.2171262902541
1449763,33.933173281393046,176.963387119135
1450948,157.2276182181968,360.3232914718024
1445981,95.17236381332152,303.5842508961687
1436848,231.61845273449688,412.4734871938359
1411260,18.08121667141884,61.58363158773642
1464458,63.19939453494667,142.93913588934413
1463315,34.582479014437865,76.16788272611656
1430135,226.69243581303076,512.2313452051984
1437228,144.1331597502775,392.5180243290079
1416095,134.86132739824728,442.1315878381848
1400796,51.63745953129629,141.2586410269515
1440682,127.77776744260905,648.4589840320249
1390447,557.1797851478353,1334.318749355908
1434504,79.48364733217886,384.9524032251652
1435201,322.8531775743699,558.8226806447343
1417592,291.7230092991087,779.177310348554
1397234,93.3311841196662,278.60178502332536
1389116,23.382306154313973,55.1910803762366
1445376,14.600802013788725,38.48482623582759
1408304,30.85337947834604,77.95605490338234
1445287,486.21462758774334,1102.5580520768365
1427509,98.95205859123728,405.8619661024178
1456178,17.430124265374783,124.15273305864038
1388811,211.16110997776772,547.8105885500831
1397906,20.952820925751897,65.36812696598932
1391869,30.07215490532507,106.77204523997342
1445172,11.604696077489033,41.25847124409526
1408306,244.26483777819328,627.1922432602257
1422049,33.36720373890204,86.75211622748704
1451060,114.03905320950749,311.96408187342
1411977,30.997437480546903,101.30530875494726
1414283,56.20768190929968,72.13116387379131
1452281,279.49599329235366,446.2325127167802
1405477,68.52595199677388,253.23566107280357
1390839,161.86345650266065,413.91613363855953
1391111,51.06591838216317,99.90053224617614
1410004,462.44604988204,974.1641939400904
1389767,104.1454962569467,525.2891878999995
1410804,104.80658773409031,383.4454736436039
1397052,29.7981272857838,63.70108461132928
1438566,35.25982833204541,159.0595508892841
1420386,64.16912565178042,170.91334900692655
1435997,62.57223598642013,183.15495236861784
1440524,67.45999329736914,161.89342524683838
1465880,28.056058094887785,71.64973824129768
1435302,293.22520480514646,873.3855409028637
1426685,121.27049058555691,313.62124470859726
1422402,11.568470747944591,27.940361084810885
1435425,175.24032746001888,448.826615737317
1414225,14.33879443725314,66.95491285562895
1428008,81.56043250569188,140.87045219117022
1445476,17.858877444246684,24.695859978123146
1389550,78.92946910455112,193.04138646987155
1434879,78.91664165524779,292.9403322955066
1408444,14.171819179376064,50.69029490609833
1434144,87.41217072462919,136.79150706606728
1418765,37.81791482337547,94.05809598605622
1450776,197.5739587586296,378.5902795174727
1450038,98.2939689889045,216.23453765715843
1415030,159.5499738007175,464.9009196680612
1466590,80.35975007564879,132.60854011230953
1391157,10.798870435078124,18.591047255698207
1463424,21.09595563601068,113.7180084270164
1415646,43.39835120628637,137.00524476768229
1390622,222.6816726776904,516.9395487750013
1427238,74.87767683266678,262.94798359961965
1412208,125.31037503859982,335.56373560571194
1406697,104.30270440210572,254.15990524724492
1408440,22.587462685121544,72.13786709326592
1445858,48.634894569093305,163.8211968775319
1395121,52.79098453359436,251.01634207743768
1404952,20.036248256196966,73.68289064451578
1451900,26.53683317018286,144.74043497672
1417730,159.86493999496057,245.06711056541076
1460266,41.495036814954574,99.24784607877709
1396488,31.67733981844676,398.707049971856
1446343,97.99031709941946,190.9795214701877
1405204,198.78873283355668,651.3243204196924
1465117,50.42388817289781,84.83587028949896
1414818,56.66704317775844,41.96463278831555
1451208,63.83411291908039,124.90399160473328
1439181,105.99541950961336,350.28027871624323
1450981,90.82632902010825,199.13160438313008
1427370,12.189608466545565,63.51212259869092
1450709,64.06837338518169,168.8787320622789
1447653,84.70274756761408,186.08076833878965
1422371,364.9841966015504,812.4785716969413
1396263,115.21937233462138,234.70438718610637
1391383,88.0449621615453,194.36400118662084
1410016,36.34104654922807,122.99478245940388
1447485,11.524642479329488,61.49070954360617
1436633,242.421387219302,729.2456184420178
1450646,148.0144675864458,373.7828411708345
1432757,21.00441057154012,95.6067804719984
1459413,58.49062776807934,148.25130034456836
1416045,554.6946722879812,1411.8655210153936
1434170,12.58363956111634,47.84438174263992
1465479,29.02924720883124,89.86063769598861
1416921,56.26727353178045,149.3965811472165
1419585,163.1845072860948,385.4221142727069
1405648,217.12254638648605,453.3096206065912
1436517,117.56916717748996,172.39941813719108
1393720,29.96348989234274,82.98434379004715
1448224,161.43402990329722,355.5191315458328
1431208,660.2819307034081,1076.9830017807908
1436136,406.6409128019597,813.6734258536057
1423538,42.05928544048628,177.38151852425872
1465071,50.71592003062185,169.0300873805991
1459059,40.73424850104542,92.47318407123652
1435614,53.31111920982111,95.05033718702178
1406583,174.11017297726113,237.2503037755473
1390435,135.94014188111947,307.0374129446706
1448256,29.8734352814528,67.34482731284176
1410217,73.10235813980388,178.5970199010181
1438377,270.21424012121514,291.0309130863762
1421519,24.710130899945195,75.8549436839839
1445380,13.53819873748678,29.610479046545144
1409625,728.4290238613551,1818.3288239159488
1427145,217.7884720205261,714.5659081021147
1441023,91.89196975183864,246.48450258613232
1449403,45.66867709329606,117.8727132055994
1450755,417.1690877940336,1764.6459001690291
1396454,182.29976716602695,310.9354122704152
1407153,15.04563238523051,53.78393380947368
1420321,49.84326780632352,312.8853053218239
1413167,40.59799122930546,103.19712927620348
1419641,68.55947953152709,199.2390543560964
1402280,69.9220468159497,269.14142931814393
1446106,16.533807335997704,109.71946918002789
1455747,22.30103523117024,54.37549293085997
1453530,87.89286272479197,183.6625953626048
1428583,344.3952792848833,1025.152500759238
1395670,202.19105215243175,595.2253231461289
1448169,28.585969684156552,45.15229490846111
1395635,17.024206717701713,50.29216360244055
1455704,135.5495047525978,1216.04601607504
1444645,171.52219699432632,559.424643351472
1428937,31.929819670539597,105.41376078252654
1411314,54.28363044541853,216.38243359034195
1395480,325.93983414876203,894.0169965226893
1411936,145.4858968415047,393.88633309198985
1436011,46.96709980543538,83.50469378128143
1449783,55.48075618476457,125.32866866306982
1445953,280.74695832691054,809.4495282897997
1413962,19.768118417539647,60.93826801439571
1419852,72.58414727619574,154.18413387610184
1404116,112.71137029734145,466.7599151210258
1428736,40.00946767845943,145.0792065153038
1449375,123.06781362692384,231.3980437191576
1461132,159.61637709123693,634.1113178202381
1447166,12.677747706499291,58.13691342883769
1417876,59.05802357443887,68.55583941438644
1402688,121.23275169698472,271.1033462926512
1451518,83.43671645571408,252.3616760167214
1456301,44.34562918275876,253.90122543496832
1448775,24.382928933591465,64.4125968003968
1407958,249.21653507942756,881.1707720848815
1433345,33.08137102689467,70.78451858039364
1421243,49.99719811889621,86.399625846733
1462578,20.556239236627203,67.25919251058447
1403554,116.870028212867,207.46012153570436
1424476,13.888539423298718,39.13623917761056
1440621,156.65817845432005,405.0110410476578
1423288,33.455065629605976,115.54280508446924
1419721,17.987814341235293,43.70936246635029
1459429,315.14967600743694,749.2870732627143
1390597,272.59178148938287,742.2461299908948
1391658,196.6856353616068,1346.872365250268
1452690,33.427971508900235,80.55316995830896
1433682,280.5424927832468,806.2097304198614
1392851,23.412238872692168,52.39183856757673
1447578,46.709901842806765,107.14936682782624
1394013,50.14065555001799,135.76867592604242
1411934,38.41365725151763,112.33029561229596
1396880,22.20250489970358,32.097385353352905
1447470,109.90917333713358,156.72369675132438
1445446,39.32773001926525,93.80288682102588
1415719,409.7011687945994,907.3645343385635
1419021,10.6640610233432,186.86356952593408
1450855,67.21023472400776,168.08282188331742
1429384,43.67969715500594,185.90195087757684
1421712,23.083488891435504,63.24493678693049
1402770,121.80257611916022,384.813300656294
1389972,22.53538527953636,58.62375159105071
1402778,133.6487431388083,412.8952799769944
1445450,16.046071569474872,40.29472157978102
1444413,84.25100102670359,105.8692375099237
1425551,152.75135407219284,344.1876257710728
1422749,25.6205552674235,76.14089875151029
1403898,20.268057664804168,76.52872434345934
1409077,104.05253942323246,207.23314914879643
1388522,100.4025911010812,286.7964421044332
1413939,249.9628168221722,993.913648906648
1432812,47.597076849261526,98.2028571062312
1442977,111.5304442218232,297.4670402108486
1447267,704.7888213359948,1472.9016233101706
1436490,32.43900931525712,77.58518950692041
1452673,116.17086935982375,307.7165289713083
1406974,64.30554698800876,210.38578352884068
1394344,391.0700973161075,1349.183552909281
1420146,25.66201957095892,42.55122657820057
1396127,146.5498166309615,420.4964001196921
1431479,503.3367659336145,1506.3158824031923
1452265,141.35067906653558,379.2352206007374
1452282,173.21069811411516,485.19034007412057
1458239,83.06229077589977,241.33706087759975
1424440,132.71140925878217,473.5730260682456
1434383,1833.922593412265,3967.099458881046
1426874,58.4862864995708,122.3264817304742
1427359,1972.027637072128,7090.960903707248
1430852,190.92633826210064,314.089951965626
1408002,49.66466873267803,132.6644606408294
1436308,20.719980339018203,52.9464177325783
1401078,83.2004987886654,543.750958908036
1426501,16.461193485042266,51.49320707779942
1413523,205.7362130418757,558.6035727392
1392975,15.051171291036209,31.845629380666608
1450000,46.15511550483092,203.2646065759044
1415018,395.4585859938784,688.1357446711313
1448773,122.57872907217433,312.86934410724155
1417190,142.94429491387302,388.8435804048375
1414264,14.860196516127388,130.71278239036977
1450491,135.55156652478328,185.0532119116469
1398331,50.796440193888905,107.62841302895288
1441563,18.73704747759345,69.91665756169886
1430824,80.09053646067123,487.4182457350276
1408231,37.97959291782728,122.11821464941364
1435848,167.3437233621151,601.7980604237301
1449841,65.85821673606588,153.1117229361696
1449655,127.51582435832836,230.16842192269837
1393418,45.82091917236913,219.7754789996612
1435325,14.293417418628476,37.08802726606842
1435399,24.581868832461424,72.18591057526342
1450498,104.4317966001402,221.75199669367584
1437143,256.5871552289019,771.2375178448598
1414556,111.26959294621444,284.4887550814376
1432346,900.9451503893588,2490.3890044544496
1452467,887.1145355627048,2021.7210438745583
1450149,12.002140353865505,39.70125261965362
1419861,52.06315000789496,77.7294727107074
1451910,50.45481988356096,218.0997484500889
1426940,74.84904493858949,144.00507307274427
1439792,112.5137197254968,173.4987064971846
1404858,76.34273562832706,173.3477796855244
1459211,264.71706190904723,695.7188469844825
1464597,36.71665311326058,83.3541846142928
1394408,145.56403809682251,328.22530127135434
1414382,43.025194364945904,129.19109226209264
1451065,47.01031581761764,134.59396575823973
1414313,45.36931106000839,131.43918861043596
1465089,205.0105587976336,505.7315162397549
1464925,43.47747517617759,155.50869239309694
1427310,32.01508686046472,110.18814972811528
1453014,277.2283399826021,654.3183252660842
1435304,71.82750336151297,118.5308234673508
1425452,72.91836393244036,89.58930323348376
1443508,30.83647468121786,95.70542703434404
1465154,89.09142413007304,315.5067433907921
1445843,31.16038995378375,106.49468265074654
1417974,32.10188088881341,233.4016248004129
1450183,97.61780930120388,310.49344973094446
1389887,45.22429047648613,55.9833688254536
1388796,48.8789142389994,192.98406485777485
1429241,66.43932304792557,358.38378028540245
1428762,66.6390338492482,150.2174698957514
1428993,319.064555396534,1051.8776743498026
1414326,53.09025806781298,120.47480215082192
1419210,615.9401399278266,1192.7897500491908
1444799,20.328685539117977,40.306107944870135
1453447,251.1495353962295,645.3360557720874
1448350,327.6284674524155,989.7065155713468
1443756,197.16055353228305,532.9295581398022
1437745,804.3797441181257,2442.918919478543
1403288,989.123309485972,2905.6362072944485
1449429,119.777881259455,818.090329979702
1390318,81.45556741218303,185.13749860746051
1400955,16.24459541328973,33.20232985201338
1449312,96.45276969872776,290.68245961313806
1411469,44.620373032970505,117.68203564137764
1433473,147.8657051503356,445.6030602958709
1395377,248.88405277599267,624.3844564559591
1445062,11.217166842734708,17.64766337933922
1399761,38.86301849689894,103.85891226390034
1394830,267.8798237333702,1026.929700455889
1402136,242.58357181793696,518.0416847888774
1429405,407.6456731735565,868.1075637776506
1398426,15.260493024816226,41.27324429781776
1420976,49.79357811156963,142.99033559402235
1449052,390.8263398970339,871.3396533486851
1408566,136.27273113525297,497.8775725736136
1427632,12.592918354522409,129.6262921197213
1445556,38.72033253011033,324.5607241638064
1394310,269.9733903652125,870.1509527718886
1450477,13.391099129679404,46.17599415077963
1422760,214.2616807417002,435.5708999026885
1426904,30.30096397172841,62.66762320006025
1448563,31.842755775227285,98.3384591649866
1458756,41.629925190046514,86.61827724913209
1411490,119.2538005389528,384.1568127783348
1392994,34.36075634973217,146.87647656452145
1452868,39.83819861434046,63.081417759368826
1445811,35.50195511744525,104.39404848652066
1428833,33.32076929516341,144.17286459029452
1448872,25.05217890421445,65.03630152441316
1395152,57.41206678198875,142.420195705139
1434834,100.76713340214545,607.7563836604559
1393433,66.27347568778174,233.92400772369825
1443890,124.78679636094218,277.3590835468965
1405167,89.2991478848663,120.62160894332165
1431744,174.38281233471565,892.7314450723437
1444335,13.130689571671754,126.23945899637906
1415907,30.071815237824136,47.50919671614847
1415467,42.74328030144873,124.37635400831202
1422025,821.9499213396863,3209.419823381348
1451556,41.25091488356638,133.00806817500802
1393701,10.383988327536272,12.717737141990533
1451340,109.04416808020252,252.6958163475412
1452481,22.626700922009668,193.73387053727936
1408269,56.757516707997546,141.14608792487226
1428364,46.70250183619936,162.2782947634223
1424035,75.69966419933446,145.78256896071272
1389458,68.70761916585934,183.85681631876423
1412605,29.217488356203692,63.84486634588476
1450984,207.28034713855303,471.9609419312795
1462974,22.580402100625896,64.43195504980132
1442372,55.16228992964978,159.57466220834038
1428687,19.237398012842885,198.55493664708308
1437266,64.00649033133381,139.1125443834865
1407839,128.1554810082528,370.3751842517072
1424749,50.077566837385646,84.52285786204096
1422085,116.82897464069246,384.2750881218449
1451634,33.5148915489694,100.54463555010504
1447462,24.36086650739886,78.53149940913221
1444784,131.18139862875313,319.63028302319725
1394366,80.55831257770578,285.9431123735689
1464162,49.771405193329336,140.17907102651483
1445764,68.25065193739005,161.3079832281358
1402975,151.92320880314037,472.98373675006
1452241,55.414874587517936,121.30090578088895
1459731,522.4339945202344,1168.7393039970782
1420211,47.10994257707033,123.12337370580238
1417907,51.72387207610423,134.0261944359274
1426616,282.70223182343045,591.3037571263689
1414482,546.7945705709275,1634.4976171895262
1439432,87.89023611911603,436.99364850351407
1403957,105.95226370328074,292.36893155115985
1422491,233.01712317659684,549.613062357132
1430715,80.31649411645078,217.2479984929059
1422564,28.54283504095265,54.20843661921635
1459658,75.58774556485851,142.96462695556866
1414056,13.403185861578583,25.883485595037737
1408410,437.2677388034658,989.0072996717832
1392509,42.54189939939814,115.5037802763148
1452007,194.9073198371385,466.5824861021511
1391766,117.09956024337514,136.2710787697237
1423028,41.348558874376366,507.0361918632392
1444536,124.29354367369844,316.42439714481395
1395648,108.11130350079736,250.66455796213893
1401604,69.1434183658807,248.38170140834825
1451204,17.698794691649578,45.40350581392504
1411699,28.785161086696736,385.1916701874619
1418835,64.8660624921845,125.39562582639964
1428079,210.65202987481365,411.9515037794064
1465987,17.072280272743154,58.45842272363249
1435413,446.4495703636185,1050.3149114311757
1414252,551.3492029892822,1134.9439421933898
1440791,52.78821027162842,111.7672528493938
1425039,478.4605885938687,1339.2682481043948
1420434,387.96631535355993,1058.9292129295527
1398051,270.43416994020714,745.9909556648648
1433161,35.76161361647615,80.06907659622453
1392352,318.88380970531654,2075.0400781637286
1416360,58.930062029606674,127.80138160320818
1446681,32.97079670464376,65.29450849531052
1466107,17.106473353641164,40.18771679000092
1408343,468.1570232000295,751.6687870833473
1403287,94.9762574405321,410.8918116391403
1448845,72.85196573367134,262.3844022516436
1446497,14.890684333025336,70.23344588927597
1432324,140.98551791865162,357.430932526342
1401091,105.8848172113908,268.7037195071538
1389718,81.18300838467401,223.0033056234972
1429149,19.986284727345712,40.15443295779046
1427325,279.3253349023318,668.0712062449965
1388470,99.17965620955714,203.2063488135917
1448330,18.93871846850578,84.22531439366081
1465307,321.97240095714164,1063.8326888277643
1416030,58.14371456140964,192.64998493643827
1433074,125.6038219061003,382.111923592081
1449210,232.10739049525168,497.33141869824703
1410695,54.21949301265333,105.28435421971346
1414850,132.7029970080576,620.3912742913047
1417514,68.75543627451046,153.625817825913
1443680,149.18318612005382,516.8925180901458
1444531,53.82677914264816,96.58351489633036
1403632,26.140550341466067,721.1540395785083
1394568,549.114309503937,975.3230687768504
1420834,840.7593379199592,2194.180582678997
1465882,54.62655047260635,163.0147274324475
1439663,63.66316079634537,128.74811331274122
1418412,55.44791376248663,98.43003364039792
1449197,79.95554417072742,230.5993724987709
1452741,547.6667428377636,861.0283750237379
1444526,25.25762420003948,395.876738012336
1427135,66.73966444808343,148.57881145672914
1396895,24.73114388938821,80.06177239510494
1415664,45.598616530346455,136.43521145818062
1396876,17.994196434363886,42.029963009585536
1415874,99.66121033268738,167.2765464557658
1435549,70.88980825070976,130.41607910881964
1400563,14.007236020893735,17.45133239615252
1437776,46.11444938900955,164.7414152711647
1448876,43.55652234060162,75.55879235666745
1406251,243.55186747624364,829.1054606533701
1411533,15.596228701752128,25.694556960800988
1439501,156.20749549527963,546.4605843750454
1431635,804.4634980201716,1930.576670203702
1406507,25.34973194062324,62.1615700552227
1397345,421.1750331883464,911.5631446243784
1445768,131.34128488921493,333.25767778021105
1396217,191.89758718454152,332.47061373654907
1452980,164.39831438841222,772.1214470853731
1431454,45.802382108150326,95.4435404325244
1389973,59.9136422173646,101.93861226429738
1416020,81.87395666320513,329.12133200158627
1461257,15.548645905181852,63.40326608696721
1389230,20.36596587134393,63.12351947439505
1401748,101.7949176051875,226.29492584530695
1415032,743.4862258220679,2512.096337035276
1418392,66.60363142763048,339.712572173729
1433940,439.9962979082657,492.6704915294685
1440846,133.6315386415717,375.1816393109363
1400850,422.9659087456707,1393.5732113605727
1428803,186.07795343453185,696.6708616767423
1447807,42.3369477791819,92.82256245986
1417619,72.6686472977677,178.5671289500361
1449458,82.4574441018031,176.82718713374416
1438290,15.497039390792434,40.298285092969735
1414982,179.72726308029627,353.00606028534986
1438120,78.51507529470142,170.76760057100014
1455721,41.13188648683137,130.29104415719704
1457977,21.22877996322376,103.65271470712456
1413675,67.53021399678956,228.63422852567948
1426915,81.65325719432988,100.61950719289888
1413904,33.5251808026912,347.8055030439516
1414691,108.90864740615484,386.5131014599359
1446879,206.2711764634333,459.3363574865539
1452711,33.26906955211135,92.65464986211192
1445842,34.680200937775616,100.71103967055032
1415499,648.8420059133432,1866.7151101203915
1434599,17.235384891586857,38.51816400994853
1407842,306.4664919787237,1143.90220634228
1431278,228.5204747169965,634.879820811239
1436571,34.77795990160161,142.1367554389006
1401796,497.589929649668,1107.5640068706448
1438509,121.87827303690229,203.90934179954715
1435857,114.9816168653638,286.8732847728907
1425183,82.69409732557098,410.78860382376087
1456433,256.60336648675167,625.5284491041186
1406319,130.56286553858737,229.9376394154428
1392805,62.70599169945833,187.9844280182827
1429095,27.91609547887097,199.200219161336
1417576,230.54752863541768,723.8149662282204
1402051,226.29696473499916,318.3551357249426
1465673,140.3428817031763,322.4765704042441
1393930,140.62634925298508,497.6162759994005
1449755,66.70744307665304,140.73290510274742
1406279,108.65817105503707,332.16044566970936
1439875,11.833403173799129,42.401724806416674
1433955,652.4453887697716,1605.079154556461
1435592,223.91385924119533,312.9942937314612
1423829,119.77191195875608,229.6374773498708
1414882,71.3719244127309,367.530941042211
1410673,20.08347880220312,459.7242628557963
1433633,107.16509826493213,319.7775008534436
1432595,86.33407800658323,270.5651238618464
1419060,79.6647255048743,236.50286060891003
1433688,314.06827793863056,1140.183276260486
1392109,39.062010022840425,102.02164163918827
1394449,26.23078849030611,109.5053196124875
1459435,49.042110677095465,92.64145750363558
1410002,380.8051530964089,1201.6306942218428
1394501,37.83466605566954,161.6976798456112
1397517,277.7436965442939,804.4391262841343
1433483,142.09250795177468,245.6243442769188
1464074,104.52549258523672,216.7611199567981
1437534,173.89578298229236,499.0654133351112
1446569,163.5035798833424,290.6012494382824
1465224,104.89245497215312,264.0252187108514
1445508,14.175389785898906,57.98610456085497
1434045,18.311525776135102,40.746474622751
1445107,11.80138077701409,26.100227422526316
1445984,117.27910823812988,268.9658214138139
1414770,42.260174494437415,281.52587752322506
1447311,116.74960375586362,315.9634001776476
1399291,86.74773225853946,161.7343799446729
1457250,42.05099524694668,103.54355473207283
1438906,65.55206672927774,114.72545862311053
1464183,31.32071775253911,104.53438128785923
1460543,165.72932838859032,478.7048440756795
1465128,110.19361299079976,381.8882373013662
1398799,32.07850778157758,95.585045658138
1407070,90.6686862576384,196.5971536884348
1404303,28.423203754782623,71.80269501016767
1449684,10.456707166204296,34.085005706079954
1442017,57.039656582440365,146.61293522849047
1390044,762.8726246903851,2510.548941677125
1448387,119.10395389428496,301.129147964554
1419732,351.9791140151691,763.1472074561884
1408925,25.356035328730105,75.10632948119228
1464580,124.6795255377824,164.03391372994082
1448933,40.88852053320484,81.93162392052812
1425162,26.611840124865964,64.2401613283778
1414073,217.2855511245864,662.6889286346633
1464001,117.634679190705,320.8255349423745
1408568,17.484702278781874,135.31009806538543
1388999,42.03014143215821,107.79387582505278
1427055,15.22385055465261,40.42837183159816
1408578,59.70934690935197,283.65962349393567
1409553,223.5502161200189,424.2808015887774
1448116,34.801373283420816,634.373062808914
1402776,212.3735053233214,566.9657052931589
1396177,274.4187714816479,967.3623305902436
1453084,89.40749433342212,320.7247818899992
1402672,135.6041221812211,332.4878097366588
1422953,24.05621467026929,67.74481860280403
1434619,36.76184952576841,61.32175944880517
1393692,475.9854084434352,3201.270668388718
1403053,989.7470224836328,2639.6232001111084
1448491,62.25199956307106,136.96437487872618
1435290,58.31813731902866,180.524945013034
1463599,33.01506446219051,1652.5047562794955
1396647,116.19563039590064,208.2448550339749
1413833,841.4777904091391,1403.293545691563
1437135,27.827515977430743,66.82133682568994
1408135,77.70932572460184,274.929724532044
1450118,22.545910634123405,40.63262095077586
1451643,108.43044356757932,213.4270843869674
1409800,257.4986694607702,881.5701383804999
1389850,68.8021801245546,226.8605411174448
1462805,55.157207238824206,171.18467311178193
1437548,23.79052730876827,89.18668126839815
1447855,81.78142110677877,161.0554716434287
1395895,168.37253867577772,321.8523399247082
1415374,77.84563799982071,286.7659288543756
1400113,10.647084025083382,44.727559416620096
1456284,29.659358777819637,56.36315410127557
1410785,31.549395969729005,62.454231271904746
1424721,26.57291906835581,62.53232141677938
1464361,88.7075349213033,304.16376104675305
1413760,214.6166160655759,553.6329005197073
1436505,115.7010555305067,191.0632543865021
1421780,53.79821512973745,91.42645894951522
1424259,13.46750070113006,28.719688597952167
1427708,118.96442246336773,240.17020894991467
1415941,97.9724978071068,296.50477452257604
1417546,74.9915577877458,148.2528409220299
1435689,44.73559869946667,93.89575008774098
1429587,56.42279821671677,208.1983300369238
1416489,27.610570423609765,57.673818269118186
1434529,44.310750203767896,119.60769085470662
1411775,119.62480275061748,360.1470530411589
1431192,37.53476588601185,110.86492628855116
1417406,11.72466486079428,25.628948014864267
1451223,15.057099360402333,21.65922661174148
1447232,131.94061718116674,269.99305613101114
1417591,63.28511479792704,150.1201847461338
1441586,40.78750968187894,181.9640384287724
1424057,76.81894964558937,166.60742696628537
1407782,18.193077287779,115.52396538991364
1426043,49.488623066224896,97.09046433718396
1433668,24.14813675393821,47.899381259345695
1406679,101.15137704805296,240.47769895617083
1392447,116.42563873618856,337.0377589503071
1419802,73.86352060207965,161.88264196597444
1412364,19.385382990995243,66.35003949303828
1396185,74.93014750081079,182.40018401183076
1419612,26.583190350725094,69.67667694667732
1439530,480.7682509581401,1872.6250148827464
1441383,310.5897768397176,1090.505667868124
1406805,44.385317735008286,100.88882674005224
1459310,166.98412521674044,328.12237749922906
1446392,102.44333490905328,1147.3813276980295
1446637,94.65781943425728,153.59013544019564
1393179,73.74482375177152,413.4178566652034
1401928,222.1851018474617,471.3070188002009
1396862,123.079284249343,258.4449135470333
1422469,136.8147778389495,422.78100900002113
1405493,270.95252361495494,644.3945945412714
1407411,727.7582651011327,1691.4349493412735
1443567,30.73340926367399,136.77087642802974
1459630,78.32327895229677,152.932557832689
1463756,194.936101026066,574.5866977492811
1447495,46.71905874477544,130.78476405173654
1439850,119.35907222962808,345.52401902862624
1446359,31.577695258443804,99.01632747829476
1451172,45.79749531027964,141.14840403774426
1465512,116.89615969449392,362.0209464271718
1402455,201.6489074930172,609.8551258118671
1391878,88.7664651296784,272.5223297647128
1462900,30.40194666906492,97.67041237339168
1410570,103.4490370552919,346.3187240308183
1455972,12.598236151905798,43.27443372680219
1449713,83.88760715302712,222.2261488994578
1422191,54.14220130288515,226.8896332754537
1458868,310.76790480255534,1112.223923048117
1447994,402.73601845772464,1039.441608452204
1389083,26.12674385232062,77.1779343317938
1455818,94.53270079866373,228.6227396077133
1426321,200.62689085115733,757.1043115181251
1403952,74.5137351212253,155.92419979161784
1445435,61.08364220253304,111.31421928955268
1411898,41.94914005517669,117.34434834525123
1408267,60.01963185561723,142.79497915527747
1425357,656.101684063593,1255.7869466771954
1445395,34.92147460568888,98.70753904352172
1401423,14.1709296250527,102.71771315881377
1408555,492.6644626371247,1189.4187669204289
1432200,101.293282351695,212.9195659951117
1465161,23.719071615656,61.86004985001217
1445703,20.57085180922781,46.38314734763772
1447560,37.16086606760081,78.14359184254575
1450958,15.804038667870946,36.93779546464744
1413925,28.538705256599183,52.53847185713402
1437483,11.824721247694136,29.802768105619226
1446999,12.805156576142052,49.582129160804
1444204,31.34660279681533,67.39646872419512
1447592,77.18219756116733,205.39733311421924
1431799,192.73799491843056,684.2023978271847
1452099,146.75456934705383,458.6768405812665
1434103,58.19634447073234,122.76129337313336
1436413,84.20909927096709,208.0287304969916
1448820,388.5484560298546,637.3888380893015
1399980,17.73804600816698,42.9719039941184
1441413,11.072709971185189,56.34924243386152
1441410,125.66135255932537,279.596817751575
1426735,13.74619983579244,47.1802556345336
1432617,17.70132726321447,44.65485100407511
1438213,81.93621104226061,186.0728384189337
1463700,47.39301418181375,118.88604995232568
1410694,19.78354118337516,39.55579928169672
1463519,36.89138613852485,144.28930767290305
1429885,38.36146111366218,71.99672871379255
1425468,92.50228745644304,205.4849725716049
1452704,62.09904626373909,152.34253667156878
1448015,285.2214714412908,745.5800279051481
1438145,11.546391106780728,25.466214993268515
1391242,563.5907422653621,979.700148993712
1427106,472.32035600775504,1915.8281640592152
1422263,30.70464059482999,97.61706123506582
1448477,67.67766949879439,499.7195266089384
1416126,39.18048320398166,223.1916182147593
1412764,18.357397717228444,51.459585208877584
1445648,21.38667957892136,62.24442034062208
1441549,157.10890009595468,495.0846939254742
1413279,335.53613683840257,1322.1256161652004
1405951,167.21956476073268,477.9842052219263
1394647,104.2426015241661,210.53601539430952
1451269,19.332838552578373,37.804918153198486
1433276,35.742094353522056,61.829401827597245
1443597,172.36844448033986,507.6331955277988
1390879,68.87433348000201,123.60664869122128
1421333,57.608734340771136,175.2602885370591
1437029,24.493744798315326,320.1306673563533
1466266,24.77088298889629,34.1131982619536
1440858,17.73352056251429,40.82627526049768
1440223,82.09894626856041,207.65908887448148
1411729,72.41683861121581,224.69287698310296
1387875,88.01850138618445,377.302206243531
1462595,107.054566665555,352.19601505258873
1444905,19.33102202012033,98.74200726706825
1393283,88.39937282368152,283.7119160409632
1406395,37.44657595501729,80.2889043231344
1415892,119.28702706874418,343.36051245583747
1465964,34.56034624337184,83.33204192431462
1417066,13.815018542530186,27.07445247269781
1404567,161.63444772132522,290.03659726002155
1415258,173.2552078613856,355.79384300974004
1458446,119.41542408410048,291.68202808484483
1449530,41.30564811668096,115.73277907356533
1465090,789.09163446233,2841.566247890353
1434289,27.804024490176563,60.96280245546888
1389446,32.439447769625666,102.53804958097662
1445642,53.582644728037806,90.4310086296624
1433793,42.07711800952829,101.23848222388858
1449899,32.83183816706596,98.01366427961808
1390001,19.813887039594697,206.51351707031787
1449044,10.243997245845078,34.28951348354626
1417402,54.14997302047267,232.15877434791457
1446385,37.01323152913749,47.48278173653721
1427638,89.50022991908614,200.4662287300204
1421201,101.08420784301158,179.23753486527076
1418074,252.71185793881335,517.7886333710426
1449236,18.98928166480764,44.29834645652083
1390950,93.31407903793568,133.8900469638542
1448024,72.42688001891506,326.5578424133263
1458593,136.91614184488435,289.1244257250111
1451742,82.51366996211529,124.17539522341498
1412775,107.28890198320416,214.96284353813397
1463804,15.618007130216215,33.44763058429756
1429377,114.57180916697878,259.3003264093816
1427041,39.512988852266886,143.69589736239612
1398383,96.10699268826738,196.67812614703053
1436334,77.45888270976681,239.1743131843658
1463308,125.25323296285848,529.1659812755634
1411761,180.90500074630012,450.560930637573
1449450,12.599992022761144,33.3657523635339
1400184,27.037377942981937,100.3152443104512
1439945,110.4255231023436,397.279259214754
1393539,47.4770291916973,104.44666231829402
1392165,100.61042977493432,311.68917491000616
1390382,39.04591374951558,81.41984349728186
1405212,23.200335715741737,190.6980635563021
1419392,35.02542956611433,82.54273398913483
1423375,16.782379147559823,23.54795008004475
1448745,11.729187328979744,29.10840202142943
1398661,81.78970501498081,234.52083575626543
1439163,24.769188900563577,67.24727393471265
1431784,203.0713549368907,968.2770213424606
1435927,27.86223131632233,77.8475794794063
1465385,34.37637386631703,104.84789453614172
1419767,85.29427050149559,138.3254828079333
1417914,190.2423579895626,534.3448502075403
1407440,61.25124940912233,143.62568399106695
1410187,103.64923908861928,262.46685393681605
1427468,967.6468836290164,2506.7635695186395
1420775,46.496217764260685,87.15492698289206
1448891,28.73357226150364,74.70721493872776
1460803,310.72222855946734,1209.214029555929
1437005,104.76641513182317,319.9011751755229
1424946,193.85360356885244,351.4351876889163
1448806,524.192982453805,2498.383766030694
1417461,289.27635927078524,589.1044125139538
1390500,290.8058915272261,879.2090330782025
1396645,14.562659577380591,50.99810548717455
1417165,43.13897897357771,123.99306985541836
1416668,76.70627122882877,146.2003414093569
1430779,95.34958767314936,310.9226443006657
1453012,763.0975932334555,1706.5221394121943
1394745,590.9398720148744,1662.6003365958595
1414846,19.947501707891576,36.65647949718281
1431812,17.0406953787878,39.52706831170824
1393076,89.1787922880494,584.0810253942203
1395401,17.483320722323388,29.716612709396006
1405353,79.3778130156347,351.0227864662439
1419384,214.614613586752,552.7626505006366
1465395,45.34893833096256,161.87550022254632
1410220,46.60181474817117,96.8112631186246
1414967,74.44616961156298,165.48875066682183
1429501,99.02433144159498,208.3587201992792
1430220,17.2780017480095,88.35057219384124
1412183,202.0706996021211,858.9243744507703
1429412,39.47024536972343,112.2882413268938
1390076,163.9692306541635,445.7181260784758
1396500,181.8586661301517,454.6018900967595
1428049,942.0471885366904,2103.8792042820955
1466009,24.35070331978299,82.51715302542468
1410520,55.25397929496621,132.2634339590617
1419622,64.72416859525168,165.4008478816988
1425741,53.70056056331567,223.4488751154132
1429428,87.5990835701188,125.03505337450004
1398592,416.1735287604097,1081.362735992216
1398027,141.227967757632,295.21891584519585
1444087,49.34525317342524,99.67841535103511
1446974,65.94571160765551,228.08867876176407
1410563,179.49713801255908,342.894848424781
1398119,333.8060157416269,986.4118404519096
1416228,30.14696397288685,90.423549780493
1440462,83.20662846703223,227.60466312428875
1434177,61.971555595331054,101.68354473399772
1436861,63.13772617291274,131.36654025560222
1444538,23.046724713455635,493.0546690340013
1402704,44.9125871561804,125.79642683197616
1409099,29.306290162564977,89.14849855131257
1412897,729.0386784192249,2161.15266053803
1443795,58.28828500110316,188.1931862809935
1434800,292.6340628598144,740.2389809311256
1403894,117.4449155762197,232.55071396337547
1447189,11.421862788745164,30.21982346935653
1448499,47.26271161992464,116.15405267569366
1410250,174.0801574760493,416.0989017079924
1400119,389.5069422752434,951.7318765414216
1452140,753.7945296011093,1663.97517985799
1417076,120.01399894067194,230.65631778281963
1423811,82.79656492436995,103.14172082408903
1463730,140.19204983849227,328.9559339008417
1393838,19.2488180619976,111.26614081316374
1463328,23.443464016878828,36.2765135608536
1446442,25.597920055431704,57.24883891424364
1432020,31.33059040683964,127.44498725534416
1449674,36.20503574940838,71.9050524869041
1435964,56.79414210338537,111.84999232646412
1428150,23.39342028927709,40.58486130699338
1435757,383.9079259654593,1190.277625006541
1449881,836.7138859538248,3220.0499089118184
1401865,28.8729721030536,113.3643482356843
1448815,53.994107837913965,122.31575511817957
1460197,2775.0707746151884,3418.1609901463457
1465248,1067.814423869848,3168.315086395402
1406726,74.84616831766834,409.1796393200468
1434584,193.04107150922184,868.6476339497991
1396598,33.30578882722869,90.05902023723938
1464707,1127.3477867937715,3545.559919263116
1422142,326.3071893184564,670.6846253427732
1393765,37.37604358391468,89.69663416250691
1404992,11.666882454811448,24.990174546068253
1463025,75.21828231523364,267.7807368540647
1452131,46.140851531458125,79.48930515320906
1424209,87.2714220050512,167.49962654329727
1405203,18.578419367372728,103.36204856783644
1445887,84.17897113932749,185.0835502669046
1449305,45.54155952708853,93.09070509197694
1394107,87.09642853555253,264.2246545829374
1413630,231.82781740079307,674.8107014709572
1436315,185.10892883983664,383.0504177864031
1417183,32.8921572797756,94.6170026306532
1415461,105.82144920320448,293.7515404098034
1391278,322.82897947270686,814.8160193361025
1416398,182.5165508405792,87.84806989533683
1442551,40.66214127644904,115.24802424696676
1405183,325.26768762659725,1682.7018463980855
1412106,20.786323051744823,46.94618715270264
1390085,204.91110746632475,500.5771887895434
1408469,13.603265062313197,28.612000597214024
1434497,48.04504140061557,106.9700663563478
1442157,62.72072903133939,209.2978921169476
1409312,33.27857241717659,60.18800268726199
1427020,22.386601532050133,107.98240217358682
1404757,75.73548659477659,174.38340144757294
1415234,141.17127369610554,260.79816231373815
1417249,25.86934828590194,47.640808858988485
1407670,233.8463369870486,441.9526816351904
1450243,222.96053522871065,396.7537593502375
1445629,35.26194705536915,125.07075266829996
1408430,41.03609732284593,94.03418625318244
1390292,50.67140237883094,100.1724520050668
1388304,62.948601709538735,186.8902866021737
1390281,231.7443624478288,822.5009831923978
1464332,387.546151886011,1007.4206171295252
1398674,132.73395057559432,289.42433335285
1421324,10.437239072720471,15.651758943219605
1428698,151.16529295217944,592.3110841674253
1441686,642.3206273084627,1818.1453084283944
1434279,301.9655287194171,692.758395875247
1449213,356.79844898410283,793.1859642125938
1463723,10.35637346722705,33.509975906147645
1445355,65.46778709271094,118.85478432825414
1442833,35.55792137314566,117.95969482560588
1434528,68.4762283093332,151.10086554067152
1429455,56.39163869627694,231.68636315706493
1433372,63.59328732362911,177.75453841598306
1439793,41.16214088191314,94.9908001412464
1442448,42.50678062004382,92.00816523640307
1465690,25.93153974202652,95.63054201417734
1451161,48.94278950819424,167.50671060075277
1410241,94.61904454979852,153.29694940274348
1449734,382.87392593467496,1094.5783951293238
1451773,14.09227174755146,25.01684189289683
1438031,118.084657309155,400.0106403906404
1391134,460.9588297219207,1354.9460215373924
1411704,41.06196768796172,108.2695154502698
1446543,74.77013655028576,240.0473288249951
1390138,68.71669794887526,129.07592055478844
1455631,229.0580162811744,863.3970864515065
1389698,413.15395855672097,1566.4025792256768
1465472,136.17125832568732,289.6187417686654
1399915,31.115880374638287,97.84353974373305
1401180,214.24773986796825,528.9338320191648
1430250,18.997439217889603,24.71656909476945
1398061,14.507655423947115,18.714714202054505
1398369,1695.6701068464545,3640.3739915684137
1425180,57.53827714092852,170.25548664928692
1417512,120.43361396922556,221.3253418448276
1408907,379.01329045596856,822.4176379401449
1437444,58.62334831563681,78.15890590401521
1401674,55.96110427738932,131.21990610545856
1455674,47.381609387663744,128.36757658793923
1419687,109.91883894561994,453.0034883289956
1455973,158.3238635270008,341.95327075039376
1413867,119.55374143596394,564.2073000894425
1451356,322.31469148259595,788.6242911531258
1405808,18.630636504840847,42.13626085153396
1398363,40.99462160394768,181.7361896224408
1417216,46.93683257079338,104.01339464193568
1398095,30.004214632542112,72.7831050266534
1430799,784.7069230739866,2006.2288525157617
1466443,30.45698175970602,61.574955300502005
1441138,53.910408448820206,356.85876619264496
1391475,19.35045611133652,115.8691255206423
1433249,69.49732249256274,113.4494482337704
1390086,114.47500626445004,234.62764775301383
1397063,152.44282804363485,347.83936777762455
1445905,15.771664827158764,32.743454444626266
1446962,103.81748069081117,202.76759622193663
1452294,48.42633961008463,148.5126500037959
1426479,82.50298842145106,184.09308539218637
1402295,47.70872434643621,533.5004377875001
1388972,52.56062267225136,132.12948649595893
1445266,109.86596905978148,256.5677412535837
1459682,119.27848959190582,489.0271363740526
1460904,28.215146277046514,48.80440548860711
1395331,60.809029599196,147.01205253949652
1416089,141.45952339042967,499.92679937642725
1435118,287.930886516623,470.2315674753532
1428677,147.65895608090304,375.5809408447173
1453404,44.97912873087411,104.83838799382256
1429232,38.44721312995152,161.16179636779538
1435974,20.017188908063066,50.65523594287044
1406515,373.25252845409966,1293.6672536943815
1421729,25.75446336580692,79.38717786003438
1407212,66.07407949396743,296.5942958947093
1409485,127.478358330652,210.80031438732053
1459102,384.4034827215209,981.9701531389064
1410554,50.313598962885074,162.45254579448425
1402053,12.146363864302767,25.86317181782432
1431939,55.50232662892359,137.55543999262616
1398610,34.01525395174871,73.62596987664948
1419258,99.52843307639864,206.47194671125237
1452969,163.87783657925456,605.3778897171516
1423715,163.54027773061495,411.9029673785366
1422558,24.66082789028493,145.90132628364108
1445122,22.451270805655938,45.86161283751982
1436049,75.19016753620343,147.02687746475922
1452101,541.4403591782016,945.559202449584
1428200,19.431803076560108,99.46633865601456
1419725,26.82504035783005,72.71384319299945
1448965,105.9594587634763,340.180909693591
1418144,28.10854210420814,97.50025703228894
1452327,109.0677383728266,326.2769084107227
1463449,18.378888812604423,66.0303181188636
1435601,26.429676795672613,84.52275224982233
1416712,130.98294357292835,693.8376516488369
1445985,241.9186944058993,2816.456386474739
1392617,24.46060580245988,83.56070366873917
1444244,215.71270291137523,352.64654034536164
1460726,13.59873875171602,78.10519175319575
1397264,58.243081705307645,123.93439248624516
1439653,45.68484990128631,106.36840058310987
1439510,118.22451475813764,486.6027075114853
1447406,74.55697166112792,143.4431657456868
1435678,229.874972850789,727.0806109040751
1456471,33.91631340461071,65.55540606884666
1415797,34.574063542872786,154.73117738785845
1400834,71.01749856958327,151.7416045392924
1464371,100.49036506711737,325.93732901156125
1433323,39.40041804549806,186.70103194436277
1397023,94.81391556934317,199.04356103919216
1448393,16.444734371844756,40.47442359733943
1460481,62.84577976958872,415.7009669526933
1436231,19.23263928877341,25.672008185434724
1413928,58.24616258593536,499.36530274153415
1464735,27.48854875405486,49.11433074410661
1456214,31.34573581522212,45.44042812612762
1452513,22.70658294330629,42.650386632586425
1440085,1399.7384610570646,2225.8681059128576
1435171,194.24947221080757,419.9192457689742
1391458,67.53106596464826,132.82582145513146
1452019,36.163382571455976,141.4404302468503
1430391,608.5667482449375,887.7795181780848
1459252,102.90968878687572,252.15279282072453
1465313,83.52558489247836,381.5166874839158
1396569,44.08623352693936,48.07083592433153
1407816,68.21545168672877,169.03992131639856
1464823,12.975747660981986,148.47209735562816
1411760,43.235285584594514,104.34576599440648
1437555,43.19959490485289,434.981825293815
1450551,16.673719467297204,194.6460131391552
1429202,29.9644951640222,64.08018742953274
1448307,268.99464029634106,791.8421604689628
1415226,76.45075671745577,97.84561750483836
1413146,844.8809171987461,1694.0294233268935
1389594,425.4370725106472,1921.9697213985248
1413499,11.483116951468542,53.189833309648094
1413058,153.53283987149925,707.4922055845833
1435473,11.940538594815054,13.908802830564063
1449679,371.0722077715987,926.2185343027636
1463830,95.20854067177764,479.1962081373213
1446093,70.22099980747781,207.6750252003901
1449513,60.13069978579226,184.8874974666581
1463306,24.47990835265216,68.51762216601195
1391303,79.66883902891537,310.6838266057552
1453323,159.3746427244932,305.49127289972347
1391991,17.468888244252806,86.61499539994425
1435577,40.57309269658846,72.70120501018118
1462746,45.01937921863679,146.57186450227005
1438645,12.716727632280696,32.79031658137851
1446444,40.28972637270904,91.19822041077468
1461001,54.96462406358512,123.03508105339544
1447339,26.21285281382332,76.7085249929696
1413779,260.2527711708989,544.4602178645221
1399184,80.6844246105277,219.50673734577867
1402749,10.044224215866068,27.34493469655345
1424719,208.455286800702,557.1163021851762
1449419,240.371613912456,564.8498416961849
1448886,49.01231991806612,114.77369721550842
1464156,212.65748066960853,779.4922961601155
1412574,33.15967671685886,68.71226711486997
1436875,33.525966268143286,158.8642690589819
1390460,294.617597337748,991.5105517921317
1465854,25.798482152269106,145.09435553774952
1419009,32.93861017955546,99.5562984169824
1409972,62.89382018755584,246.31532086763795
1452610,23.75756852542121,80.96203460533968
1433757,99.98512933215495,355.2675379428764
1445592,29.847613096545004,75.25512373829832
1390645,133.84874254961562,305.84870213189856
1430290,10.593582757750438,28.78749368763186
1436367,20.087245197096028,68.04473390247536
1434128,30.062699145770303,83.81653912350978
1414594,261.8481101848201,493.21914851705554
1424923,152.17874642503287,436.95505143010007
1416964,102.61748500314884,194.8818785445017
1438740,189.9862503604298,462.8729210752977
1455285,36.61221211324556,176.56923914232607
1393922,40.81028744325819,127.8203444345838
1461494,218.92721235964996,590.4131032032703
1426364,158.10485548886956,575.0209891644936
1403627,67.84052588564236,266.582929281
1455993,115.27886223189869,265.3297264051076
1427121,76.84348906668191,149.89214208571303
1463638,85.98616435724679,241.98899906579547
1394895,11.58379638749408,28.50958615892224
1434579,36.84462127712107,58.940517062255
1441240,13.263600797165454,21.805124929313862
1447022,145.68701238675644,396.44449315004135
1446876,1155.1424468787152,12104.704286753886
1449605,338.17932799122343,954.3702633514848
1404927,15.34237262876679,70.74053374990459
1400758,239.17914812996085,823.4490299280476
1396123,408.183876654486,1347.349831232843
1390115,13.999165372461553,202.7106154039492
1404784,68.40417095093144,151.51083895165664
1446739,27.98643427268017,66.36924895041435
1423434,80.5559236798684,192.6208063024953
1398103,16.86472973623953,70.04632337373094
1439063,142.38055591059006,232.76629082293783
1391876,497.8390610949665,3987.820118395532
1448649,210.23027314466788,693.3301150241633
1387963,14.97036106833459,36.887563565936894
1396183,83.12628137805495,167.65374435577917
1408901,36.72197666282203,77.42782349698152
1392638,58.232533843416086,297.7961096234217
1466571,28.043882868196185,93.32035180257834
1390160,35.05209508150329,66.8158519472679
1421340,30.68071869364936,93.09150041959786
1465032,12.65703655033982,48.71633105974255
1413160,74.61551256921724,193.2089600462248
1463430,203.70124514937575,454.99067648841145
1407627,117.08695246311215,288.2131867956558
1427610,317.75682770342985,482.3539900366405
1421264,51.31293386554251,113.79719505729668
1421672,141.47208875954166,404.0153100238765
1439010,184.0868035431642,448.8617565930063
1463811,51.63747585608832,167.8479250066669
1409104,447.6977399654176,850.7913540634838
1431891,186.99233836091872,781.1466671194847
1407208,33.43588221082741,101.32119057215046
1445861,371.0414177217336,1376.4638796589657
1400465,417.8203656459438,868.1970401813026
1449484,21.823320026361426,68.18860682208312
1460873,276.90571009429914,648.985170536169
1451073,10.845914176737868,54.39507576692424
1397837,83.19873465747425,295.6153723785241
1436219,37.07850249746762,45.62369404091872
1432997,39.606731219273655,97.32076450934372
1428524,95.20076942780712,194.61221028098703
1463573,36.91605539526258,118.1008303914457
1411465,17.864069141869493,76.07841996711379
1427960,94.69642998798622,209.79075548010877
1433664,104.0846183232994,337.7334980507553
1463033,119.73302461748932,239.20749786586464
1465700,20.46437056128529,216.4400483528601
1442603,173.11423853560424,261.0130757208204
1421679,39.50069605847414,93.16799059460192
1407956,314.47734688921804,775.1441978242588
1421236,316.39288318072147,760.7709264005197
1436044,244.4120481417365,511.8107956065873
1436014,21.411225473233863,182.3252823000737
1406994,494.999606464966,1878.2751496007395
1460702,41.35164122543748,165.20169111762607
1448818,42.84523883663651,80.52691862226393
1421508,45.864244473371805,112.0190872526644
1445974,146.5711437305626,327.4268262885669
1393002,78.83794119325077,180.29559017047063
1410130,779.5412733313641,1619.8271592915496
1462994,216.12029575722207,769.7683107708722
1423812,158.22115791519445,395.2776881197344
1393947,149.04894127196184,421.5668059096857
1412109,36.57431047687917,91.43302321887457
1408557,29.88589345359022,79.37088515958261
1390424,19.247380736125727,89.90706942208107
1428607,256.2003688765824,565.5807396977275
1392249,223.0176963639057,398.4166293999051
1439747,47.36682401835668,133.73975412759393
1445897,190.71775706017655,922.115137547643
1453225,586.5576141654558,1174.9535979015511
1437766,171.06092904037806,882.6299203938345
1451311,16.83367310163014,39.19849396822659
1446207,53.172057212182025,270.8541804649053
1432567,111.89645553192634,373.9787396333363
1388505,63.6754101123911,158.0091821772081
1399599,615.7852968819557,1870.9031735624344
1449600,86.98156130625667,174.19184606947854
1446772,163.7385276234507,651.9825763130042
1465328,116.66189835910356,349.7301639356762
1446298,19.91596020584665,45.409995214928
1410854,88.46683945183746,145.159128194514
1405009,364.3817404766878,1187.6574863866333
1403014,113.54065419375856,327.39080103151184
1387735,189.77188761823572,695.5595720980679
1436201,133.24337805648452,309.0871977308329
1394000,63.5909261572931,267.5997791241708
1397778,123.87604429438504,425.5900437452145
1399044,375.7523130708308,1034.3482676161395
1448882,28.47781754078115,57.56004947910128
1438301,23.613754343534733,55.6900809447428
1409066,10.638986028006917,46.383004425121946
1435209,436.01022649719965,1148.4841337498483
1391828,86.98773165740631,243.47712665199737
1410545,198.490447144112,324.89120991576004
1389630,45.46364304627264,119.6546461341598
1417348,97.36924862111904,267.9953739847581
1428795,418.3587073930952,814.4473657454524
1465544,121.63905297700798,409.00762853802496
1421593,59.66470093912729,163.41435370557906
1413870,225.16868946806977,535.1132648475216
1411744,38.50888903102576,91.52256165467874
1400937,12.347845010403253,481.01507655600017
1402522,190.46023062988195,429.734058903237
1450080,32.12027394203681,61.510623374393184
1448574,345.47869057978136,735.0616529668922
1445195,66.41255739673426,185.2720993767867
1446634,22.488213932389403,38.600424502717736
1397759,10.037849538998367,295.07142870939265
1389169,47.09964967518061,88.47294358622197
1465973,32.05593720476623,72.30209587686464
1401325,23.46751687216181,47.066278832373165
1444700,21.34822643221092,38.736805316885054
1413578,26.760330112494447,122.2825929263125
1449749,363.8767914236495,620.6689440709615
1439583,51.75609100431807,187.88416629542436
1445046,17.322113251580475,44.18972855527431
1430736,52.95675897569504,124.43375316938928
1451085,16.294288709707395,37.27932430503381
1428780,86.13677931406676,161.17949681721447
1391914,26.08706980907702,89.33797822131993
1445512,69.73748110074031,324.7626449639549
1431731,40.61235256231677,154.59527331279574
1438700,44.16927695520813,93.16246792451928
1434384,367.4745050086052,1003.9676124678974
1464727,34.71717523700269,101.41445173879208
1407148,71.76421279157825,154.76692154658446
1464477,18.97112577192841,78.00022293845373
1449968,54.93519594231015,147.10460665709755
1430440,37.10106903973861,81.17442581728703
1409407,17.05839136813091,44.010567933307854
1394220,15.175988297686768,60.03186178564434
1452734,187.13869875608376,669.6160827532015
1393438,808.9536094555115,1875.2915060398068
1450686,48.30578084622773,199.63584439377408
1398660,133.04907263296417,394.8281908764463
1446894,1441.7069260566973,1755.2084605989796
1405819,25.66718674036512,67.53881099741997
1435710,12.806951034958525,37.46075485175575
1424948,164.67907813859583,435.89421736975066
1446743,18.553155397116058,92.90673408116513
1425493,501.7081560168754,840.1889369204291
1399478,36.80596759546039,126.2916246095792
1412784,41.33354792935196,95.29733841365687
1460623,28.88504217874412,82.23056265622108
1393793,34.332769909926924,75.50016511326017
1446532,126.78244566292656,243.7687407650645
1447363,62.061223135343184,351.2326372055679
1457990,218.0096978692771,427.4716630521365
1446803,10.300624908648366,28.218040781999647
1417968,84.23607570577279,242.3141471774657
1446641,41.07408755608943,142.21656213294833
1455540,28.666664487776035,70.57569277789119
1412270,41.80882007982581,93.22821396003692
1446811,40.08679290631397,316.0746563158286
1406866,188.9785392795086,570.243449304172
1413503,101.45460729378368,298.9594402887606
1459044,36.8763196535392,148.18917841258624
1421576,394.3284559373976,498.4439758775719
1407025,24.700684159107187,30.55876976488446
1447616,265.2522525467064,716.4134346563897
1450510,63.977182280783374,138.52039268846755
1391562,249.3079267230685,792.8334504739425
1420038,72.9381989522942,202.7166780116393
1391113,125.2948947953146,256.3752315240238
1391512,24.337104272088716,47.62588087839782
1465773,119.74513138622072,358.2819815370433
1401711,59.48327763110623,108.5346651912722
1410926,22.896973689239413,50.54656647803459
1408917,395.38410962137823,835.6339300686906
1398144,18.15787120381059,43.233799103790616
1415783,118.4922564307797,225.4767924329216
1388870,94.55262526735385,225.4978774672052
1398209,14.882926431486922,58.97133553606342
1430881,12.10222851429118,26.027751985849623
1463128,76.10814774951567,204.53846982502853
1448969,31.30605417869995,88.79076122562995
1416675,31.046016415620688,73.93455954099436
1464144,505.5234796984434,1335.619667407457
1450901,120.66663242654964,360.2510711469352
1447597,312.1221502361661,707.9894976932117
1423993,36.9062991641941,124.16162463344324
1414657,748.0355929018671,1754.4891646776478
1401788,249.5008355885279,665.9168054153199
1435285,74.52207806930274,331.1526801868651
1428387,216.20984999209864,540.9891475930615
1447053,11.536307896656536,33.359719518505536
1419738,100.98171648965224,202.11840011647752
1462932,110.36790942750147,356.96975155817137
1463948,64.60001106491225,152.75895197469643
1445109,125.83142837562104,384.1165552205672
1416287,361.48542095098793,907.9577083621452
1441788,55.44817043112765,121.23042134224244
1424943,23.935491399281727,72.32347947391803
1411288,15.166089706041136,70.02698787113064
1442799,39.57685222110454,59.45276669328766
1446236,116.81832879708676,242.685243176878
1450832,1286.6436439045583,1877.2243340739665
1403759,222.09446149967832,532.620397632104
1461300,28.38555309826955,91.95966805023428
1444985,56.40488409983988,110.25750434650178
1397937,26.420850787459216,55.28558048181172
1416835,14.127337605755162,43.67866763804825
1464042,20.907337211623545,58.58373347700078
1464405,18.944253742072537,40.343721563515615
1447772,160.24816847322816,339.6932064790297
1432194,40.50441781899556,98.06127129201842
1396400,46.10047028761712,121.68174342110566
1416296,76.28008873739499,155.98780378060644
1465624,194.54054410873064,390.6961565017534
1445277,30.72933106034167,136.84785648509853
1419527,35.51546126385877,225.38907278607735
1447165,486.17288157819024,1074.5068619140454
1405175,39.90937107380309,108.851145427559
1403937,53.196977484088166,129.99835119332087
1410795,42.604964111587286,64.2355905088187
1394596,98.7880231206048,279.0742387790515
1404803,13.146165143107964,48.07617698816181
1434527,1138.485831940248,2340.631538198314
1425647,17.728701348834317,38.13288903715638
1452992,37.26604173373597,100.261543717529
1426379,113.88974678960226,309.2289906473361
1440508,56.1370487556251,241.81892308575465
1460541,60.04761064852552,104.46337539372956
1420691,190.703071172987,356.2281100836779
1450410,18.66890389533108,33.59325797538917
1453341,322.47559489202735,989.9010737620524
1398422,36.552720934344144,49.99176442917437
1442333,12.231836458169385,34.49414569160608
1458757,86.9850586054026,219.8948821584796
1398343,112.2828945730192,274.8226063680775
1398077,13.560130687271922,41.04216386285617
1390988,339.9001423309585,803.3990926645878
1426539,64.46985992116879,190.5145977919388
1441082,309.90322818148,1056.4329451173085
1438304,79.61368945116287,163.99434414164986
1415800,26.489147861268037,55.62789715122204
1436184,62.672168355474845,341.5369905586788
1442570,64.94252338802166,155.95410273380045
1452418,141.71965736966507,345.1760528709761
1446892,50.67067072152267,211.81051346631008
1444606,968.7923690951392,4110.864695761193
1399507,30.986848632322783,107.696433613146
1403243,66.59143692521046,133.29960319904458
1450975,103.54102724977656,259.8055019051892
1423779,65.17186917691949,184.5036657802082
1436478,24.318006115110965,33.78627555995819
1438682,224.4315652661121,544.046909432669
1450761,93.62409703518736,226.50729148533884
1401520,95.82633969810873,249.46256161504232
1449976,47.68004644528604,91.91901439275274
1431342,76.52270492292735,135.8561166785747
1387593,14.175781607020268,57.89351011640732
1450010,70.82525468933859,179.34722492505432
1399561,31.32783700068246,92.57965485065333
1437755,35.76352754701376,73.58810300782575
1448371,312.91636852316134,739.8455486192909
1417550,148.26056427935612,311.4366235452109
1441776,141.71465974444988,252.54574147908343
1412261,35.6933484112303,56.12660271771695
1445572,43.4135207684719,109.90558880781197
1432700,29.08368040502696,188.72746230620743
1436149,18.29104820001337,36.01728074856867
1402846,54.638643286556814,228.4782519402461
1401613,53.25895756430256,168.9397520976368
1399240,351.3860355457294,875.0308428373959
1421017,98.90608377236602,324.5270763356065
1426953,232.01381053278627,732.6936547071097
1446550,56.393983765437575,386.58969117609007
1448789,16.757621206685833,41.15155654536283
1429712,109.88327699226828,370.7998646425478
1417713,77.17175049044279,251.13642390398255
1445741,25.767555952763534,53.59092509224529
1448712,26.91570541811361,48.87127088443501
1424731,14.527518532641846,22.54940105535178
1438052,105.69642467309107,196.64596021798476
1439353,120.89654513410989,305.1934007459679
1393506,44.07364033488388,69.59171890877323
1440312,32.726197660518224,101.10029540139892
1437499,49.54649396369656,161.28392326262775
1449815,151.45543895005798,396.4887212977477
1396603,144.0164917374363,409.3169274735512
1389208,253.27814821016392,471.6922130307928
1401931,30.3355577932586,73.19214868470192
1461012,92.6327429682554,6561.956350839892
1435169,39.66953931442024,96.36212202686228
1430818,143.65825285832125,995.8835298137222
1462800,273.9862429824236,724.4521732142227
1430409,239.91772704779396,547.6186189909514
1452086,122.78171985233028,128.9176432210706
1413888,125.6273976948242,468.25556378989904
1418670,13.83444173208515,64.85013626727613
1402726,20.702377526330302,78.66660998330912
1439636,249.46531684687235,709.8391805068586
1420554,171.98872298375895,373.590615469308
1437049,235.73416579267823,461.26891521010174
1424105,104.81848827258165,278.6882117151032
1412783,32.27199863507956,76.44823996163225
1463789,64.86419016524823,136.03033958840254
1447980,138.3660055410187,368.2167126767232
1460902,39.35737462394624,110.4070980408166
1419251,1068.8616978473574,1876.628191999324
1465697,36.618959881858,161.31880213222428
1396354,60.06421927509854,112.59570490815877
1433422,39.58110549476285,115.73481607615544
1438592,41.28260734534391,118.36657752106544
1428574,335.6457167094167,1035.8737012672043
1423940,245.00675357814345,601.4482293090733
1455681,553.6866337841734,1297.095332563992
1453090,63.33209972709381,211.01898176912152
1394165,401.5250523091699,833.8717776691278
1458811,141.7328563013743,280.5699591241734
1463059,51.57655783041127,201.7928486679243
1418829,448.0986365113221,1662.849041138745
1410626,396.6719572383508,3922.2105917727354
1457230,13.160481971612423,53.89569344607702
1420553,33.2142477922927,161.02025139325377
1402519,24.26161444714754,78.35407370994513
1451196,44.64385290804792,76.95825744503868
1445388,47.027835997171664,711.4305817126456
1452774,20.72037158076124,45.95237899414057
1448504,38.739912539585234,112.58720309123508
1450637,741.7653608116997,1349.779762866164
1445692,31.906987548013092,90.4143120464318
1391697,113.37900735389184,310.02443198926994
1427516,76.79057452114489,105.99161230627912
1427671,72.53420691338167,171.2219525786414
1465015,84.27954508655863,279.50017063345445
1446509,150.61272606034572,380.3243381269435
1443400,220.63433541841235,434.81993219754906
1465925,32.40964418567203,96.49729373420986
1422036,119.55546319507444,418.3898217985406
1455488,27.58202198396912,90.3996851483705
1460798,712.8423922491552,4416.835992530234
1464759,27.57589168678561,86.11885081335762
1415343,12.247818147439428,27.870992595762004
1418448,157.34528128183214,240.83782014603065
1405629,102.11100653931416,168.96816233236865
1440885,66.30731297274724,298.5766516227869
1449754,39.63814814684721,83.35541080627696
1437198,134.06567342596185,476.2167329282572
1406920,17.19125742513586,33.44076455797106
1398803,138.96623391323112,244.080958011654
1418760,750.0811993345508,766.3270769455464
1407548,10.5997886181927,36.68444237059411
1447652,17.65620035041771,58.930154097388495
1437687,690.644375582687,1518.4849650708795
1394032,75.76575260126576,163.13096887521817
1399602,57.044086377371926,220.832533596456
1460849,13.963039140586432,181.26898582026672
1410781,105.7447983631048,252.55589962433552
1451714,45.45094730874942,110.01633540251385
1438801,39.72825419622854,242.29585228504425
1451757,61.95455102705851,178.58130520500936
1465546,17.49147299838392,54.53031560746739
1439531,25.473484794577512,66.14641765288431
1418013,39.87976145444804,74.11725892892001
1453017,255.6909431711492,836.0776297699206
1408064,52.801031951623536,147.71854186730346
1424162,82.13225399748886,327.87814820113766
1448467,1605.772900695231,4512.462288394437
1460448,30.939719983881517,58.73880673015529
1426849,70.2396417189922,131.2675466290284
1436743,281.32525417246137,822.5470381044415
1441941,34.27309137965209,71.98061064219357
1441415,18.94065781233471,47.63984118768819
1446768,252.632114045394,243.5567132615824
1449538,266.6189541300497,931.5808442022588
1448650,32.488719339639744,48.65237171646091
1391587,107.53485682361344,331.8022928563917
1451160,258.89958316672147,503.26921748285866
1442533,23.277243490676184,93.51876167806547
1462824,231.68325554951545,810.6567375747808
1447843,92.11011067598172,215.13744222571037
1465334,83.17901346665015,496.5509554835459
1460196,15.952433025733091,208.92476922063213
1396391,39.339879852291794,91.21371044454256
1397381,35.53980738296887,93.71181084256044
1446042,37.43701752343649,88.87454721394698
1452700,960.4668500709158,1720.535085790964
1452224,82.42749159981705,193.27151189350133
1456469,57.63138566379028,85.34431054823739
1433416,16.22131767665651,80.01616246112002
1446438,17.646814873489777,155.0379366518223
1434562,65.43919765884817,313.6948695508321
1399988,314.62976606551325,984.7626193158854
1397169,36.7441942523517,151.23724025714813
1449962,121.27397253046438,281.6847659370635
1463778,589.4077505860296,2082.2305954942017
1424419,407.58630943869287,817.4596448624736
1449350,89.48343446885035,234.5049365467991
1420680,19.97484148253178,58.62532511195569
1435049,19.11311331565676,66.91463932349627
1408373,188.5523458751697,566.3939354031902
1414680,151.9024117000065,374.68918101983706
1400216,51.44410376491526,93.79790534929842
1431275,98.66114751336916,548.2842799130135
1431911,60.29914302896312,98.70436288115148
1412035,73.1042535113855,172.3349205095195
1401215,207.38174372897055,525.8320992940922
1451868,83.02767848267958,154.07840139311065
1452533,26.56531505833308,89.27443402370841
1438433,92.36914646022647,335.0834108665655
1398462,23.040758620228264,89.48816497239174
1447750,29.446002544839622,83.33383446302243
1402796,24.03227514721261,72.56377163347891
1414275,428.8982177565341,1178.2605707802877
1460022,43.94590900666362,156.27506942932823
1411082,15.786784511168356,53.99395865502921
1406846,69.26680219930581,338.2495360342056
1447435,94.88583177486431,224.6896560413556
1430481,14.744379098872692,37.523475897509584
1391919,14.057456734687218,164.78567416510887
1394518,36.15795084021951,85.8968496266726
1446249,150.31147298669887,451.1971371855961
1406411,23.134686643183045,51.78776858098756
1450046,84.05552133401216,212.36128734410136
1430356,148.00571175789722,286.9231674186833
1411766,24.27624155214109,54.74518995579183
1407955,53.34646986347156,111.1455827377422
1388353,16.184546039175927,45.51353958589272
1437318,147.50372447897158,619.7881040519427
1463278,21.90563087969033,79.3245197934033
1445037,307.17108087037246,503.2033836896566
1393522,13.879207850243365,134.82242764018486
1408194,13.606255881722324,28.382831179533326
1394711,28.491070494782008,99.15621817178062
1392001,53.21433229957427,330.3884290535297
1412692,231.7115229101107,622.4726688787794
1428894,22.649315791849244,91.66334446099826
1444427,40.31735023829567,158.35312321856514
1411658,84.19321769548272,257.4504547697514
1449379,208.1378217690094,1094.1113415410975
1424441,115.19263919934448,387.6516210718791
1419610,355.341587932092,915.491885706656
1432036,13.76107116862845,53.04462648965744
1437205,115.11793856490436,322.2839349259818
1431581,476.39425092784415,696.5366163461865
1406533,63.73195346231288,1098.53532260843
1466613,403.7872578019807,2025.8495100687733
1464682,947.3654060833768,6219.075654655349
1439783,45.12798754661807,115.7871638774224
1420778,74.32186868166033,155.63631103074712
1402675,226.55716526253812,548.8596024612585
1464801,109.6653604956536,231.62151853268549
1425261,19.513795539651188,126.71645132064889
1446899,48.18898570394701,128.13827594639812
1445936,20.76172965722368,66.97375666486124
1440380,31.71840501944572,104.42605014604256
1434703,32.43339008641801,100.66110315140386
1442764,167.34148073253905,545.5943536063951
1392751,114.9387096866372,216.3357850520132
1432415,176.52052689759407,308.5912991071104
1449107,190.1959903136531,707.3654531479772
1440590,340.33077912211644,1224.612582311619
1463544,73.6797086908502,173.65860105249263
1425095,270.1314413804583,591.2208149370985
1438767,102.66293575634964,444.8631476949256
1396423,74.15591606020891,177.82666867725968
1447425,60.56242758149258,160.26475402684576
1433564,150.5065760133715,443.9810940043651
1397558,123.33400063194352,383.5860521483411
1453175,16.403000147789136,47.58406904319859
1397303,67.96319605573575,115.21784830722068
1451760,125.2985623306834,305.53412885661953
1444410,40.974586931042765,102.85312683172296
1465075,54.38504090417313,184.08480943583365
1422743,63.04555855591488,204.51723074959384
1400867,20.055169533990856,64.55102826283746
1422027,574.8164416509201,2245.6657331125166
1399525,312.35028615260995,1089.000416464922
1435979,200.48422858771116,566.3201061325254
1420048,80.8732599962626,242.4101675848385
1438234,12.469013038150996,21.480684260147232
1401527,70.71970873204349,188.0752202618292
1412264,54.95163529511284,141.13314802540697
1396669,24.555096611845407,27.51491939072561
1417024,312.0613043203496,611.8004531968568
1422702,57.41176541802046,81.56131253384726
1438997,371.4064618676405,908.5680064768236
1445754,35.005998440563246,53.6780632589284
1404729,76.60575079907757,134.57665661056348
1408113,65.47525594722234,132.8580487297344
1450473,191.44564756856772,451.6361273513982
1424163,12.124466307053112,35.80596012637188
1447375,93.21775534600262,208.08336746468623
1412141,58.3214018203812,594.3319164078507
1413787,23.770284158400447,276.2191150790707
1437831,122.5376328184138,252.67635907700483
1417042,73.80057277147866,251.02574546491184
1421043,17.461001853235224,35.8675799400308
1400732,35.384924120153464,103.47104181384132
1447706,122.6980751910512,198.43947495806307
1405249,166.59844571347256,281.40933641420804
1407210,233.95710785118484,547.6046319272901
1450553,20.983233909486835,88.25130044929232
1399552,115.53491591666118,312.36217875759803
1429409,89.24143083549458,126.38492187347374
1452936,45.28291053669762,119.74513574841826
1446944,145.57765380576436,597.5724326631922
1432210,55.805059678199854,152.59276296143236
1451062,172.30017222176545,461.0175146253838
1390772,54.88124235656015,132.19624916053948
1445211,101.98088616430736,257.6879736196054
1458912,32.055166410584604,100.61624556566402
1422394,300.8272407241532,715.5124019866338
1422247,19.64475022018937,45.80342496864688
1419371,10.89052291098228,18.18731128001565
1429594,90.15476214841414,232.39769172702375
1393723,33.92032599359724,111.85731530678032
1465670,37.73085613339403,65.20379236720883
1429973,333.6181975411081,865.1609080851242
1465866,104.42851527253002,310.94230341411657
1434286,135.85469059427356,312.3095731988063
1404103,99.02925861257847,270.48070929209024
1451507,58.98245403879184,98.93361245288224
1444742,10.967734221551469,24.31585646810228
1460593,11.027742571820776,49.07123267063739
1460620,69.04751408122122,111.56383396010524
1426737,33.518009884947794,188.9263204483253
1412917,60.22452166289427,124.85713719735064
1405119,22.399808347489035,43.65220064068865
1424821,183.73898759361728,245.7888979679276
1447104,161.20093585981144,277.31884884825547
1444740,517.4106083193932,1129.4553756711296
1395813,280.84293851577144,998.9061575952322
1417707,139.02535263182023,370.9817347688155
1407437,26.193373164354423,97.0883013692238
1451427,27.12425605870657,68.40115832972555
1451547,62.13987381062573,190.4179184390656
1389334,146.304404922166,311.5381768307554
1443650,12.024384926935054,50.98855357383519
1407971,108.21127724558094,321.1304627104907
1448716,49.58634295995278,91.34064611100275
1444738,134.7495428278934,366.2151317535589
1450018,36.00308873351508,89.71716105865293
1407863,18.60629350036785,107.34300351130616
1446961,164.46709371438945,371.734229615454
1448571,78.03469993025301,202.99339613152924
1465068,93.5460649698188,174.11729091876094
1438472,298.48199585472764,757.2422610346143
1450591,145.4611986389072,274.68913012017373
1450986,49.30727367231904,204.71864903818823
1456188,30.13588267431102,99.40108325872684
1432321,62.119436829031216,127.55978314288583
1416442,78.74125813567072,268.6488580493745
1405275,476.37411199885344,1150.5745440626704
1402024,74.06486398787892,235.9357911752591
1451008,200.53917725432748,1167.6589791173296
1415837,85.53225424963853,185.99318227514712
1402803,20.43618113978284,36.94927648430868
1433532,59.04306199921911,124.10921783749544
1388963,28.829389485775064,81.75739899431962
1433317,135.224610476515,371.5502629187786
1435015,31.36727109296117,54.016702330830455
1392860,105.85084878074473,274.8185291663149
1462965,80.3467500412672,209.5260167956353
1405899,1487.8985162324286,2945.3648897573694
1391386,15.085574367527569,29.24478554889336
1437189,52.38241893451131,89.44119992315947
1464647,312.28235804520904,831.2757308641313
1465049,26.786305030434093,47.75620925615392
1448690,22.35240846906589,66.9602103242454
1464512,366.78823735202616,1017.4525040415962
1464996,135.8868236421765,600.7597947091717
1419665,45.0509370634976,132.8518811024286
1413404,386.3742195658938,899.3388533881035
1390153,1000.4661062629835,2629.3190583714563
1436122,41.29706101305439,93.84998409309044
1393154,22.08174033638915,76.92796512237724
1400057,102.5479336348358,252.81644652049272
1407303,25.80869689527785,86.43873423822266
1390621,163.56098521108152,600.4964004021058
1463184,33.8185685856206,85.95960049100329
1457171,10.162825413450427,55.30073215513532
1401064,25.69936532243545,202.04245295200053
1465990,106.1052179301448,475.85760566760393
1463418,32.0138829680248,97.4377409476074
1445028,64.8550857843559,150.82846799402256
1440699,16.719934543745204,44.13498677898248
1463553,43.26488390166254,94.93664460589622
1414458,169.74547323149207,291.00812997262256
1448932,80.17771819684793,239.56405591719624
1466279,93.7027062421098,130.98974050012444
1445238,18.26440003886624,37.48994437946056
1389225,192.06270776671465,654.6645008769322
1453242,36.91020567501982,125.48535034910832
1450334,114.17423871708138,311.3634523365092
1436217,47.127545184849005,160.58848128963683
1456172,23.2911150323057,61.25608683835487
1450840,212.07029397859787,546.6297662375933
1405093,126.74410428661965,356.78843733596227
1426546,28.587109323607915,62.660402722665445
1445235,236.90354957886703,566.7156832649648
1465136,25.17568895127012,65.09786416258189
1465034,24.247280723399324,55.58235078429744
1397602,79.45443792416403,178.49470328933796
1448527,105.21765375264587,236.6021679233845
1405742,340.6656223814737,672.7754431245992
1445125,40.25457618546788,112.02410706062508
1413865,63.669062265150416,142.20654196995207
1436364,34.720007065375434,59.40223118251832
1396014,1016.786295793137,3335.449781014142
1395191,922.5223087658568,2639.2148760751697
1459520,67.04272000960493,184.6256530721309
1394453,120.39150142987634,346.4239318376289
1433493,94.63793304714876,470.2289270412981
1406838,51.91626814621263,122.98276615285818
1407029,315.4441464884949,1055.8738548533026
1441006,154.50814181915325,458.6950329043375
1421297,48.36916229867001,53.068940090945055
1436492,160.99750665075837,309.25055271834253
1459245,17.495968336769263,79.88488962657877
1427025,112.1908671526573,254.48139113635267
1417765,72.80127493034678,245.31302840612065
1418395,71.16583040080216,208.1275301393269
1398041,170.12583373375512,464.65696563967526
1425997,110.62782804616592,236.8350011178952
1389440,109.5369970730951,260.30315623672
1465215,645.0433341506982,1844.6104912592125
1446958,53.84405044811133,102.32312662509084
1403443,96.0485531279063,325.56571992872017
1409496,404.8208778852816,1047.8093837135978
1412294,656.7646517479382,935.9823388302324
1439567,66.2126795494999,190.30802254793355
1460269,180.1846460993393,522.409341792035
1419316,125.31693883667762,262.3754404818612
1398335,84.216101005147,268.4325927718661
1427894,13.648638366766615,48.890919962420064
1391678,61.86728543660086,167.63076731630454
1400755,15.14742456068204,56.21486010102807
1456233,20.86910178412548,60.819572930958365
1465875,13.155463823650294,42.30328000727229
1429508,75.37483550395125,226.5696643981247
1413118,490.47354346567215,1369.5581712656065
1447586,179.5986831126028,515.2460074516147
1447615,1599.001768967628,7449.655201515896
1393804,35.2901987347833,72.70488434985842
1439841,142.38820994765706,256.80580822620226
1420903,30.73788217498629,214.09076819641075
1464499,17.62930103995401,41.97961818558088
1414337,39.663905220844754,122.9561239531693
1401309,40.00895831014625,116.76492058293276
1420895,76.432318422943,344.1498704542345
1409302,39.02412912837091,72.14255609722667
1418069,239.4341579975948,563.8558973460937
1440030,367.0142570928396,858.2389018051125
1434408,37.46838558782293,81.27109288835504
1446563,23.461262666826304,33.29304704660306
1439916,44.048854444696616,115.58962488332702
1419874,159.28144688972515,429.9604187061657
1463451,149.08073161455223,796.150900112167
1408680,100.71038626766033,278.2674495838958
1396377,176.4350881605797,288.4236824802201
1411372,131.47729046721614,332.3987879631711
1443678,45.70529619059605,105.6345992835703
1392799,49.352548090284095,136.144833767254
1445054,26.709753405936134,65.79402988976017
1443443,125.61015812631048,408.59975165822544
1401228,39.46766159974767,69.98065103623907
1465830,138.22305828994152,348.993655385261
1448316,230.5574552319462,617.2523141223913
1393805,12.86748733896471,43.983581900731714
1438026,15.517228695543308,60.99679766812851
1450301,88.28263900698063,269.7565317713607
1394913,90.03221964879822,225.74439548380204
1390004,67.36380889208642,164.7145878301183
1446284,273.848613830877,555.7805383807643
1465696,37.79150009498022,85.75482634919341
1441456,468.7111636709927,564.5023539938963
1452415,394.2084389695306,1139.764161085473
1410091,143.85167224606502,594.8638502412593
1385012,47.74258444522405,91.93757244552371
1442241,70.58052628066201,168.3156956238042
1390378,161.7616984336948,450.6131340413529
1447038,74.56686406728129,150.14395203896913
1403850,50.866835663465366,62.69717406524732
1444741,30.31287307711913,247.6313575704892
1456165,34.11595006276254,113.3765004264585
1401987,44.16497196342135,110.50562196830838
1445675,8123.808647977506,19620.068321193936
1405002,22.51293686567516,67.96750627060722
1447386,73.35470273211558,235.4777322043529
1452020,535.0215961944525,1335.6980569464076
1392421,21.423188501544715,58.539501483995046
1429958,46.136264622347895,168.05200863754095
1459508,11.740137140311203,45.7087734769763
1451953,67.1097379583416,105.780966323258
1447194,18.96091489837401,66.22326383913065
1444939,22.76113216351989,67.73033051033624
1463161,139.83950210250651,169.98145370901491
1448755,74.7005727192543,169.63169350091457
1411439,69.23094689215759,165.36418948813474
1452447,37.57750447796571,127.52586590305845
1398960,180.01365216385915,411.5111509437627
1451523,179.3675296470155,336.5042308894843
1465588,25.314440568208077,55.2477222910263
1451618,44.296212611869024,288.13160114922346
1439301,177.33875704834117,352.3591051008729
1452228,36.72556062896938,130.25609580282705
1395637,14.270629284401238,139.53536138312495
1426099,212.0324892293252,100.15414827991115
1394297,15.747064200384813,39.62166875424136
1430014,35.31281682355769,66.70068476308124
1410963,16.928728223999794,41.56971405340349
1403037,93.56831664892094,152.94277712440456
1403189,31.8039992280568,81.1209721619241
1412045,92.54263008287776,229.76191314831456
1436241,474.3051080799257,903.5308251857726
1436543,106.93196111275287,225.62716287532504
1402344,14.055980536321137,94.55514452242812
1440591,125.01172989241432,261.83700721369104
1463290,63.046569856993536,117.32758836011268
1423192,14.638258237945426,35.800935867781426
1391770,56.74846543928695,180.238799970562
1416212,121.67552764080116,419.159186052631
1409350,13.466153602325852,18.09297155639091
1425981,62.51858635303367,109.19708944175136
1397676,34.52610528352165,63.95529992988476
1423893,128.5538862172005,250.9944238725163
1411198,30.205625082737317,180.09414617009926
1419047,241.92867142053117,317.9412247914237
1438563,22.641563242383175,57.60658887949864
1404092,69.42924453722061,146.1119529301348
1452005,130.37588078726827,516.5597709451156
1404680,243.16368300944453,670.9122100448569
1430099,946.5400929979234,1968.212644788944
1444745,38.496936586427154,237.34937394563357
1435330,21.62967545958152,30.2746191945928
1410935,85.70363750296524,205.05564674235785
1398080,38.16588790660765,97.71945067090054
1427405,94.37561740893308,404.4892332468548
1433255,172.3586100538788,772.107421423291
1455430,107.99273570516172,192.11124392091943
1448970,94.72404504789024,212.49097913529988
1450869,82.5461501809454,169.27743356583417
1431807,28.506022842537867,70.94945382713436
1389486,853.1827333702927,1785.138853227702
1431504,16.053468951974324,58.50231452096155
1423459,38.51820346200358,109.23540370735684
1434829,61.20240389963935,230.27006177525112
1448357,33.43428528865848,88.14795698342476
1425300,10.7091425998387,34.23651999970513
1391184,34.28754778968433,110.27874751470988
1426218,41.904422816966,205.45659271402195
1463017,91.67167124087486,243.5565666020731
1447152,34.289652819064536,100.59831247095012
1419193,32.01459497037693,99.03919417169908
1445859,37.952656881586805,98.7741873868762
1431293,134.26945562008248,309.71698738790815
1463229,10.282683210233692,33.99795451743456
1428826,141.70186604729682,283.9447181207007
1437146,44.81211271470228,74.78642011122089
1434882,80.9067289597626,220.99617267465132
1448831,50.68655054433573,130.49581107326276
1401577,78.01647844841959,140.72353238827355
1448915,104.8748291139786,266.8135386081706
1410434,17.037639431233288,47.67068116604391
1448143,1050.799413079346,3638.795327707188
1419569,32.883146966768805,76.61841952595773
1438043,197.91133126454105,387.1771181946317
1446810,57.7298625191462,190.29727793363733
1424131,13.693401554840712,46.077595423367285
1440179,34.69888539036818,48.69317797362801
1434836,14.213535959080522,67.78827496777481
1391957,24.287794716848744,79.89969418520663
1396560,41.31408185061056,161.25354576803315
1402958,59.05474327392356,119.1554482136708
1436872,99.34425399918436,164.86069028845023
1419893,108.1690909031568,195.63465213221144
1466480,38.39076403096024,90.05959424729464
1404825,16.80079300146338,130.2141128771922
1445978,29.25959360446673,52.8777859529084
1432208,104.06346633861126,254.3497219433731
1448400,498.5249181182541,851.5329940242882
1411057,17.379860232865454,47.72576854916692
1392235,36.36218947778526,266.5753550729469
1416642,90.09759361691476,266.67660182131345
1446171,16.9694246750693,117.2507008422342
1452894,256.9957278269836,475.6981883513631
1426829,62.46094824194468,358.937803595998
1395920,171.68954043062544,359.12975933268314
1396290,251.67056776668255,393.87827235593744
1465456,167.4083314041162,494.8926830569926
1447861,60.378757018641934,112.90219695978188
1442633,46.52346979438168,96.3625052821226
1410981,70.9599109957368,108.68519263336064
1405534,1322.401367425201,3413.2022884888534
1445308,24.972347869301,485.1852988182893
1465461,25.20144164821642,45.0886873757501
1442132,20.280606691100125,54.13281606740602
1410515,178.26875562308516,607.3255210945152
1405186,356.9929796345246,853.523391651511
1461100,1088.4209950034883,2256.271791546461
1397455,60.31638193902778,230.68820594806144
1432918,59.63977390571216,223.66430423390543
1415394,163.4013352626118,559.3292329679994
1465453,320.49935183051724,573.8272633274022
1460640,72.65457701126954,90.44838791436229
1419674,40.73748691223257,87.34488695188207
1443677,29.498260829783767,77.56477416747761
1451752,69.64854049752378,155.02492061941612
1450272,120.81323222529754,225.8272215785105
1399223,19.75141933722221,80.45236193432923
1417109,43.40213866828729,135.98290261499585
1410819,131.68572934157902,482.499813304572
1409353,18.98923373764585,54.44134519214382
1413835,195.83688475102184,416.1289838191242
1436732,204.5541491406557,415.1986740032986
1410835,940.821573670481,1543.170208801399
1404859,92.50440832062972,202.96024002665143
1396095,420.2137428832425,1033.3099486863712
1440316,173.345595844765,253.041647311543
1456332,844.2999717496369,2912.377006999998
1415477,215.02811944423468,640.0914451627594
1446140,38.07613343738814,111.6209864450522
1400212,20.30215033858996,54.47324562410861
1448359,478.0598074970456,1152.371173533456
1443174,91.45617558251938,235.2069525399484
1448293,257.9083709071025,847.4449741632474
1425392,53.110076005922565,85.1188839415743
1462582,44.99526504246163,116.15090522477924
1432695,153.31319218361753,351.5351084160082
1421353,56.15516531139227,136.14499105791518
1394924,144.92800430875863,272.835761932325
1442775,47.87241785301224,158.48257915801662
1391737,94.03953556535734,205.37542506007088
1450697,35.47771296589524,83.73808757134043
1419268,44.83250550763835,164.60265541197683
1394623,61.06303495153241,280.9993693272786
1425611,33.941320558591904,137.84962205177814
1448069,49.74547652575302,139.77367519948382
1443137,1533.0761568233752,4172.653728321457
1450167,27.52241258657367,88.93481290644073
1400118,27.18892194187498,42.29693412282489
1396578,30.22870613028429,47.02962189548597
1407673,34.17794989123402,139.36418916963822
1399532,465.4178601362962,1793.1864340898237
1403332,216.96617014866948,472.6564519188013
1393559,39.367378026735885,161.65335611085152
1407416,87.1011329224323,319.92534915310057
1431690,32.34792978197044,65.02429129586298
1396274,130.42795104822895,413.2293371110685
1393048,12.788579711840896,125.79244986668668
1465864,25.506495806880643,77.66194678789346
1451362,145.53561585351665,217.3880682063691
1440295,232.04868998045168,1386.2410618788278
1394733,99.2017970576582,196.8595732013005
1406397,161.01512076761142,253.88140806628573
1429783,117.93182909734011,318.59234830441846
1407390,83.43076620113119,218.07848944828527
1393216,21.33075832135615,85.48648220508008
1451813,47.76840414585502,139.02246016772492
1451593,50.23366228816951,2372.569109967844
1425648,16.182796696798352,38.89454665012927
1431702,61.80859539939401,201.1912995653249
1446283,558.1433677640783,1210.5078923781975
1429900,41.37301987782742,95.10230228345488
1448777,461.1539251149547,1042.3238414041027
1451295,496.7114682231336,1817.284086795796
1445710,360.463007780508,549.8413491678734
1448354,401.7240142277184,792.3817560361317
1418964,221.0287272041956,1136.7310543998165
1416603,52.37732814790688,143.93196190108762
1415746,87.73114733618226,84.32873023067509
1404201,108.48393502741132,223.8555910000932
1408348,293.89727759185826,540.3316832536665
1408007,271.7126623396043,509.5628813799311
1430045,259.0263413929331,722.5187492004569
1434690,269.3531347562991,677.8567914204065
1404741,19.273146558317617,43.13202411608955
1451652,12.465534593535743,40.725466719706745
1389608,298.7712344479756,959.986862236494
1446579,121.7910787720528,337.6254754431806
1443841,92.75038423049722,195.5570898981571
1443439,45.54584732221991,66.41837266711363
1445730,32.26877177913816,74.91892001573932
1451485,92.7665552909294,241.42215195303177
1444091,194.1986726517411,435.83003874322463
1430937,15.848192827492989,39.67259131011351
1422938,83.50347173885889,382.29357366259785
1440803,19.376247882560325,110.7153925604626
1465646,79.67428033263414,222.30291427877395
1440305,91.11663214226124,239.56655910764067
1412749,90.08994894094074,338.0946324870433
1407613,333.7402398643499,1838.7361787564716
1403312,44.6890027380831,211.95826589800828
1450594,10.233804632399764,26.04502708224788
1445387,118.1701602223378,337.1150408133521
1407414,189.5307432963181,345.2804423025791
1450325,115.00347389670574,408.6074096312036
1444062,404.6908307504217,957.267129141033
1431537,158.41390374762028,472.09891509452
1419543,47.14793996691106,89.12375471624144
1389968,25.67127961225467,80.28389894325736
1408896,29.162898517152144,77.64887792126437
1427907,21.670834406529185,144.0526298474189
1451179,22.697776792760678,51.60793744592042
1447261,293.6954003528579,592.2357014189145
1449291,10.49481498483767,19.55528321142797
1413662,243.08280881966104,3026.3156875678123
1388264,12.793813567298226,20.65838978399974
1405267,212.32465000908093,677.161788964695
1401536,238.6491137904032,423.1986186187368
1456389,658.6238516617925,1441.7128358118816
1432634,94.57522857494988,195.4209742613543
1448277,87.71724920019872,220.2348952951725
1410768,44.41370806402684,140.27007017193088
1410295,25.85071351395867,57.69658196908253
1450238,59.20235903553051,126.62500756320084
1444227,212.900276902866,840.2124603362334
1448053,49.91890810870772,107.88083708056436
1434435,228.10122453068757,691.5013230188479
1460993,1347.889776955332,2600.998196456403
1465810,55.69916217874301,226.45327669159832
1393494,56.07279344925496,241.77824619612724
1444027,416.179000728738,740.8373975419349
1451587,107.77336912548024,280.3722190446898
1450557,43.36830615657714,99.8925536042342
1425001,72.6271011562834,351.9509919791096
1419986,115.408097635981,167.0615802349335
1406541,27.11012750824183,139.67873321135505
1444328,19.37357954560649,40.83284622636166
1464313,239.3359601215262,864.5448575306134
1455605,310.54743806908266,641.0299094864004
1464388,40.81803257600552,145.2152409701492
1458795,156.9859531413208,482.23847766273474
1437574,30.364679710749687,48.75819343544899
1408536,68.09163098424094,225.12886209622295
1451563,174.953332785091,635.4279490311676
1445198,37.3333831863821,134.61045417591683
1447054,197.16127465946207,658.7522069022285
1397239,33.69992773075165,78.5862677506482
1451747,23.608561568025436,58.87905730421206
1394869,113.59605105738856,288.90377732072204
1456147,23.809379292763904,123.32403254412742
1434776,123.77527034469,289.21354572249
1444833,11.186484357845275,21.825418127811574
1447351,23.46010735587165,80.96524909442022
1444915,13.348495079917628,40.52885673586879
1465932,134.20478336747234,306.7414269032071
1451522,203.9198673793753,585.3596460207966
1419128,177.8580478812411,404.3670681179064
1464503,71.88568138790136,174.83729254459828
1450452,272.3273640961264,868.9516662959793
1464816,36.32616669369053,112.50095714381428
1450580,33.231586032196994,105.84299703935795
1445988,69.48804319568988,196.61255580475716
1464906,78.42548121769508,162.37791690469928
1450927,80.8522093219484,130.31113635445178
1444085,44.14789420360314,97.22727297558622
1395546,15.675140723691134,48.03778855445021
1451344,58.00683414560845,187.83247444801384
1445100,31.112772512864165,118.01982802264804
1465183,23.829314121237093,54.75557693202068
1399324,221.8235546369836,662.8657286678812
1396534,50.886026216845,89.22019255674604
1420631,541.7035940784664,1519.2467140279427
1409509,71.94982669161237,389.8333547576256
1445377,31.643434082608916,68.47706813153292
1445422,17.471990262395057,38.3588213036037
1446013,17.252574211374434,53.94234149189667
1465008,20.86225063895877,71.48616252263805
1419330,106.28357056626352,445.9599300109691
1408165,167.95169278263555,455.77857542727
1432251,67.06094467676141,176.76583149534346
1396916,75.89571975770215,292.45359517127866
1452423,17.9185183362919,64.22292366802553
1420238,66.01229622096538,98.7422732709261
1464071,96.71569948341076,196.3690586912112
1394386,51.94499263012793,106.9443629289326
1441654,19.460167872148176,45.62870663587317
1402576,12.47071884225048,30.088481059681957
1430983,68.7830350444826,215.10705620589732
1447046,188.69842522062683,500.1531623729443
1447786,126.65359035928216,404.9533530836016
1395965,67.71563586444375,160.22108653976346
1424469,41.88962363428251,399.3693316266898
1394089,49.56549325531331,103.38944794071246
1392092,35.3906174292942,107.0136799505096
1416073,18.52456873757927,78.70930582670508
1410175,68.97018742754398,177.80860518981848
1394309,97.55331307065735,362.47997119235066
1412560,2577.4579335683247,5088.291822951895
1447197,134.01695561428284,208.17942670632
1450407,120.00120798094656,441.6717496566168
1417482,1640.301589408484,4134.985447793079
1407064,10.744508264143343,33.77132536031138
1456132,396.5147649909986,1258.467203869697
1455946,70.24454846187862,95.43615110095264
1444042,57.09890581186114,129.06799466153635
1425200,60.12781739386818,234.96382988380387
1392752,73.98905418698517,150.77243764108258
1395350,41.145542282049504,99.49022364363016
1408652,148.77872784385272,724.1370376021224
1449063,158.86361488920403,371.8972130621392
1449207,285.0664341283105,1197.2726795009062
1432383,1084.792132245819,2265.7381320849217
1420981,147.5864059105928,426.1325638149437
1441914,90.8691129682866,335.3567673536596
1455770,1211.648826098907,4579.462541571185
1394706,46.34454535756199,386.87068449640776
1398317,20.87299227866518,49.16761074917806
1413083,103.70863972755114,197.9057188024407
1405856,102.53904635845204,391.05517332556025
1408735,100.42017898579388,223.70932547258036
1421377,48.46428947734015,82.30812259510418
1451970,31.99602073999529,92.84200848096084
1430021,144.9575780994188,291.97197055788683
1428025,116.65011046720316,424.5190449010732
1395192,107.39726904178184,217.38578301327837
1391899,35.70372274763817,77.99722394361996
1414762,21.78294001331074,403.2731403822706
1448391,586.7882630326383,1183.672237482845
1417967,56.74506297291428,79.00017063898697
1449321,127.65141687189966,256.8777098666971
1465206,56.778529461013456,137.37244578642168
1439177,18.65967738174828,47.35346508941488
1406299,93.73257062773406,185.17575205163067
1388573,129.7956336462097,247.77418746163784
1451215,167.93599221560336,207.45698402633684
1392881,39.93112736816688,196.7162228927809
1447330,12.106771940441591,66.91714794920385
1464854,234.5103704955267,720.0131831592506
1416704,364.5115279921426,936.842236506516
1447157,640.0150801538647,1767.847641551864
1445617,67.81340196411224,178.8186455443128
1410247,276.76268784391715,614.5070814097348
1401575,201.49516927947795,581.5805483778171
1391882,16.986995290171357,45.64778698430578
1409915,46.93740267592936,112.67893101352465
1465039,366.5936279973283,1415.1806522968843
1422141,59.52890463408364,143.3523678162772
1431070,93.53504872916008,365.48666394089537
1394199,121.03790151645002,290.73883387954464
1408258,158.02778369002402,442.7987932682554
1403329,61.71588301484304,180.91128378964376
1457248,31.11865446368058,64.95628093314451
1394555,98.71849370091546,172.28692547406888
1450194,306.3990124790229,610.9164505804918
1416558,114.16103072992428,227.53352925255396
1444281,182.1300220819383,502.8365828368412
1449451,17.042673144654145,38.37043161688664
1448038,229.20964443413556,706.2136491331917
1417561,24.362137900109627,110.29081289442983
1445050,14.064915349826853,37.96394741711978
1391405,42.66919115441783,165.87222981588758
1460963,74.18901698556601,122.66798356589956
1447973,52.14835925742724,92.83746659105913
1417340,330.7662221116537,403.9505802329269
1462449,267.61527220158393,682.6876300349071
1390026,148.62516345186717,415.6334076740928
1453301,58.70092071863,252.88326133592844
1420568,114.47200388474242,228.55043847449252
1448757,110.74254254056832,321.8501418912184
1463579,202.03990063011156,539.1232638158777
1412477,987.262603512547,1467.8231225654094
1451430,229.84935914858505,645.7585250711747
1422710,40.81199897758805,76.00657120562063
1417930,33.19897624608586,89.34142049063429
1414745,139.52980657291153,340.2579418571973
1451924,270.54279722462405,491.3566286170517
1406658,198.00078587627527,596.1711743509101
1401400,293.82829262449013,622.3400638984372
1418896,108.86632836577948,195.20140517597667
1426876,88.18269362483393,196.28738839960624
1449807,31.996417845965063,93.05351975959488
1452134,30.644998612794595,88.79470153981767
1446104,464.6153141939544,1709.3547517557724
1447087,27.60766965136242,79.70060462126098
1395564,129.77436473795768,239.72236277919444
1408788,256.0457473350843,816.2103059596297
1435828,546.190416633567,886.1020326088183
1437343,999.4079844667698,1800.0963923290158
1389147,12.13392925792312,29.22358087209065
1439058,23.94599874377181,61.92587852035994
1396706,55.22128896120101,123.63334960138552
1455452,228.35584284831268,602.7102816938279
1424507,56.72788152032631,136.61405219803586
1450856,12.8919533259425,39.484468100207216
1422601,11.99001427072109,128.89604677542678
1434444,55.3050356931193,156.7883367613686
1451066,338.3758962300003,995.699402670116
1431301,13.931236454400056,49.53141464157405
1455967,87.0769785278475,215.88612955042964
1445647,31.05547779962472,110.56152803794124
1389216,78.46254125056807,168.9224816343704
1459046,1034.663242246137,3111.795473951187
1428105,16.20380974693787,52.04375963314004
1452814,79.9447377497024,293.8924786205056
1464389,17.02532252228961,63.503088694145546
1405830,134.32761769757118,356.0772025240291
1450600,127.92728984772738,430.2066943275138
1447206,32.907104530606354,104.0444458239924
1395448,22.05539286719742,41.45737743847078
1446645,104.15650013235728,256.45642801427243
1447718,31.049745987851413,135.32004940695137
1415181,43.43407940497031,120.57854332406036
1438358,221.1816901244096,639.8920200574548
1398938,19.90138725606109,99.8577231612082
1449648,43.19372806132572,107.59012765282316
1407399,90.6349104435805,258.2015175617608
1441778,125.21643538384578,226.45647152393423
1409802,20.66491125630023,39.61665572013183
1423966,137.80115179909356,260.7035107955887
1464813,102.60574030621356,549.8106676449846
1422813,55.41827233442298,148.77099074329823
1433450,919.3351231098392,1537.8712440275792
1460301,64.07136248574632,445.36595070904553
1407855,168.92092477239052,623.989698292676
1451984,43.2116616893758,117.21296377973812
1421227,235.7038187781395,960.2650925225066
1416575,17.57081956207756,40.139485771864
1429864,145.84460789866546,266.89060837283387
1445293,27.31882626127504,57.677683238687976
1441676,151.62836039802497,554.7631004187664
1464833,75.53415185804822,194.8520483818225
1393124,25.11234100728603,51.49476421408564
1421411,77.42659426786473,155.83901484715645
1436795,42.546416106131296,97.79186975821467
1420647,80.84309589205277,304.78766365557345
1424391,110.18350016704277,229.59979377851155
1396242,149.27243229043935,290.45115000204305
1448905,66.25379264285576,93.3198165583758
1443370,20.801465914626966,71.52349997731659
1406664,24.37417664343345,79.20009449809447
1400582,39.65454078060224,110.46944060893858
1406579,124.45405513039466,574.2472027642356
1400259,20.589051300239724,77.75817224048603
1441076,98.61519156034473,181.69928418480012
1389516,47.91812338640657,306.9755385563751
1393444,111.26159148825298,315.8854209962967
1412258,11.996862611072912,120.7731662715614
1465397,20.107113258576877,38.089100410721066
1403807,13.173628026898747,26.644250878249128
1426923,792.9619922808919,2128.530879292229
1413721,63.06018858968579,176.10388461186014
1447930,54.604784973659584,125.9184922173444
1414485,145.63461371677982,486.7679473632252
1434162,35.22478277189835,311.7311789418771
1417127,14.853950356039824,53.443381219077686
1462814,774.6309608328136,2180.3538915331314
1444854,153.30327970907703,419.8770906793743
1407073,13.406279512111386,40.75823234296282
1428922,35.90431926461128,99.97218562823116
1448151,807.2317616893143,2232.1135808663635
1436259,103.47225687053096,344.8548881901038
1409048,20.09538031135578,45.74375187589358
1413920,63.86836306388688,185.36001306225333
1445013,109.95175113383662,381.42675962103885
1412983,148.09304621026763,325.45787309016106
1425370,285.61951435884856,195.0895514089673
1447283,45.34678912784808,75.32558327606466
1441874,38.25981583897296,131.69852658261922
1429472,27.708409668399565,543.0774558347485
1403400,103.80102140208987,245.9068966984218
1445488,49.98377944387733,140.90530528041353
1400575,69.64588391875786,258.42101762582314
1464461,24.57063429115566,69.75700459741628
1455756,12.410290985254155,35.586079219000446
1417034,333.7647697081128,527.1795846598553
1392207,70.53220929164323,172.27888476515037
1420481,18.70823447467754,25.64621670303548
1422795,15.142086013308251,47.4252782038032
1430629,54.500212900725565,224.226702757236
1446496,33.77936617154389,97.83606923712672
1423641,34.55714564992341,82.77758447629367
1422001,82.96493645383353,52.981450175485065
1411602,16.287570639197334,54.99566072531819
1419407,31.629476901398583,230.14111301089264
1435958,36.619531752173394,107.78768768266112
1422539,125.78815376345251,396.9749312797673
1421146,32.22960252610085,72.45832550087351
1415956,44.65597646102148,128.37873654294822
1389136,206.42836705980525,251.67963207541965
1390095,156.24216851390776,420.2460485534452
1427572,338.2174272091873,1376.6649232443604
1396258,32.85934820652766,87.67886358833573
1464766,460.680174287783,1580.144479468917
1419673,94.26707106714169,221.32140747184144
1452478,45.04669269605773,71.86031555064498
1405344,108.55477773548952,345.05049278595504
1420088,167.9048774971725,307.66461666181345
1407747,120.7491732689652,352.41976629075697
1412967,30.230569044402596,57.84831421627173
1443541,11.345139487028412,73.65687821659698
1396808,50.33908946054164,137.98465974925506
1412585,485.8810056118929,1044.4571633152266
1419699,187.8568334100902,642.1902909422433
1425755,35.24415890561887,103.79788199246308
1463788,124.6472113088271,244.4044705607755
1409767,18.42982836093129,46.77565761429311
1393295,10.352631956992196,20.02697814594965
1405229,127.31002014855916,316.60482431294736
1408402,205.47445044665477,325.0558796383846
1418178,63.92800007824077,44.22452673293488
1406331,39.90374538799257,107.59329358837888
1412077,143.07003486260248,376.22958312187313
1451249,13.280213122636551,37.39955074831023
1432573,54.36632758271617,117.6075227048674
1465644,166.63594887880603,528.478171614153
1428538,321.04959046666147,674.5841911563223
1414502,254.45542914467387,480.2200021379945
1408328,120.09924616802832,259.0742928155144
1424717,52.16505415402579,83.58639734800701
1433067,106.5858553937082,340.0436975929579
1415588,79.13850003073539,217.42491254837728
1415125,28.646032826380186,101.91030571355807
1403475,22.754042639264657,72.65762102202308
1446076,192.5780851574521,406.076833682909
1395985,94.0732076469013,281.2003522398318
1408313,202.79861224718096,853.1587533857353
1450843,46.45987032451807,122.71722048281887
1450775,142.79046871744268,299.55278048405694
1415351,32.42993129516064,94.32119790455172
1445478,133.00161961916254,294.92791346602337
1464385,11.801413794837348,23.878814212715827
1429244,11.343712069254725,31.104681967856155
1402417,131.2166508396621,260.4358277795289
1396372,70.97751914667279,105.62641480189346
1429563,186.4770509386297,421.9762221589507
1446047,45.33027012252168,133.09088849248218
1465605,22.888824895744406,85.49426572307442
1449573,74.94809396091496,273.430366360083
1445535,129.7144992748075,385.5661420214243
1413169,90.29729809660118,158.02811881539412
1459115,52.60696370733468,163.62988740669203
1451193,60.27485469617245,180.2684403483109
1420952,138.79822321727335,338.5213826600608
1396353,45.97431503596039,110.64623692381016
1448219,190.2684472426305,531.8140416189293
1451964,146.87617497431577,256.62040227178386
1440723,21.9536313604872,86.98200449699527
1391654,86.14714220807207,216.93750027744403
1400293,13.311407480212274,32.591241748675735
1463610,65.3671062454982,163.1372092773312
1453132,161.49803132127352,341.04293584938955
1406458,20.313150838737236,61.79057020981372
1424852,16.439781073711274,75.3872122993215
1464147,130.4210688974959,415.7254131400189
1465029,11.100793730640776,33.44345809337154
1394550,32.95325884305939,57.45348143543352
1444916,23.46130033172176,52.12935232275262
1453065,21.52610169426748,62.431116052391175
1444953,38.27685761360998,66.05998816447833
1441269,12.44781636652019,77.90411736865875
1390801,18.571457313971194,43.34080035016143
1465488,42.76175939104981,182.8276543888825
1465853,10.705959227237582,33.82834066624227
1422837,84.26160125362917,188.7404335975412
1464273,58.036432275613365,115.7592928504869
1453115,49.37494534798967,137.22412258216846
1411258,169.10064307887666,429.0133109955396
1437757,94.19886097140648,219.85941632505475
1428127,67.12256726703653,165.82137130555128
1410995,49.13288601072343,88.60461955889009
1436587,40.28755739907185,195.20300792121265
1421764,556.6707256883943,1120.9417635765449
1409769,335.69536922978665,857.6070503215001
1439527,80.75043546452622,132.98691376267777
1390646,18.540934699207863,34.33755331205397
1411157,10.986871297703862,24.371435754657163
1444203,32.571718959647455,89.08506963755542
1460549,21.54063109542899,51.858110618745975
1451737,65.40496833606981,122.74168308000348
1460226,17.554518118751155,91.05344033388404
1449504,53.05498447523761,136.51557764300043
1430355,16.595134721744348,43.460010387095565
1417704,88.52711560012746,168.32622047343463
1453353,16.222270652547042,38.89848667280047
1427939,166.76702197203952,269.5504939803546
1390312,33.03211240353011,85.63440195169547
1452527,252.52001671005388,492.3620823754184
1410699,79.85227617059182,263.0080113290258
1415846,197.88167720496816,472.55346104323
1419351,75.43030456609327,186.20413151611984
1449548,50.54892415630964,113.89207529419794
1408161,143.2858704297719,309.0522944257643
1407981,98.43571397269211,238.52696418440547
1398136,44.59920803194858,121.27545299339069
1408771,32.12045458773931,93.57530599885628
1447837,52.4046104772482,100.3950600693932
1414168,906.9317954539972,1451.6795920937864
1421684,63.79095258350033,116.11617667773088
1430140,10.534942793469757,28.80384068320757
1399600,41.3919658068014,77.58268877432073
1411899,17.037545369717087,54.87822982331111
1455868,136.6390440214437,481.9582370638037
1424083,59.921720429704365,116.54490340284129
1430118,91.4789095833464,243.29369947094503
1395698,65.2738194268449,184.7309155208462
1419272,126.65670235234882,490.4013445271721
1447229,27.343675269879665,194.35042943635017
1452464,68.08700633841772,166.66193838267282
1408956,30.7947570168174,52.054350186939885
1451969,2056.6861571853324,7218.828459964233
1462754,51.73290533844136,166.19556522370087
1391110,20.564001661033604,32.77378210176568
1412445,16.473721961503305,113.99150139026432
1403527,21.45773285191223,48.46753391423856
1402216,64.03902194117403,217.4294666265668
1433556,37.30796226799738,74.49858255630672
1408793,19.276805927647757,57.740449265629486
1396159,42.46232220800917,95.65161714964124
1432633,29.37165735358093,87.60724887577283
1440418,21.733279857298797,58.35539781409367
1401793,12.803086019329095,35.08086736374734
1412612,24.423759858892883,69.27400903831887
1429116,338.7372265961581,664.7999450664847
1441148,145.01552275024125,376.2932843195598
1455877,86.36418519399429,239.5052303887975
1451399,17.498241562431595,170.74726165728742
1466233,19.93095462010717,112.55976702573406
1425366,44.29610151872074,110.33881661984316
1440636,40.09400879059269,86.3861148959125
1399459,33.93272041868801,52.18604036222992
1450098,10.042721869631778,20.799111463739077
1447393,203.21775959209663,564.8968141550282
1394252,103.8688206196658,224.75397510781715
1417601,107.6006028652722,337.1869437968082
1447691,54.83386651513109,179.3848230684623
1437789,128.08714889782675,274.10424769014656
1395772,372.38389743515074,597.145330371283
1428756,103.1860859145569,201.85457608383007
1460880,66.50989477269695,271.8944093028945
1446450,449.4401211334326,1591.4355886084847
1448012,72.04241628866816,163.679282001532
1430463,14.592292016591111,32.73882340634977
1426435,165.64506910465897,434.8813408671115
1390837,179.97534936018047,391.518024777059
1401163,117.96138004000744,285.28442153657875
1439113,71.26090717864189,163.946586530602
1452030,45.77343737685255,150.20033136043628
1453256,19.71493731904217,88.36339971515861
1415730,116.72743001555811,405.9793698109872
1443362,166.4994704776955,353.5236390041305
1434704,202.5048561389252,373.3816263170793
1416202,77.32264519000901,296.3460816605326
1408699,123.00873862332256,447.47689191204114
1464258,34.26360052738657,35.384501311623715
1448479,21.050034702555838,29.87377442987478
1437813,146.2846246180424,179.18079371582246
1443361,113.12473154358088,531.1032123103802
1429648,120.934287104802,256.3739967605883
1445916,32.00221296395576,86.06186668948766
1458490,288.6775969396677,781.079636975843
1446562,39.36838518439457,110.01000900846478
1446954,51.30471310628098,149.57122505799967
1434269,93.85723475042904,229.0879941167568
1438668,145.613926507697,463.18535558094624
1414369,18.833966528984185,40.57805154047824
1433803,173.48711054319796,420.58667433168046
1406260,206.6904297132625,522.1682225967706
1408622,42.53077699962096,102.11261861049267
1464199,47.18145523610544,107.6726077146694
1452454,466.81978909915887,723.0234403767703
1413216,30.45715078575169,76.77678374531415
1416859,59.85952485408086,127.52397361958243
1405479,33.178882665592134,129.03852750377172
1402426,124.07726904006884,143.29485069932664
1446930,239.1609576972781,1409.006847962869
1457336,24.0577099035888,102.13380779279416
1396558,11.25921954688712,31.29065718695934
1400613,212.34177004342544,550.702069749671
1442223,19.87569486604389,41.14757490925889
1412596,63.77003409207432,276.414726777893
1414605,254.7795063951584,787.1434897064079
1433977,113.16113791637288,213.19150420842607
1428370,33.84300139465812,72.28819621301722
1465417,269.6212075431361,1035.7195179816165
1449688,34.29872921037907,76.7296059423974
1397948,42.7771780179553,113.89806873268353
1424481,89.79810245945649,238.78661900050287
1394880,279.66384127813404,427.51471602559445
1432760,14.978845499972229,30.882133117988356
1415550,146.46346273500887,419.0300856641642
1388319,23.077684406987487,46.352863650930615
1406880,16.844205765472054,84.27671612247465
1451254,57.85514138921,261.6145892654761
1448616,54.40987620827416,85.40874091957315
1444709,13.659797689162362,79.43619503054113
1441416,245.48615744474975,530.7356059888917
1390919,119.45965600957383,260.9797968846448
1390885,44.54701972218079,111.27644420761872
1464391,243.73490388121664,656.8966329772106
1429257,35.48614369935343,57.12533976237707
1465368,219.0290974424999,601.8978146724302
1439914,219.99062476837196,382.12761142902383
1422102,121.85431923597991,402.1413849678564
1451157,145.93998020047914,266.57865657249613
1397739,107.1573104595823,282.5797195675376
1406127,42.38860290227757,230.87438127698567
1458861,200.55721540909445,461.92022828095753
1409697,116.58217386943228,543.0138495539061
1401635,82.08588493006927,287.5515313155182
1434982,38.10448401682961,94.78910636114136
1459036,13.920590888288976,58.61875631894203
1439416,86.28268641863784,200.2759347616673
1388738,43.92859378427989,147.619682611088
1432433,73.13104342057771,1039.2524467040153
1432534,48.63946629195204,189.08746351524672
1452514,25.869071198041,37.67416336928708
1433736,272.2398812186489,573.7736835754714
1392844,15.84930018471726,38.87787810191851
1408499,291.4947079997344,875.2896570368013
1430537,80.09145309083344,287.16795071304546
1464614,36.90797191738505,176.86668638004178
1392572,178.8762948222637,444.3752287659161
1427395,11.865478406702588,79.49139365723185
1441884,81.06215622893434,214.438923767677
1464952,27.68966097996697,178.7399954516667
1464331,24.676472943416066,161.14491930104307
1416960,76.9269010700021,233.12258038079764
1453209,58.44656794906252,145.12552328609482
1462627,77.10992174556522,188.5723976286077
1455303,96.00734074654858,306.03553700935635
1466147,76.07283752440132,187.92915252812384
1445853,539.9096313728824,1387.0200478900706
1451022,47.65364225829981,93.79648253456408
1450772,131.67616358051228,523.1128854292288
1393572,37.81316718589065,91.37438168285443
1422511,864.7969401936807,1795.8781094853707
1438350,125.44899811616033,75.15944719113106
1439004,69.36230067662015,226.295586344554
1464373,58.893436832046525,116.71304888376372
1436922,225.97584576629643,528.4214581274156
1461141,68.75122406756554,224.6773906268326
1394741,14.853641676616078,182.9990296460473
1424849,73.22933458495238,153.36552598163937
1406778,17.417852076224495,181.8212959241288
1448011,202.27265896666992,683.0715181685466
1434039,36.314940952662624,87.35148694775972
1445641,38.71092954750596,100.67274023410604
1421104,82.12161719930542,215.8374083556149
1396662,104.49025366505244,215.4990516656402
1395523,77.86840137025077,144.17985616473004
1445930,11.668764875947788,28.092443813477637
1417759,78.81516208297873,606.0231189253815
1464948,176.14292862005658,404.58568432509065
1436097,99.48262888340568,220.66037173798676
1410855,49.91354156790913,73.4848386818769
1435130,39.89125718117414,201.9768612810197
1394348,10.66170650617338,21.03170826270494
1391682,17.13452456543388,52.17576085358892
1423708,38.15619445119055,114.47203465505828
1417944,19.8195349363751,49.111564834608
1422527,188.6986341853298,856.9273422075307
1388643,73.76745092317194,160.79091425423735
1426731,38.71387161707905,92.03010096398492
1453343,68.84698549720721,130.92592008340685
1444787,148.90802876396813,227.16140896508824
1449309,239.6848509651962,648.0523241855316
1412881,25.88036026659921,1043.063922622878
1460555,58.0199397191956,152.1304364098003
1408915,34.945184058123345,47.91305222402601
1448988,91.940926450557,322.2450582454151
1450176,26.230994150173107,50.61558672832413
1441198,59.79788482500963,168.24311984470518
1442744,28.60077955772357,190.72346216378045
1445486,94.44091810964122,369.0211843338166
1392464,73.95863288577699,157.160211843181
1455927,17.56386914923483,38.598098716449584
1389733,16.099138405222966,32.010455566509606
1463408,61.02026324748679,132.49160006256176
1407727,81.82557067647257,460.0685687811537
1443064,57.205785583753325,79.873854654345
1452242,315.5949604002087,666.9503120770111
1465632,15.547131298534543,105.74241339279848
1417703,62.05473904703712,179.03631396072737
1394586,45.61953622088623,136.2403726190637
1422497,29.138482939574438,104.2585629575879
1442536,65.9362475934567,296.9916291771847
1435463,1019.203386564209,3247.890729822894
1430624,39.92770328597753,402.97283473674565
1451694,265.01471877987365,1415.6970525950262
1416551,11.243492814172123,938.5223796139412
1449779,14.13694023207891,366.5967561333394
1441202,14.292666335904414,3248.765890018438
1425567,15.427596984147243,92.34202474967223
1394187,63.96647872999033,168.1302196906209
1412230,15.312446387814877,35.20437110928571
1397539,31.30825297548752,87.82680810539827
1455357,27.41022509576225,86.2765518333562
1442440,53.90336226492093,185.39709283293075
1418636,16.076937868465084,62.50979516034381
1390608,268.7252087257461,999.3241546362236
1402523,164.40279385742346,311.84207451109114
1430776,599.6569997666746,1963.8035456706773
1448827,77.9217766754327,1058.746339676844
1408322,25.396208694929868,69.08999220939364
1396997,265.1128335331315,847.3549164432109
1442206,54.82028211392924,148.4627609092204
1466343,166.94016540313282,249.90237202425175
1445911,18.373378894642705,35.84818050011509
1395816,36.719319421871376,77.49944778978724
1409683,79.82001610107923,255.98904539315248
1413163,119.69882191334054,263.69399115758466
1434348,99.499696065402,280.72391738555524
1403950,37.37098137596866,73.2289474824019
1428275,314.3039708608964,1032.3508230954762
1421888,158.74948957155254,269.6426482153459
1423907,11.989845042141363,42.41686430569566
1459283,22.17616984029977,56.94334852432297
1403066,274.5003344832894,889.5583617453572
1447555,67.27615613089141,148.41783012689586
1427522,55.38937496112938,138.71777807498458
1430177,49.8020926039573,346.8454639282293
1451206,53.17792187724866,132.9009834031325
1413611,48.92403540163475,156.39820763198193
1465975,21.934048650884147,125.02017155718708
1436180,89.78540026780408,142.65442862976315
1401860,80.56207471256225,262.5893101574982
1438654,14.8782940806977,36.719506696931
1438677,88.52433729263618,333.1861921461005
1463806,209.7245495914297,569.3603185152147
1434569,213.0404768366216,695.1885921225069
1388917,85.09786740161418,249.9014455169433
1463934,958.4116194030051,2780.778130857745
1458850,31.6726737855266,61.7467753445317
1406895,48.61373747280587,151.01527042992322
1405489,130.122910567275,292.51116323054805
1393311,138.71945074647604,780.381146224932
1434238,19.341239403360586,69.97697969072813
1465881,291.23138928781333,975.9540516951118
1400222,28.48621734191921,56.63401481752517
1410788,42.25581594438443,47.39062079175253
1465160,54.434320840411765,96.94520444708986
1405571,92.88466674326082,253.42518904722672
1403933,95.58011807418325,184.52012135871092
1437488,148.29231558828678,405.5958883429024
1448826,26.933709851652168,180.5434711812585
1388701,43.633253846959256,110.1873582122758
1434991,10.743792410115695,58.03500582168628
1390159,27.4169811085044,78.97231611807844
1412913,201.77006383794588,487.5493017252063
1452621,47.37225117663088,80.44918603487892
1439750,112.57726103456096,632.544487463512
1410859,32.45536748208507,133.97042177024642
1396790,30.00599720181295,72.28005548198936
1465694,2084.569832918005,11389.342793550964
1436432,141.4651332059546,342.98492750794617
1398275,342.4008163487732,1155.949688544219
1418189,40.96087117983734,79.83248319221882
1427770,16.887523146391867,35.83546357656258
1447228,164.0075411021135,408.229403013397
1401212,53.26450327509891,151.72606216583134
1466110,53.986324600698325,105.68015060014577
1427651,15.567054805200934,47.125619208374886
1436796,114.80445017842936,307.7282345980823
1442340,34.5674768727787,39.8814417049995
1438520,460.04983180516496,2010.8151338148637
1405181,16.715454305512967,46.64925887161083
1395694,69.00550924488604,245.04782463768743
1407541,316.1470058231827,793.7418911067717
1444533,220.4145113990409,1108.2763191256256
1451883,796.6854293081535,2966.16837845745
1446117,75.59528268160165,199.07129433808151
1447172,158.69280793196296,838.4348568330554
1419705,130.51107600164588,364.1891974874399
1391422,121.64078183253162,305.86523270071626
1401771,98.55518932091536,178.98571551549023
1450352,76.86804548673794,210.13124447721756
1407860,12.37094096502472,39.43727498120148
1450608,115.44415066636536,351.8324416584914
1465764,332.98970959226443,538.5712794924518
1417440,167.58241831136831,368.7548980960452
1411041,46.12748634801172,60.85642529124685
1416849,27.367292205917277,61.83018766288023
1450444,51.72895617017023,125.04367721390236
1446157,37.664487170472086,49.96444649567224
1410754,32.269253966241735,49.45936298328412
1431461,185.0844733394225,384.6583336635718
1419358,12.517837819330763,44.62783999057958
1390490,50.798550070955145,142.00758046977217
1452235,120.5977705625745,356.8397498714924
1419468,191.5890707276526,327.0581818873347
1461269,47.8045390775471,283.43981583351825
1393919,59.02309987525811,340.6081313859566
1444047,1206.4181236786155,3810.135330811962
1415820,233.4415036377424,507.6463126933187
1399250,151.22017399574204,409.9166820419762
1466725,112.04872699086316,212.113194835053
1450756,16.28825198640226,34.68966055981022
1435093,22.90265391430902,68.24664195989797
1393202,164.794487368373,510.00225758628295
1448382,30.30681424852329,59.20491219854557
1451173,18.38324745608613,50.646809415627175
1410734,10.585930974980148,23.16396964791394
1425790,100.02235272524253,258.2735619277485
1449229,125.31339164562672,370.777057918032
1447065,73.57332569175205,132.60854834815595
1399019,134.84484772873222,265.71085415870925
1445753,124.6360187297147,325.00796827897875
1407455,64.65352951523542,183.4217239471142
1431219,21.24062173020421,74.5677947742401
1450446,226.02814105905924,544.126993373383
1444555,20.451307698215228,58.20955920925462
1411488,30.218132005041,79.62701032429531
1452931,23.974071579293653,32.97330988691879
1423229,56.620059190714414,98.89885174895517
1446873,28.544304996787456,63.22072098325877
1407341,48.68044185964789,128.86092893019566
1447777,57.93520864100578,179.26868921217164
1453163,60.42315005232236,128.00508921788182
1435219,76.56962333781522,185.14391563000112
1435682,98.91263995104396,212.24737360089264
1428292,397.055860125186,699.8817422822253
1466184,523.2964005640007,1247.5987893853876
1439658,25.320923104878748,61.46452099047512
1415596,319.2723284361724,682.2064120349482
1427980,29.150331132949063,125.48313598303798
1408860,51.5467314110633,147.72260859961324
1403262,21.322255900188527,73.78323727899702
1421691,33.13022551512652,81.08432708374039
1450508,66.21282813690682,163.77079103007284
1420828,146.90873383611233,755.5100966772445
1432274,130.77021948697072,309.32652076518457
1452710,250.9005976971353,511.17197729344105
1436928,43.49911339939387,110.43777049658604
1402839,332.4332714164678,905.209697751228
1412375,149.0950771395539,400.5966306532128
1447815,71.12324241297523,404.0300936324406
1464427,127.67589854147307,631.6501573233448
1397346,173.61832273951492,989.0216912951224
1452385,39.962235360470544,116.14091472243553
1437416,302.7438270117822,556.9412092393184
1425979,179.84161194997287,436.28041236754495
1436821,37.14282897344757,163.73982380076552
1417985,164.27267981447125,408.6245144572893
1449774,13.354450678266854,32.989876799286286
1436524,35.17685185414692,61.65982252091873
1409576,207.66548726046787,422.5542726734314
1447913,20.49588039556561,86.49839452055015
1405374,124.32892343442388,327.2956100744095
1449426,12.40029849091612,19.492554739949995
1424944,29.87618422496364,51.25704094251384
1395320,24.813588430254555,59.95284457499585
1432946,36.112219019062806,115.15939639921164
1393419,93.43756431049688,236.85924932734667
1428312,64.825985748096,210.33612498982995
1425983,34.61387209468743,95.52004750961608
1463940,259.0816115197079,745.6605248176326
1449026,26.612701729215264,96.29159947182696
1392220,33.05871338209551,144.30312348988525
1412433,11.521611399648345,31.032612873500877
1392238,676.0845072466735,918.9629898564044
1430016,1088.0777652685035,3590.413017074398
1417794,43.26110142787045,148.91683043279627
1434464,32.80500238304743,42.33771106438346
1409676,646.2306803235323,1488.6984768484174
1390186,31.200523030151423,111.11141521835684
1404917,96.66866200073092,270.00081655816507
1445671,15.761543669257398,731.1214110858348
1415566,282.11626709911616,818.1338360337153
1405442,34.08273700729676,140.92165777506966
1420062,379.5409319833964,1020.9039173174552
1415574,83.28953470864806,267.9627778059506
1393648,94.94651181288272,300.25933128575787
1452877,42.72457924434486,86.56555256986488
1447820,227.11618263623907,601.8085200114012
1410943,193.76160038584197,688.6819618686907
1417603,145.98874686244258,434.0057587697421
1396259,34.64195509387501,52.64073554821707
1422917,24.468676087985063,68.1360161880537
1420218,125.29098997474496,259.3846207190669
1452222,226.95572567567757,1439.3085339567242
1396052,19.07894709627076,50.69761437837329
1390080,114.58567199720598,272.0550045365853
1453230,38.90438301158083,82.0028978715408
1441997,189.9577879784032,844.8478280925651
1395065,30.00395167389676,68.76755373027038
1445127,72.2685568327351,204.26579769509783
1391398,424.217500588696,968.5917746448594
1451748,62.80218133215362,228.49402932813783
1389212,47.70701366475439,34.991708776459355
1450084,44.93935756705003,89.72131679737525
1431343,14.340099074395177,53.780874524177655
1427523,80.18493227969913,147.77069534385782
1401025,205.5304417148614,344.122057061554
1397543,205.7530581061032,594.6121942135475
1411606,64.77737680722458,239.68888675563585
1429338,118.37414219469024,485.9406426975327
1428132,109.42971478169808,189.0648886867745
1418591,388.74887885304366,573.7299365957641
1431483,70.16717012392112,297.07010079600195
1403002,196.9867314972073,444.5203274319552
1435202,35.006479346312986,330.83116952514985
1418354,65.37563627962246,110.62246297677416
1455852,106.15569719468584,259.2563590559421
1464910,52.5845345104687,208.21692599074245
1459655,35.648146642494105,106.9745803267999
1390405,29.70630008349276,142.20218961769254
1412003,15.397354701037369,64.27518568523901
1434590,101.26036567352747,419.664348087924
1416197,70.97632468209581,121.73997192879808
1451692,591.5101675719173,1428.7029360608212
1436121,138.99292874865054,353.0368109326968
1440644,33.9108104785895,107.5516175166087
1418202,10.555267311593608,38.08630792857578
1430512,29.87744821915601,54.45863509887861
1449586,33.51294890648365,84.32299026776529
1458533,28.1962116508567,104.347351426877
1463805,78.6970991808454,168.1024931939512
1452334,350.60324594136387,889.6332934183547
1403210,20.53430554108505,45.98113099349947
1420542,128.5603241859492,229.4011244270576
1402870,383.25540627292673,1353.7159943327204
1453019,67.24943716328566,204.60656472679872
1444924,40.65558162208122,115.78274908240134
1410086,238.1688179852752,404.6722116297676
1445747,29.16750797836951,67.27460911063133
1391617,24.47112341053925,81.48480228005316
1463870,219.58654211752804,1234.3794356465396
1441174,387.7358453365103,647.084378558297
1399297,52.356895447647936,157.81842933681196
1417791,24.699817098440903,45.02678853457808
1458235,29.49724031042357,58.26680680596956
1405310,177.59610654840475,474.5167597868414
1446363,94.71273071233504,176.4310722812559
1418566,32.542067993133706,67.18470392328305
1455388,65.74871616755841,246.41559874250345
1446045,25.541155062879724,55.32153761390825
1450638,3402.3621143230416,10527.78596118929
1404736,49.674901689827294,149.94420641630867
1401531,65.47399234955664,175.00039091642438
1421110,141.6113023069219,423.9721814956274
1447021,28.59012410349777,271.5689435957782
1449819,258.0913479816036,628.3603980599187
1449054,332.22997678946564,852.3216003261274
1445952,674.8541295542374,1524.7482891978716
1423672,214.87125917197253,935.1130423366644
1390329,150.50845731265824,211.4882045162921
1397314,90.23703660600722,149.8707166594297
1465279,60.1260307426602,191.51144925065
1393963,145.74748972361613,460.1183270249429
1403402,201.2377657036598,515.9019180782852
1408531,277.123689579628,724.6958955741351
1465485,21.7768704947259,49.99367375209082
1432549,145.52238186687896,161.89895688417167
1412657,118.05982539328036,137.18203476904418
1437490,19.71536829617765,31.43117206140028
1396976,42.62263036641819,99.8131229011853
1440100,136.09538042853254,414.6156366704973
1441246,173.8485797692332,559.2893141853536
1388769,22.985966036933107,64.522048410719
1441714,333.8141912251961,738.4114579539462
1448221,238.6224341096839,612.0390345332713
1465498,54.07898603627255,329.4965899364454
1410487,28.137994762761675,46.61913337443561
1465679,26.015024994089977,68.18532030128313
1409995,25.34286601144376,55.4576265154886
1398458,59.23329893926257,171.36731223139964
1452318,109.92596599319604,233.39074441893436
1418545,35.8929584300861,76.35547849574206
1445033,100.97764834578103,200.99519670356963
1392089,35.181740547585164,289.77560414124923
1418986,83.82141976871814,237.85582444753263
1441255,11.270260434501044,18.70218817419073
1423103,20.12519693475493,45.63483183949265
1447093,234.05566155919405,577.2784964650945
1465043,198.57457127145537,442.56823025363366
1411138,16.455777029197694,766.4027895789144
1391327,118.40411501970526,370.5333155143648
1407589,68.27568968757534,106.2266455264398
1458659,10.603705212475392,36.04128410094125
1434728,15.90806951353638,30.406395674188488
1394536,642.3458138816846,2123.629847709537
1424160,259.0775404070456,1333.6004444597045
1431598,23.127049179260705,67.44670989014786
1398827,15.524518023814364,60.35291850602894
1423247,51.11586107929222,188.7226283781498
1411678,29.74985132089573,77.86414650500161
1413064,10.283983864572289,37.51593731659758
1456414,37.98561221031273,122.36160745004187
1439986,236.41746595848545,376.2546633224584
1459626,184.472300260875,665.1567782353148
1420926,926.9354762877978,2079.4089460519704
1427410,26.422317661461097,127.45307440338368
1429554,122.82476625334088,628.8122922448466
1425732,92.5444893689671,146.31452622074028
1421512,76.24213111056743,211.9259791367153
1413647,171.66852321699946,404.6892562025175
1411513,48.769174547864,281.4947336306839
1417446,719.3418012802579,1955.1985220992544
1431754,125.28412494681368,452.0763472489601
1451242,381.7282144604521,956.806005601842
1403820,243.27187745770703,500.34331227766063
1393678,27.90751314054101,44.463746266190334
1464417,42.15128238252388,95.78441432398098
1455256,16.936254833053844,62.09558856903834
1432990,367.1541724688109,909.9918736258068
1438874,84.36012687352144,145.6566926121141
1432726,23.98006381087385,54.78638809125724
1420900,60.06318551006142,163.9863198504248
1394312,13.4205625457765,124.2203205136468
1418432,77.46707479311262,132.62753349649654
1429820,20.37351250862703,48.41773629033686
1441499,20.677474523171536,41.70656691949494
1451331,65.57729450288414,162.32090637862092
1412763,154.33777413062165,250.39843754634023
1418283,17.705418448508052,34.478993383709984
1437174,44.45236269102804,85.92839728608124
1445624,102.17901402190698,585.2618387462308
1432339,142.96819657189238,676.8146307303988
1394931,30.582665609697447,74.33735691415234
1390154,70.46612610489287,161.53071347862104
1442145,73.93569225911139,314.9329141064394
1442684,143.46680287414952,490.29818784769617
1446365,28.75699943349604,102.82761738743534
1390576,27.93985961445584,86.21799698077271
1413940,15.025694112017703,48.601249957098894
1440092,45.882720038165374,90.33922289316048
1390208,130.86003519423076,309.24238184183787
1449873,19.44377098746486,131.1171665225553
1420937,294.80155528607594,899.9099176945913
1388826,93.47312048332437,179.81069296724056
1396186,10.357860869399884,48.53745269123623
1413326,77.28638866943703,151.33706240492646
1439518,13.953192104042603,132.96448007454296
1402153,80.10378039836948,220.32148906235804
1423775,151.4655696848336,573.2605747784202
1465296,972.6285850006608,4887.996206636673
1451527,19.476924571837397,38.010179083117904
1428830,405.4771901388422,1083.7720236523362
1390864,16.804802636560623,61.713879270637726
1431946,95.05253637870878,300.59722052243706
1451128,22.093459546235312,50.349303396810974
1428134,240.59163799902572,529.9684869337075
1410783,16.133208130411155,49.28989535166591
1459066,83.59925917686508,147.1818078316503
1449553,23.98364755723024,124.156900938639
1396737,223.84509713238,593.4470190093327
1452686,24.042629801913943,80.16395429088803
1399683,25.50064549190295,40.04086249225043
1400894,100.06570304940956,244.9283831001168
1446064,93.72070106129364,251.13725310174547
1466400,101.31957672903864,248.1115510093367
1406410,327.62564982608666,945.4937752266592
1461303,35.3639246407655,77.41055664891897
1434441,23.78398984793049,92.61335089938216
1395681,300.20422832449094,667.3679996079486
1429776,27.95629361304951,47.85780048358599
1447276,98.0973063140491,451.81080298425314
1452577,62.69776990014002,191.50496742345928
1451058,77.43700434305048,188.10514680482257
1438006,11.009108930595636,71.66971621445347
1408716,280.16297827879345,483.6448439301964
1407097,85.07758709405795,243.02995647880155
1440140,44.76538609517242,120.98205543765214
1396663,165.71479524042346,496.0161912584994
1438429,32.15758083508362,61.09638415654624
1463718,52.21399096756604,154.59417856112137
1442673,18.68432200188289,222.50817331936625
1413173,49.94379791389528,150.4391006834277
1455384,108.27850491375304,217.9162744811894
1465642,39.44820491309197,79.73435191722241
1417752,27.159126876684528,99.8577528526968
1451017,63.66984111804432,179.30104250865685
1401020,127.42300883486948,277.9941773613502
1446348,200.37915280844567,360.3011681245186
1450425,54.42008978285255,158.23317624867855
1403650,118.53452323125268,276.91583113406784
1414160,36.29843621172533,82.79144372383716
1391620,190.93921664710663,499.77054583269467
1450480,322.54406882312617,1107.8619807746986
1441747,219.7663638740836,956.0864069969296
1400390,944.307642731676,2595.74691045829
1449857,40.63529687034169,94.55889500262896
1448167,82.86211503666428,159.64792651618183
1390179,430.4890038199479,1578.9620742774282
1464873,276.6040724928828,902.9047470957386
1445318,236.1888412198984,605.2058924909076
1399148,127.33737703733794,433.9439134463729
1464912,26.75549077926517,93.61615277006167
1414544,48.07609615311316,81.33444815159349
1448406,625.877623150808,1669.7789427669004
1446790,13.66058489759701,361.113643049813
1450952,22.04020849246916,61.07836178011265
1395825,69.36311705549879,215.08680486793136
1439445,65.51168682186393,132.05830221053407
1464717,280.9452401535554,874.7859368366401
1452244,699.7469855435706,373.424844468901
1400690,53.99634689717614,177.03785329906603
1442047,447.0586251329488,1864.2135820148312
1460642,103.24970712040724,341.2791558858264
1401324,37.33640352903814,143.76211180811734
1391814,36.66544391832269,92.19401286820352
1411738,135.42106454855147,272.9781645912771
1416119,19.232091587926643,52.52454189961749
1425561,26.174673763218937,236.5976236939903
1447362,58.1239322946009,117.83410254334404
1398900,49.54622170031419,99.8202808515026
1431036,34.66832934797684,69.29656455946296
1449035,297.4305432611517,455.2880523894253
1390959,473.0001471703561,1208.3493984980314
1446646,274.97869696773074,1046.4507348903016
1452663,25.058106573904546,74.26144675746029
1448522,11.10145167883309,40.213035845830085
1407867,90.31848149847757,188.84593925312765
1450152,31.794537916698825,56.90534406986258
1419181,13.306065124062496,30.48094994356712
1420776,36.47913204469669,98.99727568930444
1460359,182.61487475089916,552.4606944562759
1399209,29.51818053827989,101.11914607990164
1427137,22.793693946934265,41.98104588036136
1456343,86.00533183097286,270.15179043994743
1464975,147.52292823582005,408.4190418076326
1452530,79.32126325246283,263.5358697166383
1448668,28.3314342987861,47.705174714456206
1425385,17.306252402281462,81.96216783034723
1430766,24.75929424229831,68.80898722013114
1389836,45.488270111853154,92.34713636405928
1449487,26.361932543330703,56.24373003170351
1419034,1742.5295453115757,2891.962824040382
1407095,19.65486428606613,50.59607914179743
1439358,62.45435187357948,295.1276234785711
1423058,29.726608926589023,58.8768807022608
1424261,25.403311379181968,65.53215827666506
1410942,170.1961055376043,408.17595371318606
1439829,16.616331409873276,47.18267515723483
1427169,21.86107824412158,50.01231713346091
1441513,35.97723661734387,85.33100843661344
1438828,12.101608817827447,25.69619921435903
1415310,58.12651459166454,185.34454148629607
1411255,29.75050948350737,72.04414039136086
1449672,16.343541188208167,72.86305785662034
1397151,57.1685916663241,104.5480448438403
1466201,92.1045019075907,271.6266856511662
1391862,49.26690762600603,136.95183122702213
1420577,85.57721950957742,292.7987284959587
1466031,33.553916292076565,174.8216883444082
1458995,10.027894100018338,21.06226601609847
1390127,50.20978240297024,138.98490022640192
1451905,13.881239748117196,128.27587604552173
1391237,116.1578315179066,249.7467383916305
1444937,223.89750716517185,1575.080336751229
1463056,18.299148882591936,69.30485780269491
1405853,19.90951613135937,59.47529102874066
1445739,13.193617183044726,46.04244998005917
1427467,59.9952925979235,179.28362719388335
1430825,615.774868068847,782.2796559050576
1394834,15.99736517570024,23.199520414944143
1430857,13.947058067897796,87.00365789899045
1438242,21.8418199124027,35.71514497714495
1416770,72.2291386455342,167.29364300942973
1440249,80.32194826966976,240.97056571801872
1389337,38.52534233694104,85.93798391433442
1436269,102.5161267398719,185.5479676652569
1417260,173.80149657973612,425.30235816604335
1448945,1069.2718336826092,2979.30874733455
1456093,178.04397884165056,376.30778522277296
1433777,63.82918795745091,133.88627441555715
1396983,291.5153793836422,1177.9038204289056
1418164,129.4540908256338,417.2196984496626
1446555,33.432345305831326,109.3809910578369
1434187,10.762109902331904,22.68614627695079
1426552,68.74454915565386,188.02529801802905
1394354,15.167306529883696,33.29291000698259
1443861,99.27834518444884,268.9367130080238
1438347,332.7977345440792,1950.3808829639424
1404564,55.11173071644009,110.79463103781808
1409724,242.12356488894025,607.5256493279742
1413348,26.438800462164632,163.12621012206446
1407222,101.45643976547208,360.8140530013184
1458715,52.934813947329495,97.1537300238332
1402962,580.1118087563251,1312.6859772286766
1427789,72.7340162922342,217.37892892953957
1387819,46.147143181242285,133.35786086986187
1391583,379.2732773235976,970.463725846455
1451855,34.3729193745691,91.742506627947
1425044,68.61254557978502,186.6491060475848
1452397,101.9756279860759,236.64545847844948
1431878,55.34969667665918,234.02940309286032
1447420,75.66193329080379,203.930246102454
1391264,74.04123444960483,185.03527315510232
1452110,592.0745585519721,1703.2405352138042
1456063,64.35495060994256,171.4714778284963
1444929,32.48551616234413,83.23673941434978
1402968,40.10431909281431,115.01937056011792
1446822,38.397688579674295,177.59142283084847
1397179,124.48848903011157,256.0195106287334
1459788,14.876956357741006,33.60932084790119
1412548,72.21769274781256,169.0471559530931
1453342,17.66348889829424,42.33064777821468
1445763,68.91898125696932,278.24963581966705
1407129,224.79442387868,641.9175196702392
1407301,36.57618606705233,75.81575324369919
1464538,1026.0676100024668,2019.5327636734064
1396337,27.0378147346081,45.94690527247817
1402182,103.20743354628804,253.2113094963649
1424210,342.24092067229486,756.7783959592324
1417447,73.92247989246994,142.52195106204192
1433141,16.863373291729594,77.03401553172756
1421880,37.79722088126815,108.97445367011338
1456511,48.46948098569813,110.32342686346573
1443509,254.591098363749,547.1727887220125
1419992,63.11553649329276,96.77367179549348
1420270,23.61361815553045,65.64011245618175
1436386,67.99257465124842,230.4139712939741
1445718,13.443407303667776,52.54156216714789
1429268,195.9489208349217,511.82871503132856
1390900,58.83932133595835,118.02412624036432
1407723,15.187403261166605,39.69434852705752
1409910,27.9560127104533,74.52329238973236
1395714,67.51067092955725,191.65539685926703
1451010,249.7755053349873,857.9954694930404
1410164,31.693067977644965,446.212231318102
1428775,37.3033507000226,80.09944492492077
1460547,44.32317719732092,76.22432809466446
1433720,35.12478982025005,74.36826155826529
1438282,124.4845506185522,335.438987293926
1447086,69.62548634625246,158.53138237513755
1430436,142.03363467250725,361.2742096672576
1433835,13.853635557614824,72.60886909647225
1464257,37.256502306698,192.11877005578432
1413086,30.68766341490343,110.09206987177885
1425560,503.8174431975265,1799.8318883026834
1393957,35.83671861651299,82.27871809962849
1464048,13.827134424637412,51.15194459302376
1452199,30.121232370789365,68.77376589884864
1460375,157.09106618462366,391.1211109579601
1458660,15.855619506626097,33.649148711697634
1411008,11.176718089238486,87.46968895400944
1395290,19.37219544161253,50.38456970505015
1394295,33.917073676633414,75.13460791994937
1419454,810.9586453137368,1960.069219961464
1389151,27.774336450095653,58.907747674882266
1401262,62.80793775025712,131.93759720825798
1449520,22.39407947977169,37.96481023943051
1439557,29.80505633017339,51.97747493409961
1388934,123.06286534061756,230.11849934377648
1452066,70.02359438215555,207.69789702573115
1455871,20.862990802098903,76.26941159741291
1446259,11.582017702925564,70.62738821276118
1466415,128.24058150401882,453.21815150387965
1412020,43.70309154473107,87.37716486948217
1463800,32.53286256206668,144.91175320235166
1407166,271.5870195871097,1096.993989047705
1450137,24.03634636637872,69.56760572996231
1464111,385.1691887208632,1498.7542668122007
1389818,28.08316760764022,85.41651859221429
1394547,55.755684364743445,94.46176198176396
1402861,108.6316350353442,210.7710565539946
1447246,469.0616491857914,566.1503586484439
1462412,131.8998459651037,467.9498329350293
1399113,91.35156480133344,346.7367922432888
1410041,30.02974818648169,52.75029672058207
1445669,18.12004402846299,40.38674072914898
1449081,88.39506431586122,292.5923279251483
1416790,57.64282043068863,198.1792239870284
1399278,178.71421882465788,517.3634091240488
1418872,75.97358198613357,157.71877431541822
1459860,31.044609928703395,53.45909872493164
1423509,66.61899475191159,120.97060391212828
1397441,58.30365418160453,182.8183980955372
1394587,197.0708165549237,321.4603089514821
1448208,40.31029689753397,83.85050991988145
1465599,128.8707602691086,248.6012316558737
1427570,462.25773842073056,1079.4320006918788
1420306,491.2185386202439,2458.231405416622
1416085,57.92981046620241,84.35661275877696
1464744,27.67289874074404,86.27279985574263
1393914,147.49998092942147,268.0813912949925
1445691,64.77197073565414,171.12375241632853
1430671,115.10401992109767,241.9064851414712
1465933,230.08833405387432,746.9276272309836
1444205,787.8194592349919,1918.7660229719445
1435698,816.8188302914226,3425.502762130241
1445945,14.63171062370993,78.01924813089572
1466469,94.5180005501697,249.90790498789468
1398249,164.64146524796064,442.60087205716064
1449940,135.14352008469237,327.58251344785185
1441681,12.701811126080257,55.18875339938108
1464490,88.96178880928265,144.60159563691187
1464434,198.44951296177467,254.8703952965739
1408442,73.71063437651331,272.1365784664891
1443315,47.270901719539744,121.2326212647936
1415700,101.23853796125177,210.6149454339445
1449666,93.48502908155828,246.2006631849061
1463711,63.757198592987926,140.31197195202375
1424776,15.498027135587495,456.65636982907694
1446220,41.450032375351846,300.1838706951024
1441615,84.9206666855837,106.2228523048486
1420461,566.0865769807199,1237.4051937226277
1430147,180.69404878586408,608.7410423615044
1436912,47.19137959570734,106.54079733583768
1424918,3357.5817435498566,4007.889700987888
1415076,68.07636266552406,168.92444977592305
1423563,16.80520527042874,740.234647133525
1391527,18.972084454033,43.17422949751279
1421781,82.66265824778243,220.26720507508932
1464279,189.39697886894905,395.986883283497
1391675,63.403569910878886,227.4185740098822
1400877,30.75389838587981,100.61564925660429
1403048,12.937411765906631,34.91216720305634
1455059,199.27726489750523,388.2247006167512
1444600,37.00918527954048,121.4740840483806
1448812,265.84142037875006,606.6448767637296
1426431,56.67504185692941,110.28765982647629
1414782,36.61082095781753,112.41674925306636
1395479,29.42939837388132,86.87365924649589
1389026,119.5391568541025,589.1695564089374
1430469,76.37942646984135,242.9550988980891
1410270,23.147891472700437,46.57311509880174
1394753,15.442483926077326,128.99323919766715
1406453,57.56882171659495,92.78336032451053
1422039,122.90600410664403,240.79536673400477
1388442,14.710688844439428,302.49580695827825
1420632,62.35947525263212,153.80099276584758
1394735,53.17405944928167,133.8244813816422
1464492,426.504266098582,1117.5343021563865
1422140,245.7228720215576,740.889755212426
1447566,66.46123337998249,186.3082467555213
1448897,78.18812818788544,242.7547670828958
1422514,36.44974425485244,249.3922475537972
1460158,35.65270799688448,80.06438540201334
1451730,196.15185268282127,430.3658825363634
1441281,92.5439341198782,2964.897261264496
1390491,18.03103248314416,48.35107404603735
1444415,248.5869374837552,631.8199665137382
1426950,492.0957509820605,1147.8521860661454
1409473,101.03195732914983,351.4334045009118
1408008,85.01545611054149,1381.0439191215569
1448577,47.02394687918069,117.67045785056044
1433427,46.16660825999352,571.0736276764364
1415108,42.909226833150846,135.374439178043
1459712,127.0285029681328,335.85045800733457
1451438,1260.75667572561,3975.4321176838953
1389799,60.16797645941706,178.09130504722796
1435100,150.20630083495743,736.7837342183452
1414847,270.72813136782844,520.830925106498
1408613,130.2839329710328,224.4784569702796
1422146,272.3395119156154,775.249953537314
1452012,15.247636548637344,80.2685638473526
1446626,102.03598946658543,508.4227243513009
1445586,65.73363868528138,92.39887388040884
1465058,213.13179154818312,456.83148286319545
1436809,58.834072931893225,168.0315450292636
1392649,71.75503361418038,254.5808138644996
1399907,53.38749878866603,96.61969946113308
1450384,516.0190538581436,1795.6348023655355
1450105,13.86989506186344,28.46535764671556
1396940,12.031704672352358,56.01380106946614
1452869,153.67724826623703,307.3022717785242
1413356,497.9797717454287,2012.1561674552988
1432276,64.72963563929837,125.01297625265336
1450250,14.619818553612609,53.466410010473055
1436103,49.308060837069895,152.55113219506146
1447143,55.4739755144493,215.78494021537065
1401310,69.55124300724091,174.47782137672056
1455464,26.441763561054312,79.74522583303116
1413424,14.51247893522828,117.79737787511822
1465842,25.313708658827952,63.44461280330022
1447682,74.89765044200865,134.03353661085234
1433939,42.65942106444697,115.1683206912752
1409399,226.77210920476057,431.2018217232237
1396464,47.04317591556801,77.58907570709194
1415945,245.26366603313437,601.5871468731881
1452111,129.6911302926474,286.20563416622537
1428375,26.42064473332404,72.76552057317626
1432684,193.22596021826044,542.058803554175
1447097,111.97524237705557,224.988403654094
1393366,84.6436001169794,193.05786860891683
1459497,69.81573811502166,142.6622836652761
1452472,21.759458814889246,176.84829335061565
1393155,14.300438676632576,48.93232863496576
1448874,28.208699909211408,27.681124047811263
1460795,21.981907027231248,50.04293614149135
1392126,24.364101253192025,47.95161042029227
1430104,81.82406464952163,143.1143998757479
1446713,325.07772439019817,1172.2561629334075
1437433,48.71658257886025,142.6644557710754
1434155,26.29755017724086,55.71071469469384
1394171,33.76948880334043,112.56195591987208
1464828,15.245340586761875,116.5236792095172
1446325,25.992880924563405,99.20556636754662
1434634,16.81233607870619,22.864718096547616
1465251,399.58105202689535,973.4303043646484
1428695,197.84819562833812,478.7379262650756
1464507,15.67836492464811,46.36744902296228
1418840,174.93561060623855,487.4083315027604
1395334,15.993296394315406,38.13690801252575
1428916,86.36137223143284,213.31625957445644
1388357,38.518961970642806,106.7986383214436
1448129,10.543840387087076,30.104372874481868
1464060,508.0230825907348,1273.461865505649
1453098,921.427215935612,1739.6551150261698
1465386,49.06450963213308,104.5465277087478
1438531,32.17679563868396,61.60891602668312
1409506,219.2708078053722,416.16574206740415
1401942,389.85682611557127,606.6795653964001
1421830,484.2897325439521,1492.9838320365195
1427813,43.46873806510412,101.04825550930272
1430175,23.97790610907743,189.0301827046465
1441831,223.33183088783065,333.58653242696414
1414022,1009.461340416161,2410.737175152307
1459015,93.5199367192106,174.3250474912344
1432338,24.61622678930909,72.69405713197217
1390895,34.19198284431159,103.40770296205184
1395400,99.7454956313438,378.4333257772517
1395667,38.24665558162782,100.85372273201943
1464533,283.74676080355454,993.6986992733788
1450284,61.76776359340001,137.72670452289205
1432934,17.01869080114471,34.56892620481942
1450365,51.241605296628975,90.91255462977456
1464383,50.891311845368456,108.80076993556212
1424977,111.0690015825189,723.7897422144603
1453310,53.29331877830966,116.0760927865838
1445165,27.11130594573248,53.164577210884886
1412391,30.40450832013253,69.91341284005388
1430277,140.74032815340638,328.89200547324816
1460877,13.427059009462372,55.30757516719552
1427627,25.70801554027166,55.36034634612063
1418267,20.598794284347367,237.815999580863
1413571,54.06839444767781,158.34658553053458
1452404,142.57750267588935,326.6447749483669
1420053,13.666431644848732,100.36399945568552
1409574,68.24191584364736,189.24821616923276
1463368,39.6183838847058,111.05802339024618
1408152,212.5247716565973,562.7665234750867
1431088,29.364644388079235,78.88699234290821
1439132,23.400444929936278,58.32974379399049
1406632,47.90585263145129,136.59645085804024
1446729,93.31752411709512,495.7109332321344
1445596,40.91315843425308,80.33565352007983
1426227,280.79115678726424,591.0105605524299
1405280,61.214545690453896,211.8105099121377
1445090,177.18258117904833,429.07112345841847
1407494,229.94751006163764,502.1324588974988
1461250,46.09850799041936,96.59033034766276
1410607,121.19937070364998,366.3035484615189
1434649,168.30931608276404,1629.6935996173772
1411024,68.37169530839515,272.79315957835723
1394791,30.21712478169697,93.34096982019312
1449053,21.004258657157788,32.162802540776354
1459532,212.4616456554037,578.4801274703786
1464336,44.80099199831541,115.12148130112529
1433575,14.435747323332356,71.6276431827491
1415529,80.98031652563576,176.7808230979158
1425500,38.54790895358418,228.65831437756677
1460890,137.09681882205788,249.1807716183454
1463376,45.417653923400046,111.01339191815516
1438360,205.6590853703312,546.5005322551448
1433098,11.947157671893535,27.16012679937189
1447134,16.640192965686072,33.49272079125067
1438678,42.37967814880061,134.91820605570825
1450015,219.68432797080663,592.2123444986961
1445679,11.679018850302924,24.910167505295377
1446583,308.2543033322859,740.41410170835
1424915,30.60454340259637,102.24452552497478
1402230,13.138139364686392,32.586994189531126
1421009,359.70017204163963,1115.2828752108874
1465087,34.427922271459245,73.49679321133213
1459663,41.5716578910903,130.38965367207538
1408515,165.22885401710963,389.0609575734206
1393528,21.351825171034506,59.38276916740089
1407433,256.6627190172777,648.7587712165738
1425235,13.017058598400675,93.53613108278977
1420719,325.3178221155057,655.5768805411382
1451274,35.44169452994526,109.23226925650508
1451585,70.36777061991135,320.4232647272238
1433469,83.96661828212657,196.11269966459636
1415863,20.43825913085145,54.660318445646446
1448607,28.84219853563009,115.39690562362998
1416540,401.9838944313999,1133.5924161430682
1419397,91.73563411004076,245.2027307986945
1451828,84.56837038637232,103.29844424182784
1452915,531.7772508871393,1257.4645461424827
1451070,36.1262357661044,282.5434177520024
1404147,11.265020020466666,23.963725895327464
1393278,68.80439255152828,169.27407957073717
1446443,15.370511992934231,24.496335692972742
1436979,140.5323826360896,510.852349676424
1390021,26.401495407487403,138.482101678625
1432478,10.547018535423213,44.66821951060247
1417101,119.75118876262268,310.3515432939623
1421061,64.6353369137029,146.3591801715272
1427300,62.10735111867842,164.52740305443837
1430830,24.41425275383537,95.85651959005908
1427063,132.76511212078398,224.37417218364044
1445483,26.121080993436223,54.726295484223535
1445714,180.09979543398384,591.7762797548635
1395419,92.89097449037936,262.81383667406834
1445538,344.30150801940715,875.8576038234368
1400008,76.23042289034022,229.6692250692094
1424098,28.72090259754335,73.69682303557317
1446154,94.11479957968308,190.30587971415503
1445232,218.31829040164075,288.411618088307
1388239,18.315561597002965,48.23015379859258
1405474,48.948038578885566,372.5165914078669
1446861,20.482277962123725,83.00572996456219
1389068,55.83665715307174,178.52662313830564
1442321,887.0323241166745,2790.4469023747747
1411343,361.1597249024804,1000.0287261350554
1427580,227.43289094022444,351.5752659222469
1452034,23.54087127309875,136.37041686150374
1466368,88.3387787242214,128.66352157723966
1412815,33.87808549550045,133.65469053363574
1429809,205.2853752936157,509.7751474173469
1437736,459.2767139155839,2019.077798782629
1401863,334.943352540526,714.6001461196645
1390027,54.996894832926486,111.12918577350356
1444077,24.97138854186768,76.24451784350637
1420180,91.26423450812388,178.6810959631813
1429715,49.0361487177761,192.0955552337746
1441548,243.12806564719324,787.7146625332043
1426860,27.014396864721903,100.71840523515714
1423168,175.40826631765836,307.0357217316013
1425442,53.20234945427474,68.42871297966406
1463484,52.45777161730086,148.68015903828154
1430464,136.49098432224568,415.8174053858803
1392788,355.05978249270134,1162.892443313583
1434275,25.30801510145992,98.77134262095686
1437595,43.163264085303474,89.65971217551598
1464468,174.25603207396907,386.7335516202727
1423271,157.86506944361685,625.7229563157912
1419558,181.2612016445107,518.0047404337506
1392258,90.84194318978872,212.2946656934179
1448626,206.53131339829903,824.852426327817
1449885,37.85843101319529,92.83974400487725
1430181,67.54478669766003,95.90241801021332
1447778,119.60378597473664,450.3501828036681
1440136,284.48554491799536,650.4045281123141
1444902,23.269642174837497,65.1524027285161
1415985,182.8959449800598,651.8178310986032
1439106,47.71553810909101,188.46046452675225
1445604,13.264728333900692,40.22237001922579
1400347,21.335619189785906,63.83614456282064
1391666,10.98534971821742,40.29790125993015
1395977,587.429370504278,1376.4383890527374
1437646,22.69397971485034,43.37205347913551
1422768,34.77959287851955,104.99589060512322
1450148,74.6490613614061,285.5937480359317
1453032,26.45109955020193,42.92118038746989
1413945,127.79588922069402,290.6802946529918
1396548,55.41803191420283,152.83778368908364
1426646,42.74094104282658,70.20204061695243
1412447,69.95607630635392,166.21467370966994
1445595,18.770333096333044,76.19624046746299
1445101,56.15536465904802,169.675382846383
1421894,34.59587942791583,132.2452656225984
1415683,70.4349514090831,258.68258173079545
1411252,75.64728667313078,259.61377455470284
1412735,187.1753681509008,576.5577158376504
1441341,2183.20027321505,8189.559050759878
1449452,215.0733453637457,617.2457200090425
1434377,256.5902984678952,1072.115201957006
1437175,39.630635720377605,116.20493710250786
1448814,41.1563020025172,135.2914874608603
1401632,291.6622214698665,492.8142047079891
1451011,249.09564336834973,998.239452589401
1441441,126.93518553844685,227.75757345358835
1403051,41.74815864279248,102.48454219800928
1437508,113.82599418458996,232.46620871234543
1444419,116.29616686835992,367.7798635203919
1451442,33.27146528004989,2195.7170054223234
1409961,43.36930380296528,127.78915342489294
1438927,65.54762570431312,178.57837939460327
1464570,103.76174094818548,369.25340824770353
1464792,134.833278032889,377.6791499312915
1446520,59.96651990800907,158.4838080278356
1418548,34.14973401771331,97.1261253772188
1408947,14.263803046504869,103.10310463131478
1446734,24.74491292315519,61.84677674056223
1466216,40.452375718456736,138.80586650163303
1420232,31.221862524002507,57.22167668113367
1438294,477.7743161275637,886.9074887440322
1463962,68.48511893746051,266.22876411544627
1462577,53.32761357093644,200.5844271687447
1391780,12.38225002205063,208.07410796370385
1447905,57.95881671732339,79.23965546820928
1439805,18.547020479869893,59.33003791754719
1389648,51.3505571687257,183.13159192481515
1396117,14.792817801057156,35.11538247828872
1396445,96.2250324124641,193.33055106822945
1448596,21.74000732920411,54.17879602161993
1438722,86.41039466946943,265.33396388130853
1428536,12.272921552134171,47.15129217109633
1451009,59.54547955397736,78.7993976820268
1435656,206.50447947607103,776.857599276422
1450845,462.3359008968142,1539.959113660469
1464890,187.157360295735,615.7083685040411
1402837,58.32179009608093,147.78143145534557
1404261,70.19360153377102,128.5802002789829
1464760,94.54871432784331,187.488050226539
1403915,75.35145242125323,213.80992588904425
1448004,102.99265506081798,327.781245104964
1396931,78.01314691417475,186.906535087666
1431680,27.68958957569517,102.95294331841224
1417274,52.92895912996661,165.62641857960665
1406832,22.33860201108472,57.25534467039032
1451845,539.9609366195148,2072.2464263010183
1424042,41.11228431343209,68.1916769447124
1415314,18.826581389728236,48.12002308381712
1394608,119.2588356950293,279.3891201381354
1409621,13.464201872500388,122.90305638525992
1445234,21.175662328025947,54.16922933361995
1431697,427.3697838849823,1017.400489929434
1453043,24.87178883766316,68.34633602631489
1444914,81.4524117776675,282.10708895467866
1432375,74.89008536218796,144.0657777002535
1463427,40.02451494208583,123.33090255218468
1425645,127.18404750554755,372.29143486924426
1466410,203.7813925994085,551.627358815542
1402047,42.66252609029028,183.917002156662
1447380,10.87002122882298,59.06247474123325
1401246,110.91103730106649,211.48159122073483
1442967,42.593567042435375,106.70981635752037
1411032,27.803777456325065,55.82482472773616
1393934,32.18318522365821,105.64959259119638
1429511,32.367970444884705,80.06778394920191
1420364,60.25013573690124,291.72744687227055
1433229,238.20349002409225,432.6339782738027
1402834,37.47935320896383,94.11911531774454
1395225,12.578334940493765,50.19160188110683
1455751,192.1965327155528,561.5028502409773
1453275,42.74304329511009,145.16482475956883
1429188,124.11766475797438,264.5675382180266
1418807,313.7743021588474,369.19740559627024
1441817,53.62332210553471,104.5238995152542
1452500,66.60281109562415,165.17215539519503
1397371,16.892839175813002,17.19525925557581
1427066,84.45030423361085,173.27931555362056
1452617,29.080269132350672,42.13872519154501
1451626,16.20787361918318,254.3630996597157
1441961,39.11772653173243,79.32046336453864
1408980,12.205702113399097,24.39092119762243
1444156,83.15518937787623,365.0413121406575
1410070,86.68062849226783,154.09139541805507
1430997,104.38576175529175,205.8738628672726
1451510,31.940192388612065,99.3572912434668
1449933,661.9674526905663,2869.8072667689376
1417303,25.99482320523902,174.56243906316914
1465227,10.13010440171836,45.78462170285541
1465171,1045.7050438798549,5671.688156011759
1450828,255.4155336797188,556.6924333703193
1422344,19.62760863367356,67.71595382919891
1412143,51.87702111159231,128.49928120926316
1464940,42.33101831752201,115.30123966572587
1397309,50.21409183987205,625.4772364871534
1431969,137.48276636461,387.0802741856039
1427138,145.13089334464675,294.7872553975504
1449463,94.54874165833934,237.5937297791837
1417516,36.84906267739212,160.59441781472356
1451218,20.244819969389983,89.57477073853374
1415269,70.7399694387118,525.1080148972029
1447237,19.06603648432444,76.34019055997317
1430211,25.83385434047792,67.91419172455265
1424600,38.39237064626924,82.0356846251139
1451453,120.85529725949822,573.5062766190797
1431953,22.076298869102512,50.09987678372017
1401608,47.26185699255516,69.78105207361386
1449552,1376.9125420915852,3557.2067384046186
1420371,58.96978855802247,195.01601771496405
1458228,200.9611611287524,367.3366480064373
1461113,24.614035146082266,42.74337161468656
1406670,10.449428472212832,43.15565167456416
1444001,24.458500311230832,80.79236024416988
1402714,54.17136146525328,163.41870522314431
1389175,39.00111223322306,113.43640118910288
1448776,198.91320186084195,552.9718917499804
1437051,46.798846371126295,112.18731489402892
1447390,121.81699404309838,263.38197372950026
1391053,26.28656071932557,79.2094247359249
1448444,57.74152711460949,136.40003994186944
1418900,36.21634119252303,236.16183701692384
1416881,14.39105678739422,35.67367533373331
1405680,130.76920359346872,255.8481570203301
1427630,21.42305339301965,157.63671025393015
1422779,70.04926516640822,152.30465611238566
1428156,42.1139636122703,115.79492097475502
1425380,636.6544242509934,1446.6965666211506
1389620,147.76522408251708,335.9556037658541
1419256,2688.317694987512,6706.847981481325
1447371,113.45205584352836,134.19399916336317
1447451,173.09070629973624,472.1381728171487
1451673,71.83820441727964,201.13154557182511
1427163,136.30634851540486,452.507729527348
1424978,33.466360995428175,67.1316463801588
1442388,54.83713231977231,300.7782756154483
1396923,96.98485507181006,210.3284843659034
1409844,498.95313850045306,1103.9733985008356
1428540,15.590635564433915,35.9414519659485
1448376,40.91762754027239,89.71155433030114
1426440,77.21651740146314,137.40709149864944
1389842,48.323575526071465,144.44938493486433
1409238,76.25133478823595,186.56372488172417
1447790,193.62004728754164,480.52996445943086
1460136,74.09958952516567,188.414419495953
1406891,98.08565720742128,224.92825791612717
1429934,21.20162361220445,50.1834184786977
1397854,102.5742350738103,233.66225572167252
1392767,41.70091136056038,71.97664092942213
1395032,1004.0100642336448,3488.6057411595293
1456226,16.05370298473051,81.02022428419711
1441103,14.565918446330445,40.0782608110629
1428035,11.796230408716749,30.548764031406705
1452104,54.97020249381646,116.598067875775
1452023,10.359951590280277,103.63957700350402
1390628,29.26600695847237,142.57909193924
1393851,68.79620862742614,202.7345102908028
1464747,38.020912706925856,140.13475649238234
1428476,82.68453425507546,175.26469441999313
1443331,74.55580151896754,476.501978820107
1412166,47.97554679730258,486.4474912862702
1402634,52.00851208338447,285.1931241813029
1453497,62.71031759974475,159.0883202289824
1394334,50.6325028096328,103.15650232667328
1412904,97.0206600821935,209.1262613400907
1414873,197.98845915868253,1221.2802018963223
1439258,66.01125795574966,168.43008450981895
1421997,49.056730240110205,74.23953677730553
1396768,105.7492879842839,510.0534268622373
1440385,128.1347432533615,326.6034694689725
1435985,72.25467539545515,145.1756920574161
1389420,31.193005830912327,72.00237329612548
1463868,269.51986848654144,725.7065570555488
1452220,28.331349757960687,72.42671721844965
1434403,216.72771726070528,481.3915040889321
1428584,431.7384288867905,617.2638535472627
1425630,79.69255362650578,197.9531676158863
1429632,49.36342866889439,125.91236313513323
1395591,33.13978515346814,81.62075580910395
1438427,49.49016081261232,95.23173409011888
1395461,144.02597670890535,382.7016319873528
1441647,104.75380793442574,373.619862474789
1438739,17.495992559870935,51.692765280353626
1445362,26.119748655976892,62.98118797757344
1413313,144.32877840887687,479.7224187238504
1406931,38.70113512184045,152.29553047423053
1423928,287.978568013462,883.5273011456005
1388513,291.1822253086601,741.6996157614672
1423069,28.248737186640817,131.42266524079935
1453287,60.9668833037308,197.9826596452831
1418926,80.09254356655681,197.6083055348986
1440405,257.8542503453551,653.4880461986694
1427865,11.642462959132375,59.791392112227605
1410472,61.12419811176997,134.128313331227
1416570,42.37193419180541,146.6356818995502
1448126,68.15865593246761,215.9717094749972
1450669,38.200994413336666,69.5485548377335
1425911,323.4888652937265,1315.9063970516213
1439041,84.27399849198378,131.99792538329288
1449084,28.400720884645796,190.75888755160756
1416694,92.03465203542714,687.4851273086246
1465910,41.82878589205123,115.1339025944889
1424273,89.92867593939687,149.8292897917646
1392247,29.7500134735464,125.60137033127008
1425070,461.6722816707408,1032.3872992790396
1449510,19.508336622127665,52.50765004358431
1430972,66.41201524482764,179.28597797520376
1444872,11.40760093156119,43.04120992847317
1451019,66.89012702572401,200.75359443608173
1463692,29.73196969186239,115.17831722489385
1400901,58.12824492505308,210.68078036196675
1399577,23.261061281958945,42.35407024534167
1423193,65.0507588027513,185.07391859161584
1394905,21.925491174733608,84.96940332999476
1458743,109.06004702349227,215.94024375168053
1433233,231.5381436635598,693.2659887233232
1437479,21.253462234533924,59.01445418353164
1444170,184.8285338363648,598.1879865168488
1420602,75.34782373714017,261.93452615465145
1426164,154.67978166389227,498.677444667806
1403953,78.15231472030749,370.2934703093002
1425049,407.4711651780489,911.1806888369262
1431716,40.96030046296202,70.44923087029316
1448105,48.25934892981912,165.79720581810176
1452986,22.71850114511864,104.12963115905202
1450962,55.54019203785578,153.37407086646158
1395295,18.123584151887467,39.47407648401153
1437075,24.466995037630337,86.30729352528674
1465487,58.28021935882357,162.52587826190583
1426421,158.34500038299143,470.37157632070847
1401167,182.24359319217209,543.2071053404038
1429733,78.21208956011503,198.5722379979563
1445888,352.7710660085439,832.9896378915572
1403420,59.41302517906794,102.64927654035878
1402029,224.4398434589811,552.8961488142431
1421696,182.24010090586845,403.68872785319934
1404714,43.80891518388513,142.60710880141156
1432163,94.93136183964612,169.4399352741642
1402011,36.11872629014477,77.0068422065284
1465098,76.08950001543197,185.5855193088867
1459159,45.25181657498062,118.5064961526312
1390256,112.0395985910076,258.8435040668093
1426361,21.89831490336429,41.6732137849539
1393340,21.33457696282508,65.67642036596172
1419845,80.41334586887874,227.0983166082713
1446864,73.00284007442772,173.56947376263426
1440992,75.94652541842746,174.9245799456213
1416608,55.13173875491746,109.80821235455704
1404961,157.87633795716638,199.81646290977872
1415543,19.44612400516641,58.96483804158771
1434900,15.716593870299628,111.49293364405467
1446373,63.64493065717134,144.3023041380917
1464678,49.62737988064524,131.80125171709207
1391173,45.44028766066842,114.34802598389692
1449766,20.106457466832666,64.36151778366762
1447514,150.16520766191746,310.6487431309753
1412613,44.836867404175926,189.1122799850692
1389193,10.583968791129974,426.0051900516058
1434458,238.3082099786261,506.737082121534
1411975,82.64122728844346,828.3215769476689
1445025,40.46873103979495,115.20076284436276
1397294,521.7630651364997,1372.2254228192603
1446558,19.883419394645525,122.26778928265854
1465082,43.726154686768616,107.2667424792842
1423936,84.49726644636982,249.4607107318317
1418003,106.86827282820984,372.0636064559639
1431979,27.98162503783114,43.15480150204993
1465192,42.33567423278364,64.54744800924944
1445299,281.675532024996,671.0151861944162
1435493,43.58908488749064,90.70989539161494
1434816,107.4238563871733,300.1918567308605
1437387,13.718619280225216,53.34163936447233
1449645,253.3482976710084,990.0821720267976
1452125,10.995124653978529,21.677638385997646
1392816,31.480247643257584,60.49351403151104
1405386,18.274914135611468,47.43597466678431
1403555,75.14542777665781,289.9469682789614
1427965,184.4917111383771,406.4749674810321
1461138,25.15809721967307,106.53333937313263
1399556,703.5974805254258,2137.106218210857
1419709,190.28692512647223,378.1187201299613
1465539,32.4867516057738,70.35003855715189
1425982,23.88518464231,99.8185177638046
1428173,78.0214914039294,185.99082439957468
1409318,103.31778479413563,319.47558197491446
1420902,127.8369911202172,271.6828662603637
1416970,10.445983189177507,46.115262463547296
1420065,166.70056775048226,323.1196548522222
1410237,33.03778498267816,72.45171240261166
1450172,21.60690945253329,66.81502920654455
1405217,361.2518827920003,918.7885212769684
1410923,87.78197822657862,156.37992149856325
1410656,95.60753198713654,196.8955154557269
1447709,31.177820026294647,78.09743495465055
1406910,58.449913527508265,122.02199647433832
1433547,66.00589498557817,166.9015821782509
1394249,117.6955850308634,309.2636469885494
1437573,1044.4109291818036,2674.405371323067
1411060,784.0173835110089,1331.0439345432685
1418568,12.744789692908952,28.525814226003234
1465922,42.73189670712956,167.97105815914364
1421648,10.31471024781952,29.172880676155906
1434518,32.89951508187762,71.51630444859892
1387868,63.06449788385189,176.080890818567
1417254,106.58875116296566,1245.2769433796227
1422814,54.19700772593641,189.70237607091545
1398062,858.258710203829,1543.6485893331164
1452051,13.203929743689423,94.89051100248912
1412241,25.44558151153675,94.59794458009785
1422792,58.41061531871105,166.6517524845111
1425727,23.887761576490217,221.74134156897196
1423067,13.47239954191014,35.29104871135123
1429843,152.99064159619897,359.18975903329675
1424516,28.595412967834907,104.21713250758756
1404470,484.2469183237861,721.139723610931
1410834,62.500082874121,190.92216355326823
1451217,184.8585676432311,1092.279444015188
1431827,173.3921301724829,398.0587906806877
1449895,22.66840233065846,56.22775735047253
1455413,22.07310586666746,85.28331230254153
1404934,23.256230035586423,592.9455442785096
1447938,26.89738661277267,108.2675589021266
1441793,30.35304677964081,93.74958501583744
1463785,22.84875603846218,65.01759248984457
1426131,113.19838298562306,319.0343889917642
1464571,33.223900271016106,69.00314213872672
1451162,26.43627830679732,52.103386976932384
1415857,122.74859063281916,379.928648624096
1424987,35.23851589028924,120.81462648431368
1449643,164.82892077275957,361.3933929330465
1423800,24.589261647328374,62.39906387180906
1447904,11.452006286028976,22.788643033020097
1418192,18.37866369043053,29.993309716895983
1407546,54.43773758683078,135.5329493461894
1434603,21.60523016117551,38.52374944643025
1416498,22.82634288048985,83.36758110857473
1404598,16.47364992131101,73.28509878178326
1388246,32.593296459218166,176.9182324679869
1414948,247.43066923286992,754.0876882821622
1446792,54.82371402510749,166.22215688931553
1464903,112.08730416023144,331.8903471001688
1444631,24.47454043094645,32.80621243444578
1416585,186.08052373729305,310.80975908937927
1400454,25.4353254540471,33.05820548404341
1408619,10.120944128493708,90.68217850766564
1404179,128.18302268714416,317.3270711911104
1441927,18.413884442678608,53.98516471831883
1397101,240.0640561393173,753.0417912165208
1449232,455.001558854264,1103.959760894019
1441820,16.557077372461336,65.46466338534604
1402400,89.71184330113972,201.74252791237527
1410069,20.69590416049168,38.56289627240247
1405646,83.90037806651465,285.9687425498232
1435847,1413.4175925927275,3837.235846296875
1452614,49.62245279556924,137.21631763198235
1447358,91.54701109342643,223.5145704797601
1444668,63.11544117895544,138.065939328776
1418152,35.54006014052688,66.0657708940046
1459641,25.16624580581783,159.42512883627398
1436383,334.8588706273286,976.5398857085164
1414535,314.1178130418069,923.1138378299016
1397487,24.67724766227464,55.42107352156335
1441521,193.85364306938453,568.9658020355298
1427155,65.20859518831581,180.56174778056928
1394524,62.97601039510652,120.31821737577803
1462606,32.64321563588305,68.32035399456669
1396472,108.78363307400832,426.92766899094767
1440401,297.9939583223262,1276.2391450492885
1390543,10.076029088681636,29.683695360981705
1445605,12.842384074191028,49.050895648432366
1432810,13.315299333360343,75.18645566580197
1406281,42.011389882925535,262.16655864823684
1414248,64.47552015794336,170.70767534000643
1449950,339.31142673684315,1003.898600785239
1414571,24.90898610254188,70.24231080450082
1445096,37.44140862892109,296.3005355176174
1414353,40.04902127304419,117.04488499395904
1437206,32.882889701205904,70.58994469785922
1465274,55.76417032369433,236.88290912278143
1444949,52.13290680909869,98.5814797407243
1435990,367.3687698129857,835.2706883940472
1424301,26.068855820170565,82.31277328451938
1460793,163.53191382440062,611.9862528717022
1445474,39.91987151238656,124.9401152024289
1414957,484.5956755323963,1338.1227734637732
1440744,313.13288142360074,435.8100702064738
1453106,148.1249978838266,406.47823878040447
1445024,562.7277202562722,1519.152714619726
1408016,32.596810716413536,106.68154729833884
1422911,33.45455859776637,77.22058011475531
1441403,154.6504339983744,294.1265973003208
1440184,93.3878106299864,304.0773108053422
1463048,20.416515448457144,51.72789872613304
1439252,59.98768410856433,289.3599115077093
1390151,145.0506124385556,366.0351904854395
1455810,57.204580721889656,144.18765421250137
1445112,129.2274844618835,340.31469906165484
1392334,64.15707736731358,132.307228315619
1448952,62.557938984181874,141.42978909314027
1442818,12.094020760484971,92.15584738837512
1390140,301.214772469426,853.8251596299914
1420112,146.31427321071877,294.9793756020686
1426677,345.4931258758349,708.3035613141685
1433194,97.66966881510456,201.9085222937661
1449618,22.974165860972924,69.14137645970813
1452251,24.943153383116385,88.27447452364939
1451424,32.04499662813844,105.14112546017098
1416954,78.51756916974735,149.9542942721972
1465965,26.29573925175917,82.96408016711842
1420095,16.951862328254272,33.27599463872573
1421003,102.175522133923,330.62751236828086
1451448,152.16717204522294,412.9036757648233
1432424,14.588476713433185,53.68008139329105
1403122,61.75912265050044,139.0073962571248
1412866,304.8141111802208,875.6226994726056
1427839,56.363093038074126,184.71981094816948
1425556,69.8228530205393,110.20300506746813
1395849,19.385476892725823,57.0856878883212
1428969,83.34461368185846,138.94038436406865
1447455,87.5898639520566,200.80175059095637
1448877,33.85359839010447,67.60090517188011
1412757,30.533746057864228,54.74542447101162
1408164,240.9041041742155,632.037983240455
1441773,33.3515706368476,150.59629510769744
1392329,89.46512519187512,272.212458212088
1424148,45.76784630823594,152.44249983067095
1434341,92.67310273472198,250.44455458303415
1397148,67.5998080750592,137.8947332372457
1431575,41.95267101486469,86.76064515386642
1438909,47.01234064022577,133.34451655051646
1388747,193.34762278425185,974.9670738360534
1460309,14.926610535165494,156.31825456703365
1451235,130.16249267233832,318.5710974578691
1422752,59.32542833510639,119.55605927216094
1466324,307.66579306120246,1901.851322459514
1451627,17.075674795114114,56.30649933658242
1442273,106.56461949486976,336.39078929544416
1458611,209.1256069632745,594.3165962522506
1453472,62.82654816341198,101.5502633611782
1454887,24.929239553222576,92.44183710945514
1451452,31.902270911293616,122.5478398252791
1460979,11.979179958491208,62.259090958168656
1425837,15.842385489659597,50.45617208129618
1445254,18.561386207387,27.87233110894013
1438081,61.32630666659267,133.82120392761507
1433118,31.80233620904968,83.74447711727402
1399188,17.406462784958077,30.996107474135407
1430366,25.568914447841905,76.3509622756182
1460871,42.62959155084864,185.95533316237092
1456195,58.17001493703747,126.13957846974073
1396048,375.6304835311926,1142.78669777094
1452998,74.5109964616624,155.9273263279793
1406016,96.18507661128668,201.0316758878897
1406548,1074.3539864435486,3344.455430247093
1447328,17.90561506058457,41.28552114171599
1412786,39.56100932485185,79.97815489576523
1401903,60.84098933650996,170.56210609033835
1409031,66.14265619878451,182.6656927455477
1424429,88.50907486712326,243.34898425080743
1438774,30.58762275826001,153.20904770825123
1412938,106.99744303388636,293.3641583578315
1445980,23.795334552709782,168.97228698588987
1431945,625.317250031161,1052.34206278908
1407181,45.848258457503285,160.00193058871162
1455642,37.09238015970056,786.5827323421985
1463845,23.72222144565653,66.69729001738561
1448343,26.376962425233444,67.85743634980577
1439143,25.53891147855959,96.71264963319528
1452765,21.381523513282264,64.0989192187111
1465898,26.50587916298633,138.42030269555036
1432118,37.63119383103295,99.92668528543402
1400499,45.70672975795458,141.2771249866231
1437622,107.6502154398751,192.21933347603135
1463133,88.32386183607979,238.52959862602552
1413096,3016.9200498127257,11662.550662363446
1421048,98.92713756524168,1123.5868957150328
1409080,324.271219574872,597.2626765602162
1451348,29.75358578321306,65.40437873213682
1390131,25.813172751783963,215.3916299505832
1396432,163.08078753944963,397.18481643663125
1463399,67.17881312131868,101.2114595639888
1385049,70.79993045423397,242.5282084432777
1451469,36.89656992013145,52.378333979071165
1445554,157.09874619972808,448.4015707439843
1451003,37.486965624017984,392.11280223272695
1436439,58.489627165110456,164.3594487033798
1464497,59.887553112548005,131.03968627240013
1423973,21.99473726292333,186.44410045120247
1407542,39.40850248735672,97.11019523297388
1424276,282.07004587913286,618.0148782106916
1412923,12.015986915649377,36.47840612627879
1412275,162.41831358167718,537.7670497373109
1446331,37.92433723882482,235.7220208403304
1446189,17.322815219982836,34.266215623276715
1445449,19.963942110812503,56.65744741409736
1413445,57.13290579458691,210.3221971217745
1445654,127.8025016552803,273.1124929889995
1441273,167.46313993630375,499.5528737749535
1415296,32.30470438037597,138.83258511256557
1450668,583.7346689665433,1072.9103249475058
1432846,38.666732149743645,111.09991959535844
1452127,46.05773263693384,109.28792725969558
1402065,293.1774209840361,1001.4182219929692
1451347,128.21696981228965,281.0070785184113
1411517,11.141027979009744,29.133160328134647
1444245,290.0678159487667,746.0692784795779
1416511,38.41809272719392,65.76428998362626
1392490,364.4881044652731,888.7871983089982
1438978,50.56236660326224,157.11992716585155
1459836,134.25717707552715,255.28584542173863
1428263,115.47318780431694,193.8201539454196
1420969,32.18750863096394,86.51688026350486
1390797,255.4945154120537,604.5037961433165
1437638,148.473247503225,263.8357381284445
1405684,34.31015579880201,69.93719863059165
1445553,14.858426340035914,73.64186670339767
1394147,559.0645880328825,1210.7556139444594
1419668,146.17470850326384,502.2646203440205
1450725,124.5624172731552,480.4452370375073
1459689,24.94087993840564,33.843870057137195
1416791,21.162299965021656,60.4577646030704
1446488,89.38859613907748,242.14867468053492
1436402,49.56021377717688,73.54750115246227
1413102,79.51013369952656,119.241393362506
1446938,12.839628756115529,282.43822914615805
1465961,46.61258233106799,132.75369695617692
1465497,456.621677490792,1181.5570868273392
1392687,91.42967032643506,217.7358441237378
1448966,19.199101178891137,43.15805048855055
1421723,144.40948701590622,595.664635768416
1404839,46.75490449339024,108.38587694805268
1405552,26.40752864688903,75.63863820755962
1397120,34.424442970309435,89.10531519272433
1393264,12.907792075772376,29.058685371447226
1412975,18.02454734393087,57.68879566682811
1445774,95.17054855117628,313.09620619819395
1452708,106.75390504723096,243.502581077746
1429466,17.28148124865527,34.58555762140619
1442169,367.4568105296119,1922.5156711917916
1413353,16.2546960198387,32.68156948568018
1424124,17.30296683476839,29.90535619330182
1440537,51.28422308784358,256.99565545882353
1438935,70.34637417395211,85.73742332981796
1434937,73.2440880918778,178.00752751241345
1438507,26.008285253700464,67.60736950156634
1456095,88.58101039954686,316.74695685710617
1399661,320.7172484380587,973.4635429642598
1421300,33.09419309031933,78.85338633665494
1424255,10.026394290906802,50.66738945676328
1395432,53.42747554814223,156.16974813524075
1430193,62.51684653967716,1235.256388145357
1464009,30.889840830735444,43.28068443512951
1464738,37.00109278300575,130.25664224542027
1460542,44.88096304197639,335.7101180463278
1406420,34.21005720899668,116.331756150585
1452762,29.088673606923745,41.20173777166418
1388782,57.76482520889449,218.14521289837276
1425792,105.96842677329631,377.0401685618211
1429376,395.1411811093752,1028.096475900751
1407501,24.03558615984958,56.11443768732999
1390117,223.8383548725737,695.7527339641204
1407912,78.41350116837636,217.19988506320288
1422015,66.3839517295974,198.93106555399672
1449813,69.66486342509396,351.373906598938
1398487,52.60488633755385,92.86124921361473
1420023,37.87608565848961,94.64269423235764
1464990,145.6526101032467,450.75669829845725
1448318,65.65732030508363,295.1392689275756
1393800,64.69760027197975,200.21160619812065
1441864,55.42208540224922,150.399002480227
1403988,16.760808211490243,53.75048590495744
1424691,35.40044804205162,223.42638093568544
1436281,53.980953380224896,183.80334496051657
1432562,15.535164090025312,40.19529076526472
1393286,13.349905843471117,35.54166455688383
1389975,314.2746312181544,631.3549418978405
1460578,198.1828480605754,554.2323431644991
1452757,169.36073177099067,324.8059457742103
1423717,43.408421112072055,78.66315057688058
1425139,102.97622547417446,221.5460706272405
1451546,36.785925391696665,86.2582751775733
1437081,315.500645230886,1430.828008443661
1427212,37.067733777666646,94.04614736288158
1416737,60.23869578143106,144.64283535483258
1410784,89.8889732302865,140.12728674323662
1394381,25.62774717789628,70.00094846157782
1423238,110.58668995604856,165.7657795696557
1405915,348.9660039965136,1230.6767236633957
1429773,70.24182133803728,154.9336472733288
1445942,23.693763534110545,59.67389708642352
1435901,787.827228617127,1833.2938997433555
1413402,36.75705423901673,337.55452548218943
1452346,34.526980971443955,106.69396286137815
1392536,373.51289410215486,1138.5252672164368
1423891,26.563108670674023,79.62283116233067
1416211,119.95580606851568,277.12399178359624
1445982,226.7547668860042,660.8298376586717
1430161,22.926789086032976,46.26108438191707
1452123,309.7945158390516,634.4007651983842
1430498,489.8569570233991,1435.6594313706323
1448346,22.524287294029147,75.10600852657541
1414396,246.72902095150823,775.979499857073
1435708,289.9367786832999,657.3250602127921
1400272,203.53043457306043,709.1278694423995
1405090,32.641835275965974,135.47964747753107
1461225,32.06886321797705,83.27289095803982
1445558,133.6362067933285,349.0547923914708
1466228,26.74045837529994,55.40779607306745
1418549,27.83168388037671,58.94733093726997
1418556,72.70264155972946,113.6308685243838
1461187,10.275806201832012,31.07829462114644
1449010,73.885311727512,156.0104380003333
1407711,148.1339841013426,419.00661191942953
1442306,147.72930966307973,429.5984183138345
1393820,34.57466413222958,116.56012855209302
1408091,72.94998988151164,342.4110820205877
1449738,59.5705888239199,110.17448430996176
1465594,513.0302021361093,899.1679614609178
1445440,26.673891435640908,40.428205894577545
1424119,64.44551357655727,141.48848677153848
1452818,58.50943400268134,176.2450024687923
1388869,19.89386796463555,44.37715911969343
1405293,69.99822370578279,226.98469578981096
1447274,34.807428720234206,157.62059526389518
1438356,18.34240655338759,29.163883187259582
1403233,23.32956639417361,138.25801636253894
1428260,76.12547317342349,179.4315630000124
1463301,79.04330427227885,282.47170806543573
1409951,29.421682221837237,80.58721516636473
1446594,24.87776965631684,56.88710598179769
1451214,807.5133312582542,2258.077280199201
1394004,484.8760452109997,3581.2596383913683
1455169,153.0067204970621,593.685425946385
1394022,137.1601951941088,142.5018064909409
1413123,67.73165300484135,188.49399705143352
1448089,15.595072435214,47.88847697985672
1447588,59.24996571011248,150.3445514958254
1462799,12.138014383816326,44.51760697508504
1451799,82.68211056083652,194.82942813914775
1427109,29.034269574822364,66.90065058269889
1413626,108.90572748414422,247.47390561404427
1413791,17.18661418476431,66.68111988472474
1425942,211.10926811055444,312.26135750588884
1429176,45.81346756336024,102.66661617962892
1412081,29.072000676303624,66.69773614227006
1410092,146.57536824698246,303.8549036570703
1402493,125.05091759166434,632.7072834181696
1417613,44.87211756590468,73.44404711555808
1466278,21.781685693680803,59.06125015775799
1400838,198.95775687555115,318.4766853291708
1464704,102.49899087772766,373.2090118675318
1444859,2839.40373074492,6105.687278492989
1452917,16.313629811538682,35.16919295326596
1429119,271.72913714350767,624.7684232695146
1433520,192.6934830611472,542.4335915677053
1433058,101.39047966664634,318.4584718223384
1395659,26.83390093119021,50.61593809573639
1393143,653.7744567496873,1703.952051491139
1439757,22.365445752838696,64.5015764104649
1411123,67.10695815273576,199.89602928928093
1417891,538.5839385733317,1244.4289473183524
1431621,37.68534992919282,124.72138815834816
1421177,61.278788817183546,117.73799947116544
1464282,28.257203729750465,51.78623812394258
1394821,132.66005246559945,326.46957174700793
1394842,23.14930846344993,68.62840937862602
1409561,49.0124197372044,107.09538008102795
1446697,158.5403801639634,232.96141828066447
1409495,536.3274684167574,760.9933669609409
1416449,128.17501818363723,421.8719403075925
1453110,99.3502574939186,204.6048417307613
1447646,34.89330365535581,87.47893511561924
1440965,289.44667325979447,705.275253740329
1448018,30.935064387866905,79.57068137653945
1397305,33.634868369839666,61.88541661788028
1463314,26.563070437018933,84.86736330062035
1388382,11.094275642207377,70.52905512815704
1434726,80.8573901102759,133.80352700317638
1414367,34.8431836723198,87.02612268206454
1404998,65.78165480759482,122.15411339699318
1464604,99.95304388863356,683.8354936085581
1465907,250.5096311442473,700.0045208186277
1464453,11.93785769538263,21.210986781424065
1435550,377.6297851890966,1048.4402494775975
1465885,64.11619171137649,271.98851212293295
1447567,137.57912540177412,438.18433603770535
1390257,33.97914276939072,82.58853290142434
1406626,10.982867381074724,25.033554325301903
1397701,42.33834323262926,91.06770891852692
1389911,214.8326971675356,872.0949586604312
1446149,12.075011506507495,41.258543646337046
1413521,29.522912301600964,117.43201434825647
1407350,1019.3957604397608,2087.2787935738297
1391566,59.922508513377686,153.9301045677202
1390124,38.01761425159373,47.24331151607041
1434208,684.4694698070061,1840.247044151284
1394267,73.3759060534448,155.14336188052354
1436400,70.65196256980435,163.07116143200383
1423053,39.25158956144784,70.3577853409838
1407869,22.884148723172384,75.78246466593411
1397542,10.20248918682324,66.80668531214832
1448684,160.52833170719185,353.64948123016416
1419843,43.1703009258412,143.64103432568572
1392842,101.4889609403933,295.6428101734642
1429290,472.4806831235143,1129.5055504894274
1400045,59.28595817534804,172.99474060653014
1464552,29.443179908271336,73.60229495094178
1422871,129.75830282863564,289.2293912700007
1452303,48.15209907753257,138.70284277803728
1421094,752.9040113850431,3070.3093131421274
1450738,26.884930325198216,74.34049346312318
1433831,98.16959293112284,252.35731955687345
1440188,193.4613388917899,506.029993991598
1429414,227.54560083725312,634.8103921213747
1402288,15.38258568520686,50.51596572166408
1422339,138.56922855828745,686.285551158189
1451380,39.32713907593868,59.51649413700729
1448617,130.5023404548263,729.3626588207372
1390224,22.45806559105812,76.0526197552746
1441338,311.02116218525066,587.0506430894444
1441497,268.0583945776203,1021.9772741257036
1450182,15.052888110909583,38.61684174335453
1466252,28.391429027515876,768.1967382192277
1446779,57.69602588156534,147.94440917002606
1435157,115.52694774499813,275.61361128442235
1429114,49.37151239941708,120.15686907531462
1402147,95.28535782606106,200.4996920539415
1443835,56.19632546100767,150.98075889867846
1393389,543.8987805587855,1712.8366908465214
1458707,394.9753962382623,1022.7245601699872
1418446,42.310660677622415,156.55820847248862
1407870,2191.1932762109354,3759.715513165247
1429022,393.1363283728298,1037.734041414548
1426715,917.0187036206032,2366.925292132516
1397905,581.1054963994982,1588.5325917639227
1411778,28.959392880958333,69.41274589920918
1420556,189.17748049650936,597.2891642971376
1453324,43.66693044089334,99.83509357237668
1435458,36.30753878465755,121.9014012377564
1447392,140.58041876885372,348.60078609161826
1455842,31.585220018913045,92.01953089811758
1435137,121.45772768942248,339.8005418593244
1460440,85.83802959916241,258.26103148662327
1440293,39.56043010173983,96.53920118110618
1426477,525.2103583155275,1329.771518674982
1464375,33.64755656844684,165.02452294520486
1440134,27.395741161805446,42.91722051188411
1447496,149.9780638031265,333.2029409322048
1392607,61.03200731483397,115.77449828354092
1465808,215.78104040583125,749.3808169040644
1437872,227.65895708306644,450.68604053390254
1459687,483.1501395641951,1157.2764546191536
1412310,73.33342257712901,192.1469406079554
1401807,43.14854491413187,97.93052955997436
1453228,15.950589576080594,125.07315950172122
1397831,12.521182904809416,23.140421926053985
1446138,42.08312770772726,65.09673212687255
1439286,21.75050824729268,316.3593891869937
1424998,1238.7825291852205,2852.8419855876914
1440199,154.613529023596,239.96355019571072
1397494,28.13215386944833,58.33029296939549
1464286,250.770904458725,565.853016815121
1437864,1287.1510203616735,2664.5479661849267
1390709,59.82764320715537,157.83939970019
1435886,27.599576675476985,59.98597154745874
1389629,148.38034958921645,202.92037042802863
1432622,386.6571814478486,801.841914124998
1423498,49.692711259872326,203.69790393786337
1413248,63.546345858282784,109.15491377050384
1423660,225.66379731535125,417.8962851887536
1411352,23.66673360228706,39.761597637614834
1406640,68.63885729173232,220.42063166426576
1446086,8689.032797148384,63693.66140147645
1402878,47.71956056289974,96.27869137853908
1395458,73.95526659646072,162.1289894246335
1398699,37.73578747980757,106.49081281475354
1400099,16.417577633060183,28.97483163469711
1427946,170.3810182073987,577.6652419957829
1425326,40.51601456253332,84.64682846650896
1457277,11.498378426534646,25.59291814349405
1425303,151.2440126531584,443.97737251927646
1418116,23.07258120769432,54.30553801532746
1427819,14.290779239567382,65.21353618091202
1422978,26.174473120849484,76.553500436437
1448609,32.64571406974845,58.67049437209137
1425951,126.71903999030098,402.9174460160657
1411495,910.938778803256,3646.567465560253
1445955,427.9022755901044,1320.797614584241
1415264,136.2286601925819,452.5723138319189
1445622,14.656802720667429,35.289282143501325
1419182,216.86277276977083,352.4086522913542
1392347,39.45984599980124,98.1636466577649
1465105,84.84997650895266,224.819336987208
1412504,72.04742866533354,146.0624794073479
1441631,32.723106607048535,174.25504251219513
1415022,44.51992579064643,140.59384172082773
1419142,11.176671463855214,32.24130984169795
1444231,29.242600777740968,63.76390974919182
1426405,43.41159977516966,126.51293668478002
1435845,114.31787186153744,263.71477334056374
1449969,24.220984435430797,144.234977265698
1452885,125.75178707983632,404.47822604652526
1400461,42.453782413388666,123.07060175931532
1389066,506.4734948853541,1260.633660381919
1422006,10.688145859295757,28.051291159827837
1392711,10.109284141045588,24.693884658149884
1452723,1206.0424413401145,2714.043499128322
1415653,64.6264769016304,210.285088070344
1463004,17.892095382230835,86.19550902880233
1441787,10.42581586540686,25.75435008779284
1396772,11.849724850769933,35.80906367968105
1433790,18.623334504227444,31.85029246810791
1436553,41.12612614714726,150.35453403685648
1400403,244.47950887636287,519.1390376605815
1455183,231.95146839463425,836.7227702304193
1396204,27.52244044059617,56.37977257058674
1410444,146.36388048670003,386.32375962777394
1450567,537.8293309080501,1201.8549598276857
1445325,51.02034207704204,78.33235392332327
1413622,159.14048949078187,452.5532074204646
1412193,105.94002741610996,158.05511247380588
1441859,80.48195678153404,152.94280403190237
1408203,39.7063567933714,147.12334666686723
1428991,73.74549169616084,142.9182423498354
1422963,376.2371731480288,667.6717711492956
1437588,68.92790197016853,196.5274820542778
1416814,130.58986267683898,204.1175925529196
1446710,351.9034269075813,666.5601324628283
1452276,40.52166493686024,101.35737404793304
1449772,41.12615977179882,77.92317180936291
1408426,140.86171635413675,410.6732095037928
1431172,129.36880653280284,428.3329711092333
1391410,78.16174827602653,306.041377891251
1446200,17.788053633888005,61.88358895018051
1408081,65.5824695608882,511.9251696272647
1445946,89.88036296139184,202.04435281401453
1451133,262.48282108378464,560.6229480790191
1459647,131.51390198265088,359.9119958018045
1437808,11.932265367295374,20.503581807110283
1393558,64.72515722372775,215.56875947222815
1445756,10.01008479557657,17.144124938962083
1444296,30.79877914263229,114.11432884935546
1412467,422.8617560465007,1397.1347363679722
1395559,38.91915752487226,89.3567614346032
1421564,154.19991643649706,227.68832331165348
1449585,30.4493381485779,56.715780267417486
1450345,222.53149254064596,371.5209008061852
1427905,132.2608795931299,247.0001077140843
1435965,382.6281160737007,1309.0672444857107
1397675,54.463678936003554,191.31570888775985
1415157,80.93966072557622,178.48858099735307
1465617,254.00984568970568,819.2427794205992
1464831,114.05610600068144,298.00594913735466
1437157,67.53743956055104,194.4037066285235
1406572,115.4484041685843,409.9143531700447
1423823,367.186002814998,447.2915030509664
1418922,161.4495118326668,369.7546887842572
1409220,125.94607816838491,208.0221768341588
1388655,80.38384375896669,233.67547600267093
1419322,152.33159491274296,465.58999952975614
1430337,149.27636347243313,191.51276642948412
1424677,238.5263571179653,714.5542388087191
1442565,12.95061663984596,56.14042216169463
1463275,339.67868331242926,1151.3396997080138
1439325,27.899998043006924,714.053593173201
1442023,163.87412263587166,897.1522363591056
1432450,38.169464034010296,189.0204116884998
1463994,142.32142664301043,298.9330419455399
1463666,1757.3258727545433,3886.288158909857
1450311,66.20047427598023,232.54566395915927
1462978,15.253746699201876,65.8249486529977
1451571,41.155395158080296,147.44802502557016
1414352,141.77884229037195,371.9890501729959
1423052,33.52075128906056,52.82397088765844
1428313,25.79521410592303,72.25929869365417
1436799,22.71989160670227,47.10993125661256
1437910,49.96765941907016,161.53111888789726
1463429,12.133491567043674,81.78093916192601
1452204,38.005072679348125,93.36905770406572
1445442,45.809712210776816,63.09311650135819
1440415,16.295238538489055,81.2390219197768
1418002,25.79056807075174,75.49184990121242
1397277,189.2562594280212,637.8832072551188
1404546,92.70404186470736,294.2590442401162
1452791,86.36394999940995,247.6593530405355
1444986,39.183395113368285,46.32334306040793
1432905,97.74146261262378,234.6198154443143
1431917,43.34328033529516,173.44326927436714
1463177,462.31884556734434,920.0756469056308
1396524,98.0405193680563,309.25804930955536
1431823,54.32021303333991,88.21550008270992
1405916,193.71031283786397,438.7875421985389
1395583,68.80739276337793,120.9734581753026
1463597,103.48952769311,183.23169978943392
1445653,45.83444571471622,95.73893434688792
1443324,168.63390900804717,406.9437964118378
1391271,38.17808747636629,137.89526530876364
1463540,47.36062386158528,116.95996996332724
1416215,37.88841137112622,89.41256504956621
1430010,354.09292672711763,800.5234661462252
1421361,53.81127324051494,194.96849843276075
1465938,311.87447089794574,1157.4625693366097
1463905,16.008160690096414,38.3510079473784
1465245,59.27420717640707,228.24525754878
1441308,795.4346278424791,1868.6225930123685
1391618,91.96196616847668,177.56971068486345
1438693,28.730963916187555,46.85978632533333
1412510,35.1006603213881,44.23983559035045
1455779,191.7680577885252,1168.3495033102326
1406696,517.2873799435101,1172.921278722635
1430504,282.81329309108867,1022.1758506635972
1408717,35.076032832206785,69.88202925370072
1418512,86.33104478635863,287.3552598910792
1464264,25.74866108576643,123.783322470296
1398464,84.3212393527261,238.1297066989119
1417477,362.4691273644208,1339.1540164991309
1449824,104.0844809109146,301.4282776304497
1409776,19.807965972037216,36.74318835639179
1463542,215.1792901198403,1389.826984357842
1392062,333.3570493165413,1057.5335282856147
1464534,31.811210059490985,124.80102615816008
1445791,16.153473244419676,82.26492778500081
1420041,86.37123188322995,209.48621627020276
1400323,29.452839121087777,105.2264526881547
1438453,769.7458392406942,941.9250786589312
1450957,32.8821754594,61.49091965275437
1411093,29.2464804812388,83.31668124777163
1422726,40.55764426452924,102.46716994424824
1403996,190.4214094489195,457.5882878809205
1410594,28.41020670364445,66.21622923235296
1440661,118.92313925349814,311.1501302769471
1418438,10.154671604728955,184.1392011083732
1407225,127.32220624928752,199.1972148542062
1445415,15.613174557512224,164.69653325844777
1389888,170.4026681936486,393.9028926285719
1404206,16.47196429245217,29.327991061325196
1425804,90.46889174479216,286.7146483509352
1400202,165.39943022508032,360.2721111918318
1397075,38.61653004548951,83.61084485808819
1392159,523.3082841413367,1335.463746152495
1423504,18.936023566804163,35.776581514469406
1442894,98.11555857566016,207.38428870316844
1391935,186.4254354892368,434.0218335973677
1451167,127.39170409032836,266.7173531113002
1435890,110.78809178749611,261.60400855877765
1441894,31.56873183394358,83.4209850850685
1413451,177.6879559237658,758.1491798607068
1426231,665.9451840751788,1276.220994056521
1436329,60.99226919034612,284.7453597491806
1428276,251.34193541750284,526.2110461735116
1449464,208.99450039115823,435.3047493056104
1417281,145.87112278725343,258.06224318715635
1440359,191.7141481692001,576.5811707010131
1451710,55.95727945794877,143.72262540367575
1449658,110.01049941027811,158.14044616680332
1436098,34.77835605594227,119.75663544110364
1397238,301.8551324138602,679.0952421410948
1440153,14.636902847529468,44.86752800004595
1438933,120.70912478405472,191.6369779922134
1464577,71.49731474351027,223.10989556985783
1389060,21.009073440957728,96.65156977921436
1408694,264.6949485827948,709.8876795278388
1410403,14.962349654585095,80.28659322768972
1429277,206.2849092446598,508.4605086462351
1404807,190.7758368690215,515.6776919497499
1447211,732.2529510948159,2374.0857585402923
1434307,34.44632671297268,77.85254255033051
1400567,21.914821811663856,76.95099572210015
1452676,88.68352088493761,537.1374356398696
1441113,92.32993747660367,117.74866107704104
1460821,117.73177857444264,591.4375699500571
1451611,38.90877301801503,124.5700739417159
1427435,155.47980325113946,470.1361164833396
1400991,31.592957035685544,234.8779512438417
1392872,45.75998621903144,106.08859068214473
1446269,37.9507408317667,117.07868229962274
1427942,87.4608959997329,157.80002347096465
1459428,119.5121177427528,178.43116652389332
1446576,86.09023899559041,195.1059313045746
1452830,115.1565919131758,296.53775582550963
1388730,371.881513282906,1265.1611451041383
1445251,56.22581879403438,114.98631351760132
1402040,37.2864262362849,75.65074617423284
1420046,377.84294998731815,460.0397936133261
1426363,33.792446817232964,83.65862854717591
1449720,32.76719831035116,88.97936718518977
1410432,34.273817327659096,81.45384735551552
1441187,11.877935668720925,93.91436520615794
1426674,93.32777735191586,236.8238674942557
1395379,12.116790603277703,24.929631508395538
1453077,37.24830718067387,134.0501369635163
1442622,24.620804806687943,34.72878123771974
1437802,53.81414082707107,174.66250562600084
1430376,257.7611637381857,520.674510104768
1402228,307.1478694512818,1488.8699081480586
1443459,291.48935184281487,684.2353327443817
1394384,227.06181207366643,639.9656292463361
1420845,100.88163609252877,209.51198995240443
1463165,17.02520129833364,58.99119765033178
1403616,21.573019917258257,231.55464743604225
1452705,29.11396717896982,90.94040638538048
1422228,395.1096078537927,570.6861140035462
1445420,56.3308280029367,110.20734588586429
1448392,96.22220901496787,392.510395019906
1417535,49.00386288373617,137.60407448616218
1390223,46.0068546202531,157.04614240330827
1449041,15.015426520993454,40.182730412351695
1396990,28.566835803119236,42.780343391267245
1465124,38.446610545457176,118.91085140903932
1430234,24.3901866229475,69.88591848980474
1424564,186.80415740093815,334.65356199444767
1461153,51.76845151377411,277.9342809547836
1409240,29.99110294194772,91.57587467776224
1465806,32.51212775970053,297.96803525030464
1440773,228.51765467289823,1080.9904651148197
1395099,21.514728755085116,106.23994115331992
1444557,169.59075309383613,643.6268524105456
1447291,447.6908549522745,1061.0615018581684
1396907,57.40104588414923,116.55290382490176
1448723,45.61732399953024,117.9543231658876
1418269,241.1792804703435,993.082725314464
1391253,124.0463578096264,626.483166164003
1409022,68.26530946435838,159.42432491467687
1445705,25.49866266049064,81.20349304062276
1452558,23.9812944510594,39.93731067326339
1388637,381.693583306446,1228.4255864022207
1423277,199.81576938774072,300.64400059989566
1388968,414.7733176410589,1156.5233504021792
1407772,56.48616750576021,164.46111260083435
1424499,289.9632795406985,862.2472707649611
1449623,133.8734972125079,344.54384559443423
1413615,38.18519883192288,91.57231137475009
1448071,84.70245570664264,138.5556658442115
1409533,49.753583447723216,169.9855089491494
1427644,79.75330292062827,127.82375964149333
1435629,49.27409674457428,94.2800825064726
1398765,233.0968926553551,516.7819376748239
1431801,45.94078914562268,197.98895683258849
1447612,53.83058012474381,132.23963379951243
1416344,33.44915170710976,78.451506118998
1411720,418.5003520593708,1573.9634141365177
1389411,97.93662337592644,188.3803536508873
1431977,17.884699688381847,24.89131550101461
1407188,28.570715136333387,134.81675158119606
1425844,16.926186029895664,148.36427347070145
1431254,10.37293212761091,2912.089658967362
1445530,27.649697897270023,103.45059237970472
1440328,37.47112025688487,85.3079016109024
1424370,53.540597192561535,147.8011698904027
1447248,47.49480934988624,51.73024408043922
1453371,105.4683610071336,219.40237148871836
1395460,175.5127429512845,419.0570708219561
1448767,19.127698127977304,110.6487205399222
1455383,39.61493442804392,105.20473353492883
1410229,42.07020848348156,59.29703312207884
1395415,49.70421705010026,139.4231889929444
1450052,108.07623045992536,250.5683271604047
1400985,1053.7423935447164,3123.5073019661654
1443839,67.25256452451501,104.47433749573273
1448979,217.554522735188,660.8531761819672
1446976,13.881833515502686,34.84969849746982
1465077,325.90855462276363,1141.940438263891
1434913,216.2801788136975,778.1874153007043
1452198,126.73188273436824,363.2926463237746
1432756,24.97081506965657,138.70169409893646
1403507,106.92373333535964,444.0391016168625
1465613,138.5137060766214,361.47095593066064
1395968,46.044774843740655,221.2035732847448
1397733,20.18914243269035,108.86023771168264
1391484,59.21001628674125,179.6783931866237
1452650,108.66117603169596,217.67442787493903
1398455,26.297194503293824,68.24625283886338
1447175,34.96887713227759,75.64085940905633
1431714,243.8248806726713,720.4406972407335
1404685,135.62823519115585,308.90823244226715
1458568,806.6695264245096,3501.720431211201
1405378,43.715434588525206,123.16495685050452
1432401,217.7396487662737,509.087394811343
1416238,38.74143967515014,79.10843732043563
1441572,12.622349345159748,43.81094915431987
1419348,125.22895447190822,452.3166889262427
1419764,10.765266585989444,98.72036478175232
1432632,30.843422112123008,72.46562125548354
1447724,109.20668720816349,606.3713054081005
1394039,26.093425182112124,91.24980396287847
1450486,530.1273121015695,767.5025596895862
1400205,145.7907528070906,376.6997289116985
1465223,39.3945642882422,116.48902234674048
1397452,43.191704288084615,48.123939384009226
1424040,36.1378410948729,323.6807808877944
1449523,10.654911316383572,22.65341501807888
1447201,24.21204262464639,50.78488060353951
1432495,52.97919954605302,136.595609393401
1465788,385.91973001904654,1095.2491192788837
1410839,17.138024916214412,33.23512938038816
1449511,64.68170855261233,141.3618246548774
1405707,51.41060857205431,172.29285091773403
1436270,45.75554165636236,136.73597246913644
1447963,58.35701054210323,150.82771066704728
1440978,111.21679799579977,357.96285393035254
1415453,157.70572774853375,332.0944542720352
1426892,1118.631598170046,3643.78192918084
1445994,48.14895630291989,109.51729411706675
1427062,173.3604619865228,412.86890342732806
1424350,58.26905497455977,156.66120826144683
1452405,146.42281126983764,326.2362633122916
1446648,35.60362709113378,105.87538842983626
1450507,51.44019648553486,138.65280614830712
1438662,85.61920014072662,212.49569656636476
1447043,490.6367142263337,806.6889230498465
1390235,10.73309078140846,45.60720905916503
1422548,278.5574413907507,698.81648766815
1447458,105.30830493080975,231.52434701958208
1389088,154.60119662579424,633.6303884651298
1410661,37.770478778747766,127.33072071633316
1463537,189.67834797336235,469.4473735870722
1410404,91.94518838137265,180.3085125643268
1428678,144.24597708337038,385.6565470965171
1451881,63.492714862698485,180.41563745373568
1448323,274.2970811247204,1140.6584579605928
1428078,38.61632530284531,140.24612770263133
1424400,272.0021748969946,768.3140958065442
1399061,17.16672930243992,57.39394876250936
1427927,23.09782057300345,44.44276118388598
1428568,112.66174712387809,257.5491779006892
1411394,51.5055265216839,105.20992928696064
1449216,40.19609666754612,137.04338725523672
1422541,107.0300152527835,249.35145306651737
1428294,639.8574102139986,1441.3630382713964
1389449,11.073115354618151,224.4149903325321
1428408,58.38083400818908,100.6241764207386
1421938,75.85482469718002,215.3710158041348
1446293,42.36970660447083,112.94137507767276
1407932,97.92668761197642,260.9317223219278
1461144,18.649564522935016,35.25014310271983
1452569,20.232960755081717,124.53957345367918
1438746,45.67763949952692,117.04888485165608
1434258,47.63976666819206,110.85021322762708
1425102,11.75689589032396,38.61735777933772
1423078,119.02702213976568,311.11557910257346
1441194,13.54525378197353,47.67419402675202
1402904,65.05973725512578,282.38094194505976
1400533,86.94824040371877,204.74602834832845
1388771,11.222058743748898,48.97136995318101
1419094,58.47904105288523,128.5132329882371
1396438,189.66451873072444,513.2645710790783
1435289,81.53362532521318,232.79229591470727
1394715,245.5232413079404,762.2012186848552
1418647,11.351281721637273,48.13871791240216
1464680,18.064478806204264,37.42361387782108
1399563,12.231499863996422,36.57070186639484
1442416,708.6513709768252,895.1701823931415
1466091,44.07605728024425,130.1923858954509
1452701,298.0656414717686,630.4436065881707
1409306,13.600705717410976,40.09923541286236
1455802,48.10989473000338,120.05619562351042
1423889,130.45094141079457,304.7680277398053
1410994,723.6097464047069,1686.405522523329
1445531,19.73035471232369,38.58388424728077
1455897,156.40526208353654,455.6836698542225
1406335,60.474962008131165,103.14617785559231
1418597,116.14521381963038,359.3868263486679
1418000,21.904419457672848,71.7609648410603
1452976,32.19668139950957,80.8483826727055
1462864,196.19174696908223,561.0489356349632
1439304,64.2233487041394,142.96177553057012
1451125,59.90880525952783,178.71512660717292
1426555,113.58103784811011,238.1650939221116
1393321,134.41823337185977,430.5812890814657
1401710,33.48699125246564,174.60179948623576
1416734,44.470472050890216,503.559015898545
1436426,113.38006214198673,333.42695384265403
1441054,11.39561510929387,83.48337251669008
1396450,18.816051010433625,63.33964950167524
1413099,71.44006089542123,160.15299973567176
1459106,257.7810776436506,1305.8919291049904
1450777,37.69650658376107,100.02941391847648
1429439,1544.5696045647746,3264.8866620465674
1398468,314.2160315344327,769.2305594277069
1410787,78.37990790550838,203.85059444479845
1445547,90.8094369490146,213.6680204069397
1404555,194.27916345940744,399.7700542958918
1462937,210.46764131428623,516.4720764540748
1465400,271.76338223883727,535.0839196887413
1464919,52.18896748761579,155.503466098744
1388651,1031.762082626403,3438.5106938881327
1418055,563.019239622957,1309.8418474581574
1409265,72.64596772735372,122.59170942084675
1392938,51.63193277326108,91.6824763551474
1442463,58.77228265325382,117.4333794080419
1428682,244.55310903433465,692.5884274693983
1465559,39.30286119941844,114.84986480884066
1463776,51.17419312783516,132.6401026978548
1413191,31.030208051879924,147.0713343848501
1422136,17.47665500905481,24.08950337389346
1398613,53.90339075411617,155.23906292757178
1465793,71.06048908737519,139.28445481469848
1446118,96.732017120817,174.7148356272332
1424699,170.91895575634038,379.03609086027006
1417415,63.079086212047926,203.7903476131281
1450579,114.8302308514121,365.7746130012462
1446362,298.9281768977169,1931.0738109709623
1450261,14.761354933507072,54.13742520066703
1420713,23.624823876607124,85.88513467392544
1394562,44.33848225951933,95.52187504464727
1408069,36.07208177877106,99.24254768578386
1387855,14.909638770491048,141.30723656772918
1397999,12.302193543117438,64.73592098182888
1426348,28.90895500738669,108.06841882952016
1421485,17.109551605130985,51.33428169175546
1406594,123.764541079525,227.49941644311
1452338,44.72923228842125,65.51271501204248
1412670,115.321815094328,358.03182803210655
1438272,18.573635329772276,36.532362551244255
1390663,20.200267682317303,32.74085029834066
1433291,98.2927045803758,168.79390110002373
1444554,163.03406997780547,320.87600632775815
1409151,290.7161160698448,1144.205036248057
1445410,75.41492266691532,242.6717872302644
1401888,153.52865210329466,402.48134585506114
1432957,17.636818719745722,43.67969921002111
1398356,130.82579709797875,303.2342840473703
1413879,14.359642559751016,42.08759701171414
1442664,18.70553719334756,28.693596664229823
1425502,155.12440288856257,953.6058822786348
1435006,158.13704709278426,422.2530696741783
1462993,19.62623665996672,53.22764331199128
1443166,31.614841681376937,107.38659727387144
1447888,22.980569371115653,60.07003529265568
1409850,41.84675359159535,71.697882766768
1445154,72.39306187348646,258.49651359647345
1463502,40.32227947535716,102.95625807386638
1399863,111.9538726059915,397.7849455032102
1428168,477.8742789497412,1727.2559001890536
1463949,10.556378024834652,12.509826382584208
1427240,214.77375266021755,444.54277988450224
1465732,699.7679687333957,1773.535756021712
1444556,47.66195292096257,60.1134337832348
1424471,260.0254464744315,651.1783045606221
1442343,58.26019050937413,161.95797830041255
1393631,77.75777076617065,273.3508216788233
1388696,57.63218003456579,148.07912864889178
1410193,15.462855174282282,31.346585459778748
1450532,45.737766797242045,79.9941818043518
1415356,83.84101698912902,208.53713815173583
1425967,28.69077509294682,41.16742800684732
1435066,28.10128491852322,63.510600668530174
1391871,16.132418109825593,39.716510901066606
1401799,1405.3720633041487,3523.072423908002
1463887,10.77007160799611,37.33639851187916
1453269,24.743683734098664,88.84119565375197
1466094,21.42902348378903,61.02294184862748
1439344,28.795665472162888,57.5115679994767
1425115,42.0066044918578,97.67477838235668
1450980,16.29292303508843,45.96992782344712
1448045,216.24486975933627,548.6835324886747
1465629,181.62340548967995,729.0123979303374
1447890,303.9713855834004,1210.982653013666
1402060,76.42443182816638,156.6833901711962
1465338,55.203212935130544,191.2515014757176
1411919,19.857444489146197,41.90152674640005
1392197,302.8850430929118,810.9087631634374
1437553,43.80909759264544,103.75644453897762
1426083,17.36772095701339,55.28664942265855
1393091,177.94023224391665,482.0487412383269
1406720,179.62299598512897,683.4426498827546
1433230,20.71104393176755,79.84600145248336
1436148,147.89838336616478,936.9263425915656
1411768,167.57322881010373,320.9169330981576
1466220,97.28379148901764,328.4780961107266
1463857,112.91534122309132,242.57850131744323
1466067,12.78177480925652,33.68928977677823
1446596,211.9311665339431,705.0002431521699
1465577,172.63421321064106,357.9994375483781
1450161,24.27330886118505,73.36805180955189
1421197,290.07346310313693,662.8450174643979
1430535,12.573325173403193,30.91411439581068
1446745,11.622051593683834,63.10897203334631
1394659,12.671040620622032,33.11032233588976
1446706,59.023695096580205,175.5708781603522
1435442,308.65904113269136,597.6746096317428
1437969,419.5252242498007,1334.2131456459692
1444426,268.87495024527954,622.9997889532459
1395310,14.125055655426705,94.49671400862826
1453142,21.357647265636803,105.76118637764608
1410089,103.54490272131136,350.0245472492469
1440298,12.597302400945894,39.27131689670068
1450433,96.96700164821704,216.3241732654277
1452641,132.453083144232,302.12109353510505
1442121,74.13232100300857,115.13765100571
1442730,61.98541217059704,164.63510767885188
1388241,29.95551032507341,98.01951328998588
1459280,41.15632762560292,111.9759671735222
1420360,114.07036364439348,273.59644972946774
1403414,302.7169380392171,622.3430824282473
1393570,37.9373855027493,156.2400264468581
1418508,137.74474379279454,303.55385329352214
1435749,128.74380719334349,294.1986899838122
1446282,112.4741674048062,189.3638912059892
1442571,21.60152053931294,74.4415400651766
1398460,203.6547492685839,810.4672833716754
1421750,39.08876003890814,124.33148382983202
1388574,107.0782205254646,141.6843882226172
1403170,72.14630752543088,152.69112539036928
1451302,380.5973687356051,478.6634906789784
1446531,415.16531593394376,1086.0099403592162
1436310,93.4371945375926,219.8111516594588
1443305,65.00176919043332,229.19769396138443
1390298,44.520002588630376,121.3823746495444
1405721,81.09432991710682,178.89561778671427
1408470,104.00862857258264,226.8357891408601
1426488,181.74989111344723,441.4834353169683
1459170,11.945986753089048,25.4489054786654
1416626,34.559339745152734,37.84090765977816
1460308,89.39398541181194,203.13718783068816
1420387,12.98892419387333,25.82606036637962
1455602,18.119297780330523,44.06906582993554
1411429,154.2756049833533,485.1812824488591
1411086,129.39354316188596,441.204542081514
1447911,50.3822287479605,144.48744427411813
1441259,57.35612042411283,309.67621425375245
1464739,63.6400966419278,133.67368499543204
1421898,144.07987867526742,224.07382587080463
1393513,143.480668568534,457.130258230419
1424945,57.257523490547975,88.51945304393406
1450280,43.04428995435961,89.01590866400359
1445129,25.874600901502784,118.94785720548911
1394642,75.19855493436494,367.7868714264166
1447931,23.95039474644255,58.68926598945672
1451514,410.9301033959097,1098.6448475933455
1450266,22.09003751788128,61.50480063742917
1426256,137.3496351304106,286.5053223444514
1423433,15.455529389734242,137.62925703078932
1438461,51.95546932621258,102.3929485999663
1410024,1592.6477104742346,3395.2523264022766
1388729,137.79676076815724,340.92466891449044
1407275,69.54207848856008,132.25923850792338
1447943,30.09615902507164,140.37609813262918
1409285,276.4963046513793,753.2948200486176
1429768,96.23268235419808,301.91335072041505
1420763,47.69143841612497,180.36401779377917
1448194,142.4981490389871,378.4983017225925
1465156,74.4631002069354,684.3431679018373
1419450,94.74928919354186,211.10113546551725
1465768,37.583796468072265,153.09373773331
1390355,77.7135095771051,153.60087862671747
1436065,20.64021735533448,82.07365781741376
1422285,28.18403223694056,286.7327920785433
1417358,11.260180040360588,73.92951645709778
1443663,91.97321795579349,305.1055309299357
1430256,64.60888068636834,150.22772917781543
1441822,22.240907619736028,164.42916246293655
1402876,83.38929292001136,318.27732022834067
1394177,431.7224538647065,874.7453139062484
1417712,215.1336450426625,404.085203537228
1393639,13.96721815799724,50.183491719109846
1451598,19.441994132528485,100.42684180813754
1461161,55.990937255237,126.31108434767356
1441116,43.34193094447169,100.58615613679692
1437643,10.53098487464332,24.162778342869544
1434413,104.47174240483956,310.4957544192152
1436410,20.12068215339756,140.18839115945437
1459696,26.9315649254822,90.52005739874524
1390592,170.42258473988994,454.55069179200206
1414721,214.34077418695148,343.8533674400027
1406268,20.06696666960357,80.7899658133023
1412641,39.49772769383886,96.38378681141876
1463285,378.7990595003839,1060.678490980309
1439230,47.479891642318975,200.57288778057375
1408295,185.57396678358387,429.3608936993483
1389663,27.441017933924872,97.25773952687928
1445369,37.238502840837455,74.3894232263861
1394412,21.234212827398945,68.21791439613102
1445899,244.83672854753436,934.313167909729
1432298,30.9796059147173,65.36071470380269
1410469,107.1688748522654,294.84614769572664
1464802,63.8168965024404,144.8440276200463
1399779,31.484768520411738,75.02937468352415
1443223,89.84183094440584,73.41224648604305
1439832,42.94357222329042,85.98769136009014
1407189,128.5460590162301,294.4898309172057
1401568,112.47235968907184,317.0247380452971
1451989,462.15477476538416,868.2269379967038
1444070,138.47708929158532,443.5482001481752
1397014,94.5018411363796,519.0626201381214
1417000,373.9495416892246,777.3056154286058
1413640,12.293448541675003,42.79886864467938
1447313,14.135602526469778,55.07831180198061
1426730,27.90611461131792,241.6397643666772
1452321,170.8834822704508,491.0937497157828
1435716,98.96085158683248,280.47447868036426
1409457,13.595111268177542,41.31789428466024
1397132,69.3526657640027,139.47443435168955
1426335,74.91368267823631,259.92226698825203
1436643,133.3962212087425,579.5555625191047
1439562,87.34145396071054,192.84546311470743
1396958,221.35815655721623,565.669051525189
1412399,319.554971788882,647.9134616193378
1409242,94.02908434908343,156.13444659935524
1455105,12.140419318728744,44.95268545939456
1426092,62.88964543598068,204.28580592753025
1407713,132.0140036961058,330.8895535580355
1446371,66.85211578621652,140.3979753267532
1416406,42.18786215632044,103.96314376505546
1408967,10.19935088148542,22.30267312038134
1421231,17.76923261318679,155.97603971307294
1447136,47.36679027476305,587.6539595342712
1392810,42.53222498000445,222.7594409442784
1398416,48.18263231266195,161.66418860586825
1418089,15.631560720237788,27.612427047829406
1421846,259.74324053496514,679.9418493006502
1436028,533.0661949306826,828.7073875042516
1428724,40.66193980057792,104.27412977445006
1424936,48.22071476382897,43.8130137858469
1426754,113.17194575219686,230.5070790521201
1453220,67.40905515749697,126.22360456726696
1418332,135.82481797236986,296.11044153992657
1396661,44.18778565792547,104.60758949197614
1430664,34.38847560478054,90.1428944065562
1417859,58.52620948693298,147.47682928605093
1443265,19.384104329987373,47.729838161763055
1445123,171.28088088479407,578.9151848380715
1464431,92.9906366862573,305.4013418104835
1420608,66.56848875458792,144.7181575802742
1450831,101.10295229912232,123.70835093357276
1450681,118.0416190483014,303.65045335263363
1422889,235.0672711230125,385.20777061144616
1391269,14.63013841855202,56.857355057632375
1433788,162.62703289783025,375.7072638184467
1434418,155.00222281907222,468.6309643984784
1446361,35.448644547970694,59.20491927528613
1401587,257.4069870502166,576.9020764349655
1430678,138.94347202466676,428.3889137409736
1418159,136.94989139712473,309.6859983012263
1422500,13.540067054213091,54.34339840870228
1405626,23.577653435263773,61.1647915017514
1401081,241.58244747578377,679.058300098442
1425487,125.40820125358572,609.8448211539513
1460852,141.21462926081395,406.2918069053651
1419590,20.181843404637853,151.4243474060994
1388557,19.214359079276967,52.3815945363956
1440953,57.54076382684613,370.86153352230167
1440677,12.810672405020258,44.78366940682792
1438751,91.3134398171526,282.7130095111997
1423542,74.3650960567148,140.7406620446234
1408232,19.75159263180113,62.18159163426092
1448481,40.37891191059544,114.22305784087504
1444873,22.24567793659848,40.71646192849047
1406564,15.749922585941263,114.02351043227549
1410508,1143.0515398055195,3761.184527629907
1392961,75.16420673441806,104.2191773659992
1396700,122.69209220623492,401.5929271294069
1413756,23.07687585048758,40.19922701532476
1417763,106.40871836136552,2565.36766447118
1426805,58.19686727629573,106.33355076247707
1429627,134.93265340673338,730.8428013215571
1436150,24.44349860327171,54.619826965497886
1423402,413.7878367254468,1415.155415861498
1424001,32.18450265560637,146.71211153594083
1404619,50.18118499133123,133.78207537239535
1434688,367.9491097334955,1863.4417492931584
1438687,20.703820144958403,44.61578259535036
1452269,22.669442176572968,67.77219408457863
1390274,50.28234227063931,145.3839845311579
1438630,27.99208652010644,61.112920021029794
1438525,13.283353337144952,49.343531205885085
1447026,188.5059939251807,545.9387960722343
1428784,42.732257092837344,93.9886312059114
1403139,26.75797723297463,49.09881383414083
1410792,694.0663684214476,1365.5480594851035
1446565,417.0186513554119,6075.642120498889
1397547,71.80827160336867,181.74376557726467
1465204,21.27570924744949,42.72383072649661
1458211,17.521557454993243,41.985853297643686
1399326,11.798772244074131,62.034724577767584
1400331,20.44115196588096,44.51785996761849
1403413,78.08878670880043,220.58924998791755
1452721,210.92748491058745,554.7549109013559
1434769,30.618414912279096,190.699394141805
1426694,422.38048443514,1454.6981538983537
1397892,10.4663835272597,24.560204843370247
1428389,61.24100275816903,108.66510165268532
1389536,172.93244717937478,525.0835139523733
1452184,1276.3538442511356,5587.101741922281
1429571,112.85417638941036,304.2281967377273
1421513,126.83298213687137,294.30186497981003
1446232,161.65531454064575,547.6907451359982
1412545,192.44182686225267,444.0996179569387
1448958,21.106845980571848,36.55985202010706
1422413,14.961157855228048,35.98992154706884
1419899,146.22600696128305,367.0030184389573
1444219,49.42858828901784,85.87608756547137
1396554,68.77510966432637,165.03766872131612
1462506,16.507028943034108,70.05434148719695
1439387,55.76434509307195,207.74202175018377
1439611,74.29868195553172,416.77162935548006
1389357,23.63486604698563,40.35053031605659
1391074,23.199304570708208,56.16567349253877
1412282,233.29919037409783,575.332710938971
1460906,102.20634031271608,547.0931721059433
1426494,30.425360121910465,140.9176893845625
1410495,174.76247596859335,422.2855826045766
1466267,201.22301051487025,468.2441166400609
1465954,86.01244423415406,170.092355019885
1435800,195.02805944950785,269.5499515474884
1448751,378.9712008164789,1072.147094130908
1412567,22.17866536424433,59.7463227731065
1426193,335.43275657133137,1059.1709831971448
1402965,25.199928180913098,72.93891546577672
1427186,203.5302569592156,194.8297569472536
1402885,616.2521951181348,7343.6810488863375
1465457,385.5058262607583,824.9124397844256
1446026,35.03810422326463,99.57521659158328
1464267,41.54556932745183,117.97758669158056
1401253,29.0843410561041,66.95372980664409
1406011,85.10744095567341,209.7173389270287
1431320,77.96240146240048,130.93796362089847
1428163,78.71067113079395,252.49708500777453
1430869,51.66779707255408,85.0273879687467
1402853,82.1835167258213,230.0544520533901
1401756,46.59377741890936,129.25494116207474
1461168,320.14196040326937,919.5070479554151
1427260,24.9624694897048,91.31559772660286
1424670,78.31750877055474,192.55086161066225
1422145,44.22850631797065,121.19458107704882
1445272,223.56805413269188,540.9126361110068
1402434,21.91805997482277,43.5586773483604
1452512,118.16395336753187,163.8284616216452
1446977,28.230563306043727,63.84618342367304
1446074,129.07822389998486,325.65081584131894
1399654,220.53070243049564,548.9287657967781
1448724,117.84360663614336,425.6095833559333
1449203,22.267371463452857,101.35631024791172
1446208,313.2739952409992,603.0920906043344
1400958,204.27566824290452,531.0549967043611
1401055,170.9014187042655,270.29218882476835
1418020,37.21016979301971,70.4055966705719
1447867,204.41700065749865,413.2566027702107
1433942,100.97598128664552,386.3100606436619
1397011,90.61498410335068,352.5361800093107
1435094,74.82692451739803,141.04205546937027
1429603,65.745243197216,130.5004119951111
1388364,50.03551830822489,95.495681936597
1398068,17.608345665605285,76.48556236659861
1449837,60.722802102771794,255.63890105359508
1423919,18.748711157562592,111.90515227049237
1437998,34.52568095300785,101.44306154235252
1423564,30.36677248353364,85.52280120014073
1428444,26.815946940076262,55.43803743278814
1423529,26.17421148260202,87.78603286171679
1411245,209.3501720182799,701.6056221968306
1443376,347.87807166720484,776.140176331821
1440356,497.0110591043317,1101.6109572369771
1422713,112.79869532062524,146.08973696515062
1439694,24.981622213443035,50.7391503744557
1396546,52.80448551745867,132.99565466712986
1441128,1381.745078405046,3446.3012667416133
1445723,53.186900802583615,202.5080400466414
1451056,161.41563020141078,419.5703629500735
1432737,97.56138211130356,225.9007670304739
1445878,34.55614435743849,185.1416726958362
1450471,15.686445020692243,90.4835171633111
1434625,68.0468006872014,107.5448671645742
1408296,35.04463352181719,510.3048049328953
1451181,38.27188036655331,83.32534040499016
1395662,47.83730024037087,123.81563556952882
1443909,83.97722148739648,207.37266280605527
1446728,75.28922932742002,180.9096038945466
1424023,11.85315454897965,45.43453415804517
1449313,22.913095836145683,77.15658006807693
1453022,140.424316820964,293.3023344213952
1464260,84.93387714351584,182.98135359284765
1446603,180.2748844908122,603.0389688487935
1439011,10.823934559187617,48.04061698583256
1424956,46.33039614575088,356.19491230441446
1395729,175.3966878747668,389.9257527625825
1463933,88.26939707472192,204.16151309685324
1413251,134.98198452629768,341.0397548765896
1418366,42.62029297159397,38.00116989088573
1446440,229.16219808405896,499.4255538617552
1462555,16.060675713945066,78.95957408441399
1460330,862.8515806408734,2359.273449122866
1444307,262.8728511366347,517.1713652951978
1400936,48.08619978264234,94.65474972499602
1415133,36.24175785627393,101.8329252055116
1451928,18.1977486934346,151.81837339518668
1422345,136.45739114885762,333.6552398561143
1453434,11.155850961660258,60.074088864293
1400369,22.95525383545798,752.642337856527
1433820,221.02420597483265,642.5784966292015
1413311,164.58272567468828,328.2120311248379
1430558,15.82083543374922,49.391233501726425
1392853,26.576980905538555,62.40957491592887
1448710,298.04547877984265,535.3530661576816
1426751,43.11080728929385,110.65405502553024
1397220,260.44911586162925,625.1687029621891
1422068,17.918960755573337,55.37741970413591
1466645,87.65279080717843,244.105441699242
1455435,215.50777063263487,368.7840401151184
1465447,10.411060424933964,30.63905218064844
1445959,202.78762688596336,478.70981964110297
1445352,31.945155611619523,105.67663016143072
1397256,74.08385412461047,132.047503448185
1434480,815.2176295078563,1886.8453786048017
1446910,15.135997161194586,25.847278431086348
1444096,29.073713930685592,75.45660220976178
1428470,38.018700710835056,89.69577973957614
1449708,127.28275796892748,260.92022247102307
1408409,218.04108654541864,685.9145360107071
1424393,60.13066018054541,182.70411886013267
1460708,112.64356344135231,348.18243863521747
1460625,228.192392885489,508.2844603652188
1398050,238.18893657627424,666.1514964036088
1452167,32.6518401154814,81.51265598686625
1448213,70.69586567260181,225.81964887815397
1409783,15.381028145801526,152.02506204870363
1437466,69.86390254912497,447.9602979287774
1391169,113.29609454651953,247.4179841514284
1400366,887.0842127132354,2817.835715290181
1409386,39.49052905084464,151.2754941951513
1408785,30.794941930866383,95.89503123758634
1452011,35.99709429928626,133.0537239630414
1431625,67.21519084741468,162.82398246846404
1418150,14.71617768108129,88.53287758573795
1447538,24.263530963049725,59.27050255662771
1451487,407.3279023678639,1260.7276057436295
1417921,110.72041235003252,159.41754263634402
1444919,82.4044554196309,291.6312409300087
1440688,180.91926186944696,498.5967091127807
1401013,23.104952083555244,46.6748723269695
1416253,1201.2078203753224,2746.1229431354586
1445877,40.07704766287147,68.98981269321546
1466048,75.05656932813731,194.62781345192064
1397913,46.00584870698891,29.959026076437056
1437754,41.65065701181944,116.64309558393246
1445678,53.81820247984888,145.10443153424634
1447877,3471.156850383991,3645.496762738877
1432729,86.40785926129529,398.1225358697064
1403612,37.87282684861058,104.57168866094786
1400666,25.20569268956281,70.43948388003946
1447737,109.86209674754998,243.2620165029868
1463370,347.9232631775945,826.6774721996547
1429967,178.71792505328315,398.76971110581735
1411902,43.74873045992405,114.06545760730236
1425394,35.799834640522405,285.41350121723787
1402580,23.46564545979324,51.61393969452118
1431190,127.47271957147746,313.077636206636
1461045,26.45529898553863,67.63677527627547
1424962,135.40678283548002,286.30027235020964
1389946,60.13427362279567,152.57893008648642
1395620,19.90179109238145,62.89743219501479
1432968,25.44165613669078,126.7186275530976
1406702,63.07479266302125,170.39700592055314
1409503,81.02973624007728,190.4681215972718
1408748,262.86946471924585,807.000398670371
1463082,247.5623999407101,723.6674747409185
1431253,27.01124166297196,44.59166906302218
1434874,24.515108894522488,72.65288141319526
1392205,15.288577771777002,32.06306937158893
1409468,34.55866077319675,132.83211545649863
1444003,19.75595185124897,82.36192901339874
1429475,125.20282470177754,265.45009781462346
1426357,12.93803914052468,66.55989224258808
1465022,26.64793724520932,78.22463975310332
1429073,29.526448667284395,73.25292011392388
1446091,19.341841390760933,45.83591676475264
1437683,244.68715696324367,635.20416519985
1447678,85.29653602706938,172.9026353485486
1452135,169.51668916227598,541.6870130446349
1465816,12.907575295919209,101.25893173352456
1401250,186.26592175340903,482.14666377325983
1453250,63.4908114116635,250.4267776931008
1463512,61.37897060800744,229.3971539382124
1446763,48.56699175500133,112.5542865620132
1464956,33.22768741285483,1132.138606927802
1407702,113.32855307840876,244.32200789206888
1431452,68.60052717232696,137.01974743726657
1451205,28.19099439275559,90.5665693149255
1448390,35.70499996778553,109.9484798240599
1462696,28.20621659015343,79.58679338989879
1450953,870.6361274097561,1696.1343883876348
1447142,45.49213702902332,90.16157192404135
1442458,52.98443112001535,119.06314700321909
1440115,32.471539051390906,42.91678834931402
1429507,71.7739698530236,198.3274836194516
1445397,20.697640703771707,63.47809380121591
1452812,132.32940291927395,273.7483183037277
1438876,69.76614284168049,157.2317224546747
1440603,101.80909006455111,331.7933029074445
1445869,1145.9804692505988,6224.025591941475
1443337,51.974009284748085,93.12293590633972
1445560,70.77492784579383,347.99495449031355
1416985,305.8617964871421,391.1129909872666
1451175,222.9646343632737,559.6773102008793
1410122,14.160259339770812,37.80871424918786
1465305,14.55129656018688,31.662008362882325
1436681,28.798477090787276,81.45305023389201
1398634,78.55451691690902,182.1090572916304
1445575,46.41665852980324,144.27739403571823
1434430,152.79160461474865,339.91272896773904
1426941,15.922896005097089,58.71117513261862
1449785,61.529105499397474,122.85554348205824
1445485,15.664374757788718,55.13339638637738
1425186,51.63677451996878,119.74780548840876
1412683,142.15397375686777,301.43125476836144
1390485,46.19776432834541,115.21448928484614
1415686,14.644209139260576,31.28916681567613
1459032,76.50947380594852,173.59560376293365
1397405,66.64536314244974,229.2984418968714
1462490,166.0230289823583,399.2221063406464
1455805,386.59725305359166,787.577032496992
1391334,257.1484858218212,914.3282170455146
1431411,91.09212809476152,407.0971365402249
1415769,91.03531665435088,241.2851580844624
1446927,102.10151877934273,596.7525507068935
1394530,62.54333032560032,113.99972695652092
1419822,662.7264570071765,1002.8413147774828
1411431,20.69352113304137,72.36425810873062
1464249,209.848046235771,1013.4964722347634
1444890,46.439888197199,190.70804656616505
1433905,41.07538070983655,71.26980186467765
1444760,1574.9011272110915,2944.0715608531978
1404888,482.07956325549605,1293.521205960652
1445020,758.2476858438645,2137.5191340685296
1413907,24.245601086504603,91.5558465839861
1401720,77.39594231092788,171.92520108950123
1398096,309.2539447953459,500.3424411375712
1462553,28.95685027733301,93.64427930787718
1399656,106.99444689753165,256.5590261715603
1452753,130.38918425245632,366.1943962099071
1464622,114.96874176615871,319.8828270881388
1447173,162.35646391342854,403.3393650225349
1390677,66.84101973545809,319.8411730632597
1448112,27.28875118563318,60.758492986968896
1438085,27.450086304742868,83.13050676144212
1447193,88.57406946190088,243.966408172786
1448760,14.785979464898386,189.5254499098354
1392927,27.23111090810441,59.3494798839598
1402662,60.84027210697059,110.82317182425696
1449370,57.07132306189397,76.879552034676
1392783,31.30158493786683,107.11531891188316
1403993,29.58935891668,105.08132260067136
1393037,178.38956500393874,724.511092955627
1437954,21.888228916344197,119.059921179776
1396087,190.97499749208808,614.0298083950327
1425806,539.5894745554092,1322.4447777470998
1446115,68.55656740852008,288.2785970165433
1460897,60.22636027035757,129.42507407358033
1407797,64.09976156537516,193.2648493258819
1460732,121.79995919060984,241.80021903757876
1463156,12.890630827588568,24.942475081455537
1424112,81.89093512511448,151.77943915441287
1439702,15.17158683177168,39.72964912985855
1430267,48.38305709686969,112.84214498471655
1431146,52.91538782889194,372.8666849073572
1437299,21.850534423192943,54.96460495750138
1398964,63.01386967503189,233.42822115964347
1414302,29.57686695704892,61.80307716300458
1457329,468.38326318511577,2553.8778022673814
1421995,113.7073474307875,280.34511867349875
1389560,470.67617806132114,1692.3762514062842
1450791,145.30937432220855,197.84098012199783
1452679,231.30971093637623,544.9961597482672
1451916,20.806985269535904,84.71883128457775
1438783,43.37199690771061,126.85851250314796
1425402,31.54872546254508,203.6572818316896
1444828,23.007237885364475,75.03765520434234
1411402,38.0302154359727,89.72196483979243
1440336,51.48873089567586,128.13870838652846
1434948,74.24195402053465,236.1651095552607
1447569,11.27953614855723,42.75950518321025
1436051,73.23287237977566,206.30209852193255
1428181,70.61666953169369,143.07835367287257
1423723,55.423868384811904,135.30083638082107
1445487,49.70924093812968,158.1727920281823
1444973,435.8690486191272,992.4758153092984
1452117,70.37967854866734,164.36575943229903
1459775,229.42023824422031,430.8938596439535
1466143,15.957809251715926,137.19651981725275
1402823,17.247029860863826,60.32169124191229
1411830,124.9762394495145,348.47778617390304
1437200,70.16117905835748,151.55619970378112
1408037,110.35724735289874,278.29991522210884
1426764,82.17115528511535,218.82472156513467
1394358,48.58105819314872,93.3527417088713
1427219,25.2313771357764,63.07874283763967
1450596,114.39888051354728,285.8044319574198
1437960,22.464042285589944,48.05007216362147
1464420,74.96000688300245,103.9455468343434
1390590,133.07746983716433,276.30886407617226
1388456,164.34862888844884,402.40300283452456
1408905,84.26840982456122,194.64360443538203
1466681,137.05454172992307,422.05991204888574
1463828,69.23265880133641,156.34979517070212
1410222,1088.1925078963598,3562.5109406850565
1423894,59.45204544044248,262.49967775825144
1396929,95.80981469697822,353.5524827130821
1433838,205.1616945554561,291.16685263461466
1412702,28.41052250901721,237.7356060931422
1429750,50.96173282881011,171.5879461941112
1448165,148.2087212306002,425.7860244978201
1445507,96.71996739910976,152.2005021243966
1431995,101.7081097663024,262.9077934894546
1428080,91.19890037726486,356.2865221908967
1422670,15.71243762999416,43.87303416229751
1391960,51.90709540780824,134.74083540428808
1410716,111.97408575876304,215.9574888221591
1395996,299.71695785680646,522.8442768086202
1463105,29.184387305997717,111.29059580380432
1393001,25.942576407922544,101.98293518224943
1406742,59.96657957018042,171.03441677968894
1449870,34.26084272012486,99.8421447692528
1402620,60.77630086460167,179.6427025130373
1438573,47.80117268790414,103.33725808000013
1420917,70.57414916789358,167.7342987879595
1466004,34.39256179745597,180.74824593152164
1412820,10.099698678870263,24.48248743755873
1400718,61.55290373734485,127.82543952862574
1430054,28.239981848275587,63.43704912094025
1387985,104.40777922661374,266.23046598131174
1445448,28.467288882571868,1477.2248690094202
1433102,100.9440184101317,165.81622087781705
1427734,16.34128804948931,133.60450117182123
1429745,60.030360480686845,92.76712960105908
1452995,312.7920052768845,789.5665180099112
1459335,20.71997481828591,69.01443126248549
1447418,141.12258564429152,1347.0278260811815
1416491,164.97545522716493,362.19808385673866
1452867,99.62458595700176,270.2604778147156
1451343,66.0718454569396,179.28829850173045
1431164,30.483762309158752,57.18846509453506
1389033,96.6392458838388,212.07141836975708
1445111,49.04078449091274,97.648429527396
1464983,22.42923768040341,64.47620248290893
1398131,42.50082832244637,111.35463921746046
1421163,43.83236315168896,117.12970174766323
1415222,344.45134154556183,432.788787115322
1385021,29.456944838609733,86.05394248738563
1449448,108.63835796891516,135.7478286738394
1401175,16.447801087129484,38.80843016289882
1459080,431.1855571850541,741.6833082005255
1397802,28.15139230290996,253.65530138733035
1399232,39.863069147943946,112.16145552215497
1432264,834.9537010508103,2038.8525794066652
1465801,32.648514526223344,86.48586034219983
1463832,57.09267640876557,202.27677523402733
1400433,138.92795594635703,180.45722009845335
1412229,28.747472504337992,62.001794556839855
1392122,30.68555638176551,72.68996883911726
1401120,93.88472851941432,325.4656911435317
1448666,104.081706446722,135.56813576425753
1465615,82.24583522323,120.7736886578436
1452359,48.61041056858308,144.62693455423286
1455438,450.51561560320914,1600.623110455398
1422040,12.738136243670132,36.71557074799425
1434010,216.46244415458253,1171.1698544928631
1435986,74.63512043699036,622.5730517093865
1401804,65.25271917369196,172.0798728270759
1438760,57.03036432223316,150.84045895099314
1447945,114.0624924124764,247.40215559446665
1437764,97.87272890084552,165.75330963116278
1416625,24.46615264368468,80.80414885168092
1424636,14.137673338914489,27.255133454940704
1391050,58.2678011050844,137.33675493689498
1389382,57.59838650871593,160.24366937198582
1456125,279.681449676525,815.7755958670318
1410268,74.72891656935141,121.92866836868694
1396110,32.000595004710775,92.15677444411492
1454993,24.300604392009028,65.95987312059464
1414554,220.36539091825645,435.741116798122
1421526,46.164769324278566,121.48758055422688
1426631,626.2862257887405,854.8146761607327
1422072,644.8792596260499,1538.1140981318135
1390715,12.382802618587382,31.298456722956992
1395636,14.111097469221736,41.26448563525437
1394796,28.22310202357473,70.73701208362229
1442807,258.373268117299,721.6246175517365
1412414,13.527807607465698,87.49743397358908
1388760,98.40324621243084,774.2879159673103
1450724,14.357577099688475,40.2543807440246
1451699,60.34925600595718,116.00772611862548
1437529,120.88488239331224,224.2057050967408
1445943,114.48558930505088,322.99800968433647
1450247,54.1770541852942,134.75820815766687
1439165,43.97446735107023,85.18686467482908
1446751,204.14113921416512,592.7909801259669
1420701,21.766142034578067,39.302954209527535
1438056,30.68400550807544,74.60570364239456
1446338,360.33752988277865,813.774864509094
1402643,91.06582687741536,286.86457171359723
1414878,54.57038726260157,384.7753845724548
1442657,54.6569846860896,110.05342788202503
1425996,38.90332256897112,58.81764273875434
1445921,162.87563794107805,581.1478593174318
1430741,3193.0864455398564,4780.365433536749
1432658,29.78416153041829,58.87538171289479
1401479,236.74151351561576,633.1963715814936
1395181,97.95339577346842,196.80042645718584
1426814,822.9064502203706,2451.120348917866
1438369,59.62256539919126,130.17664372954346
1436930,79.39857400352132,364.9564688316862
1452712,142.92674802910005,440.0741316600192
1437151,51.17759120536876,108.15956474357462
1434077,265.4968830681672,1003.1693968006518
1451389,22.96671601011658,76.56412850711307
1425589,384.6762071655032,845.3411231415113
1434417,166.96707639768437,402.0259010138031
1425132,25.781495003017262,202.1206004714225
1409174,49.122446832779175,122.08415720169876
1455966,72.4825380596142,165.77805708563176
1438965,86.9310990160931,245.92445359179
1451901,55.97100395126786,94.2112725945
1423412,58.76356261666288,178.56903733581626
1463878,73.99289943602803,259.42959621654165
1407199,126.04066250695178,364.48439197122616
1408646,97.09448389179911,417.3651238878795
1426039,15.318771291902763,65.61151537899474
1459184,94.1191004745086,361.3223029700656
1411562,24.086691863584072,47.37723809429003
1451068,532.3151461969353,1805.971160929644
1432158,53.88470029543989,93.08871463595077
1459222,169.06177865893173,232.06216434679084
1423351,127.98255576724443,348.093254498292
1465474,13.65550000297784,28.87180177732373
1415078,62.38138386811827,170.8261304854613
1456312,35.96790890722126,81.14637487567377
1411492,106.00317780647669,305.55729425875506
1414449,470.5675474091736,1543.6855286204243
1443802,52.82823082288069,203.1355842616113
1397559,22.546457795131428,95.39486340043612
1401872,42.74872510059523,194.8613696043598
1405324,92.41800664929248,295.37952224779406
1423827,23.75285140963274,70.00779087145402
1462972,24.06565266021231,60.60182804552488
1428635,296.27465623755285,554.5358163418778
1402695,58.51155475664293,147.1890357405764
1388908,11.803137068980396,58.6981942171464
1449617,41.64682949033962,126.85976147253211
1437334,171.63686963579713,409.79316995954287
1391198,142.67442118587303,172.47304440674503
1388545,47.52279859056628,224.22280076168371
1432813,18.54131649947572,41.04053024015087
1449316,33.916359122206785,71.20642103963354
1452609,132.98746379795492,300.9467990872
1429041,14.494378241217865,36.77280167290909
1437635,80.58380963152841,207.53612285720203
1441981,141.0056202044176,666.7093292891774
1428485,312.5515381204153,664.6100157759613
1390539,71.37813374855983,296.2012623654788
1429659,19.34599500530797,54.56364152677172
1445447,35.06064006470685,85.37415553688005
1408172,86.34836008985961,145.33891776627266
1439435,23.915791067798125,106.50222281831152
1398854,20.696112653330893,59.34541117957132
1451006,23.083032633294167,145.66804701556936
1416021,114.1467922364656,239.01438061172055
1422126,95.0876346104004,215.77344320568864
1416412,235.38802436476308,436.3879383230573
1412349,69.40839016779908,130.80692901143777
1393388,11.128653539784311,51.67126223309358
1460673,211.94151109394832,535.3191925176583
1448402,1110.1252023985498,3877.1748618609377
1460345,93.0575070347232,526.0635265336966
1464129,383.32256192804914,850.5137477822265
1395141,414.8098608124847,973.6145146863548
1389325,52.82784993798951,88.02031845338304
1416843,19.789602695235708,57.01412464895353
1389255,271.318219096498,1109.900995716612
1427008,318.13295900364045,292.6555096258831
1412947,549.5995142737471,1497.3822764348108
1399403,29.401115726681954,70.75646391955529
1427925,66.32104734504998,182.33423886164547
1459028,153.36768896253702,398.4107420107912
1420197,29.703159290765107,69.0662789555829
1428515,33.99507271079369,79.89387032248331
1448817,38.0735162619551,66.83864471815725
1389983,41.84103151518961,86.41469613544459
1463153,64.87392986427139,142.77151119506087
1449809,36.49907938949454,87.39088281792785
1402432,128.27884986541076,233.3386612271764
1390453,13.252086580786846,45.86424873713815
1416037,96.8055731652692,285.82204947391097
1444926,99.04197935624984,136.36577597096274
1448373,111.76011254036702,150.7053071514141
1460837,19.29827010732598,64.73268072779673
1450036,15.33827607483926,43.29690110335531
1411177,18.72810487224509,28.22605642341249
1434207,10.90513382159583,27.537115766182527
1420433,39.56525362330044,87.11676815444544
1413153,113.72876317640872,279.9886328799586
1452742,27.81921537411382,52.83861673042586
1445224,87.21243234285564,194.9241486847057
1413971,160.40388661838813,459.2933070174024
1417771,65.41024706867627,94.44162944853824
1389993,239.59950977271103,772.7854539139778
1399994,136.53926269869586,446.76311697627983
1421306,54.54972182552054,132.86931831801584
1424935,150.0667147308968,456.7826142884666
1459849,30.671501558755075,140.23239904991823
1389876,35.83251071710336,68.05263239192956
1445561,300.4562960009088,697.5682983856982
1396601,109.99686757631363,275.9829354898149
1437337,53.77293646301933,148.80374911109791
1417234,41.1910478028953,150.02836027976883
1414856,31.90506210949347,329.0530533719591
1426100,41.30969420607381,73.73709900958325
1416519,13.95307413681166,71.0057868607883
1452310,30.43856148305575,41.11069835948772
1464295,33.9508406253499,75.08081065914156
1452557,17.879646385767106,68.61821774495776
1455455,26.52579022342807,68.32480048173441
1390346,82.68467378175049,221.8851622701453
1388860,21.04614913177939,86.88451039226328
1404337,71.73833962623476,148.6097915934404
1396023,270.2668380481557,896.7640854006595
1445452,35.31780536069235,144.66817314788807
1430649,172.5929582678439,294.05395822909026
1388734,10.887442816959508,66.30601216582103
1415463,22.74416470648724,44.004340534176976
1426380,69.43653805854106,141.61067288778702
1447078,322.012039397852,918.579678835758
1390630,87.48099424392095,207.0997442483456
1460684,270.1709698579292,561.3648064136686
1451155,20.583434571330304,67.00222559477638
1437838,20.449945278674637,85.96100489141276
1427984,59.28810088338523,192.80306314254088
1430643,181.7122283536934,226.09313890206263
1402872,378.18536397605885,756.5625555771871
1388849,57.06238059004653,254.108701100289
1407240,63.55941189477871,333.30911697715754
1391312,96.872351443819,285.13347582051347
1396557,62.6195177195062,113.19342418800444
1401021,47.81677895264149,149.75975562657192
1428354,109.78234455565864,210.3936795839949
1450097,39.41603791279236,79.84802047978913
1401974,86.5615916838182,208.6015654192414
1428198,55.7399883302911,152.2571844696074
1465118,35.826497959085195,93.27238142782166
1459371,99.44664121993176,485.038604461715
1404315,20.63724429342187,78.28805648321985
1452707,66.15194632550471,195.53644136296583
1465566,22.815777677166206,89.8750746598266
1417118,87.13021216832428,212.42396410985893
1446219,90.20337778011994,184.62677042232608
1422269,49.48762672600584,98.2215077800698
1398882,207.10576077729303,598.9627376727701
1406833,348.3546656149735,883.0259600369155
1455954,25.0272341911686,58.22664477470351
1440762,325.5460654541177,701.3628811284625
1404341,21.153999020033805,123.08529800984682
1413374,130.55624023812229,496.20722736592586
1399541,51.83642608723157,234.9339074682262
1388600,81.85457072504873,231.644973885941
1425655,23.054098784880196,91.74022919289138
1460416,57.56925937651669,71.41065333039984
1459688,105.53722063728677,341.1237384648221
1461156,56.66580100205881,144.1888426317568
1449354,21.744831219232093,35.35163271341833
1414812,93.84837809712566,235.43830889493535
1425264,44.75736522325795,113.85586052974172
1431332,10.42543223922298,173.01180320678606
1395692,18.92797008525653,61.02938178096392
1442510,94.43370536036016,145.45939759922706
1437267,166.83010853087808,447.7932207253385
1431432,449.8754599211371,1846.652827353469
1395300,30.709808012089937,86.24980158109899
1391706,184.05963048072812,438.08510075827576
1398995,108.71256167515612,237.44102644172835
1417248,114.18572592574898,259.7229525954501
1447018,47.23808694858442,202.75014428525336
1459572,11.917856764996724,19.23042658231902
1401131,634.4671909461356,1117.3948384227006
1446212,57.61635248877724,95.52030312760957
1439463,11.361898846535214,24.051940176500903
1445326,105.50066857542248,412.88453675140255
1447047,293.3709143294193,2539.8894432116845
1395219,13.77784949885843,46.01585196471487
1404649,40.45947358008753,177.5032087899856
1398560,16.480783654543064,67.09351446700737
1402701,75.77234815792319,177.62550974276346
1421843,94.05074349157324,205.0955838059879
1436141,161.0075382871215,277.78458464440496
1430561,26.98485163532741,288.3939704967151
1450392,80.59632574679841,435.1171164751533
1448302,126.56073312138923,363.20973644083085
1396314,138.1635897204333,331.3767559652596
1416922,17.0749580766636,47.96475624132452
1421351,15.342585010312565,34.36134308014621
1452924,55.38503391322106,106.08858683138784
1417035,62.56443058787497,141.47658504517577
1407843,31.818540799641383,101.43770116201068
1420025,208.7144938055241,475.9829845600245
1429559,91.44911592568046,257.76614164909057
1398141,92.1403132853844,470.49678666041353
1435954,267.48430099832564,729.2867531220954
1417436,116.42446016641124,262.04183703530936
1394322,335.1029922678446,1644.3617864104174
1394023,166.67691632800398,375.39515115722855
1444651,158.1818282434367,565.6371948975407
1400360,183.9382293919608,507.1866809663264
1418363,74.74169957322866,169.94993766926007
1451830,19.650365733509894,83.61781952593543
1435029,39.8463056955835,70.120176592104
1414199,23.945483805588932,49.32571785292517
1430798,57.9796769747528,86.2100353706271
1390055,20.320363883358254,29.596520864579603
1450310,446.96132256170085,871.9209359419332
1463071,52.69466884295711,123.74478253688406
1466416,53.20383523575562,228.3999176758905
1395224,620.2915040106465,769.3844518493219
1393255,21.71138943675375,57.7369076269759
1434257,33.106580913563015,51.088518955410414
1463854,78.68622686022714,261.554228748298
1427040,51.662712942076496,150.46209726321118
1397105,414.21189443308367,1477.0324824015208
1465426,145.30097569833944,374.6592165667342
1407250,119.5032966779658,668.0633113583551
1451696,40.298294660903686,35.30615811495046
1450799,45.04907726420835,268.46083384014094
1397765,617.5429301931067,2033.802084777462
1452401,22.17658168505697,43.92571019399147
1459319,32.286139936281906,303.51724533416865
1453054,63.3810059449427,233.6599047611586
1445541,39.08741898995351,79.986740928057
1423591,15.014035305405796,229.90248457346527
1402187,23.30510194002397,57.83788668519705
1461173,12.806750193251489,75.18226025811111
1448100,214.2352997013547,877.4012897679067
1395518,39.278661436103086,69.85416086110769
1403325,25.538601260312365,74.14077293377605
1448564,16.41492631097517,23.634972281816587
1431360,141.16222073508897,822.2331887787465
1396666,78.98057475167604,149.1246423471644
1441112,115.5465761871949,204.5063012398878
1440068,26.1830404603102,124.40776552774727
1399671,108.26552538455891,218.29755895580848
1463702,51.06324295081967,145.34082027515825
1417848,347.7452123489897,975.5254188000536
1430701,121.397454128421,242.50512913715957
1458871,82.71600504546508,557.4681971158675
1434250,47.886820919585865,183.38659753041927
1447374,85.71026750588778,353.22969172667524
1410514,78.89410279309179,179.150096730217
1395984,19.39907675527388,160.82463252545406
1448758,169.52088241011643,312.8893248492974
1439049,92.58325801119108,302.2889204957755
1450318,118.82897599964296,354.1640025948401
1405623,32.68560255341235,193.0248858404869
1417762,189.3397752745383,566.4295014281274
1414267,17.701589552819534,26.501951410641865
1445356,62.18236417424965,131.85375791909198
1425930,29.856572461580072,98.20972170769468
1424156,253.6278268242056,677.985289535396
1451450,406.1628336818171,1663.6310404931282
1393750,19.12605351861388,78.17042659954016
1465917,69.55344979641019,210.25794845048384
1463716,38.07136626621874,108.72150177347314
1389884,76.38976264526369,176.1709896677756
1430714,42.9744191049963,94.79270592497704
1415215,164.02307928736303,302.3438238112882
1391825,22.04630155859613,49.23620506776226
1400058,102.22133043811168,154.236038635791
1431852,34.30850798670789,263.2957841792078
1438089,36.96496612157086,102.74349735504693
1445274,23.86332447200354,59.34564305418149
1463523,32.25086123957653,60.05480162728401
1451082,185.09536081279947,5950.243485928797
1460845,17.81041818389424,37.44116249154575
1464480,61.15894807578395,247.53411200570127
1434273,54.87814212432175,138.66320537967388
1451670,20.933297672620203,26.81422875678952
1428289,163.61287612085383,604.8287554548278
1444819,64.29321534495752,131.44806039425004
1466079,76.35911395200107,168.38402774167915
1445904,28.82726019912343,75.6485735263722
1423774,106.3613953616743,267.3122342244638
1452320,31.268719250634216,66.33696983164741
1410389,54.52496601101879,121.75819430215718
1404256,32.222650070688246,84.55928629069419
1389022,66.98354695345463,103.30004876542507
1445193,185.94786070905943,912.4753501015578
1412370,64.89430520784863,139.89163350124394
1439312,27.430819870161866,79.08757690798134
1436735,22.94938093198609,37.93631543775382
1393687,22.229319366446333,107.1645605897711
1449558,208.7799878681524,580.5885883245684
1409465,21.874275732499783,74.82845447445202
1448919,89.73706248976421,193.44659383469704
1424402,12.31257402907714,26.716625752787017
1464515,15.94849858332756,79.8797896641794
1465187,20.25607994929872,68.92022210511534
1431949,169.09776999992005,401.6947345045389
1410541,56.86148866332317,173.35086810288584
1390664,135.83166815693872,411.4689946960969
1456027,254.1819856270523,687.1988211591777
1397100,112.21578056031174,199.96170402860216
1392598,149.89266692840573,353.10205611368707
1437239,46.689696466851125,172.7044247648742
1394544,27.232046206716664,118.31970113234269
1406787,59.929851934869774,562.8749536632329
1449281,509.3898538924898,1242.532462262439
1395045,33.407024638486675,111.96083190924703
1459443,116.60956184268308,370.50405027283136
1445401,142.26877340781073,338.3071679595895
1449572,54.75482941927786,133.26761923854932
1408653,129.60108533269303,286.43487542391034
1420586,521.7732607507801,1081.9524901495238
1417975,88.61052243894162,149.8904857458374
1430712,50.03434257080577,190.5446617127862
1433554,23.66666324489421,75.62633124010013
1390012,544.2463654111407,1622.2107744743817
1450144,344.1537987349087,763.0935987166371
1448959,255.7606770762105,497.8869807419848
1451806,37.00315290658852,72.93317085540308
1417345,227.15061048906875,802.6948298287039
1465352,12.606448518793918,30.647438257163916
1464920,330.79277247403223,568.6914851951035
1413481,164.05830704686372,333.9749138996244
1439871,75.31509430577351,206.68340185296609
1410393,45.03575116777566,53.01941063306324
1430488,39.36778450034031,132.7758358034846
1452788,11.718379969691927,36.97036486032463
1391320,89.91283995784141,190.94512962807624
1425352,18.209550078509583,35.314507523813376
1416653,412.29477987608567,745.7358607582197
1395566,45.01732982819586,80.67104886892555
1435374,99.0162459581848,178.36823842125824
1416687,11.929908656493284,193.54806981251195
1445233,12.198640677716934,31.83559800935795
1398930,483.13590132849714,746.9917792333422
1440673,106.06607557348568,172.91113086297491
1445481,13.867533432033635,17.28291762316349
1420030,62.66590982406736,252.67541580402056
1415308,48.06152237232635,141.14958953225042
1396780,59.06938366187066,94.83230459103136
1413281,60.38882341928024,165.33655448460806
1419766,114.97013845509764,212.6682424224873
1446560,59.62043936037461,154.08334695407325
1416685,37.21961990048208,58.3825959715177
1406523,398.9263562623081,676.7252577582478
1395371,96.33810763120836,253.73200531892024
1463472,86.98419490152982,358.1350313559144
1393226,88.99875883156169,232.0258374820096
1414478,4917.649146520284,10363.758053432475
1445948,154.38209331747206,493.07060647993086
1445494,79.75193623158269,209.11957470822944
1449911,150.8468979995251,400.6787814720487
1441335,24.73875850816887,61.38963340429614
1408292,185.01674669931415,357.45195155160485
1446109,123.48010566007332,373.7825286247541
1436702,98.58067005706684,207.65271637264271
1425579,31.570807547788764,51.71420259237259
1446456,53.5546609056778,110.09835061532873
1446685,67.39397200669882,303.18781792050856
1432773,69.68708386907093,200.33975202112427
1399897,331.7169087694168,654.6532160939108
1390941,20.850733426391376,92.39606775013266
1446619,514.7019103102704,1342.978929433026
1412355,126.29746964531292,559.0439057260998
1410521,17.7512804157537,42.91395422457784
1390363,114.93864492645145,350.86729204402656
1415572,405.6592072785071,983.9995140418132
1463389,29.4737394098668,104.6903643418818
1396980,24.149618503983696,62.90634693581371
1447527,75.76222274915985,222.17800095053872
1452653,35.73031520011029,78.21104345471282
1436804,64.97547765811566,120.7900638481008
1445929,74.59562836800076,143.62461373505153
1439536,37.40655990055381,161.22980351943949
1465896,24.54786832311329,109.35038248471372
1391481,105.33807903750574,376.239996662056
1449317,46.1765490335634,99.85853746212996
1444361,64.46148793273507,120.2748423314732
1453169,17.085891578893186,39.4973597767778
1460755,192.65675972635592,289.2143816379339
1450492,15.51874934201583,67.17596584904294
1409112,98.5179582194324,280.1399163555099
1394526,15.367070465737548,114.40282325315812
1389131,47.97562599941607,118.26496341885452
1435685,158.78588730821687,491.9838233163926
1401977,80.95053359569415,289.54743142103723
1451306,60.34554469394613,165.24435908706582
1446742,41.09416852454089,78.93034538659644
1467953,26.132507738437752,120.91166774847864
1464547,236.47803791016375,521.1190999739943
1434789,74.77713622178148,226.42146617327876
1451301,532.8839463569266,1461.47790765248
1447161,165.55383124776645,447.9449451205032
1424411,77.61762751724697,225.57399864040843
1450830,81.7201002732106,200.23040913651695
1451322,57.47830695206255,135.8680964665437
1449879,55.49413255362817,241.54800525667196
1446095,14.01189140578267,52.5253106019734
1406568,52.987173908538914,133.26503900394778
1421977,47.09237590253776,101.83040937406156
1435690,21.46355058496665,36.71090656406325
1399346,424.7657061550214,1214.684168992945
1412817,15.855334987791814,65.1002999839992
1446127,287.19024364797053,688.6629906127199
1431492,25.59753532197845,48.21967616850205
1423055,1026.8200015914454,3330.6706846960496
1445569,50.03424097379792,130.28442022483114
1413816,156.23022422820975,361.1118577189544
1388445,253.64989854271892,980.4074666663788
1411999,23.279347824100466,71.13610627204777
1465633,118.215697803714,385.6428713736575
1397462,54.10576821908951,136.4118714059028
1410267,123.06388989696048,171.81000375574305
1464652,169.79137291824242,581.2745411476642
1421354,230.45503075479388,547.051005567444
1432021,84.36081502926238,270.54063261260893
1443053,518.2044457671559,1269.9492220934808
1422706,63.75801472876762,173.84541203722267
1442785,76.71354374944582,202.121181215179
1388719,238.782762510112,442.1890312879184
1421872,28.86182025472367,91.98592475163444
1465236,44.90712944257033,134.7266491148291
1429882,140.37269971192262,360.5969617160533
1452926,142.68729837392354,328.90060848163336
1442620,10.13545655159675,24.135868448147185
1390992,72.9233790057295,310.97929446185265
1417356,157.9560896330435,468.765201493487
1464971,370.8441861668255,901.490735934781
1422657,27.193973944880028,58.011442951694384
1427852,949.848777908374,1671.472006596316
1394891,36.02140477446412,66.19252364019569
1435168,91.89938411261105,165.96066561146043
1441611,458.5822732852045,2229.6431846956907
1460064,11.919606258553522,37.811102877614815
1464780,495.3556242759813,1771.8056172022905
1465593,14.437840195765189,76.54298421383176
1450312,758.3483236377444,2298.8934624803765
1393023,138.9015864654749,481.38920358371297
1440197,11.568871660577946,52.4366686959268
1431544,348.640100996464,2024.0532354934085
1395971,25.431711575879003,123.74295039732564
1405098,137.97498016550162,373.67555477993466
1447474,347.5144365087412,831.0596117028902
1463343,25.68438561659376,76.61246423360916
1420614,203.5063306067554,356.8964521068904
1402586,35.1099158901877,87.2446294550171
1421717,55.54386055674861,96.16449456371134
1410825,45.895589862843934,329.70959003835407
1410359,51.57598673796053,131.33421029646965
1439122,21.86238129186944,45.80274360485038
1409392,101.5416233598367,357.08129920815776
1450632,51.54870089716814,103.92819567226977
1451508,38.73853294990716,192.49196906866248
1433482,47.92850117797996,100.08002670137196
1464656,22.17926091473805,135.28485121648998
1434190,12.743795553836938,64.54563686273099
1445121,81.585082855255,207.88192963819608
1433821,37.52340925606161,119.64820811270144
1460131,59.68359837520611,158.72349258339997
1444498,95.7985462643986,421.2800861260258
1401922,887.0493973192861,2654.2002053665806
1466019,141.91768306670767,337.5025356242048
1403391,76.13892537605739,185.45259168406037
1445833,25.888456037461108,60.52124523809848
1452921,40.799578812533056,54.38609675535935
1397658,138.3289876644612,382.9903757684002
1422626,252.7837610577754,847.1882640463518
1417927,61.34627918960475,179.86566717084386
1459929,353.6658026193722,641.6124700177509
1403726,137.95375169941133,448.6078629559773
1413955,12.609001236520742,41.722425132231685
1438342,47.55124511927743,87.73197473088891
1417371,37.552946981326784,94.80943698389224
1395624,10.145540486997602,58.2022838911145
1434610,24.39625640599261,45.88442787443826
1418031,21.949844229709143,82.19010747763895
1430419,99.32518991480688,335.09954547448626
1431978,105.31374779746815,246.48234726001743
1451489,317.5203178725009,1142.6939645592215
1457339,74.46702439353636,261.8150479968696
1446075,33.01921558346756,129.4890451894696
1431279,119.11595133311424,452.6326855524612
1449000,95.07315048924224,481.7627149390314
1414926,34.65491417511685,110.83832171938307
1438703,105.4761482261218,409.538577218643
1413219,60.71425852325699,100.99487388051192
1412156,79.61294351591667,201.20510088394224
1452652,44.55669856145446,100.57830953124218
1440556,15.7820577782063,64.1068276034295
1414224,377.573940217566,680.7957529240578
1431473,17.470780848498915,64.44349726367915
1394396,21.05423069861866,87.23813499482107
1450779,162.906720407189,339.3517470114823
1455036,17.538164609092544,37.01803789175243
1451026,106.95040464646934,292.4812344767453
1414161,93.93160729698307,205.20213638739017
1447016,158.4163590187305,511.1478584048557
1450794,203.5716481183978,624.9839840618174
1403435,1258.8603867869836,5492.778275669421
1441750,11.164848105173666,50.15117283298517
1444995,180.4999323771281,469.2391916485195
1435406,21.4213478870178,94.72237645641664
1430748,43.657491609194416,92.96977626991942
1445404,16.676498681576515,36.23865362191404
1393145,113.46816419751543,235.45096989526715
1448216,33.59968949114262,143.17496536093196
1431106,82.69633549785509,194.60187508833684
1438640,256.9811179547068,565.7741767174342
1451287,16.287349783800774,45.612187251322105
1387743,31.73426051584288,85.01897888836037
1459863,21.353714427435435,61.70505001245232
1412992,71.28788366457262,140.38840674250486
1409733,69.6543714986368,153.371021213744
1431374,105.23730854657464,109.776203010835
1413078,328.72154997639655,592.9790255110679
1416440,200.60692009521057,388.28833147552257
1455722,31.896675995348424,109.8574483994342
1416318,148.72883111766325,282.8586541654001
1420695,54.813310472588896,134.33445058546525
1432010,28.945197714380463,88.9517396014843
1456235,58.10583266280841,315.3700398698798
1420836,15.661598368942656,73.54384714613767
1444987,151.666657559009,349.9482027165148
1428461,103.97853649978312,286.4489521556261
1441730,17.847394370791985,61.57743568458433
1405969,84.81197176667852,187.26218224268112
1455592,216.38587731322676,474.4394323649792
1429547,18.471850067182515,37.11214901335693
1433813,36.95986370840433,81.55501222793728
1392376,40.259136182998766,97.67952223722786
1394863,11.622659441871276,59.59173546276753
1449917,811.9475585183976,2007.1976413515804
1441785,20.175132056081104,32.00738815697094
1455729,116.78675134130522,891.5218208808224
1465362,82.72960923349379,220.02877837602225
1449707,64.91616079353204,197.9190431327328
1390051,46.837574713089694,341.2960691694934
1430094,46.39557069087407,129.65348540677314
1395405,240.31593277853852,538.944997679986
1420800,99.32190641999634,185.0735999371963
1442905,10.065368865397293,27.444984855321007
1464475,191.5372202071214,597.759776732606
1388818,63.87638405649862,197.7879152359713
1422619,78.38017714583427,234.12672258984847
1434640,224.54066660106227,421.2984448978166
1429601,157.94353650813983,245.30372331950988
1428300,41.42190073154312,75.36141154219457
1447985,236.25407243066255,623.239710597425
1385019,247.5155153770457,508.26678208884056
1439862,161.01839431196825,344.0569352262635
1423951,21.17219251298036,51.48903271319082
1412384,44.74501308726487,119.33218302482642
1464904,222.1394395392199,911.8148303018644
1412169,34.14279393234636,37.2381890532537
1393096,66.05755861577012,313.61873925433
1438559,58.81843676274155,289.3672619819981
1431909,165.13269593976742,247.81287172126443
1412386,474.1515294718628,1208.6371239065506
1445844,30.963645849513497,82.50874389364802
1396782,183.48896249832663,342.26757429450777
1396891,20.027783369681085,323.3731357217687
1397491,111.1500021678042,342.46925148021506
1465297,35.95287812623618,73.42626503636444
1446384,20.76352690966436,156.1149710800728
1450370,40.32534353513039,64.01566813797476
1451360,69.78747087992194,163.8757217670536
1437484,18.89441946587121,37.70405234345863
1452866,227.3891065746684,740.9332067669515
1465294,58.35781838521029,399.589222649502
1432418,936.1639824753024,3547.0175843452143
1397891,50.38122590441325,124.75059230452491
1430562,160.01040368601144,454.2901813903229
1426336,47.86669946213211,107.50530340209284
1400531,195.9218753464461,637.1070362044757
1409355,108.0503785074708,198.4328571728224
1401435,39.15962710008369,63.118064175514746
1435514,13.037995618074124,33.17627529817692
1459134,113.01619945235257,287.9206437963114
1445926,20.871992652812267,31.98061674173424
1409968,925.4411365793194,1902.5742525237
1411339,135.73755980453035,391.1837890689996
1408871,94.68995691960367,219.10426158627908
1460001,82.71893015214583,164.8721079660788
1397029,31.44388227111202,115.80407491938276
1422891,77.88063359383766,169.4644386869455
1415275,24.120896543774137,55.58202451672061
1435524,250.90509532147013,681.5831442473486
1403746,89.99535199581481,182.5756807776453
1429222,88.36842793600135,142.65716940439285
1444705,19.61176774156018,55.56675965378855
1428526,66.38257908414154,319.6008098459473
1398350,11.181658367344117,42.08808826904252
1435999,76.70706378171202,154.16535478571424
1459797,46.28284285806504,218.70154822801425
1400319,405.6389255424888,1256.6953458475332
1403772,99.3091260805981,284.7492965020051
1409774,15.597797828506138,76.48871248059518
1419012,28.18601781482805,38.56642225773081
1420075,458.7735948489959,1332.1665247746332
1446963,21.639832245756484,52.11971767674476
1413052,22.705951656056847,63.52194293783662
1427698,128.59129876031918,202.76574405759692
1442269,257.93826009960384,616.480137878819
1464238,56.39941604862091,124.9974866817147
1407565,53.081514871914194,158.23917897155724
1419066,19.712440102224665,291.6562193387458
1446988,133.03252356696967,305.0045168125007
1424028,306.79072040627426,503.4372693076182
1431030,12.047543390690253,74.93489152463397
1440738,65.45329291505512,230.94112054075336
1460781,235.3666571783745,1125.3811663565943
1464741,88.69583560164946,301.7504470566409
1465520,126.7119358019299,289.25578632277666
1449089,143.9500060693124,221.1831014859415
1460847,274.6097769308042,923.0437739249332
1425188,17.714859833817922,60.86739629218614
1398376,19.76954538038564,74.85427986375876
1449999,47.97381697455474,133.9481210485043
1425657,220.4345292707968,967.141854344054
1443393,472.0811553579117,1210.8661250768264
1449362,11.31002325469612,51.24645502926022
1392353,127.11533721327694,419.309614765478
1465394,107.34591449959431,213.9009160698316
1464820,11.564993740880528,27.832990912202888
1449218,82.7866640459076,222.3650012730913
1404497,82.06164156214187,260.2937625927097
1394558,39.57901558102469,99.5218954472494
1444212,53.331199423579854,130.18050855678007
1435837,34.79909241112839,71.96460154765504
1424650,76.6093599405099,186.6539782566239
1394430,24.665822839961752,87.87952400036986
1463463,63.039140338456185,303.4977241339437
1400071,16.061192766447927,73.45335145061286
1449526,302.84726749539175,996.0864071295564
1421055,54.860209223329065,89.32481444141759
1452442,27.62781418941437,86.89217234596771
1461136,20.58179597154964,67.5726271707475
1418070,81.8074995536988,143.20425902435875
1389291,29.074237988934488,127.26620165716946
1409727,33.00154939090883,73.6915872502335
1424050,255.9095515879913,684.212584071114
1402961,84.26303225933628,151.33204845249057
1446598,10.55355811700946,49.96003846663079
1444831,10.413588543362,45.32755894983714
1391391,130.90624537267402,290.37821320200607
1463482,172.15752389317967,592.2858010893798
1439502,22.2193057348132,34.946868504363984
1463467,32.50492068180829,93.29901434871924
1435938,24.45316465863789,64.5018170350351
1442098,24.96316101113501,117.51221247013568
1390830,75.7984567711386,150.42410306094305
1405585,149.26222662883328,364.5945266065756
1447498,20.511584603932214,42.85194342367893
1398917,31.497501087427143,107.06828556256704
1405753,64.2212712943202,175.9203780227033
1405993,348.8216007097427,1358.5783588341194
1412703,101.71029572582752,185.50988739155568
1452981,145.75814742252558,296.40526990477025
1402235,254.3830037904808,615.5750249017497
1465000,61.37879197205849,127.17723850777324
1415401,68.56745393823962,166.37235044823615
1433430,52.86954052754422,88.6299506247275
1450017,244.9723234476045,902.6586164746697
1408349,74.42124217846529,237.17837649091325
1394681,14.980451586718209,31.646134930581752
1410584,91.17262155462916,159.57749311807433
1394205,40.78802588511681,100.22027363864925
1406985,54.696562938678014,154.951064957216
1409928,166.54944132276648,178.13890005991706
1449119,402.8041205167663,954.6651343796344
1446376,49.488676230590464,122.06814564438017
1422650,275.9044857134008,518.286286332916
1464589,59.48753594424519,134.67569194536858
1434213,51.0799531931218,177.33524233967896
1453243,74.8963397742828,359.9899386197442
1424562,90.81566333057847,459.366978359736
1424720,917.463983086609,2286.212572725386
1444836,105.63642620810607,231.66905903553777
1464445,60.83318093921691,360.552669094208
1453041,38.2766652986798,228.8974491851723
1440756,13.05416994412709,189.898167821665
1408657,61.10467756138011,173.10445820461123
1392470,550.2863858449559,988.075364529857
1434676,54.91410138514857,108.87041811344508
1439748,357.0824276753318,832.8856594522297
1410433,124.11366836846412,154.34308213583986
1435047,24.601943840555343,92.05104824232107
1396234,46.95303067208516,115.53841343678644
1423133,92.54342651141768,362.1101301127388
1390871,32.682807606907936,102.21833790280328
1401744,46.4040176422366,271.46518142384866
1463491,24.169781455189423,125.6642591550354
1464864,169.83684423395988,346.3290190853196
1402480,38.81167454016072,107.60495211036528
1445493,18.46173859748112,64.15357290002325
1406580,187.49828601044155,379.76289141315664
1444857,12.419429687401792,38.76441278552733
1409845,57.392282984114686,214.52264524281355
1445735,151.7884715956503,469.6480804165597
1448811,44.19201056342902,86.1541238117512
1456200,69.97949271325984,179.69314750740492
1445309,152.08091281058236,337.1584712208993
1461084,71.48627858761392,212.2604797578978
1433537,27.367487002647067,82.86245655291658
1433812,133.97883423673127,427.12546239385387
1418574,76.21209598166652,745.1441260598508
1449613,13.16969986575373,37.52953989303207
1423716,12.931660771868136,88.52824385101913
1401149,639.8448218027108,1848.3809785541855
1463526,63.495081604966565,165.043029110312
1392051,81.09759600821859,145.38988789077132
1428909,88.23075998971494,212.60292152878912
1464403,33.22387542581318,90.27988006897031
1410581,172.00212853650302,506.5513479386088
1447631,218.0203612224693,513.9420792967936
1451952,84.01037295084544,201.70214451944
1436579,179.82726594620388,324.377439901148
1411707,47.850220119273686,158.2314504595738
1392212,1527.214234080784,9955.788539226063
1416216,16.92837115417671,41.324341716485655
1445652,215.264178364912,1856.6026635477629
1403180,87.85016049380268,261.60263806998614
1460383,57.46717444128763,157.36888748036986
1403989,41.37348680229861,98.25373003355092
1445850,42.5663639044286,105.51614964911232
1424916,69.1579294607527,150.77521824515568
1459758,96.59890041476883,232.7346693296857
1447287,16.266170981512527,45.8521063177308
1434228,96.04123516619596,325.9093239420454
1388882,36.53907534734226,5576.046825884661
1452847,398.06409821715073,680.2494484443531
1443323,42.95341856244376,112.17567281949007
1413587,48.90063096125589,99.8669657136645
1390344,61.82308495495448,113.91877581262987
1397099,49.11937704275438,150.83097729868916
1393980,67.61242561784712,98.03147025479416
1450825,49.367360446580506,191.0293969823421
1420535,360.18840043730626,759.5162511889772
1433570,34.838651212238624,198.57460717499384
1416862,17.411103792371854,37.90424921453948
1455814,52.07404525684021,115.16957857926997
1398381,12.721424752546271,29.001094281502773
1426986,20.365340016712675,67.03702839146665
1413218,365.3763944299391,981.3971944646952
1459187,29.474703168243188,290.7966615594342
1444965,110.37019759469848,232.61706124723747
1464201,1009.5015674528004,3228.358257358209
1465924,80.04216108748508,181.52341159108408
1463624,61.70157969212917,193.7058962946288
1449165,11.199211298727423,91.4055143542489
1408060,33.20426588063723,78.61433600764403
1405956,48.030768416618685,190.68628295863857
1452398,124.05991468553204,281.03429533361685
1436352,25.039124153151043,102.76371507501864
1417581,19.67216867937834,71.52544481866603
1410214,358.8193758695661,890.3214880497243
1452041,153.34763814020258,586.5674776937465
1428966,53.06963111643967,106.23710961713292
1444018,120.35778543640446,350.69948930176906
1410883,265.30155717977084,644.3471511459585
1417450,29.720191283652102,296.73948429767046
1437394,149.55139005265684,571.5416495559376
1425640,45.76965725473801,113.6411673764146
1440760,16.160824463399603,36.52804071214004
1414858,429.5520426659805,1351.8522036438917
1432087,25.48142604653432,92.08987250798783
1465261,33.33851111055344,110.00844298500736
1431008,58.80905065293009,122.24107716720788
1434189,83.45646446511871,275.8173544915086
1424655,70.66706359843698,213.1544782830116
1428411,34.239747632508774,48.55966170753327
1425463,59.459947225711446,168.40511769961978
1437780,177.01190800210696,499.189184303859
1391364,53.50788858804528,514.6424739939678
1450279,23.796607966222854,87.99660112556329
1424043,29.066323178256397,157.86193597166093
1398033,43.75368879626792,78.68509287311723
1390191,28.89816886474973,68.36559495516642
1462794,26.644367560763182,81.88196305951502
1394405,40.44708007448211,100.53043302422265
1425620,26.2336996325268,238.2327743385295
1447340,85.59956965567284,201.2949314862552
1464772,23.35613920150316,108.15125110263996
1421435,40.07393347648701,84.06755956789597
1437670,122.0638038720054,214.3471112373657
1420092,134.11689353529863,302.2407425553123
1394912,21.31767906395654,60.802297001947245
1465778,271.6436426309148,2762.758993437718
1466359,310.912407869134,727.6786844642666
1444202,50.90093504261592,136.80085161931584
1412047,230.0547894014638,1349.8789297034434
1452587,101.15606262019138,278.76177258789374
1427609,156.3831248773541,261.6953690481988
1453046,169.78036896767472,457.356813960832
1421234,953.632419701008,1065.2159508259324
1393022,30.816547317965394,67.5345085096893
1439800,37.34907048690313,101.982469984495
1392005,168.94873829467969,398.702073706197
1413243,216.53640874218533,882.8138083224769
1449465,49.557692324195344,127.28679249645717
1403246,180.39297559587015,379.22761615533176
1452738,36.49304338536402,139.08717390614112
1394702,41.604664799632,112.87290588015244
1438174,23.275109153768994,101.92832707298646
1445603,10.896769058650488,24.672179795953024
1443430,68.40129340545607,307.7243687999055
1411100,15.500310382458082,45.51772218544623
1426265,140.73853652645937,496.6443726432205
1401781,103.8296755866492,241.0146515703069
1402905,322.81586984197247,1295.075258095284
1448628,67.95178973098899,233.34160157510763
1453216,92.58567546912316,385.3973257995765
1398128,87.06743376240401,176.0084730917651
1437724,188.89432139535924,710.4217176181176
1445163,60.6495134389147,106.50081611670905
1449373,26.497261575809627,130.4068966012061
1432791,431.225867252737,911.3014686485144
1452836,253.69580954231432,517.206712895339
1455904,44.85022543042378,138.04364731386718
1462649,23.13107868333472,66.6337657962796
1447107,21.50779013137164,64.36434878769658
1418319,19.77164761023246,49.968003418711696
1433604,82.02670518189969,346.31969854170603
1412480,107.0661638256675,157.85558939433426
1401737,573.7437373274277,1262.8527563505147
1451509,70.21264075223763,288.31671407426245
1445364,78.88557033344829,126.50083729012675
1464145,22.017884975498063,120.11620766831
1410310,17.560323401389315,63.98199213419232
1439751,89.67458224410758,290.43657799536936
1460213,85.66627931916095,207.76653732612095
1465176,403.83212774012736,1069.069771238302
1397797,56.60538858430767,131.3425495747318
