object_id,sdss_name,apparent_mag_2500,apparent_mag_2500_err,f_host_4200,alpha_lambda,alpha_lambda_err,redchi
1446436,234934.28+003023.7,22.52403780793444,0.004354031698889926,-99.0,-0.5126933278698074,0.008024618205279055,0.8119771034699533
1391164,024212.65-010339.5,22.54980471641806,0.012598101147291985,-99.0,-1.3305242415507172,0.026472009293651344,0.6503945101210017
1396018,022837.06-001005.1,-1000000000.0,-1000000000.0,-1000000000.0,-1000000000.0,-1000000000.0,-1000000000.0
1391283,024154.42-004757.6,22.697796242001623,0.0038443774034657707,-99.0,-4.138028007397995,0.00833881256387592,2.7915927471962307
1411612,014328.80-001433.7,23.510322496770733,0.008004134888714987,0.024072125613759925,-1.194031249900911,0.035659579363984006,0.30161099730491875
1433946,003550.65-004301.8,21.352244273057615,0.004799466993574697,-99.0,-0.8847575063553288,0.016111455170724542,0.6267277383113427
1390639,024333.19-002652.8,22.62755142304919,0.005851956303901673,-99.0,-1.2925341490442581,0.028954356371950873,0.3756312175545596
1440817,001321.04-003107.5,22.943736253302,0.007076723521786121,-99.0,-1.3160672708017875,0.021719483899757086,0.6365458167802038
1415162,013332.87+002438.3,21.754927193850513,0.0003709132990170616,-99.0,-1.4901279078528056,0.00026691884616125705,0.6365035091036234
1412877,014004.34+010001.9,22.007419891353557,0.001955841825802551,-99.0,-1.4215431407414258,0.007178951196048611,1.1002170478544369
1414251,013555.89+004016.8,19.95952331079281,0.003013251279346818,-99.0,-0.7813506649827291,0.00603733303301679,0.8736398595451371
1447758,233902.21+003120.9,22.443525622486625,0.024297760994445028,-99.0,-1.6891293797080218,0.04194235211712205,0.3656562889485162
1445399,235623.77+005722.6,24.22935958326402,0.021712708362384703,-1.0,-1.4329391747374665,0.06654778392535476,0.3558112726368451
1432144,004110.79-002820.8,21.839020105842273,0.0006149228453633526,0.36807580147259145,-1.7555527416415906,0.003170401567205605,0.397774541658739
1402045,021220.61-004715.9,-1000000000.0,-1000000000.0,-1000000000.0,-1000000000.0,-1000000000.0,-1000000000.0
1433585,003649.90+004003.8,23.040140869956893,0.01808018662855737,-1.0,-0.0697950380259611,0.00820309235083018,0.3733385547052297
1438752,002005.67+010834.5,22.321844535044328,0.00427033733825688,-99.0,-1.5494188813343852,0.0490552293315456,0.32967635206875157
1447254,234303.50-010519.8,22.726250888083406,0.01619029391646265,-99.0,-1.0108123212918305,0.016577947628886813,0.24469479215556852
1394504,023237.27-010122.2,23.09191068449065,0.03901149628371847,0.07091415966796771,-1.3181384854782214,0.11560514480370632,0.3085423872805427
1435778,003000.25-010313.0,21.893443049365167,0.017459482010711014,-99.0,-0.9326835316227662,0.05545629914737238,0.2993420522465063
1419088,012200.79-002113.6,-1000000000.0,-1000000000.0,-1000000000.0,-1000000000.0,-1000000000.0,-1000000000.0
1388778,024831.08-005025.7,-1000000000.0,-1000000000.0,-1000000000.0,-1000000000.0,-1000000000.0,-1000000000.0
1447710,233926.40+010418.2,23.14839163408113,0.008664342407707082,-99.0,-0.4812484303359561,0.038429101386025066,0.2096429360449536
1422964,010950.04+002341.7,22.97542580785632,0.05221480068231088,-99.0,-0.5721410250218311,0.05340300877450388,0.3761453504196927
1430112,004701.67+003114.2,21.94780558959487,0.0,-99.0,0.054637400781835765,0.0,0.5206906919492051
1440152,001532.45+005329.2,21.75859271695355,0.002939612506409617,-99.0,-1.1494403114142844,0.009299431758308163,0.45930659108448313
1407883,015448.93+002042.7,-1000000000.0,-1000000000.0,-1000000000.0,-1000000000.0,-1000000000.0,-1000000000.0
1452422,230415.81-003010.5,21.762866825772996,0.009890528608247351,-99.0,-0.09694654921812518,0.013910838461521264,0.6424619052146334
1435844,002949.11+004541.9,22.76572299527374,0.013670004984778217,-99.0,-1.071195146307871,0.008393560916005738,0.6023821383895522
1391680,024049.96-004044.9,23.429061283306787,0.01297559238775392,-99.0,-1.1329440521296967,0.049656663189419525,0.18680834493614837
1429814,004752.01+001224.3,22.185292301028916,0.0008945660646464404,-99.0,-1.4073686032339863,0.010745726871663974,0.744885475378094
1445628,235501.37+005441.8,23.135649254887376,0.045531630671549195,-99.0,-0.9859248059063672,0.05272798343037616,0.5588500352354632
1418292,012423.52-000208.9,23.412650812190257,0.008400225076377055,-1.0,-1.3493936502472215,0.05955366768827797,0.32380023222897325
1429983,004724.39+003015.4,22.675622355867525,0.011997236159979607,-99.0,-1.2553666823330847,0.03802090980182771,1.0016196989642483
1446644,234811.25-003323.4,-1000000000.0,-1000000000.0,-1000000000.0,-1000000000.0,-1000000000.0,-1000000000.0
1451159,231358.14-002931.1,22.28382472015847,0.0379294203960967,0.38583882004377207,-1.8445427330456954,0.06135126778585276,0.3172909901546908
1418687,012309.03+003305.4,20.301571389070723,0.0,-99.0,-1.0473629431865739,0.0,3.03420370831668
1417177,012748.31-001333.0,20.035665538461068,0.001932718583841364,-99.0,-0.6275440178881979,0.004893174825601476,2.34291170263618
1463797,213717.85+011348.7,23.449214030954728,0.015006591822350757,-99.0,-2.1929602741679,0.035588730095172494,1.3571634282831597
1394936,023128.98+011250.1,21.63225728998271,0.00931836466803837,0.5166982642254916,-3.1440092537110504,0.04042626195539034,0.3588173256044485
1452561,230321.36+011342.1,23.637585110901007,0.022002341794600255,-99.0,-1.8471325942843912,0.08707418046693549,0.2055223547175912
1399974,021754.80+000234.0,21.26988273545664,0.006519656443852995,-99.0,-1.2377708982976343,0.0167697332867347,0.5622451899880881
1465304,212642.93-000357.2,22.55866334185294,0.0,-99.0,0.6902354730767319,0.0,1.3121864530515748
1393299,023603.97-002352.3,22.38292559895651,0.007114686102749346,0.11583883070897426,-0.1472829253405683,0.029031719319754568,0.46775425049736835
1461129,215735.60+005816.6,21.64240891196767,0.003541987752360143,-99.0,-1.1703775173698094,0.01064092726908461,0.45268252665183245
1444529,000058.61-005929.8,23.495107268416866,0.017017128248086877,-99.0,-0.20653306868816834,0.044568541408819315,0.42407648616428817
1438723,002013.62-001917.6,22.79119385684192,0.006134158380355359,0.30946970831567305,-1.4614328902343416,0.032220319764792005,0.3145765738807044
1388468,024923.20-005437.7,-1000000000.0,-1000000000.0,-1000000000.0,-1000000000.0,-1000000000.0,-1000000000.0
1445970,235243.10-004404.6,23.686978691446264,0.05207095257331318,-99.0,-1.5558239870759256,0.12521816278341713,0.23279407546620506
1456270,223420.92-005126.6,20.987051723382997,0.03677827562115432,0.2464656217511439,-1.5994214026470583,0.03557698306052215,0.4756018730226151
1396842,022620.16-000634.7,23.42891746858009,0.0232664347011724,-99.0,-0.8229926968677912,0.06217536254357492,1.1071684567641336
1415333,013304.15+005746.0,23.204739028060793,0.01879722421442409,-99.0,-1.4518604018459205,0.05473254284144946,0.20203134350000468
1416674,012902.99-010736.2,23.17508225701173,0.022614621725569606,-99.0,-0.9302196309546771,0.038212877822148106,0.24282276930537555
1447403,234145.51-004640.5,18.794098745356358,1.366222443621723e-05,-99.0,-1.9452536022274374,0.0006400288177588198,2.2460437258766506
1465550,212502.20-010031.4,21.865404575305213,0.013035792512772204,-99.0,-0.5210398651141279,0.01102800472486104,0.435194804805007
1464446,213253.27+005611.6,21.430905311120632,1.059051562890545e-05,-99.0,-1.103767897722015,0.0028918812546401274,0.35975261412573445
1449703,232449.55+011159.0,21.42526085572593,0.000871255670302773,-99.0,-1.4989726546862925,0.0053040708921746615,0.5128831976680098
1440180,001528.33-003709.5,22.989788527123572,0.041911777624834556,-99.0,-1.2815809694854048,0.10002265268720467,0.22567900991006437
1448013,233718.07+002550.6,-1000000000.0,-1000000000.0,-1000000000.0,-1000000000.0,-1000000000.0,-1000000000.0
1452563,230320.96-010252.7,23.34399108904396,0.00047996976220154863,-99.0,1.330026530695097,0.0034095654869312764,0.6044132848084759
1447437,234131.38-005039.8,21.51576334730253,0.0,-99.0,-1.8308713066967153,0.0,0.9478612779573399
1449619,232525.79+000923.8,-1000000000.0,-1000000000.0,-1000000000.0,-1000000000.0,-1000000000.0,-1000000000.0
1450262,232039.26+001307.8,22.314157387887455,0.0,-99.0,-1.2444244474075008,0.0,0.22281903540820786
1463670,213816.61-004157.1,23.74147026324676,0.01554926354168984,-1.0,-0.9696933746614231,0.042149523791633,0.19680643560808547
1452166,230617.03-001429.5,21.963485934112818,0.0017508509856600796,-99.0,-1.0848082648840727,0.0032707138323274654,0.5587154879525091
1458803,221521.17+010630.8,23.450568810390358,0.02214932962442795,-99.0,-1.3850643875001012,0.05350303747128027,0.455011416458999
1414687,013445.43+003834.1,-1000000000.0,-1000000000.0,-1000000000.0,-1000000000.0,-1000000000.0,-1000000000.0
1446896,234621.71-003248.6,20.997497578353283,0.0010098213866260863,-99.0,-1.646278821071459,0.0025107044297458803,0.6321664804643417
1399167,022007.64-010731.1,21.014009159900645,0.002878901788179178,-99.0,-0.6858750260740551,0.010986872081253207,8.328733685840096
1461193,215710.15+005815.6,22.915575214287834,0.011819349222372821,0.40169413701136897,-1.8960495963302435,0.05169390105844418,0.4426568230198621
1440921,001258.92+010612.7,23.237114143220317,0.01670140501050632,-99.0,-1.6705496859622957,0.06963030373377432,0.47775373105178426
1410499,014643.01-010955.3,22.598923706200516,0.006453200698661732,-99.0,-1.6609646898659358,0.030280369747513247,0.23633306952518418
1444765,000010.97+005653.3,22.89870286431141,0.03884476453145602,-99.0,-1.1927129669344225,0.04948069403895117,0.25887166788737354
1388412,024935.55-001336.8,-1000000000.0,-1000000000.0,-1000000000.0,-1000000000.0,-1000000000.0,-1000000000.0
1433931,003552.90+001934.1,23.624562622282788,0.019392935417696933,-1.0,-1.4650796231797507,0.059629480177413874,0.6385273941532474
1431160,004358.18-004806.2,23.322392719314728,0.05022878628215821,0.7434784472449686,-1.9687111901460579,0.14111149745731932,0.24333070055936057
1389070,024741.45-004127.0,23.01949808484064,0.037215221703252865,0.23867512920511036,-1.3209666990761608,0.08589917928236923,0.3573504085801136
1436556,002727.88+000549.1,22.141483898241113,0.049109913693357043,-99.0,-1.172239176392981,0.11909082498093981,0.45775999442380544
1452446,230409.46-004608.5,-1000000000.0,-1000000000.0,-1000000000.0,-1000000000.0,-1000000000.0,-1000000000.0
1463740,213745.92+000214.9,22.436939235183438,0.0016243662882420296,-99.0,-1.8739440156639104,0.021152548663967208,0.7410788153241904
1445960,235249.07-010719.1,23.233268777282824,0.023693973780307687,0.2797430535200765,-1.2328617720666633,0.05718337835773113,0.19353954442468485
1395066,023105.59+000843.6,22.304819812989273,0.01223709286394481,-99.0,-2.072612277460217,0.026869440486915197,0.4120970451038394
1451931,230815.94+002546.1,22.53326911671096,0.017952843520596673,-99.0,-1.4282458156799955,0.054828001031116846,0.35029488110910456
1445301,235700.58-000233.9,23.558320899390786,0.007974179693617245,-99.0,-1.5712319803329615,0.02105532430350532,0.7234675410364091
1414064,013630.18+000942.3,22.224554452170985,0.0,-99.0,-0.528848124392546,0.0,0.30067200492989254
1445170,235748.86-000332.9,22.818596013391677,0.01188556596654955,-99.0,-1.728749020485524,0.03231028480349296,0.32845557101788175
1438221,002157.32+002638.2,22.542150473049468,0.008941874415855366,-99.0,-0.07185239382526376,0.01864042042507289,0.30278105525008653
1429491,004852.88-003818.7,21.796890071215067,0.005549626579455236,-99.0,-1.1906569045767217,0.02186711327289781,0.584369077270712
1402221,021149.36-001903.9,22.786172385759066,0.01820256149350108,-99.0,-1.065067082407746,0.02558473657311544,0.5498364715069559
1407902,015444.41+005205.3,22.74483337997811,0.016366690365794412,-99.0,-0.9028939464182839,0.03143244173544829,0.5170060262393258
1418010,012517.75+003756.1,21.950729550141695,0.0014784180865223817,-99.0,-0.5662151464889096,0.0011420816238598697,0.4826454607304768
1435426,003109.56+000632.0,23.74081541797269,0.03846329870532905,-99.0,-1.1918321225828596,0.10507226896287036,0.4435503206363783
1464476,213235.95-001350.6,21.59656009241592,0.007144960084293217,-99.0,-1.5154143974639798,0.009816948865084663,0.6836510552127013
1431802,004212.84-001346.5,22.682174846248635,0.013467160537183887,-99.0,-1.643020288596981,0.03667628424853564,0.3070862055808492
1453238,225820.99+001605.3,22.2387542478965,0.0,-99.0,-0.3714933673493688,0.0,0.7511063265142333
1465471,212534.37+010505.8,21.440121925515093,0.01088684865655054,-99.0,-1.2520465822744553,0.017692027607220218,0.32160404636340506
1391764,024037.88+001118.9,19.661822343348,0.002645719293106197,-99.0,-2.4641980114523294,0.011714310158364771,1.2099306176937055
1446181,235125.92+001306.5,23.32711309726566,0.021024929886408472,-99.0,-1.010175316961372,0.047493749535922614,0.5457712087903555
1439577,001721.67+000656.8,22.70520121348455,0.011290735134759089,-99.0,-1.2535807205895662,0.042749186227988734,0.41561158887630334
1435435,003108.68+011249.0,22.666892218640776,0.000587222718131386,0.13798736483206064,-1.1196806758899736,0.006361975305831269,0.26579256541974317
1393218,023618.84+003511.2,23.593667624417826,0.020775762194329417,-99.0,-1.4900052362024336,0.05538263659650566,0.6791938184117999
1435328,003131.44+003420.2,20.933757081999666,0.004845755942746166,-99.0,-1.0835527601565853,0.01360569514233434,0.5391173618034489
1445616,235506.17+010118.9,24.320184034940844,0.01649283118813294,-99.0,-1.7191819811828033,0.040701636531859986,0.36640743265527803
1446272,235046.74+002843.2,22.43683592013651,0.007188419765160603,-99.0,-1.6564385734688258,0.0166091174757651,0.28087669380353186
1431268,004339.80+002904.9,22.127444583668968,0.008837641598109514,-99.0,-1.5358702994714886,0.01932660622497595,0.39636828574559324
1389280,024701.18+000330.2,21.378168968951464,0.002952109406244574,-99.0,0.1450433047319999,0.01180268412567713,1.2936698527825363
1445568,235523.25+005150.8,22.83700731432412,0.0045178822382929695,-99.0,-0.8758592032489396,0.0011559596779191494,0.860509917992856
1447112,234426.37-001736.0,-1000000000.0,-1000000000.0,-1000000000.0,-1000000000.0,-1000000000.0,-1000000000.0
1446887,234625.66-001600.4,20.822928506300066,0.0035222030731407727,-99.0,-1.3815583041540336,0.005990270495591088,2.2306659293295468
1444860,235945.20+001615.5,22.748749317248333,0.007849261191399393,-99.0,-0.899141030478372,0.020304614687585765,0.3808307592088233
1444992,235855.26+000212.8,23.379128768546032,0.01669865583247443,-99.0,-1.6722691902413556,0.03912063835557056,0.538233582523313
1437779,002328.03-011336.2,23.234866818759166,0.013169507816668258,-99.0,-1.195399040669479,0.026579285450183843,0.5144851201041629
1421819,011342.94+004829.8,21.779944130312522,0.0006076344211702889,-99.0,-0.42794462770491304,0.002499819910349199,0.8851363588337514
1407316,015637.72+000211.9,23.279670236994967,0.059878095640177875,-99.0,-1.1115615640147878,0.08764311897959143,0.3623627041547371
1465197,212734.35-001536.7,21.92232197273635,0.0,0.021723698672295164,-0.7948441902445333,0.0,0.6402275189150183
1463425,214007.61-011127.3,23.398954346023054,0.011646256771964403,-99.0,-1.1161227474865858,0.05112171593742121,0.28663093151728863
1429182,004956.46-010918.6,23.090144812089854,0.01601081972571805,-99.0,-0.9711080606601978,0.0390618678580652,0.3796640509199589
1389862,024534.72+004615.7,21.335262979921346,0.007669657451945255,0.3720122539739444,-2.993465198572279,0.003967189187953801,0.3244878123995496
1452799,230130.29-011007.3,22.831803506437076,0.02616932446055209,-99.0,-0.8484674961628462,0.0698095857934159,0.25418853498273697
1444867,235943.43+002008.8,23.98713110803596,0.02372769656844298,-99.0,-1.7417402686060846,0.05544648029782784,0.4563867299431149
1450200,232111.13+001344.9,21.832983427186242,0.002272301602372906,-99.0,0.23082928191682583,0.005468263622614752,7.161789749304173
1452568,230319.92+001600.2,22.26456319349723,0.025676150586644297,0.3930466639557591,0.29099960138811287,0.021394878512220772,0.7479737696534686
1448124,233632.35+002824.3,22.44485657193936,0.009832380232843718,-99.0,-1.2210870763307096,0.021769082567065667,0.308833764387714
1455996,223629.60-003315.1,22.860101280485004,0.009498432287982084,-99.0,-1.1559910332009293,0.034610876759475606,0.2892093274522611
1417468,012658.36+005846.0,21.456891351803,1.1204776129147831e-05,-99.0,-0.5004516270050905,0.0001148289675314551,0.6904187030688035
1426151,010002.32+001642.4,19.070104169198466,0.0,-99.0,-1.5022739494733575,0.0,5.309110631958228
1450445,231912.33+005900.5,21.904966742780125,0.004900848656843593,-99.0,-1.4667931704374628,0.003639817562397507,0.5857196629260565
1451388,231213.92-011010.7,23.48624950965324,0.02628474232877487,-99.0,-0.7888891584201572,0.06167266715086345,0.5016808301559448
1446908,234614.36+005814.9,-1000000000.0,-1000000000.0,-1000000000.0,-1000000000.0,-1000000000.0,-1000000000.0
1448478,233405.41+003325.1,23.521872686520616,0.02976655833916375,0.3577720372467554,-0.18288790374591546,0.08621411672570505,0.26884127842607775
1448651,233245.37-000140.9,23.040733316442775,0.003435045178186158,-99.0,-1.376272581894717,0.029352787553093007,0.3767115012918029
1415707,013202.93+004737.1,21.31241960215855,0.0035699300730041017,-99.0,-1.2269610716353396,0.011644721776120304,0.4182407065051092
1464415,213310.57+004528.3,22.204003745825155,0.0071840521749511055,-99.0,-1.2018346616270783,0.01965467382705699,0.35378515980245934
1448148,233620.34-001010.7,22.530118645623723,0.0226688866003677,-99.0,-1.4566629613733202,0.034280083219142554,0.8497681251641412
1459708,220832.97+002201.6,-1000000000.0,-1000000000.0,-1000000000.0,-1000000000.0,-1000000000.0,-1000000000.0
1415220,013324.41+004515.5,23.58154559136168,0.010007999110639432,-1.0,-1.6270250064593759,0.06446151516430165,0.4079148960605875
1462865,214404.07-003937.6,22.76140466260022,0.015998993489381164,-99.0,-0.3451787322474509,0.04691803701846506,0.44444344830526666
1460622,220122.93+010048.8,21.79865642838518,0.003545087126779478,-99.0,-1.8032723648974303,0.012724948839628714,1.1730471607655366
1459338,221120.38+010905.6,24.406182970479584,0.007378695114637068,0.7919168830826062,0.07185628060877214,0.02595382765823906,1.0123610279063762
1417857,012545.42+003117.8,22.862849560323276,0.022502356077245267,0.13087952216352344,-0.636932065518085,0.05114189100281777,0.397007632269795
1446002,235230.16+000552.0,23.155770712838084,0.026981360249553887,-99.0,-1.3862567765510296,0.05262374008132231,0.3463341353736529
1388561,024909.94-003058.3,23.57877368148167,0.03787448892220269,-99.0,-0.9441346206834611,0.12356676501083447,0.3992614659941415
1436165,002849.86-010428.1,-1000000000.0,-1000000000.0,-1000000000.0,-1000000000.0,-1000000000.0,-1000000000.0
1395928,022851.29-002431.7,22.665612434584425,0.006832548313040476,-99.0,-1.618024709042285,0.01292377985768478,0.32071651156710346
1430421,004611.81+001930.4,-1000000000.0,-1000000000.0,-1000000000.0,-1000000000.0,-1000000000.0,-1000000000.0
1392285,023908.98-002121.3,22.676480525705507,0.030296261978364214,-99.0,-0.6717982152606305,0.03588494703083572,1.154441453356541
1464473,213237.73+005201.4,22.95649763774275,0.01509991352738993,-99.0,-1.3050319392100755,0.03934473935692928,0.46253628415291503
1459403,221049.75+001950.9,22.00222026100608,0.002753707609643996,-99.0,-0.6878777799010871,0.014045442535392472,0.43918883514256385
1423661,010738.63-010811.3,20.846758356236926,0.004418107357624379,0.07954130699474356,-1.6511003252354013,0.012194255436440926,0.472545510683202
1424316,010543.52+004003.8,19.26970209461978,0.0,-99.0,-1.2949171715743155,0.0,9.97494376150515
1445102,235817.41+004259.0,-1000000000.0,-1000000000.0,-1000000000.0,-1000000000.0,-1000000000.0,-1000000000.0
1452855,230111.72-000355.8,22.570136354327367,0.009641698884932381,-99.0,-1.2231167650192294,0.03474842500275299,0.4300964281600426
1421704,011405.60-005652.7,22.43349379860394,0.004316463463442943,0.20617657486470178,-1.0700492298219393,0.018479828518637997,0.6148461963793251
1400898,021520.09-000209.0,-1000000000.0,-1000000000.0,-1000000000.0,-1000000000.0,-1000000000.0,-1000000000.0
1442784,000639.16+002821.0,22.224703372466927,0.009651808228454684,-99.0,-1.0219081270930848,0.01925059202440882,0.509107153676866
1448470,233409.40-010117.9,-1000000000.0,-1000000000.0,-1000000000.0,-1000000000.0,-1000000000.0,-1000000000.0
1396458,022728.66-005932.4,22.88376564028288,0.011493003854132766,-99.0,-2.0144141933131197,0.05104414432660065,0.2550272152113735
1452333,230500.29-000658.6,-1000000000.0,-1000000000.0,-1000000000.0,-1000000000.0,-1000000000.0,-1000000000.0
1404976,020401.19+005903.5,23.271136573061604,0.0061686199352628535,-99.0,-1.0392995897955077,0.013789096301144,0.39879528407880926
1415204,013326.34+004053.2,23.03051614619053,0.012482307502814649,-99.0,-0.9329245541867905,0.026616585303675333,0.3435319797889372
1451225,231318.48-003807.7,21.856916036163575,0.0,0.0940223092165065,-1.2876670008847597,0.0,0.31007150196910827
1449095,232915.95-011236.1,22.169507658789293,0.006706074662474748,-99.0,-1.3565638768602644,0.020412295392209234,0.3048406878666708
1396883,022614.46+001529.8,18.505966724346514,0.0,-99.0,-1.5848382061766264,0.0,2.500894870380133
1432075,004122.90+000843.6,22.613333897992938,0.00907308602147161,-99.0,-1.241557466992485,0.028932987807173127,0.6915677391812495
1414045,013634.33-001701.0,22.332467082627907,0.003731331787193426,-99.0,-1.4833718597121108,0.004852507210001411,0.532732193928103
1449612,232528.38-005953.9,23.460977920767,0.02937236717328595,-99.0,-1.179931361260444,0.051991537863094184,0.32647116643561225
1409451,014951.65+002536.4,20.64280147298515,0.0,0.42640131831657757,-0.8853588969536448,0.0,0.9892409817993049
1401634,021327.25-001446.9,22.621423368249914,0.014172610412162001,-99.0,-1.741004776357714,0.016248627845604324,0.849089825684011
1403648,020739.89+002050.0,22.0269671858781,0.005995289254974168,-99.0,-1.4555558404400681,0.009924286375628477,0.4823534820575757
1420247,011840.40+004004.0,-1000000000.0,-1000000000.0,-1000000000.0,-1000000000.0,-1000000000.0,-1000000000.0
1388743,024838.93-000326.0,-1000000000.0,-1000000000.0,-1000000000.0,-1000000000.0,-1000000000.0,-1000000000.0
1432504,004008.36-010348.6,22.68465217425034,0.028256967211204298,-99.0,-0.9019667713761033,0.05832940199808795,0.5998133801134918
1419799,011949.27-001542.0,21.3187932710426,0.0026904152548556937,-99.0,-1.3792796497241904,0.007341614372969207,1.6795821904317085
1453020,230004.62-004730.5,-1000000000.0,-1000000000.0,-1000000000.0,-1000000000.0,-1000000000.0,-1000000000.0
1408814,015151.96+010011.2,21.939194471628944,0.007238445865089815,-99.0,-1.6133439576135808,0.0062246712178662955,0.5197901098044896
1465265,212706.10+011305.7,22.84701105936123,0.008734710813040891,-99.0,-1.318251882674014,0.04028796771869403,0.697505582838576
1415273,013314.95-000127.5,21.548046097383,0.009871436209429874,-99.0,-2.7739457534972374,0.028619452629788045,0.7538870236420178
1388971,024755.34+003816.6,22.71535337991326,0.01364683856359683,-99.0,-1.077532077271159,0.03472547456393127,0.4399346637091683
1438860,001940.22-005435.9,21.504663673100048,0.0029501835289558187,-99.0,-1.4208332027953903,0.00982658784644097,0.6037961845210301
1436441,002750.24-004812.3,-1000000000.0,-1000000000.0,-1000000000.0,-1000000000.0,-1000000000.0,-1000000000.0
1411070,014500.09+010752.3,22.67100212287503,0.011421238753417384,0.29333789856656156,-1.2038203025495524,0.031159137844415374,0.29256618571249066
1452200,230601.72-000508.8,23.607430920113707,0.028892382554577267,-99.0,-0.8459630613454276,0.017293774308220877,0.2766976563719221
1435195,003154.29-005354.4,22.950086927963774,0.017337443826486165,-99.0,-0.05117714703033727,0.041798997033383065,0.49374649061133946
1437084,002548.50-003351.3,23.070988152638797,0.017599528636953465,0.216856493783898,0.36558007763611755,0.04245432394340684,0.5374204900650572
1447449,234124.90+003524.8,22.63605238263782,0.018829138144615953,-99.0,-0.38269410809657867,0.029846402347605938,0.30790513213072723
1422631,011056.90+001912.0,-1000000000.0,-1000000000.0,-1000000000.0,-1000000000.0,-1000000000.0,-1000000000.0
1452340,230456.06+000712.4,20.66486561180563,0.0,-99.0,-1.081344313486301,0.0,1.0295497348738225
1455823,223754.12-002414.7,23.19233926242891,0.042334836129223063,-99.0,-0.933529892898461,0.08972871791642684,0.42313920697767093
1424759,010421.49+001047.3,22.172724588833084,0.003975510403222415,-99.0,-1.0693840171434355,0.010768398617601371,0.5482843735754843
1447740,233911.59+004346.0,23.499023043526144,0.04303634618382901,-99.0,-1.7107350992237524,0.05214669934327232,0.807064770683014
1390623,024336.54-001616.0,23.292080614539522,0.035160013925281675,-99.0,-1.1211372361286291,0.06387196725373878,0.4295739346757946
1420992,011619.55+001604.7,23.45362860767751,0.0,-99.0,2.0488541320574756,0.0,2.405315078452074
1431601,004243.06+000201.3,20.083585516779102,0.0,-99.0,-0.8937458053653522,0.0,1.5515621383197207
1424484,010511.91-002914.8,22.405398447025185,0.0058728098885119095,-99.0,-1.1958329952025215,0.05027507252976482,0.35438734015560464
1465217,212726.32+005350.9,22.067955129161057,0.0011511238893469056,-99.0,-0.588151911371833,0.00876542715332107,0.7432793705350744
1427597,005518.60-011402.1,23.758200383985276,0.0606583529752136,-99.0,-1.4599821179972952,0.12129216385117247,0.32672675768378434
1413455,013824.21+002851.6,23.004265231620643,0.010209128107723231,-99.0,-0.33518240348093453,0.04312846264809159,0.6260294072458613
1457320,222636.46+003108.5,22.847981377883833,0.03916456377790034,-99.0,-0.24699060347423174,0.0504271132009986,0.29723133697868004
1447795,233846.87+003215.1,-1000000000.0,-1000000000.0,-1000000000.0,-1000000000.0,-1000000000.0,-1000000000.0
1450559,231815.09-005337.5,21.203484745810037,0.0035236680593531133,-99.0,-0.8297470223796388,0.0047763395520522,0.6472884582950938
1424640,010444.47-003652.8,23.62471872063511,0.0074602147412505815,0.6178293454273642,-2.1259738967910184,0.013524827964110253,0.25458547099783774
1437648,002350.17+010809.6,21.63155603705537,0.0,0.12678511512991292,-0.8663404449713825,0.0,1.304942641789248
1451764,230935.30+002015.8,23.610326459125737,0.015487313744300124,-99.0,-1.2837344564939421,0.030690283556315645,0.569765211258942
1455347,224148.00-005953.9,21.167551914463523,0.003058141912770651,-99.0,-1.0347175756148017,0.008173549034129923,0.9907402622909093
1464806,213011.18-002615.7,23.94159113191123,0.029632959652294844,-99.0,-1.7876553923561334,0.06511777204227687,0.33456530443728905
1443742,000333.38+002548.7,22.320447381766407,0.0074602981042382055,-99.0,-0.2919788194375572,0.01598839414619682,0.5689269893249927
1398752,022114.04-003255.6,-1000000000.0,-1000000000.0,-1000000000.0,-1000000000.0,-1000000000.0,-1000000000.0
1446804,234700.29-003634.2,22.846173138390647,0.012292464732945874,-99.0,-1.320856211821329,0.022601638822182135,0.35844508371913014
1389040,024746.86-002353.4,22.960355627568525,0.020797520787336765,-99.0,-1.1424568892722138,0.023034050497647618,0.5375459644105409
1449615,232527.52+003943.8,23.301283143711466,0.026569776743459173,-99.0,-0.9765154021681477,0.08698473153466141,0.25460844438129226
1428949,005040.58+001030.5,22.949428961182115,0.014461215859995491,-99.0,-0.7693585317058167,0.05332467298446425,0.353185009638092
1452735,230155.44-003517.5,20.335214392144785,0.00011982982567992906,-99.0,-0.7599127688186433,7.592258972755062e-05,3.749255312539096
1461271,215628.92+010528.1,23.110546223558906,0.015895826122820367,-99.0,-1.4766694176578206,0.038459083345654954,0.5316766276342849
1438611,002034.53+000518.4,22.6378470729257,0.009809135206362285,-99.0,-1.1783543935205545,0.01827838273676674,0.3626283199609632
1405258,020310.88-005337.4,-1000000000.0,-1000000000.0,-1000000000.0,-1000000000.0,-1000000000.0,-1000000000.0
1453178,225851.86+004436.8,-1000000000.0,-1000000000.0,-1000000000.0,-1000000000.0,-1000000000.0,-1000000000.0
1465706,212356.47-003551.3,24.229297475855397,0.03718603050791636,-1.0,-1.0234666765945595,0.08356630433593171,0.374021058444508
1463644,213826.56-000126.4,21.985501166738864,0.0008780672381369925,-99.0,-0.7547925547313739,0.004769447345191413,1.189943334418001
1393579,023514.47-001658.7,23.467045509969985,0.019361451112942518,-1.0,-1.236702546651716,0.05044428778938814,0.4204016671527017
1444444,000113.25+010058.2,21.820130838055555,0.027912172741784147,-99.0,-0.3682003307958217,0.029781537804594804,0.3581670098969044
1428402,005232.43+005123.0,20.275208945743522,0.0,0.22965787558807843,-1.7904960843436397,0.0,0.8006439264286849
1431339,004326.14+010223.4,23.20941209622874,0.025215033251111407,-99.0,-0.7978607591858253,0.0439556450482535,0.3134778398543049
1451141,231408.02-011355.4,-1000000000.0,-1000000000.0,-1000000000.0,-1000000000.0,-1000000000.0,-1000000000.0
1397282,022509.75+001456.0,21.72367474359799,0.002256274998293506,0.747320859396029,-2.350591869089596,0.005389844422703627,0.9272744113928996
1436913,002622.52+010111.9,22.404486489267263,0.0,0.27857214904529976,-1.2830124353061727,0.0,0.30165349739928143
1430195,004646.60+001621.3,23.65664529086876,0.02075105274573552,-1.0,-1.2535740262432182,0.08447572822782756,0.640649272537993
1395134,023056.75+004933.5,21.48372318720225,0.0010725860807347942,-99.0,-1.870353908862862,0.0037089830546159774,0.9667216231560969
1464382,213323.72+010808.2,-1000000000.0,-1000000000.0,-1000000000.0,-1000000000.0,-1000000000.0,-1000000000.0
1444969,235906.85-003728.4,22.88672895586874,0.016523229653833127,-1.0,-0.628423447609598,0.02466028757315114,0.4708449112574422
1410965,014520.81+002021.7,23.694020311500502,0.01825762373521833,-99.0,-0.7535488583923939,0.05466146327305016,0.4619098691532052
1433625,003642.23+004618.6,23.67743157962598,0.02728903008012651,-99.0,-1.9863066565291034,0.054974418881688414,0.3305623775873411
1463993,213606.59-002735.8,23.074289372136242,0.008422468018780549,-1.0,-1.0643147140630842,0.019535231319761426,0.37976975208728275
1459342,221115.26+002006.1,22.69385432836483,0.01635014779463262,-99.0,-1.044328458629594,0.024541071504044054,0.4631266570976473
1395618,022938.85+003800.7,23.527689145847184,0.017388525052313142,-99.0,-1.3727890047661693,0.04249760734759611,0.2449043133312619
1421174,011546.52+005208.6,22.22870389202513,0.012984097999240163,-99.0,-1.507844316842709,0.03953793387317739,0.4635757960201404
1408932,015130.22-005702.5,22.387197213606832,0.0,-99.0,-1.0216193580580786,0.0,0.71887983198058
1450895,231600.42+010935.0,22.754007033823278,0.006462224461145638,0.17987171382118267,-1.4906434578461552,0.0365071585563842,0.3111186248764191
1419444,012052.05+001935.8,22.82081913959602,0.020340913031793306,-99.0,-1.3698237038927044,0.05900347607732348,0.37317021281581464
1457154,222748.72+003219.2,-1000000000.0,-1000000000.0,-1000000000.0,-1000000000.0,-1000000000.0,-1000000000.0
1452487,230356.11-002750.1,22.772575597961314,0.03167990091468731,0.1000903762815297,-1.1426763910450086,0.0870321501103768,0.40884073960243905
1448534,233341.47+005318.3,-1000000000.0,-1000000000.0,-1000000000.0,-1000000000.0,-1000000000.0,-1000000000.0
1414172,013610.54+004046.0,23.64404097722231,0.023490778177928107,-99.0,-3.259662562655654,0.03039536091982864,0.40904505455160883
1465343,212625.31+005008.8,21.966396667365537,0.010443784826357216,-99.0,-0.9323575287363202,0.006633063424383856,0.5421931598821773
1460588,220139.19+010848.9,-1000000000.0,-1000000000.0,-1000000000.0,-1000000000.0,-1000000000.0,-1000000000.0
1459613,220915.25+003550.6,22.447095908155866,0.020013662645874675,-99.0,-0.42358789558187215,0.027466308558976693,0.7884747917984728
1451244,231311.91-004538.1,21.520490917515623,0.0037812440785156554,-99.0,-1.394638859184218,0.011310195228548703,0.5945926148192501
1398737,022116.91-003921.9,23.443012946901028,0.01539647606391803,0.18242419615865005,-1.0801486392207829,0.05076114453598407,0.2680827500132877
1464676,213110.54-003536.9,19.785108400419368,0.006103102532337701,0.33193791831612096,-0.17647807450444208,0.005915539125210811,8.877084860662398
1423553,010801.82+001212.5,22.270133797300367,0.011944592933827991,-99.0,-1.998121622565641,0.02079385725952254,0.3857445608265828
1408535,015246.06-002642.3,22.274180115085876,0.006519733342971179,-99.0,-0.5563384802195062,0.025962340792850924,0.5921388597913249
1464365,213331.44+004609.5,22.219925317995596,0.016590805990679414,-99.0,-0.2535026468320192,0.044718881273874835,0.7040144293267876
1407112,015716.68-011439.2,-1000000000.0,-1000000000.0,-1000000000.0,-1000000000.0,-1000000000.0,-1000000000.0
1438929,001927.87+003359.8,21.21095669876241,0.004845874569454622,-99.0,-0.5245132743567273,0.010656187747727974,0.3268922723396963
1464788,213017.30+004206.5,21.831409042651238,0.011406821689377011,0.667911702573492,-2.6747933087197104,0.01741977426668262,0.504499597119355
1435407,003113.04+001020.3,22.239716469224255,0.017726047112178733,-99.0,-0.9540863535637856,0.027655252441294353,0.5330833142374946
1439736,001651.18-002834.4,22.785342076528487,0.0085600413077902,0.060568907541592304,-0.42286861867801484,0.009203444336428473,0.3001523488260421
1452873,230104.73-010731.5,22.675132444938235,0.016171331325720573,-99.0,-0.7549128358619557,0.03698520949226308,0.49716678525185914
1424982,010341.57+003421.1,23.559175785645756,0.019277820901697496,-99.0,-1.2311385183553956,0.039667507484438924,0.5114002605285684
1465321,212632.92+001929.0,22.01327963174372,0.0076156682978734125,-99.0,-0.9958086307866933,0.01716937606613822,0.29235644150768614
1421314,011522.03-004937.3,-1000000000.0,-1000000000.0,-1000000000.0,-1000000000.0,-1000000000.0,-1000000000.0
1464250,213417.76-000142.9,22.930204772344815,0.010336446326126847,-99.0,-0.7877301471916729,0.02307605203966151,0.4541943209296428
1420419,011805.90+002804.3,23.439026774552282,0.011113532260367265,-99.0,-1.0783631352503815,0.04304453191500146,0.3647013135319157
1440493,001426.30+004529.1,22.71620381551937,0.010309907245469319,-99.0,-1.470985550431359,0.030533075002000754,0.4168984485097742
1411940,014232.25+004559.6,21.241768836202375,0.006307859672043392,0.1189026634643034,-0.47928770553620037,0.011355007151641117,0.6986758137062731
1419968,011923.26+000507.8,21.323571804608243,0.0014306592443968924,-99.0,-1.6457141180381845,0.006870329111042239,0.9328800847550317
1446294,235035.27-000053.6,22.95629415638843,0.03469866803303745,0.2177287349812884,-0.9414838848248772,0.050472616035917295,0.28502998020395287
1432798,003913.86-005909.0,21.478720762117867,0.005049013492373078,-99.0,-0.8563273528879467,0.020389436000869843,0.27637140940970767
1414723,013438.98-005118.3,22.475052342004766,0.0077600774400909955,-99.0,-0.2527977310338514,0.02803371807909888,0.3277636107407329
1465856,212258.30-011313.7,22.691945285431892,0.05085775850404595,-99.0,-1.2504231216974544,0.07622888991562404,0.7831973742612921
1445501,235552.28+005959.8,19.777651849277696,0.0001418617505066777,-99.0,-0.9521710763145528,0.0006598509273487707,1.4678967416280977
1410466,014648.52-001051.8,22.7477465595341,0.0024763171168107334,-99.0,-1.3457080782136561,0.017080311840212303,0.7445589328040527
1435889,002941.87-003713.8,24.16682254225274,0.007319194367285675,0.5851124819573721,-0.6456483925017888,0.010171935693297662,0.5671074330984919
1415806,013142.98+001804.6,22.616388331602785,0.005260081823159624,-99.0,-1.5485417879338437,0.013445606102463481,0.3931454062209959
1388983,024754.43+004618.2,22.690500688578375,0.017545438063377716,-99.0,-0.9080622956471993,0.03642184686675615,0.620027926694772
1416898,012829.14-003746.5,22.71547948156013,0.004777379936342641,-99.0,-1.0585783607513894,0.030135871114352397,0.3252975105977534
1447669,233947.14-003457.3,22.718267243428805,0.011097102706614237,-99.0,-1.2564267012579515,0.02526413176864528,0.2196636186899548
1400754,021544.67-003811.4,-1000000000.0,-1000000000.0,-1000000000.0,-1000000000.0,-1000000000.0,-1000000000.0
1449276,232759.03+002504.6,21.638334104312385,0.004835864503123233,-99.0,-0.8875674418197468,0.013980501760367192,0.913146566438861
1451270,231304.38-002724.8,-1000000000.0,-1000000000.0,-1000000000.0,-1000000000.0,-1000000000.0,-1000000000.0
1412903,013959.12-000227.8,24.001626558611626,0.014874440488190643,-99.0,-2.0181223834851503,0.036778600113727355,0.4344062613416429
1435371,003120.18-005513.2,22.03916737484429,0.0,-99.0,-0.4009197893670393,0.0,0.970194434527794
1425090,010319.81+004536.4,24.104401545636684,0.00038104896491475415,0.4690079221810861,0.12221080561480058,0.052252040405837974,0.26810142182415053
1450132,232137.20-004856.2,-1000000000.0,-1000000000.0,-1000000000.0,-1000000000.0,-1000000000.0,-1000000000.0
1420078,011905.92+003531.6,-1000000000.0,-1000000000.0,-1000000000.0,-1000000000.0,-1000000000.0,-1000000000.0
1450898,231558.01-003707.1,22.005652322774303,0.006843903908553273,-99.0,-1.2295390692896717,0.016345173327637852,0.5057646052961732
1463727,213754.63-010657.2,22.933806987121166,0.017356261303707043,-1.0,-0.9474102035212013,0.02644041499479599,0.33596381772002315
1465665,212412.64+010635.9,22.52232680368774,0.007184576586816149,-99.0,-0.8677894864825593,0.023420691368047197,0.4455638504198334
1400161,021727.48-001530.5,22.8906229865266,0.03281552746310368,-99.0,-1.3660004217748893,0.04247712296907746,0.6584558059263411
1408352,015318.19+000911.4,19.810823164605047,0.0,-99.0,-1.3714246646512285,0.0,1.0981500995004727
1399338,021938.66-004204.2,23.075317555258444,0.035830431405372565,-99.0,-1.223115343685277,0.055107848460714925,0.35426715656120467
1443450,000433.93-004844.7,-1000000000.0,-1000000000.0,-1000000000.0,-1000000000.0,-1000000000.0,-1000000000.0
1437320,002456.70-001717.7,-1000000000.0,-1000000000.0,-1000000000.0,-1000000000.0,-1000000000.0,-1000000000.0
1465702,212358.98+001930.3,22.627898227613933,0.016175944046503687,-99.0,-1.724766909260091,0.04449378078412791,0.4348723877632148
1419589,012023.55-003438.0,23.630502074409158,0.040133615057023064,-1.0,-1.9566677319824333,0.0635104523208656,0.4238692194424103
1406881,015802.36+002917.3,21.962710133825446,0.00509390555627931,0.2378443028271799,-1.260552815520331,0.034467840582276366,0.4582951384294108
1398638,022132.47+005927.0,21.90821510524932,0.002318925972861763,-99.0,0.5090943176485601,0.01847755523147837,2.8776947884722275
1401518,021345.14+002133.4,22.562283223765725,0.008357464231414369,-99.0,-0.15527033947117275,0.02267988948274373,0.7229020137006769
1437033,002558.03-003004.7,23.29083587063011,0.06135622176508981,0.18592161766136805,-1.4768248597682754,0.035688854718460616,0.16101133193363046
1445514,235545.51+004923.1,19.691510165234554,2.9961969527647625e-06,-99.0,-1.1551511098850535,0.0001663039540746869,3.202460037540108
1443134,000531.32+000838.9,23.77809361546833,0.04021913929311616,-99.0,-1.5254515725380626,0.05299538031313222,0.3821223977950709
1400251,021713.10+004107.2,23.76876884315694,0.028237753577577962,0.35636914196918806,1.6791176932941223,0.03568373700340999,0.8504826370811405
1415787,013145.32+004754.1,-1000000000.0,-1000000000.0,-1000000000.0,-1000000000.0,-1000000000.0,-1000000000.0
1444990,235855.91+003634.0,22.274469771813166,0.005470164634591157,-99.0,-0.8230222993482954,0.02710738320892192,0.28703098674550925
1417513,012650.98+004648.0,23.462013961815664,0.0181335747862299,-99.0,-1.3795684621403388,0.03937062065795072,0.6595870831246228
1400140,021731.26-002727.7,22.057463755721066,0.008750808644855113,-99.0,-1.8061339789148008,0.032039933509449336,0.45983074960199133
1397299,022506.98+010543.1,22.69926996284739,0.005290362745000721,0.13965327332182365,-0.7762082337913245,0.012924414225643555,0.44419192462988133
1445124,235809.47+010319.4,23.986428676212093,0.012976962997690578,-1.0,-1.4793796981254732,0.03488272357070776,0.5324290789873309
1449125,232900.81-002031.8,22.54913212138876,0.027011100421932,-99.0,-0.917973982990528,0.06934564920721203,0.42260869060215855
1442695,000654.88-001351.6,22.554710216104986,0.005345877966620449,-99.0,-1.1274677442038477,0.012470822559552008,0.6034330191200374
1466297,211934.77-005336.8,23.445075040075174,0.02384349425703647,-99.0,-1.2811005224806102,0.02459951551511974,0.49004096458610696
1453086,225933.25-005128.4,22.9816091219297,0.015227439558715972,-99.0,-1.1919318327449293,0.049107644677423345,0.20405944923139382
1410815,014546.10+000301.9,22.32987146454331,0.010085767577932003,-99.0,-1.5778861644940365,0.024511727210559164,0.4507208353940164
1443093,000542.49-003022.0,23.26258721921581,0.0037626202017815302,-99.0,-0.5533034402731829,0.05419746061060415,0.21265711587971292
1460647,220111.75+003426.7,-1000000000.0,-1000000000.0,-1000000000.0,-1000000000.0,-1000000000.0,-1000000000.0
1391904,024010.18-003201.6,22.62882672056282,0.017427620102541397,-99.0,-0.2895958726228578,0.04484857071944223,0.43237384977595694
1442139,000840.63+011419.1,-1000000000.0,-1000000000.0,-1000000000.0,-1000000000.0,-1000000000.0,-1000000000.0
1410446,014651.39+000942.0,23.295683191471447,0.01182848382974555,-1.0,-0.23710769857002845,0.02877579214039487,0.4699264032920368
1395054,023108.03-003134.7,23.119888953404434,0.024793207522604277,0.3231187109580718,-0.45198182280610766,0.09394279841584632,0.4680937038784017
1448632,233255.05-003936.2,-1000000000.0,-1000000000.0,-1000000000.0,-1000000000.0,-1000000000.0,-1000000000.0
1460265,220401.67+003757.2,21.224109629660795,0.0,-99.0,-1.6089119114910524,0.0,1.7094439862086739
1459632,220905.78+003511.0,23.80364776721438,0.0163286199096202,-99.0,-1.485951836794773,0.054266163591473404,0.7740750763460557
1460367,220313.73+010617.0,-1000000000.0,-1000000000.0,-1000000000.0,-1000000000.0,-1000000000.0,-1000000000.0
1463080,214239.45-001323.5,-1000000000.0,-1000000000.0,-1000000000.0,-1000000000.0,-1000000000.0,-1000000000.0
1432767,003921.33-010950.0,-1000000000.0,-1000000000.0,-1000000000.0,-1000000000.0,-1000000000.0,-1000000000.0
1415689,013205.54-001413.9,23.450623170911648,0.007452881213962925,-99.0,-0.8936946655259534,0.02863656664178471,0.358946317676237
1436676,002705.84-003756.6,22.45278437175248,0.0019723161318818683,0.4154658336532257,-1.126038878377139,0.019479546166150996,0.3223920124757916
1394399,023255.15+002617.5,23.069594801771935,0.014848811201693124,-99.0,-1.177967514681376,0.03486858575487184,0.3420223668660045
1431402,004316.50+001045.1,-1000000000.0,-1000000000.0,-1000000000.0,-1000000000.0,-1000000000.0,-1000000000.0
1420105,011902.58-004238.9,21.8285406148318,0.01611974400199223,0.21442987657371967,0.7566748835054815,0.012988061793323458,0.8347118556328957
1451470,231140.31+000924.7,22.910923197544314,0.010486348904894527,-99.0,-0.6677630344332739,0.028799716261609265,0.30561348565519736
1396021,022836.65+002802.6,23.393025468853047,0.04365648133224376,-1.0,-0.48338871747097034,0.07343558113487383,0.9916037770483878
1408237,015342.32+003704.7,21.3523953162507,0.0037255834889737827,-99.0,-1.5465311580466121,0.012057403870090244,0.8400789392559976
1392426,023845.82-004257.2,22.812310068942956,0.01602938761801731,0.7777107280914857,-2.635340252380134,0.018388867416037957,0.35693683355314443
1418822,012241.33+005410.3,22.551431797870272,0.015430002770058238,-99.0,-1.1027288067547283,0.03418227172473831,0.23070024745228196
1407714,015520.17+001400.9,23.318652128285287,0.01799684772809229,-99.0,-1.2987801088017878,0.06953108185373424,0.1874111884379419
1438257,002151.66-010823.6,-1000000000.0,-1000000000.0,-1000000000.0,-1000000000.0,-1000000000.0,-1000000000.0
1424266,010552.67+010045.0,23.682707664039903,0.020672160696326713,-99.0,-1.4060274734127889,0.054225829000009496,0.4092861929760927
1395036,023111.09-000315.6,22.758445942131495,0.008784310991583055,0.08995325409583924,-1.6658849505833366,0.046358855087359485,0.2591397968979893
1417622,012630.37-010500.6,20.400163301438077,0.013491466688630993,-99.0,-1.0458053731443187,0.02324478449724432,4.089364977617113
1400383,021649.25-003723.5,20.897108839555706,0.00040543499419065654,-99.0,-1.179076645526791,0.0007061870151992,1.2355149298358616
1389813,024541.30+005425.8,-1000000000.0,-1000000000.0,-1000000000.0,-1000000000.0,-1000000000.0,-1000000000.0
1445466,235601.95-010612.7,22.759539008960864,0.0033579722664267564,0.1875056679165141,-0.13175248356415192,0.036274526284205244,0.3608475201439929
1447012,234524.00+004359.2,23.212370299799723,0.03210955841963958,-99.0,-0.38483506089369435,0.012590726029002658,0.35196011751350254
1445708,235425.86-010547.4,23.314505926152982,0.012150903465348861,-99.0,0.4619256089550694,0.05165299232047316,1.1097534900645145
1447611,234012.57+003047.0,22.803810679534713,0.01541113694711882,-99.0,-0.874325580995527,0.024051497678191758,0.7724309237754208
1411854,014246.47-001018.5,22.54362959626868,0.011141422188511996,-99.0,-1.5424331088183179,0.024924484117993195,0.3354196808631622
1392744,023748.51+011037.8,22.502276461886247,0.015012452154365974,-99.0,-1.6678080126676753,0.029815923578035863,0.24071525052460715
1409729,014858.92-003703.1,-1000000000.0,-1000000000.0,-1000000000.0,-1000000000.0,-1000000000.0,-1000000000.0
1402364,021123.37+001959.4,20.5065088115281,0.0,-99.0,-1.0167291591611685,0.0,0.8769153984475581
1449415,232656.27-005347.2,23.293782519016624,0.04304127146362191,-99.0,-1.3292068915949522,0.05564034557637054,0.576263046848668
1426812,005744.88-003907.1,22.634378887784173,0.01776211028899688,-99.0,-1.2138413610912497,0.042671434394741636,0.4148157730361437
1448111,233638.29+003716.4,22.867310873955198,0.011273254296160218,-99.0,-1.311848332365121,0.02845778689126377,0.29109678937559136
1448074,233652.80-002912.5,22.956860110162346,0.01660837233172785,-99.0,-1.3832301526169366,0.035990932058515,0.434105596796734
1400150,021729.43+000511.0,22.995935387409666,0.012342246077725605,-99.0,-1.4852028689154535,0.03532487198744694,0.260180295409496
1411234,014434.48-004704.1,23.318383039814,0.026608014739224473,-1.0,-1.807578196659617,0.05670847587054584,0.29366974429595877
1446416,234942.67-010828.0,23.19339418312064,0.018996567676605736,-99.0,-1.6444742909179633,0.05356882850665168,0.3481480070472365
1443401,000444.07-003330.1,22.90030931428327,0.018320528056401386,-99.0,-0.9060909780766151,0.03488357194612157,0.31116421329770627
1445961,235248.71-001518.4,-1000000000.0,-1000000000.0,-1000000000.0,-1000000000.0,-1000000000.0,-1000000000.0
1464464,213245.24+000146.4,19.834105130250585,0.015873711457272677,-99.0,-0.9491262304183605,0.014432386921300722,1.0446208050847974
1449654,232512.68-002828.7,22.338369872234246,0.0,-99.0,-1.5688890059846825,0.0,0.4401192336455534
1460171,220501.19+003122.9,22.225454037030097,0.0052190559155196325,-99.0,-1.3219580701513336,0.029829741882047456,0.3050679430195743
1410005,014812.11+001545.5,23.320327056064663,0.043018755660764185,-99.0,0.42832455146992743,0.05308805974369854,0.3767325820474
1433902,003557.60-005309.8,21.197528307837082,0.0002278991860649171,-99.0,-0.8399946186445719,0.0010952345695174337,0.7452586178188126
1401007,021504.15-005239.7,23.383180200313753,0.00998375611606761,-99.0,-1.1004507321978196,0.04164579686224856,0.26876930466913224
1429056,005021.22+005135.0,20.54810908326173,0.002487515837037435,-99.0,-1.179719082008809,0.007359606346875713,0.957779304669296
1442123,000844.04+001501.1,21.28493728272219,0.0047546301568957006,-99.0,-0.9971245990908892,0.010831393937073497,0.8536963873505804
1402541,021050.40-003448.2,22.93882101592272,0.016930692393986035,-99.0,-1.1044288083608436,0.025779036627436303,0.31247921694629865
1403247,020851.68-010323.1,23.29432813655817,0.04222696390720593,0.1337961562542884,-1.590617991683998,0.0858087421617556,0.32453750564457257
1402390,021119.82+010251.7,23.40245561050336,0.006562896653035111,-99.0,-0.716660987645418,0.019409255471752485,0.6601234739777179
1451250,231310.44+003204.5,22.59209258434705,0.037116155581635724,-99.0,-0.7752439687289439,0.08134576843717073,0.4681317525497079
1417370,012714.65+001650.3,22.853457225542833,0.02481742576184942,-99.0,-0.40318362218095416,0.04530194701528675,0.3414798990092149
1426508,005848.47+010419.5,23.64574051179344,0.02303371319288594,-99.0,-1.5912154027982677,0.04684518306720631,0.3169306961368838
1425243,010251.06+000848.9,22.66978271242096,0.011697183812504619,-99.0,-1.1978771686561434,0.03213863773280823,0.23217690189818535
1427727,005454.62+001759.2,20.977103842123675,0.0031318900756982515,-99.0,-0.9794416085562574,0.009370413873729944,6.494167027254316
1448287,233523.52+002852.9,-1000000000.0,-1000000000.0,-1000000000.0,-1000000000.0,-1000000000.0,-1000000000.0
1400345,021655.86-005229.0,20.237618023456825,1.2345222044629622e-05,-99.0,-0.9891434118442435,0.0005565220098402435,1.0758125122565199
1465815,212315.58+001819.8,22.575877628943083,0.0460132240935085,-99.0,-1.4576857317421625,0.0896259859012023,0.5574536715369236
1426065,010018.64-000456.9,21.56308537259627,0.011612958939268836,0.5955057028565982,-3.6186442784155073,0.03618398209738061,0.4088659090963864
1451061,231446.49-000717.5,20.924134135006263,0.0,-99.0,-1.0609457964017284,0.0,4.119911003922738
1432626,003946.87+003452.8,-1000000000.0,-1000000000.0,-1000000000.0,-1000000000.0,-1000000000.0,-1000000000.0
1415322,013306.18-004523.8,-1000000000.0,-1000000000.0,-1000000000.0,-1000000000.0,-1000000000.0,-1000000000.0
1445145,235800.62-000107.5,21.736371608142356,0.0021089976777499686,-99.0,-1.2831032577784796,0.002054562611302102,0.6397048034034689
1464551,213206.48-000412.7,23.45216113258433,0.04216285118086027,-99.0,-1.362136817333262,0.06640229104091444,0.540173277605087
1405148,020333.01-000845.9,23.084734187394652,0.006779639320964037,-99.0,-1.1317046248549851,0.02206714552591693,0.843420493348259
1411826,014252.44-003736.3,22.4748244943195,0.003624586838162358,-99.0,-1.0000589243657814,0.020089397902602057,0.9327047279256593
1440689,001346.52+003402.9,20.434878628755378,0.0,0.14038521854426778,-0.5213479617716086,0.0,1.0945879556066787
1441562,001043.84-001729.7,21.996121427334934,0.00591409488846395,-99.0,-1.2380001230320778,0.022282507517344285,0.383212415000891
1429425,004907.26-000224.9,23.496385112807396,0.028212054776304285,-1.0,-0.5432135316739055,0.0653490062353978,0.5224240569378223
1446242,235100.78-002611.7,22.65367040131725,0.008965781176719645,-99.0,-0.968473523504473,0.030164845313057076,0.30884126795595346
1419145,012150.22+004636.1,22.821502152950153,0.013315082243465781,-99.0,-0.8791285425167645,0.03283147323913721,0.27838297546317675
1444594,000045.05+011127.8,23.729531614424992,0.02239318391844769,-99.0,-1.571745717010311,0.05036884785268403,0.2743883709481207
1401685,021320.00-004334.2,-1000000000.0,-1000000000.0,-1000000000.0,-1000000000.0,-1000000000.0,-1000000000.0
1451486,231133.09-001449.4,21.500633535149056,0.0024204678140460345,-99.0,-1.4165918727407343,0.005695498641640873,0.4331487832378313
1423941,010648.03+004627.6,20.921541880171283,0.0037015033742182624,-99.0,-1.001355253918831,0.010162908600566456,1.040164762175333
1413282,013854.14-005851.6,23.41637749437472,0.012507325622950205,-1.0,-1.1752303373989825,0.038433994276214856,0.4944260775606027
1432799,003913.82-011112.7,-1000000000.0,-1000000000.0,-1000000000.0,-1000000000.0,-1000000000.0,-1000000000.0
1463258,214123.56-002846.5,-1000000000.0,-1000000000.0,-1000000000.0,-1000000000.0,-1000000000.0,-1000000000.0
1408381,015311.96+005948.8,22.29643721509256,0.0032755364028069778,-99.0,-1.7021080127997164,0.00798776134481427,0.40372755397458976
1404853,020422.63+005951.1,-1000000000.0,-1000000000.0,-1000000000.0,-1000000000.0,-1000000000.0,-1000000000.0
1427722,005454.94+010102.7,-1000000000.0,-1000000000.0,-1000000000.0,-1000000000.0,-1000000000.0,-1000000000.0
1404467,020524.22+002814.2,23.299729681614586,0.05831016725660554,-99.0,-1.2688913280769718,0.0682710738420011,1.104048611823821
1451428,231158.59-005035.9,22.49457149075547,0.006300118032722679,-99.0,-1.0812550000930972,0.018223466025144797,0.5573736563687627
1447787,233849.80+000810.9,-1000000000.0,-1000000000.0,-1000000000.0,-1000000000.0,-1000000000.0,-1000000000.0
1448138,233626.77-000803.6,19.951982903903946,0.0,-99.0,-1.570142088173272,0.0,7.353731679580673
1391229,024202.62+001912.4,22.129403143193237,0.011016749929826375,0.19895644126281098,-0.6027524267888467,0.024594642014679535,0.4439793635394638
1400276,021707.71+005329.0,22.910608764243328,0.01382114971323567,-99.0,-1.1580700535815147,0.032585246177893934,0.6419491628462088
1447993,233728.56-000740.8,21.87574102124477,0.005315817166637871,-99.0,-0.7769061632444876,0.014918300059141743,0.4086978724052714
1436425,002754.88+000556.1,23.13067583208882,0.02221200784276789,-99.0,-1.7502520405482795,0.062334602512602366,0.25029740020096175
1391011,024232.09-003151.5,22.879580095892216,0.02424416131351137,-99.0,-0.8459061697238432,0.05273752564485257,0.32316505593275113
1441752,001002.04+004224.6,21.26024663848346,0.0,-99.0,-0.6073368075512917,0.0,0.6773409166396496
1422609,011101.74+005727.5,23.41863827411185,0.0,0.670563809462379,-1.1522195369354695,0.0,0.35765184956093116
1407784,015505.36+000941.3,22.264459711810012,0.012793909019590544,-99.0,-1.786435216985582,0.036456006064038426,0.41077070574275754
1418856,012237.00+004809.5,22.68832105882567,0.011794546614440904,-99.0,-1.7343714031648525,0.026944109996986487,0.2191740196077195
1414092,013624.89+002542.9,22.929995882992905,0.005537969175319901,-99.0,-0.9681971259213906,0.044066814166194734,0.5268167386965649
1447124,234418.37-000857.0,-1000000000.0,-1000000000.0,-1000000000.0,-1000000000.0,-1000000000.0,-1000000000.0
1441032,001233.78+003210.4,22.97605755514315,0.026135200837522632,0.34057669918290717,-0.0036821447008774655,0.06045524623483389,0.43045381283007117
1463185,214155.23-000023.5,22.125982818793112,0.001149220391258865,-99.0,-1.1494019266063997,0.009554751351307011,0.4949712002793684
1424468,010514.44-005235.8,21.973056751606727,0.030410231043500602,-99.0,-1.5141074308752036,0.06711800385949163,0.3817709102751759
1439179,001839.83-001303.0,-1000000000.0,-1000000000.0,-1000000000.0,-1000000000.0,-1000000000.0,-1000000000.0
1387976,025057.06-005922.9,22.32165213070426,0.012173911635020573,-99.0,-0.8450834439950405,0.017835259467139652,1.2178770345565226
1392834,023730.16-005228.4,23.309859221912923,0.03117369175911655,-99.0,-0.47014830477881375,0.05924335893079016,0.3340880801996048
1405466,020234.72-011014.7,22.68881280662729,0.010376163746554923,0.345719818306041,-1.8715154191341528,0.04075175152847543,0.38789718459570677
1441257,001146.06+010654.9,-1000000000.0,-1000000000.0,-1000000000.0,-1000000000.0,-1000000000.0,-1000000000.0
1452552,230324.80+004107.1,22.184360664330335,0.0,-99.0,-0.9518795559926847,0.0,1.6234118296241336
1447673,233944.57+001016.0,23.32081639399636,0.030603885164994793,-99.0,-0.5416774534615785,0.09018186165059305,0.13493590431141209
1390594,024340.59-003801.4,22.32553489070002,0.03081421720962041,0.3906001174641401,-0.7705849969157743,0.01762596783422915,0.569041459543577
1389815,024540.97-000220.7,23.58247096924584,0.02796407631849185,-99.0,-1.2030486642895983,0.05868698297959429,0.39169031109901953
1446193,235120.89+000538.1,-1000000000.0,-1000000000.0,-1000000000.0,-1000000000.0,-1000000000.0,-1000000000.0
1403267,020848.53-010641.8,23.17049587811018,0.02105510048536985,-99.0,-1.3000133571215735,0.05564277923862515,0.3993121464520912
1410649,014614.43-003451.4,22.50703122515798,0.016551529037576174,-99.0,-1.6484707994086838,0.028710978335247606,0.49285056538273225
1438281,002145.88-005441.5,23.52707031916477,0.03301491541043866,-99.0,-1.0481148597090035,0.03775530253806103,0.3086626568461944
1452279,230524.70+003624.7,20.506703447099945,0.026280369941593662,0.15798774591007397,-1.777241204360739,0.019316195150448134,0.6152802620419906
1430721,004515.57+003621.3,23.4022697118424,0.017042213115452398,-99.0,-1.6899358852619288,0.05262784424378808,0.25606537075162744
1401066,021452.00-010444.6,22.96973229911952,0.018917128450217646,-99.0,-1.2244031083305198,0.05752412909908011,0.32562047633125124
1430122,004700.07-000257.8,21.826556007842605,0.010196704377785082,-99.0,-0.9856767173094223,0.026089734329026726,0.27972892585914655
1415075,013346.90+003448.8,-1000000000.0,-1000000000.0,-1000000000.0,-1000000000.0,-1000000000.0,-1000000000.0
1451127,231413.86+002435.3,-1000000000.0,-1000000000.0,-1000000000.0,-1000000000.0,-1000000000.0,-1000000000.0
1397897,022325.67+000405.2,22.29472207875309,0.00660995844069312,-99.0,-0.8318701570795808,0.0289451482534287,0.5308453193270449
1417706,012614.63-010249.7,-1000000000.0,-1000000000.0,-1000000000.0,-1000000000.0,-1000000000.0,-1000000000.0
1439259,001824.07-003623.6,23.37366001961339,0.025189746310250172,-99.0,-1.543706519622595,0.04124476663941723,0.410623690834448
1426690,005808.75+001559.4,23.915047360135354,0.06797527534722292,0.3263381610044432,0.7993798957881735,0.09195826029515408,0.3058307522967853
1412887,014002.58-003159.2,23.278894416801172,0.023444726298009755,0.16013682905637183,0.26221249446721906,0.09035363064053918,0.41905036479177593
1449931,232300.69+003555.9,-1000000000.0,-1000000000.0,-1000000000.0,-1000000000.0,-1000000000.0,-1000000000.0
1432952,003847.22+004034.9,22.835873771377074,0.012208147324699326,-99.0,-1.3180424673700957,0.01881238199019042,0.35393954501575475
1416494,012937.02-003911.9,23.669143726118172,0.021546521676727437,-99.0,-1.1623971014147205,0.048406459312371086,0.6331738783307517
1446025,235220.19-002756.0,-1000000000.0,-1000000000.0,-1000000000.0,-1000000000.0,-1000000000.0,-1000000000.0
1440330,001457.57-002939.0,-1000000000.0,-1000000000.0,-1000000000.0,-1000000000.0,-1000000000.0,-1000000000.0
1450229,232057.04-000326.1,23.26116596350567,0.021737111821247268,0.6106089796897993,-1.6524193326319616,0.0583054726128317,0.26390843676046605
1465648,212418.42+004416.2,22.551857982967697,0.006548145829894381,-99.0,-1.237595343919824,0.025244616336452697,0.578378245171007
1445969,235244.51+011047.8,22.308996000433446,0.010924480850009743,-99.0,-1.7909145554029746,0.030539718523496684,0.26494930695700786
1396261,022801.05+003943.7,-1000000000.0,-1000000000.0,-1000000000.0,-1000000000.0,-1000000000.0,-1000000000.0
1447416,234142.04+004949.3,22.348069661888466,0.004087587542160875,-99.0,-0.7988533387986356,0.017520358372217715,0.8482367255998282
1436372,002806.55-000751.7,22.8255247335375,0.012679498749577078,-99.0,-0.9465580895169294,0.03812241769777058,0.3496949488597713
1393296,023604.44+002905.2,23.387054316648992,0.018287274893840078,-99.0,-0.5074363836347029,0.024352307493532177,0.690625910160609
1409028,015111.92+005442.0,23.161720094494008,0.001950159201244972,-99.0,-0.7211255957485747,0.013297266003618802,0.26001269865666254
1438926,001928.53+001740.9,-1000000000.0,-1000000000.0,-1000000000.0,-1000000000.0,-1000000000.0,-1000000000.0
1420792,011700.07-000125.9,23.085230999348916,0.007201263819354153,-99.0,-1.9076946516071693,0.011477291862360461,0.4137126426617165
1451863,230850.10-001051.2,22.55794846643287,0.008689016108744951,-99.0,-1.126784029232529,0.026615439062968704,0.32752066734904756
1447590,234021.90-000941.6,22.81854166477185,0.05078040584133525,-99.0,-0.7591828917236763,0.07784032664831458,0.5298921963298945
1464440,213256.31+002724.0,22.572263408626306,0.007582614930532472,-99.0,-0.536143883613212,0.02603747687378316,0.4068800472715568
1446288,235038.27-002023.4,21.876622924465273,0.0014045821142971704,-99.0,-0.8991213583713495,0.0013240852180822493,0.5838888335819382
1393142,023635.19-010950.2,22.522215013600437,0.0010053931354736534,-99.0,-1.7154829165949432,0.001592684817895318,0.5821636214721434
1450770,231652.70-010242.7,22.10244845070772,0.014880280212050678,-99.0,-1.204051325768774,0.014862477157462473,0.30489442262235866
1451134,231410.22-002419.1,22.363306764941647,0.003487175548109178,0.25791937594480463,-1.1532535504845285,0.023537901861060306,0.2564696415976104
1402871,020953.48+005113.5,-1000000000.0,-1000000000.0,-1000000000.0,-1000000000.0,-1000000000.0,-1000000000.0
1465850,212302.97-002333.8,21.852337635302938,0.006975883526880722,-99.0,-1.5206065903617465,0.014128443546790992,0.44809581671967014
1422685,011046.97+000153.5,-1000000000.0,-1000000000.0,-1000000000.0,-1000000000.0,-1000000000.0,-1000000000.0
1449311,232742.67+000653.9,22.16349807720335,0.0005094027715379923,-99.0,-0.6192196474544742,0.0010126640416316945,0.7144723252736447
1463932,213628.50-003811.8,23.818238556588305,0.02603995300344053,-99.0,-1.2408467740426485,0.09082911134823679,0.20645090988024373
1410617,014619.97-004628.8,22.359308958424656,0.01528448712290853,-99.0,-2.161422815076636,0.023149854740926123,1.5465635203866828
1421992,011308.38+010342.0,21.13986676376694,0.0009160588534662395,-99.0,-0.26596391889698623,0.006352992735861207,2.178499131853348
1447453,234123.05+004342.7,21.802198044474345,0.00676683062224015,-99.0,-1.2710102688613558,0.01772213932378819,0.46024029603342337
1400397,021645.79-010204.9,20.610296121485696,0.0,-99.0,-1.4163537210547794,0.0,0.6991495588423675
1464090,213522.81-004613.1,23.08505512445469,0.016820675233271132,-1.0,0.2787461373381932,0.06544365590380086,0.3671460413593022
1420074,011906.81-011434.0,23.272740437667373,0.017998405852335253,-99.0,-1.4693122172706907,0.05614803525207468,0.29254996888626866
1431211,004348.71-005006.3,23.027475890322883,0.0145347096672932,0.15902949698200608,-0.9681803596302831,0.05488840104090259,0.36673817165577316
1392828,023733.50-004229.2,21.938761933747493,0.015255258906545777,-99.0,-0.5431922960596065,0.0251494699230721,1.1434239256631902
1436889,002625.96+001016.7,21.014392234008177,0.0,0.02505472543760617,-1.2199726093153371,0.0,0.3986090262992977
1465699,212359.82-010226.9,22.2055900943268,0.0023524921670503574,-99.0,-1.3584027691770655,0.0033329580293594008,0.5403672319622973
1402266,021142.14+004706.5,24.00186598199472,0.038354300873475466,-99.0,-1.7760106684986088,0.09116780706537708,0.283839182585764
1404233,020601.72-001141.5,23.037286217131175,0.05441371579069987,-99.0,-0.6000012263824246,0.07203977846474863,0.2211412777648513
1464818,213006.68+001939.8,-1000000000.0,-1000000000.0,-1000000000.0,-1000000000.0,-1000000000.0,-1000000000.0
1412233,014146.02+005709.3,22.51906449984633,0.002633502446620639,-99.0,-1.919898696109998,0.010276383612979334,0.3736822471957473
1415865,013134.33-010349.0,23.323653007836732,0.011185421924002625,-99.0,-0.9828705506956412,0.02813967430441333,1.085463210482228
1459057,221319.45+010422.8,23.049010991676603,0.028586270405277503,-99.0,-1.3064117284738397,0.0773015910650765,0.47845525249309606
1452100,230654.78+004345.5,-1000000000.0,-1000000000.0,-1000000000.0,-1000000000.0,-1000000000.0,-1000000000.0
1439346,001808.70-005710.2,-1000000000.0,-1000000000.0,-1000000000.0,-1000000000.0,-1000000000.0,-1000000000.0
1451315,231242.97-005244.5,-1000000000.0,-1000000000.0,-1000000000.0,-1000000000.0,-1000000000.0,-1000000000.0
1399964,021755.88-003927.7,23.02997083454607,0.019617204590201,-99.0,-0.38921957435388865,0.054505957526050974,0.3203959624909271
1447594,234019.82-005908.3,19.97240261066485,0.0,-99.0,-1.5637272605119419,0.0,0.9111891126208899
1415105,013343.06-005534.4,22.599652366858372,0.012647747178906599,0.19764729815084237,-1.3360275457973545,0.0542515966816709,0.3515691399327112
1460794,215956.48+005340.8,-1000000000.0,-1000000000.0,-1000000000.0,-1000000000.0,-1000000000.0,-1000000000.0
1439047,001904.12+001437.7,22.845123862437553,0.0075108302070070465,-99.0,-0.9036068055620019,0.04639227144428876,0.6463002073281497
1451854,230853.13+003559.4,-1000000000.0,-1000000000.0,-1000000000.0,-1000000000.0,-1000000000.0,-1000000000.0
1418181,012444.18-000144.9,21.284128644852736,0.004323615079879772,-99.0,-1.5423149233723015,0.01795777068959914,0.291835595350166
1412495,014107.47+010216.5,23.113313528608167,0.027345628233081953,-99.0,-1.0843207437340578,0.034607541020556964,0.5167865910220693
1423235,010858.78-002431.8,22.819675202268364,0.018576266073244696,-99.0,-0.7843262646811047,0.027660611463698137,0.329115561944114
1437459,002428.25+000851.6,22.43839009022043,0.021189518068043256,-99.0,-1.175375285466457,0.0439487517830891,0.4765237367286746
1418825,012240.91-003236.6,22.28686581358854,0.007228056674675187,-99.0,-1.3420798081094962,0.022850740214006016,0.3829374997099646
1417021,012809.92+010927.3,-1000000000.0,-1000000000.0,-1000000000.0,-1000000000.0,-1000000000.0,-1000000000.0
1391275,024156.15+003441.8,-1000000000.0,-1000000000.0,-1000000000.0,-1000000000.0,-1000000000.0,-1000000000.0
1425920,010046.04-005055.8,23.053518055838303,0.004688305682174487,-99.0,-1.7266312870789413,0.027307843634858497,0.24687194514633531
1394995,023119.45+004411.2,22.99105409736203,0.018481198505941876,-99.0,-1.7007762653257146,0.035380955072348064,0.27690242052257796
1394292,023312.07-002450.1,23.52479108263278,0.0192973189495671,-99.0,-1.6324842864381237,0.04739385085048775,0.26214342727331674
1444423,000118.69+003314.1,-1000000000.0,-1000000000.0,-1000000000.0,-1000000000.0,-1000000000.0,-1000000000.0
1444021,000237.23-004654.1,23.129436305879132,0.0011883221417186007,0.365573606635563,-0.9858374162484411,0.011281128362998882,0.2842643712072378
1440836,001316.24+002753.2,22.551658382416385,0.017372619183433358,-99.0,-0.3297822667390502,0.05291751715095902,0.32061102336693087
1428586,005154.41+004500.1,22.87487811291323,0.019136761465858854,-99.0,-0.9021050100571655,0.03893760828598786,0.613765611477801
1413285,013853.33+003946.0,23.21738902572286,0.013998164087807297,-1.0,-1.2976500980522836,0.05427202543331988,0.29822151274034775
1445295,235704.04-011115.1,22.95581338684267,0.015607445951379972,-99.0,-1.1839171910667963,0.04355688360530652,0.4913195481956795
1465037,212846.02-010428.0,-1000000000.0,-1000000000.0,-1000000000.0,-1000000000.0,-1000000000.0,-1000000000.0
1411387,014407.10+010754.1,23.153536215535844,0.026102001005749997,-99.0,-1.0106654459988982,0.04351030361410152,0.5235996684948305
1446186,235123.51-005221.5,22.972843281920028,0.013544907728073596,-99.0,-1.8559566161058427,0.05352627055693726,0.25196297093122616
1407850,015454.76-002821.4,-1000000000.0,-1000000000.0,-1000000000.0,-1000000000.0,-1000000000.0,-1000000000.0
1439362,001805.51-002647.3,-1000000000.0,-1000000000.0,-1000000000.0,-1000000000.0,-1000000000.0,-1000000000.0
1410479,014645.58-001829.9,19.918063047685642,0.0002666999863976116,-99.0,-1.4583633661640532,0.006908497334893626,1.3426496019798961
1449822,232351.60+004034.4,-1000000000.0,-1000000000.0,-1000000000.0,-1000000000.0,-1000000000.0,-1000000000.0
1458009,222127.29+010235.5,23.07806096518761,0.011102332618673216,-99.0,-0.42678161913134893,0.020820439813092062,0.3032348121206137
1427115,005643.69+004904.0,23.203670537493956,0.023770791737725006,-99.0,-1.4183088801722508,0.06901683293957317,0.4620197077948054
1445902,235309.41+004417.7,23.85237520082203,0.04750662315154308,-1.0,-1.8022284053058821,0.09838093670194803,0.3792524817608672
1432721,003929.17-010351.0,22.703104918576862,0.0042327364330052575,-99.0,-0.9909133219279989,0.022555540944184382,0.40098284028370496
1457239,222711.41-010610.4,-1000000000.0,-1000000000.0,-1000000000.0,-1000000000.0,-1000000000.0,-1000000000.0
1448367,233453.19-001144.7,23.391499214973315,0.021973078071617635,-1.0,-1.139004683268666,0.0477062002007132,0.31501864366922155
1426696,005807.91+010551.5,19.987458141579573,0.0005887506629509431,-99.0,-1.4079178136821304,0.0022625658450567965,0.9312968728934212
1445852,235328.23-010511.7,22.626711231403682,0.03725614238885733,-99.0,-1.505948484994191,0.01853975025558363,0.2843048678807585
1397524,022430.60-000038.9,21.14934259667576,0.011583105022356932,0.49138760109984697,-1.5241538074865915,0.030542097161553317,0.8854433868018257
1426960,005716.12-010524.4,23.66015819466275,0.027292613468601346,-1.0,-0.5417596045624897,0.08287271792941064,0.4752879340750057
1433395,003731.00-001129.6,22.554469877629096,0.00792941723128493,-99.0,-1.6877983946636763,0.027834119390714118,0.22715740069525364
1452794,230132.91+002242.2,22.833776327591885,0.0017486252948639702,-99.0,-0.9551306602604859,3.8954856922679415e-05,0.2631338220637458
1408478,015254.72+010211.6,23.21072352731482,0.01753100646845418,0.2678685899200087,0.33169422677497806,0.05714327308962204,0.27111084681191533
1467919,204304.81-003806.4,-1000000000.0,-1000000000.0,-1000000000.0,-1000000000.0,-1000000000.0,-1000000000.0
1408829,015149.96-003836.5,22.746440880326766,0.008196264963755695,-99.0,-1.0267417672413406,0.019112062843381183,0.4286239645719546
1447751,233906.16-005027.6,22.324872854392915,0.061747219968539824,-99.0,-0.6053026991801467,0.054352145636861415,0.3293411919449015
1405647,020200.18-005616.9,20.832347869920262,0.0028187928192746625,-99.0,-0.8432915641108032,0.0028213546939657164,0.6276554437835148
1445912,235304.35-004339.5,22.72813907335948,0.007792690377401712,-99.0,-1.3312371139333532,0.020608687077219967,0.33171999462934565
1465549,212502.40+000142.9,23.86102389309618,0.01238110932415104,-1.0,-2.030606767800731,0.04394529147303705,0.23918356076209635
1465785,212327.03-002233.9,21.567747835332973,0.0011184544005082842,-99.0,-1.2020363509459013,0.00033323937855000985,0.8703607964773991
1438956,001922.56-000915.0,21.478837483322202,0.004097063191936812,-99.0,-1.1693262150940615,0.014802326473833949,0.4073784109367949
1449896,232315.98+005125.1,-1000000000.0,-1000000000.0,-1000000000.0,-1000000000.0,-1000000000.0,-1000000000.0
1439403,001755.66+003527.6,23.009256576973065,0.009634434184109253,-99.0,-0.44826533211664366,0.043273709533598215,0.35372068605559687
1459457,221029.56+001724.1,23.27246235785436,0.013615627995582358,0.10809007437597803,-0.5427694359626027,0.049031329072963814,0.24236934917603686
1427209,005624.62-000438.5,22.409077502407847,0.011299327499285639,-99.0,-1.2277114373219753,0.019174405011966544,0.5120208052446524
1408374,015313.20+004755.4,22.415352745315694,0.006395656496351876,-99.0,-1.621931818096635,0.009145551672657737,0.3543352085918359
1420750,011707.64+010631.2,22.20056689064443,0.00980599981769359,0.1840158568187235,-1.2558999414939018,0.047059236355361356,0.5583497815466169
1465172,212746.43+005756.2,22.75890131721888,0.03760576468171628,0.6689702646496124,-2.0994772529630534,0.15550802630688,0.7129498392876805
1402117,021207.50+001749.4,23.871656029856474,0.02494827642261832,-99.0,-1.1102267685039906,0.0665729426115188,0.2675322036050848
1452165,230617.29+005814.2,20.873601056686475,0.0017148292119273378,-99.0,-1.4246681304730524,0.004866978318864623,1.6245732165434401
1451409,231205.98-004043.8,23.545175696177957,0.0219566829053619,0.27972807002602496,-0.9071035464670913,0.040623265601758995,0.1607407331970331
1391905,024010.09-010736.0,22.86653196498495,0.007361374548340294,-99.0,-1.4528965547760997,0.03930659305608408,0.7500024744645513
1417069,012802.66+000040.8,21.7817297452984,0.004739377319626925,-99.0,-0.28553786095671363,0.0015898090275127397,11.369476562679159
1447970,233739.99-002701.1,22.843505729066926,0.009656885226769774,-99.0,-1.4597638348231476,0.004565581032588417,0.4756772125266657
1430823,004459.10-001203.0,22.91957211248411,0.01015250119462685,-99.0,-1.2407256693454376,0.05728721370384482,0.28867322043050736
1413201,013908.21+002842.7,23.226397698991228,0.0007307294542613363,-99.0,-0.2675620204459843,0.0003831155820778198,0.5505655934838962
1438497,002101.42+004701.0,-1000000000.0,-1000000000.0,-1000000000.0,-1000000000.0,-1000000000.0,-1000000000.0
1391453,024126.97-003356.8,23.248898513386642,0.01973771550692227,-1.0,-1.0437018540741247,0.06980061230220158,0.32190846929140543
1447812,233840.80+002312.2,-1000000000.0,-1000000000.0,-1000000000.0,-1000000000.0,-1000000000.0,-1000000000.0
1444241,000155.39+001936.2,23.626612928121112,0.0,-99.0,-0.7270401026329631,0.0,0.34127603300466874
1467957,204106.09-003645.2,-1000000000.0,-1000000000.0,-1000000000.0,-1000000000.0,-1000000000.0,-1000000000.0
1406771,015823.90-003443.7,22.877446069007966,0.026091278719384547,-99.0,-1.1540278811349163,0.023200155544738532,0.8505259382060176
1457400,222600.76-010758.0,-1000000000.0,-1000000000.0,-1000000000.0,-1000000000.0,-1000000000.0,-1000000000.0
1455576,224000.24-002828.5,22.750302393921196,0.01965505387046207,-99.0,-1.0695463068272124,0.02694437844899822,0.7957206025784411
1433367,003736.14-002702.1,22.829178142664524,0.020720229428023984,-99.0,-0.24109100268808614,0.041527791780545595,0.29370322692717593
1453213,225835.14-004131.7,23.664836463944617,0.021092389344001816,-99.0,-1.5305718250005516,0.05550788533684492,0.30326072128736065
1433802,003614.39+004803.1,-1000000000.0,-1000000000.0,-1000000000.0,-1000000000.0,-1000000000.0,-1000000000.0
1421131,011553.52-004837.1,-1000000000.0,-1000000000.0,-1000000000.0,-1000000000.0,-1000000000.0,-1000000000.0
1390744,024315.94-000811.1,24.17769926162024,0.036173325112880406,-99.0,-1.9694017260081873,0.09435898403005316,0.28688921932917016
1441840,000943.37+010459.8,-1000000000.0,-1000000000.0,-1000000000.0,-1000000000.0,-1000000000.0,-1000000000.0
1451631,231029.76+002600.4,22.88855679848968,0.010957379248361931,-99.0,-1.4630184427838895,0.0465923328816058,0.33230209311272985
1432458,004017.69+004914.0,23.567338539153333,0.016134916985537373,-99.0,-1.536677928063361,0.03458514474557106,0.35305726063789317
1459462,221027.45+011052.4,22.549596853379747,0.013915117099942975,-99.0,-1.439926058286113,0.023890558997876954,0.6699546704735558
1401777,021303.72+003828.5,-1000000000.0,-1000000000.0,-1000000000.0,-1000000000.0,-1000000000.0,-1000000000.0
1452292,230520.63+005006.1,23.224597765508186,0.022170521210789218,-99.0,-1.096247079488935,0.06992464939032511,0.3728293055593786
1412684,014036.76+003153.8,-1000000000.0,-1000000000.0,-1000000000.0,-1000000000.0,-1000000000.0,-1000000000.0
1391177,024210.27+011336.0,22.23960437782967,0.010241063973870368,-99.0,-1.2794252161874855,0.022299493129670944,0.40430051680702506
1421634,011418.26+002202.5,20.934082095632014,0.002324574404184432,-99.0,-0.8954608290824622,0.0057036002469980085,4.923012648556684
1438253,002152.18-010120.8,-1000000000.0,-1000000000.0,-1000000000.0,-1000000000.0,-1000000000.0,-1000000000.0
1398824,022103.73+003517.6,22.71928121159707,0.00828537585020328,-99.0,-1.032554034384391,0.031332240516665666,0.34282801868912594
1463658,213821.89-001244.4,22.334889230283373,0.02552015960603171,-99.0,-1.593535711896696,0.06909036028492599,0.29144211238079537
1411622,014327.25-005152.7,22.96353013836633,0.01267199557737797,-99.0,-0.5409430522631746,0.03589657562205012,0.35491241949658814
1401304,021416.11-005251.5,23.403493545898222,0.01862108584910871,-99.0,-1.3482324523625078,0.04370496695683035,0.3097437108130045
1444735,000015.48+005246.8,21.507117022291972,0.007440532026308233,-99.0,-1.5338911954056402,0.014453759783977005,1.2757359737264988
1437798,002325.21+010243.8,23.309236504097818,0.018879409919874135,-99.0,-1.2478966559829558,0.03973950622331113,0.3553580434705717
1410280,014721.08-002347.4,22.760449235036795,0.010820539852218758,0.29378426966009025,-1.8104715143624261,0.047651558816378836,0.2777057824822466
1413856,013710.21-003313.5,22.44425143962321,0.04606033584257929,-99.0,0.1612700868275061,0.041156709166387064,0.7663392785399359
1448445,233421.57-005713.2,22.903647222875996,0.015534930113956236,-99.0,-0.8624444474104065,0.02392852570836823,0.5472724530368223
1465631,212423.62+003606.2,-1000000000.0,-1000000000.0,-1000000000.0,-1000000000.0,-1000000000.0,-1000000000.0
1438166,002212.21-004431.6,-1000000000.0,-1000000000.0,-1000000000.0,-1000000000.0,-1000000000.0,-1000000000.0
1449225,232821.40-004045.2,-1000000000.0,-1000000000.0,-1000000000.0,-1000000000.0,-1000000000.0,-1000000000.0
1460237,220417.62+011320.1,21.88521133272443,0.010572460829401109,-99.0,-1.3580960475802204,0.020590638575575193,0.5069525629767148
1390591,024341.05-010243.3,22.486931274122206,0.008583346724480023,-99.0,-1.6624544624851083,0.008116212477997431,0.4389714813063361
1447604,234016.92+001335.6,-1000000000.0,-1000000000.0,-1000000000.0,-1000000000.0,-1000000000.0,-1000000000.0
1451565,231059.29+002823.2,-1000000000.0,-1000000000.0,-1000000000.0,-1000000000.0,-1000000000.0,-1000000000.0
1439695,001659.74-003612.2,22.77427373598332,0.008986502503338656,-99.0,-1.2454245951116358,0.03164216306045409,0.4270503705167359
1419583,012024.14-010804.4,22.09618522387367,0.0,0.4564741022618324,-0.7804363326602175,0.0,0.8605671579265755
1428744,005121.26+004521.5,19.90089855224975,0.0018650043478363187,-99.0,-1.2571603373297733,0.0003398892203830828,1.1055243046343481
1432150,004110.06-000102.5,22.93282877857299,0.0137172830547172,0.16250090309165507,-1.278147896151137,0.032323022173950444,0.27560976159338196
1444473,000109.12-004121.8,20.10449213240195,0.007536609935323568,-99.0,-1.3313438314686583,0.02676007609533715,0.8155402183532863
1424869,010400.68+001354.1,23.702029959146692,0.023547620206239017,-99.0,-0.863736177224391,0.037755940670939736,0.27126958515250355
1425153,010309.45+002802.2,22.989480796615787,0.02464610189835348,-99.0,-0.29681865281702535,0.05348945021063933,0.23551304327457984
1464673,213111.99-003000.6,21.851346862597744,0.0,-99.0,-0.8374830577369341,0.0,1.019956848034466
1426470,005857.19+010641.7,22.917613416449363,0.0028304727896522053,0.590788302237006,0.6124204905389172,0.0026335968663204756,0.6248489838357943
1429494,004852.41-002430.8,22.090824351342654,0.009977472880828842,-99.0,-1.4521473818768307,0.016885463644462972,0.9228245265819932
1427595,005518.98+005004.8,22.060068080251874,0.004662862180273564,-99.0,-1.0728744392096408,0.01808335445287268,0.5395028049004355
1406986,015743.57-011001.3,21.66630654878717,0.0239456357590484,-99.0,-1.4599235226298384,0.03426383417672385,0.4005570316895169
1463739,213746.82+000718.1,21.898939251093275,0.011812465137399641,-99.0,-1.535364418800257,0.022630078158970446,0.38000624715612635
1421980,011310.12-003112.1,23.111486185182777,0.012598057813022479,-99.0,-1.0511961207299931,0.0411974798948499,0.30489201295820717
1440004,001602.40-001225.1,20.032946543869564,0.005976554812905377,-99.0,-0.3034348927625512,0.017845388994766065,14.900181507829176
1446326,235023.25+001725.8,-1000000000.0,-1000000000.0,-1000000000.0,-1000000000.0,-1000000000.0,-1000000000.0
1397890,022326.60-010406.7,-1000000000.0,-1000000000.0,-1000000000.0,-1000000000.0,-1000000000.0,-1000000000.0
1425002,010337.60+002841.7,22.141237995244886,0.012943514458587657,-99.0,-1.3172437660090779,0.021943511188741494,0.26089523996520453
1426344,005924.35+002506.4,23.417577380139356,0.1609739187791348,-99.0,1.7090857949388276,0.13335738871917135,1.0441308313071076
1453171,225856.98-011142.7,-1000000000.0,-1000000000.0,-1000000000.0,-1000000000.0,-1000000000.0,-1000000000.0
1447940,233752.08-001421.2,22.65850578519342,0.0,1.0892832693889318,-1.6406974793636402,0.0,0.8668843976083712
1449240,232812.11-003238.8,22.71795341196968,0.019213968820981364,-99.0,-0.8977484343662168,0.061019386025162436,0.3389959305695359
1390809,024304.68+000005.4,20.55014303897277,0.002403841615041813,-99.0,-0.8348919813354199,0.006246930363794534,2.1084936958644134
1465826,212312.18+010504.5,21.932901650223577,0.006603585552573676,0.3047717214279359,-1.407700060456711,0.03242059934172381,0.34560488451201477
1398838,022101.64+003618.7,22.15265868366175,0.0008721064087691133,-99.0,-1.6620255799080872,0.010323665783711578,0.906830103814229
1402033,021222.52-004427.1,22.711229364010826,0.008281543456769569,-99.0,-0.35053470170901146,0.035575013797382565,0.5567761059396064
1409607,014921.53-003221.0,20.90179587129841,0.00022597049646577716,-99.0,-0.8785335811081829,0.000756593620072743,1.2180396310308474
1402727,021019.25+003736.1,-1000000000.0,-1000000000.0,-1000000000.0,-1000000000.0,-1000000000.0,-1000000000.0
1399364,021934.59+004559.3,-1000000000.0,-1000000000.0,-1000000000.0,-1000000000.0,-1000000000.0,-1000000000.0
1464276,213409.08+004522.8,22.952027940939324,0.01532495983538773,-99.0,-0.9893686671788338,0.03027831269220882,0.4530476290880572
1465115,212810.36+011321.2,23.87150198930359,0.023418571772078067,-99.0,-2.093325218443694,0.038034566090292654,0.3709937651237108
1429894,004738.21-002007.1,22.821526426695677,0.019560518087438084,-99.0,-0.6550513939092415,0.054211196661445804,0.32236988588853255
1451256,231309.06-003929.2,21.146532489015293,0.00010457034352207017,0.23761867196034492,-1.403674593634895,0.0004022451813376904,0.5650668429159272
1448517,233351.56-010408.6,23.117621442505886,0.03091634950719957,-99.0,-0.9959513429466407,0.04734188282515994,0.44468561145280855
1448059,233659.19-010241.4,22.192142985259217,0.014651120490096758,-99.0,-1.873330613619963,0.04121141495710923,0.18560231624004048
1428433,005227.51-000321.3,22.67816088470618,0.024517224252074143,-99.0,-1.136743320835424,0.045754253654304855,0.35096687241682245
1394301,023311.06+002445.7,23.147783442484716,0.05801224575817443,-99.0,-1.2435133358823163,0.07397496407616566,0.6298014989915446
1403569,020753.87+002302.3,22.441066311303437,0.011422240415486229,-99.0,-0.7277897855757027,0.03961489994802353,0.26407355091336476
1409084,015100.77+005634.8,19.789595084557114,0.024585096592311118,-99.0,-2.3166484101042064,0.02551907244073015,1.314483105257742
1400779,021541.13-010250.9,-1000000000.0,-1000000000.0,-1000000000.0,-1000000000.0,-1000000000.0,-1000000000.0
1456011,223621.08-003051.6,19.49385472093767,0.0009271513496322825,-99.0,-2.0237946054485887,0.004517219278647566,0.7923333949568404
1391339,024144.48+010933.0,21.63496628452358,0.005576952054981987,-99.0,-1.6482430012136597,0.015593332012219463,0.5537005239079236
1424278,010550.22-002014.3,22.97898314608529,0.017164861240068774,-1.0,-0.7536822913976557,0.028887558165521687,0.37676954781172134
1424196,010605.91+003901.9,23.218427477500164,0.01735154011933915,0.06184098982426278,-0.8796601984877093,0.0466613033112917,0.3658280314634624
1428143,005330.56+010435.9,22.472910550117724,0.0020218595030119246,0.3754675412323062,-1.211960985580268,0.01469209671890681,0.45749217143771453
1415823,013139.72+002615.9,22.564645837049348,0.009312456855692375,-99.0,-1.5752054097571362,0.013196690681958279,0.5856298642983867
1464542,213211.16+011047.8,22.57841537680158,0.008969853516918036,-99.0,-1.3235786503083293,0.026052264978573048,0.44000588122863143
1452173,230613.57+004137.3,22.994853552555107,0.03315204977263342,0.17630345443701592,-0.6193976804089134,0.0761920592334322,0.18027133285694608
1450603,231758.64-005541.1,-1000000000.0,-1000000000.0,-1000000000.0,-1000000000.0,-1000000000.0,-1000000000.0
1408019,015421.96-005626.6,-1000000000.0,-1000000000.0,-1000000000.0,-1000000000.0,-1000000000.0,-1000000000.0
1421196,011542.22-004528.9,21.958140137057732,0.007483855321321897,-99.0,-1.265361910878704,0.014355445842848424,0.7543163058507187
1443019,000553.71-010117.7,-1000000000.0,-1000000000.0,-1000000000.0,-1000000000.0,-1000000000.0,-1000000000.0
1449137,232856.34-003011.7,22.375219526730994,0.0004124210185274535,-99.0,-1.529507165911796,0.0012600569917000648,0.5716608691245794
1430334,004626.37+001315.7,21.293367017800243,0.006649952663844161,-99.0,-1.0793760877391914,0.018025239058969356,1.075454329853004
1466511,211753.56-002214.3,23.529538341006905,0.0225191063885255,-99.0,-0.9543590917395877,0.04558016886750188,0.43280874993859375
1439195,001837.60+003247.8,22.357357692408364,0.008391010495971685,-99.0,-1.1509389050767274,0.015706931746301334,0.3850526532181241
1442351,000801.95-010936.8,22.877506883549096,0.002325992651304176,-99.0,-1.1529596374564366,0.011080233653115945,0.524545033072112
1464889,212943.25+003005.6,21.747652691675107,0.003795931939345465,-99.0,-1.3786297530238252,0.00853512448596283,1.0931269277880122
1421047,011609.91+005659.2,-1000000000.0,-1000000000.0,-1000000000.0,-1000000000.0,-1000000000.0,-1000000000.0
1390840,024300.10-004326.3,22.090426059651598,0.029648920499552034,-99.0,-1.965797259660131,0.030735114951403908,0.21249696856515193
1397497,022435.59-001354.0,20.653517076835364,0.0,0.2503183865807554,-1.9313154858553538,0.0,0.9858782514486788
1452695,230212.80+010223.7,22.54077418331378,0.027629263752331212,0.2011180229264299,-1.3576230769954325,0.05125286163649878,0.36969310970622377
1465112,212811.03+005427.5,22.461632406633164,0.021681384944507442,0.24592129737034563,-1.1195258439753202,0.07645824938074242,0.3624157952250028
1463762,213739.33-002055.4,-1000000000.0,-1000000000.0,-1000000000.0,-1000000000.0,-1000000000.0,-1000000000.0
1451555,231103.83-001109.7,21.541017217997386,0.0,-99.0,-0.5378583019948975,0.0,0.5505761590773304
1432192,004103.99+010002.1,22.22937738707767,0.003984331640145555,-99.0,-1.0620620519751052,0.013636234743380604,0.49739901870386666
1421344,011516.25-000440.4,-1000000000.0,-1000000000.0,-1000000000.0,-1000000000.0,-1000000000.0,-1000000000.0
1396001,022841.08+003049.4,19.68516376432641,0.0013594792681903556,-99.0,-1.8700528818267608,0.0038613152006268248,1.4617040982396845
1393778,023439.04+010740.1,22.26568463832526,0.0,0.43752433485807435,-0.32551472178589513,0.0,0.544836509133387
1424294,010546.50+000704.9,20.405523159884787,0.0,0.17777575620548935,-1.2268054075251764,0.0,1.3885874622344794
1407622,015536.88-003603.9,-1000000000.0,-1000000000.0,-1000000000.0,-1000000000.0,-1000000000.0,-1000000000.0
1444215,000200.24+010616.2,22.847033043506507,0.018898878565440924,-1.0,-1.2897272644010318,0.04056956385898658,0.2690184116371274
1444588,000046.42+011420.8,21.801511699404976,0.005709861542948502,-99.0,0.22450208466071242,0.006796067596020652,2.099056665562713
1434628,003345.44+002404.5,22.715930618211537,0.016383660368273212,0.2893320290029276,0.2354074397606496,0.019359212746405285,0.5715903534808592
1406180,020024.11+000535.6,-1000000000.0,-1000000000.0,-1000000000.0,-1000000000.0,-1000000000.0,-1000000000.0
1464797,213013.65-002909.1,23.08826954806009,0.034879482268816986,-99.0,-0.6440029936294867,0.0697221258862249,0.4361814862005857
1439174,001840.78+002600.4,23.044566631155682,0.015712605226294585,-99.0,-1.0834214735502972,0.052493546557182524,0.9029636911118029
1425777,010113.37-002948.2,21.690166226862964,0.0005609459621602753,-99.0,-0.09042513194550583,0.0064230772926393495,0.4544206756327736
1420019,011915.13+002400.6,23.185578025525068,0.030026368530666758,-99.0,-1.3363730421274083,0.046029616042608135,0.3943274944520755
1440917,001259.34-010737.1,22.88166007463746,0.010314872483601079,-99.0,-1.37964642183948,0.0339011592301256,0.26066280925253443
1463575,213904.67-004348.9,23.013191846261357,0.013567340500717506,-99.0,-0.6875464472021209,0.04782080194603672,0.48715307419935344
1392388,023851.88+010211.8,22.643308980990774,0.012396952748439105,-99.0,-1.31042182424856,0.03942768535369201,0.28253426236676416
1418623,012322.36+004917.9,22.213890493880193,0.014523024923356331,-99.0,-1.0162057467715453,0.02063553661578793,0.3436911960730297
1464325,213350.64+000956.2,23.008270932615268,0.017868732382408936,-99.0,-0.9691969612288478,0.04015262201351383,0.2700112266114986
1421036,011611.98+010929.5,22.58923403189852,0.007381806705506477,-99.0,-1.7757779127684699,0.032612257218335605,0.24448253846723872
1437258,002509.66-004030.9,21.960272552783913,0.005230588103222189,-99.0,-1.358796685002213,0.01803364944547703,0.6067478079953208
1445465,235602.07-011334.1,-1000000000.0,-1000000000.0,-1000000000.0,-1000000000.0,-1000000000.0,-1000000000.0
1438683,002019.59-001140.4,-1000000000.0,-1000000000.0,-1000000000.0,-1000000000.0,-1000000000.0,-1000000000.0
1397463,022440.57+002955.5,22.382252358745667,0.004665502072800365,-99.0,-1.5959597449211325,0.01550737763777521,0.45452194337518986
1423105,010922.75-002621.1,-1000000000.0,-1000000000.0,-1000000000.0,-1000000000.0,-1000000000.0,-1000000000.0
1435677,003017.13+005246.9,23.101508669926453,0.013286610588929548,-99.0,-1.3653649050796743,0.0441919777626949,0.5152971229127455
1404226,020603.89+003406.4,20.71566886403938,0.000775494012605904,-99.0,-1.6709416963708312,0.004217003280376663,0.45370989331245426
1417160,012750.40-000919.6,22.03626244533762,0.00010013799405683699,-99.0,0.4401832664509273,0.0025878941094232555,8.356481246066194
1396330,022750.96-010955.6,22.474310483309843,0.0065777252949672516,-99.0,-0.8469666070519093,0.035354232642605565,0.4803762377850891
1428907,005050.48-001535.6,22.407144339063528,0.01352596325303601,-99.0,-1.077437128397249,0.05573387935427088,0.3512042324724752
1418171,012446.10+001032.0,22.34026966000959,0.003230055152521061,-99.0,-0.7345718207366341,0.012164520931180478,0.24266173131647195
1445194,235737.30+003546.2,23.092110381201046,0.018326081114174997,-99.0,-0.6937434273978536,0.05339939655790821,0.4885404872655719
1433732,003626.56+004020.2,22.902427647421113,0.016170614872841327,-99.0,0.3132774230655979,0.02665852137875957,0.2919274902950099
1446225,235109.05+004358.2,22.513980564503818,0.00894183876710919,-99.0,-1.1873758865286779,0.028733297743520736,0.3415333797198983
1440559,001411.74-005338.0,23.19274868927382,0.02336943859500451,-99.0,-0.6160905087582824,0.056550659690207394,0.3025177297047528
1432871,003900.41+010725.9,-1000000000.0,-1000000000.0,-1000000000.0,-1000000000.0,-1000000000.0,-1000000000.0
1416384,012956.70+002338.3,21.460019712602126,0.0,-99.0,-1.9845201598042777,0.0,0.27138864668711254
1431472,004306.84-004932.2,22.801528515286286,0.015400627845929549,-99.0,-1.193526238420778,0.022680376833353777,0.4501310248846885
1409566,014929.34+005835.7,22.577596396920846,0.01827205210587657,-99.0,-0.5684765746381206,0.023724181163801816,0.3956187307369647
1446048,235213.16-011209.8,23.745193379872454,0.09097190069259575,-99.0,-1.5598648287544878,0.1585187836287968,0.6529574537056947
1414685,013445.75+004910.9,24.29567117513816,0.04583389629710943,-99.0,-0.7683160734494905,0.10338487623086595,0.44059864032861873
1399239,021953.28-010025.3,-1000000000.0,-1000000000.0,-1000000000.0,-1000000000.0,-1000000000.0,-1000000000.0
1416648,012907.71+001312.8,-1000000000.0,-1000000000.0,-1000000000.0,-1000000000.0,-1000000000.0,-1000000000.0
1394048,023353.13+005818.4,22.93223132330572,0.020061977917951168,-99.0,-1.5676484196444118,0.06332565356285602,0.2523735298419827
1398586,022140.82+000155.8,22.835320962577804,0.006352957512492097,-99.0,-0.8116618020498887,0.0026342175166216286,0.5058668668307055
1399644,021844.83+005106.4,-1000000000.0,-1000000000.0,-1000000000.0,-1000000000.0,-1000000000.0,-1000000000.0
1425354,010231.00+000019.3,21.455509348327574,6.676605720734585e-05,-99.0,-1.1022527942536726,0.0024606276771365065,1.5455691502347984
1464709,213054.69-010454.4,22.665402377841737,0.018706964451915553,-99.0,-1.9634737314524946,0.06129784264957705,0.21984309621088835
1437923,002259.45-004603.0,22.512388990956346,0.011523400225081915,-99.0,-0.8679472588727268,0.013282465582993286,0.7279460063556575
1405064,020347.57+004016.5,23.128008359940985,0.028275145383585,-99.0,-1.257134526894513,0.04331563873795774,0.41289675884872934
1391668,024052.24-010958.8,22.782564124627648,0.0123646614036943,-99.0,-1.4463663501638662,0.046874319639173656,0.20348764570400862
1453166,225859.16+002430.7,22.785197939327126,0.014355557985581413,-99.0,-0.752955842396859,0.03924387815016683,0.41931780312302325
1447625,234004.77-010640.8,23.462245865757346,0.0280118277812047,-99.0,-1.9434161003853867,0.061176084173470646,0.3137426624486294
1452642,230241.33+004955.6,22.765699437879057,0.019897669120680916,-99.0,-1.138175329567384,0.047275301228068334,0.4762779940260742
1402860,020956.59-004913.1,23.014363104565184,0.009043355737725634,-99.0,-1.0506670872057282,0.01995346326689651,0.5009494966847544
1413755,013730.31+010428.0,22.621592919091192,0.014662498866355733,-99.0,-1.5330959808451436,0.024591638966527607,0.7419080401568413
1410982,014517.46+003851.8,22.729677103774414,0.02649239296508732,-99.0,-1.2838332216469563,0.0612200845442854,0.3548975265275234
1452562,230321.36+004750.1,-1000000000.0,-1000000000.0,-1000000000.0,-1000000000.0,-1000000000.0,-1000000000.0
1403054,020921.91+005148.9,23.05279892621926,0.010709867247156168,-99.0,-1.249138851642006,0.02764948227688202,0.33976029170321514
1420949,011627.80-001304.2,20.597698640712174,0.0,-99.0,-1.4816342003842613,0.0,2.307582988546159
1439475,001741.33+005244.6,23.985805430212046,0.03680462653889549,-99.0,-1.734868249901559,0.032855287214699325,0.6403742055983495
1435973,002927.18-001321.1,22.855034806487517,0.012100125700431619,-99.0,-1.2156403442588624,0.03475249152161142,0.4050722303492283
1439490,001738.77-003116.9,20.31905436537479,0.0,-99.0,-1.6706705698847868,0.0,1.2725245545554456
1446100,235151.23+003433.8,21.68827857637337,0.007068435724297828,-99.0,-1.0661452551251762,0.008107976949139006,0.910992456080695
1414738,013436.22+002624.3,19.47526007124454,0.0008680502941071921,-99.0,-1.1693402915279165,0.0027388933197736165,2.018151001165362
1424782,010417.65-000510.5,23.983020570354277,0.013689124408315934,-99.0,-0.5586539017957541,0.038076444661694575,0.26446288984692384
1438934,001927.16+003103.9,22.7197617190782,0.019276112598403117,-99.0,-1.2311312573242366,0.024934279634956535,0.5703535349552964
1401496,021348.31+001135.9,22.43601164493473,0.007646519230624094,-99.0,-0.30463734737349224,0.019253203274860492,1.307107526864663
1444147,000212.53-005311.6,22.99294491812129,0.01758693606428885,-99.0,-1.3016987046288024,0.018126347291473555,0.2987882429305949
1408554,015243.30+011218.6,20.969148897589655,0.0,-99.0,-1.1983443436254593,0.0,1.4761830022734796
1421536,011436.39-004336.7,-1000000000.0,-1000000000.0,-1000000000.0,-1000000000.0,-1000000000.0,-1000000000.0
1388390,024939.57+000700.2,-1000000000.0,-1000000000.0,-1000000000.0,-1000000000.0,-1000000000.0,-1000000000.0
1433362,003736.61+000949.8,22.842600788684358,0.02677213220703578,-99.0,-1.995498083083561,0.06465417346976599,0.24620537634117245
1398611,022136.36+000506.8,23.416346894589715,0.02309090196684238,-99.0,-1.0859059374139202,0.028490925965516833,0.53374193390356
1453121,225919.35+002805.5,20.293799716680503,0.003349204760931812,-99.0,-1.7153732569650586,0.00281910156614551,1.9344894846573715
1416662,012905.92-011418.6,22.79857022331246,0.008286301641202698,-99.0,-0.770869407953545,0.04232067548320878,0.3342573313451028
1393531,023522.11+000534.1,21.70330815158426,0.0007442980609262406,-99.0,-1.3820700719160048,0.003226401274909141,0.6573759845461071
1399241,021953.04-004434.2,-1000000000.0,-1000000000.0,-1000000000.0,-1000000000.0,-1000000000.0,-1000000000.0
1392392,023850.93-010218.1,22.788941037834597,0.02459833006591694,-1.0,-1.3579476748568546,0.05249642469989224,0.3786550536449426
1439338,001809.47+010734.7,22.783721253074084,0.021934990974505908,-99.0,-1.3967468315597205,0.07175168735967974,0.5031798165677539
1464724,213047.11+001536.2,21.66130445261269,0.013649065125278526,0.05083991576366803,-1.9505247472856255,0.016156987151289215,0.3055498941461912
1446557,234845.01+002237.8,-1000000000.0,-1000000000.0,-1000000000.0,-1000000000.0,-1000000000.0,-1000000000.0
1440314,001500.72-004456.7,23.159626182597556,0.013368724813522803,-99.0,-1.1505641531483182,0.02664805831879896,0.33507913809518364
1409836,014840.82-004109.2,23.75260121705923,0.019707072695380745,-99.0,-1.4231754099636862,0.053371602892246406,0.20411578031445957
1445838,235334.45-000708.9,21.69255847930473,0.005454775327997652,-99.0,-1.518975896077368,0.012082996723931982,0.545539355363739
1449223,232822.56+004002.8,23.293241850740436,0.016651818122284112,-99.0,-1.0921007869862347,0.031048307017877474,0.26924248841813575
1388817,024823.77-010002.5,-1000000000.0,-1000000000.0,-1000000000.0,-1000000000.0,-1000000000.0,-1000000000.0
1440489,001426.96-000306.7,-1000000000.0,-1000000000.0,-1000000000.0,-1000000000.0,-1000000000.0,-1000000000.0
1459373,221101.45+001449.0,-1000000000.0,-1000000000.0,-1000000000.0,-1000000000.0,-1000000000.0,-1000000000.0
1390741,024316.14+001649.9,23.75275331240062,0.036936369113220735,-99.0,-1.6276404502601762,0.03749419287827449,1.4151669682065635
1414359,013535.84+005330.1,23.383885552752055,0.0107001105880844,-99.0,-1.3280553375481698,0.02654363216613642,0.41530661553219145
1404897,020413.64+003210.8,-1000000000.0,-1000000000.0,-1000000000.0,-1000000000.0,-1000000000.0,-1000000000.0
1401226,021425.69-003859.7,20.47070650537045,0.0023523648662582275,-99.0,-0.9494104421072525,0.0036480268894182877,1.3206889206627177
1428675,005133.21+000856.8,22.799955368916635,0.01618025262862588,-99.0,-1.3954769952829023,0.025947116619516764,0.4276643789825841
1418897,012230.55-005354.3,22.35208822743362,0.012215589714692499,-99.0,-1.7887540455272868,0.04617318195006748,0.38720450486253427
1395039,023110.63+000353.0,23.00675046612593,0.020527407007318033,-99.0,-1.7688561391339848,0.051804792862501725,0.49706200775787973
1389825,024539.56-000010.0,22.404064787778744,0.002925352336990983,-99.0,-1.5637728303088352,0.04932149485325854,0.3678100646304762
1444480,000107.52+004113.1,-1000000000.0,-1000000000.0,-1000000000.0,-1000000000.0,-1000000000.0,-1000000000.0
1448064,233658.45+010511.8,19.664358187295257,0.002993939456414907,-99.0,-1.7966482325222106,0.007885255158072701,1.0724273407787221
1445339,235645.81+002253.7,24.404716413238,0.0467145055108098,0.5035486692280569,-0.07737008037615922,0.1018451589840066,0.2704168009819175
1446084,235157.13-005829.9,22.22123383952131,0.004869166827061733,-99.0,-1.3968828932220259,0.028501822214392125,0.6182626873270507
1439089,001854.37-000613.0,22.329538366647988,0.008214077763515348,-99.0,-0.8834906069771788,0.019015884024850882,0.675043456708491
1431670,004231.07+010343.2,23.92793808227882,0.03037764325177328,-99.0,-2.0221970978749297,0.07502127353137567,0.6617734106601422
1439891,001622.91-000438.0,22.681392253841857,0.010299491401397631,-99.0,-1.247776596262956,0.03378916169988566,0.5985576894510388
1391336,024144.68+003345.1,-1000000000.0,-1000000000.0,-1000000000.0,-1000000000.0,-1000000000.0,-1000000000.0
1418061,012507.52-011213.1,20.73725288691964,0.004473099858932628,-99.0,-1.1228064335688326,0.010795829248933075,0.6893037983258962
1399018,022031.19+002837.3,23.12303682697962,0.02097693830807046,0.3487495874206249,1.0385306396181626,0.016823772245995405,0.957771006174064
1431243,004343.47-005251.3,22.713548259200614,0.008005567989703977,-99.0,-1.2085998791546353,0.021153485086864987,0.3063133880898498
1399179,022005.07+001524.4,23.528774235420308,0.03338134715104246,-99.0,-0.8124342227269343,0.07558090898417791,0.7451745681511358
1451849,230854.36-003701.3,21.81696505665112,0.012479079082252653,-99.0,-0.49792165883715267,0.03210736618051435,1.1871270180123175
1424647,010442.85+000641.5,23.176731605334773,0.006992556183336163,-99.0,-2.179284969230239,0.02537581845779946,0.3932014943565469
1449421,232652.96-003012.6,-1000000000.0,-1000000000.0,-1000000000.0,-1000000000.0,-1000000000.0,-1000000000.0
1410207,014735.01+011357.6,22.512526223000314,0.02118073758627048,0.1948942158739818,-1.0617674207463432,0.04612499587274976,0.3424923470488973
1427160,005635.45-004951.5,22.907004620360475,0.005650878123422132,0.28860827957536955,-1.2211168000159756,0.025580322113520904,0.4031706309252624
1447372,234159.60+005226.2,23.294025584749157,0.030220595509922177,-99.0,-0.3786176170707858,0.07288706892178201,0.26167021838608456
1392152,023932.70+003113.7,23.52106262926346,0.014785783991015933,-99.0,-2.465819703208501,0.03543095061011137,0.5901202525671687
1405689,020152.80+004700.4,22.77110445238251,0.028760319380305432,0.3174449386632741,-0.1839728848632749,0.05467073536529915,0.4077509744371899
1463536,213918.46-002517.9,21.91308405998685,0.0,0.44232904907753207,-1.4756865336908658,0.0,0.580590424826472
1387890,025112.44-005208.1,22.45470936884893,0.02385797878446283,-99.0,-1.007552749902143,0.02915193067750077,1.7615045242238432
1396011,022838.62+003320.1,21.206460855652658,0.0008524031840639879,-99.0,-1.5989209000227333,0.005761433466094479,0.7869734818911414
1394801,023151.01-003323.7,21.610519072555313,0.0009172146380898027,-99.0,-2.5482535938343753,0.0037290449035145556,0.5729508013923306
1405575,020214.33+010536.6,-1000000000.0,-1000000000.0,-1000000000.0,-1000000000.0,-1000000000.0,-1000000000.0
1445199,235735.86-000131.8,-1000000000.0,-1000000000.0,-1000000000.0,-1000000000.0,-1000000000.0,-1000000000.0
1435198,003153.83+005916.1,21.01581088972936,0.0,-99.0,-0.8227172549653652,0.0,1.2349760442915925
1462742,214448.72-011154.6,22.28001983743294,0.013161590080477126,-99.0,-1.239541578500107,0.05589337500070979,0.40193360161000435
1449039,232951.44+000942.7,-1000000000.0,-1000000000.0,-1000000000.0,-1000000000.0,-1000000000.0,-1000000000.0
1392865,023725.61+003036.4,21.183987538213252,0.0,-99.0,-0.25853368664082677,0.0,1.5599490646821257
1419536,012033.46+004502.7,22.053270634882416,0.000679564507120034,-99.0,-1.0227889865669395,0.0022280858300787743,0.5623511369565802
1433385,003732.46+002734.3,23.12670263891301,0.016860775140292716,-99.0,-0.916726713988969,0.05069474849011879,0.417997757556026
1464487,213230.17-002051.3,23.10507994404589,0.020445352557985075,-99.0,-1.6320475783882182,0.03448306104529486,0.39824003630702526
1394075,023348.29-004111.1,22.77707153158037,0.02720879497360329,-99.0,-1.3370291367073208,0.05014958168889816,0.3909050612513229
1398247,022230.28+001844.5,-1000000000.0,-1000000000.0,-1000000000.0,-1000000000.0,-1000000000.0,-1000000000.0
1427543,005526.78+000838.0,-1000000000.0,-1000000000.0,-1000000000.0,-1000000000.0,-1000000000.0,-1000000000.0
1439572,001722.56+005525.0,23.945913744210365,0.03699962945756141,-1.0,-1.8686861494589788,0.11799127267737564,0.6934527701124743
1426322,005929.57+004811.7,-1000000000.0,-1000000000.0,-1000000000.0,-1000000000.0,-1000000000.0,-1000000000.0
1437608,002359.27-000838.4,24.189654288987334,0.09265180888707647,-99.0,-2.0330597443053517,0.1104166346218185,0.8504441684919876
1426942,005719.75-010010.4,-1000000000.0,-1000000000.0,-1000000000.0,-1000000000.0,-1000000000.0,-1000000000.0
1406429,015933.16-011026.4,-1000000000.0,-1000000000.0,-1000000000.0,-1000000000.0,-1000000000.0,-1000000000.0
1437604,002400.23-010449.5,23.290954390121378,0.023422572074167647,-99.0,-1.515720130281247,0.049595820882534336,0.3852390155626305
1451682,231004.05-002559.1,-1000000000.0,-1000000000.0,-1000000000.0,-1000000000.0,-1000000000.0,-1000000000.0
1450714,231714.42-000455.0,23.15732696221088,0.022524495937350508,-99.0,-1.9581809165976725,0.033307375373173964,0.4694646311674236
1414007,013642.70+002308.9,23.873258057465655,0.02045906730490543,-1.0,1.275390758768121,0.10044336880519666,0.31425946729511733
1421489,011445.20+002323.3,22.601100214023,0.006452605492412999,-1.0,-1.1028883459355874,0.018329899668443894,0.40322330280944796
1440764,001330.13+005844.4,23.002521185242323,0.020069934368036613,-99.0,0.03892505439645788,0.05048138707779748,0.4354819076929971
1416616,012913.71+011428.0,21.248083247109626,7.518629952407707e-05,-99.0,-0.6082261068738042,0.002659584607635601,1.1331091524586157
1460529,220206.58+000625.5,-1000000000.0,-1000000000.0,-1000000000.0,-1000000000.0,-1000000000.0,-1000000000.0
1461072,215800.38+002724.1,21.278030112704307,0.004742875458463303,-99.0,-1.4416807001920269,0.017215096456809298,0.6546061045562643
1419052,012204.66+003932.9,-1000000000.0,-1000000000.0,-1000000000.0,-1000000000.0,-1000000000.0,-1000000000.0
1406620,015854.50+001307.2,22.93068641368216,0.028350563760071168,0.7122329305504189,0.4322599588003051,0.02543464854221167,0.3448484851272119
1462581,214602.07-004409.4,23.202503098654454,0.006484058670084281,-99.0,-0.31026681469549455,0.0236005378998998,0.4490286304907655
1448249,233538.26+004104.5,23.49441526884977,0.024191657735324057,-99.0,-1.35302698239077,0.07240579703570738,0.2428644810114217
1431838,004207.45-005730.2,21.509411282935552,0.005941083390661461,-99.0,-1.2259588073835497,0.019735855998595064,0.31822956361953947
1412966,013947.64-000236.4,21.87113666290751,0.0022818566940596696,-99.0,-1.0261037983416967,0.02405958589025503,0.5667399068904369
1450863,231614.25-010009.6,22.16864171169332,0.012592275635832095,-99.0,-1.273842105340071,0.018647355358491047,1.3067866686891578
1423657,010739.79+002423.0,21.887660667012504,0.015439951372506755,-99.0,-1.04096690756234,0.04730945953263854,0.41920206441441554
1435277,003140.18-004337.6,22.87447170590992,0.010190413611734783,-1.0,-1.1993324602629007,0.01935915328611848,0.8637206333550834
1438371,002128.46+001358.4,23.792649321113977,0.03754089542956862,-1.0,-1.8511971219640326,0.11565581828087956,0.5463520991314538
1442481,000735.99-010056.5,-1000000000.0,-1000000000.0,-1000000000.0,-1000000000.0,-1000000000.0,-1000000000.0
1402371,021122.78+004655.4,22.40069038094672,0.005219337924904366,-99.0,0.1365304011300914,0.019319248267534173,0.9528243865435277
1448533,233341.54-002221.4,23.200957226096328,0.012739189371107074,0.22006131360396555,-1.0565042294359817,0.05417827275003084,0.2869803637203938
1447543,234040.39+004007.8,22.828512576648357,0.005236297555226699,-99.0,0.15062161381314,0.02658252114910109,0.3010664650509361
1431720,004224.52-010135.4,-1000000000.0,-1000000000.0,-1000000000.0,-1000000000.0,-1000000000.0,-1000000000.0
1425575,010153.75-010151.0,23.12368061320509,0.015231241555975217,-99.0,-1.3205399098988337,0.038591943724792466,0.402011491310664
1409452,014951.36+004730.0,-1000000000.0,-1000000000.0,-1000000000.0,-1000000000.0,-1000000000.0,-1000000000.0
1429561,004838.27+010420.0,22.648787615624677,0.01657690112120136,-99.0,-1.0601409770364905,0.008400264855328965,0.4198195571367389
1450077,232200.76-001806.1,23.291492096524372,0.03282922318502024,-99.0,-1.5014441854525846,0.07711886560496495,0.25877677168542046
1455621,223937.16-001645.4,23.25109531004467,0.19927907236046316,0.8118869391029762,0.16467821398392424,0.018047997677449967,0.7831096450056759
1399800,021822.14-004014.5,21.93895897341151,0.0,0.2801267338625137,-0.3946447787191065,0.0,1.1176223823302458
1442394,000754.23-010453.9,-1000000000.0,-1000000000.0,-1000000000.0,-1000000000.0,-1000000000.0,-1000000000.0
1396455,022729.10+001448.1,22.585554808557696,0.005224049379934925,-99.0,-1.6089589376315208,0.02208917956957135,0.8624674737561792
1418383,012405.53-004711.3,22.77733827978748,0.015979591933952264,-99.0,-1.1842877773240486,0.050932224388594016,0.1873918786203954
1446665,234801.65-004118.4,21.35615114274669,0.0011766761007159232,-99.0,-1.2845206167691376,0.004436064742092016,0.6498380052201633
1420104,011902.64+001218.5,22.939919073033586,0.004722903681404489,0.1502519055327659,0.48350954748141195,0.00542890018691411,0.34587122963046824
1445778,235358.14-003542.5,-1000000000.0,-1000000000.0,-1000000000.0,-1000000000.0,-1000000000.0,-1000000000.0
1465201,212733.18-004056.9,23.10802289576275,0.016656481428753978,-99.0,-1.0792052133590353,0.045053093717234205,0.24234564051362747
1403517,020802.53-010919.9,23.621909381292006,0.0168882999283948,-1.0,-1.5899260378508062,0.049633275868082194,0.5818856769842149
1444754,000012.28-010405.5,23.30475853529216,0.0,-99.0,0.11465501976553583,0.0,0.32099294238236803
1413889,013703.03-004214.9,22.51675925182854,0.01177599008571839,-99.0,-3.2973680363121036,0.02131644869525884,0.8614042605866519
1391845,024022.84-003125.7,23.340098949849967,0.004735336007168911,-99.0,-0.7974437503613148,0.038230532694791874,0.2898120584660891
1406124,020035.57+002944.6,23.28328477755536,0.01575272304525477,-99.0,-0.6504526384907443,0.036976904534480215,0.306088109139167
1426512,005846.59+005644.5,23.229362873519626,0.01965403724167203,-99.0,-1.4129735283075933,0.03805012686140008,0.7730890724734193
1446774,234713.41+003702.6,23.476402529743545,0.05159398343984378,0.31431147060446607,0.3079653644120066,0.03915035123169458,0.18792896880252002
1451086,231435.45+010138.8,21.485276300970177,0.005772820871410289,-99.0,-1.5483718497957275,0.004491561387210186,0.5274400404893901
1445049,235834.64-004835.0,22.026817293899263,0.007442140973044076,-99.0,-1.345414410705581,0.012581597880312545,0.7215917572683404
1451194,231336.03-003530.8,23.07873970710134,0.022680167747628488,-99.0,-0.9939172713797628,0.07533876866465777,0.2512206664112782
1409293,015022.67-005501.9,-1000000000.0,-1000000000.0,-1000000000.0,-1000000000.0,-1000000000.0,-1000000000.0
1416164,013041.67+004000.3,19.383550934696324,0.0,-99.0,-1.3656493916792565,0.0,4.171993922265497
1412204,014150.61+000754.2,21.450583350332998,0.005693847852521472,-99.0,-1.3433054395015653,0.008737681012759846,0.7281384765927269
1417347,012719.34+011248.9,23.246985010648622,0.019566538741715434,0.26658469613120817,-1.673360761044004,0.04642865761154846,0.17620213848145713
1395656,022934.06+004524.7,22.635911366436027,0.00787752992337687,-99.0,-1.2609909735723894,0.021528448784269405,0.5202481824837879
1430274,004634.85-002045.1,22.099880894358627,0.004463897909063874,-99.0,-1.5703647653287383,0.017645908617050954,0.23235365093919522
1387928,025103.52-005524.5,-1000000000.0,-1000000000.0,-1000000000.0,-1000000000.0,-1000000000.0,-1000000000.0
1412833,014010.82-000425.6,-1000000000.0,-1000000000.0,-1000000000.0,-1000000000.0,-1000000000.0,-1000000000.0
1410374,014705.43-004149.0,-1000000000.0,-1000000000.0,-1000000000.0,-1000000000.0,-1000000000.0,-1000000000.0
1428290,005257.73+005240.5,21.58930459632426,0.0012496292755859173,-99.0,-1.6491364410679714,0.019264698611466846,0.30337073565075684
1423342,010839.02+003109.5,22.667224098855208,0.02792515347628921,0.2633816110338385,-0.8109799091839767,0.054501058863026586,0.42297872697023264
1431442,004311.16+004403.4,22.880960549320868,0.018115469266701822,-99.0,-0.3182089035885882,0.07709123325190737,0.34968769756858636
1422507,011126.38+005902.4,22.839486706644955,0.018807626662296073,-99.0,-0.3400063476986528,0.0628422619798055,0.2979983782216935
1449459,232636.39-002930.6,22.850299146916917,0.01532672237376076,-99.0,-0.48600950142976096,0.04186874271130703,0.22099047474448877
1412933,013953.28+003628.9,23.884380178571625,0.0032605084249848204,-99.0,-0.1806864384225335,0.0048941533622755,0.2960792456245671
1451312,231245.35+004308.5,23.16290890592331,0.043269993418686425,-99.0,-0.6499725204260818,0.05753518607593788,0.49287335136567945
1404188,020610.45-004037.8,22.93617145329977,0.020517375048019204,-99.0,-0.9493945812003455,0.041016457340273205,0.2801745563436115
1460531,220204.76+004914.6,23.054605200112384,0.025491779342354803,-99.0,-1.271584018012303,0.03344555286347384,0.9543666199500391
1408538,015245.73-002430.8,22.769726307069156,0.020822845139996105,-99.0,-0.9000957345684668,0.03779481114078165,0.3435116341712272
1394019,023357.96-001554.0,21.306478760349115,0.0017733759345883726,-99.0,-1.6664943569912416,0.005050006537228757,0.651815390156389
1447395,234148.54+011437.3,22.63438708022759,0.008336849882439878,0.04976342813169646,-0.05476690127288908,0.04058448594099964,0.2865110398976071
1446744,234724.70+005246.8,22.490518408161826,0.0021960705701840055,-99.0,-0.24759005153430458,0.003827548494510946,0.4065656897120474
1431196,004351.22+004617.4,23.95258812184452,0.0030454800107548863,-99.0,1.2335473143845999,0.0011467823679112144,0.3594643477855966
1416377,012957.46-004734.8,23.189965957473966,0.02265812877665141,-99.0,-1.179790669051593,0.07193646597094305,0.25319596548850787
1453292,225756.88+004107.7,21.117094363851926,0.004970930740624269,-99.0,-1.795173253405753,0.017047288641425018,0.5732389725382568
1393119,023639.58-005325.4,21.715303823282476,0.0,0.13252411815700552,-1.076724266909673,0.0,0.5697501720784961
1447690,233936.26-005342.8,22.90716487966744,0.02212385673023398,-99.0,-1.0227311070605754,0.062321274364957935,0.22476987571904147
1427241,005616.68+004814.7,-1000000000.0,-1000000000.0,-1000000000.0,-1000000000.0,-1000000000.0,-1000000000.0
1389422,024643.92+002244.6,23.471487728861412,0.014077087325912174,-1.0,-1.4260796447298132,0.037589455807765404,0.321760378442365
1439261,001823.52+003000.2,23.257982661517524,0.00914065549596721,0.16505424670537258,-1.0240884681296794,0.021498885540912616,0.48294729176137546
1422611,011101.54-004509.9,23.55873489457513,0.0196734002635246,-1.0,-1.6881326539023433,0.06188144900008319,0.3634393368854548
1439982,001605.96-010207.1,21.01526789503108,0.0002705591593255008,0.42211792917391705,-2.025221908073477,8.451085146110593e-05,0.3658000317133048
1464804,213011.42-005457.5,22.951135718433925,0.01941516366158247,-99.0,-1.579831111612923,0.045992703753292785,0.49823160978529707
1422665,011050.26+000943.1,23.041327901276922,0.02349950191256056,0.05127784028356675,0.30666486268431115,0.024462049694785826,0.46830621832280633
1416150,013043.40-000735.3,23.337716175267666,0.028749984261677852,-99.0,-1.6798524751372996,0.05420430604428539,0.5485242555810305
1397879,022328.16-005848.7,22.856476544705977,0.02247442097529806,-99.0,-0.9822613315720305,0.07942166631812025,0.5154699320675188
1448464,233413.37+001343.1,-1000000000.0,-1000000000.0,-1000000000.0,-1000000000.0,-1000000000.0,-1000000000.0
1434134,003516.80-001948.0,23.687825394536354,0.04861360310887797,-99.0,-1.5015386013833742,0.07537305926385818,0.4041722044038249
1392065,023945.93-001220.0,21.7415603374126,0.005400120150298449,-99.0,-1.615638128102022,0.01088346915921512,0.43265285758778455
1447862,233821.50-005619.5,22.325793141914595,0.037504789540472316,0.4486424575230596,-2.2330269269533396,0.12419315747162774,0.2657757971020845
1464414,213311.55+010356.7,22.861174776114517,0.017848643539659648,-99.0,-1.353577022075969,0.04144692308954234,0.28713172276047166
1391821,024026.93+004922.7,21.049618320127074,0.00022235713870166762,-99.0,-1.717768779661184,0.002367730274497104,0.5550643082036609
1392931,023713.56-001543.1,22.978948650229647,0.011683354783436073,-99.0,-1.0883357843471186,0.04224692229567584,0.6615259822690546
1466105,212107.53-002847.4,23.0890346219092,0.015989738971162737,-99.0,-0.8795471528658831,0.020260730860296672,0.9657845438823689
1403467,020812.49-004928.8,22.713950686027466,0.010817038578077032,-99.0,-0.8339010945655945,0.02376683392835882,0.4871197017396708
1391998,023957.98+001340.7,22.039953204358348,0.004820814474681967,-99.0,-1.3128638930855163,0.018399062565257363,0.3448467006695995
1434925,003247.64+003421.6,-1000000000.0,-1000000000.0,-1000000000.0,-1000000000.0,-1000000000.0,-1000000000.0
1414613,013457.91+002738.2,22.637559324976714,0.0,-99.0,-0.17830312546882432,0.0,0.24635402138408152
1464511,213221.95+003613.1,23.859268341718426,0.0,0.2676793775364425,0.7615286232711789,0.0,0.9471854882817695
1426518,005845.49+005639.5,22.6103432057509,0.005565249208414613,0.4821122911213003,-2.0105198156049857,0.02629829050207899,0.3339228957323977
1450356,231954.42-010520.2,22.455489741382173,0.0012918542129813915,0.03370732309967045,-1.0780415746740162,0.025856075906707687,0.2279875133452594
1444972,235905.10+003639.9,-1000000000.0,-1000000000.0,-1000000000.0,-1000000000.0,-1000000000.0,-1000000000.0
1426673,005811.03-011032.1,22.585536631781927,2.9965155112776642e-05,-99.0,-1.250706863158077,0.04725320323932636,0.56919504033177
1393611,023508.30-002544.9,22.464620368952403,0.0051815376646402456,0.40644242863922847,-1.77460979342159,0.011684498748311345,0.3293458492250153
1452948,230033.85+003012.5,22.79340000571583,0.007125244820338494,0.14904296166882516,-0.9093961169318456,0.025602402900527343,0.23612461585791975
1392307,023906.20+002444.7,22.22995140636855,0.011239574102983596,-99.0,-0.8669546338701704,0.032811834394749884,0.4746402522808805
1406785,015820.34-010453.9,22.663505438051466,0.02422983561433334,-99.0,-0.737012342794559,0.03774212561635332,0.383476015007182
1401546,021341.14+000922.0,23.171560882094518,0.01577888196621302,-99.0,-0.8743185855934303,0.02422196225393608,0.45732697429395613
1463018,214301.75-001628.9,-1000000000.0,-1000000000.0,-1000000000.0,-1000000000.0,-1000000000.0,-1000000000.0
1402076,021214.26-004503.7,24.225126911649376,0.070003786834123,-99.0,-2.099276844569551,0.09841961434958624,0.4367981228839412
1419198,012139.16-000024.0,-1000000000.0,-1000000000.0,-1000000000.0,-1000000000.0,-1000000000.0,-1000000000.0
1444732,000016.07-010439.0,22.56699694637846,0.008302384955909403,-99.0,-0.9291446368753897,0.015426539734224809,0.40981191201100964
1455425,224112.93-010615.6,22.00765511709222,0.010842486793469774,-99.0,-0.5360603060474478,0.014775543416110537,0.4392999200014943
1413082,013928.86+004348.9,22.09312246540474,0.008479223413928594,-99.0,-0.956902808272023,0.05746120764909546,0.3203662618198503
1396602,022701.94+001229.6,20.640032048238574,0.0,0.2904112352147639,-1.6893117557276205,0.0,1.667472449293456
1447402,234145.82-003934.5,21.675433155490303,0.007569563569536086,-99.0,-1.0931468097149613,0.01726945144466374,0.42645595482315024
1399040,022027.87-011113.3,21.9255697692252,0.005263594474529398,-99.0,-0.9811953868517165,0.01715245419118616,0.7753432538027455
1465030,212849.04+000447.6,21.077530007237335,0.001061354052698249,-99.0,-0.6764848121722,0.0035672114941054933,11.415258757094751
1393039,023654.75-002404.5,21.632627266903206,7.35716274924414e-05,-99.0,-1.3151062684968786,0.0057847628070459844,0.730526727901687
1405302,020304.92-002437.1,22.58568641707982,0.022148852735002222,-99.0,-1.455245346845221,0.04026079897430335,0.3228020974240274
1410001,014812.82+000322.9,20.657505366115934,0.00034394066121379296,-99.0,-0.07731113011247004,0.0016978501562339154,0.523523503391268
1439298,001816.41-002154.9,22.065948721665443,0.0040482869736724325,0.21703178458581365,-1.7696563313860652,0.028598582949124207,0.262213518484715
1441508,001055.41+003032.2,21.87314192351385,0.0,-99.0,-0.9658039878207525,0.0,0.9127866907495941
1396934,022606.57+001556.0,23.017831307980465,0.002137454153139373,0.3451694403705576,-0.6560688795032021,0.00037330679347830076,0.51609329684611
1450914,231550.44+004051.5,21.505006949484816,0.0007959848323579877,-99.0,-1.1181090751185025,0.00038844444834440495,0.5775694992332377
1465867,212253.22-000443.4,23.048484869896534,0.00793522764100274,-99.0,-1.333884805734057,0.016411501958731423,0.3652248102667304
1451950,230808.79-002326.0,21.94224167416929,0.05069609212000614,-99.0,-0.7690764194626505,0.05336914298148587,0.3280907547611994
1425816,010106.88+002816.7,22.86666341378372,0.043127920855363655,-99.0,-1.4074337882875625,0.08341250357826968,0.33415074877462103
1428679,005131.86-004428.0,24.040727538201416,0.05037624535949803,-99.0,-1.5087658596818683,0.08723391384597257,0.8374979375349456
1460187,220450.44+005230.2,22.283632015270037,0.006002979520616236,-99.0,-1.6720483566709983,0.02611960628969834,0.26921156165416044
1427539,005527.22-001934.5,23.069921570912946,0.01623460331308557,-99.0,-0.8933443557155165,0.027446138945839138,0.4884386277312903
1416512,012934.24+002828.5,-1000000000.0,-1000000000.0,-1000000000.0,-1000000000.0,-1000000000.0,-1000000000.0
1464902,212939.66+000815.3,22.094539681770392,0.006079266203178335,-99.0,-1.203965584181351,0.02253783480314342,0.4427438071357091
1445634,235458.11+005552.8,23.615747265262733,0.013721130441464169,-1.0,-1.5447515017921045,0.054489571475393905,0.5952890275373486
1439415,001754.16+011123.4,21.45540606201046,0.002654436187743414,-99.0,-0.9215651327348331,0.011912243788092969,0.4578713905923672
1436551,002729.84+000548.7,23.10867031808862,0.019983094235938026,-99.0,-1.3175933536966458,0.05670777759663814,0.5110274288837471
1444945,235914.40-003428.4,-1000000000.0,-1000000000.0,-1000000000.0,-1000000000.0,-1000000000.0,-1000000000.0
1431915,004152.18-005348.3,-1000000000.0,-1000000000.0,-1000000000.0,-1000000000.0,-1000000000.0,-1000000000.0
1423409,010826.84-003724.1,19.706136487122826,5.0777830749026975e-05,-99.0,-0.7979983409647158,0.0007885683622834705,1.5187143636496505
1438024,002240.17+011328.6,22.788181220459727,0.016078616601724605,-99.0,-1.320995468375683,0.039524297000239184,0.4181591531693494
1390914,024247.99-010044.9,23.09970850393342,0.03489543285272845,-99.0,-0.3688015770114923,0.06381353847580584,0.4983121055677926
1444344,000133.67+003712.1,23.891133965543112,0.012941619268005411,-1.0,-1.0749753534044197,0.06762590920344869,2.2370102990627667
1402908,020947.95-000453.2,23.49472241217061,0.013470779834019453,-99.0,-1.8389157270594527,0.03191314579800775,0.49354226940015583
1409911,014829.65-003101.8,-1000000000.0,-1000000000.0,-1000000000.0,-1000000000.0,-1000000000.0,-1000000000.0
1433928,003553.45-003728.4,22.848853404013347,0.022145642826387757,-99.0,-1.3762597297952364,0.03433564939881162,0.1699450067119619
1397015,022554.81-004617.8,23.679766319723804,0.02206280429819074,-99.0,-0.9650150193596669,0.09084759206633897,0.2210511353830287
1388271,024959.69+010233.6,22.614957149608394,0.011767830305480231,-99.0,-0.8231881363412299,0.012267276716108833,0.33325943489712073
1466642,211641.51-002050.3,23.478838358103765,0.016917716751931877,-99.0,-1.2205032174617179,0.026598615745129894,0.5656820819403221
1449949,232254.33-001822.1,-1000000000.0,-1000000000.0,-1000000000.0,-1000000000.0,-1000000000.0,-1000000000.0
1446419,234941.81-004038.6,22.440259739139258,0.006241503218973321,0.15983820645936564,-1.4529889059259857,0.021960893944181326,0.2817394065549719
1426313,005931.98+004910.9,22.824073160434757,0.013995890949978218,-99.0,-1.2144809260920701,0.05108908983307858,0.22972228347499488
1400612,021609.26+003442.8,-1000000000.0,-1000000000.0,-1000000000.0,-1000000000.0,-1000000000.0,-1000000000.0
1389051,024744.08-001137.2,23.136316092940284,0.02898023446056719,-99.0,-1.3565502640567093,0.08571874677890334,0.38893863888441627
1390867,024255.72-005508.1,23.36326891579447,0.00837553781167344,0.4736209632499985,-1.1888014256897246,0.02273572120949008,0.4003221063909901
1401925,021242.51+002317.1,23.916730670271683,0.03673854595072967,-99.0,-1.2652514142647693,0.05115546334352472,0.4246087998719563
1458900,221433.57+003656.4,-1000000000.0,-1000000000.0,-1000000000.0,-1000000000.0,-1000000000.0,-1000000000.0
1418830,012240.09-001142.6,22.724287373374374,0.010437850901992007,-99.0,-1.0544565435232167,0.02182675577454063,0.3834790473147876
1416850,012838.27-005455.5,23.43638428333103,0.01259054390470915,0.5314517468556879,-1.4463301064252536,0.07208594646804656,0.2811832048665973
1443209,000518.94-011116.5,22.952501271123488,0.01577779054198203,-99.0,0.10255566669321237,0.04478177173420055,0.5723353051502865
1425761,010116.64+000448.4,-1000000000.0,-1000000000.0,-1000000000.0,-1000000000.0,-1000000000.0,-1000000000.0
1394594,023219.76-000652.8,23.235002877455464,0.003964860401133308,-99.0,-0.9398866646787098,0.011520615773327858,0.31131937268868265
1431992,004139.73-004000.6,22.509323788982236,0.002248888399618565,-99.0,-0.3405664627039666,0.007918351792069345,0.6318630951904284
1395668,022931.47-005141.9,23.04531158778135,0.009154616356461531,-99.0,-0.8588848378428118,0.020582362881535587,0.4293972944111173
1447424,234139.92+003644.3,21.136799856637957,0.019187417739097157,-99.0,-1.233085260951118,0.02651422376441115,0.5671317376968245
1417013,012810.94+005554.2,19.849608388763293,0.0,-99.0,-1.1365425883615656,0.0,2.642975137085266
1443851,000312.36+005847.5,22.946812154721762,0.012224735957477861,-99.0,-1.2698658733595547,0.050048928010956284,0.2534137694820082
1452213,230557.52-010719.7,23.251303344115705,0.004692853637804362,-1.0,-0.8698234073874893,0.01384682029585299,0.42671406431003595
1464870,212950.01+001157.9,22.67173810838785,0.01317552429757285,-99.0,-1.1255729849103324,0.024842585894442548,0.35991331351169487
1464246,213420.08+000729.4,23.333238011941198,0.02494292431472367,-99.0,-0.5522286767868447,0.04848212806363661,0.29944418978185283
1422215,011227.31-005115.7,22.240781153165834,0.008892357502512382,-99.0,-1.177601424126685,0.03463920684501598,0.3694920526992924
1445819,235341.72+001801.6,22.15169741082429,0.0,0.3506948922905927,0.4955952345639112,0.0,3.2021027336527923
1424501,010508.13-005041.3,20.234576688447994,0.0026937600369159043,-99.0,-0.8211615718730814,0.004198137712940919,0.6958578740805891
1420148,011854.62+011316.0,23.805394071355558,0.036822765019079995,-99.0,-1.578433846940471,0.10164684098573173,0.24327186144984989
1405091,020341.08+005858.3,21.21262270587558,0.003643881894639378,0.6703654225595835,-2.3183157126691163,0.03963205512328449,1.001256583849537
1408386,015311.59-002241.4,22.485967525185494,0.0,0.2873227259926189,0.14194833599496626,0.0,0.3402832880867509
1399342,021938.29-002151.5,-1000000000.0,-1000000000.0,-1000000000.0,-1000000000.0,-1000000000.0,-1000000000.0
1451560,231102.17-004326.9,-1000000000.0,-1000000000.0,-1000000000.0,-1000000000.0,-1000000000.0,-1000000000.0
1442103,000846.69+001725.4,-1000000000.0,-1000000000.0,-1000000000.0,-1000000000.0,-1000000000.0,-1000000000.0
1449142,232855.03-003030.2,23.1237252038922,0.016668707677434114,-99.0,-0.8049387221308182,0.07210116799539446,0.20777029189732008
1430988,004426.99+005431.8,22.53678247998389,0.007317493326013391,-99.0,-0.2783567196522432,0.009692890790958753,0.32809730574370216
1439231,001829.20-004749.9,23.66664860809434,0.026066760475105255,-99.0,-0.462564481037278,0.057753012741566995,0.40166407061298776
1442851,000624.04+011256.7,23.736457609938107,0.04326526031407596,-1.0,-1.9727826238938677,0.11170427424770901,0.3129491679237994
1439700,001658.46-000629.8,22.35426576999327,0.010155740110509015,-99.0,-1.3047235193736983,0.033236548019695555,0.38998576083596476
1450074,232201.75+003712.6,23.162579288508404,0.014935346601001598,-99.0,-1.2404253473923341,0.036159084451543255,0.36783131745867176
1458626,221636.81+010401.7,23.14417931137819,0.060547773424151075,-99.0,-1.3588446773581522,0.08298693137026991,0.24649841079800536
1408055,015415.52+002303.5,23.480784267880516,0.027574694835337255,-99.0,-1.2132984543182346,0.05146474534497847,0.4785911379172637
1426989,005709.17-004041.7,-1000000000.0,-1000000000.0,-1000000000.0,-1000000000.0,-1000000000.0,-1000000000.0
1420536,011744.67-003628.6,23.06372332915391,0.01086196610270207,-99.0,-1.202283808620698,0.026531899006913773,0.48043692304296803
1394508,023236.89-005323.6,21.355531111394534,0.0,0.18234070821776652,-1.7052992090078694,0.0,0.7931818342153956
1403589,020751.37-001514.9,23.035570691691383,0.005665177232554441,-1.0,-0.9232532932476625,0.02078059125109094,0.36205888128693897
1464867,212951.16+004808.8,22.22068010247252,0.003083451630141454,-99.0,-1.0965960243038242,0.014707351252325473,0.4927597819487385
1453134,225913.27+002053.6,22.937252934863857,0.007791895362547763,-99.0,-0.9194437471801518,0.03365303559496635,0.3901105589976582
1448458,233415.97-011050.7,22.55217869947449,0.0,-99.0,-0.6968552957203444,0.0,0.4359156039390728
1452355,230446.67-003416.4,21.60260867896016,0.00176263794705811,-99.0,0.24924170794280887,0.009594377548022948,0.9489360902124946
1436181,002845.76+011145.1,22.023575053877984,0.0016561836575856859,-99.0,-0.7779613748420022,0.002278141206065565,0.6464698321369592
1441705,001012.15+001125.4,22.272802830902954,0.009128022040885142,-99.0,-1.5568819961689124,0.02680145999882555,0.36198821176178925
1440770,001327.52+010646.5,21.743465543562486,0.02145942454866656,-99.0,-1.119566375787966,0.038274502279820655,1.0691558013177782
1448414,233435.73-001337.6,-1000000000.0,-1000000000.0,-1000000000.0,-1000000000.0,-1000000000.0,-1000000000.0
1450206,232108.66+011155.5,-1000000000.0,-1000000000.0,-1000000000.0,-1000000000.0,-1000000000.0,-1000000000.0
1409848,014839.67-000212.7,22.834303601490156,0.019759863496267016,-99.0,-1.1513420063636977,0.03989505476536359,0.374595651504793
1438988,001916.33+000147.1,22.97787564317688,0.005122801409882527,-99.0,-0.41938885466084397,0.013973887403231189,0.5073478448990046
1442749,000645.42+000613.9,22.24656334595091,0.0009728885864568326,-99.0,-0.7623899773593994,0.01714436516864204,0.5486782235376051
1411213,014437.46-003109.0,23.498777813323848,0.018571848607296104,-99.0,-0.5710153239052334,0.04451060522538519,0.3055441411430782
1426388,005916.92-010119.5,22.00040291663094,0.005284802470759686,-99.0,-1.6946076931261018,0.014277356535428387,1.6191615358632547
1462926,214337.32-004724.1,19.100706067481404,0.006230728006020314,0.2799619659070574,-2.766417190953014,0.014075357775056752,1.3297273509149425
1432041,004129.26+001749.1,22.943623213183677,0.02586017348250813,-99.0,-1.0492295971796342,0.04212442093618651,0.7129700411794214
1449646,232515.93+002229.2,20.37131390367309,0.0014002519409572756,-99.0,-1.170369767019268,0.0031864225194606632,0.6766386609353802
1464576,213152.55-010152.0,21.657971440061182,0.001272212030025699,0.16529594287729124,0.3687422555934923,0.0,1.6494655313190825
1421071,011604.41+003843.4,22.738506119627523,0.0027048011382113657,-99.0,-1.1825343872413594,0.00912887705052201,0.17945499370881235
1442539,000724.67-005106.0,-1000000000.0,-1000000000.0,-1000000000.0,-1000000000.0,-1000000000.0,-1000000000.0
1440641,001354.36-001407.8,22.608116724546527,0.007006244664307104,-99.0,-0.8758471181787604,0.021783762164320652,0.5028915538135703
1396635,022656.06+002248.0,-1000000000.0,-1000000000.0,-1000000000.0,-1000000000.0,-1000000000.0,-1000000000.0
1447132,234414.97+004855.5,22.398259627033873,0.027711232824696452,-99.0,-0.6976980463880018,0.033166239690454735,0.6558731120423195
1394909,023133.27-001740.1,22.527872796213494,0.004280106570346831,-99.0,-1.6883855032625106,0.005948415640379956,0.3424310941254845
1391955,024004.32+005607.3,23.428806291811433,0.015343700362038248,-99.0,-1.354692811626283,0.03000886271269798,0.7138244052840614
1417364,012715.35+004737.2,21.92282709843294,0.0,0.27948263106177323,-0.915647237740207,0.0,0.3273880269702491
1405329,020259.34+005307.4,22.346392166229627,0.003529231142174183,-99.0,-1.1397209208567438,0.013762119395453354,0.3346981951441489
1403447,020815.31+000014.9,23.39092239624062,0.007056254160051623,-99.0,-0.6405119245738069,0.028897385384925367,0.2914715424966456
1427486,005538.21-002729.9,22.397240549530473,0.004446301660747665,-99.0,-1.734527064403558,0.014616855553855945,0.545174831130724
1409998,014815.10+005619.3,-1000000000.0,-1000000000.0,-1000000000.0,-1000000000.0,-1000000000.0,-1000000000.0
1407577,015546.28-000311.2,23.787681238455512,0.049283027247692957,-99.0,-1.363242160889298,0.13438043353686102,0.31501866682657087
1400441,021637.21+001008.5,-1000000000.0,-1000000000.0,-1000000000.0,-1000000000.0,-1000000000.0,-1000000000.0
1420500,011750.30+005323.7,23.0244668747416,0.07349737903131981,-99.0,0.32553342280801445,0.10481336336838201,0.6934056679685635
1401461,021353.36-010058.3,-1000000000.0,-1000000000.0,-1000000000.0,-1000000000.0,-1000000000.0,-1000000000.0
1453092,225931.72+004751.8,21.196349823075273,0.004644839699592396,-99.0,-1.4038019228418608,0.007282277343994115,1.1031592950243378
1414012,013641.63+005340.5,23.233783404914668,0.024150747268807393,-1.0,-1.8399466501191313,0.0425177068163366,0.582467433661774
1418309,012420.20-004100.5,22.17168194302831,0.0,0.3607841551619103,-0.8841233043590124,0.0,1.0753310274835917
1447176,234348.33+000202.8,21.399745352813916,0.0053738338360176385,-99.0,-0.6565812671390718,0.016887581894055703,0.35462871480004976
1426391,005916.38+003134.4,22.003927094768876,0.0,-99.0,-0.34008015417233395,0.0,0.42714860950016903
1402784,021006.94-004818.9,-1000000000.0,-1000000000.0,-1000000000.0,-1000000000.0,-1000000000.0,-1000000000.0
1413008,013941.49+004337.6,22.012955274183703,0.006557080933973225,-99.0,-1.5286778836884793,0.013794010433350046,0.5958975228883009
1413507,013815.05+002914.0,21.524238629788336,0.003243562806138911,-99.0,-1.4385538169563263,0.012750797150073101,0.46194497011753144
1437865,002310.68+004428.2,22.17351516242322,0.008468377415535855,-99.0,-0.47723689912708345,0.004753612049847256,0.5890069647542956
1400457,021634.65-004604.3,22.901286686214455,0.012267748790071309,0.15304178641850644,-1.2118928261790303,0.03405252872970399,0.2678820220936857
1464421,213307.61+000336.3,23.44928400876268,0.019807701035290393,-99.0,-1.0992066721981844,0.05174156372287497,0.43830638513143844
1391388,024137.07-001358.0,23.08188398685582,0.0069946406729926025,-99.0,-1.281960861174285,0.028252836434578987,0.29328136010631156
1411053,014502.31-005733.9,23.836146560793615,0.06027308652488905,-1.0,-1.4523806685439276,0.1495297239996073,0.21461620061134143
1449921,232303.71-005248.5,21.695441488334275,0.0045297347014638945,-99.0,-1.3775864652366363,0.010021222765174032,0.5821141060537505
1447522,234050.52+010635.4,20.85168313009998,0.0,0.25378955721471375,-0.7892871000709034,0.0,0.6322304687003555
1419333,012112.33+000157.1,22.21113454988076,0.004060087630879394,-99.0,-1.5237896114095952,0.009528584030431997,0.7735803679565729
1451477,231138.94+010132.4,21.81756083952724,0.0032779242331137937,0.21308855286530173,-0.586498818559078,0.010467999201936085,0.5031041287588291
1407811,015500.44+010600.2,22.46538743261575,0.012692522106778625,-99.0,-1.051748009392036,0.031932872827038605,1.0332410365923899
1460212,220438.06+010117.4,22.820569893015666,0.00830304492653866,-99.0,-0.966702215104152,0.023343708483141157,0.221102939999957
1433440,003722.17-001140.6,21.114937490983486,0.004106158193843967,-99.0,-0.9138484967674856,0.010476851087770911,0.5575865093171719
1427100,005646.82+010452.5,21.23282428077571,0.00281454616686716,-99.0,-1.771254813920848,0.009530824904211088,0.5213485588398377
1418682,012309.74-003610.3,22.59126887011633,5.225674813758019e-05,0.19327360438372512,-0.005053913809666355,0.006641851319442206,0.3222777413117701
1397974,022313.00-001047.8,22.65780138882827,0.007924965645100812,-99.0,-0.45507528166141586,0.023897854249260858,0.4927387696910376
1465189,212739.71+004407.9,23.17835315805734,0.016032170089737008,-99.0,-1.317256559228964,0.03364498086636458,0.4813670538743553
1450003,232231.61-001522.8,21.42720626899095,0.00486071105554764,0.28142726604037904,-0.41577306786961543,0.015047470296986276,2.9815583249752757
1448432,233425.34-005401.7,22.36739438265223,0.013192731048841111,0.33433137572724697,-0.7373407671931114,0.00902127931462049,0.342109878924307
1420972,011622.74-001702.1,-1000000000.0,-1000000000.0,-1000000000.0,-1000000000.0,-1000000000.0,-1000000000.0
1416930,012824.20+001925.1,22.192880333918986,0.018614805399010947,-99.0,0.44360341068595144,0.01966819381549767,0.37352155234608053
1401730,021311.37+002152.5,22.86416364910307,0.008497757944985196,-99.0,-1.127260321884724,0.005578185996493623,0.3967084268257058
1464197,213438.96+000953.7,22.02663050010394,0.00610847966875383,-99.0,-1.4828362743086814,0.013139875172039517,0.4855718128332068
1417540,012647.40-005251.6,22.21261117035032,0.005359079278459689,-99.0,-1.421801107060399,0.017488062557357353,0.41941385023836575
1393863,023426.15-004354.0,22.870904939850313,0.009456864405814613,-99.0,-0.9073128409147708,0.028599093368280815,1.2452761631988345
1449486,232627.21+005518.5,22.319756031008545,0.006778967482032883,-99.0,-1.346355091160611,0.03005881487061457,0.36284946783569894
1448157,233615.50-001120.0,22.443976007644302,0.014202490222423592,-99.0,-1.2747849230188928,0.02019300330162943,0.455764912530719
1463974,213616.06-005049.7,22.220847847909347,0.008083283196116398,-99.0,-0.7233918263695838,0.013888284221288627,0.43174427788551323
1449903,232310.98+005548.7,23.06722336657321,0.019117065189284688,-99.0,-0.6183223519715906,0.05640353914649476,0.25736419861446697
1447301,234236.90-004232.8,23.168617785938913,0.007594185381947227,-99.0,-1.4465384794487717,0.020902601797404552,0.456867139380044
1453114,225922.81-003319.7,22.61980137416611,0.0045047729003577786,-99.0,-0.774964116782412,0.004198746271506404,1.4711370904346064
1448066,233656.28+001304.8,22.934382164663738,0.01114643370859092,-99.0,-1.4120188184590825,0.03769421916901683,0.278857437143205
1408791,015155.59+005037.2,23.221036541554533,0.007586103748158379,0.35585356300153326,-1.015371306728028,0.041657354993995144,0.2228584566751339
1447092,234440.02-003231.6,18.91096137004977,1.0528764446959826e-05,-99.0,-1.502488761421791,8.117727352474624e-05,2.439205448179864
1403277,020847.46-004312.4,22.690463811228888,0.0010046004890629234,-99.0,0.6159037925701369,0.0,0.9690908440874764
1402765,021011.37-003239.2,-1000000000.0,-1000000000.0,-1000000000.0,-1000000000.0,-1000000000.0,-1000000000.0
1424925,010351.76-011057.3,-1000000000.0,-1000000000.0,-1000000000.0,-1000000000.0,-1000000000.0,-1000000000.0
1433320,003745.09-005527.1,21.192294444069937,0.0,-99.0,-0.9312541732923307,0.0,0.9919413439145011
1451201,231332.68-003220.9,23.537088410251705,0.026129547064126513,-99.0,-2.2037339100866453,0.016347542827740424,0.3475634271522786
1449184,232836.68-003728.0,22.486708492707855,0.008148485310242037,0.1407359477197137,-0.6414762258340581,0.0334725879081037,0.44441843223736904
1388750,024837.05+002447.1,23.587967140098847,0.014603988562678083,-99.0,-1.1650711134827687,0.06738043827097695,0.4448875629206823
1425213,010257.24-005526.4,23.16222946523778,0.02097083193278948,-99.0,-1.449376453989558,0.04635676404654987,0.34832015787311793
1447202,234330.62+002603.2,23.431267987676584,0.0290424648988008,-99.0,-1.0391706532351344,0.08639168419499882,0.13951458308385645
1436203,002841.59-001833.2,22.823057456324655,0.019892474034799434,-99.0,-0.901509830876658,0.035287935693402495,0.3962009797452365
1449914,232307.25+011121.0,19.81442550128748,0.0,-99.0,-1.237590277186119,0.0,3.4644966900355945
1452816,230125.86-003400.9,20.312434414647505,0.0024686945458984866,-99.0,-0.6735548767578603,0.0036035325422540954,2.8078965858240146
1447231,234316.34+003926.3,23.017987656590755,0.021006961091840637,-99.0,-0.9377964017884164,0.04536764966636525,0.29390566193443296
1439399,001757.19+005635.4,23.366676901341073,0.04632052867850511,-99.0,-1.58452417650137,0.10151566365590448,1.0323690560318932
1402570,021044.98-003555.2,-1000000000.0,-1000000000.0,-1000000000.0,-1000000000.0,-1000000000.0,-1000000000.0
1431364,004322.79-010705.8,-1000000000.0,-1000000000.0,-1000000000.0,-1000000000.0,-1000000000.0,-1000000000.0
1437784,002327.41+000519.4,22.338902206069044,0.0054347619085692855,-99.0,-0.8824339749821579,0.021498778878655367,0.7281385486265144
1398649,022131.60-010631.6,23.02006132394117,0.0035036338076022133,-99.0,0.12466778059590045,0.00019522315848918836,0.4100648478957533
1453039,225952.25-010702.6,22.52947591621716,0.009206983048182238,0.21151142452823132,-1.5334822198152018,0.02635137106309071,0.260544788485206
1410980,014517.75-001244.2,23.704033343708993,0.017780673619602894,-99.0,-1.3676716705999468,0.06866605789510272,0.1962815602041623
1446358,235008.88-002912.6,20.711172767117752,0.0,-99.0,-1.516268760923341,0.0,1.14666281993223
1419671,012010.11+002308.2,-1000000000.0,-1000000000.0,-1000000000.0,-1000000000.0,-1000000000.0,-1000000000.0
1451982,230751.90-003016.2,21.17415169543124,0.022900253994917463,-99.0,-0.02038090881606358,0.0244293163655881,1.1646978130350758
1444106,000220.09-005222.8,22.78714705788135,0.013718904054966785,-99.0,-0.326158570045358,0.036448581950187464,0.6005300176564059
1431927,004150.59+004232.9,22.609899979030352,0.018747642359553396,0.09509395068971857,-1.8083653226310128,0.02070763180758839,0.3099972621229688
1449058,232939.71-004918.8,20.629645511999904,0.002340372391751444,-99.0,-0.5465174018033974,0.004692094010509185,3.0817034453554064
1465536,212509.03-004406.9,23.788575684957614,0.06390205155893725,0.4744801404300876,-0.20195779775166756,0.06647651094834366,0.4019161335174952
1414202,013605.68-004147.3,22.433046890626933,0.0029885974149923555,0.09925646905205825,-0.33125997583291955,0.013471059182237732,0.37990345471627773
1436140,002855.34+003347.0,22.996074473178474,0.015849702923231845,-99.0,-1.071415448710129,0.05020254473034391,0.46590703319485677
1396545,022712.93-005908.8,22.648949997021596,0.0027793415577015423,-99.0,-1.7603524723557165,0.013462504254286856,0.6704090108351688
1422217,011227.13+011452.3,23.17208872212705,0.013845677365802445,-99.0,-1.3147840970134164,0.028717406593300465,0.38402243611536147
1448643,233249.42+003000.5,22.909572706368287,0.018404731004393327,-0.5141819242102559,-0.875571126845788,0.05547973164293152,0.6636282204522147
1389729,024557.23-000823.4,22.21341776306887,0.004184045975819117,-99.0,-1.9658096807505556,0.017572819427946307,0.5899523015117486
1393771,023439.58-005242.8,23.513440340954553,0.023887743141015605,-99.0,-1.6123528087002548,0.0581010413013211,0.5817874295157036
1448475,233406.81+005901.4,22.601654667090123,0.020085327169976352,-99.0,-0.9586139754330256,0.045669693607385375,0.8378696066587904
1426955,005717.00-002433.2,21.824495756392643,0.011019024225848995,-99.0,-1.0582335397174814,0.02027690572880514,0.6443262982443936
1400625,021606.78+003626.2,23.106404320320074,0.015686011070217276,-99.0,-0.6930844716179285,0.032803544478195334,0.3448073648029664
1451833,230900.46-010610.5,23.60629197304292,0.038501945798010695,-99.0,-1.2810066112724816,0.09112375089710445,0.5203015212171298
1405563,020216.40+010913.5,-1000000000.0,-1000000000.0,-1000000000.0,-1000000000.0,-1000000000.0,-1000000000.0
1411441,014359.45-000724.5,22.82224405624438,0.020771407691775323,-99.0,-1.7963675119135547,0.019306840869005137,0.24564779522570207
1412671,014038.83+005247.9,22.464924149132095,0.010084878442491174,-99.0,-1.280501633384156,0.03109767124719154,0.2566880183869197
1426438,005905.51+000651.6,19.346316878684497,0.0,-99.0,-1.4116342238027961,0.0,5.424628135804742
1465142,212758.18-000229.3,22.567139411833217,0.005562816375865864,-99.0,-1.963792268308973,0.01418876249905332,0.4698776394431517
1419083,012201.22-003940.5,-1000000000.0,-1000000000.0,-1000000000.0,-1000000000.0,-1000000000.0,-1000000000.0
1464936,212922.88-000931.3,22.725922329028414,0.0,-99.0,-1.4414425618135867,0.0,0.44125082407120375
1425220,010256.55+003004.6,23.043247298342656,0.01700369298065496,-99.0,-1.449740137242276,0.029471744845326664,0.48701104437279136
1442755,000644.50-003858.8,22.72938819622413,0.007434970739170765,-99.0,-0.6391838993787289,0.023163465853514864,0.5830789311023664
1412259,014141.33+010421.4,21.934817211114016,0.0034723024636740263,-99.0,-0.7476705102122372,0.0038603824131047126,0.5517108076559503
1434515,003408.76+002004.3,23.286252766752632,0.015601285434261314,-99.0,-0.7390980942014309,0.018526785274643853,0.33219288779262324
1433937,003551.98+005726.4,21.316414710615113,0.004728755540321927,-99.0,-1.386752821617883,0.010706514782269805,0.9766457202103482
1432111,004116.03+000012.8,-1000000000.0,-1000000000.0,-1000000000.0,-1000000000.0,-1000000000.0,-1000000000.0
1465972,212208.22-011159.9,22.769895186479964,0.04580199092774073,-99.0,-1.0449726205648884,0.08493802965904451,0.238004736918088
1459606,220919.43+005209.2,23.129938160094063,0.032665241303746484,-99.0,-1.3205745198811147,0.08846732658620571,0.47148417389153185
1419955,011925.57-004035.4,22.421630696242794,0.0,-99.0,-0.33754310971356905,0.0,0.8650287139575243
1418109,012458.56-001513.9,23.079505073898055,0.011307497898460639,-99.0,-1.0168116753670433,0.03837717164797155,0.33331140790052044
1428083,005341.92+002946.8,23.770321579710888,0.04389325457730742,-1.0,-1.6585684455459129,0.10750221320449738,0.3119554755444046
1433968,003546.70+011335.7,23.284849054183475,0.014591538320409825,-99.0,-1.326061311016256,0.028223183995627288,0.2968692346654356
1434102,003523.06+002817.6,-1000000000.0,-1000000000.0,-1000000000.0,-1000000000.0,-1000000000.0,-1000000000.0
1442437,000744.78-003544.9,22.45111844904806,0.007792495930569743,-99.0,-0.9808376729481321,0.027172097215659607,0.3480916597639259
1465399,212558.01+002430.7,22.415165843878775,0.004717033686194583,-99.0,-0.9853965663256172,0.020752017626288866,0.3404651381913623
1395043,023109.49-005428.1,23.360004163196287,0.018911799641827542,-99.0,-1.507445159089647,0.06843623831606127,0.2114031921961803
1450782,231647.83+001234.4,22.465926302982687,0.010555354227239633,-99.0,-1.76572439038156,0.02722973271011986,0.26440415946197804
1401765,021306.93-004135.4,22.153641594695323,0.03466172761743991,0.11149966078217041,0.2309738057191879,0.03859289590023973,0.5169597169454375
1440943,001254.37-010838.6,23.058975032713285,0.031340891981548324,-99.0,-0.9323671222063483,0.06687074806079435,0.4547093315238921
1393222,023618.63-000856.8,23.35475515626883,0.023366175083818774,-99.0,-1.8137853036706515,0.05773188466249646,0.29327920296547055
1413429,013829.51+010055.6,22.815945432748656,0.005340121163079914,-99.0,-0.6405801537473392,0.026350326039937477,0.6837560697391093
1427077,005653.05+010614.4,21.1859574793014,0.0,0.23564806505097352,-0.6699995833466472,0.0,2.0040530256066313
1390502,024355.78+001127.5,23.079980945578534,0.00919475018414495,0.25865170210205674,-1.1528642620885008,0.024939987447608836,0.42302792793884414
1390756,024314.28+001621.7,22.23996340400931,0.0,-99.0,-1.298579540077287,0.0,0.3010023158272277
1435769,003001.73-011108.6,-1000000000.0,-1000000000.0,-1000000000.0,-1000000000.0,-1000000000.0,-1000000000.0
1429521,004846.18-001216.3,22.573867721509167,0.01693569300003972,-99.0,-1.2565389095871744,0.032156322593024145,0.4298994022799237
1455504,224034.12-005223.2,23.184837719114647,0.01699901319294206,-99.0,-1.4223780250776552,0.030774654817939506,0.5899302232448909
1406705,015836.26+010631.9,19.495818979465945,0.0003055475104929428,-99.0,-0.7342214019840556,0.0032568339336038754,5.405095077977323
1411377,014409.24+000407.5,22.86557347910874,0.0,-99.0,-0.04522612605520404,0.0,0.503148031641167
1437583,002404.10-004540.1,23.30360470747339,0.03777086789871653,-99.0,-1.1381471656568838,0.12392267270436275,0.1897941939347474
1393325,023600.28-010432.3,24.488933457368354,0.062662625314438,-1.0,-0.9179192691394453,0.14704271538004515,0.21621544183958652
1446478,234916.15+011253.5,22.535216727785688,0.013036005205826484,-99.0,-1.52406701203234,0.01624207876279571,0.32722418194995945
1414658,013448.86-002505.7,22.558340841851752,0.013333058917632812,-99.0,-0.18779096051268862,0.02452792923715741,0.32259631757503604
1464084,213525.17-001336.0,22.61561376311878,0.002856609622341466,-99.0,-0.7013333017596715,0.014744882037077911,0.6740612839927584
1394415,023252.80-001351.1,21.139681013821992,0.004336921803043126,-99.0,-1.5488298809150192,0.01013761074817765,0.7059392991246376
1430455,004606.66+001845.6,22.67625880810153,0.004523449660389645,0.2262139133527325,-1.8916275655413144,0.018920259110229987,0.583536016967706
1446515,234901.46-000535.1,22.179122179797055,0.008354067517366559,-99.0,-1.6638022745247865,0.028508577412657332,0.41979483025335707
1389644,024608.83+005248.6,22.424607157018393,0.01202968392528092,0.4129635678975347,-1.7864322900258172,0.059739467050506256,0.4315877404059766
1392518,023827.84-002535.4,21.072293945071756,0.004203368313460132,-99.0,-1.513642262612513,0.005512671344033215,0.47988918346557585
1414838,013423.15-000306.5,-1000000000.0,-1000000000.0,-1000000000.0,-1000000000.0,-1000000000.0,-1000000000.0
1443068,000546.48-002413.9,-1000000000.0,-1000000000.0,-1000000000.0,-1000000000.0,-1000000000.0,-1000000000.0
1412297,014135.94+010904.1,22.795198293629703,0.010379416476000713,-99.0,-1.6622411568384083,0.01877465692972613,0.5952436947378863
1456241,223433.42-000036.4,20.775965281789688,0.0015990552387634693,-99.0,-0.9684720557977968,0.004917625827016603,2.3136226405774365
1401716,021313.68+001726.7,22.978822768425452,0.004034670308552535,-1.0,-1.3123985709638908,0.027196974878892388,0.5349712873240665
1419538,012033.14-004301.8,21.5284261221016,0.0,-99.0,-0.9109348721779522,0.0,1.1122409723979936
1389683,024603.68-003211.7,20.51162578858503,0.001704447457981928,-99.0,-1.2249686256151215,0.004074943908597195,4.880818853974139
1445607,235510.07+000701.9,21.741745048777908,0.005053899083229396,-99.0,-0.8960065121761218,0.014504474432276593,0.19021675253404882
1409018,015114.29+005523.2,22.580850199744496,0.039765243931189076,0.2511174316918096,-2.3307014029527022,0.03171130534441091,0.7014023725442566
1434500,003410.31+002349.9,-1000000000.0,-1000000000.0,-1000000000.0,-1000000000.0,-1000000000.0,-1000000000.0
1431417,004314.67-003948.3,23.074559797241484,0.018806043464847377,-99.0,-0.7000594972067091,0.04971125772225121,0.36137537238152745
1461254,215640.47+010232.1,21.70124652247555,0.008490160367840005,-99.0,-0.990516616877354,0.015654748846583355,0.668742773765726
1425302,010241.04-004208.8,21.50800408781749,0.002244327661324874,-99.0,-1.129935782644945,0.0145101909175811,0.6744871601805478
1453316,225744.70+010604.3,22.42241965468198,0.011241489486462086,-99.0,-0.9930130327294853,0.023367296942899463,0.4938840128538986
1451869,230847.88+005454.1,23.58115836477048,0.01715184241019685,-99.0,-1.5570795432253823,0.052276267249525055,0.31241620866088415
1466153,212049.09-001508.0,22.97075370911316,0.0,-99.0,0.29136242668716505,0.0,0.5146851386308566
1440342,001455.42-003610.7,23.132635662177684,0.02169889921857404,-99.0,-1.8561406426220017,0.02883577449245911,0.4915664002886109
1437261,002508.84+004645.0,22.687154604271974,0.008932354228559092,-99.0,-0.32182995194825814,0.0312870299943645,0.2873040190442207
1424129,010616.58+005634.5,23.66195181520292,0.029183876231408945,-99.0,-1.3764520726361011,0.05027227331087003,0.5520285770105484
1405957,020105.86-001959.6,22.439310411343065,0.009748502602446862,-99.0,-1.5399814436541162,0.017132650229370383,0.565971870978713
1440552,001412.94-002102.6,23.337988988549974,0.030155273951830708,-99.0,-1.51531828821776,0.04197593540508948,0.9022939296414018
1453135,225912.83-011222.4,22.993922256506856,0.0301792055319261,-99.0,-1.5968363257576916,0.046871179981835764,0.35949243072240855
1447183,234341.94-004748.0,22.67668594392969,0.015773366657096943,-99.0,-1.0255898194937818,0.04850653019132234,0.3885084130304475
1396024,022836.06-003659.7,22.51099736320608,0.008144359698070147,-99.0,-1.273495904215618,0.016757607648994255,0.32494504631395404
1457262,222700.76-005627.1,23.688960237440405,0.011209559243638978,-99.0,-1.7378522885950791,0.022780126482213947,0.7245865613806718
1414615,013457.71-001430.6,-1000000000.0,-1000000000.0,-1000000000.0,-1000000000.0,-1000000000.0,-1000000000.0
1418472,012351.00+005958.5,23.882767171574507,0.048328941397830505,-99.0,-1.2262242454270655,0.07497921851607714,0.4846371123930009
1412570,014055.59+003908.5,21.795726131918876,0.0,-99.0,-0.8855818047424195,0.0,0.5632963634321962
1436603,002719.36+003345.0,22.493070485416716,0.0008548083363812964,-99.0,0.10282089145413753,0.04255042849700295,0.47548819304661416
1446955,234556.13+000400.9,22.24294179411563,0.0071182895020971415,0.23748016716389042,-1.8481694469014918,0.03802007708035671,0.3000915025033131
1455649,223924.24-010417.8,23.131736876700394,0.029650035556123555,-99.0,-0.9744691956370888,0.052342902529589286,0.33684487636591776
1392341,023900.58+002041.9,23.61202804470002,0.015907305901858848,-99.0,-3.7456663498472014,0.030776126540604576,0.7131058682074991
1396680,022647.42+001254.4,21.482034664367696,0.004393518240943806,-99.0,-0.49775085074129155,0.009973943461116797,1.668888068012728
1431849,004205.80+000354.4,23.414436183262545,0.03356827607950308,-99.0,-0.80645639504821,0.04864389494923038,0.27035821573495633
1420154,011853.91-010254.1,22.208932145771136,0.005575112277860228,-99.0,-1.409162231645102,0.03773412863392789,0.2335969848667344
1396367,022742.87-011459.5,20.85142684518967,0.005389917311982018,-99.0,-2.2272885847938118,0.012729279918549885,1.0695902352091309
1444033,000234.44-000437.2,22.91020687903609,0.005488501912624955,-99.0,-0.6968402165965752,0.02136917679725059,0.6328496157375991
1465273,212700.08-003348.3,22.164131924669626,0.0029183660381093546,-99.0,-0.8194683322135319,0.044840628966999196,0.4676378632004645
1389508,024629.46-010538.6,22.41554807284779,0.0034377963125997724,-99.0,-0.2081323370147956,0.009120741767406404,0.3776182294516115
1447100,234431.61+000912.4,23.20232085209107,0.014482679296508039,-1.0,-1.0732503869931276,0.03765447751989259,0.6221737424288108
1416315,013010.09-011121.8,23.36269542932667,0.0,0.06865458830093259,0.12536195073293488,0.0,0.9459623601075712
1466100,212109.01-010030.5,22.63880464684585,0.0056754064231423484,-99.0,-1.341000854043021,0.016012711000121915,0.580531071915656
1456182,223500.50-004940.7,21.06104406355194,0.0,-99.0,-1.6893558093607832,0.0,1.0157266721733316
1451542,231111.37+010748.1,23.058658820841792,0.032150333613492066,0.5439313707997457,0.1923088681397278,0.03114878175845455,0.5595185946803851
1435340,003128.58+000009.4,22.72709613385431,0.00907257596401756,-99.0,-1.0828745368003778,0.023543990127899095,0.5322425482668396
1431735,004222.16-000701.3,23.021721177778012,0.013798609969217779,-99.0,-1.4132582648978,0.04742351829842839,0.5000279517199038
1414281,013551.21-005057.5,21.838078095671882,0.007111449546268744,-99.0,-1.2446979610282982,0.021424055467028857,0.42204074915662804
1402291,021136.65-004122.3,23.452271303789395,0.006205722704413219,-99.0,-1.247681982847061,0.009251091639613684,0.4439474803411585
1436365,002808.67+004938.5,24.060349284670046,0.061138242992750946,-99.0,-1.0046435696524143,0.11401403042068126,0.3091846830037298
1465246,212714.27+000250.0,22.621089826649943,0.0013066739508893477,0.1795852588610038,-0.6650851821341366,0.02995906213820909,0.39036286627834155
1437208,002520.34+010130.2,23.076349306458404,0.0,0.37372100327692886,-0.913083819258711,0.0,0.31690722822036627
1425518,010203.91-000421.9,20.920982488487503,0.0008102272722432247,-99.0,-1.1994685253751611,0.0,1.3195732588459614
1450665,231733.24-011116.2,21.39087244109556,0.00448257593451018,-99.0,-0.9520426240508826,0.005949545165959247,0.33900779697081657
1405051,020350.47-000751.2,-1000000000.0,-1000000000.0,-1000000000.0,-1000000000.0,-1000000000.0,-1000000000.0
1460040,220604.10+011025.1,23.29379471883528,0.0370107894696492,-99.0,-1.3882357669908445,0.07906348305762068,0.6437494551797303
1437106,002543.07+010925.2,22.51263315698919,0.008110787030508604,-99.0,-1.5189519401913514,0.02822460091837975,0.41840145277984064
1404601,020505.16+002500.1,23.536743323610075,0.034297606493645105,-99.0,-1.9030823611774563,0.11139747422287971,0.2786690542166377
1455519,224028.85-010649.9,18.078159496801028,0.0,0.17400962375183712,-1.5356979350987103,0.0,3.1931583770022405
1464740,213040.66+005011.1,22.47489076284581,0.011179392162210533,-99.0,-1.3521346761928537,0.021376995617108263,0.6618941336880421
1464751,213036.39+004624.9,23.20825096541008,0.035152903888073794,-99.0,-1.1479411081797517,0.07580745063435745,0.5281050869886837
1445924,235301.01-001353.8,23.479935684964538,0.020521048033579348,-99.0,-0.6964165936606195,0.0657026770206216,0.16529946477516924
1449711,232444.42-002128.7,22.95350173400245,0.021994758957060156,-99.0,-1.2111674900497214,0.0695246549896289,0.2096627672507508
1394675,023209.62+010856.9,22.865492375087733,0.00793564785692702,-99.0,-1.7276799102232907,0.0011381681391979814,0.4796426598277427
1464396,213317.94-003603.3,21.495029425188044,0.003988293135082088,-99.0,-1.3822929442006067,0.007294772397403282,0.36619024974878933
1461323,215609.52+011341.4,22.949890086434912,0.006811659601249076,-99.0,-1.6657852396179456,0.03170536445698713,0.6262217323920094
1448498,233357.18-005118.4,22.75913060547635,0.022181229942566105,-99.0,-1.525111131063099,0.07729502731421634,0.19335675789913065
1404587,020507.42-011214.8,21.772914413460107,0.0017850846472899917,-99.0,-1.32453702979964,0.003889581190524072,1.1911312449298939
1439171,001841.17+010111.2,22.82984903082619,0.023832351260857365,-99.0,-1.091262220248689,0.0467780777307053,0.3389246883318966
1398118,022249.27-000201.0,-1000000000.0,-1000000000.0,-1000000000.0,-1000000000.0,-1000000000.0,-1000000000.0
1396004,022840.23-001040.0,22.184173035512366,0.005610096741577308,0.30386495151424975,-1.576539258077129,0.025857109029959968,0.3472628956766382
1466792,211517.81-003126.4,21.54304970444732,0.003857030769509606,-99.0,-1.537371852595891,0.013089324185494355,0.43032281954071233
1435542,003045.93-005130.1,23.295659847585192,0.0018250853319656812,0.08570502590033915,-0.8576113252442559,0.0027183445462668487,0.3560633582032428
1412543,014059.94+002616.8,23.346796519716868,0.0030234376328674983,-99.0,0.013400213743082645,0.016045104455873815,0.7765469496189358
1444481,000107.52+002625.6,22.88084008127644,0.03219663052271393,-99.0,-0.09048445635532953,0.020191419569348668,0.37336457097785064
1441767,000959.82+005658.5,22.751134348407426,0.011923019272312985,-99.0,-1.270973402212662,0.03257434072236731,0.25113443246896494
1409896,014831.44+002836.9,23.818487210297725,0.02080351308559436,-1.0,-0.9643260253949846,0.07325727751573036,0.39173679028284797
1443197,000520.99-001948.3,-1000000000.0,-1000000000.0,-1000000000.0,-1000000000.0,-1000000000.0,-1000000000.0
1413292,013852.65-004824.6,23.02096845222153,0.010916561961877846,-99.0,-1.499567063540566,0.021187180682732953,0.46834247334324836
1463302,214102.32-010851.1,21.374349752201987,0.0,0.4128731915918567,-1.8685838212529506,0.0,0.3308595871944633
1441005,001240.52+010144.7,21.03589181535707,0.002209288896573014,-99.0,-0.3925243571736683,0.0001403485341724131,16.619326397720197
1434996,003233.74+005612.7,21.870856915711038,0.00624453541033354,-99.0,-1.7708833240240693,0.003288346995456992,0.2800914907870941
1411920,014235.37-001629.2,22.615094323575214,0.0449094857756549,-99.0,-0.8620745164697787,0.032528550103069376,0.3918888018647469
1410812,014546.44+002306.0,22.646160472852124,0.0,-99.0,0.013267760261128636,0.0,0.6872394098703477
1448846,233122.03+010225.7,23.220801179066193,0.02126301053593238,-99.0,-0.8870760847514632,0.04070698787469623,0.35682649471159494
1450674,231729.32-004848.3,-1000000000.0,-1000000000.0,-1000000000.0,-1000000000.0,-1000000000.0,-1000000000.0
1424810,010412.67-003612.1,23.535346772968758,0.03488177950482729,0.2946037819865373,0.019396386459634485,0.04598167045602175,0.42542536567946326
1465721,212349.26-011254.8,22.50494085101446,0.002839859464511818,-99.0,-0.5782705941496005,0.0006507719027393222,0.41028709102221683
1425005,010337.14+003903.6,22.98281849848326,0.018060934353885116,-99.0,-1.006968527481145,0.03471607222589418,0.36334357083980295
1446730,234730.76-005131.5,21.852608813667352,2.4262597628776916e-05,-99.0,-1.1747869567819982,7.780457478290259e-08,0.9973445571303864
1446404,234946.96-000804.6,23.372091138041505,0.01271572846612834,0.71056343334609,-2.3984993419375833,0.039603504178526316,0.19787849746917563
1401299,021416.95-005229.1,-1000000000.0,-1000000000.0,-1000000000.0,-1000000000.0,-1000000000.0,-1000000000.0
1389873,024533.66-000745.0,19.85956133802724,0.00309612067513676,-99.0,-1.969199189904531,0.008797506057053206,1.9288624485816657
1415507,013234.46+003924.2,23.344951929134332,0.007182791730588889,-99.0,1.0680824441495425,0.0013188460008399794,0.663849089185059
1429970,004727.63+005844.9,22.683348064496407,0.02505125050114465,-99.0,-1.0072922194020668,0.04554129656923722,0.39469732042391537
1447167,234357.03-001114.2,22.372770319227236,0.0070031334807652,-99.0,-0.7960569938638535,0.03090631907649377,0.4859174424903691
1399306,021943.34+010648.8,22.899470921796315,0.013860849878497561,-99.0,-1.2818974685962856,0.04731145809160431,0.42327689954379294
1451674,231008.07+004230.6,22.82939274077531,0.016866340034065175,0.3865132791227141,-0.6308751250699283,0.0441513764207872,0.3041255066828796
1443277,000505.45-000210.8,-1000000000.0,-1000000000.0,-1000000000.0,-1000000000.0,-1000000000.0,-1000000000.0
1405964,020105.15+000617.9,20.15039518531946,3.150751610725422e-05,-99.0,-0.6423142636460479,0.0004107390928242971,4.3863075266985545
1401168,021434.71+002209.4,-1000000000.0,-1000000000.0,-1000000000.0,-1000000000.0,-1000000000.0,-1000000000.0
1392969,023708.23-003846.1,22.96438377608063,0.03195065401761177,-99.0,-0.8215489706955204,0.08230979396551058,0.5907188743211588
1417119,012755.99-005545.9,22.690497792604653,0.011279004212845223,-99.0,-0.7788026179466643,0.027138244619845042,1.6436812024995175
1414541,013508.75+011450.0,22.774420313436416,0.010727180983343132,0.38923425481537693,0.11031626093938307,0.01530400476747729,0.5261291594933508
1451703,230957.65-000127.2,-1000000000.0,-1000000000.0,-1000000000.0,-1000000000.0,-1000000000.0,-1000000000.0
1447935,233753.09-000645.0,-1000000000.0,-1000000000.0,-1000000000.0,-1000000000.0,-1000000000.0,-1000000000.0
1389741,024555.28-000722.9,22.82806011745489,0.0034987530776131592,-99.0,-1.8349105293640111,0.006087505813827221,0.7676354768768772
1444778,000008.13+001634.6,-1000000000.0,-1000000000.0,-1000000000.0,-1000000000.0,-1000000000.0,-1000000000.0
1430635,004532.89+004355.0,22.150254176032455,0.006740490256369469,-99.0,-1.7997220655012507,0.02512860464975375,0.3531111400054276
1417008,012812.77+003745.5,22.12500793366535,0.005431314640658158,-99.0,-0.253642691089512,0.023716176380225287,0.6252567990368919
1431903,004153.77+004247.0,23.05942272574479,0.02646731213212128,-99.0,-1.5046164482273316,0.06561908578318276,0.23517721460853147
1464557,213202.71+001104.2,23.18074808840631,0.002027377302660227,-1.0,-0.9272042737946391,0.014181161312307289,0.45884141918056176
1438258,002151.13-010857.0,23.600600526714253,0.03199628203634397,-99.0,-1.3078577788410959,0.05963120478678818,0.24276687458689117
1445432,235613.89+002109.3,23.31430609266399,0.02399953187061321,-1.0,-0.612594795800101,0.04414493432162736,0.4234934396671686
1418141,012452.63+000958.8,21.549704559890053,0.0,-99.0,-0.24950495845082354,0.0,0.4884328044650845
1389868,024534.11+004945.4,23.006482968295593,0.014073913203143107,-99.0,-1.0424920220558938,0.013345648279357247,0.31002078414327366
1398792,022108.86+004658.9,-1000000000.0,-1000000000.0,-1000000000.0,-1000000000.0,-1000000000.0,-1000000000.0
1446998,234535.32+000140.8,21.71715912504373,0.0059377486588374495,0.3987273765171772,-1.8543322139284686,0.010056797308107157,0.37146616617140515
1443066,000546.72-000556.2,23.202532507566723,0.016481704219195592,-99.0,-0.938050512612107,0.07128344174456114,0.22355551717814273
1459127,221253.80+001700.8,-1000000000.0,-1000000000.0,-1000000000.0,-1000000000.0,-1000000000.0,-1000000000.0
1440431,001438.28-010750.1,21.38870532221987,0.002655683706720424,-99.0,-0.2506121912918591,0.010036425708504826,1.750604772449794
1433844,003606.72-004112.1,22.30949596684932,0.0184219327160573,0.3345810384770858,-0.6269337799167873,0.017933408331516132,0.5495647015283215
1389260,024704.77+011442.0,-1000000000.0,-1000000000.0,-1000000000.0,-1000000000.0,-1000000000.0,-1000000000.0
1397022,022553.59+005130.9,21.10310943578768,0.006096503948231913,-99.0,-1.5541977626774028,0.014013039122999338,0.6048894120431869
1423181,010907.59+000649.8,-1000000000.0,-1000000000.0,-1000000000.0,-1000000000.0,-1000000000.0,-1000000000.0
1421213,011539.34-000852.3,23.187385498339488,0.023389678991492246,-99.0,-2.27254780831648,0.03211702846741016,0.7861972179918452
1430400,004614.97+010801.7,21.93464400143484,0.00933276650541437,-99.0,-1.7434115094772142,0.025529079898356843,0.36015839124588545
1400893,021521.10+003206.2,22.65152644426849,0.007093398550948038,0.17057227856208312,-1.4104653319498022,0.01791430745986833,0.30816979922865745
1402608,021038.95+001556.6,23.62161184334834,0.039958446630272704,-99.0,-1.352713936667557,0.081379280039093,0.7543980026000843
1400632,021606.12-002104.9,20.76593417458033,0.0022760905006879995,-99.0,-0.7598466767634768,0.006141978819312943,4.3092578884625805
1401232,021424.87-004351.3,22.524836370498072,0.009712983952798737,-99.0,-0.5429546283429199,0.034030884771335645,1.0191711479181478
1448985,233020.71+001727.5,20.688670267862115,0.0,0.3939408034338573,-1.7810941933292712,0.0,1.3209260804391894
1448732,233208.54-010904.1,22.383810672013503,0.015537426962435319,0.014435486266973123,-0.7508891761353356,0.06009334130251803,0.22866431693878234
1452002,230744.80-003356.8,22.84554568023264,0.013770083515947107,-99.0,-0.9008001928189469,0.03316100438513442,0.15234932755300323
1465838,212305.81+002711.9,23.30130887506032,0.03889038242241405,-99.0,-1.4359970246910052,0.08758131272556302,0.38080254974071875
1459037,221331.56+001620.9,-1000000000.0,-1000000000.0,-1000000000.0,-1000000000.0,-1000000000.0,-1000000000.0
1423880,010702.23+005541.8,-1000000000.0,-1000000000.0,-1000000000.0,-1000000000.0,-1000000000.0,-1000000000.0
1411507,014345.52-000936.6,-1000000000.0,-1000000000.0,-1000000000.0,-1000000000.0,-1000000000.0,-1000000000.0
1419495,012042.48+001833.5,-1000000000.0,-1000000000.0,-1000000000.0,-1000000000.0,-1000000000.0,-1000000000.0
1409556,014931.23-003639.4,23.273026131601434,0.021016351676879097,-99.0,0.9244503824927932,0.024021138300011402,0.7471370589187785
1438690,002018.13-000649.0,23.188037006916865,0.023660409490773304,-99.0,0.1721861133482001,0.04518934028956458,0.4415032108557609
1407488,015601.71-005507.0,23.827064973816498,0.023651815918244168,-99.0,-1.364859699968442,0.054309584459935056,0.6770953857006559
1444935,235917.44+011200.6,-1000000000.0,-1000000000.0,-1000000000.0,-1000000000.0,-1000000000.0,-1000000000.0
1449555,232556.12-001320.3,21.59574345378916,0.0,-99.0,-0.5807007562325195,0.0,0.5336111361779577
1400093,021738.05-011349.8,23.199755213985775,0.0,0.2116558506946718,-1.077662999879235,0.0,0.19829185750282713
1449392,232705.65-000648.5,-1000000000.0,-1000000000.0,-1000000000.0,-1000000000.0,-1000000000.0,-1000000000.0
1430785,004505.06-005532.4,-1000000000.0,-1000000000.0,-1000000000.0,-1000000000.0,-1000000000.0,-1000000000.0
1416826,012841.87-003317.1,20.434493906891426,0.0017078232368028523,-99.0,-0.5054229716820782,0.005385682579794937,5.283462600597836
1462369,214739.33-005901.0,22.330061281954734,0.00502450162073842,-99.0,-0.5894092429574256,0.011594324031156067,0.643415151578604
1445506,235550.30-004234.3,23.92512755765093,0.012457361706488257,-99.0,-1.0926107672622027,0.0426990844174685,0.8883077665690752
1452293,230520.25-000407.6,21.87943465167431,0.003988099033707115,-99.0,-1.064815154460947,0.010372580800965148,0.2752563101228074
1465692,212402.10-010100.8,24.128528903727563,0.09410128600471523,-1.0,-1.2363892951882138,0.18549884041369558,0.1995811400658982
1464568,213156.44-011110.6,22.561893122941065,0.027175592052826048,0.2340112546132053,-0.9366707879249976,0.05155256893002419,0.32719529347729537
1436664,002708.25+002609.0,21.219276952397784,0.0032150808351438798,-99.0,-0.5047723090456504,0.004880382408875672,1.677672062436313
1425178,010303.43+011031.5,23.114604576711905,0.019925157157301143,-1.0,-0.5438909013249198,0.033225842651315896,0.4366710957993254
1420076,011906.74-002915.6,23.02485611747432,0.006362299684914419,0.4550284023935561,-1.5641462155836932,0.02772126170685063,0.27630006685731906
1442387,000754.99-010206.7,-1000000000.0,-1000000000.0,-1000000000.0,-1000000000.0,-1000000000.0,-1000000000.0
1390942,024242.51-002212.9,22.830475373314847,0.01620714292526415,-99.0,-1.880385140541029,0.035894904649117154,0.39222020764243626
1394282,023313.81-001215.4,21.24719825938032,0.0,-99.0,-1.4911536186479157,0.0,0.6211388380841523
1435044,003225.00-003104.1,21.845182008075703,0.011558812688967635,0.3206081971679947,-1.7483946812075217,0.014399112257183266,0.25311171557807616
1446850,234641.30+004040.5,20.95207866465126,0.004031986363797202,-99.0,-1.3643469520816565,0.009525986239672157,0.5986245088003633
1449676,232502.07+010140.8,-1000000000.0,-1000000000.0,-1000000000.0,-1000000000.0,-1000000000.0,-1000000000.0
1445074,235826.16+011020.3,20.33385476789588,0.0,-99.0,-1.1544945991877875,0.0,1.32263402250956
1461205,215704.78+005236.7,23.049774506255964,0.010718458432465994,-99.0,-1.1426628586754912,0.047620334278752674,0.2847936869167918
1424726,010429.75-003658.0,22.444750033759114,0.0103826594536649,-99.0,-1.4000318023575145,0.01653713988918626,0.7308689060795777
1422977,010947.19-000714.4,23.198348157823155,0.018768427853936842,-99.0,-0.8433371441927973,0.05148479237754944,0.29858872832130223
1463736,213749.37+011418.6,22.95948820141401,0.009211535019613137,-99.0,-1.3701394806477931,0.05665290747353735,0.2694272134436364
1448591,233315.89-000452.8,-1000000000.0,-1000000000.0,-1000000000.0,-1000000000.0,-1000000000.0,-1000000000.0
1408567,015241.18-003335.3,-1000000000.0,-1000000000.0,-1000000000.0,-1000000000.0,-1000000000.0,-1000000000.0
1389084,024738.75+005709.8,22.660798453982032,0.002927630501252665,-99.0,-0.8469392261261222,0.014400729270780399,0.5254962362390457
1419906,011932.81-005004.5,23.088167191783548,0.024408594634444114,-99.0,-1.2107343788140073,0.05207986703304779,0.44273531347189166
1439749,001648.14+010749.9,23.125479759175114,0.021867012945904207,0.29722194686184017,-1.9241712440209957,0.05348464060581026,0.36744033113215385
1459381,221058.91+001230.3,22.992042779722887,0.05148149428205073,-99.0,-0.13988119874607818,0.08639384420156151,0.47519877687360956
1417853,012545.83-005826.3,23.38218029133281,0.029157747408117274,-99.0,-1.4233761197511248,0.042695413543883065,1.240280866160673
1431896,004154.94+000612.9,22.63912992404631,0.008862885923539565,-99.0,-1.1149965083062736,0.03301189441464203,0.3732687577588063
1446451,234928.21+000410.3,22.761776267683025,0.004320360457663597,0.04454646657034624,-0.9716782856036827,0.021404118300745734,0.345207218929644
1444158,000210.11-005730.9,-1000000000.0,-1000000000.0,-1000000000.0,-1000000000.0,-1000000000.0,-1000000000.0
1427390,005555.48-004109.9,23.381216378922367,0.026570505401215527,-1.0,-1.264895393970498,0.0763381780308724,0.3011086068474739
1445527,235539.53-001548.0,-1000000000.0,-1000000000.0,-1000000000.0,-1000000000.0,-1000000000.0,-1000000000.0
1392111,023939.49-010710.0,23.3213921843929,0.0,0.2648474744651826,1.2188558989353888,0.0,0.632352357099298
1452145,230630.22+001857.5,-1000000000.0,-1000000000.0,-1000000000.0,-1000000000.0,-1000000000.0,-1000000000.0
1406749,015827.27+003502.2,21.196399169118756,0.0010929952876193028,-99.0,-1.2500640088581476,0.004018989315534682,1.1070827461151314
1404415,020533.79+002113.7,-1000000000.0,-1000000000.0,-1000000000.0,-1000000000.0,-1000000000.0,-1000000000.0
1418282,012425.69+005519.6,23.077661971084332,0.010282526503502254,-99.0,-0.8354474989978735,0.04600239150013308,0.43158794484869384
1414548,013508.10+003005.4,23.44667170892162,0.01715988037737759,-99.0,-0.15831165606268183,0.04433610212078365,0.3206627696868316
1446701,234744.14+000333.7,22.370071400366065,0.004677048461969591,-99.0,-1.3944269008179977,0.0080116900073397,0.5983635044494056
1440190,001525.98+002328.6,-1000000000.0,-1000000000.0,-1000000000.0,-1000000000.0,-1000000000.0,-1000000000.0
1465505,212519.10-003143.5,23.07090267680693,0.007431462137930112,-99.0,-1.3133551792582798,0.042813029344933806,0.5430377454421578
1419402,012059.98+011408.4,23.48712972036106,0.023413017450533147,-99.0,-0.9546730838901603,0.05064663585527007,0.31262182451849774
1396065,022831.13+003133.4,22.059998663700604,0.11611997235789318,0.3880345273671211,-1.3635019677786575,0.16526913203621163,0.3421682113598849
1406752,015826.51-005136.8,-1000000000.0,-1000000000.0,-1000000000.0,-1000000000.0,-1000000000.0,-1000000000.0
1458480,221744.75+003002.7,22.87191040320743,0.010571607237173097,-99.0,-0.35008637085449656,0.02975640095528398,0.5050177135776742
1443646,000355.49+000736.4,-1000000000.0,-1000000000.0,-1000000000.0,-1000000000.0,-1000000000.0,-1000000000.0
1450179,232119.18+001826.1,22.713459409413808,0.006438280610350233,-99.0,-1.5874334107124568,0.024100636516807605,0.29866423246937235
1433833,003608.45+005253.7,-1000000000.0,-1000000000.0,-1000000000.0,-1000000000.0,-1000000000.0,-1000000000.0
1411455,014355.76-001338.1,21.12827345419756,0.0002827227558110934,-99.0,-0.7110860208681311,0.0005287432680889381,1.0336433460440122
1408116,015403.98+002845.2,21.493225872265945,0.004089124289921031,-99.0,-1.071301288833792,0.010046253087068635,0.31940524315287844
1425067,010324.37-000251.3,23.18465575653564,0.009305625642133108,-99.0,-1.7896395094664483,0.03983301540651529,0.3243163411724343
1464795,213014.92+000320.7,22.27316364386622,0.0065516799796938585,-99.0,-1.7391777243445388,0.01809049895948145,0.4164263235498447
1403273,020847.82+010019.4,22.737121980655154,0.01782979494353576,-99.0,-0.9562544333727363,0.034325422899564806,0.7150419289158412
1465175,212745.18-002848.5,23.09485410258629,0.008818372000414243,-99.0,-1.453208221989899,0.025592935492670055,0.37991384884559987
1427026,005702.23-010707.3,22.65179450541826,0.04662640114334593,-99.0,0.2272314809556697,0.050259358449864025,0.40026515342373653
1403656,020739.04+011231.7,21.532601602834596,0.020864321670739372,0.23942964694799337,-1.9703079563911041,0.03259866680458412,0.3354735000405812
1429792,004755.63+004049.5,23.04835220247336,0.012771418067067941,-99.0,-1.3316286106571749,0.029126877234155524,0.5552380132513719
1438721,002013.87+000357.4,22.953923540854056,0.0,0.5374439489946967,0.6577324311405164,0.0,0.454813712922932
1443312,000458.93-010329.7,23.107266071231017,0.016181319357659874,0.055818267357872056,0.40419768760554753,0.03522199275643301,0.23734742092207275
1450351,231958.70-002449.3,20.321400643050843,0.0018429247031281903,-99.0,-0.7401847176901102,0.0020353239999651995,21.521229067353513
1403114,020911.84-011115.5,23.351935352999824,0.014615428915627504,-1.0,-1.0836869998682817,0.032295878724900695,0.26244884275368474
1433084,003823.74+005848.3,22.237395323518548,0.0,0.1231538685190964,-1.3857152991278143,0.0,0.5300960716177825
1436805,002640.73-001125.1,23.001012790095608,0.016399635042807503,0.7274100858199084,-2.3739484647691906,0.19332487353851668,0.6276635546415381
1422929,010955.63+005500.6,19.554375804018683,0.0,-99.0,-1.7228323851692977,0.0,1.5255435101638366
1396943,022605.62-005044.7,22.779906065312808,0.01805893389924762,-99.0,-1.1786431258221612,0.03836298671420357,0.5854750235127585
1433513,003705.77+001900.0,23.062955337715657,0.013462337383751688,-99.0,-1.0281261422797252,0.04991144588154406,0.820014523120583
1405419,020244.10-010104.8,22.846137396448206,0.007962943502315412,-99.0,-0.7740829953989241,0.026703774085932608,0.3766212040972304
1419749,011956.28+005711.7,22.93027869073112,0.018732315679921285,-99.0,-2.15521548248977,0.07294134100291183,0.31002486900076665
1437032,002558.06-004953.7,22.886922269158255,0.005853564770399444,-99.0,-0.6571448048963404,0.033760703159780026,0.3968189780746683
1394892,023136.08-005331.5,23.743579615064696,0.005022619748684676,-99.0,-0.6252541769606754,0.011796431074952096,0.21694700109130743
1429285,004937.29-005116.9,22.4618662174966,0.009814940965098273,-99.0,-1.0385843388059723,0.02482585468494325,0.3093213354930686
1441783,000957.57+004157.8,22.99889101353758,0.02150627709483821,-99.0,-1.270810877021706,0.05284403052367692,0.4488928121746486
1389465,024637.50-000917.8,21.68197913649167,0.0026404130624690936,-99.0,-1.8605757835538035,0.011481598757779654,0.4787730014528676
1431425,004313.46-002541.8,23.27871788198531,0.009806955030677855,-99.0,-1.8701972830544902,0.051869542343740194,0.7216146608075099
1420723,011711.63-001731.3,23.697545682456443,0.01926412812840894,-99.0,-1.1590871525176896,0.033346662399707294,0.32520086650002333
1390359,024419.10+005539.2,20.909302924173907,0.01359847359756472,-99.0,-1.8874092540493628,0.014935095301691681,0.9543443394739262
1446820,234653.51+004554.4,-1000000000.0,-1000000000.0,-1000000000.0,-1000000000.0,-1000000000.0,-1000000000.0
1433925,003554.16-001353.0,22.662356964980553,0.014511652551254528,-99.0,-0.8937712367869066,0.026153467365016003,1.0280804985630714
1443468,000431.01+000332.2,22.610051151060283,0.008176015924101776,-99.0,-1.652556451539593,0.02394858015333079,0.583279985837341
1437890,002306.22+003621.7,21.1509324610763,0.003544564435786768,-99.0,-1.1642136286124227,0.007186291984537241,1.0571571251504448
1407469,015606.24-003647.4,23.17061491343261,0.02137731860797132,-99.0,-0.5982866278015093,0.03767507965702693,0.2167435563636397
1447349,234212.83+011001.8,20.686763720257794,0.00032967587570986723,-99.0,-1.020918470793314,0.00010087028052252478,0.8560418700753053
1391403,024135.24+010825.1,21.81646612549732,0.0016050251494004186,-99.0,-0.7296794146032379,0.0211030957160534,0.5032163756133479
1456275,223418.88-005536.2,22.6253256135981,0.012747401662789315,-99.0,-1.1142436465397716,0.018630732660356086,0.34459495935076934
1426466,005858.24-004206.1,23.31174942114928,0.0221884045588272,-99.0,-0.8423485758177938,0.07444549942876355,0.2867879359589
1389232,024709.10-001311.7,22.706543997468977,0.004504091164383439,0.1344613971755912,-1.3580360161387262,0.024684387343670733,0.3794143002126611
1455949,223653.97-003035.4,23.36908671717716,0.01567162130701405,-99.0,-1.2002840934250116,0.059865636351774554,0.3734840913322777
1389122,024730.84-000636.1,23.64918359269486,0.03643707863473011,-1.0,-0.9856104598425208,0.07562728991858281,0.43574515515241086
1447192,234338.23+000307.9,21.537453225992643,0.0032701760251185874,0.40537267272051314,-1.950058759644934,0.016500507085242644,0.6025597113274811
1417329,012722.07+005446.1,23.355311563825815,0.026921171557274803,-99.0,-1.3030213679872307,0.0724384503937,0.5671351492901222
1448202,233558.84-002041.8,-1000000000.0,-1000000000.0,-1000000000.0,-1000000000.0,-1000000000.0,-1000000000.0
1453036,225954.78+000924.7,22.650581277640107,0.006341952442348031,-99.0,-1.0860158228771573,0.03061817710746839,0.38668537233189304
1450976,231520.37+004908.6,22.897963154723193,0.012129646307590392,-99.0,-1.3693091045340848,0.01727918599281053,0.4821479834349881
1415469,013239.75-002846.9,-1000000000.0,-1000000000.0,-1000000000.0,-1000000000.0,-1000000000.0,-1000000000.0
1445891,235313.89+010641.9,22.923905300247007,0.016989599202847927,-99.0,-1.4333483920464278,0.051813732436577054,0.25327518401723104
1451895,230835.96-000852.8,-1000000000.0,-1000000000.0,-1000000000.0,-1000000000.0,-1000000000.0,-1000000000.0
1446447,234930.24-000219.9,24.026077740750814,0.08729117976956857,0.4025133599910561,-0.9630255691688712,0.16061360022107796,0.21615422130788256
1400642,021605.14-010155.0,-1000000000.0,-1000000000.0,-1000000000.0,-1000000000.0,-1000000000.0,-1000000000.0
1464094,213520.51-010318.3,20.404253117537543,0.0002770130203266774,-99.0,-1.1704270482049597,0.0003783926570053442,1.9177310180894225
1412664,014039.91+002303.7,-1000000000.0,-1000000000.0,-1000000000.0,-1000000000.0,-1000000000.0,-1000000000.0
1412500,014106.55+003846.7,22.54910281275,2.593990895860543e-05,-99.0,-0.3730899957948264,0.0021682404421045354,0.507518188742108
1466215,212021.44-010933.9,22.49511684207851,0.010051653171210262,-99.0,-0.6413593758917449,0.019142425545454755,0.2958960257734441
1400123,021733.67+010757.2,22.51809178241424,0.006238634079043237,0.1667651191771955,-1.2004953937906033,0.023919891493320744,0.3584214415776885
1433727,003626.98+001303.7,21.612814336417422,0.0,-99.0,-0.9895656537268396,0.0,0.18609594820940067
1419046,012204.82-004805.3,21.455739234421223,3.9529072068944515e-05,-99.0,-1.3273421057871797,0.0005848778934500753,1.2052019883956238
1438728,002011.23-004518.7,22.552443359095925,0.029646565613887788,-99.0,-0.4657611757246638,0.04131959962647458,0.378010456060056
1393415,023542.62+010204.2,22.826948740967374,0.012180038609237442,-99.0,-1.904373580441467,0.02696138338120746,0.4333824913724162
1438276,002146.71-004847.9,21.324383486959142,0.003889991254171221,-99.0,-1.2635360080735865,0.006973613235542242,0.6166365276792987
1452232,230550.35-004938.1,-1000000000.0,-1000000000.0,-1000000000.0,-1000000000.0,-1000000000.0,-1000000000.0
1451944,230810.96-000021.4,-1000000000.0,-1000000000.0,-1000000000.0,-1000000000.0,-1000000000.0,-1000000000.0
1399860,021811.22-001909.8,21.45093739582142,0.0027246298940308833,-99.0,-0.8131699296702584,0.010482134998709647,1.0300084905346432
1424257,010554.08-001545.3,22.77443497710744,0.015265667566675134,-99.0,-0.38083370328178745,0.010836749604975271,0.3989450179570245
1395889,022857.80+011313.8,23.33504268813204,0.005976536283966993,4.654513523248197,-1.5624990128540115,0.03175674874429346,0.2743679988932427
1400962,021510.52-004802.2,-1000000000.0,-1000000000.0,-1000000000.0,-1000000000.0,-1000000000.0,-1000000000.0
1448768,233153.13+005710.1,22.48444823784859,0.021541189914628944,-99.0,-0.9574053716717099,0.05999833767301832,0.4086788151094567
1452665,230229.80-005353.1,23.035658605060554,0.02995177210465272,-99.0,-1.3671363953839624,0.06852990076061238,0.230667931276976
1424187,010607.50+002911.3,22.145122734728893,0.016588622983011447,-99.0,-0.7638720829329646,0.006328110592163982,0.4421315954586406
1451407,231207.06+002439.7,23.123275381803843,0.012591320744057555,-99.0,-1.9743349930017935,0.029888079930114886,0.45712183132548595
1420472,011755.48+011436.7,22.55614523924121,0.008338640896337068,0.3125253827541202,-2.752505710714303,0.02373904736966259,0.3790546702570835
1451836,230859.30+002807.8,-1000000000.0,-1000000000.0,-1000000000.0,-1000000000.0,-1000000000.0,-1000000000.0
1408772,015159.29+000800.8,23.763767056791117,0.0347221032887024,-99.0,-1.1201155135382108,0.04872784801035812,0.25976509316726965
1439623,001713.40-002448.6,23.39510344210661,0.018286289674405154,-99.0,-1.7524092642906037,0.03564512744806758,0.8167985017652022
1452285,230523.76-002226.2,20.70038040293968,0.00024189015191744545,-99.0,-1.4159782437950348,0.0012658563584204696,0.7911573887770001
1418539,012339.28+010129.6,22.668568031053177,0.0020082384192132707,-99.0,-0.2600123645117449,0.007683284442198568,0.9419850080906638
1435963,002928.87+010216.1,22.933208154167723,0.02387090423614069,-1.0,-2.2314700764878728,0.07702833196511727,0.5887395939408847
1445280,235707.89-001415.7,23.1522304307695,0.012192178412977484,-99.0,-0.996161159503993,0.03182172238912806,0.47694095424445454
1388774,024831.85+004933.0,-1000000000.0,-1000000000.0,-1000000000.0,-1000000000.0,-1000000000.0,-1000000000.0
1465791,212325.20-004507.5,23.199234124710223,0.01509769746494527,-99.0,-0.9969782834093941,0.04516793606062458,0.38051978514718576
1444852,235948.77-003206.1,23.164424417692352,0.00968820909817758,-99.0,-0.8629250664163717,0.027160281585659585,0.45085775127701655
1391088,024221.87+004912.7,20.532313170389436,0.005566905312441861,-99.0,-1.1638408941037035,0.020800767440168788,0.3222315710143874
1441318,001133.55-010125.1,23.306325128804993,0.026032578139956186,-99.0,-1.441844764372127,0.09045673567417056,0.2622941099368054
1440931,001257.97-010901.5,23.1125127210503,0.02868168399804638,-99.0,-0.8605643639143894,0.0451074230831886,0.24488890920989329
1405722,020146.33+001940.6,-1000000000.0,-1000000000.0,-1000000000.0,-1000000000.0,-1000000000.0,-1000000000.0
1444786,000006.53+003055.2,-1000000000.0,-1000000000.0,-1000000000.0,-1000000000.0,-1000000000.0,-1000000000.0
1398328,022219.79+004902.0,22.897134287462002,0.0185784224778196,-99.0,-1.540243609274305,0.07495428696304962,0.2595915039921229
1406356,015949.40+005730.4,23.142267594492004,0.01979121785106841,0.11436909446425715,-1.6654369688657753,0.07944900990311854,0.214479113428196
1407974,015431.77-002418.7,-1000000000.0,-1000000000.0,-1000000000.0,-1000000000.0,-1000000000.0,-1000000000.0
1452832,230120.30+003953.4,23.51089872800555,0.05663342657506121,-99.0,-0.6982097017961735,0.08924627866431384,1.3003324482368905
1448558,233333.97-002141.6,22.52911059503139,0.008762859030415626,-99.0,-0.6064861998697051,0.024885444013564184,0.597885427433038
1425631,010140.66+005518.7,23.344779187043137,0.01114551917549278,-99.0,-1.2509391538490187,0.04476869910361825,0.3722582903162542
1464363,213331.68-010438.0,22.93514573632188,0.029176044083873975,-99.0,-0.4298948026905576,0.0552880613859735,0.6992166719691806
1432600,003950.64+000514.8,23.924223645511283,0.02254582001719463,-99.0,-1.7183597965538686,0.05547738683201775,0.34003185207241227
1424383,010530.81-000631.3,22.158146928655036,0.00577599230262571,-99.0,-0.8812951714739663,0.017490029039930965,0.31419950902456056
1448308,233517.62+010307.6,20.081922576388415,0.001089856275573453,0.04459417092159113,-1.7762792979524096,0.0037098067856319306,1.2106376932905805
1447059,234456.43+001204.3,23.076965888173724,0.03184144137871492,-99.0,-1.4287376290549703,0.08187048891581816,0.2846768396121349
1400018,021748.37+003500.3,22.949925067619382,0.03822724419587864,-99.0,-1.363031076838714,0.11112413378775232,0.46465982361510527
1448117,233635.45+000446.6,23.174835116101,0.03940710503561817,-99.0,-1.1147036322415222,0.10639909422685156,0.4317598476288365
1388576,024906.75+000823.6,-1000000000.0,-1000000000.0,-1000000000.0,-1000000000.0,-1000000000.0,-1000000000.0
1447129,234416.19+004958.6,23.598772836561587,0.019720011366413104,-99.0,-1.1848158248961718,0.04674104782538824,0.3104029930575678
1451288,231255.58+003700.4,23.082268341759423,0.010782997055525101,-99.0,-1.5566867369827846,0.019893053818116235,0.5932655991612797
1417903,012537.17+005145.7,22.820743551707714,0.017307681746077108,0.22177023654885436,-1.1715187561788825,0.05113923000912346,0.4748369267156925
1452989,230017.33+003115.1,23.08145542155666,0.012518196214710287,-99.0,-0.9029162814469762,0.031728060000491665,0.33196371107318917
1437531,002415.88+002958.8,20.97864323995227,0.0,-99.0,-1.6669800748046324,0.0,1.7931435631169514
1401219,021426.61-000135.8,23.632719166704852,0.011957069429602285,-99.0,-0.6924530087580427,0.0388043944325317,0.6731470178709594
1397633,022412.44-004412.0,22.94203644326965,0.01198039129983286,-1.0,0.3543631469723607,0.04351408998308315,0.28343655611319607
1405341,020257.51-003016.5,23.169212978766076,0.05095150706843299,-99.0,-0.8244828312345129,0.08630781084275252,0.2542220048150093
1434229,003500.61-001623.4,22.945994863847197,0.0038172661794799723,-99.0,-0.7020822336123453,0.018340380951987978,0.45258971426369954
1450474,231857.26-002931.9,19.732106977960676,0.0001751846040409788,-99.0,-0.6794532208198136,0.00014004654220167723,2.7205607911235408
1464847,212958.08+003125.8,20.973946424426465,0.01853768449295856,-99.0,-1.787126219579506,0.012074991926092071,0.7378582844839581
1438826,001946.95-010812.1,-1000000000.0,-1000000000.0,-1000000000.0,-1000000000.0,-1000000000.0,-1000000000.0
1450617,231752.12+002341.5,23.54509558760342,0.013483351712144653,-99.0,-1.2771232768987146,0.04456680715068295,0.21785136785280124
1392640,023806.25-003140.0,22.72830610751992,0.014207341457099787,0.2347129176027168,-0.1619924367728709,0.02903704115156571,0.5183490860452837
1390667,024328.22-010352.7,23.386525902752858,0.019333763917552815,-99.0,-1.2384626998238897,0.041891059009542486,0.5678245451711577
1464837,213001.55+002746.5,22.343673168582363,0.008900482247931052,-99.0,-1.7306306542773298,0.02285522625266634,0.6813844447318816
1447692,233934.73-002919.5,21.989716404060182,0.0,-99.0,-0.5077917748025893,0.0,0.4477754437025004
1426235,005946.23+002502.2,23.661817908975742,0.026231151912678996,-99.0,-0.9527148216685797,0.061686813295755205,0.2581989839635923
1433170,003812.44+001500.2,23.307918150587504,0.02016133450710278,-99.0,-1.0361889327154996,0.05279867599372279,0.3018122058814739
1436275,002826.77+002214.5,-1000000000.0,-1000000000.0,-1000000000.0,-1000000000.0,-1000000000.0,-1000000000.0
1395639,022936.30-004205.4,22.905467569551426,0.002576243631962072,-99.0,-0.33754658899266143,0.01157152795877714,0.5045412927316364
1449176,232838.96-000724.8,21.94195542155665,0.006669281231550528,-99.0,0.11138324026890878,0.016667499365260068,0.9497924068153536
1448578,233321.02+002609.2,-1000000000.0,-1000000000.0,-1000000000.0,-1000000000.0,-1000000000.0,-1000000000.0
1439791,001641.19+001853.8,23.32821448999075,0.004401036972287997,-99.0,0.44179508393394507,0.017381829841962126,0.4652182202580542
1465792,212324.61+002849.6,22.450275977833847,0.005842150171808669,-99.0,-1.6682712879646089,0.020850085509624194,0.32276312893737696
1459111,221300.50+005526.1,-1000000000.0,-1000000000.0,-1000000000.0,-1000000000.0,-1000000000.0,-1000000000.0
1415781,013146.80+004729.0,23.317543445711074,0.027009336458263533,-99.0,-1.8698919177315876,0.03705719966732879,0.2359149095013681
1399608,021851.18+002649.9,23.433672549273915,0.01653512969291171,-1.0,0.016761325780818126,0.061285314369008054,0.4832500379690759
1466289,211940.73-002815.9,21.172253157843322,0.0,-99.0,-0.9571170660423434,0.0,0.9230573000658787
1445944,235253.51-002850.4,20.48729327322787,0.0015662194373611271,-99.0,-0.983475181658588,0.002781110610998283,12.737816852479352
1424557,010458.97+005720.7,23.033851590791464,0.016583145023663093,-99.0,0.5266337360370272,0.02713412023483358,0.48228091236911175
1443777,000326.67+001157.2,21.357355973874753,0.005913110378950037,-99.0,-1.192133643663217,0.010918457074650667,0.6271609231761666
1448155,233616.09-010603.5,-1000000000.0,-1000000000.0,-1000000000.0,-1000000000.0,-1000000000.0,-1000000000.0
1397383,022453.00-002404.3,23.308521297273636,0.015071274671640822,-1.0,-1.2089441538581136,0.07769183752073539,0.5625821661964016
1405084,020342.38-010802.3,21.438951107139793,0.01967002457066158,0.0887903005713956,-3.3741192227527415,0.07819129505433287,0.5512063062651291
1448851,233119.81-010632.3,19.58537141374226,0.0008845858558270692,-99.0,-1.4395014107898372,0.005122586316598676,6.273601087786644
1463661,213820.76-002730.7,22.278624050270288,0.0023375208245735024,-99.0,-1.264427322228702,0.02092146327170452,0.621208762718075
1431935,004149.87+002426.5,-1000000000.0,-1000000000.0,-1000000000.0,-1000000000.0,-1000000000.0,-1000000000.0
1414984,013400.97+011429.4,-1000000000.0,-1000000000.0,-1000000000.0,-1000000000.0,-1000000000.0,-1000000000.0
1395903,022855.50+004142.6,22.927188265502245,0.015603387418616776,-99.0,-1.3914265510086028,0.05076449054083054,0.17892151944115628
1411433,014400.55+005538.3,23.94694895633834,0.0017564578191908709,0.12084025064244099,-0.2242613685880981,0.013358527139597065,0.3755762466032137
1465314,212635.38+004235.8,22.645227809130624,0.006440200283410746,-99.0,-1.1504967975135814,0.01354111150248305,0.18480201742364663
1458966,221405.96+004104.6,23.656844824279666,0.019994719378981785,-99.0,-1.3659009937053455,0.0337742529639079,0.35861447417232956
1398907,022051.44-000815.1,-1000000000.0,-1000000000.0,-1000000000.0,-1000000000.0,-1000000000.0,-1000000000.0
1392602,023813.09+000832.8,21.14442850427917,0.0020293712982510925,-99.0,-1.438590559793072,0.004783375326586237,0.6476124438318268
1440145,001533.97-010532.4,22.14674177829483,0.008377327004058799,-99.0,-0.94567901811324,0.02313143920307764,0.4140463952133305
1408084,015410.20+004344.8,23.085959293118087,0.013520449278319191,-99.0,-1.3174177401080231,0.027447564360825627,0.4425719059153013
1445208,235732.79-002845.5,20.735786606575125,0.01037185594125134,-99.0,-0.9838802471262573,0.011747749483245584,3.047496286092972
1433936,003552.15+001424.9,22.89801222934515,0.012079686988375471,-99.0,-1.6981411344344233,0.04029424600518228,0.23617862629296837
1395622,022938.18+002716.7,22.18664781598283,0.003817231653489017,-99.0,-1.7568082013544588,0.010352967445153682,0.3838679299497504
1450922,231546.87-000557.7,-1000000000.0,-1000000000.0,-1000000000.0,-1000000000.0,-1000000000.0,-1000000000.0
1410384,014703.94+011423.6,-1000000000.0,-1000000000.0,-1000000000.0,-1000000000.0,-1000000000.0,-1000000000.0
1416409,012951.36-004057.3,22.773513703773354,0.0013366295351957547,-99.0,-0.31784692874673137,0.0,0.5134667029131652
1422982,010945.59+001930.2,22.746237823951084,0.039666563454892056,-99.0,-1.2412032218992262,0.07044126932079636,0.22390255000755163
1434040,003534.23-002548.8,21.29302085477429,0.00033632035072450606,-99.0,-1.056214827594955,0.0013404750811703003,1.163581766997177
1389192,024717.41-000052.4,22.334265321347935,0.00718696365331617,-99.0,-1.1340259579922423,0.01665109057741343,0.5409974362496717
1455329,224157.54-010748.2,22.65600497573859,0.010721981561161442,-99.0,-1.397464984048705,0.02515304533313434,0.4218636991337931
1450270,232036.16+000407.1,23.516703996880928,0.018306683813094082,-1.0,-1.4998021871655016,0.05935184148903516,0.2518241646350969
1460810,215949.91+005146.7,23.018851411671584,0.02294358144196096,-99.0,-1.001223217916586,0.04158810433470206,0.9190990887553079
1460338,220328.83+001749.4,22.753329280857976,0.00895622171257493,-99.0,-0.823594047065642,0.02866792429592413,0.4448313823967142
1442986,000600.95-010708.1,22.588775846384458,0.025693032175375663,-99.0,-0.5651835455761844,0.025985324830532675,0.5706205891996656
1444897,235930.42+003733.6,20.96108648555788,0.0,-99.0,-0.7873965223926094,0.0,0.9790097074989231
1452559,230321.73+011056.4,20.396542189104004,0.0,0.21404464675704304,0.08073745659996145,0.0,1.000859849266282
1444385,000125.14+000009.4,-1000000000.0,-1000000000.0,-1000000000.0,-1000000000.0,-1000000000.0,-1000000000.0
1452796,230131.80-000716.3,21.32789042103675,0.005851476870359917,-99.0,-0.5005972034902788,0.015905817392739552,4.169310071134629
1410449,014651.09+005449.5,-1000000000.0,-1000000000.0,-1000000000.0,-1000000000.0,-1000000000.0,-1000000000.0
1422635,011055.07-001359.6,23.8634947309367,0.05051312811514386,-99.0,-1.4468491955987015,0.10173484028083535,0.5341065489966559
1432302,004046.48+004932.0,24.016086837527958,0.032923784184148985,-1.0,-0.3999345747937859,0.13558495701158824,0.3755325649191835
1418942,012223.42+004629.8,22.918898008060047,0.004987282536719206,-99.0,-0.6471489512183162,0.03712542083505632,0.46925016653099
1467958,204104.41-003040.9,-1000000000.0,-1000000000.0,-1000000000.0,-1000000000.0,-1000000000.0,-1000000000.0
1427029,005701.80+005721.0,22.904760254889077,0.02144370806646201,-99.0,-1.6420676638993363,0.02983451977716467,0.33077637194808074
1425925,010044.70+010018.4,22.15117641969905,0.011362060503907756,-99.0,-2.8747332901765326,0.042225399626061755,0.45799664751681973
1447428,234137.69+003430.4,22.586762073246142,0.012015410279628824,-99.0,-0.8800635857329855,0.051088599118705946,0.2394896781335134
1415970,013117.69+002504.6,23.028055335199817,0.01297495286187278,-99.0,-1.326089973142678,0.023478731485829796,0.4515033992632531
1410562,014630.95+001531.5,21.054231307070985,0.0,-99.0,-0.30069590862063844,0.0,3.1850905834544285
1438830,001946.55-005019.1,22.719771496812164,0.005399797389165073,-99.0,-0.5231403010184685,0.03445108662124577,0.2716882536543201
1437848,002313.77-011242.5,20.912788800948285,0.005315768602267568,-99.0,-1.1850376072352113,0.020149741571326762,0.39392612228063817
1425616,010144.03-004103.9,22.51519710771064,0.0086147587130192,-99.0,-1.4255274931922286,0.026581302825733566,0.35880456212105744
1447792,233848.50-011005.8,22.67023206218746,0.011460632496627099,-99.0,-1.1227007366105708,0.03860589258669944,0.4856916172687717
1448092,233646.56-002127.9,-1000000000.0,-1000000000.0,-1000000000.0,-1000000000.0,-1000000000.0,-1000000000.0
1448847,233121.83+003653.5,23.0698611396031,0.0035046381412673355,0.24986232125005906,-0.9297738670016464,0.07548013171358608,0.40317548970483874
1464934,212924.34+000638.4,22.163932778150517,0.006441645941261953,-99.0,-1.2886068407336269,0.021355047627768853,0.27249191085103813
1447384,234156.40+000239.8,23.671117299394133,0.009623630992505738,-99.0,-0.8669304623275744,0.032824487027584226,0.7332143424157038
1391178,024210.25+000611.4,22.834869885141465,0.02257747926316611,-99.0,-0.7688058198909866,0.03426801765437104,0.245726006209452
1414215,013601.76+003521.2,23.056444546972706,0.01916081272764103,0.03511978319454058,-0.2445757585980406,0.04546659928369587,0.30095442355024804
1411679,014315.07-004715.6,22.958500819303644,0.012405886988267056,-1.0,-1.194289897167066,0.0381609965387798,0.3165949861758564
1417755,012602.99-000822.5,19.022970371918582,0.0,0.2051936406946014,-2.1497868215960834,0.0,1.1982073541014495
1446389,234954.90+004956.4,22.810025252543802,0.012879524169377987,-99.0,-0.6781468674163609,0.03544007424822121,0.3739817762744317
1404454,020527.18+004549.3,22.77267323577839,0.023400785992704343,0.12318423786491818,-1.8539674340161723,0.055314878303467374,0.2851619081718271
1460603,220133.49+001624.9,22.297690773479466,0.010939314192430771,-99.0,-1.6386192425462118,0.018426724384505766,0.2937114960492638
1395246,023042.45+001757.8,24.24189251884119,0.0263363889687529,-1.0,-1.541220565215169,0.11367978904163079,0.26720454716445813
1435111,003211.77-001854.6,22.99830758934619,0.011777074554846223,-99.0,-0.9124968100981752,0.01696234920733819,0.34174845738617404
1389982,024518.83-011409.0,-1000000000.0,-1000000000.0,-1000000000.0,-1000000000.0,-1000000000.0,-1000000000.0
1452126,230639.64+010855.2,22.032687710229304,0.02064677759061162,-99.0,-0.4191571587316778,0.03923540292598526,0.623890999988449
1395773,022916.43+002658.6,21.568698303585684,0.0,-99.0,-0.19126322901857407,0.0,1.5892676171781794
1402411,021116.29+004856.0,23.193484003808614,0.006822774508945528,-1.0,-1.2103486237777892,0.025227626310271867,0.5105245874386872
1399722,021833.19+002525.8,-1000000000.0,-1000000000.0,-1000000000.0,-1000000000.0,-1000000000.0,-1000000000.0
1451980,230752.69-010427.0,23.28870518888531,0.0,-99.0,-1.3470029553947511,0.0,0.4810226107871876
1445264,235712.76+010837.8,23.27027652633381,0.009099494520681262,-99.0,-1.3425645371082675,0.019294279983168905,0.4200023711439974
1402176,021157.59+005347.9,23.101607698833114,0.003818506140369493,-1.0,-1.238226614519717,0.017810588392770832,1.1137576740689916
1403799,020715.23+005945.5,23.693434657333277,0.036378873165139325,-1.0,0.22103397601356267,0.022109639668870702,0.7300504616698927
1451998,230745.13-000133.4,21.896097606485974,0.0031891911884418533,-99.0,-1.189407553847424,0.023865091719284914,0.4463724616745808
1398134,022247.43+002811.9,22.623331477477272,0.017948896456889685,-99.0,-1.1250256356574728,0.036168860541825,0.6290018959169233
1455599,223947.32-010640.7,23.238227441139166,0.03169205362123506,-99.0,-0.7898583403381441,0.05891278553042156,0.3680163795929185
1455724,223844.30-005655.3,21.507540806791106,0.002680196341344754,-99.0,-2.151589228562484,0.010068716323519356,0.3264975723158099
1421565,011431.63+000450.6,22.403012425350518,0.007119970422806432,-99.0,-0.6702578194058999,0.019806907030127663,0.932521757990009
1466390,211851.05-010045.0,22.379454328072107,0.007260841985123889,-99.0,-0.9895199004610218,0.0366726148327875,0.3283550929811045
1426583,005830.16+005130.0,-1000000000.0,-1000000000.0,-1000000000.0,-1000000000.0,-1000000000.0,-1000000000.0
1445516,235544.47-001936.7,22.687556129809714,0.017805641112031978,0.32528040005787884,-1.109114933328081,0.05023752922543845,0.5495299950075198
1451314,231243.67-000843.2,22.95659931082499,0.021088502529513775,-99.0,-1.3179015390924964,0.050593211274847394,0.5098140409028241
1408408,015307.73+001304.0,20.65558381681246,0.010108855238364356,-99.0,-0.6195528684436198,0.011073002591206638,0.4749122255705573
1391199,024207.19-002818.9,21.565493541495492,0.005078609450670513,-99.0,-1.265714041288669,0.014190836710756383,0.43031407318377773
1451576,231054.32-002341.8,22.425664204514057,0.008816340439512516,0.5118698108103972,-2.0516733908346074,0.0231942129325704,0.656740802988842
1446921,234609.05-000556.8,22.752846219937418,0.022452008568043524,-99.0,-1.4760458344274716,0.03030818193196627,0.4377917502257729
1437372,002446.06-003903.2,-1000000000.0,-1000000000.0,-1000000000.0,-1000000000.0,-1000000000.0,-1000000000.0
1396243,022804.32+011429.7,22.989549613100955,0.001549581409969747,0.4185488895607993,-0.09764688271833588,0.01355530098709097,0.5629625788634106
1451265,231305.41-000747.4,23.054826751100244,0.03156502368995895,0.47117654976218365,-1.104576064204581,0.055676345845202535,0.2797508286326461
1417063,012803.29+003747.4,24.46669943382455,0.03161042513931456,-99.0,-1.2691085070350048,0.10644731059852519,0.4177829785446103
1409041,015109.87-001234.3,-1000000000.0,-1000000000.0,-1000000000.0,-1000000000.0,-1000000000.0,-1000000000.0
1447791,233848.80-001831.0,22.80310316732089,0.01304499771041634,-99.0,-0.6501229784711215,0.030599778056392468,0.4394454644585967
1395851,022903.95-003302.7,22.793497306698804,0.010857174688743143,-99.0,-0.7001931303577837,0.004484573788209545,0.3597413942906267
1403560,020754.93+003637.8,-1000000000.0,-1000000000.0,-1000000000.0,-1000000000.0,-1000000000.0,-1000000000.0
1448913,233050.90+003931.2,22.918582869041167,0.0031362005910029467,0.12302251314449497,0.9823121280360168,0.011994487626142969,0.3912995909574913
1389104,024733.89-000406.2,22.059805261946103,0.00520356464646099,-99.0,-1.618609507374071,0.02040323709701819,0.26427307764391483
1416717,012857.36+005051.0,23.03041801646487,0.009200942383555955,-99.0,-1.3956982245889966,0.028232837621568807,0.7416878960066844
1448232,233546.39-000204.7,23.209185586653213,0.017282817530075434,-1.0,-1.3887365649322758,0.03577375855665044,0.5230772586786021
1419319,012114.49-000720.4,23.8681298411637,0.013261860049356144,-99.0,-1.8698622830345188,0.01899082622024284,0.5885297106337715
1424394,010529.21-001738.8,22.89208871740403,0.002375091328321588,0.2680785370111074,-0.8431378314595026,0.0033305916781594114,0.36712645414568973
1430200,004645.99+002729.6,21.686658257372592,0.021413572623112387,-99.0,-0.4707855895131905,0.020408246596004265,0.2577834763887026
1414214,013601.80-003615.1,22.762557774536468,0.021404880391404646,-99.0,-0.32048954305680244,0.04724029371360386,0.40007051878900085
1451606,231040.96-010823.1,21.597887385857057,0.00486281298384128,-99.0,-1.098956261892635,0.015855867411872282,0.6309831749958963
1439774,001643.32+000138.7,23.12681078004929,0.009103235884859728,-99.0,-1.5927333183935692,0.030002094953935132,0.18672008256641545
1390962,024240.31+005727.1,17.961130505055657,0.0,-99.0,-1.441837332140131,0.0,29.763762795110136
1397271,022511.56+005047.2,21.995016514462357,0.0,-99.0,-0.11919395373333508,0.0,0.5100946833596911
1407997,015425.75-003101.6,20.70091027017586,0.0031978182956393653,-99.0,-1.6009826138386476,0.010924806938238163,0.7953694078869085
1463489,213935.84-005216.5,21.85336500856709,0.007546915581109204,-99.0,-0.8588031295908589,0.018290362127090565,0.4343307479375873
1405142,020334.20-004438.0,-1000000000.0,-1000000000.0,-1000000000.0,-1000000000.0,-1000000000.0,-1000000000.0
1441989,000912.08+005818.2,22.893324143848254,0.028511486072479997,-99.0,-1.315458293253732,0.033909885260409944,0.5954840882969769
1464851,212956.74-003017.5,22.679472135904255,0.016569889803754734,-99.0,-1.3918647952209189,0.026415871574793415,0.9675136748262496
1423913,010654.05+002345.0,-1000000000.0,-1000000000.0,-1000000000.0,-1000000000.0,-1000000000.0,-1000000000.0
1429067,005018.84-005438.0,22.350082698106966,0.005696483022150645,-99.0,-1.6794995808843494,0.010828258567282423,0.5242170670985545
1440809,001322.28-011239.4,22.299451374112756,0.0078254159381963,-99.0,-1.3511065820064725,0.014104481184913586,0.493311880561267
1464989,212904.59-001249.0,22.373135730832225,0.0,-99.0,-1.5248400815442515,0.0,0.48462203395781994
1447325,234224.91+001125.2,23.087888559243034,0.02525924152490866,-99.0,-1.1741550166334154,0.04686887321948707,0.32756022269206464
1434947,003242.74+003110.9,21.091184098771585,0.08959780238423143,-99.0,-0.4115925029649583,0.10388134588763526,0.7566567713548883
1445834,235335.70+001639.4,22.901504376901165,0.01476073821097934,-99.0,-0.6272094492542326,0.05406997664286739,0.6899495569332065
1392228,023918.99-002306.8,23.327653012363648,0.05540674965071268,-99.0,-0.21008951940913878,0.03906234644105058,0.3414994947473161
1418619,012322.77-010800.2,22.902939862595524,0.011860703418831164,-99.0,-1.3073492493491248,0.033449525089865095,0.3125359314955056
1431749,004220.27-005948.7,-1000000000.0,-1000000000.0,-1000000000.0,-1000000000.0,-1000000000.0,-1000000000.0
1407272,015646.45-001558.6,-1000000000.0,-1000000000.0,-1000000000.0,-1000000000.0,-1000000000.0,-1000000000.0
1388492,024919.80+001909.3,22.66161621621014,0.01847050869336897,0.6842503028780791,-2.0020837596068395,0.02309850936942448,0.3903399103046513
1436786,002644.23-002636.5,23.030571246379758,0.02227672283408033,-99.0,-1.4192877054825508,0.036030708900512076,0.3615547379627272
1429707,004811.45+001013.7,22.288447500442196,0.006626809476051321,0.06680021203867366,-0.9555303655965401,0.019447034642263716,0.31100941390832265
1412095,014208.16-011443.3,20.279311769490185,0.0,0.019903673640316,-1.3883095337492857,0.0,4.815372593221708
1389487,024632.54+000529.0,21.22258115207321,8.596667042226613e-05,-99.0,-1.2196104433732557,0.004882900439925786,0.6730170903143412
1443456,000432.76+005612.4,23.38436166766663,0.025287059755010333,-99.0,-1.168837468702284,0.053942406980700075,0.6651326012552154
1448807,233138.97-002429.2,-1000000000.0,-1000000000.0,-1000000000.0,-1000000000.0,-1000000000.0,-1000000000.0
1449453,232639.80-003033.7,-1000000000.0,-1000000000.0,-1000000000.0,-1000000000.0,-1000000000.0,-1000000000.0
1445591,235515.78-002842.0,21.138312417529725,0.0023920590662118713,-99.0,-1.390104261031,0.009227803992861938,0.9659931139834853
1430828,004458.20+005043.8,20.967518735191042,0.0029157410214963875,-99.0,-1.0641002513091933,0.015140830287587947,0.41271713830968304
1464995,212903.61+005442.9,23.19185577183942,0.007118698795247624,-99.0,-1.17581686983619,0.03604043820432645,0.4145136226313155
1416064,013058.37+002420.8,21.284252712311947,0.000628209406778879,-99.0,-1.6317715073607655,0.001545246630086039,1.0211470826323639
1455555,224011.46-011448.6,21.860787887128133,0.002005887669414008,-99.0,-0.8141953965493798,0.007451417371310054,0.3650919206402469
1433606,003646.73+004958.9,22.766651032836286,0.012400382303283664,-1.0,-1.907603258049221,0.027969918098814328,0.49452837873324496
1461286,215623.03+004416.1,21.9585096972773,0.004082612082489945,-99.0,-0.43719672385658015,0.011394986149924513,0.332243722471738
1422638,011054.54-000614.0,23.95674793238458,0.029286685273488544,-1.0,-1.7444918558209466,0.06870548533404819,0.27449106899361664
1463070,214242.63-001558.8,23.436045499043423,0.05047798095394462,-99.0,-0.8941837424678392,0.07472234172791076,0.6329494335766056
1426655,005814.89+010027.0,23.57335636683613,0.07457922151575147,0.09428541793747663,0.6643120958996427,0.09710629059965065,0.2696326909168451
1441282,001140.24+005656.7,-1000000000.0,-1000000000.0,-1000000000.0,-1000000000.0,-1000000000.0,-1000000000.0
1397459,022441.09+001547.8,20.881766116459822,0.0011271499411602548,-99.0,-1.4260206572580771,0.0034760177677349846,0.795741734680052
1398829,022103.27+002326.6,22.667217782207295,0.01720109223171562,-99.0,-0.41758708938661204,0.04156943733413365,0.7633669528348379
1438797,001954.60+004114.2,22.06153350699639,0.006024933009332045,-99.0,-1.032331355925995,0.018757640510109197,0.5884468216031238
1406784,015820.99+005742.9,-1000000000.0,-1000000000.0,-1000000000.0,-1000000000.0,-1000000000.0,-1000000000.0
1437450,002430.58-002418.8,-1000000000.0,-1000000000.0,-1000000000.0,-1000000000.0,-1000000000.0,-1000000000.0
1443648,000355.23+001216.4,22.29845460699108,0.004285736477509516,0.350876610671689,-0.9763022320210952,0.06283961481730482,0.5103599401515481
1451759,230937.18+003444.3,22.79947656846648,0.0011318218376121791,0.13739301455647454,-1.0335474470042678,0.004319597795389818,0.2818382297230095
1445434,235613.54-004120.0,21.591235995438417,0.010239836459371432,-99.0,-0.9510755837864489,0.04130862783543965,0.4656724344537532
1401595,021333.34+003030.9,21.664911153268612,0.0034479558318345482,-99.0,0.11176768340137766,0.004649517585955998,0.8264531837974558
1428350,005244.22-005721.8,19.967865308032707,0.0007072892132331532,-99.0,-1.381555728853006,0.002244701087688039,2.8521340840718827
1450871,231610.96-003541.9,22.933448042913916,0.0206657823500489,-99.0,-1.447286404391117,0.03577401454168583,0.6483360099978626
1426020,010027.67-000653.3,21.942960276391283,0.007498064270565763,-99.0,-1.1209375735676659,0.007436167651668768,0.9220109661522057
1464928,212926.56-002237.7,20.51954311110112,0.0012932994608494397,-99.0,-1.2795662463344168,0.0017680926631434835,5.5693124599327115
1387813,025130.43+011231.3,23.38292952577668,0.03369984447924246,-99.0,-1.3566292852584176,0.05383252199883781,0.3771795242374428
1447127,234416.85+005217.6,22.630001993226777,0.011365738166064787,0.3071883388617035,-0.7284072219117386,0.04809379458513874,0.9113347906574378
1452196,230603.79+000319.7,-1000000000.0,-1000000000.0,-1000000000.0,-1000000000.0,-1000000000.0,-1000000000.0
1402413,021116.16+000449.8,23.544973386239086,0.012871825572053908,0.261124396995317,-1.0615633176775976,0.05816472835105191,0.321384495839272
1415583,013221.31+001605.1,23.39027391280272,0.01754827031163586,-99.0,-1.6906508414904025,0.05789021997791077,0.30488875551531613
1399319,021941.13-010258.3,-1000000000.0,-1000000000.0,-1000000000.0,-1000000000.0,-1000000000.0,-1000000000.0
1448290,233522.69-000635.2,22.088669999101178,0.0019124059547159789,-99.0,-1.8644115005001054,0.004585472850534678,0.8404904506792843
1450085,232157.04+010850.1,21.84829509373197,0.0015708395503111205,-99.0,-0.7176425151984729,0.001764048591712919,0.5360817904909401
1390061,024508.67+003710.6,22.028519288415076,0.00035196581277041616,-99.0,0.9527722137468526,0.0009913485642352171,1.4216454968916026
1465799,212321.49+010801.3,23.076391634948813,0.024225069145193956,-99.0,-0.9494672589998743,0.041460625971820486,0.7221136553744523
1429600,004830.33-001924.2,22.97370215779994,0.020165288502447254,-99.0,-1.2434468460040815,0.041958105194277784,0.32380743025246356
1465532,212510.03-002041.4,22.798810442445124,0.0030277331458705703,-99.0,-1.227060455238028,0.011997441602068282,0.3774137519864651
1424346,010537.80+003802.3,23.665167345255988,0.07613113399448146,0.5909861187876037,-1.4665672604620865,0.2177388087315173,0.36710572054407203
1428352,005243.92-005954.0,-1000000000.0,-1000000000.0,-1000000000.0,-1000000000.0,-1000000000.0,-1000000000.0
1464737,213042.19+003629.8,-1000000000.0,-1000000000.0,-1000000000.0,-1000000000.0,-1000000000.0,-1000000000.0
1417511,012651.14-002850.4,22.775716665220337,0.0013227662565462595,-99.0,1.0402386414763551,0.03244123552194267,3.3520982425144648
1391215,024204.77+000814.5,20.360749236967713,0.0,0.06138954908927186,-1.1564514407323148,0.0,1.9545276009173838
1450872,231610.68-000330.6,22.990465039088086,0.0076223849330414595,0.060739790489231636,-1.411224659204354,0.03278283060955178,0.2728812474570693
1452296,230518.03+005553.6,23.901578368878965,0.025518005180709125,-99.0,-2.190175338073393,0.05654953490255843,0.44388861568202176
1415017,013355.35-001819.5,-1000000000.0,-1000000000.0,-1000000000.0,-1000000000.0,-1000000000.0,-1000000000.0
1450490,231850.79+002552.5,21.22634881677525,0.005223957528315282,-99.0,-0.6775918216593526,0.011547349815770491,0.4866706654376858
1439373,001802.89+004320.0,22.86533584510257,0.021980420363885145,-99.0,-1.752880055274638,0.040828000322279734,0.3840560607018453
1393575,023515.46-000147.0,22.418429455117213,0.004094406769405978,-99.0,-1.7925473211020897,0.008918017398129141,0.2692899007642684
1460267,220359.73+005901.9,21.038147249446588,0.0,-99.0,-0.6510226481545125,0.0,5.062488183010858
1408434,015303.26-004556.9,22.759709223762705,0.020472508115805255,-99.0,-0.9022616216730635,0.026666389479965913,0.30491815811257666
1438798,001954.54-005548.1,22.171109458913527,0.016777171478681296,-99.0,-1.3674545085947734,0.04785757384798317,0.244796020425504
1388086,025034.31+010154.2,23.3314946838644,0.01986567255599425,-99.0,-1.417540462907509,0.07429293616222099,0.3596111405875585
1401368,021406.33-004234.9,-1000000000.0,-1000000000.0,-1000000000.0,-1000000000.0,-1000000000.0,-1000000000.0
1402009,021227.22+011224.1,20.509072288511,0.0018474555752856503,-99.0,-0.676944502221061,0.017967598284004627,1.209603415232472
1420596,011732.32+004918.9,21.820093819866322,0.002240851017569767,-99.0,-1.3390098754186237,0.0038956524728828157,0.4590573981813294
1402472,021105.47-003614.5,22.476801674773675,0.008065772402767735,0.030912771489920148,-0.906653269973007,0.03613493285639685,0.208397423689098
1392401,023849.38+000701.0,22.04767477697066,0.0034620144140085074,-99.0,-1.0415307143809738,0.008320633347363215,1.68793512898794
1404986,020400.31+003452.4,22.24334796964552,0.02615876505189796,0.297440305252362,-1.3840679284604445,0.06065021618399247,0.27186629050501393
1447239,234311.94-005034.3,-1000000000.0,-1000000000.0,-1000000000.0,-1000000000.0,-1000000000.0,-1000000000.0
1435936,002934.14+003549.2,-1000000000.0,-1000000000.0,-1000000000.0,-1000000000.0,-1000000000.0,-1000000000.0
1455945,223655.17-003509.5,22.57060163666413,0.011061657615583087,-99.0,-0.8197137205502161,0.03116877285259506,0.8619777946949438
1444869,235942.35+001338.2,-1000000000.0,-1000000000.0,-1000000000.0,-1000000000.0,-1000000000.0,-1000000000.0
1440442,001436.17-005256.0,-1000000000.0,-1000000000.0,-1000000000.0,-1000000000.0,-1000000000.0,-1000000000.0
1433885,003600.21+004237.9,23.604732937340778,0.05138179051759728,-99.0,-1.5129349935061658,0.15859872490891924,0.5025975670838927
1459981,220636.34+010730.6,23.244519299196206,0.0239527092744396,-99.0,-0.784528844864349,0.04698627598658578,1.027340150951192
1389080,024739.11-005221.1,22.609762193509873,0.008049401992851202,-99.0,-1.2187966478410948,0.028220992036506076,0.5335800577865026
1445371,235636.36-000130.2,-1000000000.0,-1000000000.0,-1000000000.0,-1000000000.0,-1000000000.0,-1000000000.0
1464569,213155.72-003243.4,23.031721405043065,0.019467236250276798,-99.0,-0.7217073042249664,0.03050814823207154,0.33421165279286313
1434724,003326.79+011032.9,-1000000000.0,-1000000000.0,-1000000000.0,-1000000000.0,-1000000000.0,-1000000000.0
1443198,000520.98-005125.9,21.701114184332376,0.00589871232612893,-99.0,-1.4495885166049276,0.019954186472220248,0.4936503369959905
1451711,230954.89-011113.0,21.633130232099994,0.007143690642896772,-99.0,-1.4461224176450038,0.017817666307929914,0.5958112504990205
1451209,231328.30-000610.9,23.49177315652303,0.020756359954496872,0.4994082496503028,0.20445930909851473,0.051936701086219283,0.8982562350086737
1442084,000850.12+001204.7,23.08966059848057,0.014277176935744151,-99.0,-1.5309485875349007,0.02648083089679809,4.020585397464198
1435309,003134.64-001744.7,23.082392996555434,0.011335599921533657,-99.0,-2.34361341679668,0.028827569779071638,0.512487745459591
1452024,230735.21+005302.9,21.894977027229295,0.006483938700654335,-99.0,-1.4841414246443825,0.02238154486217936,0.6978346294930711
1391118,024218.65+001857.0,22.78629264594843,0.011317440298714843,-99.0,-1.227121480441435,0.021422208157186984,0.33810362228470786
1447683,233939.77+004710.9,22.677885549607417,0.021224176779508497,-99.0,-0.6676454039530535,0.0486073535197154,0.4271697099010933
1441034,001233.34+010010.3,-1000000000.0,-1000000000.0,-1000000000.0,-1000000000.0,-1000000000.0,-1000000000.0
1415553,013227.77-002017.7,22.88442535751681,0.012581918433474115,-99.0,-0.7575673345383436,0.058571230441558264,0.32952585610637253
1463300,214102.96-002132.7,23.108812360385734,0.04894181644651496,-99.0,-1.0571202898863148,0.0663954185877067,0.4484677494218462
1443133,000531.41+001455.9,-1000000000.0,-1000000000.0,-1000000000.0,-1000000000.0,-1000000000.0,-1000000000.0
1464993,212903.99-005922.7,-1000000000.0,-1000000000.0,-1000000000.0,-1000000000.0,-1000000000.0,-1000000000.0
1460245,220413.74+003458.9,22.466807213826904,0.006696151965703834,-99.0,-0.7383080938246884,0.01857787334562999,0.3568595619555973
1445091,235820.08-010020.7,-1000000000.0,-1000000000.0,-1000000000.0,-1000000000.0,-1000000000.0,-1000000000.0
1410635,014616.49+001646.2,22.84128879964674,0.03645070543884188,0.14425743604915392,0.2264190108511448,0.04681011998427445,0.5662432721055335
1405120,020337.12+003059.2,21.733013333722475,0.016720344539864485,0.07199247704397853,-0.9232067994051629,0.022347227563388916,0.5088392408742594
1465318,212634.72-000648.2,20.97381591973555,0.00010099236019911473,-99.0,-2.1394245684481623,0.0030217844204467603,0.6296917592856791
1418862,012236.54+001827.0,22.87348802474238,0.0028198239874566156,-99.0,-0.5538810634695626,0.025364034136631047,0.36797172366513736
1393492,023530.89+001248.0,20.901776582994053,0.0,-99.0,-1.4501876338773978,0.0,0.6693461348782818
1451930,230816.21-005603.3,23.025863858366314,0.019992809737061634,0.3634696711514884,-1.1859633465842552,0.03423279973778415,0.2082857550218681
1416272,013019.35+001112.2,23.20318832594456,0.02509730410360511,-99.0,-0.9322517416597762,0.07827550262985367,0.45240659879087614
1424693,010434.66-002410.7,22.622844025924444,0.006167575336997189,0.19410050165792206,-0.43393660683308255,0.02359442523147956,0.32921363044786695
1423328,010841.59+010848.2,22.80599141297872,0.020262414283829244,-99.0,-1.0990572288896767,0.03234679475028568,0.6826653770903406
1447926,233756.30-003311.0,20.752912815212902,0.0038213010215670806,-99.0,-0.4973670425982881,0.006278563451867031,1.0748323678430858
1433711,003629.12-005241.7,22.55437504705339,0.008500823225539023,-99.0,-1.3249553303223363,0.03087386112541668,0.3266497972626033
1444590,000046.15-003007.1,-1000000000.0,-1000000000.0,-1000000000.0,-1000000000.0,-1000000000.0,-1000000000.0
1428844,005100.79+011342.6,24.145535713793315,0.002121157963328457,0.7475445034611409,-1.054608307555541,0.001086241715104963,0.25396860005755123
1424725,010429.83-003453.5,-1000000000.0,-1000000000.0,-1000000000.0,-1000000000.0,-1000000000.0,-1000000000.0
1396334,022749.62+010915.6,21.712260999781,0.0028451296865483755,-99.0,-1.4065414037980206,0.005899220298863916,0.5335372519863812
1418951,012222.47+005035.4,23.630982421083665,0.030897643912526362,-99.0,-1.5927028463181028,0.051814823753385864,0.19337886369059107
1445884,235316.33-002121.0,23.096274480875287,0.015303412466698418,-99.0,-2.23723508937271,0.04204694264483999,0.3534565429096792
1388432,024931.89-004420.4,22.5307284863158,0.009779419872577577,-99.0,-0.7164592236352947,0.02540637733277218,0.29615783380017024
1430028,004716.52+002316.4,21.241791294555775,0.00486828240440218,-99.0,-1.8524317498252572,0.007741593678042058,0.6125543762038669
1394352,023303.22-011446.8,21.882243432519722,0.008222029609630255,-99.0,-1.0218566523775738,0.016647852158454768,0.8846216991802198
1449775,232418.13+004400.5,22.422660876094348,0.01220254265051679,-99.0,-0.8686964685716934,0.03241397680711405,0.6040483904481112
1423330,010841.39-001003.0,20.59610984485635,0.0,-99.0,-1.6328330004160194,0.0,5.589061595873379
1446330,235020.69-003338.1,22.24495278576162,0.013153614028684757,-99.0,-0.8439440694830003,0.03781870591216269,0.5757057702717058
1402329,021130.52-003126.6,22.244858352661744,0.0,-99.0,-1.184399215921181,0.0,0.5931527700488265
1418992,012214.42-001118.7,22.58054272559665,0.004916924189544147,-99.0,-0.7337076753778291,0.012399109761250138,0.3735164169769888
1402705,021024.05-004513.3,21.011129560724605,0.002195372774798088,-99.0,-1.2203431961800222,0.005749121281161229,0.48410581591947144
1451871,230847.66-002028.4,21.328883006767207,0.005495999975355659,0.030285716567819275,-1.8128105706865654,0.024608598938248516,0.25896776351568584
1399479,021912.44+004726.9,23.051328459002214,0.04272375819572183,-99.0,-1.4096837569355065,0.07153032281182159,0.2673110784199314
1440654,001353.16+002024.3,22.972338794474503,0.004491119964500356,-99.0,-0.8766302254057603,0.021966816841540282,0.7810791854214798
1397349,022457.83-005329.3,21.278985617248004,0.0009685084338162397,-99.0,-0.9264620972351318,0.013461831496103471,0.4354266779823228
1390057,024509.18+005817.1,22.195727854074455,0.0067716875847878555,-99.0,-0.7763058257081727,0.015451598073461692,0.595790050780392
1460990,215834.56+002339.0,22.315702088541563,0.011157519656910253,-99.0,-1.7162690061084658,0.018008274472483765,0.34766188337652715
1426833,005740.64-010158.8,23.135686975303862,0.009753934966836297,-99.0,0.6561388930503265,0.0045909063629395175,0.445476127628922
1447939,233752.09-011439.1,22.837030073499882,0.014297756257892758,-99.0,-1.3084313197735877,0.037125496430543414,0.29306308504835665
1449508,232620.96-005025.9,20.849582907556247,0.0029859917908847677,-99.0,-0.24852312653826747,0.00944618723427737,7.9121474000781165
1449070,232931.36-002036.2,23.299262223969045,0.01865199882128188,-99.0,-1.468928545458851,0.03893652482318699,0.7181762315383259
1431926,004150.65+000728.1,21.21038680522073,0.009449162424619573,-99.0,-0.12922057240933782,0.01332052056685832,0.9525874251635079
1405331,020258.94-002807.5,22.575587653645933,0.0,0.560575033711253,1.1176732519046313,0.0,0.6405742205375642
1447034,234509.42-005506.7,-1000000000.0,-1000000000.0,-1000000000.0,-1000000000.0,-1000000000.0,-1000000000.0
1415973,013116.60-003054.2,23.1703169885297,0.03019193561502931,-99.0,-1.2636644476715229,0.07529798591583392,0.22485131081520493
1394026,023356.91-000916.7,21.742094841323315,0.004949189174556778,-99.0,-1.0093349183934675,0.014337539567639723,0.6059256740226673
1400943,021513.52-003406.4,23.459046929640728,0.03627422548011516,-99.0,-1.9298990687971918,0.08152777232639818,0.7020594506746438
1405355,020255.23+005803.8,23.973979538802958,0.026846059942169376,-99.0,-1.6542329718180007,0.0357280202093927,0.30110602321656904
1445405,235622.42-002355.8,21.398059799967903,0.002473676200507313,-99.0,-1.1548866023152757,0.010602195797223435,1.717736692010679
1447432,234136.09+002756.5,21.409179207810745,0.0,-99.0,-0.9470136497783752,0.0010072678153960624,0.7633231072009702
1441276,001141.18+005409.6,22.88293528984348,0.020570847404819403,-99.0,-1.332436983724158,0.0366329693092855,0.348736191781311
1419987,011920.36-000506.4,23.347688125432562,0.002440548550897148,-99.0,-2.3117047287483854,0.006157393796556221,0.914209121871898
1437140,002537.29+002724.3,20.970958181006985,0.00464943317172839,-99.0,-0.6462675354347569,0.01918749623523075,1.7888757650392464
1441331,001131.42+004718.3,21.9676903807568,0.011530592528679051,-99.0,-1.181856415940877,0.01419230817535122,0.38695242066336716
1417553,012644.44+002148.2,-1000000000.0,-1000000000.0,-1000000000.0,-1000000000.0,-1000000000.0,-1000000000.0
1429683,004815.96-010754.7,23.49995604940667,0.023978540973494944,-99.0,-1.1935774865977429,0.062458503924713416,0.35158430414315817
1438169,002211.16+002404.3,22.256675489781777,0.0007539288248548104,0.26389778400006303,-1.2390899849047705,0.018601318696801372,0.4779971048353008
1463714,213801.15-010926.4,22.115080002999385,0.007895301397349286,-99.0,-1.4511494883350236,0.041508312151349425,0.40556629650359277
1433208,003805.54-001129.7,23.4306493041853,0.026095075659533506,-99.0,-1.4317210839630854,0.07867721110910408,0.3090940963153822
1409987,014817.19+002847.5,23.012420501439074,0.0,-99.0,-0.9322789086531076,0.0,0.5700450262500504
1465370,212612.01+002033.3,22.60196743162897,0.004109693996596775,0.03331984687813396,-0.8625305868885444,0.02060390386121369,0.20267019767878436
1396281,022758.19+000225.3,21.44712808994914,0.002370023436881752,-99.0,-1.6440733439276967,0.007155803268075411,0.8160656887724794
1446610,234821.26-010651.1,21.747087991678335,0.017061187639955122,-99.0,-1.2420777367733118,0.02774527565663709,0.3943491533799636
1430898,004444.06+001303.5,22.077087417595855,0.0036034475493362805,-99.0,-0.17125437802905363,0.01744620031691517,0.39029405331973666
1445066,235828.29+010832.0,23.415190043772135,0.014465949158726232,-99.0,-1.6922142140852268,0.030218780052461813,0.5051881391467109
1402375,021122.53+002217.1,-1000000000.0,-1000000000.0,-1000000000.0,-1000000000.0,-1000000000.0,-1000000000.0
1421136,011552.90+003541.2,22.31622858196291,0.006144055583741093,-99.0,-1.4679238337503753,0.014189415342587441,0.2570909174300778
1438231,002155.52+001434.3,22.44171873574168,0.011831231289978206,-99.0,-0.5676106695411542,0.05299371536698744,0.587009223590427
1465851,212302.94+004700.1,23.141305407775086,0.014465647341603827,-99.0,-0.7186271156183226,0.04817141810618214,1.3743633575368945
1464459,213247.92+010827.0,21.627294722845413,0.004395939050763076,0.09800381112542815,-1.2024636544394869,0.019440213949208585,0.30677763335646585
1450059,232205.78-010941.1,23.229930433170956,0.02263479304198235,-99.0,-1.2616216539298177,0.05404695726342024,0.48263088649583474
1420144,011855.75-004032.3,20.259595313802357,0.0,-99.0,-1.6332860988232136,0.0,2.0627243822688204
1392658,023803.35-005342.5,23.510420799347237,0.017246350604374072,-99.0,-0.3303356130346309,0.19317597278196266,0.8108013106775693
1446103,235150.83-011036.5,20.492664311089662,0.0,0.04581129587246813,-1.51015333722619,0.0,0.6502812951062259
1444122,000217.56+000801.7,23.605049662908762,0.034259415100743595,-99.0,-1.787606150287687,0.07713715569567925,0.8364728744069996
1419108,012156.07+000327.8,22.556573218472685,0.011246707026408842,0.5577303546634209,-2.47830189753605,0.057324297372528754,0.6192471372683716
1441762,001000.31+003720.0,22.130961911414907,0.0035510933946447665,0.03966435191437681,-1.0230269665380578,0.026173605800226984,0.37109400862001946
1409695,014904.16+003659.9,22.316819895937037,0.009535181670532467,-99.0,-1.1738366056901302,0.015026718797685579,0.37373365645442724
1400593,021612.20-010518.9,19.631869440778907,0.0,-99.0,-1.040970822186745,0.0,1.0497669742249163
1419262,012126.36-005857.0,-1000000000.0,-1000000000.0,-1000000000.0,-1000000000.0,-1000000000.0,-1000000000.0
1425411,010221.71+004157.4,23.259447620927695,0.036924043656734185,-99.0,-0.8584383816963781,0.08484176578526931,0.39765730346813827
1432156,004108.97-010235.6,23.169990165142003,0.03983107778021022,-99.0,-0.9262477700284917,0.09129677554788651,0.3701051036251585
1447252,234303.92-000116.3,24.42005706048328,0.0,0.4190998653253693,1.8427079873242604,0.0,0.4604626290231781
1412178,014155.07-004422.0,23.067871635191217,0.0114469541469564,-99.0,-1.0929281535080184,0.03582451140274945,0.34741424316289654
1432720,003929.20+003635.5,20.67502034563916,0.0006699524535580537,-99.0,-1.6476281817421081,0.005842969140751664,0.9092402657184764
1406879,015802.51+003845.0,23.453099651007754,0.03814567891561538,-99.0,-1.7189649395050708,0.06216184703448324,0.3445267679888849
1438588,002039.46+011417.4,22.811169664746238,0.009880721373809465,-99.0,-1.510488675918146,0.025816904513479733,0.32177225849337426
1449728,232434.45-011345.1,-1000000000.0,-1000000000.0,-1000000000.0,-1000000000.0,-1000000000.0,-1000000000.0
1403310,020841.83-011209.3,-1000000000.0,-1000000000.0,-1000000000.0,-1000000000.0,-1000000000.0,-1000000000.0
1391136,024217.08-003603.4,22.93023072390981,0.014766039409073173,0.11210747845290564,-1.5406516074185972,0.03801134525209182,0.3083783391194889
1410929,014526.59+002758.5,21.81480670880955,0.01706063119961243,-99.0,-1.1008139914516484,0.013983141940542732,0.5579942991429221
1403696,020732.61-001257.3,23.793341704961897,0.018815864085199863,-1.0,-1.9854055091665894,0.057158428574530795,0.3379540907253107
1448257,233534.31+001355.4,22.450916619726918,0.0074156944258696456,-99.0,-1.3905573269319556,0.03041795704640282,0.40650707002140585
1465317,212634.76-010338.6,23.04143784372338,0.007000737994271589,-99.0,-1.7838452528861057,0.022837415341278477,0.8080181394427047
1447350,234212.83+010153.7,21.485009162074057,0.0069935088818873226,-99.0,-0.9472762289686214,0.01981374043473677,0.33245460368918467
1426367,005921.37+004108.7,20.732808655780154,0.005221955256118349,0.3292306556363997,-1.5568289526563466,0.016065449652806985,1.535665440840198
1404572,020509.33+001950.1,23.018832358436207,0.015250713451990805,-99.0,-1.342097125448169,0.02249710173344399,0.36147959843362004
1444950,235913.51-000705.4,22.969250431955054,0.10257086347230882,0.5586069475298627,-1.9299646365551566,0.11678127799393445,0.3341280165284491
1417726,012609.87-002923.3,23.714158300715717,0.01013440089394635,-1.0,-0.9681774960064873,0.0316254495712327,0.48775923672474597
1433117,003819.57+010251.7,24.12725293139109,0.0069015287010376625,0.6340888730259466,1.0944596162431734,0.03744199191091635,0.5829730775358002
1443121,000535.27-000221.5,22.547275409408464,0.008073177440959256,-99.0,-1.4301687212323944,0.026211695409442015,0.3403327674149473
1452402,230428.61-002014.7,23.003998439588834,0.015453167802226275,-99.0,-1.2860554189930293,0.03294775879103973,0.4032365557528129
1422086,011250.78+004428.8,-1000000000.0,-1000000000.0,-1000000000.0,-1000000000.0,-1000000000.0,-1000000000.0
1402756,021013.64-001200.5,-1000000000.0,-1000000000.0,-1000000000.0,-1000000000.0,-1000000000.0,-1000000000.0
1447497,234100.56-005201.0,23.249677560778828,0.013362498703664016,-99.0,-1.3849688960606943,0.026808484338606053,0.3227616366872892
1465388,212602.87-001209.5,23.354429858935752,0.006051736854661982,-99.0,-1.739468513405332,0.025516686522995102,0.5565236565062395
1445206,235733.60-003137.2,23.410018966126422,0.013556739085229808,-99.0,-1.4076162170655344,0.022249597064288085,0.2570463177815635
1411027,014507.86+011306.4,22.964074654028757,0.016667309597968583,-99.0,-1.25787888221434,0.04610810277892241,0.276028573275132
1445552,235528.03-000722.4,22.54304793264931,0.003912291586729566,-99.0,-0.8996330137004849,0.013251613199747103,0.6095825814526673
1453247,225816.28-002602.8,-1000000000.0,-1000000000.0,-1000000000.0,-1000000000.0,-1000000000.0,-1000000000.0
1450768,231654.02+000837.3,-1000000000.0,-1000000000.0,-1000000000.0,-1000000000.0,-1000000000.0,-1000000000.0
1446175,235126.65-002915.0,-1000000000.0,-1000000000.0,-1000000000.0,-1000000000.0,-1000000000.0,-1000000000.0
1402590,021041.87-001416.1,23.52473208659662,0.01685630336202948,-99.0,-1.2866121400514885,0.03874575551644277,0.39464279945765474
1453101,225928.44-003815.3,21.364682507847398,0.0,0.10487181216694777,-1.3401554188736355,0.0,0.3593346894030907
1426918,005723.51+004057.7,-1000000000.0,-1000000000.0,-1000000000.0,-1000000000.0,-1000000000.0,-1000000000.0
1451098,231428.54-011331.9,22.656905175439697,0.004330012681537099,-99.0,-0.37748450100694164,0.0114431897404699,0.2041015338951777
1445609,235509.19+011101.1,23.88339781581707,0.026652978899539548,-99.0,-1.5284319933467954,0.05656657519465069,0.3973007480817318
1440679,001348.15-003541.5,23.248601554482995,0.055287817403018025,0.05689671746673987,-0.7568643590677917,0.0613250426333985,0.28752481883643527
1460933,215859.35+010147.5,21.014943693029984,0.002543991498793474,-99.0,-1.6491404478341174,0.004786028139105336,1.5532570421481096
1414318,013544.72-005358.5,23.094865987910715,0.015572132408676609,-99.0,-1.6946655076452077,0.025689037375151158,0.22093649470332263
1418037,012512.82+000855.0,22.509902913452798,0.006101855021105607,-99.0,-1.061981007303522,0.0706741499167548,0.2718463708849144
1399256,021951.17+001224.2,23.396273949119752,0.014035370402343261,-99.0,0.01610481414173215,0.04406674144824009,0.3627150854626948
1388234,025005.69-004054.9,-1000000000.0,-1000000000.0,-1000000000.0,-1000000000.0,-1000000000.0,-1000000000.0
1433031,003834.30-001934.6,23.25899124878989,0.011802593700274144,-99.0,-1.327967176472208,0.04557394901204126,0.3273675439980635
1448612,233307.84+004814.6,20.464942218948444,0.0,-99.0,-1.2639878256467285,0.0,1.338355795753522
1399394,021930.48+002205.2,23.578968831151265,0.016253454476213847,-99.0,-1.6623341292616667,0.05472566053349148,0.4308966188323387
1449721,232437.39+001225.6,22.184477477892493,0.009183494891900068,-99.0,-1.5261862153831793,0.018987775266331886,0.31375763177804494
1441491,001058.20+004521.5,23.07934340916328,0.033396126808984405,-99.0,-1.4916717999056446,0.0877094235515532,0.38387837485084425
1449596,232536.23+001908.5,22.086069608872542,0.031145207288592047,-99.0,-0.5702859219525038,0.011142874224068566,0.45460951457111665
1430240,004639.86+000732.1,21.432785005108776,0.003752602791973203,-99.0,-1.3975689687562776,0.008990400808381094,0.7755205253108765
1429470,004856.34+005648.1,20.55016145736034,0.0011768811482770758,-99.0,-1.4927765818482075,0.0019979070800880683,0.7215198844126903
1449629,232523.40-005058.9,-1000000000.0,-1000000000.0,-1000000000.0,-1000000000.0,-1000000000.0,-1000000000.0
1433850,003604.90-011302.9,22.52941049290849,0.0057668655099973876,0.3745442725992126,-1.700908123425246,0.024730013978027765,0.3160188331428367
1449956,232250.68+010706.8,23.231870440905475,0.02452346266577976,0.04524872827942141,-0.993364321040251,0.05600477232111162,0.19705669716286953
1393234,023616.14+002204.0,22.846628348808643,0.011371417380088289,-99.0,0.22952604827767775,0.044000864999783895,0.6699835430684735
1449536,232605.63-003521.6,23.69464807601252,0.017256423205660454,0.4059085512554605,-1.2338779078050344,0.062172762118786196,0.18236768451004604
1452692,230214.11-000427.5,22.726672036229736,0.020265967448711564,-99.0,-1.07870168497365,0.04321084756300353,0.3416817392549743
1404898,020413.12+003135.3,22.812156618915374,0.055111500947431225,0.1715549924873213,-1.6103845808705821,0.0926494051355028,0.3146116440042385
1424817,010411.15-005230.9,-1000000000.0,-1000000000.0,-1000000000.0,-1000000000.0,-1000000000.0,-1000000000.0
1441439,001110.75+003029.1,-1000000000.0,-1000000000.0,-1000000000.0,-1000000000.0,-1000000000.0,-1000000000.0
1447195,234336.15-003955.4,20.845302725320217,0.0027865264566884207,-99.0,-1.1946161246308309,0.009363947147974394,0.7813134502883705
1463024,214259.20-005807.3,-1000000000.0,-1000000000.0,-1000000000.0,-1000000000.0,-1000000000.0,-1000000000.0
1459432,221040.70+002817.2,22.495200281074666,0.00836774266772089,-99.0,-1.1251543576716796,0.018117288912918306,0.3017068488670157
1417334,012721.06+002947.1,-1000000000.0,-1000000000.0,-1000000000.0,-1000000000.0,-1000000000.0,-1000000000.0
1432016,004135.02-004331.8,23.174471491284798,0.02472199366384764,-99.0,-1.1700267757917167,0.06483282950833313,0.2418133518006017
1450110,232146.17+010844.1,-1000000000.0,-1000000000.0,-1000000000.0,-1000000000.0,-1000000000.0,-1000000000.0
1463847,213655.57+000906.4,22.592929217359362,0.005184704213965219,-99.0,-1.2885992637400876,0.018962059956857402,0.29037725598734326
1401935,021239.91-000651.4,23.551912625460766,0.01135912821841778,-99.0,-0.5158545387750859,0.029615440615931854,0.3801178347390648
1447220,234322.96+010729.4,-1000000000.0,-1000000000.0,-1000000000.0,-1000000000.0,-1000000000.0,-1000000000.0
1440232,001518.36-010000.1,22.621906267954735,0.01858334289401853,0.07586140578584313,-0.9360931395791514,0.07694801397492773,0.4231539452617258
1443830,000316.31-002148.9,-1000000000.0,-1000000000.0,-1000000000.0,-1000000000.0,-1000000000.0,-1000000000.0
1438299,002142.73+000119.3,23.251008408322953,0.015604700469138422,-99.0,-0.8579945680637353,0.04811146660725568,0.4592739975027596
1419997,011918.81-004129.2,-1000000000.0,-1000000000.0,-1000000000.0,-1000000000.0,-1000000000.0,-1000000000.0
1438314,002139.30-003154.5,20.83208446723092,0.0032432644040536474,-99.0,-0.6095233493088239,0.005545677478083988,1.3310352374092032
1463648,213825.67-002254.0,22.639634575474055,0.009649992784321881,-99.0,-1.270008420771327,0.03352166950006863,0.4424121743107767
1465858,212257.37+004923.5,22.744582565718126,0.00812694997386565,-99.0,-1.1498103969377054,0.026440122891720597,0.32869343751859664
1437612,002358.10-004224.6,22.940856589915533,0.03125480816017934,0.21383216412157063,-1.3544198254688244,0.05246456694774393,0.2911145487295837
1439915,001617.97+001020.8,-1000000000.0,-1000000000.0,-1000000000.0,-1000000000.0,-1000000000.0,-1000000000.0
1465298,212645.10+003836.3,22.799247822596605,0.005293977297915475,-99.0,-1.844041547279926,0.03215370858860034,0.3873610914347553
1425234,010253.02-001956.6,22.55281363242252,0.0017897342990380594,-99.0,-1.6635780671939955,0.014142426279385,0.3459927262536164
1410939,014525.36+000839.8,22.386091072781475,0.010515813654681239,-99.0,-1.2081983791198887,0.014163652945044958,0.21021693685424667
1420771,011703.86+004222.8,22.701127139660265,0.012425153639101794,-99.0,-1.2917912417452047,0.05435261667404667,0.36685641595104707
1434129,003517.63-011338.1,-1000000000.0,-1000000000.0,-1000000000.0,-1000000000.0,-1000000000.0,-1000000000.0
1402636,021035.46+004617.4,23.162456892179613,0.017969179012871095,-99.0,-0.2845196236588734,0.06786137831087775,0.4131712596368752
1414696,013443.31+003014.5,23.24174039816743,0.0,0.6809770926878554,-2.0113650728874646,0.0,0.3000119236422721
1403874,020705.71+003641.1,-1000000000.0,-1000000000.0,-1000000000.0,-1000000000.0,-1000000000.0,-1000000000.0
1445457,235604.33+002733.0,20.652954319579045,0.0,-99.0,-1.3751918700851835,0.0,1.2885787876905364
1434525,003406.46+001538.3,23.191529558160703,0.030805090790737566,-99.0,-1.1372610225287056,0.06233228553267911,0.32915379318636007
1461154,215728.08+002309.3,23.021524459504526,0.0,-99.0,-1.1335142907343156,0.0,0.6175732020982257
1406263,020009.86+003337.2,22.728386094737637,0.0022547748365120412,-99.0,-0.06362025284542039,0.02169828424768104,0.5413307661177513
1435737,003007.34-004729.1,-1000000000.0,-1000000000.0,-1000000000.0,-1000000000.0,-1000000000.0,-1000000000.0
1431688,004228.45+001703.7,22.332696773909483,0.013924127897402272,-99.0,-0.7843965998916387,0.023377080831567143,0.6125831619574491
1412698,014034.75+005023.2,22.99857163240491,0.0051243646205545446,0.14588252158616802,1.0190185517856092,0.006600832064733164,0.4054113432893207
1407738,015514.57+005243.6,23.4677294990477,0.043192037968378116,-99.0,-1.1000209527530669,0.07267239815607407,1.0701949855167592
1424881,010358.76+005541.3,-1000000000.0,-1000000000.0,-1000000000.0,-1000000000.0,-1000000000.0,-1000000000.0
1447045,234500.93-003203.5,-1000000000.0,-1000000000.0,-1000000000.0,-1000000000.0,-1000000000.0,-1000000000.0
1438019,002241.10+005628.0,22.78991959402203,0.0183194595438696,-99.0,-1.3105966060328655,0.06256067340527416,0.5543229889134148
1410163,014744.04-000233.2,22.52704966840289,0.0,-99.0,-1.2400365628903627,0.0,0.3819393899451465
1436916,002621.64+004121.7,-1000000000.0,-1000000000.0,-1000000000.0,-1000000000.0,-1000000000.0,-1000000000.0
1452821,230123.71-003745.0,22.45714044213461,0.017945783170185692,-99.0,-0.9942758620402294,0.023616473719708986,0.8784750902043662
1420113,011901.34-000707.8,-1000000000.0,-1000000000.0,-1000000000.0,-1000000000.0,-1000000000.0,-1000000000.0
1418985,012215.95-004135.4,22.98578861513797,0.01939208803093173,-99.0,-1.925208313370204,0.026865520684714705,0.5117946861649583
1439851,001630.74+003235.6,21.244792674868073,0.002195422682929049,-99.0,-1.1140946490871815,0.008570154539800146,0.4704436516319966
1462540,214620.51-011142.4,22.731571240219104,0.011074623378224402,-99.0,-1.8718487280572331,0.02395498581592226,0.5942065031707195
1437734,002334.59-002121.1,23.366782779176738,0.02917316719887708,0.5154271605625046,-0.42404192880247216,0.025344562631626655,0.6513699102542044
1411112,014453.42+002821.5,23.289632030611195,0.0,-99.0,0.15972839803979877,0.0,0.40737191742259177
1465742,212343.56+005750.8,21.65605770823864,0.00019904756228150688,-99.0,-1.026341682583137,0.004589503423451435,0.5082700207544224
1449602,232531.75-004419.1,-1000000000.0,-1000000000.0,-1000000000.0,-1000000000.0,-1000000000.0,-1000000000.0
1463656,213822.14+005757.2,22.955093277828787,0.016668094556662183,-99.0,-1.3402799820101503,0.03678952111728884,0.4839507716520153
1412014,014220.55+005718.6,22.525867240926694,0.005526774806305923,0.27854830278062,-1.1572519247808635,0.007552327066673636,0.42437038147512596
1406587,015900.79+001308.8,22.673765254191757,0.003964824273339218,-99.0,-0.2063240428849964,0.043973752474320615,0.434356611740646
1421457,011451.86+002552.9,23.99408411264867,0.04871694259395376,-1.0,-0.941342315149857,0.07119120744752105,0.1893503251527716
1394135,023337.85-010436.8,21.881302936739125,0.009082114833898203,-99.0,-0.46852278207562037,0.025002841865676223,0.5466686958235962
1443474,000429.47-002142.8,-1000000000.0,-1000000000.0,-1000000000.0,-1000000000.0,-1000000000.0,-1000000000.0
1412116,014204.02+005112.5,23.613174826161234,0.021367644183589718,-99.0,-0.6968062031722084,0.05055708736858472,0.2952817992003404
1447242,234309.65+001325.7,23.22579442126557,0.019566837334163978,-99.0,-1.6000301635560898,0.03746946500210224,0.6629373920820593
1389307,024657.13+002931.9,22.682945722237697,0.008793268694908818,0.4364851477605514,0.5939953231634485,0.01906414332175066,0.8420117782292459
1424020,010634.45+000018.9,21.93542401117093,0.0,0.29516956404877925,-0.7132525950010304,0.0,0.4792486910847102
1397226,022519.50+004823.7,23.78972925639085,0.025074498718948846,-99.0,-1.8614453636722912,0.051245753181363485,0.39239369888819
1443122,000535.23+000021.4,-1000000000.0,-1000000000.0,-1000000000.0,-1000000000.0,-1000000000.0,-1000000000.0
1434459,003418.01-004517.4,22.10418580430258,0.00327570340856731,-99.0,-0.8185110062610343,0.007625056287643317,0.34419903305190513
1403525,020801.18-003917.5,-1000000000.0,-1000000000.0,-1000000000.0,-1000000000.0,-1000000000.0,-1000000000.0
1423955,010645.89+005612.4,22.560956539703675,0.019252134602023574,-99.0,-0.9150024772911092,0.039068162983817045,0.5451638415610002
1395921,022852.65-002921.4,21.8350528828525,0.0039731734585757295,-99.0,-1.214680251127724,0.009398311051504238,0.3588366787405274
1433839,003607.34+005509.2,23.028297292225822,0.012819428043098213,-99.0,-1.3873777364275721,0.033084077315728266,0.33479845941437686
1391093,024220.73-002059.7,20.750254861839487,0.004167772744079201,-99.0,-0.98448834700286,0.010164934333998898,0.5784068898656165
1390291,024431.72-002542.8,22.79372211030317,0.008836583144047339,-99.0,-1.4442839844692914,0.01594795345475164,0.6930651325351906
1421252,011533.63+005858.3,20.586787076924274,0.0006822999232447557,-99.0,-1.049351155422221,0.0015016280216754163,0.3949713862481388
1459288,221145.54+001105.3,22.924977817616586,0.017342924121290793,-99.0,-1.4259800446657023,0.0470517918635831,0.36731021927158175
1464933,212924.86-000734.2,21.811341906239967,0.006724922790617427,-99.0,-1.0977363737049521,0.020027964461202252,0.5826997753686027
1392647,023805.37-001652.1,20.817951415868855,0.0,-99.0,-1.1368901080217246,0.0,1.3497489583694924
1450214,232104.91+005300.3,-1000000000.0,-1000000000.0,-1000000000.0,-1000000000.0,-1000000000.0,-1000000000.0
1445762,235403.25+001728.1,-1000000000.0,-1000000000.0,-1000000000.0,-1000000000.0,-1000000000.0,-1000000000.0
1429021,005026.83+002041.9,23.168930221640004,0.0030246239326636726,-99.0,-1.8502247714842972,0.0180321266212784,2.2969393664464994
1394058,023351.38-001809.0,22.814701330948573,0.004856447150567433,0.31831119973163463,-1.9085308515396102,0.044444001158475355,0.5021543874474542
1424199,010605.35-005950.8,-1000000000.0,-1000000000.0,-1000000000.0,-1000000000.0,-1000000000.0,-1000000000.0
1430781,004505.54+003142.7,-1000000000.0,-1000000000.0,-1000000000.0,-1000000000.0,-1000000000.0,-1000000000.0
1426974,005713.01+004205.7,21.205884084031105,1.819224343613257e-05,-99.0,-1.1260088072136756,0.0,1.28621709607365
1451595,231044.44+002222.2,23.734449494461835,0.022895522304420268,-99.0,-0.8623209639839828,0.05254788235266533,0.35624478553994204
1410576,014629.19-000634.3,23.805687651775862,0.016501031705011826,-99.0,-2.09623751213361,0.024550479515453083,0.3790671533762711
1416941,012822.40-004656.4,-1000000000.0,-1000000000.0,-1000000000.0,-1000000000.0,-1000000000.0,-1000000000.0
1422692,011045.66+001157.6,22.803180310669156,0.013585093607231258,-99.0,-1.23563334366952,0.037298845415911885,0.5070260419432308
1407176,015706.03-000319.8,22.497255631565345,0.0029503894038018785,-99.0,-1.2618723817775526,0.00509623769750589,0.5107525476033592
1411237,014434.01+005141.9,23.50147290363298,0.014513056430196514,-99.0,-1.2672485407704723,0.024841477928979394,0.7434539047648392
1394319,023309.00+001546.7,21.031626069401263,0.00017236991326718965,0.10030128524952675,-0.44057673225070104,0.001053237667363316,0.5958848811212498
1417650,012625.38-004019.5,23.24819519303123,0.01625093149734802,-99.0,-1.0976744974216035,0.03185540819544619,0.26556966447567765
1446408,234945.10-010236.3,22.146565232967184,0.003092503856256812,-99.0,-1.2646946367627079,0.019172278503996276,0.4064064094796535
1403896,020701.30-010232.1,21.17219568076157,0.0003825798347545373,-99.0,-0.7424800684567252,0.0020167204971843766,0.4203378884961378
1441633,001025.73-005155.3,23.113071830000443,0.04365199523333807,-99.0,-1.2813271991290391,0.05978913256170382,0.5202161884124571
1393184,023627.57-011010.0,23.47546578568228,0.012805268373190515,-1.0,-1.1190358314132656,0.07084162557349338,0.3544705007349579
1459226,221210.39+004710.6,-1000000000.0,-1000000000.0,-1000000000.0,-1000000000.0,-1000000000.0,-1000000000.0
1424614,010449.79+002409.6,22.614160060300584,0.019142046064022367,-99.0,-0.9260288448547644,0.043351294895419334,0.4972654148861102
1391967,024002.02-010406.9,22.83689222017241,0.008332265731416655,-99.0,-1.0610399047590802,0.014544395069999994,0.6382829176072451
1440135,001535.71-001114.3,20.8395977742449,0.0027895291234170116,-99.0,-1.5220719176102278,0.008054065480260886,0.799571688466919
1423003,010940.73+005159.0,23.674594467323935,0.0705323385301515,-99.0,-1.0968592724814559,0.12872306510859632,0.15581293166800939
1430728,004514.66-004621.7,22.94520568245938,0.017964880072698364,-99.0,-1.6766549731043479,0.032707702774531056,0.5583490154313875
1423703,010732.24-002744.0,22.94253915554099,0.0267043106984044,-99.0,-0.2577052643036941,0.030043749276483206,0.3421807028655693
1445815,235343.09-004904.3,23.759412461402242,0.003687203315454468,-99.0,-1.5324580200976676,0.006884798230490707,0.4956222054278908
1400519,021624.10+000528.3,23.25169924875828,0.0031903861222648544,0.08596191260540677,0.0866522628166706,0.05690587493168664,0.4719326286414073
1440920,001259.03+002238.8,22.918022545777227,0.025691366764686308,-99.0,-1.3116350715772662,0.05596178008010366,0.3507952501645273
1434956,003240.15-010331.4,21.456001179171345,0.012543544649217253,-99.0,-0.04234002435535267,0.012138247515599259,0.5805904650001679
1431400,004316.85+001008.4,20.794264369062653,0.0017973608498067506,-99.0,-1.7618363931051686,0.006505958282794766,0.40180392508064744
1433369,003735.98+000613.2,-1000000000.0,-1000000000.0,-1000000000.0,-1000000000.0,-1000000000.0,-1000000000.0
1442251,000820.37+001701.5,22.408512788254008,0.015132930134909017,0.09727444658407544,-0.910633951109574,0.03298104207179492,0.3088372961574557
1390985,024235.83-001906.0,22.546195575154492,0.023942121653854898,0.2926414064791352,-1.1270016122516644,0.02055391100158277,0.3270120813484098
1433565,003655.13+010401.0,22.25617880198103,0.022857673876295337,-99.0,-1.0668225263807747,0.048034651646661874,0.20420817617557255
1462721,214457.81-005313.2,22.537221417228473,0.003048134916721068,-99.0,-0.004583975442395527,0.015667142362672765,1.4860278419571262
1442614,000710.01+005329.0,18.667617271122218,0.005983650941132623,-99.0,-0.9215030420511052,0.008430701393991491,3.6308527421797563
1445261,235713.98-000820.3,23.44666208285998,0.013645646125368671,-1.0,-0.8216678186471515,0.03080137786848247,0.9938264294613043
1433258,003756.25+010949.1,23.27851929956085,0.02649374662669679,-99.0,-0.764345450488709,0.09358977024210002,0.29968045247445846
1445132,235804.60+004219.2,21.69063749635942,0.002439084378087486,-99.0,-1.0925270977860628,0.005501438464234343,0.3828551979441179
1446393,234954.38+003128.9,21.691739076028902,0.009391773529872083,0.2132004100431676,0.02250179034999178,0.013017129734125188,0.5770292190980565
1466644,211640.77-002959.7,23.695131999784884,0.016193219848092966,0.270856583716027,-1.3026879938221327,0.06240678208711503,0.23279469864152957
1452927,230040.94+003512.7,23.198403836231428,0.008006454255262696,-99.0,-0.4116406985859413,0.09774685583575815,0.22014333196663258
1394028,023356.65-011159.2,21.2564249414746,0.0022003036492712624,-99.0,-1.6156648953126798,0.006173713950985649,0.624283567176903
1464860,212953.62+005423.8,21.875543301866678,0.014622912758861517,-99.0,-2.4917811682915625,0.046782834192305556,0.5915085652980206
1448047,233703.70+003812.7,21.92110281550027,0.03551007277708962,0.31071849029875553,-0.6001807235681076,0.0358075449641872,0.40047300949337367
1423222,010900.69+003514.4,21.71969610749546,0.0,-99.0,-1.1965146542449019,0.0,0.4502646907598842
1435087,003216.66+000501.8,22.99909660018192,0.03803788997681856,-99.0,-0.954791968488502,0.07108475858859253,0.24348776148973306
1394691,023206.77-002855.0,23.19681304888787,0.010681662011249315,-99.0,-1.2544727179789326,0.06217197975271238,0.43352099147168827
1409308,015019.43-004952.7,22.920258998404343,0.017682109504937316,-99.0,-0.9967402918281092,0.04415698262044804,0.22513178478449902
1405609,020207.11+010151.1,22.430507742050345,0.0,-99.0,-0.08197591302351714,0.0,0.512454571019407
1412909,013956.79+004540.6,22.749255865177197,0.0,0.48140649995417756,-0.6647016648818918,0.0,0.7080815637844651
1446387,234955.36-002920.7,23.25683383593448,0.015063575657325856,-1.0,-0.8270207096521505,0.05500638568399929,0.3425046219615689
1408080,015410.55-001908.1,21.982679030901444,0.012280713764782902,-99.0,-1.1671804371159515,0.023867941770641665,0.5922232874089723
1399830,021816.25+010534.0,23.168790724155336,0.027678834507520733,-99.0,-0.09947538135125722,0.03904381519305476,0.3222509188783884
1388275,024958.84+011338.7,-1000000000.0,-1000000000.0,-1000000000.0,-1000000000.0,-1000000000.0,-1000000000.0
1446611,234821.15-010750.3,22.488090191945112,0.009726430848768786,-99.0,-1.3954606251731954,0.0587599638393872,0.31021412391783143
1409059,015105.61+000852.1,22.57042358391866,0.009194388495181727,0.2157472170183773,-1.5011211131860955,0.020506995286448504,0.2622111953525781
1426610,005824.83-004459.4,23.01528878047329,0.021296459097346343,-99.0,-0.35289917325595965,0.03892013928177779,0.39951873979117897
1464829,213004.76-010244.4,19.50495213762563,0.0,-99.0,-0.9206271109637623,0.0,4.80135889288521
1443112,000536.29+000922.7,22.62463746936377,0.012114121537161182,-99.0,-1.0607596082484565,0.030127140285934273,0.4157105784093518
1400705,021553.72+010953.8,22.42034051419106,0.008599326896048254,-99.0,-1.495306554692752,0.021909271721682666,0.46953087599719695
1417993,012520.49-003233.9,23.18895380942711,0.016704518002921276,-99.0,-0.8049128464430808,0.032304279868384356,0.5044162753283911
1447619,234007.97-001527.4,23.01328698586098,0.03135750847034657,-99.0,-1.6734670862820442,0.06543494761506086,0.23597511247029956
1441058,001228.53+001323.8,22.73111392340501,0.00034137591704563874,0.22293154736111737,1.0733355750539015,0.012570493385296366,1.9849116194203604
1447816,233839.11+001807.7,23.166926986232717,0.014698190064379446,-99.0,-0.8051139563744796,0.06799879914562967,0.30672795524408325
1390842,024300.05+010828.6,22.782332094456315,0.01344533825055727,-99.0,-1.3585998975404623,0.043407507337555495,0.7387534245203312
1420219,011844.72-001752.8,23.279587373907823,0.026555141727397924,-99.0,-1.6316859963357637,0.04741585385495939,0.3094024387463218
1448156,233615.94+010837.5,-1000000000.0,-1000000000.0,-1000000000.0,-1000000000.0,-1000000000.0,-1000000000.0
1426152,010002.05+004733.4,21.65744181363811,0.00521305844057629,0.3174176659310014,-2.063243702321027,0.057167173575205954,0.42237051766580863
1434926,003247.53+004902.3,-1000000000.0,-1000000000.0,-1000000000.0,-1000000000.0,-1000000000.0,-1000000000.0
1452458,230406.65+005236.8,23.028936703253642,0.015219320934525271,-99.0,0.17559613326611512,0.031971921622287236,0.45617072216218657
1428530,005205.57+003538.1,17.915213521648404,0.0015843576568563833,-99.0,-0.7907316718261077,0.0020541398426960344,2.686164544295423
1453076,225937.63-004204.3,22.50314383486687,0.008337525917250233,-99.0,-1.2296727156582672,0.019889311524721287,0.19700092135306704
1416141,013044.80+002325.9,-1000000000.0,-1000000000.0,-1000000000.0,-1000000000.0,-1000000000.0,-1000000000.0
1439839,001632.43+001421.6,23.171795896249215,0.029950655170658536,-99.0,-1.450789850221648,0.055646476318799265,0.6529283357290635
1431122,004405.37-003901.0,-1000000000.0,-1000000000.0,-1000000000.0,-1000000000.0,-1000000000.0,-1000000000.0
1447903,233806.61+000631.2,21.827287858870683,0.002780481423600989,0.1340042213964521,-0.32336763620368547,0.004250831687947265,0.5790208433677294
1458950,221410.92+004524.3,-1000000000.0,-1000000000.0,-1000000000.0,-1000000000.0,-1000000000.0,-1000000000.0
1411094,014457.01-002029.9,23.458319703450393,0.013564804367200978,-99.0,-0.5208615754234991,0.006797693174591446,0.549435073691342
1403806,020713.99-001350.9,22.904268294786384,0.025097827385511806,-99.0,-1.8899481776700684,0.06041341462190686,0.362946239846583
1448173,233609.32-002515.8,22.7163180486099,0.010561197507046316,-99.0,-0.27511578488572574,0.01235827630278176,0.8896221345672898
1457507,222514.26-010949.5,21.162963996549543,0.0,-99.0,-1.1211466112194417,0.0,1.5754950182320129
1400518,021624.39+010503.4,-1000000000.0,-1000000000.0,-1000000000.0,-1000000000.0,-1000000000.0,-1000000000.0
1452978,230022.57+003017.8,23.063955885469205,0.020247909815322984,-99.0,-1.02792999133788,0.0351858915726494,0.7600081674773553
1409326,015016.43+005701.9,20.07619047923088,0.0,0.590053266253442,0.3524952927047327,0.0,2.180538781361639
1435342,003127.26-000432.1,-1000000000.0,-1000000000.0,-1000000000.0,-1000000000.0,-1000000000.0,-1000000000.0
1445169,235748.98+011011.0,23.476080951454826,0.02320339944918537,-99.0,-1.1246240360265056,0.049190885226947145,0.5793144527883812
1412522,014103.40+010314.2,23.178120777095664,0.015008045240749723,-99.0,-1.0863394653637117,0.03266010390755125,0.29329871263291296
1426057,010019.72-004038.3,23.49603192491096,0.020784769951109894,-99.0,-1.0129229386352487,0.07474420477500138,0.3561951861656797
1438671,002021.99-011106.4,22.394144185179748,0.001071235579974683,-99.0,-0.4409446297205477,0.013672356480428638,0.6266578119116211
1408909,015135.93+004814.0,23.026079694336282,0.007608980923148323,-99.0,-1.1444188405412365,0.02651136329132231,0.5124339563611797
1459290,221145.17+002640.6,23.426753321464368,0.014849256281070922,-99.0,-0.7013535399084496,0.037849688771002254,0.7412129802018017
1442232,000823.13+002437.4,23.13063812222753,0.026603188758134166,-99.0,-0.7970837849163788,0.048081133536095055,0.22805840965830207
1437876,002308.75+002239.7,22.177467416797874,0.011524549964461173,-99.0,-0.8758769723914188,0.025742286434278616,0.5561008507088826
1448271,233528.94-010639.4,21.598593672806125,0.005706806408554144,-99.0,-1.096252362685946,0.014365905437133675,0.4194725969501916
1395112,023059.70-000550.5,22.253827658119725,0.011276131198183492,-99.0,-1.3833738051717992,0.022903052938248458,0.3648728881413503
1399002,022033.89-004656.3,23.545368228303097,0.003841575271170683,0.19681594091578572,-0.6229139972592561,0.03238917154525911,0.27395617396568267
1431206,004349.50+003930.2,-1000000000.0,-1000000000.0,-1000000000.0,-1000000000.0,-1000000000.0,-1000000000.0
1401165,021434.98-002433.0,22.439136768421413,0.009130679872804137,0.30204649822432794,-0.7424065024430915,0.0346249552847131,0.7826447290468759
1418910,012228.72-001332.0,-1000000000.0,-1000000000.0,-1000000000.0,-1000000000.0,-1000000000.0,-1000000000.0
1413951,013652.12-004027.8,23.704227045876657,0.021408880807873842,-99.0,-1.6671957891723266,0.056952950085582876,0.31011700133407444
1429223,004950.91+000330.1,21.640907297470527,0.004064196779083318,-99.0,-0.8758560411014917,0.015346614564921535,0.5119668158412921
1446541,234852.68+000245.9,22.815989508673788,0.016117814491849458,-99.0,-0.41271636703539194,0.03046050161117822,0.906265344093577
1417524,012649.56-004726.4,23.20813232192382,0.012281501179298715,-99.0,-0.9991799727187125,0.05934450626972454,0.19674350300957574
1394667,023210.47-000752.8,20.290254517489892,0.0003108002183260794,-99.0,-1.7541391561095416,0.0012503501786921278,1.4382535871359292
1464764,213029.26-005243.6,20.684164808836634,0.00023989612898844825,-99.0,-1.4133857546254518,0.0015759814646629788,4.453600318897725
1405633,020202.64-001009.2,23.164087653647023,0.03315478725012255,-99.0,-1.48063620339203,0.06065728250755931,0.335156351404079
1450792,231645.06+001114.8,-1000000000.0,-1000000000.0,-1000000000.0,-1000000000.0,-1000000000.0,-1000000000.0
1400339,021657.56-003259.1,22.484802955660548,0.027591712419150483,-99.0,-0.3414651200302474,0.06887255879957498,0.8572539039146796
1428383,005236.58+000855.3,21.63658695817606,0.006182360113431429,-99.0,-1.011076540671759,0.012034950974554537,0.4311883362363524
1406372,015945.92+000521.4,-1000000000.0,-1000000000.0,-1000000000.0,-1000000000.0,-1000000000.0,-1000000000.0
1426517,005845.80-002007.4,22.875330611899123,0.020452627631053488,0.4274049695264955,-0.9369871983627238,0.05704720450241263,0.2037251156703296
1437578,002405.48+004706.7,23.45180895395182,0.023142179981050504,-1.0,-1.0015871121368076,0.07844307101379233,0.4779238064806561
1447235,234314.13-003040.8,23.07512538324081,0.03596591493553625,-99.0,-1.0260262341872601,0.07276776382090167,0.3956312072303239
1437283,002503.92-001226.5,23.45857593469909,0.022892020478719743,-99.0,-1.3716910293203557,0.046440231299790025,0.5909228898742569
1444610,000041.87-001207.2,22.432007154239564,0.019915439991260442,-99.0,-1.424662390695449,0.02128841148785121,0.9688306079034372
1402145,021202.50-004330.1,-1000000000.0,-1000000000.0,-1000000000.0,-1000000000.0,-1000000000.0,-1000000000.0
1417614,012631.94+003045.1,23.105970304062403,0.01292330178095824,-99.0,-1.197592464266815,0.04574876389663185,0.2877514945878181
1396882,022614.49+004706.7,22.873591609368425,0.009404363330087762,-99.0,-1.5891007892232847,0.027311990810573672,0.3279506486935391
1465350,212620.23+003709.8,21.900488564976236,0.007212702403425197,-99.0,-0.9177847171058531,0.014923950705266642,1.6576922953133646
1402203,021152.71+000200.7,22.379290055473028,0.003000675105866435,-99.0,-0.764089853493708,0.009343430793041008,0.7473123197837884
1400682,021558.40-011136.0,19.3152507637624,0.0005897816687117086,-99.0,-1.4318807573379093,0.0020520923320510587,1.2994246116229742
1462986,214318.10-003513.7,22.368740578890574,0.0042412091051957646,-99.0,-0.5985371475469172,0.016015370055283362,0.5440186008977618
1433339,003741.99+001137.3,22.300048144716435,0.003286126820896129,-99.0,-1.5677423277404579,0.011265831025196626,0.6109557664947748
1429840,004746.57-004350.7,23.216486945632845,0.03217711519781119,-99.0,-1.163796398073376,0.07344420126792961,0.2994968458056627
1398423,022205.54+004335.2,21.439976521341087,0.005540920457143272,-99.0,-1.2967120620931327,0.006463749188235224,1.1965512412061519
1446620,234819.19+005717.5,22.683464818032924,0.01439082880804854,-99.0,-1.0651920288467993,0.03709138995556854,0.5805265137778994
1408732,015205.99-003921.0,22.436592777362073,0.002746126675461369,-99.0,-1.305217372511133,0.008636719294856321,0.32105090391790286
1410931,014526.11-001944.2,23.233426750721158,0.021341669009302677,0.39391537944943167,-0.36320317397846225,0.03337415409546693,0.30989896110051157
1410620,014619.45+003536.8,-1000000000.0,-1000000000.0,-1000000000.0,-1000000000.0,-1000000000.0,-1000000000.0
1446107,235149.78+004511.4,22.162007420374984,0.06314073598209902,0.052147475783822894,-0.3048968911921648,0.08640221033003734,0.3806413476308843
1407666,015529.33-010607.6,-1000000000.0,-1000000000.0,-1000000000.0,-1000000000.0,-1000000000.0,-1000000000.0
1452389,230434.89+000829.8,-1000000000.0,-1000000000.0,-1000000000.0,-1000000000.0,-1000000000.0,-1000000000.0
1416117,013049.68+010244.1,20.308792305579324,0.0,-99.0,-1.4051951819208819,0.0,0.7627126352552069
1463208,214143.33+010201.7,22.790148186352546,0.01750370252962874,-99.0,0.864227727067993,0.03555046262403322,0.4261740851120708
1464590,213143.59+001854.9,22.27482879225132,0.008346915613701711,-99.0,-0.5132866875671587,0.017659005090058855,0.35525838531048953
1396730,022639.89-011431.2,21.89545817127206,0.001270213607167392,-99.0,-0.8311281097882146,0.026570179585062803,0.33325408164790854
1411524,014342.29+000528.4,23.316228236465797,0.005244235428998323,-99.0,-0.5732221318803221,0.023325521960807283,0.3687647061338701
1426048,010021.63-000229.9,23.403555882493883,0.005588173420560949,-99.0,0.2507174283451805,0.031695656649676884,0.3753055962096757
1425553,010156.73+004259.6,24.112385448844485,0.1411214527930138,-99.0,0.9798290789015365,0.1382196758487697,0.5557505072598417
1456327,223402.64-003437.0,-1000000000.0,-1000000000.0,-1000000000.0,-1000000000.0,-1000000000.0,-1000000000.0
1409794,014850.02+003013.5,22.848937852986857,0.0,-99.0,-1.5590397795138498,0.0,0.7269432989298924
1414900,013415.38-010257.5,22.823999441535044,0.02207167745609695,-99.0,-1.3278766637206267,0.047269967952245695,0.6526300368861764
1398761,022113.14+010102.9,20.14593542210266,0.014819353347901298,-99.0,-0.7383806806568263,0.021357637046690303,1.3857643354562645
1448584,233318.85-000931.6,22.361202039610667,0.010562895462378208,-99.0,-1.3822149046031953,0.06025372078697544,0.47724281512555716
1410066,014801.08+001347.2,22.6254989228916,0.011654455229601624,-99.0,-0.7532802602757522,0.02702808271955265,0.2899218145774839
1426816,005743.78-001158.9,-1000000000.0,-1000000000.0,-1000000000.0,-1000000000.0,-1000000000.0,-1000000000.0
1450622,231749.55-011049.0,22.880456135271366,0.014357680597258948,-99.0,-0.5153258702966408,0.033561485385133566,0.34619053890842344
1451092,231432.38-001250.5,22.981059214000886,0.022260512738574434,0.2566832467349972,-1.0531221168914469,0.01727427769061829,0.22560167370958353
1441237,001150.10-002552.6,23.266001850128255,0.012289275938686117,-99.0,0.27136762009493864,0.05331791166669797,0.2723231142079167
1407531,015552.63-003913.9,-1000000000.0,-1000000000.0,-1000000000.0,-1000000000.0,-1000000000.0,-1000000000.0
1403449,020814.67+002600.5,-1000000000.0,-1000000000.0,-1000000000.0,-1000000000.0,-1000000000.0,-1000000000.0
1440459,001432.33+002617.9,22.911535105166656,0.01727491899189637,-99.0,-1.0694283377101566,0.027840048556476815,0.7127673054249924
1412880,014003.99-002541.7,20.50364621289132,0.0,0.1914083082948147,-1.9735865231899492,0.0,0.7109481068169373
1448754,233158.32+005123.1,23.236224695218702,0.01866953681024519,-99.0,-0.6731054254856046,0.034545699944773134,0.2359503419902277
1426345,005924.33-002320.4,22.516078183963536,0.004356025636971239,-99.0,-1.526938854443057,0.008775890914161755,0.31712289717828596
1464510,213222.84+000116.3,22.174190796376045,0.002481880221285593,-99.0,-0.9779291021528413,0.006488588234648596,0.7217578901893553
1418450,012355.37-002551.4,-1000000000.0,-1000000000.0,-1000000000.0,-1000000000.0,-1000000000.0,-1000000000.0
1411238,014433.81-005751.5,-1000000000.0,-1000000000.0,-1000000000.0,-1000000000.0,-1000000000.0,-1000000000.0
1449859,232335.24-004137.1,-1000000000.0,-1000000000.0,-1000000000.0,-1000000000.0,-1000000000.0,-1000000000.0
1410833,014542.93+004324.1,22.63906984512328,0.005808498120662975,-99.0,-1.5608853855572793,0.029107690949540355,0.39050741566646485
1458993,221353.50+001818.6,22.874292281385173,0.008305973844144887,-99.0,-1.495089056229932,0.030011704776785275,0.348340665101842
1407055,015727.97-004337.3,23.082880483215668,0.026776402192059123,-99.0,-1.4046918835648992,0.03461021476740267,0.7260465330573356
1448741,233203.32-010228.9,22.24321353024134,0.00599121231519284,-99.0,-0.14588244750037394,0.012438695215975154,0.7105551514640068
1466393,211850.55-010525.2,22.568857777112264,0.015138445965625635,-99.0,-1.5820950035853016,0.02772078711901982,0.3624904808108088
1430819,004459.49-001437.1,22.92454024367114,0.004778575489901016,-99.0,-0.2698275649557029,0.014007917763653524,0.5258530614759853
1411411,014404.62+011014.9,23.243284286609587,0.011075952178565274,-99.0,-1.231627718221402,0.03486849311282336,0.3020773225792982
1445502,235551.89+002135.2,22.33439665892977,0.009514892542163977,0.36721583622440157,-1.4110516751752011,0.020065069548753534,0.4544768701168414
1450497,231847.76-002110.3,-1000000000.0,-1000000000.0,-1000000000.0,-1000000000.0,-1000000000.0,-1000000000.0
1451030,231500.81-001831.3,21.14913469904021,0.00021426547292868747,-99.0,-2.0614281563636325,0.0008846595547533642,5.176618307188595
1431396,004317.18-003916.4,-1000000000.0,-1000000000.0,-1000000000.0,-1000000000.0,-1000000000.0,-1000000000.0
1443090,000543.16-004300.5,22.78680700638295,0.011500623259381726,-99.0,-1.8945974057446162,0.026604552223156608,0.6565414749574039
1418021,012515.30-010511.3,21.894525312278752,0.0,0.09861851874312236,-0.32006466462110694,0.0,0.4849791726732613
1459549,220946.90+001413.3,23.09947491164545,0.006925920155413934,-99.0,-1.1584476789540656,0.0010134980305779306,0.8645631074206045
1425973,010035.60-003420.4,22.84665780172427,0.015601251621655265,-99.0,-1.0380048284232828,0.03827893013286787,0.2889447725875647
1406360,015949.01-011320.9,22.32511237634929,0.012091124016597732,0.10482829798501687,-1.4189094207207371,0.031633593001767824,0.7560596598822927
1394684,023207.41+003347.1,22.469196820072973,0.0033237576975597705,0.2573476296088803,-0.23270670529593307,0.0072986889588087245,0.8725031298634105
1459962,220641.33+005938.2,22.79129257395781,0.0014261911884716483,0.38470882827313396,-1.691404494757538,0.02569458173313044,0.4761401506114529
1392713,023754.67+002645.1,23.708254365874815,0.1155638763452771,0.8112265006571423,-1.6622115620480291,0.17275242237270372,0.4166493687759615
1424005,010636.55+001713.4,20.018148975029682,0.0005512190080114721,-99.0,-1.1640753778674373,0.0034231903157062593,0.9870606305571252
1398301,022223.51-001518.8,23.372200275612165,0.002387006003274905,-99.0,-1.096740770134478,0.013225980554102845,0.5240937086327718
1397175,022527.01-010015.2,22.416907043936526,0.0051401134725903574,-99.0,-1.4019657489243698,0.01825229771590442,0.29722341117511863
1397545,022427.83-002608.9,22.174046693829034,0.005347626979856912,-99.0,-1.257844775254096,0.03189366530161686,0.5649973993500901
1417768,012559.21+001828.7,21.944552128606723,0.0060292651211835135,-99.0,-1.534711380359382,0.022915554654348913,0.17686261462913705
1425578,010153.48+001325.3,23.431987227578297,0.01805569322917755,-99.0,-1.0076507315536989,0.04667847579821505,0.5350136369972911
1393408,023543.36-001051.4,22.780439714607375,0.012102083145162368,-99.0,-2.254000806085464,0.04495506195611898,0.3111268761421821
1439158,001842.67+001546.1,22.41785479363866,0.006037055371042044,0.04432383209414771,-1.4992529357473758,0.02067188360854344,0.3643374778072997
1402239,021145.53-002544.1,22.83281971827801,0.009074203856993535,-99.0,-0.9638327079745039,0.015218868604564062,0.9569650959315148
1445396,235625.77+004620.8,20.817413295142025,0.001927136897297288,-99.0,-1.1481174758028003,0.004648662850323171,1.0366583544839918
1461124,215737.76+002424.7,22.78950174431518,0.015156458493237324,-99.0,-0.9716530500613567,0.010813073005253582,0.9019005912099209
1411148,014446.92+000735.2,21.890022494153833,0.007218843346015191,-99.0,-0.7336514659604862,0.02020378132435474,0.35325420482879205
1446007,235228.11+003653.7,22.17356566321056,0.004311618624024405,-99.0,-0.570544096798522,0.015625469387140156,0.2826556392789257
1414653,013450.27+003537.1,20.342348222458163,0.0015616250007344235,-99.0,-1.279240872371692,0.0034257766165510795,1.6702103560444226
1445240,235722.11-002904.0,23.086881961616477,0.0011830624288577951,-0.4068855803148107,-1.9017811614530955,0.003137592650414023,0.3426326062632848
1456439,223315.39-003146.4,23.050609142122376,0.025444998336245916,-99.0,-0.7061757572830034,0.05064829138693727,0.5863958352396749
1428506,005211.33+010914.2,23.152209881140102,0.02218727042465396,-99.0,-0.9154911702914488,0.03389749994035551,0.3367221827799937
1422280,011215.49+005909.9,23.403932390161877,0.020401220522616725,-99.0,-0.7490930600516554,0.05368776030453026,0.37188601095695906
1445370,235636.65-005432.8,23.67146655251755,0.018629425658298615,-99.0,-1.712995718049346,0.042532382336639474,0.35765322055296467
1464185,213442.96+000151.6,22.906436859479633,0.011106412718948633,-99.0,-0.8408622990867913,0.033110374522565045,0.4026190381893195
1447141,234410.61-003125.6,21.835731695543238,0.0001598009763625896,-99.0,-0.3677358589489508,0.003586880448763541,0.6984806030235812
1414329,013542.31-002104.6,23.356355987911577,0.024447571944614666,-99.0,-0.9693268259429679,0.05933657095607536,0.48504696026937516
1404090,020629.33+004843.1,21.58476458782078,0.0012649711021950338,-99.0,-1.5912587820411899,0.002050399588019447,1.597275402332626
1420145,011855.55-000415.5,23.025385213312042,0.014846531413432729,-1.0,-1.3576174180497858,0.033715135793863094,0.38027540090022627
1452070,230709.28-001449.4,22.267692318528823,0.007609883787411675,-99.0,-0.7680006941146935,0.019844039814595427,0.3872141900228332
1416654,012907.06-000451.2,23.54386435522681,0.0,-99.0,1.4767778572038575,0.0,1.3931226319157337
1464099,213518.48-010645.1,21.925962560390353,0.023161073519819553,-99.0,-1.31334102018993,0.03635507562443063,0.8260166867916898
1388322,024950.75-004224.3,22.394911492585855,0.01581174484504011,-99.0,-0.9542041758394317,0.025744083437971077,0.38692536998121657
1464808,213010.27-005455.8,21.771652491586558,0.0020518198928787257,-99.0,-1.2560552838143435,0.00762719331696271,0.9495623379336312
1390832,024300.72+004158.2,22.49361949600023,0.009252735036620052,-99.0,-1.3695816479298077,0.03248849827885403,0.34544044587730316
1395683,022929.41+003441.1,23.505563893015214,0.010361265430969269,-99.0,-0.16759448761134088,0.031198939134404885,0.2620045205696345
1465377,212607.94-010317.9,22.325215892881225,0.006963734523601772,-99.0,-0.9362615446042364,0.021815409641229522,0.6234050568247216
1439724,001653.80+004250.1,23.26118688547691,0.04911135985606663,-99.0,-1.3278109871181116,0.12940852783999124,1.0976452031466446
1450170,232122.39+010232.9,22.819674337890937,0.010276278482850287,0.2526257538444946,-1.2896272139549056,0.03592878240653086,0.27717477889150643
1410796,014547.99-005347.0,21.857486710171393,0.0097948645775503,-99.0,-1.3273082263240612,0.04387166767559514,0.576994488238524
1391918,024009.25-010642.3,-1000000000.0,-1000000000.0,-1000000000.0,-1000000000.0,-1000000000.0,-1000000000.0
1420110,011901.61-005941.4,23.087365120555624,0.0,-99.0,-1.3751595938309262,0.0,0.34109028043659884
1450166,232123.88-001821.7,23.603173021773294,0.049172906712948716,-99.0,-0.8408578976189132,0.07458235689596127,0.44993057104824064
1401170,021434.58+010107.8,20.852206820751768,0.0014545281440359048,-99.0,-0.9615685847657689,0.0029420399710172185,2.192249166791956
1463296,214104.65-000314.5,20.537923906027096,0.0009964091001801734,-99.0,-0.9190022831160203,0.0025118916309009864,13.412022258808351
1388636,024856.88-010522.6,-1000000000.0,-1000000000.0,-1000000000.0,-1000000000.0,-1000000000.0,-1000000000.0
1451282,231259.07+010805.6,22.992094237013525,0.04342317959443953,-99.0,-2.204457317569064,0.05299419058511057,0.41682248519300613
1462842,214410.62-010113.4,20.40211078370249,0.00039389218583707475,0.05973695483376219,-0.7651171238898273,0.004825363275081873,0.7758058822488554
1447333,234220.14+001541.7,24.415644922087445,0.06878865784490706,0.6254581030329682,1.2107971118656433,0.06336398020522593,0.41891084599055
1414610,013458.00-004302.8,22.673041599591933,0.0,0.15726548492820866,-0.06924215010189627,0.0,0.21329727250028116
1397205,022522.85-003638.7,23.54326899979403,0.05940413816764689,0.32223490353582984,-1.3798877274851415,0.12380291653672915,0.3665423542631156
1397434,022445.16+001028.3,23.568166011518223,0.02483214521792121,-99.0,-0.9078176612107258,0.06822082113460887,0.4560506571123562
1397000,022556.34+001345.3,20.619258031902326,0.0026586359880376165,0.45718627142127155,-2.4751580632105528,0.015890078507650784,1.5530499369795134
1450735,231707.53+002854.8,-1000000000.0,-1000000000.0,-1000000000.0,-1000000000.0,-1000000000.0,-1000000000.0
1442436,000744.81-003359.4,22.16856363008649,0.028588674387064472,0.1502282271104253,-1.0906633188897956,0.030593378523094628,0.4483847242458055
1465574,212450.27+010157.0,20.498236123857914,0.0020884652165609197,-99.0,-1.3662134760315672,0.005378455073460797,0.7280946941240346
1423533,010805.57+010341.3,23.272557733272215,0.005490588646637207,0.3418542136616346,-1.0011581382838313,0.11084288956500693,0.36419633954700353
1414031,013637.19+000225.3,23.12662370505206,0.014332490395476682,0.42454132832057595,-1.6133209162463125,0.032436958895765144,0.291841991981471
1401182,021432.32+003151.5,23.15369351196241,0.006614210132278586,-99.0,-0.2744148707853915,0.01838309669385163,0.7484416108787302
1450951,231536.13+001358.4,21.669331948839606,0.0,-99.0,-0.1060226014497978,0.0,2.6580977678309257
1404636,020459.89-001048.5,22.540713787082787,0.007403288747189762,-99.0,-0.9351884223508957,0.011812937067947227,0.42500197345303165
1444066,000227.35-000145.4,24.0835337928738,0.06300654307763054,-99.0,-1.2446384775698007,0.0781289790494647,0.4520706682218064
1439894,001622.08-000731.5,23.236774875577346,0.004711199524667364,-99.0,-1.5161156191845926,0.013896795588377753,0.8453843469799012
1435366,003120.59+000042.2,-1000000000.0,-1000000000.0,-1000000000.0,-1000000000.0,-1000000000.0,-1000000000.0
1440060,001551.11+001920.0,24.071181293735727,0.03350482490700024,-99.0,-1.12335237802716,0.05164201103872168,0.3458950317141357
1443146,000529.33+011223.4,22.330386508379213,0.038828241020549825,-99.0,-1.375115093190979,0.03538606160535529,0.37165276568095373
1400725,021550.26-003242.5,-1000000000.0,-1000000000.0,-1000000000.0,-1000000000.0,-1000000000.0,-1000000000.0
1407646,015533.74+003447.2,22.943079209020574,0.013474661993262416,-99.0,-1.005767961852766,0.052406982501390864,0.23463521253097666
1390990,024235.38-000415.7,23.27279667301486,0.04115511264981109,-1.0,-0.6981391956062399,0.07212480730872134,0.30799456343307535
1449577,232547.54-003443.0,21.071786776638,0.006178206185563084,-99.0,-1.1661383711250362,0.009914758840574911,0.4623360402740284
1414433,013523.49+001046.3,-1000000000.0,-1000000000.0,-1000000000.0,-1000000000.0,-1000000000.0,-1000000000.0
1439275,001821.06+011007.5,23.00056376327405,0.0047186689261824455,0.4927580750995395,-0.9456576949358535,0.009014800853361482,0.23093442135542813
1411173,014443.00-000035.3,23.25007474085249,0.013714322012186031,-99.0,-1.345211400802948,0.024518580023221492,0.3375458508165276
1450295,232024.13+000801.0,23.193297706236187,0.015294544034540891,-99.0,-0.9278526264982387,0.04621356896131079,0.2675017351670591
1402349,021126.28+003508.8,23.31329308023279,0.006849568947693285,-99.0,-1.1833043435820962,0.020593813732544874,0.40587448313581986
1412608,014048.62-003500.9,22.874119490111333,0.0,-99.0,-1.0093986909064485,0.0,0.8236945086976024
1424371,010532.80+010755.7,22.72616109217065,0.0015181669131258957,0.7943659900471994,0.8866610818627585,0.0010154106268706053,1.5374478938219291
1395933,022849.71-004550.4,23.284974895140287,0.004906726582722953,-99.0,-2.0202902953256636,0.015306022654696938,0.49256887831929463
1403119,020910.71+004336.5,23.198250713697426,0.004185077901128764,-99.0,-0.345125391356226,0.02455313036419912,0.5230765059776669
1389329,024654.97+011402.6,22.637787240142025,0.011258131222220413,-99.0,-3.35571908056296,0.014199428381670876,1.7452815160285315
1391637,024055.26-002828.3,23.224776052422932,0.024727909669879367,-99.0,-1.503821777351921,0.03695501672315271,0.337094601777916
1452586,230311.41+010435.1,23.21800640458367,0.03892077338083055,-99.0,-0.9055564400007547,0.05195505771394093,0.3774448441092274
1447834,233834.61+005324.9,-1000000000.0,-1000000000.0,-1000000000.0,-1000000000.0,-1000000000.0,-1000000000.0
1466377,211858.76-010950.1,22.223219082575888,0.015851555884420776,-99.0,-1.6931306133511574,0.03069443094976121,0.26706010593926666
1389358,024651.77+004733.4,22.701707282498596,0.024665941964236993,-99.0,-0.9442257009170003,0.04244270293536312,0.632382887922185
1461122,215738.97+004200.3,23.807576207866767,0.014490710415930863,-99.0,-1.744461431473038,0.020313366555840595,1.058086928429159
1393876,023422.85+001014.2,24.064562249525316,0.028008791729607907,-1.0,-0.7393619810346683,0.12950708805613748,0.49350196002000496
1420274,011835.26-005738.2,22.598394086988996,0.0,-99.0,-0.5967877162415043,0.0,1.0168041225689861
1466461,211818.61-003442.2,22.6299871949087,0.010662239769150261,-99.0,-1.1131657319068253,0.03600455903259736,0.8302541406045917
1402068,021215.98+003621.3,22.323953541252358,0.009240654864806075,-99.0,-1.0571503935486803,0.013701282148731175,1.3476274303093687
1464972,212912.32+005014.3,23.033048586410253,0.02777820448385704,-99.0,-1.0945854109754292,0.05667979620103103,0.2708324131698591
1462820,214420.72-011439.1,23.262258137325496,0.013297047133233875,-99.0,-1.9062713492349612,0.05405406342761587,0.4325467459249209
1445728,235416.95-000222.4,21.36096674777479,0.00689782125647298,-99.0,-1.179497858421926,0.01599559079878443,0.3949832861660563
1450774,231650.03-002047.4,23.05825757778792,0.03395492644335363,-99.0,-1.2097463399666553,0.03942111179733232,0.5102394216604724
1464790,213016.27+003009.6,23.375872128053764,0.016990869900368466,-99.0,-1.1625489161990399,0.05030661858192376,1.079590390857063
1452149,230627.51-005321.5,22.014494582285188,0.003692328665527711,-99.0,-0.7222374732384669,0.006235923088139472,0.360753611592779
1461071,215800.41+004034.9,22.925581516556626,0.000823698978260623,0.3493713634442362,0.41883019979068514,0.008216801448695465,1.1897541766052342
1439631,001711.96+001009.0,22.7337080329227,0.012619179678132753,-99.0,-0.7736642329806473,0.023304921124372047,0.6361108463191066
1459013,221342.86+004020.9,23.275422694257664,0.02854532325924808,-99.0,-1.6216585379887833,0.04803634228253717,0.8400760281228339
1391575,024107.20-000126.9,23.120876214196024,0.01326177309257659,-99.0,-1.8900986310265298,0.020175349000594034,0.24420040257536885
1430680,004524.74-004332.2,23.13857857975203,0.025732851097650666,-99.0,-0.8167466279266886,0.07541342843089249,0.4235228540365248
1446120,235146.42+010407.5,23.426252187891187,0.025126435991733587,-1.0,-0.052800429407639626,0.0651587816590232,0.38701242926607665
1401072,021450.89-003508.4,22.97346476858292,0.012900576341055014,-99.0,-0.943513961706449,0.02618629069637346,0.6814722443797462
1442681,000658.77-003720.0,23.32253255863862,0.03344061531818987,-99.0,-0.996020372789288,0.06388532510204326,0.2840313732302423
1421657,011414.26+010939.7,22.821071073987916,0.012196469829426348,-99.0,-0.4768557859638598,0.04691036044055352,0.8331199787296841
1429999,004720.81-010633.8,23.082340451918334,0.008176899018463857,-99.0,-1.0496016183648504,0.038206476580459836,0.4319920844307017
1434370,003434.02-010814.7,22.50296212711533,0.013234076109611692,-99.0,-0.8167331408758711,0.034962110566018445,0.37605710731373293
1410146,014747.11-001822.6,23.41760377423858,0.029783941834695682,0.33211981621580594,-0.8431119692137123,0.05637264106657475,0.20323284611733128
1393141,023635.69-003203.5,22.379433070531796,0.0074064645126625805,-99.0,-0.8990487094043909,0.023636898004107065,0.43779658556972434
1394470,023244.11-004708.2,22.201264348479576,0.008054849899252758,-99.0,-1.009776704351225,0.021156194228782677,0.3385710617277105
1448508,233354.59-005911.4,23.472775150718498,0.05382427081016772,-99.0,-0.9477322415214227,0.05963523337524618,0.3415219471411539
1440075,001548.25+000827.1,-1000000000.0,-1000000000.0,-1000000000.0,-1000000000.0,-1000000000.0,-1000000000.0
1460494,220223.48+002556.2,-1000000000.0,-1000000000.0,-1000000000.0,-1000000000.0,-1000000000.0,-1000000000.0
1416665,012905.33-005450.5,20.674192929705733,0.0,0.3917701953930928,-1.6250674736042772,0.0,4.732288601393601
1418314,012418.18+010839.5,21.51158337106262,0.005321767169483849,-99.0,-1.5181627108437779,0.01246241933401171,0.6627562642976061
1441643,001024.18-005526.1,-1000000000.0,-1000000000.0,-1000000000.0,-1000000000.0,-1000000000.0,-1000000000.0
1450819,231632.47+000804.8,22.623922651471823,0.0032983436417577394,-99.0,-0.3492547939229915,0.01605144768525013,0.4274095317215063
1414600,013500.09-004113.4,-1000000000.0,-1000000000.0,-1000000000.0,-1000000000.0,-1000000000.0,-1000000000.0
1402018,021225.56+010056.1,19.904771244393054,0.0,-99.0,-0.8657136140266442,0.0,30.10096374852765
1464708,213056.09-001211.4,22.637658460008204,0.0,-99.0,-0.007323389569750205,0.0,0.44078480335750864
1436613,002717.38+003723.5,20.251544364831013,0.0,-99.0,-1.355288797117169,0.0,5.677848576914348
1412629,014044.50-004624.1,22.630864252400137,0.0180320850976301,-99.0,-1.1918530632997166,0.01857728249714241,0.2990122646035567
1416688,012901.21+003620.4,23.86728831054983,0.031140397751432403,-99.0,-0.8412135169431947,0.10849894394525883,0.1972280236921394
1385025,031732.68-005513.4,-1000000000.0,-1000000000.0,-1000000000.0,-1000000000.0,-1000000000.0,-1000000000.0
1451861,230850.83-000424.3,23.50069659120583,0.024829989031696087,-99.0,0.48200058062052875,0.07958791248140679,0.25523539800981826
1413436,013827.99-000119.4,-1000000000.0,-1000000000.0,-1000000000.0,-1000000000.0,-1000000000.0,-1000000000.0
1452055,230720.77-002522.9,22.474641591936766,0.0,-99.0,-0.644570883645855,0.0,0.6755772353325836
1410757,014553.99-000644.8,20.74825196018606,0.0027976854941957896,-99.0,-0.9265418855505443,0.005611918090633383,0.4637128814174794
1460020,220612.81+011152.8,23.343914365984197,0.05054982117917106,-99.0,-1.6182109081744471,0.09647690006458653,0.6284174154517868
1432663,003940.18-000957.7,23.103104853051782,0.007085294108302165,-99.0,-1.3571351536064022,0.023215637186344118,0.37292393344926356
1404838,020425.44+003741.6,22.911773985564217,0.01577200552216773,-99.0,-1.310893879541212,0.01970107774019425,0.4406998999539485
1434503,003410.01+011350.5,21.908723578175234,0.0,-99.0,-1.4616594751814018,7.363594561049513e-05,0.6587157191953951
1389028,024748.65-011240.8,23.520108092362513,0.011119614615804352,-99.0,-0.36933865583114134,0.020030345794566362,0.3197997793254652
1444271,000149.33+005731.6,-1000000000.0,-1000000000.0,-1000000000.0,-1000000000.0,-1000000000.0,-1000000000.0
1391149,024214.99-000209.5,21.64372123835563,0.029505360766224342,0.30445796919950785,-1.2959197924735615,0.019132713923267763,0.414087183740755
1447789,233849.51+001149.7,22.351100170835046,0.02314590102142411,-99.0,-1.1182817728580634,0.053070454673377565,0.3709992577388598
1410326,014714.24+004216.1,24.972361363571814,0.010589949278099198,0.5328131580997012,1.3912702376116801,0.010539209316639875,0.4022898109373518
1411662,014318.37+010139.2,22.879700387596422,0.008727521646054726,-99.0,-1.0508163947572995,0.02166649224160877,0.5514995194220326
1430042,004714.70-001201.5,23.12352067682803,0.05032377737827609,0.4402673950153995,-0.7779409044760266,0.09862263694439982,0.2826799570774113
1441842,000943.21+003846.3,22.88955884167448,0.012944364118148144,0.29664661343290993,-1.1434686037654869,0.08385114254903758,0.29124832678563756
1398314,022222.44-001318.4,-1000000000.0,-1000000000.0,-1000000000.0,-1000000000.0,-1000000000.0,-1000000000.0
1450095,232152.62+005912.7,22.71552586753821,0.009711705899180245,-99.0,-0.7072235758679097,0.03491066751350541,0.3919306320707709
1427695,005500.38+005637.4,20.742940233560994,0.003033985864497879,-99.0,-1.9850908070017095,0.01160860081127979,0.6041256909768945
1410899,014532.23-000159.0,22.716751632937836,0.014579123185836096,0.23720062507457942,-1.2625906483043905,0.026259760000078347,0.34680696387378596
1445638,235456.36+005518.6,21.23870224070999,0.003190183645687128,-99.0,-1.1683931729259731,0.010112472910922543,0.6872333379795335
1464822,213006.07+005009.7,22.147169015549828,0.013357121166857056,-99.0,-1.4093841648934968,0.03477347605266223,0.23177162610955512
1457281,222651.34+002714.7,22.351772767338623,0.015390097534178082,-99.0,-1.2735444711003074,0.0351717548119439,0.536458853984558
1446108,235149.32-011211.2,22.750032286620375,0.015574631677521822,-99.0,-1.1743238300908119,0.03401828973627663,0.2954091112460543
1403557,020755.14+004950.7,22.747348455658404,0.005373904916829986,-99.0,-0.15096085411829385,0.01009145562708387,0.3789876392745357
1447675,233943.86-003132.6,23.32907619662962,0.026533728309026117,-99.0,-1.3731981067515848,0.058401318450145845,0.27445183398541556
1426634,005819.65-000141.1,22.476413681280526,0.013710914078277625,-99.0,-1.3095067678645416,0.06937062592487964,0.39447165897652925
1406811,015814.28+001816.2,22.70533177409407,0.005629990492996839,-99.0,-1.161456446866128,0.021600366823702033,0.35640506086021634
1448708,233220.03-002037.9,-1000000000.0,-1000000000.0,-1000000000.0,-1000000000.0,-1000000000.0,-1000000000.0
1424723,010429.90+003244.0,23.555469881121788,0.007922273086693465,0.32009543095924453,0.7830640556214687,0.018746760596639767,0.4980145129380028
1450621,231749.77+001300.6,22.92820164298019,0.012536750569012156,0.466284982190206,-2.0573558968422687,0.04672579507537078,0.32360048426751636
1419246,012129.04+010129.1,23.551609210471874,0.0812902595137377,0.8031724515846546,-0.8286380190804055,0.1377491743184434,0.3012130028241608
1402285,021137.64+002457.5,23.177660599758717,0.021374694049809406,-99.0,-1.5088518508379778,0.04456292165598763,0.4323854938548487
1438598,002036.83-003739.8,22.63692077235502,0.008444630122799168,-99.0,-0.21813780513890535,0.030909256884457115,0.4707595984420988
1446073,235202.12+002632.6,23.423697418503515,0.024707955473051157,-1.0,-0.7286813357484219,0.04602042485340435,0.26524513407132105
1434819,003307.02-003507.8,23.000841273304722,0.06786351399673762,-99.0,-1.6563263352970448,0.14303061448798648,0.2874732992338113
1427064,005655.82+004439.5,23.72236064310261,0.02286236334184011,0.3393341199703176,-0.5774520970601174,0.09945215677545532,0.28387384076787964
1445966,235246.70+005251.9,22.391778483341945,0.011534938118202831,-99.0,-0.9906510845492509,0.03058229289881992,0.32353039572727
1441445,001109.60+004545.6,22.4996401793127,0.019138517634811336,-99.0,-1.3110416740347115,0.04422540549120646,0.5062967496028589
1448076,233651.32-004248.8,24.039899791872394,0.010535244576344027,-99.0,-1.4039459032766253,0.06611975919319724,0.2267795801185948
1401637,021326.58+000856.2,22.844914338811684,0.006629035440433029,-99.0,-0.6522786589521079,0.027447665794234577,0.6948803218171147
1413877,013705.87-010017.4,23.088453353341443,0.010583920262998703,0.569988702666713,-2.0750838864027163,0.06739403902910213,0.3579586085127906
1416572,012921.03+004107.5,23.044576251728138,0.006785845977921312,-99.0,-1.8679551721884264,0.03137303123169788,0.23983434001021095
1406336,015955.24+010710.0,22.82785570153934,0.04214250518899121,-99.0,-0.8727801785802924,0.037391008441584606,0.25975730996099566
1411879,014242.17+003028.3,22.544399494859725,0.03526212721268962,-99.0,-0.7528070660757367,0.06574368243476592,0.7231996555586725
1462710,214500.78+010818.7,23.350040647200778,0.03449742451610227,-99.0,-1.6536505070496261,0.07839632891112902,0.41474402470588223
1427883,005423.06-000729.9,-1000000000.0,-1000000000.0,-1000000000.0,-1000000000.0,-1000000000.0,-1000000000.0
1421701,011405.86+000431.6,22.40233012730902,0.025539461377253048,-99.0,-0.7868330633722218,0.05243251345233696,0.40213077678616516
1410801,014547.56-000344.3,-1000000000.0,-1000000000.0,-1000000000.0,-1000000000.0,-1000000000.0,-1000000000.0
1463643,213826.62+000200.7,21.94703517834636,0.0050989129789869025,-99.0,-1.442293492174874,0.0059699811556651605,0.2659349068491419
1464055,213539.19-005422.4,20.547252993544568,0.0005647880873915767,-99.0,-1.440199033785729,0.0031143274107549024,2.315626621343897
1448968,233027.82-005905.7,-1000000000.0,-1000000000.0,-1000000000.0,-1000000000.0,-1000000000.0,-1000000000.0
1449639,232519.33+011147.8,20.668327803258826,0.0017038782110567752,-99.0,-1.3336307872237656,0.00473937389274548,1.192487604927843
1390361,024418.74-005044.0,23.00874303518976,0.01321045715386937,-99.0,-1.8076089779989886,0.04865673241566715,0.23075610857327386
1389965,024520.19+005155.5,21.54174049314745,0.0020557363567252906,0.24359839743594888,-1.4495855317394604,0.014168770617267179,0.503155791370685
1420730,011710.58+005841.4,22.399075922582504,0.026566762372270958,-99.0,0.344790601194334,0.0824548331534984,1.1606306478449697
1393263,023610.73+005208.3,20.98095218027496,0.0031478678969509843,-99.0,-1.5415783022650231,0.007633658424772483,0.3204700353759008
1434987,003235.08+005925.9,-1000000000.0,-1000000000.0,-1000000000.0,-1000000000.0,-1000000000.0,-1000000000.0
1399163,022008.24-000658.8,-1000000000.0,-1000000000.0,-1000000000.0,-1000000000.0,-1000000000.0,-1000000000.0
1410126,014752.24-004201.7,21.38692920570302,0.0048876365821826084,-99.0,-1.3997521523593925,0.018644993439833613,0.6271285291439047
1395101,023101.49+002403.1,22.02721888984255,0.005434956309615657,-99.0,-2.0417080302100508,0.017622704147955304,0.6511171653649056
1390673,024326.62-002056.1,-1000000000.0,-1000000000.0,-1000000000.0,-1000000000.0,-1000000000.0,-1000000000.0
1398763,022113.13-011226.5,23.03986202014675,0.02538761153680902,-99.0,-0.7665665918206432,0.059790350019069516,0.4808285289247708
1455510,224031.21-005333.7,22.90633821035855,0.016166247915609944,0.11609939968418241,-0.8746885669559505,0.04823512561954607,0.21366817374660838
1414862,013418.87-001406.2,20.551200739728422,0.0003641424209543942,-99.0,-1.6517679443235735,0.000978469925088099,0.5916639068349159
1447655,233952.48+002906.6,-1000000000.0,-1000000000.0,-1000000000.0,-1000000000.0,-1000000000.0,-1000000000.0
1451920,230821.57+010325.0,23.020323888166182,0.017307856203236938,-99.0,0.1771714316152071,0.023671781351593868,0.5069249692171123
1396872,022616.09+000332.8,22.531431617914855,0.013620022647353736,-99.0,-1.3496642263180032,0.013292749101485701,0.2810967954533555
1453185,225849.36-001459.6,23.463305385293232,0.006833080359154309,-99.0,-1.0385534491038468,0.03210684326892965,0.249287643792283
1450120,232141.03+003442.4,-1000000000.0,-1000000000.0,-1000000000.0,-1000000000.0,-1000000000.0,-1000000000.0
1438387,002125.83+002549.7,23.167536771334433,0.031921984867899766,-99.0,-0.26406910443473386,0.05414789908057918,0.29563999273452907
1394455,023246.49+001642.6,21.621129660766137,0.002916492741329435,-99.0,-0.778293989767489,0.013447745591290472,0.7781856268923512
1406173,020025.06-001314.3,-1000000000.0,-1000000000.0,-1000000000.0,-1000000000.0,-1000000000.0,-1000000000.0
1389228,024709.94-000623.6,22.6236651293571,0.008441051476122396,-99.0,1.2457603142126041,0.032473880619873996,0.5216216832988698
1411591,014331.95-010649.0,23.15286877318791,0.008298464401441663,-99.0,1.3572973975888676,0.007128685806769508,1.135079482288883
1412167,014156.72-001113.8,22.99169004217658,0.021254436271043176,0.08308627765936248,-0.04685201222002977,0.03197253194198568,0.3753196142572082
1391507,024118.71-001012.5,22.405807852735812,0.006461520052338798,-99.0,-1.0159931332754297,0.02357157701385726,0.33924694212837714
1413575,013801.58-004946.4,22.879791386241926,0.014772330496475305,0.21311013296515954,0.3988732017773966,0.02085283558873191,0.2657045516923551
1438141,002218.81+010504.3,22.829782446083136,0.009822701230310926,-99.0,0.184433682868562,0.032921523976428765,0.30970538699931965
1458953,221409.96+005227.0,20.23538947125254,0.0016510360681110114,-99.0,-1.3611150849999354,0.0035540069955366516,0.9407684132544988
1424645,010443.16+002908.9,22.24829643558605,0.00891692864017024,-99.0,-0.8510063584607606,0.021763103799305628,0.2711763759249281
1429620,004827.15+004053.0,23.798881819691296,0.09112007615745377,-99.0,-1.5440061482664782,0.14667390664143443,0.695286436651264
1439376,001802.46+000312.9,23.253247164157123,0.016549765214666223,-99.0,-1.192248885208473,0.05557353542979271,0.47572972312544226
1400165,021726.40-002003.4,-1000000000.0,-1000000000.0,-1000000000.0,-1000000000.0,-1000000000.0,-1000000000.0
1410277,014722.58-002718.1,22.97265564008068,0.020217852207995435,-99.0,-0.31320696824911565,0.037096720828423996,0.31439166737256097
1424879,010359.00-003544.2,22.025430204906705,0.007021092899233139,-99.0,0.06215096645345497,0.005331550188616436,0.49475352946581036
1409304,015020.57+005608.9,22.84176969635208,0.0073590615292040695,-99.0,-0.7664329837789898,0.0587567017239935,0.26703716222772395
1391676,024051.06-001838.4,23.681286756279455,0.028300455840559735,-99.0,-1.058404357037868,0.07931415701444489,0.25140081042787893
1446168,235128.18-011117.5,21.34648635723537,0.0016422005210259272,-99.0,-1.3097002892984104,0.004216005586536564,2.1698753677018625
1394571,023225.99+000632.0,22.618832642597972,0.011505560240889778,-99.0,-1.016786970575911,0.02449603599399608,0.6485176818302487
1388435,024931.48-001440.6,22.74915174308145,0.00760740522725456,-99.0,-1.2727493693375886,0.02235304099853208,0.4247697618100156
1426759,005754.82-001852.9,-1000000000.0,-1000000000.0,-1000000000.0,-1000000000.0,-1000000000.0,-1000000000.0
1431176,004354.78+003040.7,23.806899885270845,0.0447124211105443,-99.0,-1.9517148786188052,0.1487318911358282,0.20013031208797935
1465326,212631.93-004121.1,23.53470932602145,0.008967322557289492,0.3796526002240796,-0.631234716957553,0.03758794823866066,0.2439626714989247
1404723,020445.28+010034.7,23.1422296751146,0.012309516353745664,-0.1474564376887621,-1.9660838823402225,0.053576717347440184,0.2815701712792028
1397128,022534.74+001822.3,23.014574156308022,0.0005542152342385975,0.5713558848085105,-0.003693634606262819,0.0,0.41276337287023224
1409466,014949.24-001140.4,-1000000000.0,-1000000000.0,-1000000000.0,-1000000000.0,-1000000000.0,-1000000000.0
1449627,232524.40-004634.5,22.47482720447332,0.005946874525761814,-99.0,-1.126567553217677,0.016958197215552917,0.2950606690881072
1390504,024355.66-005710.0,22.965886316910947,0.012275885657810903,-99.0,-1.5102346829745144,0.042988626050716405,0.39135532962384684
1449890,232318.17-004123.5,23.0017235713969,0.012753954746012042,-99.0,-1.2389625943004137,0.035274562240571905,0.26330635917820183
1395486,022959.58+004632.0,22.618011375095058,0.0,0.5663251081228327,-1.918414945223157,0.0,0.4818183846497718
1413202,013908.11+004737.9,21.372334958271928,0.0,-99.0,0.07954491567716726,0.0,1.0016361631522392
1400500,021628.74-002003.4,-1000000000.0,-1000000000.0,-1000000000.0,-1000000000.0,-1000000000.0,-1000000000.0
1419923,011929.73+010710.2,22.78809005530986,0.007475438677140289,-99.0,-0.726308840767171,0.021633600162452693,0.2872675852271318
1466113,212105.10-005216.9,23.1571802879643,0.002122562570363584,-99.0,-1.2148919697286304,0.018225414799544426,0.3356311391106857
1414728,013438.17+005608.4,-1000000000.0,-1000000000.0,-1000000000.0,-1000000000.0,-1000000000.0,-1000000000.0
1439984,001605.88+005654.2,22.58031795771783,0.006219147521200341,-99.0,-0.10470005850767894,0.021215940462648852,2.0443444526713384
1410405,014659.68-001914.1,23.374757135883165,0.036314291130779,-99.0,-1.3322891464565592,0.06425743375227844,0.43252651947436876
1449746,232429.30-003925.7,-1000000000.0,-1000000000.0,-1000000000.0,-1000000000.0,-1000000000.0,-1000000000.0
1451077,231439.25+004716.3,22.73714402918865,0.006743634857393488,-99.0,-0.9887021147522548,0.03797681624615712,0.41964128828880676
1460277,220355.55+005516.6,19.93726001574006,0.0,-99.0,-0.5774757595955027,0.0,22.91404152262642
1447506,234057.01-011246.1,-1000000000.0,-1000000000.0,-1000000000.0,-1000000000.0,-1000000000.0,-1000000000.0
1417154,012752.03+001821.6,23.939417341288554,0.042695438638187255,-99.0,-1.0631654399400845,0.11811408088444653,0.2489269124607373
1418324,012416.34+004052.2,22.742573230150363,0.00849682183742928,-99.0,0.028067307134437947,0.0005026277417878866,0.28875889056732884
1457153,222748.91-010307.5,23.408939497013854,0.03710242969400923,-1.0,-1.1601674548578327,0.11915237371476606,0.24163561694739213
1414361,013535.78+002630.6,23.10278480338335,0.0,0.061112798547775384,1.2574135396939603,0.0,1.103077617205662
1399468,021915.67+003255.2,23.218883790213006,0.027701753369697713,-99.0,-0.976158229467349,0.06894945209292025,0.5174800260773891
1404211,020607.13+004905.5,22.426100783585532,0.012075625806406975,-99.0,-0.9810286414056053,0.007493255361628037,0.8086041288341717
1405444,020237.44+003515.1,23.31879619766945,0.024994113872365276,-99.0,-1.3431716532508862,0.043248592026985166,0.37501438118364266
1425055,010326.39+010729.5,21.326615826641962,0.0,-99.0,-0.8993486704038505,0.0,0.7516512001166777
1462838,214411.68-002545.2,23.225917832713,0.01408109925068679,-99.0,-0.683470480577606,0.07322412561875741,0.6064301070839725
1463569,213907.39-010013.9,22.92794230713654,0.021589239589525633,-99.0,-1.1207822853626666,0.06550640664987117,0.35946359445448584
1389481,024633.98-000026.5,22.481099260002914,0.010159201588084699,-99.0,-1.8422305601579216,0.03144141305573378,0.39081451012414653
1446396,234953.56-005545.7,21.941971613198355,0.012871860429539694,-99.0,-0.7984228813678191,0.024805855432368518,0.4310788415979821
1420816,011655.65-001511.6,22.308707831749437,0.005542771650803857,-99.0,-1.6476877699743326,0.017991146447015494,0.4416147146163236
1389763,024550.79-004328.2,23.58365782585468,0.0024364440270829846,-99.0,-4.618956033139187,0.003986124411805125,1.6311735052300627
1447932,233753.47+010100.5,-1000000000.0,-1000000000.0,-1000000000.0,-1000000000.0,-1000000000.0,-1000000000.0
1400934,021514.83-003905.0,-1000000000.0,-1000000000.0,-1000000000.0,-1000000000.0,-1000000000.0,-1000000000.0
1388717,024842.82-004749.7,23.51231647550444,0.02995951712687628,-99.0,-1.0644597175769115,0.04330885520116423,0.37295743325217484
1435784,002959.02+001813.7,23.205565072472304,0.012281424493956195,-99.0,-0.9744550388594302,0.02719129691523725,0.5285930275439196
1427723,005454.83-004244.0,20.755500573321832,0.004103845999239297,-99.0,-1.9078507220442855,0.007942925801481038,0.8836169212661835
1445225,235726.62-001438.4,22.85230163178094,0.001987299681838195,-99.0,-1.1388264447245589,0.0071300947402865855,0.662284822129449
1410181,014740.27+004628.9,22.742093585542314,0.05470621120641006,-99.0,-1.5022111557453002,0.041227340244715305,0.2396677744504
1390638,024333.28-010919.3,22.877363884718584,0.008357275956933918,-99.0,-0.8763436000170781,0.027384065130618085,0.2544134227072405
1397643,022410.38-011145.1,-1000000000.0,-1000000000.0,-1000000000.0,-1000000000.0,-1000000000.0,-1000000000.0
1464984,212906.06+004403.0,22.909507128082545,0.01825794881134435,-99.0,-1.1001632777430812,0.047899339259701024,0.42504294275456056
1431276,004338.37-002556.3,22.804161079148123,0.009223853461453047,-99.0,-1.0320891240772556,0.037563412498497484,0.6150330115581685
1430848,004454.06-010200.9,-1000000000.0,-1000000000.0,-1000000000.0,-1000000000.0,-1000000000.0,-1000000000.0
1434105,003522.54+011444.8,20.230846392746194,0.003140030279942252,-99.0,-1.3458724531884463,0.006709596295783826,0.9784863488886786
1407046,015729.78+000233.8,22.15155458450412,0.020345782273567536,-99.0,-1.06492306637664,0.04215154128752563,0.6078377209543449
1396632,022656.51+002347.6,21.547988801328422,0.004160416044314275,-99.0,-1.861119915086444,0.005385544321875879,0.3056827855202063
1421547,011434.42+003927.5,22.556879471963605,0.005255582831802386,-99.0,-0.6251267668210199,0.002807828823537195,0.836999474039003
1400220,021717.53-005148.9,23.633282853167366,0.025656769847630656,-99.0,-1.8760518132104296,0.03793072470891745,0.3481874632053699
1397927,022321.38-000733.7,21.551230070663756,0.0009683780958802402,-99.0,-1.0722756400748144,0.006100714783740302,0.4703356362397558
1392701,023756.80+011448.6,23.044985499479175,0.010147894739116481,0.7767267369125977,-1.1029126134460783,0.018794715425048625,0.37019322044073677
1385017,031808.04-002519.8,-1000000000.0,-1000000000.0,-1000000000.0,-1000000000.0,-1000000000.0,-1000000000.0
1401421,021359.79+004226.8,19.942543529126432,0.0,-99.0,-0.5325382755493084,0.0,0.7239645668510807
1413518,013813.36-001225.9,23.447294895251197,0.014654482378748668,-99.0,-0.010809223804688628,0.06615760345346819,0.564641070900523
1430304,004630.37+005231.8,-1000000000.0,-1000000000.0,-1000000000.0,-1000000000.0,-1000000000.0,-1000000000.0
1394060,023350.83-010518.1,22.172851682695175,0.0037655378386425298,-99.0,-1.7577216205622292,0.008586445873660309,0.8283744611989385
1410318,014715.47+005405.5,22.695289061090286,0.02194050308770734,-99.0,-0.8638361344259842,0.051876299667773906,0.46615948233648846
1394877,023138.28-010503.9,23.17708364314374,0.013001006259596437,-99.0,-0.5095284520380448,0.02273469570581277,0.213998013840855
1455428,224112.71-004038.2,21.805452885449434,0.004554631106099549,0.10315258440774176,-1.4057911773775218,0.005529658526165604,0.352782618248719
1403424,020818.97-004942.2,23.280378810395327,0.011030801106182153,-99.0,-1.0413031377755386,0.00851499579715631,0.4351089535415712
1441329,001132.01-000541.6,22.731388150081337,0.014037610077330953,-99.0,-1.7821431883259327,0.026081800595408544,0.584058186223561
1438498,002101.27+011402.7,-1000000000.0,-1000000000.0,-1000000000.0,-1000000000.0,-1000000000.0,-1000000000.0
1392983,023706.25-002651.5,22.34402971490764,0.0023439116204215793,-99.0,-1.0520235884883964,0.002868214604987207,0.5263776415925207
1448536,233340.87+001728.9,23.649070950024345,0.01765825335177773,-99.0,-1.630214554464958,0.04215024572691117,0.27611907293388904
1436089,002905.03+010237.1,22.82161137763152,0.0,-99.0,-0.48483006502999526,0.0,0.301062336582469
1388424,024932.99+000537.1,22.666435298800458,0.007892678475860393,-99.0,-1.4872147423619815,0.03189821758701894,0.5523283371017103
1402753,021014.14+005048.3,23.250455090795988,0.012767719195130312,0.21156152908538606,-0.5344553968426453,0.04357295969585673,0.534006156154274
1452593,230306.24+003203.3,-1000000000.0,-1000000000.0,-1000000000.0,-1000000000.0,-1000000000.0,-1000000000.0
1465119,212807.93-010628.5,20.631790431468396,0.0,-99.0,-1.422507233756305,0.0,0.602071414716773
1416040,013104.15+000014.0,24.22422454646682,0.03794781915272161,0.32739215015500833,1.3658485876564264,0.029131858482027262,3.312353503600754
1443873,000308.73-004808.1,22.655942452244865,0.01563172945574287,0.04234398638649456,-0.4165769457543078,0.01690987554444559,0.382908766018027
1448502,233355.75-005046.0,22.371102042622475,0.0033359849678404885,-99.0,-1.8248475874676018,0.003217945363131247,0.4769807113932311
1396239,022805.27-000120.6,22.549177274850656,0.00839984216010059,-99.0,-1.7799810993387215,0.01703811661835375,0.7340456091336234
1422097,011248.91+002310.6,22.131436347505492,0.00608656895956905,-99.0,-2.2296991846047702,0.026315366032207743,0.6496661446230545
1392768,023744.57+002554.6,23.219093071578392,0.0,-99.0,-0.8915106372274826,0.0,0.2851277884125949
1398425,022205.37-004947.9,20.151861929196308,0.0,0.06437807411468184,-0.9322662069528791,0.0,1.2168931105910858
1464126,213506.17-003556.7,22.428380718462186,0.008876836746134487,-99.0,-1.1493687397671066,0.03152485811286798,0.3880294063329683
1396989,022557.88+003727.5,23.261674883077227,0.007188111274363251,0.13517827447594213,-0.8812140815397491,0.024319691544744337,0.3539931572565262
1435025,003228.19+004957.2,23.868570413479112,0.02117034064802681,-1.0,-1.5327630994822732,0.05884306489610869,0.3589062802743802
1433066,003827.47+001700.8,23.981238538234756,0.04077174607268752,-99.0,-1.7089617946647775,0.07353150030243905,0.24495474329107306
1444975,235903.48-000134.2,22.885323994227,0.03462399026807006,0.6760456692648382,-1.8546139344472872,0.17999155857295746,0.6073859591182349
1424570,010457.11-002621.1,23.51415619007961,0.010401849588346224,-99.0,-1.133719499847977,0.030854169894798167,0.3381526154240509
1464356,213336.45+004513.3,23.315074636177137,0.021476730015210777,-99.0,-1.0824669896722874,0.057164514986610904,0.5405895306364427
1443723,000338.56+000431.9,22.071085820789996,0.012851365866541897,-99.0,-1.113635872751197,0.023023238154412984,0.6365044382028932
1428085,005341.70-002333.5,22.29469293259657,0.0053040853469266125,0.20164379189565354,-0.7450652336249197,0.011249232184092295,0.6485160545593902
1445993,235234.41+000435.5,22.474609288414918,0.002441445653218466,0.16735529408878888,-0.6220223621946603,0.011716404315840756,0.2664157319006399
1407107,015717.73+004108.4,21.261464334554354,0.02564166076862051,0.28715636084474966,-0.9174772626232661,0.046834952014774445,0.2968327135766019
1408874,015141.80-005630.0,23.220588597486547,0.019016336726247474,-99.0,-0.48125148635069515,0.0562255173916445,0.41259854423323117
1445937,235255.41+011146.5,23.06085643529409,0.03136798295722443,-99.0,-0.4229043558799903,0.09371085563592135,0.38570354431354514
1464087,213524.13-011044.4,23.15774850100373,0.01999763209788341,-99.0,-1.1997835863129023,0.0693715130527679,0.38245780419959446
1441560,001044.42+003344.7,22.925922926601764,0.028213609661182915,-99.0,-1.3267480800925835,0.04899938088490319,0.7278611793460273
1452583,230312.76+000026.4,21.281046582661,0.0,-99.0,-0.5941753465111805,0.0,0.4845458277151262
1428550,005202.40+010129.2,19.944457031960177,0.004306479748548142,-99.0,-1.5482581868052496,0.010401986720044665,1.1954260678103457
1440010,001601.13+000758.9,22.676963764585217,0.02285263915280389,-99.0,-1.3798325711122712,0.053812311695490944,0.6463125096617965
1396162,022815.98-010636.6,20.93955271064062,0.004864878048795873,-99.0,-0.370419943131143,0.007508520922860917,0.610439346767448
1450676,231728.93+001703.0,-1000000000.0,-1000000000.0,-1000000000.0,-1000000000.0,-1000000000.0,-1000000000.0
1413513,013814.26-010545.1,22.169597014993535,0.008083305909591942,-99.0,-1.6434361182317994,0.014769768364270464,0.6560192861741789
1463350,214043.85-003556.4,22.050067201069545,0.011853334369842372,-99.0,-1.048464868437331,0.01710121726989533,0.46955999528100384
1396180,022813.65+003231.3,22.646251106568833,0.030997580307010608,-99.0,-1.4165638651387904,0.06544015349709642,0.6950533426395311
1431673,004230.44-001102.4,23.578340180682424,0.034117679220226904,0.5971709317204238,-2.205089014483402,0.0799236847010919,0.30927079385618367
1457255,222704.86-011052.2,20.707077909973613,0.0006971978172387594,-99.0,-0.04576823439875888,0.0037239245469943144,12.923379635569407
1465870,212252.87+010900.8,22.543930681821756,0.004403260656697938,-99.0,-0.5569322208895748,0.03567022548319648,1.202507127214661
1432868,003901.46-003544.3,22.03879860331515,0.00912826150402779,-99.0,-0.7707246123013691,0.006808510008102786,0.33031420015022844
1463981,213613.01-003057.0,22.630809885288066,0.04973420930113548,-99.0,0.14627850679215104,0.03803016508432577,0.2907189134002064
1450666,231732.95+001853.0,22.873012734028727,0.005255302193969413,-99.0,0.10252462466550849,0.016347090248707646,0.5015433163025085
1465360,212615.01+004134.1,21.999509419271355,0.0,-99.0,-0.8598477949664645,0.0,0.2619970351877357
1445795,235351.22+000544.3,23.957604057703655,0.017068152122137192,-99.0,-0.7946070003958177,0.04787492638178997,0.5465524508696478
1442768,000642.74-002255.2,22.524598145673004,0.009899757175606538,-99.0,-1.028244690491202,0.0278247086106726,0.27014951726958164
1393875,023423.25+004613.4,23.60291906877884,0.018507160093479413,-99.0,-1.9451170239071107,0.07256515480204473,0.321880386506294
1450836,231624.02+010146.3,22.675808766645282,0.01736045693029098,-99.0,-0.6407748867310961,0.05137591402855629,0.5084454645681278
1443140,000530.14-002356.2,-1000000000.0,-1000000000.0,-1000000000.0,-1000000000.0,-1000000000.0,-1000000000.0
1427058,005657.80-001236.0,21.260487752021767,0.00398730350926968,0.23571113872124894,-2.450012590069169,0.004417977571967047,1.0708499624273502
1404067,020633.89+003942.8,21.42361557345371,0.004661684603961547,0.40878485045358376,-1.9503112159993337,0.009877270118695769,0.44104242785957565
1445319,235653.87-010731.5,-1000000000.0,-1000000000.0,-1000000000.0,-1000000000.0,-1000000000.0,-1000000000.0
1435929,002934.71+003710.7,22.5712641708755,0.015481334884652753,-99.0,-0.857188373292769,0.015836302741324026,0.3398069954732585
1448663,233239.26-010725.9,21.479308819548883,0.003455898027215909,-99.0,-0.5604988534280251,0.011421720272776492,0.4241017432538547
1415023,013353.86+001459.9,22.098183344418153,0.0,-99.0,-1.1784168369387005,0.0,0.43458514358715356
1408297,015330.87-011005.4,22.88462214263408,0.01805593531634564,-99.0,-1.3955300700676245,0.026797142892153958,0.5960784134835644
1446010,235226.40-010514.8,23.05508586492453,0.007665291966691967,-99.0,-0.658674746824814,0.021655957839980755,0.24610286432337763
1407910,015443.27-004205.0,23.160642992610185,0.010375568129505908,-1.0,-1.1114187002074947,0.038730432803364634,0.3637091335057843
1413573,013801.90+011340.8,-1000000000.0,-1000000000.0,-1000000000.0,-1000000000.0,-1000000000.0,-1000000000.0
1436669,002707.29-003557.8,23.085848363951705,0.019681501614243757,-99.0,-0.5760053059572376,0.043549233799383635,0.9197293775540721
1450584,231805.75+000034.7,22.93512682600062,0.012594625062174458,0.2547233302198872,-1.7187667820656185,0.022506957863318355,0.28319787402402075
1398319,022221.33-003542.1,-1000000000.0,-1000000000.0,-1000000000.0,-1000000000.0,-1000000000.0,-1000000000.0
1398899,022052.77+004355.3,22.567048400896418,0.021253761756474532,-99.0,-0.6458806622337265,0.035454311689444296,1.0001152482294873
1432544,004001.79+000205.2,23.261067951246694,0.00855121123287006,-99.0,-1.68243338879273,0.021860300824042223,0.5634095437660308
1393032,023656.98+002646.0,22.205881602600464,0.008086700451688245,-99.0,-0.9066779301575876,0.013514298529327617,1.2157542227078257
1449339,232728.26+005341.5,-1000000000.0,-1000000000.0,-1000000000.0,-1000000000.0,-1000000000.0,-1000000000.0
1399458,021917.16-001244.2,22.81053845154191,0.01049280944474873,-99.0,-1.3054343869927365,0.05317896183609605,0.2935503111610522
1431922,004151.04+000153.6,23.420399954920462,0.031094442450321225,-99.0,-0.6995471047077988,0.05608013372869497,0.32156377299244315
1445118,235813.38-002450.8,23.204658179815716,0.004223558244040859,-99.0,-1.4132932730739634,0.0091272103958141,0.4544641837292512
1443560,000413.56-004617.2,-1000000000.0,-1000000000.0,-1000000000.0,-1000000000.0,-1000000000.0,-1000000000.0
1423994,010638.22+004320.5,20.24550516645548,0.001156532236601393,-99.0,-2.029326433919395,0.0022812351627263805,0.7285504064956086
1464153,213456.45-001058.3,22.572036704669365,0.019906938688079023,-99.0,-0.8764283435482314,0.032627947157703174,0.42566501774449356
1437496,002421.84+002508.5,21.862536748353754,0.0017019673121243528,0.059911355396261703,-0.7387097753253071,0.01663320727692863,0.3367912471541667
1444718,000017.97+002426.9,22.79528798161069,0.01662201904727212,-99.0,-0.6275547942923296,0.029927166185517162,0.4813598138878073
1392689,023759.01+010810.7,21.82101737355726,0.005203951548615748,-99.0,-1.5008715101472596,0.009807451035999004,0.3489085818505667
1465511,212516.88+003228.9,21.74718595256943,0.00208260826551232,-99.0,-1.137957681496855,0.007111334904550515,0.32495188961734556
1446655,234806.27+001319.4,22.81434799360718,0.005115278139715684,-99.0,-0.497644803617618,0.05065825326208401,0.3729860816843451
1455219,224246.44-005753.6,21.587495713737944,0.003810288576104881,-99.0,-2.5900088011879183,0.01468443754593829,0.9111140258207413
1446355,235011.04+001047.7,22.915782413832495,0.01767160887174768,-99.0,-1.4297921806816616,0.05936738474149428,0.27442538503778596
1411740,014305.55+001444.1,23.752346861338275,0.0,-99.0,0.5351160265605088,0.0,0.39933707550892883
1464840,212959.47+003437.2,22.822260982053457,0.0003657806927748197,-99.0,-0.3246316571762229,0.009871921415371077,0.3757559955601072
1433055,003829.89-000137.6,23.031913570471723,0.017448679003564393,-99.0,-0.8646043583490668,0.038064744792093264,0.39964204155587085
1396211,022810.27-002317.6,23.654086727269025,0.027425294630489816,0.07237620500581585,0.5707394709881042,0.04842494746215428,0.3161872762306779
1461330,215606.77+004110.7,23.223566153643525,0.007466537668436857,-99.0,-0.6180890314849758,0.03729760134922122,0.2310112580024886
1424092,010623.75-004711.2,22.39274127290401,0.0074624898048814,-99.0,-1.6338789412553267,0.01993310936975523,0.3006087798633774
1391060,024226.33-005254.9,22.358205101545472,0.005523599451953132,-99.0,-0.9877230390579861,0.02404351999210913,0.2986728948349975
1431170,004356.60+000750.9,23.39787966007716,0.016084980186050757,-99.0,-1.865560364101475,0.021773628789577337,0.5910436102466481
1464135,213503.15-001738.9,23.262544796950642,0.024013153215696192,-99.0,-0.3907572759548339,0.03941466546897196,0.25837346773164327
1453302,225752.18+002857.8,24.06903711528502,0.061267677686309696,-1.0,-1.0546129696743973,0.11907171090019564,0.417316855328585
1460705,220043.37+005130.5,21.522105594362777,0.0,-99.0,-0.7109729067796273,0.0,1.934794804841243
1443172,000525.30+005042.5,22.116191875120315,0.00829042949274772,-99.0,-1.5240605235309665,0.02296699059318419,1.219612416067945
1399365,021934.52-000310.5,23.43124421104769,0.05184529563893925,-99.0,-1.828623595991616,0.06916363930952396,1.3180500836810245
1421969,011312.38-003512.8,23.11796246875712,0.07149594586953967,-99.0,-1.0137045204267756,0.12948438628900905,0.8613148596827328
1445874,235319.93+005325.9,22.91015821181977,0.013092773617362496,-99.0,-1.140268851848338,0.060516305392997904,0.27527835625772523
1403870,020705.85+003755.4,22.537549423832324,0.024971448704187438,0.5019980080043609,-0.8982131742895838,0.042293112022580404,0.7054121884731012
1459244,221201.97+003345.1,22.681432798378346,0.02743445000541911,0.07029681691349252,-0.9275007989078041,0.0765436588281378,0.2590858074772569
1439918,001616.72-004238.5,-1000000000.0,-1000000000.0,-1000000000.0,-1000000000.0,-1000000000.0,-1000000000.0
1417437,012703.35+003726.8,22.038315945308163,0.007503836255526863,0.1867146526639472,-1.494576618312737,0.02853355772973054,0.2352614984671006
1445533,235535.18-001516.5,-1000000000.0,-1000000000.0,-1000000000.0,-1000000000.0,-1000000000.0,-1000000000.0
1442153,000837.66-010313.7,22.467665612001092,0.008919598838108556,-99.0,-1.373074164023485,0.03366811530051994,0.3444151525208119
1451143,231407.52+010512.9,22.672565992797637,0.0077615669160913114,-99.0,-1.0400978579034827,0.015638337311214667,0.5508085184342388
1441763,001000.29-000901.8,21.081515461745802,0.0038707022774620015,-99.0,-1.4146223024702067,0.012537268231255227,0.27566924104584356
1428441,005225.44+004251.0,22.72535570350039,0.010333146364027712,-99.0,-1.5131840127984497,0.011451129863214837,0.3858777175650549
1446449,234929.48-000718.3,-1000000000.0,-1000000000.0,-1000000000.0,-1000000000.0,-1000000000.0,-1000000000.0
1451415,231203.17-002305.8,23.695575743293112,0.016256062228237056,-99.0,-2.243808622409639,0.03155741370739662,0.606862714109621
1445752,235406.50+005221.3,22.568795241510138,0.0,-99.0,0.6359144525921492,0.0,0.6003004325543382
1414436,013523.01+010805.0,22.805986551505235,0.007609480655919043,-99.0,-0.8269544974618972,0.017610777705027947,0.6491885199205591
1438280,002146.36+003900.0,20.632278521677,0.00013736990283064188,-99.0,-1.092127887289307,0.0006551453139400643,2.638039368512204
1464742,213040.09+002940.6,22.38758175262648,0.006711163657779906,-99.0,-0.055027767674232564,0.024315021120055725,1.4492253712280607
1452521,230343.70+005032.4,22.229757505594044,0.04238206427881863,-99.0,-0.40093049569218664,0.07496697927927745,0.42263301823589206
1409627,014916.79+005320.7,-1000000000.0,-1000000000.0,-1000000000.0,-1000000000.0,-1000000000.0,-1000000000.0
1391958,024003.98+002538.5,22.314271213553106,0.010213818544206887,0.6136958316937352,-1.1542245739174648,0.014827434027209319,0.762543309546424
1428560,005200.33+011131.7,22.61876450441408,5.952252335461594e-06,0.3838348257325898,-0.5980026188614547,0.0001988649512361107,0.3356233855072718
1430225,004642.31-000753.6,22.206914968680927,0.006421250903514419,-99.0,-1.5259001287014367,0.016659370505871518,0.5680704059595352
1453233,225823.09-002101.1,22.611176333456605,0.014268787646987136,-99.0,-1.0459258310978847,0.06771083428344737,0.5238449203558978
1431539,004254.34+000457.6,23.03210457687947,0.007331468571880606,-99.0,-0.8807649169075065,0.03307067317789503,0.5636289295679632
1388532,024913.70+001754.0,22.732460144542536,0.0042784634235726315,-99.0,-1.2983849114522945,0.027308047671004365,0.41641295002724105
1415391,013252.74+003620.4,23.914863116685474,0.016417631574530134,-99.0,-1.7094257429296627,0.042989182508655244,0.2695259946211849
1419660,012012.13+002703.2,21.00769397217814,0.0,-99.0,-0.9709917242017596,0.0,1.2265051971404886
1462903,214350.64+010719.2,21.770015536517754,0.0004643244175905892,-99.0,-1.124121781307823,0.00188220839300135,0.4000153463207895
1452106,230651.40+004701.5,23.669234355950557,0.04767636376355355,-99.0,-0.8136066456190285,0.05059791113065859,0.7658085872489319
1389174,024719.36+000014.5,21.939476930535214,0.008227383046461867,0.24355240679251555,-1.0753103201550465,0.010657372469945026,0.6472573010923147
1398972,022039.93+010826.9,22.69827209422099,0.009776511273775768,-99.0,-1.0538703681492212,0.04147948022036163,0.3976439266996962
1392325,023904.09-004410.8,22.33008998474208,0.010755622951510446,-99.0,-0.7365389057075751,0.03510020089936211,0.2827010692655559
1424586,010453.99-000204.6,-1000000000.0,-1000000000.0,-1000000000.0,-1000000000.0,-1000000000.0,-1000000000.0
1455481,224045.54-003452.2,22.731490291224866,0.015340071306084724,-99.0,-1.1006349320010824,0.03247518813641315,0.47475811609303853
1402152,021201.81-005730.6,23.275976762846476,0.001524676996655927,0.026523379003322897,-0.17435934880799753,0.02561596830536672,0.5594560105249277
1420657,011723.03-000329.6,23.177462150522864,0.026885344602218808,0.47448503481268345,-2.1397009219942467,0.033455263959815795,0.35452561337793526
1464758,213032.65+003739.5,22.42043739538598,0.001166589745880131,-99.0,-2.4207656763559737,0.0002498589786885663,0.6233509964730536
1403991,020648.04-001440.9,23.329938754478626,0.0,-99.0,-1.1066027284924824,0.0,0.26098517630346074
1452290,230521.00-004922.1,23.0794451278719,0.05708844141289582,-99.0,-0.8547386606735587,0.09173397640563075,0.380386972254343
1452161,230618.34-000052.4,22.934257884416702,0.008307801554412464,-99.0,-0.5617624120021718,0.04375073666937623,0.3171067856062925
1439704,001658.04-004318.6,23.675378146669296,0.013979951147531366,-99.0,-1.4715545065323563,0.018711923278095344,0.3233288394336543
1399168,022007.61-010509.7,22.958329206595188,0.009851335177621934,-99.0,-0.7037770712607401,0.02954009046939804,0.4728483329354822
1459690,220844.87+005145.8,22.68921465752586,0.03263669269887082,-99.0,-0.9384909946785696,0.06592812994627423,0.5166887341576915
1434557,003400.59-004316.4,23.270434687330273,0.03300356667581994,-99.0,-0.7029357003762904,0.027502349595544207,0.26955804106660075
1407808,015501.53-001929.2,23.333712986250227,0.032681067881314974,-99.0,-0.7531429466763662,0.029804220571125306,0.3412211862252265
1391265,024156.97-000533.8,23.128806744190733,0.07824491782019827,0.618922382726026,-0.6283307817012513,0.14701644183760448,0.5409293918918204
1433995,003542.50+002200.1,22.351133237474222,0.010474295699989256,-99.0,-0.3769676672612512,0.021012603149365983,0.37791397692733625
1414567,013505.08+004054.6,22.52670083252209,0.010208855402646932,-99.0,-0.48478923739677526,0.012822707605104011,0.6726931810128367
1441665,001020.28-000738.8,-1000000000.0,-1000000000.0,-1000000000.0,-1000000000.0,-1000000000.0,-1000000000.0
1397436,022444.94-005921.0,21.792824554580015,0.0,0.21246160020277938,-0.914299627623218,0.0,0.42814214478092505
1395799,022912.78-000953.6,22.85025445815092,0.014351184337746403,-99.0,-1.5262918497238749,0.03945468560194465,0.44005898802950466
1442115,000844.73+011004.0,23.026499986191546,0.009723316919405534,-99.0,-0.4383581381801269,0.02542944084343049,0.43754238455768607
1420823,011654.04-010959.8,21.299378623156805,0.0007734449666241261,0.10047761810888851,-1.4409232571536021,0.0038298761653403623,0.6031062474938987
1427559,005523.83-001941.9,20.907792193436457,0.0035146424234611118,-99.0,-1.981302132786806,0.006729775817536199,1.1125634566685532
1418688,012308.92+011418.5,22.621915510441305,0.037744206536922675,-99.0,-0.9553382645138244,0.046556556529505466,0.392069256570013
1412128,014203.03+003307.8,23.160863389174274,0.0068990869527141285,-99.0,-0.7568756517212334,0.027425398917632404,0.8090338439025018
1444823,235958.66-011225.4,20.88635126160748,0.003416355334033838,-99.0,-1.2378024502325813,0.007334187390456437,0.9280900841298472
1449561,232555.33+004109.9,21.248970512739582,0.0013195093062989827,-99.0,-1.2778298716817167,0.0013200878625082568,0.902210321658983
1410572,014630.14+001521.3,-1000000000.0,-1000000000.0,-1000000000.0,-1000000000.0,-1000000000.0,-1000000000.0
1458954,221409.84+005234.0,22.695266000983857,0.037173232834311065,-99.0,-1.2707012566524538,0.06308714749869981,0.4380963364550999
1396196,022812.19+002657.8,24.027331606572453,0.016830903803235486,-99.0,-1.3198021838445175,0.052740473523351095,0.9896296066086115
1449031,232955.01-005500.3,22.64571401907569,0.019119112529280002,-99.0,-1.1468656267220365,0.05104089100787268,0.22029851514251156
1447302,234236.56+003452.2,-1000000000.0,-1000000000.0,-1000000000.0,-1000000000.0,-1000000000.0,-1000000000.0
1429665,004819.12+001457.1,-1000000000.0,-1000000000.0,-1000000000.0,-1000000000.0,-1000000000.0,-1000000000.0
1446703,234743.18+010602.5,23.230675108449127,0.08519779347964551,-99.0,-0.43771405264692564,0.2034483071824957,0.44982910774755586
1388998,024752.91+001542.3,22.66920470882814,0.01925604503444589,0.42532090404656087,-1.9200920643863966,0.020545967510579688,0.2442878241224534
1389031,024747.78+003006.7,22.921341239050157,0.016094557633286044,-99.0,-0.8368251768024599,0.05526395591868849,0.5002512241491214
1425798,010109.01+011319.9,23.149218401863344,0.0715915248304011,0.2559213018277013,-0.10664670107248586,0.10256314977138553,0.20830535692980898
1443425,000439.97-000146.4,-1000000000.0,-1000000000.0,-1000000000.0,-1000000000.0,-1000000000.0,-1000000000.0
1434463,003416.61+002241.1,20.015628499492827,0.01795404759276309,-99.0,-1.0629571929254191,0.02987434876543249,2.0025930382189276
1423468,010815.34-001802.8,-1000000000.0,-1000000000.0,-1000000000.0,-1000000000.0,-1000000000.0,-1000000000.0
1446173,235127.13-000321.0,22.73700995349548,0.004188747173312635,-99.0,-1.6282378697021982,0.01853064421950268,0.5167926845070262
1388092,025033.21+003829.0,22.40705344883542,0.011506858702805545,-99.0,-1.4403145608212262,0.02584547969618134,0.3024861732712567
1412518,014103.87+005035.7,21.976216958954943,0.015528483187434716,0.4224636280426743,-2.633494902484735,0.03882473102798012,0.9407376095222112
1398873,022057.40+005002.4,22.95724231661581,0.01736442805511551,-99.0,-1.1904176291630955,0.048967931510007445,0.37073310636727524
1441532,001050.95-003133.2,-1000000000.0,-1000000000.0,-1000000000.0,-1000000000.0,-1000000000.0,-1000000000.0
1446508,234905.01+002855.0,22.473730508888472,0.010283109083779607,-99.0,-0.808746753535929,0.031834412217722485,0.8528531034107819
1411121,014452.20+004801.7,23.898541645171782,0.053827343902197455,-99.0,-1.390442824204667,0.07702791900106432,0.31221477242740087
1396588,022704.48-005233.8,23.24599104607021,0.011905277688084581,-99.0,-0.8111320911707756,0.02675522565698535,0.35621066868890056
1448166,233612.39+011425.5,22.583679406231674,0.007800300494444912,-99.0,-1.1823675228523678,0.015431461888460563,0.3430706672488115
1465042,212844.17+010707.7,21.64681957655487,0.007340749335567054,-99.0,-1.0441082837384603,0.020762109352402414,0.8647737445228443
1445964,235247.30-002548.4,22.9380501124485,0.009089896499334671,-99.0,-2.0075751173941336,0.03014043702078395,0.3889438962393754
1409721,014859.56-003115.7,23.3046919982935,0.002857345310642856,-99.0,0.5930906845036636,0.00018885263829915289,0.3668511963311361
1388109,025030.64+003334.9,22.708936903640584,0.004077870325254196,-99.0,-0.6426378773661501,0.03983134250402909,0.5696837626519393
1391563,024109.99-002251.6,21.72810295069676,0.016787543361793666,-99.0,-0.9137836225290563,0.026449312711420758,0.523523996232895
1440454,001433.22+000931.7,23.266838676937844,0.013507009976612139,-99.0,-1.3118011345524456,0.06479698242391096,0.26082286259849086
1427977,005402.21+003805.5,22.96532215714287,0.01998418813530023,-99.0,-1.05630118834011,0.03249365849179586,0.3035000656814283
1450555,231818.46-001103.0,22.55412724493086,0.0015481866559685642,-99.0,-1.4083114508764303,0.004705276664359825,0.6598227527355708
1419286,012121.05-002053.0,23.554733487449518,0.013558720912323352,-99.0,-0.7995278210524361,0.01912367203319404,0.3487722617706781
1390831,024300.73+010915.0,23.31355575373228,0.019167752507858182,-1.0,-0.2589502261862888,0.0327267757591331,0.4081060475752248
1435159,003201.99-010537.6,22.029091433709887,0.0,0.24428075437609123,-0.798826417403764,0.0,0.48352984831183493
1437381,002443.98-010852.6,-1000000000.0,-1000000000.0,-1000000000.0,-1000000000.0,-1000000000.0,-1000000000.0
1398848,022100.47-005805.7,23.220142778486142,0.035903646191570715,-99.0,-1.4480760026004607,0.10381096245511723,0.17707592672033445
1458553,221712.92+002444.2,23.09788934839741,0.008618483337414773,-99.0,-0.7688483437913707,0.028241530342687726,0.5271920609323232
1448042,233706.36+002132.3,-1000000000.0,-1000000000.0,-1000000000.0,-1000000000.0,-1000000000.0,-1000000000.0
1424190,010606.77-010315.5,23.438546161854113,0.017897841166121253,-99.0,-1.9062665245955102,0.03826824620825353,0.2699481076607471
1448075,233652.47+005705.9,23.425312758311,0.005767791944188971,0.2643549433805227,0.6023634933433843,0.012429687154670466,0.38872759890810593
1418730,012301.79+000323.3,20.556536945284144,0.0005529707778340054,-99.0,-1.5037391607350323,0.0009974091654184614,0.5681751721397372
1450213,232106.24-002725.3,-1000000000.0,-1000000000.0,-1000000000.0,-1000000000.0,-1000000000.0,-1000000000.0
1446758,234718.46-001556.4,-1000000000.0,-1000000000.0,-1000000000.0,-1000000000.0,-1000000000.0,-1000000000.0
1416422,012948.79+003205.8,21.896942878976823,0.004699224078610342,-99.0,-1.2644711443545247,0.010410908012572384,0.8082990497863407
1464746,213038.72-005455.7,22.797090114947032,0.0,0.3328866212443574,-1.0791003688167988,0.02711223886838332,0.41214228587877055
1423815,010714.19+000516.1,23.22132385639511,0.014095256335480144,-99.0,-0.6962856479636175,0.0423070361211636,0.35128807916248656
1451649,231022.27-002254.1,22.731571706421953,0.012713638057171295,-99.0,-0.9237982658126977,0.020004061900677383,0.5153000969646554
1416590,012918.25-000248.3,23.946325494072276,0.006234482126599161,-99.0,1.8380098141237529,0.005986262641969553,3.996059633403785
1439714,001655.94+005138.8,23.15711201744177,0.02480592884013255,0.19570488201941152,-1.1252238358576685,0.08011309778919928,0.41514491477528553
1410475,014646.97+005518.4,22.193966533633265,0.015161324103560858,-99.0,-1.4969074761717698,0.04039042339885013,0.23467351390902216
1439796,001640.67+000044.3,21.903092641043507,0.008527064860910372,-99.0,-1.806988112555585,0.02121728823464819,0.3650344671347969
1445775,235358.62-002614.9,23.562824687896175,0.023452389315608002,-99.0,-1.4698803828908495,0.05079160170643515,0.21393750612222942
1447170,234354.78-000109.3,23.30664584134798,0.020346159685527,0.3635078386315772,-0.25025136272568016,0.031328895776976555,0.44822401610109736
1463919,213632.14-002242.1,23.314934155636315,0.008437425891951733,-1.0,-1.2733790373510425,0.018508957888629496,0.5290704889811813
1434522,003406.87+003111.2,-1000000000.0,-1000000000.0,-1000000000.0,-1000000000.0,-1000000000.0,-1000000000.0
1398499,022153.52-001014.8,-1000000000.0,-1000000000.0,-1000000000.0,-1000000000.0,-1000000000.0,-1000000000.0
1389915,024527.72-010602.9,21.84767038934057,0.0042364734176914,-99.0,-1.6232499237770432,0.011461891504839228,1.0442730073653883
1430996,004426.12-002956.8,-1000000000.0,-1000000000.0,-1000000000.0,-1000000000.0,-1000000000.0,-1000000000.0
1422424,011144.65+004101.0,22.715248000507664,0.01914631587402127,-99.0,-1.113845515386998,0.03006851955440437,0.2714554781279368
1388949,024800.73+003827.9,23.030898805848402,0.011719801148535325,-99.0,-0.9394415072493976,0.03283261278231253,0.29876411694945704
1419850,011940.62+004611.0,22.972843320058423,0.05265192278020692,-99.0,-0.8705974298863834,0.059516740888750086,0.36194622913544283
1450711,231715.53+002129.5,22.809434319406996,0.012153154764034113,-99.0,-1.286762223465268,0.04683132292277892,0.3508788674335029
1394719,023203.41-010614.4,23.140607997181668,0.009575365282401549,-99.0,-0.42717387923413774,0.05327039764535099,0.25784021629222725
1451889,230839.95+010548.5,-1000000000.0,-1000000000.0,-1000000000.0,-1000000000.0,-1000000000.0,-1000000000.0
1398871,022057.43-002806.8,22.90549446012438,0.021286666022364287,-99.0,-1.1883889619085206,0.06058640475945365,0.4295980419602542
1391600,024102.28+005033.7,22.562185122354954,0.007028998242137874,-99.0,-0.6069033676262565,0.0007405585926596459,0.3220182190184646
1409989,014816.73-004822.8,-1000000000.0,-1000000000.0,-1000000000.0,-1000000000.0,-1000000000.0,-1000000000.0
1452507,230348.82+004638.7,22.823342782721546,0.028597974127766435,0.2579035730225144,1.073136504474686,0.03391349353992168,0.42179298340590593
1463362,214037.59-003229.4,23.732068271114706,0.03035287982206647,-99.0,-1.4273104465718163,0.08250701436323371,0.286010310445812
1443547,000415.57+005630.5,21.380459354371276,0.0,0.04090539992098496,-0.6590563571974526,0.0,0.4530209792864554
1414650,013450.86-005113.0,21.958047850388148,0.05353652201874226,-99.0,-1.1746140655266606,0.07302737538530124,0.2820911565098128
1409565,014929.63+011010.7,22.081992647340734,0.010564388139249203,-99.0,-1.523149100424558,0.053547398286557635,0.3480750038877643
1392547,023822.77+010649.7,24.057818175338888,0.029571791341416187,-1.0,-1.1620408860082159,0.08147342611764441,0.33923738172634593
1462772,214438.12-011150.4,21.967866886471107,0.005833162032180539,-99.0,-1.8594727268787663,0.0058867615044825294,1.197909954958395
1402595,021040.56+000300.2,-1000000000.0,-1000000000.0,-1000000000.0,-1000000000.0,-1000000000.0,-1000000000.0
1450042,232212.14+003618.3,22.795646928698595,0.020180701493934805,-99.0,0.023321687499825217,0.057769381923813076,0.4579131090689127
1439450,001746.57+005644.1,22.30351534759631,0.03256802834425088,-99.0,-1.558790697036926,0.06128336640886001,0.39532427199338
1452886,230056.89-005134.7,22.131251610765354,0.018159310111105498,-99.0,-1.4496054501260454,0.023113159238312475,0.6319891868926988
1390467,024402.47+010018.4,22.64626825018714,0.010934478789632607,-99.0,-1.0849297861883098,0.0015460994324396626,0.561742556584506
1443682,000347.20+005344.7,22.482344036547993,0.033251519262167406,-99.0,-0.2774502740126916,0.05155232545192251,0.339721844092345
1445137,235802.92-011133.3,23.001249195312944,0.004853794421730839,-99.0,0.35677434325230095,0.035385603804696686,0.6152842546663604
1434015,003538.53-011044.1,23.731751791480328,0.037458667247287636,-99.0,-1.3230526873363186,0.09516078001167427,0.2877313418960702
1450154,232129.80-002445.7,23.205489051036373,0.02248640302474847,-99.0,-1.595943647148582,0.04993222335259517,0.4030287252738019
1423684,010734.93-010350.9,22.030891847535067,0.008255702744222049,-99.0,-1.3335273347920324,0.016539593201247982,0.8270712183912298
1444189,000204.39+004700.6,22.612428889815213,0.0,-99.0,-0.5595927048039568,0.0,0.4181394914519643
1447874,233818.25-005610.5,21.093547104799917,0.0,-99.0,-1.0195723900921045,0.0,2.0957481236879247
1449326,232734.73+002234.0,20.717630564587147,9.07601385602419e-05,-99.0,-0.9828473515319356,0.0008395479586604804,1.0408201318169967
1437571,002407.52+005627.7,23.45353889309377,0.009994525058392156,-99.0,-2.0930808781602668,0.019860428119077067,0.7785319329868201
1437842,002315.72-010434.2,22.68302359079359,0.016004403477873907,-99.0,-0.6529522716190979,0.057919712756832664,0.37320183271786816
1391747,024039.63+002944.0,22.1658210630167,0.0003156020186700914,-99.0,-0.4397796404705341,0.0015278798835784424,0.6831708832328998
1415243,013321.07+003528.8,22.782274429515148,0.024121052777319463,-99.0,-0.1352594799009763,0.04439687580771075,0.4392646497368648
1451393,231211.83-002359.6,22.97807934850099,0.020200653158681803,-99.0,-1.0486121670769823,0.03149254440676308,0.6036372898398691
1421434,011455.50+000809.6,22.7191462610949,0.017228578236583303,-99.0,-0.3857213264448731,0.048556197692160435,0.20596427029549733
1408466,015257.22-002548.2,22.874092712023433,0.011087495231087985,-99.0,-1.0194429310805337,0.021889259187899024,0.26636137433011636
1445051,235833.18+003848.4,23.318560693223738,0.026865445998858206,-99.0,-1.6086667814939166,0.04049918387088791,0.77025676091917
1439469,001743.02-001845.7,21.932926146548375,0.0,-99.0,1.151423059997306,0.0,1.920409165318793
1408709,015210.35+011228.8,23.989685564030033,0.0854657201238318,-99.0,-1.6993188538803006,0.1076031213607711,0.7319708831013376
1404324,020547.33-010701.5,-1000000000.0,-1000000000.0,-1000000000.0,-1000000000.0,-1000000000.0,-1000000000.0
1389463,024637.94-004105.3,-1000000000.0,-1000000000.0,-1000000000.0,-1000000000.0,-1000000000.0,-1000000000.0
1420571,011737.34+003755.2,22.21746503566532,0.012525317845799577,-99.0,2.0028237548578005,0.02610311405170407,9.453668720022485
1449514,232619.42+002111.3,23.244610918622335,0.01840161865741763,-99.0,-0.99859042384087,0.07368481203174249,0.22289287387276002
1463613,213843.74+000254.9,22.30392059204282,0.009570508242635611,-99.0,-0.7604485916723931,0.022487972657121547,0.48672999135405054
1450128,232138.36+003412.9,-1000000000.0,-1000000000.0,-1000000000.0,-1000000000.0,-1000000000.0,-1000000000.0
1394057,023351.46+000505.7,21.035115043671162,0.0005381238043877801,-99.0,-1.596541282539783,0.000933773360677792,0.3978952719641145
1447809,233842.94-003036.1,22.785965426576688,0.026817050854068825,-99.0,-1.566240295048536,0.04355931134462776,0.4801202123969198
1424176,010609.96-003457.4,23.00274964008475,0.019966735538083924,-99.0,-1.2582277366457353,0.055834538456876914,0.30410493095497615
1431660,004232.72-005329.0,-1000000000.0,-1000000000.0,-1000000000.0,-1000000000.0,-1000000000.0,-1000000000.0
1452371,230441.51+003307.2,22.851629732605268,0.013141935109581837,-99.0,-1.3447526270044174,0.03409317051094274,3.398657266163866
1444305,000141.43+002356.3,21.286949564132932,0.008731493550229175,-99.0,-1.5035205725453586,0.031574574404362954,0.5671318220387769
1429771,004759.64-003423.5,-1000000000.0,-1000000000.0,-1000000000.0,-1000000000.0,-1000000000.0,-1000000000.0
1423912,010654.26+010214.6,22.67952526085751,0.008991878679340815,-99.0,-1.441256242155927,0.052679639313477966,0.47489256324535595
1436031,002916.37+004047.7,22.120307722218094,0.003970430123505508,-99.0,-1.1882498667037331,0.010375382074211625,0.45638684689190334
1450529,231833.77-004236.8,22.334621280766278,0.015330019121151395,0.13285746662500506,-0.7860287603195815,0.012765468428323157,0.35932427432264386
1400788,021539.62+005640.1,-1000000000.0,-1000000000.0,-1000000000.0,-1000000000.0,-1000000000.0,-1000000000.0
1392138,023934.30+004830.8,22.341768975431016,0.009447868138119375,-99.0,-0.4337912161032085,0.017352016404702353,1.8225931353254199
1395126,023057.91-003014.4,20.24155361369518,0.0014352084921309682,-99.0,-1.899927434924297,0.002750361709137117,0.9779755638214009
1428074,005343.99-011423.0,22.56750950818367,0.01388594815670885,0.31773776790329056,-0.7060716418141739,0.041277581884803904,0.5274707163146998
1413126,013922.03-004722.2,24.02916153625157,0.03575742915725044,-1.0,-1.286700135022366,0.0728012403537468,0.3235877163324002
1450721,231712.15-010559.2,-1000000000.0,-1000000000.0,-1000000000.0,-1000000000.0,-1000000000.0,-1000000000.0
1445276,235708.87+000702.2,20.28990232704674,0.004171343495267266,0.5104182924712349,-3.217238786543317,0.00578114434814192,1.8964481975912748
1435466,003100.84-004430.9,20.02832278266228,0.0,-99.0,-0.9691252084374851,0.0,10.164049519407794
1400610,021609.52+010130.4,19.69090924116498,0.0059673870338450286,-99.0,-1.8233086183383573,0.013433972204213385,0.7544073052867858
1422009,011304.97+005843.8,23.56071385241156,0.05819784421174923,-99.0,-1.6477018359865845,0.09494213111433436,0.3143858902703302
1403215,020854.62-011336.2,23.381108149075708,0.08464613053491554,-99.0,-1.0230929415152765,0.17486884396037095,0.6562212707022298
1446965,234551.25+002332.5,23.220708386013847,0.008466887654590138,-99.0,-1.0566576187425931,0.039171224165764684,0.4393671934507505
1465448,212541.32+002010.0,21.843175254305457,0.005051374617632831,-99.0,-0.7721454346408123,0.014907806616603958,0.4880681969903995
1452480,230358.66-001732.9,-1000000000.0,-1000000000.0,-1000000000.0,-1000000000.0,-1000000000.0,-1000000000.0
1422557,011114.25+001957.3,22.836591362638792,0.026943241560717368,-99.0,-1.1225994135110828,0.05705327812371486,0.40142257690190597
1437701,002339.42-005047.0,22.75506987700401,0.011021965432593817,-99.0,-1.515568870891336,0.03151667631462074,0.38698457812292686
1449269,232801.47+001705.0,20.599537600702057,0.0,-99.0,-0.7705806964247062,0.0,0.8016070875710235
1447729,233917.09+000225.4,22.26573099920204,0.004342330636015745,-99.0,-1.8388647823750843,0.030620053925707547,0.44982737805745493
1394866,023140.34-000210.5,24.22481959893299,0.04322540227296834,-99.0,-1.4011016360697122,0.0713301450784809,0.21116509443953657
1427384,005557.01+005933.4,-1000000000.0,-1000000000.0,-1000000000.0,-1000000000.0,-1000000000.0,-1000000000.0
1460984,215837.49+001653.2,21.75329603143944,0.0005120157707239059,-99.0,-1.1407778431132054,0.0019079296082813446,1.886455398866106
1415236,013322.44+004443.2,24.22385205691517,0.01653387638344661,-99.0,-1.563618959417279,0.043419261937448606,0.2697032068935067
1445720,235419.43+003215.8,23.024851688716133,0.040520080445825,-99.0,-1.0573958101885044,0.09266325591748836,0.19059810276590874
1397528,022430.27-005139.7,23.32329003133902,0.027922030573757084,-99.0,-0.9356186685871526,0.05139156470224926,0.4427719607884734
1452636,230244.01+003355.4,22.563227689925263,0.007496032010489984,-99.0,-0.22285689440784573,0.027161030689902096,0.35603123408348103
1465430,212549.79-010417.2,23.543578459729396,0.022240563960878035,-1.0,-1.3744044884558964,0.06112371272742312,0.42011234075694215
1398196,022237.28-004846.6,22.100735254233093,0.004890973626316963,-99.0,-1.400537809555686,0.01593785196673425,0.4486833950903209
1437782,002327.67+000956.8,-1000000000.0,-1000000000.0,-1000000000.0,-1000000000.0,-1000000000.0,-1000000000.0
1435460,003101.77-004917.7,24.085686757944494,0.03120682065927305,-99.0,-1.6426768171997055,0.04048726313971851,0.5097688544609341
1402700,021024.75+005357.7,24.456096207878424,0.02302227110963173,-1.0,-0.7254777963832177,0.11401167999090502,0.30751345375044853
1452523,230341.92-004321.2,22.999929112860166,0.018432335934202015,-99.0,-0.2775170061060974,0.04087354214982636,0.273921784561374
1430778,004505.73+004443.1,22.78859861029114,0.013675136035562474,-99.0,-1.2515870359067298,0.05475465679181002,0.2972887424499634
1422503,011126.51-003806.0,22.116371813595798,0.005110009883324551,-99.0,-0.9635202089161847,0.014234056669269746,0.3094276932259569
1438154,002215.35+000121.6,23.194043587082355,0.04222718871207398,-99.0,0.11364800702062894,0.05715099447953964,0.4029014885682405
1444319,000138.87-000543.6,23.054542403552965,0.018644849110360795,0.2524797052144373,-0.7929502338968799,0.03160068542787409,0.6002453181713397
1465240,212715.81+003130.9,22.93098687023862,0.0036099802737865616,-99.0,0.46047887969291246,0.038393238414519554,0.3134506070868817
1464779,213022.87+002720.6,22.758329368492888,0.022973205552725418,-99.0,-1.2630302194690395,0.05246898748912865,0.45385645801404545
1441701,001013.45+004506.9,22.38070288704919,0.004250565150796248,-99.0,-1.5979144374024647,0.021698843483552888,0.3036342808518903
1390906,024249.54-002304.1,22.771883948680134,0.015001579736981796,0.3508821733693242,-1.0177140450997708,0.01994946079019655,0.416238675828946
1411175,014442.86-010604.6,-1000000000.0,-1000000000.0,-1000000000.0,-1000000000.0,-1000000000.0,-1000000000.0
1438063,002235.11+000534.6,22.52217534514518,0.01116286359374108,-99.0,-1.4986170891788237,0.01815467842275087,0.5070543121889736
1451490,231131.05-004039.0,23.420227859339086,0.02982208336930192,-1.0,-1.0405956518871609,0.08154201949545936,0.20068153222963997
1450291,232026.64+000031.6,22.90072357192451,0.018625905889599892,-99.0,-0.9939316854987945,0.04441462573590749,0.3000308125787202
1465822,212313.25-001638.4,23.59938236901757,0.006364102710447739,-99.0,-1.3293370364468164,0.04366985682762903,0.3156179597716669
1461040,215815.21+005451.2,22.207676975827745,0.0008673401477832243,-99.0,-0.16447018741035535,0.0011898801537879172,0.35062597454917643
1443908,000300.56+005120.9,23.28758288827766,0.0317733076835669,-99.0,-1.2632138473940988,0.07699133516223977,0.9325098519282304
1431694,004227.84+003616.3,23.492148791145517,0.03312681688671937,-99.0,-1.5041013447894116,0.057689488093234376,0.3987571554505436
1416689,012901.16-004155.6,22.379081393258282,0.007838468314265157,0.2820624288772455,-0.8389133787599725,0.026681116803750626,0.3197271458267628
1445053,235832.42-003240.9,20.426483588134253,0.0017133140932656943,-99.0,-1.3939428834973202,0.005818565905090889,1.030399547031422
1394168,023332.71+004939.7,23.113083811409375,0.0099331891393728,-99.0,-1.259633603068509,0.04052230148818958,0.274653012369409
1435027,003227.65+005415.8,20.985126146892846,0.005179682400298091,-99.0,-1.504980129520387,0.01575285641582158,0.7837433602455636
1418241,012432.75+002303.8,-1000000000.0,-1000000000.0,-1000000000.0,-1000000000.0,-1000000000.0,-1000000000.0
1404173,020614.02+001043.2,23.909866437941098,0.022863807374804423,-99.0,-1.6618247583473722,0.046058341270503345,0.40470708460255106
1422526,011123.15+003632.7,-1000000000.0,-1000000000.0,-1000000000.0,-1000000000.0,-1000000000.0,-1000000000.0
1446261,235051.33-000504.4,-1000000000.0,-1000000000.0,-1000000000.0,-1000000000.0,-1000000000.0,-1000000000.0
1420716,011712.81-005817.4,20.260605010388396,0.0,0.05040228512478715,-1.4262413825117837,0.0,5.7161097489953425
1461076,215758.41-000730.9,21.56134887681109,0.005651311647776325,-99.0,-1.1863946509922756,0.013162905105666978,0.3714834296406491
1453154,225904.86-005330.6,22.9740043440351,0.021756399759320644,-99.0,-1.021634548613211,0.051329618626137996,0.32275774924932765
1451376,231218.76-004406.9,23.722451428774924,0.02848551219185147,-99.0,-0.7183188058437429,0.08810527556029796,0.16171862445429652
1455911,223711.96-011050.1,23.004110882094047,0.020392786460643464,-99.0,-0.3751854608678489,0.05035176464990773,1.390589742455251
1438869,001938.63+004717.3,23.38339019015013,0.023238223835164717,-99.0,-1.204731334044114,0.11806130493914502,0.5305876237451875
1463038,214254.17-000758.0,23.293774512482095,0.022180845779473657,-99.0,-0.834944434409719,0.07584188342088405,0.34390385292256204
1437465,002425.83+000036.4,-1000000000.0,-1000000000.0,-1000000000.0,-1000000000.0,-1000000000.0,-1000000000.0
1397673,022405.10-005911.4,21.57006383366511,0.0040144291088939354,-99.0,-1.4325227075619829,0.006680972852220579,0.7082810331817575
1444636,000034.13-002415.2,23.09089975044828,0.014870249380951606,-99.0,-0.7140180133779204,0.033892306362490854,0.6984465664195096
1449778,232417.44+005120.1,-1000000000.0,-1000000000.0,-1000000000.0,-1000000000.0,-1000000000.0,-1000000000.0
1450281,232030.97-004039.3,21.033870756514595,0.0023881686941162883,-99.0,-0.9325933617473776,0.008316461226977878,0.48839919601738724
1390471,024401.59+010749.6,23.146922762733944,0.020510241477174063,-1.0,-1.5563502502892153,0.053605874423582,0.4987054528996738
1408506,015249.76+002314.6,19.96362366118526,0.014383065238954273,-99.0,-0.9788364645094951,0.011070444022607928,0.8648234847922974
1430667,004526.85-003304.6,21.735891142015127,0.005725800724034613,-99.0,-1.291452776128199,0.018255292209390594,0.3786788108311362
1395804,022911.94-004851.5,21.86187267653502,0.008701859930075884,-99.0,-1.301439085163921,0.028936017135068326,0.6940254090214687
1460748,220021.45+004907.6,22.929263436347433,0.004662053562780599,-99.0,-1.0225444198871978,0.04596044478435091,0.4695935033371187
1452528,230337.60-001707.4,23.83930468061586,0.0750490320303232,0.10324093245400984,-0.8406419186748977,0.09563312049969425,0.31220877871676833
1441152,001206.35+010658.1,22.535013666375157,0.013064220992191622,-99.0,-0.8545625539588872,0.032149295215050666,0.4368201419480636
1447415,234142.32+003312.4,-1000000000.0,-1000000000.0,-1000000000.0,-1000000000.0,-1000000000.0,-1000000000.0
1444417,000119.36+010524.7,22.85453037248228,0.005141324683171078,-99.0,-0.7459217380654728,0.029707227382377077,0.559232268106282
1465169,212748.04+002348.9,23.25212817488542,0.00918702239435909,0.10080207788311986,-0.8105060256576664,0.02736700110703172,0.3917284939788434
1395348,023025.03-004944.1,20.738687092311103,0.0007740977565351415,-99.0,-1.6578296626868299,0.004286780462091633,0.40731217286546256
1456305,223408.99+000001.6,20.15861053747434,0.0012322597232206078,-99.0,-1.2693862596542047,0.003972599701883017,13.859878898294482
1426281,005937.36-001734.4,22.814565456343608,0.014645953499190512,-99.0,-1.3510812737186337,0.05228946978533355,0.301531403264991
1444739,000015.17+004833.2,21.966324376461735,0.003905296369595135,-99.0,-0.4115047330773285,0.005326822000410958,1.4351301039940743
1415065,013347.89-003956.4,-1000000000.0,-1000000000.0,-1000000000.0,-1000000000.0,-1000000000.0,-1000000000.0
1417394,012711.05-005733.5,-1000000000.0,-1000000000.0,-1000000000.0,-1000000000.0,-1000000000.0,-1000000000.0
1445425,235615.98-005418.5,23.11823904540109,0.0032577074870232536,-99.0,0.44091340052592454,0.014060242767816394,0.2696417734523724
1404414,020533.93-005321.6,-1000000000.0,-1000000000.0,-1000000000.0,-1000000000.0,-1000000000.0,-1000000000.0
1464819,213006.58+004408.1,21.96373086617958,0.009875513905539535,0.3889716598569472,-1.7314451048045347,0.018188527347778205,0.49386915015272864
1395319,023031.04+010324.9,22.59368375817386,0.014242876676524574,-99.0,-1.584131795009514,0.020825406540502023,0.15090613917402082
1393594,023510.91-010427.3,23.199270849294216,0.012452916567209371,-1.0,-1.4605802055740162,0.04653094428993976,0.3613856368657455
1425653,010136.34+001758.8,22.630826846176113,0.02131175815642372,-99.0,-1.0238847909298272,0.03610286212974495,0.5047008084784027
1433438,003722.89+000016.0,22.623168357826962,0.026280348896996486,-99.0,-0.9017639137182618,0.0279093352413764,0.4001566607587328
1410659,014612.42-001547.6,22.705487805083898,0.03258808474786434,-99.0,-1.2478773240374244,0.07539941540658879,0.2914824652482228
1433304,003747.70-000509.6,-1000000000.0,-1000000000.0,-1000000000.0,-1000000000.0,-1000000000.0,-1000000000.0
1419318,012114.54-010130.4,21.037008121940964,0.0,-99.0,-1.178378452834862,0.0,0.5653997122695821
1398273,022227.66+003138.6,22.05642706083001,0.011208698303715181,-99.0,-1.0330472485079762,0.016898749712691008,0.33939746031430357
1445812,235344.01+005216.9,21.68690472472141,0.009431392585756981,0.4091263962071563,-1.6213480222959946,0.009250531679864116,0.39351219307738694
1445793,235351.86-004416.0,22.965440054493023,0.11399741128633956,-99.0,-1.1501630643818017,0.20214396420164993,0.725910497446944
1403259,020849.91+003546.5,22.342610595145466,0.011515389781422414,-99.0,-1.2011388065021018,0.01895736583117824,0.6625540296698713
1441362,001126.52-010341.3,23.23638474555333,0.01154851212729291,-99.0,-1.3918993258010341,0.040186503884122926,0.5868939536286124
1403822,020711.50-002052.3,-1000000000.0,-1000000000.0,-1000000000.0,-1000000000.0,-1000000000.0,-1000000000.0
1463497,213933.40+004858.8,23.78169726870015,0.01740559309427958,-99.0,-1.6978434234885094,0.030277634321770552,0.3329142222496515
1459902,220708.50+004952.2,22.756309715060787,0.03920635476624135,-99.0,-1.1971341801678674,0.06070261222006901,0.8510125002802158
1447133,234414.67+010013.1,22.960082141955844,0.015798784815599376,0.37758963095252385,-0.8809543342817827,0.024759042115012342,0.41514789535640656
1465541,212506.20-001250.9,22.859020165064358,0.00968596489946627,-1.0,-1.1945484800933195,0.02491802212319494,0.7714363831093518
1395135,023056.57-001024.7,23.27116786516168,0.003398111557810779,0.2769602959694375,-0.5974559980260761,0.014207585962275449,0.26568743242102527
1463998,213604.78-005930.5,22.770800643545293,0.017890035315666353,-99.0,-1.0626691505358843,0.04409836062427486,0.6132322365830728
1431335,004326.53+001757.6,23.048612807001255,0.011276903111356873,-99.0,-1.02767782141186,0.046135019918928655,1.2700605107397034
1451947,230810.17-004410.7,22.573618658987563,0.0,0.3268311773873415,-0.08149248019589361,0.0,1.17914271904109
1452351,230449.00-010050.6,19.4394903194679,2.514892113225642e-05,-99.0,-1.2471971941839621,9.714516038727972e-05,6.131601210381348
1422008,011305.03-005920.4,-1000000000.0,-1000000000.0,-1000000000.0,-1000000000.0,-1000000000.0,-1000000000.0
1407108,015717.23-001457.0,21.298232611211994,0.004339514452116333,-99.0,-1.4579382643429044,0.012506862362036797,0.44636899920754786
1418245,012432.33+000634.4,22.29253245044793,0.03038191571147486,-99.0,-0.016073185964579295,0.04139881147086261,0.47661041206966637
1412283,014137.91+003553.2,22.971153086561138,0.013555044362760782,-99.0,-1.5879748430276597,0.018093565448524807,0.4187597294048521
1447540,234042.32+001650.1,22.68078969350325,0.00743933405010111,-99.0,-0.7634176053963193,0.02973953243059052,0.29404875405750486
1444861,235945.12-002957.1,22.515170662384385,0.006848557199878869,0.2184972167490296,-1.328098446740686,0.05280469853437919,0.7044027089718625
1427560,005523.73-001624.7,23.574480206002328,0.052333815287237684,-99.0,-1.7447512100618061,0.08058404246376227,0.42225848873158
1430961,004430.72+003600.6,-1000000000.0,-1000000000.0,-1000000000.0,-1000000000.0,-1000000000.0,-1000000000.0
1446837,234648.11-000452.2,23.01212899271109,0.013644505444299071,-99.0,-1.8963640338668504,0.03091596582450129,0.6002643299097706
1438511,002059.08-010515.5,22.52111261483673,0.007266801283600799,0.17072728657834702,-1.2698218020465708,0.01662769178442247,0.4104385489672213
1403595,020749.65-000822.3,20.87808673716966,0.0003982775668998073,-99.0,-1.1750435707965838,0.0016702766860239304,0.324700375037236
1450416,231925.60-005751.3,23.292432704173102,0.04285985347559418,-99.0,-0.4432788511289978,0.10162751812484985,0.1666280838739067
1400112,021735.44+001456.2,-1000000000.0,-1000000000.0,-1000000000.0,-1000000000.0,-1000000000.0,-1000000000.0
1416630,012911.27+002255.7,22.624597063790084,0.016834225014186188,-99.0,-1.546058453272475,0.03941212077298539,0.34851718038374596
1394251,023318.76+002125.7,21.68200073748151,0.0011726538932776975,-99.0,-1.162826794347188,0.014736773120417546,0.7412094029386767
1406464,015925.07-001755.4,21.67009509139144,0.0007533518763391811,-99.0,-1.3480767977117791,0.0009855313706859103,1.136278782788781
1411115,014453.14-003959.7,23.858418135474317,0.035741348135562845,-99.0,-1.0955840412551252,0.08578424794312078,0.23430052966401538
1391245,024200.53+005322.2,20.55791876574269,0.0005931930366287474,-99.0,-1.7588067438364066,0.003397506024499508,0.6554658741166546
1431987,004141.07-001937.8,-1000000000.0,-1000000000.0,-1000000000.0,-1000000000.0,-1000000000.0,-1000000000.0
1465776,212330.31-010123.5,23.283268961888844,0.005464524855547381,-99.0,-0.9507635705132556,0.030944928133468608,0.3510015300539979
1448487,233401.21+005830.3,23.047008772288684,0.019005099040860784,-99.0,-0.9969922816080006,0.029409054587751282,0.30371930275296516
1421062,011605.74-010242.7,22.948356633466695,0.01874267454526901,0.11701173026268578,-0.8205368146529173,0.03864900386046227,0.2412284412211931
1413427,013829.56-000912.6,23.116097403494003,0.015427157912446532,-99.0,-1.0501497035471128,0.03718011129183063,0.368861213041731
1430749,004510.38-004519.6,23.198379041040745,0.014486007669018974,0.4027814760952309,-0.21164290866411228,0.07065291438191013,0.4704290870449893
1390067,024507.22-000232.6,22.15797045372137,0.027728074167647776,-99.0,-1.0071978490108968,0.050621301531663776,0.3420224190619713
1398933,022046.83-010851.3,21.756622403394395,0.0,-99.0,-1.0839357335136715,0.0,0.3446463274005612
1419793,011950.07-001138.9,20.616689915020764,0.0006260442320371595,-99.0,-0.41346020421784857,0.0021288582858379757,1.3252700698755158
1448700,233225.28+011443.4,-1000000000.0,-1000000000.0,-1000000000.0,-1000000000.0,-1000000000.0,-1000000000.0
1434410,003426.23+002602.0,23.094530917954067,0.07615417395104629,-99.0,-0.9189839391414774,0.10467632634178803,2.143210510984556
1463965,213618.93-003124.1,20.403890811863512,0.00012146678807667399,-99.0,-0.9310383698594391,0.0002348174828266103,9.773217082996515
1394579,023224.47+003836.2,21.76413295620774,0.0025820824882050175,-99.0,-1.1230409581798289,0.01318901903501235,0.4930414743661238
1397920,022322.73-005248.5,20.64913979420337,7.164142403759399e-05,-99.0,-1.976276879693149,0.00022223321203329593,5.202857562144042
1453417,225652.24+004005.5,22.642806421745497,0.006725517167200934,-99.0,-1.5916166273215628,0.01456623800846335,0.3928712624519039
1435489,003056.58+001755.0,-1000000000.0,-1000000000.0,-1000000000.0,-1000000000.0,-1000000000.0,-1000000000.0
1397322,022502.95+002923.2,21.315690561566008,0.00330947196667708,-99.0,-0.9495671144635027,0.005146381503219666,1.283723541565099
1465762,212336.02+005616.3,22.681065903286502,0.051832974922314534,-99.0,-0.9041885220902568,0.0723803545850778,1.6084661701636562
1435925,002935.46+005459.1,23.01689780013259,0.021135979133548588,-1.0,-1.0738377760647793,0.05542371101732335,0.47546236921685286
1393945,023411.76-001327.5,22.49985892258612,0.00822920384814907,-99.0,-1.7282322993372699,0.012449407414981128,0.367297059966318
1396646,022655.24-005534.8,22.203730307198676,0.01140942494838093,-99.0,-0.7399883724692531,0.02367097855524103,0.5423705496422947
1445593,235515.46+002549.9,22.8818664197587,0.000500010816555374,-99.0,-0.5002050413260868,0.00010917311528801932,0.3893150484548032
1428777,005113.68+003759.1,-1000000000.0,-1000000000.0,-1000000000.0,-1000000000.0,-1000000000.0,-1000000000.0
1410327,014714.14+010124.2,-1000000000.0,-1000000000.0,-1000000000.0,-1000000000.0,-1000000000.0,-1000000000.0
1439039,001904.83+003436.5,21.072638244792834,0.006694377558327247,-99.0,-1.2882344295513808,0.016569457171056734,0.7431690888908675
1436123,002858.52+003054.7,22.17769687253182,0.0066038686072733555,-1.0,1.3354215216360394,0.023568532739848824,0.6930807123561384
1418215,012438.31+000014.5,-1000000000.0,-1000000000.0,-1000000000.0,-1000000000.0,-1000000000.0,-1000000000.0
1403636,020742.63+011349.7,22.228670489507287,0.025652496843244776,-99.0,-0.44662519003456946,0.03988395137760803,0.3731390945495833
1426556,005836.81-000542.9,23.08085509499393,0.0035912455071684946,-99.0,-0.9575459603953238,0.008486915978387966,0.7721667573604628
1434012,003538.95-001246.8,-1000000000.0,-1000000000.0,-1000000000.0,-1000000000.0,-1000000000.0,-1000000000.0
1447688,233937.96+003805.8,23.03604910214326,0.027155688559705737,-99.0,-1.6411790969702058,0.07336498834757166,0.2173478393437736
1452542,230329.53+001715.4,22.622240209628266,0.01179500397361366,-99.0,-0.8999932714190475,0.02917780465743136,0.9252711473657663
1414253,013555.24+000024.6,23.179641353893835,0.015398199882561414,-99.0,-1.3813819398633882,0.03589995054782358,0.38546620879372573
1412244,014144.84+000818.0,24.003399001346374,0.03437744304318535,-99.0,-1.3111617292875777,0.06858726502213519,0.28451116079083927
1402866,020955.22+002611.7,23.017553374149763,0.004499371827000331,-99.0,-1.1662547553761708,0.012968753660083543,0.5686525206957422
1449686,232458.42+005429.8,22.465948810327113,0.011444726507772174,-99.0,0.42491183997587356,0.03239374833042977,0.6279333585455212
1450672,231731.06+001225.4,22.429139791923454,0.010954828710376674,-99.0,-1.1420000041630445,0.030376212673919878,0.3287414820308178
1446004,235229.93-002702.4,20.93645168018204,0.00023589345945929097,-99.0,-0.8128419009417822,0.004470040733705272,1.5266811708603012
1445848,235329.48+000645.7,22.434541844162133,0.003739417237209608,-99.0,-1.6048320004599108,0.012525190474854786,0.6731099562349342
1392468,023835.60+004959.4,23.011991549431933,0.0077387647059534714,-99.0,-0.45025919018076976,0.026997638521569278,0.41263902133886515
1396936,022606.35-005429.0,21.70136616128881,0.0037876705905226515,-99.0,-1.24028647154773,0.01582266813112232,0.3677320580779546
1406889,015801.49-004112.2,-1000000000.0,-1000000000.0,-1000000000.0,-1000000000.0,-1000000000.0,-1000000000.0
1426360,005922.56-004117.9,23.871133059041547,0.03327365213816158,-99.0,-1.822446390014587,0.07559881032502547,0.3185921705745243
1451876,230845.84+011201.3,22.70865500689593,0.00990971110804928,-99.0,-1.3042240269736216,0.025191664354631382,0.7594887159819743
1390699,024322.61+001043.9,22.52007862560236,0.015223017658554383,0.32377115575399174,0.6837286367628792,0.004007525361088948,0.47322493486150136
1419466,012047.52+001520.1,22.85460634470362,0.02980758935967387,-99.0,-0.5514133431780346,0.05396288537638727,0.4053118621476148
1411621,014327.49+002201.6,-1000000000.0,-1000000000.0,-1000000000.0,-1000000000.0,-1000000000.0,-1000000000.0
1452534,230333.67+010350.4,-1000000000.0,-1000000000.0,-1000000000.0,-1000000000.0,-1000000000.0,-1000000000.0
1448168,233611.57-003042.6,-1000000000.0,-1000000000.0,-1000000000.0,-1000000000.0,-1000000000.0,-1000000000.0
1420711,011714.42+000820.2,22.68863275753018,0.020637027893366522,-99.0,-0.9135796807852348,0.050793234103017726,0.35343844395640206
1439654,001708.25-003844.4,-1000000000.0,-1000000000.0,-1000000000.0,-1000000000.0,-1000000000.0,-1000000000.0
1397617,022414.66+002415.5,21.65156979761081,0.0,-99.0,-0.019423604823977314,0.0,0.6428376421541108
1463764,213735.92+010303.7,23.57154976174798,0.055692032170489014,0.09482974573259824,0.4464286073122814,0.08268730687041173,0.2372720080828386
1393530,023522.46+011420.0,22.461037964938136,0.02032687854189419,-99.0,-0.7664804141778623,0.0494955283524231,0.6654899430922144
1435777,003000.32-001705.8,22.691818814645167,0.012185604112948667,-99.0,0.1387392097813116,0.03461381470122665,0.723990803925097
1417041,012807.41+002933.8,22.125742422095136,0.003711204927903111,-99.0,-1.2546124121154048,0.015621100967396884,0.6896060104411237
1406028,020052.07-002530.3,-1000000000.0,-1000000000.0,-1000000000.0,-1000000000.0,-1000000000.0,-1000000000.0
1395414,023014.58+000246.2,22.833800510603517,0.015118144496755193,-99.0,-0.08935863777969466,0.03566919843974657,0.550788345218254
1440895,001305.00-010549.2,-1000000000.0,-1000000000.0,-1000000000.0,-1000000000.0,-1000000000.0,-1000000000.0
1462834,214413.40-005931.6,21.60839428122886,0.0,-99.0,-0.8067159339905432,0.0,0.8329036905812675
1463437,214002.76-004548.9,21.917861554255147,0.0018785999745141169,-99.0,-1.2689169920044163,0.007565896849711651,1.266324916357744
1393979,023403.97+010555.2,23.053453371533287,0.010559771306031251,-99.0,-1.9224908964709506,0.02822553670411576,0.2386136865742387
1390560,024347.34-005354.9,20.91148176993608,0.0,0.4087350045489166,-1.1232149384797223,0.0,0.9823197850810067
1453048,225949.78-000413.9,-1000000000.0,-1000000000.0,-1000000000.0,-1000000000.0,-1000000000.0,-1000000000.0
1460769,220007.24+001450.3,23.344638214055387,0.027744268647742487,0.3876193607104808,0.7879502035494532,0.02910176577872753,0.45494812486354197
1433671,003635.40+004631.9,23.73756209204584,0.03795184454812528,-99.0,-1.6918038657811092,0.12413550725663491,0.28914945212143306
1429932,004733.85-002247.9,22.866140341476758,0.010488126591070568,-99.0,-0.8661925663706445,0.041158961676484696,0.4545432171715902
1445907,235305.98+004624.7,20.707247721051637,0.0006518810353295379,-99.0,-1.5740391013014534,0.00424899199966744,0.34335539677063975
1450265,232037.99+003139.7,21.34015488058774,0.005988907956924194,-99.0,-1.2437611019248371,0.010933740979061968,0.5347541587514328
1447847,233829.30-005933.8,23.3490978631063,0.04070212792340655,-99.0,-0.9034698731747799,0.0708563387429475,0.4147335206604551
1395413,023014.79+011049.7,22.142990301301573,0.0005989521787519436,-99.0,-0.6503010667819504,0.005442537749278276,1.952402869353168
1463288,214109.94-004308.1,-1000000000.0,-1000000000.0,-1000000000.0,-1000000000.0,-1000000000.0,-1000000000.0
1411577,014334.89-005635.2,21.305654834936384,0.00038567580123327616,-99.0,-1.768104330046814,0.0006565686348753985,0.9228996486226582
1444302,000141.92-011339.6,23.278496118092427,0.01648307298498075,-1.0,-0.0600596438472909,0.03824301060806855,0.9703528500851702
1401470,021351.60-004850.1,22.411042393678663,0.02551394321236522,-99.0,-1.276037722451563,0.050354279304460126,0.47481845165662456
1463567,213908.45-002022.9,21.72512890705699,0.006021909356537236,-99.0,-1.6442850852867563,0.01314008592151783,0.2959771829328027
1463119,214224.60-010606.8,-1000000000.0,-1000000000.0,-1000000000.0,-1000000000.0,-1000000000.0,-1000000000.0
1425884,010052.75-003135.6,23.01596259901539,0.0,-99.0,-0.17444857160878158,0.0,0.7412934168308228
1433375,003734.67+000802.3,21.187949740630266,0.0,-99.0,-1.1826569315076263,0.0,0.7114918307421332
1427348,005602.55-000203.0,22.2603123220592,0.014175199097321567,-99.0,-1.3385190829031561,0.02284226383314991,0.46575849018274373
1401665,021323.27+005413.6,-1000000000.0,-1000000000.0,-1000000000.0,-1000000000.0,-1000000000.0,-1000000000.0
1422796,011024.50-001543.9,-1000000000.0,-1000000000.0,-1000000000.0,-1000000000.0,-1000000000.0,-1000000000.0
1437448,002431.14-005609.3,-1000000000.0,-1000000000.0,-1000000000.0,-1000000000.0,-1000000000.0,-1000000000.0
1419630,012016.42+001437.5,21.907206518771027,0.0016326277083944518,-99.0,-1.2178274942726572,0.005197210580943912,0.5036572432157936
1460215,220436.01+004722.3,22.195506438350613,0.019330890261635147,0.23242712769154952,-0.9858499265298502,0.03719180041521447,0.3421476217506764
1458601,221652.58+004828.4,21.618239388209737,0.005474416501547452,-99.0,-0.2983269946876099,0.018364554296632085,0.8819959364829886
1395940,022849.12-000027.6,24.664977059637685,0.027890024088730314,-99.0,-3.2387104463641028,0.026913813527587482,0.4835110649276784
1409148,015049.35+010040.1,22.77925789559739,0.00544295240556103,-99.0,-0.9682425124545011,0.0287970601278405,0.2368757937821335
1452205,230559.71+010957.0,22.77918038496248,0.010071605409107676,-99.0,-1.4292857231956742,0.02495865231847738,0.30062132100938815
1438689,002018.14+005004.5,22.330418626954987,0.00899867459125403,-99.0,-1.1654411058533332,0.01811749319347511,0.36119092204645564
1449835,232345.90+004012.2,-1000000000.0,-1000000000.0,-1000000000.0,-1000000000.0,-1000000000.0,-1000000000.0
1397180,022526.15+010124.0,22.307800138632636,0.011023895999366928,-99.0,-1.0494348268105451,0.022846395568698274,0.4519121653343321
1434374,003433.05-003619.5,22.85730336270725,0.008008271251078725,-99.0,-0.8051750635160815,0.06622082022105275,0.1806432615822262
1445072,235826.70-000833.9,22.986550273652533,0.0003469302295933119,-99.0,-0.4815075958854873,0.00034627445037660465,1.0613040723249398
1444342,000133.70-000630.6,22.635105275307517,0.0014293127325260002,-99.0,-1.3397859409018196,0.0011610870521738814,0.41313207713345235
1395560,022947.12-005332.4,21.698006099643102,0.008105164166174461,-99.0,-1.763979752286577,0.024190034656563664,0.3958189080673012
1429979,004724.55+004320.7,23.14612017157811,0.030742853237226697,-99.0,-1.0063046127424835,0.07645937894402499,0.460430652762235
1446870,234631.85+005224.7,23.37170653244666,0.04409392163832848,-99.0,-1.238441870172438,0.07096028342806482,0.4281050958730843
1448920,233048.42+004700.0,22.341628149384952,0.008974832098749275,-99.0,-0.4222615928414992,0.034249906441575884,0.4076595489238952
1439610,001715.91+003908.2,21.663805830920957,0.01422843539003793,-99.0,-0.6303143158427842,0.011746828456116187,0.6784476012410422
1413413,013831.32-010242.8,22.858714326829535,0.00499242637838293,-99.0,-1.9522877854733558,0.013355794604040572,0.6114740874089968
1463204,214145.90-005041.8,21.758880021041456,0.0,-99.0,0.07559228891180769,0.0,0.41261379037469853
1392559,023820.90+001419.7,21.78722712834611,0.0,-99.0,-1.2535717097589623,0.0,0.6966046483386061
1435532,003047.62+003609.3,21.77339929979086,0.05339212119632286,-99.0,-1.2170762269674285,0.09054143603864162,0.7313961902408276
1452501,230350.41-001507.4,23.73011307854656,0.053525220391792416,-1.0,-0.3251192681669881,0.15101002652006135,0.3995028440578944
1404018,020643.52+002347.3,-1000000000.0,-1000000000.0,-1000000000.0,-1000000000.0,-1000000000.0,-1000000000.0
1459587,220931.20+001608.8,23.997067925130033,0.04047596405862386,-1.0,-0.4409618733787921,0.08310757326051858,0.5060311340388589
1433987,003544.05-011008.7,22.721101575533005,0.026956928410868386,-99.0,-1.0701794459628693,0.04780159612065005,0.7282267515370422
1433623,003642.81-000140.0,21.027841286562484,0.0006699038407198543,-99.0,-1.7660645752957862,0.0013634175902786927,0.9942968396399431
1452933,230037.32-010703.8,-1000000000.0,-1000000000.0,-1000000000.0,-1000000000.0,-1000000000.0,-1000000000.0
1421161,011548.83-001535.4,23.19170879658183,0.0040705915227068346,-99.0,0.8976027604859418,0.029345077392086694,0.8039859955381942
1395510,022956.55-002953.9,23.383010968232803,0.016112461314357063,-99.0,-0.6920027501156509,0.019441329435909427,0.7336615077293591
1409828,014842.52-002009.0,22.009987335956147,0.005435453909479193,-99.0,-1.8225379163117315,0.022849730725522877,0.3417385358599087
1431456,004308.92+011218.9,-1000000000.0,-1000000000.0,-1000000000.0,-1000000000.0,-1000000000.0,-1000000000.0
1419676,012009.40+004937.6,22.649463408882802,0.01271177468162854,-99.0,-0.9340642810286681,0.04026953874596545,0.29818194274159493
1401861,021251.57+003122.9,23.35354498552261,0.03112555448667287,-99.0,-1.6048978476973956,0.051813193357400866,0.4882242693710567
1450696,231719.96-001906.4,23.061039085311386,0.012443846508576328,0.3369577067827175,-0.6192963501799582,0.042237741592312084,0.4033450967302058
1445279,235708.25+003107.7,22.168161547118295,0.018615632234446622,-99.0,-1.023030722008385,0.026053659972960608,0.41221646501568876
1465480,212529.45-010808.2,22.35403402719465,0.0,-99.0,0.09197570089850782,0.0,0.5859895522656091
1389506,024629.57+010529.6,23.36501942861215,0.02536822188027088,-99.0,-1.6231001306626962,0.04597670196428327,0.35142608076625154
1464875,212946.73-000841.9,23.170354255634656,0.007527463646184174,-99.0,-0.8273133770351828,0.030864198662845177,0.3517012016997111
1418527,012340.87-010527.3,-1000000000.0,-1000000000.0,-1000000000.0,-1000000000.0,-1000000000.0,-1000000000.0
1428469,005219.31-002315.5,22.539974637932566,0.02629433892665567,-99.0,-1.128408963317919,0.037901671129032644,0.5043402696362813
1433437,003723.49+000812.5,19.05315035006543,0.00013282087275356957,-99.0,-1.599698011144861,0.0001533963594497756,6.378109487416065
1444472,000109.16-001234.2,23.03907994841186,0.002255712675038879,-99.0,-1.063039045254671,0.008274253560205613,0.7379895002867917
1394705,023205.09+010640.3,19.54471805644419,0.0009801539023968076,-99.0,-1.7012917520378,0.002747447049883167,3.1315238779432697
1445767,235400.37-004203.4,23.197373293072594,0.016743692836325152,-99.0,-1.4869375404209162,0.022920569615424213,0.2761696019515904
1433660,003636.61-010617.6,-1000000000.0,-1000000000.0,-1000000000.0,-1000000000.0,-1000000000.0,-1000000000.0
1438936,001926.60+003756.6,23.355716684917205,0.0227843402149297,0.3507869964968407,-1.0640641593180846,0.03640092859150412,0.28782281713696706
1425118,010314.96-001659.5,22.93316437216199,0.018348605746041358,-99.0,-1.725650841065844,0.029728723855040773,0.5360643901135184
1424781,010417.81-005317.0,23.4830977932265,0.001187279824401699,-99.0,1.5272940774472685,6.063262725586327e-05,1.8396328805443571
1406677,015841.87-002500.2,-1000000000.0,-1000000000.0,-1000000000.0,-1000000000.0,-1000000000.0,-1000000000.0
1413831,013716.27-001847.4,-1000000000.0,-1000000000.0,-1000000000.0,-1000000000.0,-1000000000.0,-1000000000.0
1433859,003603.63-002533.1,22.348752299095743,0.007013257088344105,-99.0,-1.4010193992750124,0.020836493750548968,0.42200308101002104
1390600,024339.51-002445.8,21.64776541623619,0.006047927429415623,0.14210966323660282,-1.655412922953606,0.05434119924854386,0.463314464420292
1422139,011240.81-005745.9,22.9643837803009,0.010911594659317458,-99.0,-0.8764131088154024,0.05235103656663709,0.5072927138236845
1398179,022239.83+000022.5,20.6864252322301,0.00013925412083004574,-99.0,-1.1448308174163806,0.0030590714425977605,2.029482518037769
1400158,021728.17+003902.0,22.83423206531301,0.012570970645029433,-99.0,-1.4018522546774452,0.03333914541540339,0.4113998024289767
1434940,003243.93-003700.1,23.028020572032496,0.010939610278750678,-99.0,-1.0529024412979249,0.07872930576605269,0.2513316247990013
1449906,232310.17+003642.4,22.73893827308293,0.025528379830053183,-99.0,-1.0749047263528193,0.04774879011916777,0.31940358367883753
1439012,001911.16+003521.6,22.42431082097783,0.0047509989175065215,-99.0,-1.123262807299211,0.012206610777215854,1.2809136659840148
1461290,215621.81+010330.5,20.255280591388093,0.0011685645865266991,-99.0,-1.331523866098693,0.004622166087875135,1.252835172495509
1462850,214408.11-005036.7,22.080377929339043,0.0028282903863896536,-99.0,0.886040194295739,0.005762953664002812,1.2564149290749438
1427471,005541.59-005051.5,23.2585279294532,0.012515276389777341,-99.0,-1.450953464599246,0.025890492032605072,0.21990502883967544
1426661,005813.68+001409.0,23.40454510245646,0.0,-99.0,1.1017509451542598,0.0,0.6953619764473893
1403046,020923.69+002748.9,-1000000000.0,-1000000000.0,-1000000000.0,-1000000000.0,-1000000000.0,-1000000000.0
1412806,014014.57+004148.4,23.260995563192033,0.009017317338662068,-99.0,-0.8188287911582757,0.0452668734705346,0.2345614007362245
1408552,015243.42-003936.3,21.8813708849812,0.021303479200955877,-99.0,-1.0411716683631878,0.01971431692260428,0.26876346720193994
1459206,221218.77+010215.9,23.251724354649618,0.06882077224861227,-99.0,-1.5147388870418355,0.08351629294721652,0.5446963958020563
1450464,231902.52-001826.3,22.56468318185997,0.016072561785920314,-99.0,-1.5326482606849092,0.03757992448620118,0.21605134541349505
1432058,004126.67+011437.2,21.873798183543265,0.004566631557496592,-99.0,-1.1511507133229486,0.010281923565491957,0.44245545293997923
1459879,220719.00+011445.0,22.779530434924403,0.018682746353482216,-99.0,-0.20723043372430894,0.03199400931822757,0.6705397243437383
1460689,220052.16+005233.3,23.57328515259571,0.03136454067779404,-99.0,-1.1685079590435445,0.07306614232913328,0.3878095285625762
1392889,023720.39+011152.0,23.066506753061738,0.009584012438264011,-99.0,-1.0875894650720923,0.03182582197036432,0.34064513411215863
1388585,024905.65+010516.3,-1000000000.0,-1000000000.0,-1000000000.0,-1000000000.0,-1000000000.0,-1000000000.0
1459541,220949.71+004603.4,24.112633267439925,0.02757265636166295,-99.0,-1.9613327778084035,0.04548751953100316,0.4255673469953753
1465614,212432.00+000004.1,22.78570186434026,0.0,-99.0,-1.242908096090983,0.0,0.4065517436066241
1389740,024555.35+005332.6,24.02240745360222,0.00911522441441548,-1.0,-0.5954880034336734,0.01784388877618398,3.1674881801575347
1413723,013735.06+001534.0,22.3629926882032,0.00012166705372074205,-99.0,0.6156063455848395,0.0,0.5653675901770951
1429590,004832.30+001101.9,-1000000000.0,-1000000000.0,-1000000000.0,-1000000000.0,-1000000000.0,-1000000000.0
1428714,005126.02+004745.7,-1000000000.0,-1000000000.0,-1000000000.0,-1000000000.0,-1000000000.0,-1000000000.0
1430554,004548.14-002651.2,22.98222410200183,0.0017746812691576963,0.3394127287581336,0.4477089891282571,0.04409488662894279,0.6132438467338382
1447452,234123.50+001619.9,21.972839135522698,0.0023596534819336767,-99.0,-0.8495806176116298,0.01724555038351483,0.4294836584686831
1423034,010934.56+004820.4,22.6447930516159,0.031356232940051854,-99.0,-0.9703249578322124,0.07221001571592067,0.22489232056325092
1426899,005727.48-000127.7,-1000000000.0,-1000000000.0,-1000000000.0,-1000000000.0,-1000000000.0,-1000000000.0
1410151,014745.19+001859.2,23.038270216848197,0.005171519607616304,-99.0,-1.03461314637876,0.015935548176633674,0.5960582844192008
1449965,232246.17-000227.6,22.342560416639266,0.0373696490884079,0.3974436638502363,-2.224986845134869,0.08428221456009699,0.5485388554331334
1422026,011301.77-010009.1,-1000000000.0,-1000000000.0,-1000000000.0,-1000000000.0,-1000000000.0,-1000000000.0
1392411,023848.07+001931.0,22.42749648244854,0.00887790030585478,-99.0,-0.8946271489007511,0.016709160880606533,0.36099500902572834
1434549,003402.37-005421.9,22.65231361434021,0.04422982420464017,0.7767973296948343,-1.4180147296379624,0.101719181963692,0.2975148611826223
1455891,223723.37-010224.4,23.283751129262207,0.007397815539995634,-99.0,-1.0920159938265699,0.04263268890373395,0.3843898801750953
1393607,023508.74+005507.1,23.58206191521156,0.020258346164023777,-99.0,-2.112858211562644,0.007047191027480082,0.3053323272424473
1390164,024451.38-004940.6,22.91659604786951,0.01263279939433204,-99.0,-1.547484494492604,0.0325467375962506,0.34785400511532505
1452138,230633.16-005924.5,22.58111790107106,0.020545794814346152,0.45316995716660374,-1.8860271856787474,0.0763795123749339,0.23180227556921795
1438034,002239.09-000458.3,22.933253167023672,0.018204452211971756,0.23709689184672686,-1.124984527757121,0.053960444469018265,0.2398994215839073
1422961,010950.88-000355.3,23.72860009412515,0.02318693775523961,-99.0,-0.8542339912806245,0.0637568483508879,0.36152725047261425
1451045,231453.63+004151.5,-1000000000.0,-1000000000.0,-1000000000.0,-1000000000.0,-1000000000.0,-1000000000.0
1405286,020307.16-010718.2,23.126899658077967,0.015442672054515327,-99.0,-2.8454524755206227,0.02470993554204237,0.45192255908012663
1400175,021724.53-010357.5,21.53414205793731,0.002962822307690516,-99.0,-1.6828527063837506,0.0018708080795297732,0.44456678231825536
1414484,013516.78-005403.8,21.824985595877187,0.002030523203533363,-99.0,-0.9392163488545116,0.004993177830994733,0.9679679546306764
1388721,024841.82+003044.8,22.29587567036895,0.014984891752511942,-99.0,-1.1198074088310839,0.027004581187946908,0.30122811799546434
1419326,012113.15+002647.6,23.70893690747446,0.025629944797431747,-99.0,-1.1094031760823104,0.07642702781974808,0.3345856446017822
1393511,023526.95-003133.4,21.940073821411353,0.003262230461684723,-99.0,-1.0878169299786378,0.008871546024618815,0.4164886193335902
1453093,225930.89+001321.9,23.05626442733992,0.021296192107493894,-99.0,-0.7789905322878452,0.039104781218038676,0.2723598762719849
1434259,003456.23+003232.3,22.97992011778208,0.01181600304844821,-99.0,-1.1752169503020076,0.032959279226834726,0.32720598614633245
1460696,220049.17+001942.9,-1000000000.0,-1000000000.0,-1000000000.0,-1000000000.0,-1000000000.0,-1000000000.0
1389929,024525.25+000726.3,23.193571657310606,0.02382982279024226,-1.0,-0.7195518547457365,0.05325686196812124,0.7060721999748266
1427972,005402.98+005738.7,22.281702147576844,0.014002987623857877,-99.0,-0.9901591956183093,0.022596528347323064,0.8600086304861192
1461014,215822.51+010748.9,20.798064562371415,0.0,-99.0,-0.9348011176836968,0.0,7.971420686282153
1394119,023340.33-001106.4,22.717600752765158,0.03492800951099717,-99.0,-0.5361453234471307,0.037349358034190816,0.7113139267980779
1399386,021931.65-001124.0,-1000000000.0,-1000000000.0,-1000000000.0,-1000000000.0,-1000000000.0,-1000000000.0
1435523,003049.21+000004.7,-1000000000.0,-1000000000.0,-1000000000.0,-1000000000.0,-1000000000.0,-1000000000.0
1441420,001115.69+011459.2,-1000000000.0,-1000000000.0,-1000000000.0,-1000000000.0,-1000000000.0,-1000000000.0
1412004,014222.81-001304.1,-1000000000.0,-1000000000.0,-1000000000.0,-1000000000.0,-1000000000.0,-1000000000.0
1431930,004150.31-002343.7,-1000000000.0,-1000000000.0,-1000000000.0,-1000000000.0,-1000000000.0,-1000000000.0
1447972,233739.12+002656.2,21.020990155777078,0.003204435266601635,-99.0,-0.845690612272123,0.009943032419894138,0.3827566503580491
1393429,023540.90+001038.8,21.61475463834423,0.0008483673900894217,-99.0,-0.9748484344434578,0.004960188347780559,0.7104741460579347
1396812,022625.04-004039.3,23.3233816917735,0.03654295856720502,-99.0,-0.19593782804865612,0.06396577579177644,0.27157728963080074
1410065,014801.12+002148.4,22.820418107678343,0.01633668178068426,-99.0,-1.083897990246144,0.02604417234506573,0.39861146212919063
1405209,020322.14+005443.6,20.941410986575697,0.0,-99.0,-2.1083250030865868,0.0,2.1448337033403027
1403955,020654.12-004502.2,23.5536951866219,0.02170366747549224,-99.0,-1.7024899189293938,0.02598937344820862,0.489239499611809
1425244,010250.52-004644.5,-1000000000.0,-1000000000.0,-1000000000.0,-1000000000.0,-1000000000.0,-1000000000.0
1440519,001420.44-003620.3,-1000000000.0,-1000000000.0,-1000000000.0,-1000000000.0,-1000000000.0,-1000000000.0
1404287,020553.98+003631.3,20.407868575907067,0.0015871884415297188,-99.0,-1.451121651506257,0.006616953144018223,0.4841214480549077
1388708,024844.92+010057.7,22.417586190056106,0.008877082190839047,0.27581428732179286,-0.9880369088391294,0.021088555223383376,0.3874247219094239
1411924,014234.94+003927.2,23.977749372583524,0.03310122135729898,-99.0,-0.9791914516948603,0.05574140006787148,0.23773512672125363
1434577,003356.51+010627.7,22.49281988236371,0.0001406857616181867,0.0657252070932074,-1.4568717382189535,0.0005684240240125815,0.3261699962034049
1452859,230110.51+003055.7,-1000000000.0,-1000000000.0,-1000000000.0,-1000000000.0,-1000000000.0,-1000000000.0
1389734,024556.52-000357.3,20.940817357637606,0.004247058160160577,-99.0,-1.6057522351014621,0.015560407237465657,0.5505601820705024
1441652,001022.14-003701.2,20.96564074715652,0.012189033934157933,-99.0,-1.0396486091968726,0.0154104856271845,2.2423178321466097
1404495,020520.33+002911.8,-1000000000.0,-1000000000.0,-1000000000.0,-1000000000.0,-1000000000.0,-1000000000.0
1398392,022211.06+002153.0,23.021412048701087,0.016405358490843014,-99.0,-0.2560961703040636,0.023512093306861076,0.2469399670455057
1466166,212043.04-005712.1,23.065525920024932,0.002273429323835785,-99.0,-1.6488759020718575,0.007214116769473922,0.6115897589744491
1425831,010102.09-005827.2,23.811804105134165,0.01914786569305882,-99.0,-1.5732905003874436,0.058138950904273234,0.32246736648219393
1435575,003037.54-004049.1,21.532428777836493,0.002748906101430748,-99.0,-1.9263984992937453,0.04452394219656941,0.3653545554897091
1451543,231111.07+000407.3,23.726155639855058,0.028494710336968154,-99.0,-0.9840830655350832,0.06561341822015693,0.9757948906916928
1420397,011809.77+002158.2,23.519338419026617,0.0001015446658314545,-99.0,1.883926407378441,0.000536181789197343,5.100913509230697
1404461,020525.72+010716.0,22.367716002583684,0.0005363390168433568,-99.0,-1.0894019605104646,0.0017376563018753899,0.531290805979055
1422881,011006.23+004507.5,22.34380451869702,0.0016692902790893527,0.050304280297109503,-1.0934374213047646,0.007161037864455322,0.2861105754952462
1398366,022214.56-000321.8,-1000000000.0,-1000000000.0,-1000000000.0,-1000000000.0,-1000000000.0,-1000000000.0
1408395,015310.54-004208.3,22.6360620757302,0.0008357987399509881,-99.0,-0.363694141990341,0.0022290551725152596,0.5378310560932875
1447077,234446.20+003405.4,22.011427139107944,0.012885932879331818,-99.0,-1.7799824383067788,0.020778561538889795,0.38844853078684377
1453328,225739.36-001123.1,-1000000000.0,-1000000000.0,-1000000000.0,-1000000000.0,-1000000000.0,-1000000000.0
1431899,004154.37-002955.8,23.31184759097436,0.04876711367492348,-99.0,-0.9689869447612658,0.10132884356201194,0.5203371386875102
1442859,000622.60-000424.4,-1000000000.0,-1000000000.0,-1000000000.0,-1000000000.0,-1000000000.0,-1000000000.0
1441040,001232.68-000803.6,22.803012829012026,0.0001578766469823023,-99.0,-1.1979023442828045,0.008628486176049277,0.5714582137028754
1440245,001514.98+004936.3,22.79331423659928,0.01417011517856892,-99.0,-1.1649183258409788,0.032192028868724853,0.8789941037317853
1399207,021959.65+001746.6,-1000000000.0,-1000000000.0,-1000000000.0,-1000000000.0,-1000000000.0,-1000000000.0
1440141,001534.67-011118.8,-1000000000.0,-1000000000.0,-1000000000.0,-1000000000.0,-1000000000.0,-1000000000.0
1439092,001854.25-010202.2,-1000000000.0,-1000000000.0,-1000000000.0,-1000000000.0,-1000000000.0,-1000000000.0
1433860,003603.60+000423.3,22.45657938875363,0.009775068455617486,-99.0,-1.7444223475561866,0.01797614317513585,0.3623836564870744
1412697,014034.77-003604.8,-1000000000.0,-1000000000.0,-1000000000.0,-1000000000.0,-1000000000.0,-1000000000.0
1408414,015306.71+003236.7,22.75198192757842,0.013156011614485763,-99.0,-1.1471366604957032,0.05480547482489928,0.4715953998834364
1447430,234137.04-000038.5,23.300730911670563,0.0354979300352376,-99.0,-0.5340599346394752,0.06079509434926461,0.4123550029416872
1429938,004732.73+002111.3,21.663269877340603,0.010641874148520358,-99.0,-1.741756545460896,0.016357457348613935,1.0132204611872393
1458705,221603.93+005659.5,22.197316387966133,0.008430413138285076,-99.0,-0.7507322351751862,0.033368419901520396,0.46648905974405297
1451632,231029.21+002425.3,21.72127993135927,0.004353728061134987,-99.0,-1.4603153453163618,0.015373947895821916,0.44231023526133384
1447346,234213.52-000006.3,22.282355474036827,0.0,0.09481799525824962,0.26292919507580503,0.0,0.5829883808332854
1428960,005038.61-002414.8,-1000000000.0,-1000000000.0,-1000000000.0,-1000000000.0,-1000000000.0,-1000000000.0
1421554,011432.69-005550.4,22.236740340868344,0.0,0.34266989549317306,0.3757265812276538,0.0,0.6332716274350302
1432280,004050.17-003303.1,22.945136326300606,0.020664815107647172,-99.0,-2.2217550898130494,0.05807828652059155,0.34729295347646305
1389511,024629.37+000735.3,25.63707591696268,0.1024451219843936,-1.0,-1.2954183311360064,0.23283604460268764,0.32116783649968605
1422896,011002.41+001200.2,22.45742196177482,0.012969595902392328,-99.0,-1.3299201931642881,0.025011675724427085,0.6419339914401858
1401845,021254.17-002619.3,22.583845961813772,0.01331440638090875,-99.0,-0.7463452879437238,0.038433609273045566,0.47599518559754617
1418014,012517.15-001828.8,21.343732006977554,0.0026300669921930364,-99.0,-2.205306680639732,0.003314554676743686,2.7130041279437678
1448535,233340.93+003835.5,-1000000000.0,-1000000000.0,-1000000000.0,-1000000000.0,-1000000000.0,-1000000000.0
1428571,005157.96-004437.7,23.752945730816656,0.02195729758946996,-99.0,-1.3948335832939858,0.0431055593497478,0.47509122344590154
1465527,212511.83+011222.5,21.302088167143232,0.0024615066295208266,-99.0,-1.55966655457383,0.00922114843616928,0.5767782484095438
1425384,010226.31-003904.5,16.9692237963286,0.0,-99.0,-2.2041027167384986,0.0,7.960097561500827
1422659,011051.72-003929.0,21.52747434678121,0.0,-99.0,-1.3087457403557377,0.0,2.0657418085176937
1426266,005940.49-010246.9,23.42825048397261,0.019701069788817804,-99.0,-0.954986620949831,0.04744523389466443,0.48506050063512574
1437726,002335.95+001227.9,21.052509551782173,0.0012774703156548384,-99.0,-0.63167288656477,0.011327797356230906,1.0520047137852246
1396636,022655.76-005339.3,21.360637900905395,0.019325436490236214,-99.0,-1.5096774100340635,0.04137143929138998,0.6216805717146169
1396849,022619.53+005509.6,23.475652755435696,0.013164407341887951,-99.0,-1.423468623789799,0.06048231792274372,0.3220179149417473
1402940,020942.39+005147.6,22.170525964354916,0.006382070646600013,-99.0,-0.8370101876642613,0.013590832507210604,1.1001948542572595
1426978,005711.43-002000.6,22.76266143883651,0.007784125056780056,-99.0,-1.4584918265531677,0.014708442151074919,0.5094174118335324
1464868,212950.63-005704.8,23.01230788119799,0.06634124468376967,0.24054644910192996,-1.6649849514347506,0.15268669201116947,0.27629504700757906
1448655,233244.20+005306.1,23.149196960844527,0.013736469162379805,-99.0,-0.9010552121295214,0.03711200496352668,0.36725295788099827
1443759,000330.18+000813.2,21.833911308783847,0.006253776715530179,-99.0,-1.4714372746962265,0.014392324054377847,0.6365196084607911
1390689,024323.84-003712.9,23.572879325066545,0.024223323162040344,-99.0,-1.3652604906060786,0.063658006925708,0.28701071753288576
1432130,004112.41+011128.9,-1000000000.0,-1000000000.0,-1000000000.0,-1000000000.0,-1000000000.0,-1000000000.0
1452266,230532.04-010302.4,23.55130100858242,0.021047515913901194,-99.0,-1.4720838384295365,0.035456457347391224,0.3616768767082552
1389855,024535.92+000537.8,21.077771806933434,0.006985734334916671,-99.0,-1.3591509581959458,0.018876695037212787,0.6739977750609282
1422047,011258.63+010314.6,-1000000000.0,-1000000000.0,-1000000000.0,-1000000000.0,-1000000000.0,-1000000000.0
1426073,010017.81+002918.0,23.48194674693611,0.009411160074535019,-99.0,-1.177925668818217,0.019393299129869535,0.6438613992575937
1464974,212910.34+010811.0,23.28619497922724,0.02531465606755212,-99.0,-2.1738712159245743,0.02849906292043758,0.5496288585268645
1445140,235802.22+001900.7,23.676116639688168,0.005169941585254634,-99.0,-0.1389861687752525,0.030350824204471216,0.43983215868338715
1452493,230353.35-002241.1,22.24314357120479,0.0036081662342191123,-99.0,-1.0535473387999255,0.017892517334050506,0.36343020240579177
1433989,003543.55+010039.2,22.61711707376123,0.014818582820215198,-99.0,-1.2347410821291613,0.03870490524963921,0.2978680092075191
1422081,011251.88-002921.5,22.149854658355757,0.0031423966296184602,-99.0,-1.116779751649473,0.018278623256615112,0.2436928722839165
1401318,021414.06+002227.0,23.50652345997593,0.006756723948182497,-99.0,-0.030222607164144932,0.016664495919845645,0.3334345853657688
1446726,234732.87-001351.5,23.301467079049466,0.01921923078271881,-1.0,-1.4844437585561945,0.0361885821223048,0.25989916445469147
1452336,230459.27-002238.5,-1000000000.0,-1000000000.0,-1000000000.0,-1000000000.0,-1000000000.0,-1000000000.0
1443303,000500.53+010220.8,-1000000000.0,-1000000000.0,-1000000000.0,-1000000000.0,-1000000000.0,-1000000000.0
1424917,010352.55+003018.8,22.384770205812835,0.0,-99.0,-1.1278321685339896,0.0,0.5049031357354782
1390390,024413.84+001833.5,20.72140306533023,0.0,0.5198296413882944,-2.2872654099726963,0.0,2.925842305312325
1463606,213847.01+005726.2,21.876111712675645,0.004977318791015151,-99.0,-0.6574222016411806,0.008846027323084704,1.6773319448319135
1442586,000716.99-004056.4,-1000000000.0,-1000000000.0,-1000000000.0,-1000000000.0,-1000000000.0,-1000000000.0
1451412,231205.06-002256.9,22.649632014052024,0.033116344246799656,0.370029531549837,-1.3523402521267056,0.05756134622554465,0.519144823539129
1452308,230509.88-001023.2,23.15370123087711,0.020126602166392615,-99.0,-1.5303889347958153,0.07513729436097083,0.357600052951454
1449369,232714.71-002249.9,21.345767607918397,0.0,0.19222705089280814,-0.5651983255949471,0.0,1.3278570774574698
1410235,014729.77-004118.3,-1000000000.0,-1000000000.0,-1000000000.0,-1000000000.0,-1000000000.0,-1000000000.0
1447799,233845.45-000331.8,22.86611341038276,0.003943039766509671,-99.0,-1.6566248688923229,0.01978040944878101,1.0107626550031563
1436974,002612.01-004239.4,23.21568186647142,0.01312116856396095,-99.0,-1.2382271317235758,0.04336387683098564,0.4790207153833711
1431142,004402.34-005027.1,23.195337603369246,0.01077053536482353,-99.0,-2.31091475267187,0.02192674742299383,1.9589120291473998
1448320,233512.30+001827.5,22.437350063428433,0.0027006222922842937,-99.0,-0.8570475230111088,0.017284953867777952,0.430405851546713
1463578,213902.05-002405.6,23.03136445482874,0.022817553008600555,-99.0,-0.9154860381611698,0.05724226340329719,0.8402363135622721
1446801,234700.59+000538.8,-1000000000.0,-1000000000.0,-1000000000.0,-1000000000.0,-1000000000.0,-1000000000.0
1417864,012544.01-001543.7,-1000000000.0,-1000000000.0,-1000000000.0,-1000000000.0,-1000000000.0,-1000000000.0
1449979,232241.90-011329.7,22.919208032252577,0.016006571118181157,0.053180519850994215,-1.0731490134786883,0.0,0.28347865995353594
1422767,011031.71-001609.5,23.66263740963128,0.04336147198543472,-99.0,-1.752650049955986,0.06509375374197413,0.22007324458735084
1403410,020823.54+004450.1,-1000000000.0,-1000000000.0,-1000000000.0,-1000000000.0,-1000000000.0,-1000000000.0
1392430,023845.61+011220.7,20.776581266224788,0.00033238398463808494,-99.0,-1.2472097744671742,8.306818503589497e-05,1.3035646477591627
1404810,020429.59+010959.8,21.425218060190197,0.0,-99.0,-1.250005594088139,0.0,1.085888864072792
1448492,233359.35+005456.2,20.914426794179185,0.0026297194503843713,-99.0,-1.4044514852287877,0.005578927890988461,0.4559028160186673
1395397,023016.88-000743.7,20.229484113452934,0.0,-99.0,-1.5565348890786268,0.0,1.6550855906561524
1407505,015556.52-005008.0,-1000000000.0,-1000000000.0,-1000000000.0,-1000000000.0,-1000000000.0,-1000000000.0
1416994,012815.59+004133.1,23.098604040858156,0.02388441828836463,-99.0,-1.720180083266972,0.08196979229661627,0.3882652632371927
1391150,024214.97-003131.8,21.632100426696404,0.005642909663485796,-99.0,-1.9876460766800967,0.016602428253766455,0.5453950233626991
1389350,024652.16-011243.0,21.582488007651612,0.0,-99.0,-1.1107331124859186,0.0,1.2428036872038886
1443823,000317.45-003417.1,23.253363620585866,0.016059195379840574,-99.0,-0.9864778228466475,0.0513322003926075,0.16604860328910592
1395358,023024.00+005652.6,22.694083635827845,0.021036197656645328,-99.0,-1.4939973372019217,0.0616290980952946,0.26292308309411727
1432151,004110.01-004411.8,20.753220787414328,0.003046217047444344,-99.0,-1.460709396617827,0.00696150004550089,0.7445063859746975
1409814,014846.79+004225.5,22.403861878381697,0.014318896825367133,-99.0,-0.8437040009590477,0.022207109732511054,0.19395915198999197
1442019,000906.06+005431.9,21.944441665738076,0.011444895912999797,0.1522253004396103,-1.5858401012508083,0.018284203989637704,0.30272151388431584
1427935,005413.17-001138.5,20.86095269408039,0.0,-99.0,-1.3560879375079593,0.0,1.634461784618299
1436247,002831.71-000413.2,20.18677860780482,0.012075066880035124,-99.0,-0.06729927307523464,0.011601220534935008,0.8389747219136202
1402069,021215.86+003439.5,21.693561731977077,0.0,-99.0,-0.11450161765504507,0.0,0.9623208560876245
1424515,010506.06+003912.9,-1000000000.0,-1000000000.0,-1000000000.0,-1000000000.0,-1000000000.0,-1000000000.0
1453190,225847.45-010214.7,23.465674648483848,0.03179453328535864,-99.0,-1.9975905377145042,0.04375457347091183,0.662964789320021
1453501,225618.43-010922.9,21.665614810691814,0.0005895265421340667,-99.0,-1.1512979459014323,0.004272964835597137,0.5652368049492695
1430475,004602.51+001049.9,-1000000000.0,-1000000000.0,-1000000000.0,-1000000000.0,-1000000000.0,-1000000000.0
1404549,020513.66-010528.2,22.672031059697566,0.06577177324126104,-99.0,0.5809163496474481,0.10189683749362599,0.6469422166628783
1390276,024433.37+001949.1,22.495680132033165,0.02052791365033002,-99.0,-1.7223257892664465,0.03398958290329257,0.35176973623821545
1460530,220206.35+010542.6,23.25977959294189,0.020602287262576624,-99.0,-1.3576784988855812,0.02562385959681257,0.36719155079892857
1401833,021255.52+005804.8,-1000000000.0,-1000000000.0,-1000000000.0,-1000000000.0,-1000000000.0,-1000000000.0
1459807,220754.02+003220.8,21.530329420406254,0.009416183675616807,-99.0,-1.2747882558908472,0.016738743210390372,0.6018598038853175
1446020,235221.19-005125.9,-1000000000.0,-1000000000.0,-1000000000.0,-1000000000.0,-1000000000.0,-1000000000.0
1403502,020805.90-000139.5,22.41826856394129,0.00920454570997542,-99.0,-1.4540109741262714,0.028682185058128473,0.3629773260198975
1465091,212821.72-003244.3,-1000000000.0,-1000000000.0,-1000000000.0,-1000000000.0,-1000000000.0,-1000000000.0
1389354,024651.87-010732.6,21.536159550064703,0.0026663426813211544,-99.0,-1.1555062447649758,0.02251574068355988,0.689734824717397
1408853,015145.45-004000.2,22.77376673661761,0.0018544728746228145,0.03550776447551467,-1.2237652001834571,0.00889197406302622,0.44750186797259517
1445686,235435.33-004131.1,23.21692037345732,0.015577190901385762,-99.0,-1.1522575053895716,0.020584053586969242,0.2712821578359183
1401051,021455.68+004131.6,-1000000000.0,-1000000000.0,-1000000000.0,-1000000000.0,-1000000000.0,-1000000000.0
1460140,220516.21+010650.9,22.371854100530918,0.016818524639798937,-99.0,-0.8485427781652302,0.02853093351538566,0.402854406453073
1426578,005831.20-001328.0,23.58908157718205,0.0,-99.0,0.9554851482611371,0.0,0.4043051258687658
1413535,013809.58-010836.3,22.58137420010913,0.0048014363371606805,-99.0,-0.9436894778391816,0.054693802164678285,0.40230436475449755
1399788,021824.50-004835.7,23.360985198792896,0.05268023164843427,-99.0,-0.23024204278398575,0.06627520335367322,0.41427299355312713
1460846,215936.25+003735.0,23.298242505357315,0.021357328399620457,-99.0,-1.4966503924541827,0.07448446830202804,0.4288960229660807
1460163,220503.90+003147.5,22.314676576314945,0.008346535363008556,-99.0,-0.4055303790213216,0.01851472330363846,0.7796922716083075
1405784,020135.25+004111.9,-1000000000.0,-1000000000.0,-1000000000.0,-1000000000.0,-1000000000.0,-1000000000.0
1388293,024955.69-003300.2,22.47158813543374,0.022694737852777536,0.4148480175115342,-1.425198882851685,0.055574509670874184,0.3155432034223936
1448241,233541.63+001749.7,22.18610925735002,0.0060400611648425695,-99.0,-0.662322039703561,0.020656373106025416,0.594287527572007
1466379,211857.08-002808.0,-1000000000.0,-1000000000.0,-1000000000.0,-1000000000.0,-1000000000.0,-1000000000.0
1426248,005943.29+010928.4,22.877320504524356,0.015176876771816339,0.5156373194928996,-2.002222883840412,0.03043810732502994,0.29406990915208453
1451545,231110.28+010009.1,22.464935038685432,0.015190215778142502,-99.0,-1.6206030017882087,0.053083774793292404,0.41558409877904956
1424141,010614.83+004136.2,22.76119338526906,0.0,-99.0,-0.7313787907721814,0.0,0.5178758583500132
1435139,003204.78+001053.6,23.150594200477848,0.01997476202794779,-1.0,-1.4779657180789907,0.037540768477125175,0.34735910452053753
1451785,230926.24-001044.8,22.228437808365605,0.0014285821538351229,-99.0,-0.2966643112067313,0.0010886387840622902,0.3960804429242631
1440363,001451.55+005655.4,20.322656046464054,0.0008758380198425897,-99.0,-1.6344921902682268,0.003645257077022568,0.60097397788754
1444261,000151.29-004454.5,22.946833802694123,0.004213258686451837,-99.0,-0.6016262677623718,0.016573417177336403,0.4429134651509604
1441988,000912.18+002413.3,20.834710872478887,0.005061510183219653,-99.0,-1.0404772224827492,0.0074905933448764506,1.0773686147942627
1428860,005058.61-005845.6,23.28165635992051,0.02071917324704131,-99.0,-1.054756882839575,0.03941843350079177,1.2905622476411691
1466335,211917.30-003153.7,23.336640852843693,0.03313402360228146,0.31948529223655864,-1.1271826915629615,0.08330191654549901,0.3443554882814975
1405319,020301.78+002805.7,23.593613985747176,0.0005392004306159492,0.31230896199935154,-0.5117866661387254,0.010148520984029963,0.36515411694886213
1445217,235729.85+005737.9,23.17585062092825,0.0163309286561919,-99.0,-0.6402987050359474,0.049426894107182096,0.3302119215721791
1388823,024822.11+000541.8,24.56961672070627,0.14736737904480712,-99.0,-1.207711897673705,0.12304297368510791,0.5800853877937585
1425147,010310.32+004927.8,22.4448849880525,0.00474004014344942,-99.0,-0.5615245852994777,0.02421969206707425,0.6575537251679016
1438711,002014.86+002615.7,-1000000000.0,-1000000000.0,-1000000000.0,-1000000000.0,-1000000000.0,-1000000000.0
1398088,022254.06-004251.4,-1000000000.0,-1000000000.0,-1000000000.0,-1000000000.0,-1000000000.0,-1000000000.0
1403142,020906.28+010456.4,-1000000000.0,-1000000000.0,-1000000000.0,-1000000000.0,-1000000000.0,-1000000000.0
1406049,020047.38+003110.1,20.64742421761759,0.000457854974236227,-99.0,-1.8159689547484437,0.0047457347284349805,5.084029341099263
1440077,001547.94-004604.2,22.716191970557425,0.015556021735418923,-99.0,-0.7869756950532167,0.032257112315339564,0.438168046473895
1447379,234158.00+001732.1,21.160912087736087,0.0004919140584025428,-99.0,-0.7319593679659526,0.013739671115989505,0.38420313609047496
1449509,232620.90-005034.1,-1000000000.0,-1000000000.0,-1000000000.0,-1000000000.0,-1000000000.0,-1000000000.0
1434778,003314.79+001147.5,23.317998878298418,0.01040268006268441,-99.0,-1.1456573550749445,0.04895398592825895,0.31457435830198344
1389870,024534.07+010813.7,21.27191499948318,0.0,-99.0,0.02368130181764183,0.0,2.5879193905148177
1442776,000640.47+004707.1,-1000000000.0,-1000000000.0,-1000000000.0,-1000000000.0,-1000000000.0,-1000000000.0
1424415,010524.39-002527.1,23.19604604628713,0.04107939540316963,-99.0,-1.2536245160816013,0.05092159453827483,0.8693619361561371
1414778,013432.24-011356.5,22.590827357213747,0.01392973541370246,-99.0,-1.0567181777367525,0.013874941807073604,0.38657952594412226
1389530,024626.99+003116.4,23.867982078048733,0.05609355286566142,-99.0,-1.6271490069018277,0.11000529344649224,0.2453990929970863
1431247,004342.79+004841.7,-1000000000.0,-1000000000.0,-1000000000.0,-1000000000.0,-1000000000.0,-1000000000.0
1459989,220632.21+011054.1,22.93905549767694,0.0,-99.0,0.99859824296529,0.0,0.6386559432406048
1452985,230019.96+003428.5,21.720071574713366,0.004380772096412855,-99.0,-1.626413797665864,0.012140395670371618,1.0625013732572126
1450746,231702.55-005303.3,22.844822567092997,0.013847284909456192,-99.0,-0.5566328606543385,0.04224122175034911,0.4465955047549915
1418938,012223.93-011223.7,23.223688338901844,0.037599959183500786,-99.0,-1.351449603743967,0.054105739136483866,0.26981903823902714
1417631,012628.37-000353.7,22.862795529559996,0.01693921106848073,-99.0,-1.1232301563529052,0.029064763300525653,0.37065956441136777
1451968,230759.34+002410.5,-1000000000.0,-1000000000.0,-1000000000.0,-1000000000.0,-1000000000.0,-1000000000.0
1398648,022131.78+003949.2,22.08015836806272,0.02303738854623205,0.3857926616578941,0.08840445275390962,0.033637600086512655,0.5132074944856422
1450294,232024.57-001437.3,22.683967659833833,0.023798340971419307,-99.0,-1.7211269706325467,0.0738263236862996,0.3400942960802638
1450942,231540.29-005528.0,21.313418004472574,0.0,-99.0,-1.4669951554108702,0.0,0.5312966314383658
1460573,220146.01+004721.2,-1000000000.0,-1000000000.0,-1000000000.0,-1000000000.0,-1000000000.0,-1000000000.0
1411078,014459.26-011437.2,22.688205326715284,0.007178280571960016,-99.0,-1.470785931584818,0.02234360590977158,0.470956020711567
1425375,010228.44-010644.4,23.589562370987316,0.053277662015220884,-1.0,-1.2875312335375053,0.11340774542113496,0.29207649722999335
1392181,023927.06+010029.2,20.33072063494746,5.7074757782160646e-05,-99.0,-1.6623312680460933,2.051693860494197e-05,1.3727397382995847
1411843,014248.89-004659.7,22.397498384647612,0.00602492835758639,-99.0,-0.742906289294023,0.007042039910267972,0.22883204171213878
1438770,002000.07+000202.9,21.191352711384432,0.00024870088858541806,-99.0,-0.9498837574308974,0.001973964575577636,0.78244394542749
1457286,222650.75-010101.3,22.302703103857603,0.005250516447219411,-99.0,-1.5909441696140516,0.014185307809773895,0.30320564027587654
1405774,020136.97-003337.2,22.413895698679234,0.0084647493179979,-99.0,-0.9413619797275166,0.018325029241682778,0.472081052743058
1403408,020824.15-002835.3,22.414835502213585,0.0022691572345756583,-99.0,-1.4858014796703003,0.011130341085169526,0.41829197512106336
1450688,231724.16-002847.1,23.324434632927698,0.03738041943038617,-99.0,-0.8155453183938786,0.08042784262736108,0.19081735761809743
1429058,005020.41-011326.6,22.597606967816127,0.007102387293516088,-99.0,-1.7454102529363587,0.034535484449809695,0.6540873616752337
1450180,232119.12+004221.5,22.65531042440623,0.046041412097341805,-99.0,-0.19543541571576206,0.08657361228385785,0.7863258620914765
1461285,215624.16+005932.2,23.09415920855647,0.014214261568641362,-99.0,-1.6077456529789118,0.05597420251081309,0.3098749876426457
1466120,212103.05-011139.1,21.731030292164142,0.0019784684652446316,-99.0,-1.0709954259848944,0.010903960568288795,0.5363234334140969
1407026,015734.24+003405.5,20.818657691122304,0.0,-99.0,-1.3884131221624552,0.0,0.9674428494480055
1413766,013728.36-001727.3,21.83984907644804,0.00316329978635288,-99.0,-1.0322773933713676,0.012607745392839265,0.32491028321011683
1409761,014854.77+005531.5,22.5543050131566,0.010352234764159363,-99.0,-0.4226227442767687,0.01932799609757696,0.3536698615242564
1404468,020523.88-001639.6,-1000000000.0,-1000000000.0,-1000000000.0,-1000000000.0,-1000000000.0,-1000000000.0
1410144,014747.49-001704.3,23.517850545171804,0.04890317296202262,-99.0,-1.2807244382842593,0.03514817807083803,0.3326175330459598
1427760,005446.21-005818.9,23.02216349125161,0.0026759303242318566,-1.0,-2.0981433728715393,0.01461756013012816,0.41709066499789005
1460221,220430.23+004201.1,22.16558586611837,0.008614628338285968,-99.0,-1.1748278007053057,0.019539359458955907,0.9297901601192228
1422946,010953.60-004520.9,22.934235475350924,0.020906425656059824,-99.0,-1.0626143149309955,0.028838240954822347,0.8219286610526488
1411102,014455.34+003650.5,22.65985790033522,0.00186371675448882,0.024405981784895517,-1.0880278012108255,0.00743672754497815,0.6613721840775882
1441078,001223.65-002014.1,23.167745352087273,0.046227422876734536,0.7597919029177326,-1.4508325218133442,0.0626314441724043,0.5520312080436186
1429033,005025.13-005718.2,22.079471349841434,0.0,-99.0,-1.2509056124074185,0.0,0.6871813310609208
1397312,022504.39-002403.3,22.071247508527783,0.021844348288864168,-99.0,-1.5154050447019944,0.04695835357923206,0.44209152970768345
1450376,231941.42-003126.8,-1000000000.0,-1000000000.0,-1000000000.0,-1000000000.0,-1000000000.0,-1000000000.0
1412115,014204.12+001444.0,23.96969595527076,0.011688642425369267,-99.0,0.954353509797059,0.005346975856107328,0.3691213923195209
1400149,021729.88-003739.2,22.49858856464831,0.0110999012412627,0.04888163423577694,-1.4488666441740836,0.02922842193578723,0.30573185125551555
1451132,231411.55-002148.8,20.84254429302768,0.00015907992876762478,0.5850473931492526,0.2950882098034189,0.00043622061379089416,0.49397152852927806
1449840,232344.20-005106.9,21.127363500279266,0.0025732294622216045,-99.0,-1.1890194190441878,0.009943710564842223,0.6949992422262705
1448244,233539.76-001452.5,21.29727832185683,0.0014002413187430562,-99.0,-1.7514900893475467,0.005620527164633793,1.084470135732015
1396313,022752.88-002106.9,23.03323204747715,0.019093504970850717,-1.0,-1.0973499184497055,0.0493928020824953,1.1387615675871499
1430948,004434.08+001903.5,21.386102376767063,0.02840421580262209,-99.0,-1.140273500043131,0.04277834306470696,0.6800765887496477
1443094,000541.88-010411.0,-1000000000.0,-1000000000.0,-1000000000.0,-1000000000.0,-1000000000.0,-1000000000.0
1415594,013219.80-011446.3,23.149709138319672,0.01880452361141316,-99.0,-0.5547607677842272,0.06107664874263319,0.42243915617225136
1451732,230946.15+000048.8,19.789582641349675,0.006798827358123205,0.22531750861483774,-1.5093022031004963,0.01036086147979387,1.599384947211511
1435129,003206.89-002737.7,21.9715708392661,0.006090724269078862,-99.0,-0.21434568980072566,0.01946621496411094,0.9603419413367666
1445715,235421.35-001912.1,-1000000000.0,-1000000000.0,-1000000000.0,-1000000000.0,-1000000000.0,-1000000000.0
1404451,020527.77-005747.6,20.90293370988541,0.0006619499765037062,-99.0,-1.2317141937426395,0.0010902304074181801,0.5446574550342379
1390545,024349.51-000908.1,22.403806078951497,0.007527610893687253,-99.0,-1.46625737193055,0.024139068307847067,0.7143871513406901
1465592,212441.88+011049.0,22.239325790616412,0.019098248332145573,-99.0,-1.3021013209702335,0.039251114161568124,0.7663868239523951
1422991,010943.66-004120.0,22.827974066943803,0.002047129927111868,-99.0,-0.6313259124337982,0.011275964789546566,1.12211218260026
1417934,012531.58+010228.7,22.720242899088994,0.011070162298443265,-99.0,0.1738651977826411,0.031587390024930606,0.3390796774487877
1428016,005356.06-002151.4,22.612376199634205,0.01318485923238022,-1.0,-0.9015746587475286,0.025630149457917195,0.2916608113541086
1444878,235937.59+004223.2,-1000000000.0,-1000000000.0,-1000000000.0,-1000000000.0,-1000000000.0,-1000000000.0
1444499,000104.13+010541.6,22.59937517609658,0.016362206014788327,-99.0,-1.4714085821013168,0.027999786772821222,0.40441865820365236
1426537,005840.14-002423.1,-1000000000.0,-1000000000.0,-1000000000.0,-1000000000.0,-1000000000.0,-1000000000.0
1421956,011313.39-004848.8,22.796696473702433,0.01917106755156439,-99.0,-1.1738072831367607,0.022545066945258485,0.21916423573546848
1434825,003305.44+004059.0,-1000000000.0,-1000000000.0,-1000000000.0,-1000000000.0,-1000000000.0,-1000000000.0
1423759,010722.81-001858.8,-1000000000.0,-1000000000.0,-1000000000.0,-1000000000.0,-1000000000.0,-1000000000.0
1463810,213711.08-002119.7,22.952942765591054,0.0,0.07285430521523184,-0.6012792766516348,0.0,0.38086018293984003
1428823,005104.87-010152.2,21.22362142665002,0.0,-99.0,-1.1004761743858364,0.0,0.6720956272873243
1422062,011255.87+004409.7,21.994846959856396,0.002708644760778256,-99.0,-1.054271124280536,0.009046739561973216,0.9213003323408157
1448025,233713.51+002058.7,23.425394169549683,0.01036257526048523,-1.0,-0.8895362004222704,0.028904940111684208,0.22892933138591745
1432131,004112.06+002548.4,-1000000000.0,-1000000000.0,-1000000000.0,-1000000000.0,-1000000000.0,-1000000000.0
1424937,010350.57-002725.2,22.549542715428878,0.00031400766102862576,-99.0,0.36541939487559105,0.0028196827591884244,0.3327354161947756
1397678,022404.41+000506.6,22.27545565765096,0.003746323003346319,-99.0,-0.8751505487685023,0.022109066691311463,0.45069307905125183
1464248,213419.08-003801.7,22.763581741882554,0.0035196900673195586,-99.0,-0.3931924588272393,0.013795307875693247,0.46416427415562467
1393315,023600.98-011246.7,22.829143172165523,0.005418215033401452,-99.0,-1.9123758022386483,0.012340889999687299,0.5803910874370042
1410904,014531.42+002447.1,22.684813340024967,0.003998562621925217,0.16265900181405013,-1.4996808207930177,0.012349555939288437,0.6605863289212202
1406160,020028.60+000818.7,-1000000000.0,-1000000000.0,-1000000000.0,-1000000000.0,-1000000000.0,-1000000000.0
1440012,001601.04+003512.2,23.013759567958495,0.057115806380290124,-99.0,-0.7542454621031771,0.10404197170307178,0.2799358551113394
1394874,023138.67-010347.6,21.778944260868023,0.015278355555814471,0.4343031202882162,-2.777845235537532,0.030683823118127895,0.31614799686849665
1405383,020251.01-000917.1,-1000000000.0,-1000000000.0,-1000000000.0,-1000000000.0,-1000000000.0,-1000000000.0
1443717,000339.41-002240.8,23.60186741502327,0.02511364100304725,-99.0,-1.3260450310519154,0.032301508802946355,0.25841270838101926
1419483,012044.57+001129.9,22.439821425134134,0.010595471984409244,-99.0,-0.9352638796659987,0.024136179556655146,0.31617571157925156
1444573,000049.43-000302.0,22.976024188040007,0.006461429104769323,-99.0,-0.5854485907152176,0.008995201567785771,0.23376126324002755
1416796,012845.42+000402.7,21.63948035553269,0.0006181391202719766,-99.0,-1.6099134086592581,0.008873839509450754,0.6869573437813306
1399934,021759.61-001449.1,22.49668245931496,0.007809049390559153,-99.0,-0.7787942960637793,0.014215887911766811,0.5618596115188316
1422329,011201.91+010928.9,22.270332951223942,0.008879384520756872,-99.0,-0.988648015286766,0.01836701998583634,0.36306555928870243
1446087,235155.96+005056.6,23.079019222577067,0.012519126033918582,-99.0,-1.2716944033449376,0.035254237988707415,0.3698088691106201
1391987,023959.53+011425.1,22.620297087726108,0.014609748776797105,-99.0,-1.4554768699703144,0.032191256491444276,0.3897398955106469
1451786,230926.03+005215.1,23.505013402152493,0.02416410507349198,-99.0,-1.263447503894854,0.04531803694355352,0.44738002871386395
1420908,011637.81-011320.6,-1000000000.0,-1000000000.0,-1000000000.0,-1000000000.0,-1000000000.0,-1000000000.0
1441628,001026.50+001532.0,22.66810215357834,0.016157442733826244,-99.0,-1.550589444526441,0.03546525921451649,0.2526995426734426
1410665,014611.60+005259.9,23.244795261011795,0.003402380041377384,-99.0,-0.5742958288363864,0.008791625738442388,0.5357762328448094
1413661,013749.54+004800.5,22.78679751200395,0.009834600965605844,0.22384082536160446,-2.228323939910053,0.08880430386682892,0.3705812389814177
1446653,234808.14+004829.8,23.121922874707813,0.02658714563593456,-99.0,-1.2245452579113492,0.07205785988807034,0.5052131210719026
1465174,212745.91+000457.9,22.79834392108794,0.010543492914232289,-99.0,-1.1070408580637525,0.027882184661261356,0.31776485263554466
1414040,013634.71-005758.6,22.685472651462867,0.008167966793477532,-99.0,-1.4725671729861984,0.005844762006994575,0.6714878165332184
1401273,021419.22+003724.4,22.94911124426401,0.006022998145738256,-99.0,-1.0918397791064272,0.014958027458284895,0.5166246820082548
1391947,024005.07+004958.8,23.678009268841556,0.06289877873173921,0.670521164332999,-0.6674598739708717,0.02492261144960989,0.39225384026630167
1392483,023833.54+003238.6,23.107379873879076,0.012248870278739332,-1.0,-1.0611694711760165,0.039380523570013704,0.45408973591841917
1413270,013855.78+002751.6,22.651503709814172,0.007793713208217312,0.15231005170625564,-1.199671821211843,0.02015780754168328,0.3465108619627724
1464281,213408.50+010855.8,23.195357929255643,0.028643375887211775,-99.0,-0.6480125579637486,0.06537303862052024,0.8967510952226923
1423137,010915.79-002240.0,-1000000000.0,-1000000000.0,-1000000000.0,-1000000000.0,-1000000000.0,-1000000000.0
1400566,021617.28+011234.2,-1000000000.0,-1000000000.0,-1000000000.0,-1000000000.0,-1000000000.0,-1000000000.0
1450090,232153.71-005757.1,-1000000000.0,-1000000000.0,-1000000000.0,-1000000000.0,-1000000000.0,-1000000000.0
1402211,021151.29+001314.4,-1000000000.0,-1000000000.0,-1000000000.0,-1000000000.0,-1000000000.0,-1000000000.0
1447322,234227.38-000125.2,21.717526612954963,0.0024988887058885467,-99.0,-1.0128141079531892,0.03608092182471556,0.5877195236102962
1397599,022416.49+000121.2,23.669116319675943,0.020865497004978195,-99.0,-1.2535130540372497,0.04304945078766642,0.4790463396884956
1436948,002616.42+010221.3,22.774524775238383,0.000525127981818585,-99.0,-1.4085854959022681,0.01802044796317004,0.4059477780438495
1453429,225648.85+004928.3,21.704180290738698,0.005512353182757224,-99.0,-0.8190092205196899,0.006760884173301174,0.37477155896612474
1418806,012244.39-011051.2,23.18034096361624,0.013900432010478525,-99.0,-0.22756556050300958,0.007724728059767129,0.39829320957244185
1446462,234921.56-005915.1,22.87852302023841,0.013478668035151742,-99.0,-1.4227639355132937,0.03528356416553713,0.7004742666765501
1430071,004710.43-005218.0,-1000000000.0,-1000000000.0,-1000000000.0,-1000000000.0,-1000000000.0,-1000000000.0
1449991,232237.92-000542.0,22.890905593734608,0.002317300279797152,0.4711339639372099,-1.571113543482293,0.010571667613822555,0.32028072167882266
1449177,232838.49-000146.8,22.850171005660023,0.010031899477560557,-99.0,-0.7693618295862938,0.03966626129832357,0.2985591775122493
1387756,025142.39-004752.4,23.03628045267697,0.02557429126213151,0.2717776742329648,-0.8125888776448855,0.07085578162697576,0.30121125262586057
1450001,232232.78-003640.0,23.358504768324103,0.038807883293392464,-99.0,-1.3291572862241945,0.06983394410588839,0.5119487352804556
1436859,002632.16-001048.8,22.46920355394051,0.0005482409666868193,0.17681462279099408,-0.18810533536125895,0.0007825760820594496,0.5155571676397982
1455530,224023.24-003555.6,21.514909215141678,0.00047595542949530056,-99.0,-0.7446687851026148,0.00014970678285486372,1.1376732925788222
1430381,004618.61-000936.7,23.32613299324175,0.0312501625200845,-99.0,-1.3857798949860896,0.05312411080747448,0.6521939108135928
1408126,015402.09+005202.0,22.463929436601127,0.022862944648496253,0.0804034429063825,-1.6932825377051377,0.0602826686657334,0.33143159370936315
1400512,021625.17-003555.6,22.787714523378533,0.007193045341598037,-99.0,-1.219887521272093,0.015192691057090535,0.3462746210401727
1428023,005355.60-010850.5,22.928594443422064,0.01426608694084841,-99.0,-1.3356933613620452,0.02713072580353071,0.4454069172686205
1465065,212832.66-000317.3,23.44209522389084,0.017662152341486603,-99.0,-1.329726502665602,0.0543043086741094,0.33850175881699995
1429891,004738.65-000955.1,22.507336317320913,0.020380589322721576,0.3241130326139311,-1.394330894475325,0.05422677958387878,0.6308084801699424
1402950,020940.28+001719.8,22.99950952052506,0.019067347542245372,-99.0,-0.3679252135374247,0.04290145736436923,0.7797749582823799
1390020,024512.27-005636.1,23.921002391625343,0.028019805930670216,-99.0,-1.11894686641803,0.08972741932901945,0.2473571783602892
1395250,023042.08-003135.6,22.089815143227675,0.006692845715443596,0.17742018554904038,-1.0485241510790728,0.006350852317325906,0.43668754077366645
1466178,212037.15-002301.9,21.73701800113286,0.0,-99.0,-0.9901497098592298,0.0,0.9294578412444903
1426535,005841.02-010701.8,21.748606851190722,0.0023008344291675087,0.14927866677032434,-2.3065238667698145,0.012087389217223299,0.5557445956525707
1445631,235500.35+004825.2,-1000000000.0,-1000000000.0,-1000000000.0,-1000000000.0,-1000000000.0,-1000000000.0
1422727,011038.20-004750.2,23.229221170112133,0.009250810548575572,-99.0,-0.9722063127667075,0.035702770438924225,0.355315740760084
1417770,012558.89+002707.6,22.800195185335305,0.012988033901715212,-99.0,-1.066772198684097,0.041174438703099836,0.43730087452831923
1446098,235152.26-001457.9,23.437559937001716,0.019961190929826955,-99.0,-1.8185783465043643,0.08780795741825809,0.2551529820227449
1401611,021330.95+010839.1,23.486380219004637,0.0002347672331026729,-99.0,0.18338148303211899,0.01727083079175687,0.34065450885266474
1452745,230149.68-003322.1,-1000000000.0,-1000000000.0,-1000000000.0,-1000000000.0,-1000000000.0,-1000000000.0
1435275,003140.65+001935.3,-1000000000.0,-1000000000.0,-1000000000.0,-1000000000.0,-1000000000.0,-1000000000.0
1457169,222741.65+002838.6,19.08168895564946,9.047765962222343e-05,-99.0,-1.1057769665754615,0.00017834021927121135,3.9930594078033956
1441310,001134.46+001506.6,22.798958225334623,0.024944693094424153,-99.0,-1.432333179542192,0.03848765776395002,0.2527729073591679
1432987,003841.98+000204.3,22.85835332445371,0.019338366736469936,0.10271360537049339,-1.1857200491346092,0.036295284451799414,0.20207843709545462
1438499,002101.01-004542.8,22.10349681896259,0.029913138835944153,0.1716042164697407,-1.2119709727796177,0.05345996218560278,0.4465815379671277
1450504,231845.15-002951.4,22.356337951815924,0.00013996766925039594,-99.0,0.5291429821895663,0.0037527316494538887,0.3953314075291676
1464927,212926.60+005535.5,23.392190315548298,0.010648575206024802,-99.0,-1.0627533888683969,0.00870452150830714,0.5736046682336572
1396683,022646.56+001834.0,23.538126779756233,0.020817666863646167,-99.0,-0.6374008169763252,0.08757068925279554,0.40717554418046165
1397389,022452.15-010707.5,23.42771893257659,0.011004682546538191,0.021575980201456613,-0.4720931424574033,0.06608416585522445,0.33812943042012633
1403961,020652.44+002004.0,25.052633052148984,0.02370698634443613,0.6700160064644389,-0.3993170346517587,0.09498648800702458,0.34313200881006234
1430186,004647.93-000617.4,21.953803017901528,0.00018261707557698514,-99.0,-1.6678769794017163,0.0054746709086483936,0.8497471806773154
1441084,001223.31-010922.7,-1000000000.0,-1000000000.0,-1000000000.0,-1000000000.0,-1000000000.0,-1000000000.0
1396901,022610.98+003503.9,22.270535254528788,0.014204467342642246,0.1382690010826718,-0.5411382881550324,0.035942539764530324,0.40359444280151713
1402656,021030.69-005826.3,23.17612133794247,0.013094158992146276,-99.0,-0.8003275817598912,0.07275031663009862,0.37123349952974843
1452578,230316.34+011132.1,23.39800767815381,0.027313548417104982,-99.0,-1.047398146295655,0.052288923738981696,0.43655356976479376
1394621,023216.48-002829.0,22.39314986712494,0.01542013539490128,-99.0,-0.9151695926016616,0.020960114665874663,0.6056468903593517
1444153,000210.82-011039.5,23.033193081497195,0.017205774930548756,-1.0,0.9364594343599526,0.06886568129406528,0.4129402975202896
1398025,022304.12+003009.4,22.936170762529194,0.009866848424398,-99.0,-1.2250938433820648,0.021023762392352485,0.5898598576457308
1465277,212658.42-004946.0,21.971970651164717,0.005490367932958762,-99.0,-0.9782113888043389,0.015275934415877823,0.6111481388936875
1435125,003208.53-005303.7,-1000000000.0,-1000000000.0,-1000000000.0,-1000000000.0,-1000000000.0,-1000000000.0
1430506,004557.02+003756.0,23.024972406216982,0.010102255599884202,0.25730903025573093,-1.669811220392737,0.044297833348685756,0.33068928619160276
1447607,234015.43-003356.0,23.225033558749594,0.020497188278181255,-99.0,-1.3393929652978027,0.03948641404278408,0.25447461580523867
1412987,013944.05-004251.4,22.792210396223886,0.0025312104918473466,-99.0,0.5212716596137303,0.025935670958017187,0.3740241957433278
1448973,233026.26+000124.0,22.894667901035767,0.012657203732118205,-99.0,-1.3380654135819348,0.028879669752061132,0.6135484456449168
1413582,013800.64-002023.1,-1000000000.0,-1000000000.0,-1000000000.0,-1000000000.0,-1000000000.0,-1000000000.0
1463236,214133.92-005004.3,23.28456879008599,0.03218275429571982,-99.0,-1.0841376484673741,0.04929344463318097,0.8988348770403141
1424813,010412.29-003657.6,23.113248627435233,0.014327306953809682,-1.0,-1.1097196699396141,0.06602717055456331,0.3795749184967542
1436010,002919.96-011125.6,-1000000000.0,-1000000000.0,-1000000000.0,-1000000000.0,-1000000000.0,-1000000000.0
1447996,233727.21-004734.2,23.276799754427564,0.02711294404103448,-99.0,-0.9903945468589619,0.034776994412257844,0.31618378669411373
1416247,013024.81-000748.6,23.347913491531237,0.030289923739701408,-99.0,-1.3118388766595719,0.053707327963172125,0.5415496595333416
1413568,013802.76-010035.0,21.47791054169337,0.004658082469699565,-99.0,-0.2743320726461471,0.009964247225247136,0.801948121223337
1398311,022222.80-000745.5,22.46896310598205,0.00996373543228124,-99.0,-1.2999213524994544,0.017876189832803147,0.23577253691199848
1427784,005441.90+005850.2,22.984606373005242,0.01829665858701368,-99.0,-1.3891991275120095,0.024046807558028127,0.21238146909563954
1465137,212759.45-010238.4,-1000000000.0,-1000000000.0,-1000000000.0,-1000000000.0,-1000000000.0,-1000000000.0
1449989,232238.48+005053.5,23.120177954853695,0.022361246305866445,-99.0,-1.2848803645198523,0.016569702572542422,0.42971133583512827
1428317,005250.71-005915.0,21.00276282415617,0.0024071725447694092,-99.0,-1.4284741647650057,0.008207640626744617,0.6296527695519994
1424902,010355.72-010332.9,23.209750538401984,0.02524280006783286,-99.0,-1.5353331135287105,0.04055605308803578,0.4865326944427875
1419693,012006.10+005119.3,23.725908206804228,0.041538806322511945,-99.0,-1.2621826353311736,0.0677807734505117,0.46113092948346107
1400681,021558.50-005120.3,20.46628578312221,0.0028145721923422684,-99.0,-1.2426151691466298,0.0076028720739472755,0.581994312086209
1443711,000340.90+002818.3,22.969892914291115,0.011907990310158212,-99.0,-0.7622063113815374,0.026030685320724778,0.8339479543547067
1437072,002551.30-005430.5,-1000000000.0,-1000000000.0,-1000000000.0,-1000000000.0,-1000000000.0,-1000000000.0
1424842,010407.00+011412.9,19.86489566344958,8.623823548603582e-06,0.17569199449365255,-1.109940608248082,0.00014976751829398616,0.808327729242055
1433704,003630.69+010520.6,22.73518609830682,0.011169591822550728,-99.0,-1.6444463460643295,0.017967328753109024,0.49842106132584707
1410880,014536.01-000611.1,22.808289773963345,0.006626560542786208,0.6634875205078342,0.7415634423335087,0.006678018649079576,0.925979771042757
1400734,021548.22-010942.9,21.56247256840627,0.005290784585945119,-99.0,-0.8116397687751871,0.013908857804353136,0.5461748192114471
1443049,000549.57+005905.0,22.4905383776023,0.004126968817388388,-99.0,-1.7821130547401571,0.02175195322522716,0.7416446065680429
1421692,011406.78-004456.4,22.851498839508416,0.014803013775095408,-99.0,-1.4842846082727195,0.04750685794413889,0.43222739036315977
1447557,234034.12-004432.7,21.85887196827411,0.028066003169859854,0.5752946823027718,-2.4105215288873425,0.03412619202452993,0.39790559006262094
1411656,014319.59-000015.7,23.31505658396511,0.06899892332740798,-99.0,-0.046565490611293114,0.047391343251471874,0.33020613370523627
1442038,000901.84+001146.6,21.900741463486533,0.004253882482432303,-99.0,-1.0876809965519691,0.006446059158370376,0.33530992077660654
1400524,021622.85-003700.0,23.251575896392474,0.03217490997607264,0.14399781459564334,0.5801946589504725,0.033110726034558224,0.36216037361295494
1398523,022149.87+001834.4,22.780143271433865,0.00905897708449288,-99.0,-0.6506186422053828,0.027608189673334504,0.19129176571042553
1436853,002632.68+001026.6,22.87649305043768,0.011803538077703735,-99.0,-1.1926185061724333,0.0404800811470879,0.28442545863056445
1435583,003035.58+003758.1,22.975119564033882,0.009193206665436549,-99.0,-0.9667834567957829,0.023003635198916905,0.3917712661309223
1451432,231157.20-002516.9,22.496249267903117,0.0017786649571505109,-99.0,-0.5256652846236252,0.030805663832312702,0.309690479344575
1415984,013114.61-005411.3,22.60261228783478,0.008067944783389791,-99.0,-0.9079809302373052,0.06648196894514324,0.4034020010075615
1463848,213654.96-005611.6,22.787886069610984,0.00959016183904815,-99.0,-0.8929785282012599,0.031089410402730777,0.34086229656443306
1437690,002342.37+002041.7,21.057224224225287,0.0,-99.0,-0.8162841715143534,0.0,0.9980583724543055
1389395,024646.74-001220.7,20.805325459089524,0.013867228385961994,-99.0,-1.804331326811833,0.01173419920445573,0.4230924670172957
1424707,010433.03-002154.9,23.51402575614376,0.0452492257437509,-99.0,1.8613260599752177,0.04597053812279528,0.34570177965755405
1413771,013727.28+001713.8,23.401267534126227,0.09081402527018945,0.19982582140313848,0.4563191397503674,0.14771010934014095,0.376779401252462
1436138,002855.51+010030.0,20.33608853890481,0.0,-99.0,-1.372326691932508,0.0,0.9815903803606424
1409078,015101.84+005631.6,20.39453628070867,0.00017811000532219623,-99.0,-1.0845805398805615,0.0003435830127793693,4.443249543172086
1429558,004839.48-010029.3,-1000000000.0,-1000000000.0,-1000000000.0,-1000000000.0,-1000000000.0,-1000000000.0
1396650,022653.86-002023.4,23.00188613146579,0.0020887907581723653,-99.0,-1.9976661836926946,0.0015594390985579354,0.7334688425748339
1453358,225722.20+005033.2,21.666371222081032,0.004837059696871648,-99.0,-0.008710998472738929,0.007798901234767185,1.2089671765225005
1412905,013958.56+004732.1,-1000000000.0,-1000000000.0,-1000000000.0,-1000000000.0,-1000000000.0,-1000000000.0
1418533,012340.08-000623.9,23.43321634797801,0.043174386506885654,-99.0,-1.4908372625260862,0.10133621317019526,0.24545619736629865
1456103,223537.88-003717.0,23.300177345156904,0.023591084788865402,-99.0,-1.0139826845004292,0.0756605747407596,0.39500009210314657
1440967,001250.02+002140.3,22.545766924320894,0.0,-99.0,-1.4057460592416433,0.0,0.8984529728704734
1429841,004746.46-002124.8,22.468185785061372,0.006984497394721956,-99.0,-0.9012906061434984,0.018754455429434103,0.37714254925167684
1437894,002305.40+005654.0,23.00467965693985,0.02355038872771331,-99.0,-0.9067730091790063,0.041575367503102756,0.5763489514819903
1449250,232809.58+004356.8,22.409895093841975,0.01116252899304726,-99.0,-1.5720689236325183,0.03499158213873754,0.3468067037575175
1444940,235915.94-001029.9,23.33011694226908,0.06510686914688257,-99.0,-0.7244052691166463,0.10938808253681359,0.44453257012304703
1446991,234538.77+001658.8,21.732782278552655,0.0049503158545860515,-99.0,-1.4680853861312597,0.013086565293677244,0.3780624566736985
1429137,005004.52+005506.9,23.144089503346684,0.012528986774871242,0.6663191076423592,-0.4565977446974294,0.014370841699648196,0.8600183550553784
1464399,213317.12+005059.7,22.214515738306396,0.007029401736993179,0.4204644078060478,-0.6030107599855663,0.014169876752923027,0.6244252571418089
1441156,001205.62+004434.9,23.347544698252655,0.036560554976796666,-1.0,-0.9255392508672537,0.07790060096845336,0.2732689636564883
1449685,232458.65-000303.0,21.551230439177054,0.014709017037013439,-99.0,-0.12289024257664938,0.019571160068166282,0.5582159343486126
1394186,023329.98+004505.3,23.23302254576054,0.017293327801155556,0.08410155897664455,-2.22505552091962,0.06876296807055726,0.33158881136328267
1445695,235431.97-010938.8,22.688964235851422,0.0011380178831998933,0.05672734309297917,-1.0610490398707784,0.022479297425372913,0.218256740551139
1422892,011002.94+005854.6,22.763770895412158,0.008302062455856074,-99.0,-1.0165781165049643,0.04217771895452638,0.5416240896578891
1429990,004722.40+011019.0,-1000000000.0,-1000000000.0,-1000000000.0,-1000000000.0,-1000000000.0,-1000000000.0
1392774,023742.68-000747.9,22.568160601752986,0.014889429233369,-99.0,-1.2007586769683565,0.03777344132518845,0.7362143246537945
1450841,231622.82-001336.4,22.91440264232603,0.0,-99.0,0.12302643151534376,0.0,0.2743061097395303
1396206,022810.68-003316.5,23.412063355637564,0.014209615376659102,-99.0,-1.213441694937977,0.03568074082107742,0.48253477102472137
1391595,024102.95-010603.5,22.333643013699053,0.007063739212984643,-99.0,-1.4258300465154234,0.03739854523581565,0.7492258440345935
1429193,004955.33+003230.3,22.932704065757626,0.011881600722336572,-99.0,-0.7833393054284308,0.0032315001786121234,0.3222170466256663
1431748,004220.32+002253.6,23.747297257736385,0.03928519098620242,-99.0,-1.6760104572272487,0.056726982014879246,0.47154516986748696
1465729,212347.78-010733.7,22.945912023122013,0.016267299931405077,-99.0,-0.25006036573249535,0.0339306187910797,0.2598724041252985
1446649,234809.28-005936.2,-1000000000.0,-1000000000.0,-1000000000.0,-1000000000.0,-1000000000.0,-1000000000.0
1444313,000139.82-003713.4,22.165804572049517,0.00911503646491063,-99.0,-1.0366000219688516,0.02227680173606794,0.45139704635699357
1394359,023301.49-004822.4,22.55554425783911,0.011270979466369013,-99.0,-1.5489059786526789,0.030044949931403275,0.33902935008230106
1451166,231355.30-003408.3,22.500253067757875,0.011447460485136673,-99.0,-0.9690718183195957,0.02442392171635077,0.244585960529613
1402630,021036.28+001142.6,22.07672445868129,0.0040386370140499395,-99.0,-1.45014961483756,0.0149297545686079,0.2894568376932599
1403281,020846.95-000705.0,23.463166739244322,0.0,0.3777708341904784,0.5119679365943464,0.0,1.5853528784957078
1397109,022538.52-010146.8,23.42411012765752,0.012004518755475146,0.1388724168952717,-0.8200910549252907,0.04916859819046243,0.3026190558128397
1439994,001603.60-003045.3,22.443483683759787,0.004180459904459255,0.5592186925925128,-1.680249631678799,0.01177072189116568,0.36674983455470056
1429197,004954.29-005621.2,23.242364867455017,0.01938550851993348,-99.0,-1.76510983255849,0.06390355692580785,0.6600662033391232
1424202,010604.69-003751.4,23.047954012147862,0.006231433514445328,-1.0,-0.05687361822144865,0.002695312173022296,0.9303465130055861
1417623,012630.15-001151.3,23.976708821191743,0.0,-99.0,2.3931772493456345,0.0,6.822592257404127
1453056,225947.34+003032.9,23.27238475899795,0.015238022365355874,-99.0,-2.165514198895961,0.04987910950394914,0.7442111769358357
1408155,015356.68-001249.2,-1000000000.0,-1000000000.0,-1000000000.0,-1000000000.0,-1000000000.0,-1000000000.0
1421102,011557.91-001425.9,22.069694426116804,0.0020389737789905382,-99.0,-1.3706308142641523,0.008722716232387628,0.6688227011927514
1429256,004944.58+005233.0,22.992585950399565,0.011217516338462019,-99.0,-1.0037329764292786,0.012268360821880764,0.38907244516853334
1391248,024159.74-010512.5,21.822414165460806,0.0,-99.0,-1.6622294886108926,0.0,0.426145150322616
1421800,011346.78+005114.2,-1000000000.0,-1000000000.0,-1000000000.0,-1000000000.0,-1000000000.0,-1000000000.0
1428149,005330.01+002420.6,23.35092204584975,0.01549849126157632,-1.0,-0.8760655014798377,0.03338909179554678,0.30711658925792207
1449718,232438.52-000552.5,-1000000000.0,-1000000000.0,-1000000000.0,-1000000000.0,-1000000000.0,-1000000000.0
1402791,021006.19+002529.5,23.087256003946713,0.008154162458966496,-99.0,-1.5465012597724463,0.022930793007397865,0.25625789681554273
1425448,010216.51-010848.4,23.818644260204586,0.012835645487605518,-99.0,-1.7159185646307251,0.01878978528350883,0.36454643293947114
1448412,233436.85-003013.6,22.958141068772427,0.01424301133796213,-99.0,-1.034305234433877,0.026978725898105016,0.27978466283722725
1434467,003415.77-000030.8,-1000000000.0,-1000000000.0,-1000000000.0,-1000000000.0,-1000000000.0,-1000000000.0
1448554,233335.51+011329.3,22.257449217700405,0.012934426852506675,-99.0,-0.5506017533289471,0.022474530917995422,0.685433715040838
1391873,024016.78-004351.9,21.185887020309586,0.011665336788455605,-99.0,-0.7304992871659719,0.02329516810033455,1.5567945232565459
1452979,230022.05+004300.2,19.122329680385526,0.00048008928534848394,-99.0,-1.4911312589790535,0.0008825240827886605,2.9651992052316167
1445744,235408.71-005941.0,22.988155083528675,0.0063790916950079435,-1.0,-1.5075513524551072,0.02785506349631728,0.4843433076228745
1417144,012753.22-003524.8,-1000000000.0,-1000000000.0,-1000000000.0,-1000000000.0,-1000000000.0,-1000000000.0
1413425,013829.86+003134.8,23.633216211254542,0.009193399353497611,-99.0,-0.9957577275596732,0.02685611928352072,0.2997712964709903
1407286,015644.13-005038.0,-1000000000.0,-1000000000.0,-1000000000.0,-1000000000.0,-1000000000.0,-1000000000.0
1422699,011044.41+001011.9,23.139438451222198,0.013328154468421616,-99.0,-1.091900728375677,0.023822934401603102,0.6875778141051657
1450067,232204.74+003019.0,22.118962798930774,0.008405085751119756,-99.0,-1.1497531920071813,0.02515231770378601,0.31170974087515757
1465182,212742.48-001611.2,23.05409123573761,0.013038796739062164,-99.0,-0.03518756405567114,0.04058955549065913,0.43435709802520184
1449231,232820.26+004553.4,23.31289003799821,0.028354704359294658,-99.0,-1.0138460368725988,0.06583734651319695,0.34741454123540133
1425079,010321.76-002400.9,20.635574231913033,0.00018926411899045092,-99.0,-1.2580999538065467,0.0005843023164899819,1.3473009091032022
1464093,213520.60-010749.4,23.46879119405589,0.011422455923426611,-99.0,-1.5327145192650917,0.022758151892206535,0.8335008487120686
1401444,021355.69+004933.7,23.143764131193173,0.023680147326334833,-99.0,-1.5365505663541335,0.06935081224348394,1.0035367718971375
1428723,005124.93+003033.1,-1000000000.0,-1000000000.0,-1000000000.0,-1000000000.0,-1000000000.0,-1000000000.0
1409645,014913.77-003655.1,23.239193802234034,0.022958214183352865,0.20504794500129833,-1.2206475645958164,0.05399213606601583,0.37403086504884064
1459749,220820.13+005804.5,23.241541021169233,0.0,0.33243641933261014,-1.123286063884001,0.0,0.47881764929977483
1450044,232211.85+004146.5,22.801819854686165,0.007093951141419197,-99.0,-1.5001014652889757,0.020072508220797536,1.3101244783609736
1412013,014220.81-005331.1,20.9654164793722,0.0001191318979998357,-99.0,-1.6529453088736172,0.0002835956413486107,1.5821458980815344
1393726,023446.57-001415.9,23.25652271695116,0.0032220835528207203,-99.0,-1.5797978061967934,0.008041199528390663,0.642063507691767
1449694,232453.83+000642.4,22.733101105713693,0.005469253507515148,-99.0,-1.581290252347158,0.024421887814720877,0.33088655120310567
1440474,001428.73+003904.6,21.4212622189798,0.0,-99.0,-1.2581508428536634,0.0,0.7616282153965953
1445810,235344.80-001917.0,22.9234785992361,0.017299409502253837,0.13629553661763139,-1.1438087784656688,0.09848006018018807,0.17863785088103587
1433949,003549.87-003825.4,21.491568072201282,0.0,-99.0,-0.546338067993763,0.0,0.9265278547780821
1450988,231517.89-000238.3,22.770510321280717,0.010701225724369934,-99.0,-0.8509463583788444,0.023540366261423695,0.6044066967699016
1414501,013514.53-005319.0,21.24259663075062,0.003958928837999309,-99.0,-0.8502353098343809,0.009639622864410391,1.7889620474795656
1451303,231248.26+003954.9,22.595910850307526,0.0,-99.0,-1.3436539039920197,0.0,1.268386192121382
1387470,025234.20-001032.8,-1000000000.0,-1000000000.0,-1000000000.0,-1000000000.0,-1000000000.0,-1000000000.0
1440449,001434.74-002248.5,23.733594805369513,0.04005845943191311,-1.0,-1.0339922050761303,0.10301351475426523,0.6374737017122325
1441780,000957.85+003709.8,22.05607449604114,0.0005384066473013149,-99.0,-1.3498652564952374,0.006254305269985494,0.7869117794936876
1451709,230955.79+004004.3,22.711105843599746,0.006519889191975992,-99.0,-0.6364207607894521,0.01272858250307346,1.2207123322296682
1399515,021906.32-001224.7,-1000000000.0,-1000000000.0,-1000000000.0,-1000000000.0,-1000000000.0,-1000000000.0
1430853,004453.27-004422.1,23.362574415108703,0.01202110246188326,-99.0,-1.3863067362091361,0.031697673740397,0.34467354154977453
1467961,204052.36-002658.1,-1000000000.0,-1000000000.0,-1000000000.0,-1000000000.0,-1000000000.0,-1000000000.0
1436516,002736.13+004643.2,23.485802994407415,0.006123212156587954,0.24260482663138708,-1.1975931046831527,0.04586337888101899,0.505089296745148
1447581,234026.05+003327.0,20.760279734179015,0.0,-99.0,-0.9782164493008336,0.0,5.253336129823863
1431177,004354.43-011402.9,22.951420205827567,0.005066074610438065,-99.0,-0.3795468462241933,0.03470564233560272,0.36564414795019606
1423393,010829.26+000027.3,24.207583341664836,0.02680315229463659,-1.0,-0.2634548011262208,0.06349821055314579,0.3523572083513138
1446694,234749.69+011048.9,22.928387209371913,0.004082431132426123,-99.0,-1.4010048060852922,0.006269318512720057,0.5434485929557731
1393013,023700.30-010130.5,22.090144336894802,0.0,0.30142453543391745,0.5064730073986219,0.0,0.3331927453595946
1405582,020212.47-001923.5,-1000000000.0,-1000000000.0,-1000000000.0,-1000000000.0,-1000000000.0,-1000000000.0
1453096,225929.25-000410.3,-1000000000.0,-1000000000.0,-1000000000.0,-1000000000.0,-1000000000.0,-1000000000.0
1425063,010325.04+001927.0,22.21707100077206,0.01010088427428002,-99.0,-1.2993574446934342,0.021873418369106723,0.4056433564514348
1395726,022922.64+003341.6,24.026427251281923,0.0726872194974959,-99.0,-1.5293298941576294,0.12865536051260118,0.349098436371661
1445484,235555.71-000857.1,22.997773464581478,0.014072928823152253,-99.0,-0.9075468825281972,0.025140320985273246,0.3207093695624534
1402070,021215.73-002213.0,-1000000000.0,-1000000000.0,-1000000000.0,-1000000000.0,-1000000000.0,-1000000000.0
1395071,023105.41+002132.2,23.065726226066452,0.01718694137857746,-99.0,-1.0202483332885324,0.049527416655070045,0.3816767936053041
1406379,015944.11-003938.5,23.254581315979927,0.021638413858413585,-99.0,-1.0996986674019098,0.05735069234726886,0.5636013346809331
1413117,013923.74-010356.7,-1000000000.0,-1000000000.0,-1000000000.0,-1000000000.0,-1000000000.0,-1000000000.0
1463199,214147.36-003806.3,22.832651789610317,0.014711624035905757,-99.0,-1.3999767488836965,0.048415174802791006,0.33703557604774975
1392686,023759.19+000044.2,21.495256785719953,0.005045805182177787,-99.0,-1.0258198551659015,0.024567915632578263,0.8679234641112384
1429896,004738.19+001955.3,23.494604270228358,0.045243973560218365,-99.0,-2.0554701763442997,0.0722973926968179,0.423839519283944
1452378,230438.53-005210.5,22.764544450839715,0.010735535208858948,-99.0,-1.267580973870341,0.019765836853139596,1.6177572743722972
1453195,225845.78-010924.7,22.991604318684416,0.01663271070134975,0.18920219807390143,-0.7882023976296413,0.025952470242147363,0.21591653787257953
1389691,024602.25+003721.9,22.34191815528569,0.013661764076928762,0.22342081966338087,-1.8344303225166385,0.03742622212778324,0.2730945137830833
1425778,010112.80-010759.4,22.465879291858293,0.003232714569261219,-99.0,-1.1251166015224512,0.0033532556223220267,0.6558038125125684
1413958,013650.62+000550.3,22.290110233364054,0.007619291095100067,0.4632422545950848,-1.9824953193890953,0.0500760086546298,0.375462245742538
1445734,235413.18+011008.4,23.06367544915117,0.022434500264782997,-99.0,-0.7781170900850043,0.08310611723683925,0.6375138584745565
1431381,004319.74+005115.4,18.94153893695647,0.0,-99.0,-1.3701940067984664,0.0,5.525337979057752
1401447,021355.52+010244.7,23.050236333369618,0.0,-99.0,-0.6724888645235207,0.0,0.3822833669719166
1437048,002555.24+000307.6,22.661837724302266,0.015911856242558642,-99.0,-1.1714251018123396,0.05024430308936334,0.27462646077172664
1441430,001113.99-005027.3,22.687998166321854,0.008793658604293597,-99.0,-0.7829926910365872,0.03507656563852052,0.3515281460168254
1416390,012954.50-003302.3,22.201972196622684,0.0,-99.0,-0.2936226163125033,0.0,4.832441305692668
1446198,235119.67-000143.6,22.704647194232685,0.0027886833519286114,0.4601310260728843,-1.4556497486796611,0.002379112920492865,0.5044766120172864
1458237,221945.06+003708.1,22.190961213861705,0.014817438813539141,-99.0,-1.178845490301624,0.02603751697489498,0.4336569254202984
1458590,221657.23+002409.3,22.625111417628794,6.783281350841719e-05,-99.0,-0.6024181185627073,0.0008005166996767343,0.7900658350446075
1461064,215803.42+001426.9,22.7521893214089,0.010352976919234536,-99.0,-1.5515783806551786,0.038562192207030055,0.3443672134007569
1403594,020750.06+000407.7,23.791729845046355,0.052394416717440606,-99.0,-1.8787034599829178,0.04225944362194678,0.6566538483293086
1451784,230926.64+002725.7,22.200178173313937,0.00499810650476995,-99.0,-1.4520482975695477,0.015164767793382272,0.9359156726310393
1411254,014431.06+001309.2,-1000000000.0,-1000000000.0,-1000000000.0,-1000000000.0,-1000000000.0,-1000000000.0
1444728,000016.43-001833.4,20.2833396070533,0.0,0.13027501730304916,-0.5713079175724491,0.0,8.473564599678085
1451033,231500.03+000110.9,23.08799582984127,0.016246456863253655,-99.0,-0.8079662212091394,0.04342725903344402,0.6001946214967628
1452264,230534.53-005335.8,22.61052884754009,0.008297375734951373,-99.0,-1.2067453045310783,0.04904841172347019,0.39273423620666076
1436456,002747.19+000955.5,23.820138320148722,0.08017996153073526,-99.0,-0.4777421933175958,0.09122056443849913,0.26451468382284
1441845,000941.07-002039.9,23.365869312242644,0.05007702498868838,0.4912899987039582,-0.8425432344124584,0.045555760476112095,0.32582780631891983
1433083,003823.81-000025.0,20.483515792406713,0.006665254598852144,-99.0,-1.4390138555113237,0.021046387173415226,1.4768211080675613
1424963,010345.17-000711.7,22.794218870380426,0.01639222218147829,-99.0,-0.8017133602137605,0.026216107751086182,0.4277019303614725
1396350,022745.61-002546.3,22.52922807144909,0.032120866884444155,0.38201238090707,-0.8703033960190893,0.045279267436640236,0.3011396430417869
1426611,005824.75+004113.3,-1000000000.0,-1000000000.0,-1000000000.0,-1000000000.0,-1000000000.0,-1000000000.0
1396993,022557.57+000856.3,22.412276945959853,0.010292926794219781,-99.0,-0.9345287987715132,0.02251779576462165,0.4986218853792877
1419898,011934.07+002454.8,22.797457219363388,0.005986520981293708,0.5132123709219242,-0.39707392339391223,0.01772545306027684,1.1467287327464604
1410311,014715.87-001909.8,23.916696731131232,0.023200074457703224,0.6149246892618331,1.7616517102335578,0.023083256533982688,1.1628819294538668
1463411,214015.67-004459.9,21.934816884547793,0.00464628406135148,-99.0,-0.8442780234927509,0.013000107032969055,0.3744323884322423
1446050,235212.96-002927.1,-1000000000.0,-1000000000.0,-1000000000.0,-1000000000.0,-1000000000.0,-1000000000.0
1448906,233052.99+011241.4,22.917445359186367,0.013389732667956622,-99.0,-1.1263970416699554,0.028404533919592967,0.8636451099477284
1439448,001747.00+002429.5,23.577069421295683,0.020978319297535464,-99.0,-1.2165066003438478,0.06907327811013564,0.29407184837416706
1399979,021753.97+001126.3,23.20521038793725,0.0252553901085939,-99.0,-1.4442848287807757,0.03460750197821094,0.8724500043921953
1409905,014830.22-003323.8,23.082712872412266,0.01206027270327148,-99.0,-1.5224374623841825,0.032949894959801385,0.3156364388216711
1455715,223847.24-005235.4,23.8270971330137,0.027672738759827453,-99.0,-1.0839201156194078,0.07447934185774718,0.4461346146811714
1447908,233804.07+004435.0,-1000000000.0,-1000000000.0,-1000000000.0,-1000000000.0,-1000000000.0,-1000000000.0
1401394,021402.71-003959.2,23.020952861853367,0.01113101940575234,-1.0,0.2404648406030283,0.05238073487903616,0.35879715081212515
1413701,013740.50-011127.6,23.6048969815403,0.01941307819594229,-99.0,-0.6966228701773387,0.037195069545677695,0.6447642329492363
1431568,004250.54+010205.9,21.01537528007413,0.0,0.38407939718474887,-2.0065319737153815,0.0,0.7274421229419751
1443381,000447.77+010017.1,22.939905198666715,0.0062753282858363235,-99.0,-1.1452591976804931,0.03209097324905774,0.330128766777648
1418665,012313.05-010425.1,22.55718664516497,0.02379961721826973,0.18132844002197218,-0.8161778209132331,0.025499219023890074,0.25127577019616926
1388428,024932.01+002248.3,22.609714500107224,0.0028277799686726723,-99.0,0.5790594998856395,0.006544406694482807,0.7097225567384241
1439898,001621.25-000542.1,23.330798757984617,0.026703839669419693,-1.0,-1.0494321051546933,0.05450862020605218,0.3865917179788736
1417005,012813.40+003734.9,22.857317136199136,0.03061384411770618,-99.0,-0.8719170134212275,0.050748355722992355,0.4479945693870168
1436170,002847.68+000424.1,-1000000000.0,-1000000000.0,-1000000000.0,-1000000000.0,-1000000000.0,-1000000000.0
1430777,004505.75+004538.3,21.772514598351854,0.005573404917580405,-99.0,-1.0677018279239592,0.023832379214526855,0.2792023439041632
1420284,011832.69+004836.9,21.14471360428397,0.0023920423502321597,-99.0,-1.5496635948205983,0.01315218202377555,0.304970180691912
1448575,233322.84+010311.0,22.926667629880818,0.01672564389435749,-99.0,-1.290488620128408,0.03368901008985381,0.2411928763192685
1446146,235139.79+003340.0,-1000000000.0,-1000000000.0,-1000000000.0,-1000000000.0,-1000000000.0,-1000000000.0
1443594,000405.65-002837.9,22.6638566212554,0.014465311069162823,0.11078307686152061,-1.568188485988415,0.037279261986013945,0.3413010219596354
1445296,235702.54-004824.0,21.072125314008765,0.006457224360136848,-99.0,-0.16159910972191138,0.014137901481169876,1.7104389426460953
1402157,021200.85+000425.6,22.259116209487097,0.02071744700311129,-99.0,-1.1980989448041228,0.0302976867559841,0.7122346956203593
1420201,011847.35+004654.8,21.890388020764497,0.007770287704262913,-99.0,-1.1331221188935063,0.013697738076543176,0.5800536658153532
1395525,022953.34+001742.2,22.866271090066284,0.010560355078084172,-99.0,-1.2781933143168902,0.019321996333240277,0.42291671248300394
1434391,003431.21+011100.3,23.79176562727627,0.024505797195493173,-99.0,-2.0389893546315867,0.045244618659983526,0.29923299805331205
1411518,014344.05+005018.8,23.32469621656167,0.0,0.1736063851544554,-0.26104285349110334,0.0,0.675275071043959
1453444,225641.87+003917.2,22.63489728485485,0.018671852993614735,-99.0,-0.7452918408729126,0.00475380915769219,0.20802448782487032
1445565,235523.60+000402.1,23.520866155904024,0.01905787916369306,-99.0,0.7462493965425443,0.0426822665439488,0.7057575519067648
1400351,021655.16-005944.4,22.550990051681744,0.02001045700811055,-99.0,-0.3370615609836394,0.056520006315761845,0.309032387072895
1445409,235620.49-011402.3,23.116333830971676,0.00889124849802414,-99.0,-0.6723996069872396,0.009434696694734512,0.6338710592437727
1452908,230047.14-010048.7,21.401431099820748,0.004429442194613387,-99.0,-0.641526085088608,0.00941919764332555,0.814689875068135
1395020,023114.93-011002.0,21.735146744731118,0.0,-99.0,-0.5379856589941809,0.0,0.589378433041686
1422561,011113.41+001240.7,22.97224608983307,0.011397985249423925,-99.0,-1.3283624879993723,0.0193882200882618,0.5261339224377821
1418353,012412.47-010049.7,19.140975504717993,0.0003389946669862809,-99.0,1.0059994161244887,0.00048449894395008464,9.352366084869585
1414672,013447.73-002325.0,22.350146414688673,0.002674474717014874,-99.0,-0.530755344792115,0.021843684264701735,0.3723394209826879
1431197,004351.06+005846.2,23.598636792706635,0.035250856801658514,-99.0,-1.1542503229159147,0.06920426162638593,0.47919803226388474
1418943,012223.25-003253.3,22.455678327821367,0.005869779124560992,-99.0,-1.540567265541338,0.01709056245631535,0.9081326798656114
1390184,024448.12+000016.8,23.076684719580648,0.012507727249824185,-99.0,-0.6481825561153016,0.013322096473638911,1.1711909054504295
1420184,011849.20+001529.0,23.400332833458357,0.0245419290706117,0.11082774396969994,-0.03281964564033668,0.07097564850376692,0.24408261779581844
1423041,010932.87+002532.8,23.790057966669615,0.02930540472873666,-99.0,-1.7069246126627702,0.074816767979623,0.34926139623893426
1446535,234854.05+002840.7,23.053573784356566,0.03558954101926304,-99.0,-0.8267927795215728,0.07746171169527327,0.3148261866647399
1451280,231300.60+010711.1,-1000000000.0,-1000000000.0,-1000000000.0,-1000000000.0,-1000000000.0,-1000000000.0
1455924,223704.94-010551.3,21.342858224980326,0.0,-99.0,-0.39916717449002626,0.0,0.7388594246375277
1440605,001401.09-010607.1,22.449312449764257,0.012060171966181699,-99.0,-0.8281460716913989,0.019776178223963048,0.34365259445661
1401986,021231.41+004703.4,-1000000000.0,-1000000000.0,-1000000000.0,-1000000000.0,-1000000000.0,-1000000000.0
1445701,235430.34-002113.9,22.161375931867106,0.005116405886020914,-99.0,-1.5487532355122204,0.0056130470103209484,0.843765956148828
1433528,003703.11-001738.9,-1000000000.0,-1000000000.0,-1000000000.0,-1000000000.0,-1000000000.0,-1000000000.0
1465619,212430.45+000456.7,22.59612165580439,0.015878590600086895,-99.0,-1.7182634541534139,0.04077889993550321,0.8052223513219386
1395747,022919.85+004318.7,23.161039861730238,0.02222740114356192,-99.0,-1.335952931729243,0.03447813370130526,0.5764860478692152
1410165,014743.95+004157.7,23.021871012818757,0.037028014378313046,0.439151565784789,-1.4232204294379192,0.11495948141420476,0.44020954631530107
1426481,005854.73+003011.8,23.864967705913394,0.0,0.02651088801171806,0.10048295507025973,0.0,0.35268079502028543
1452720,230201.66+003812.2,22.77166312566313,0.018388837687819404,-99.0,-1.2886028911838125,0.051554595087411226,0.2846200077678859
1431225,004346.17+010404.0,22.445709840064943,0.0016778643897019663,-99.0,-1.3046814456848304,0.011302875948869806,0.375672560375508
1390880,024253.07-001810.9,22.645868799903717,0.0012036637789059057,0.44610987263114493,-1.3817017929997868,0.008289771854846029,0.4495148170174373
1445612,235507.35+000437.7,24.1982329390924,0.012408909691883352,-99.0,0.4325601946221802,0.05531164877983735,0.27127983940521144
1421137,011552.83+004036.4,22.121570805639557,0.00693023593877129,-99.0,-1.5979082565615625,0.02186441666772443,0.3480173503917994
1460594,220136.78+003646.0,21.416944752982452,0.0,-99.0,-1.3372954837502342,0.0,1.6614755247794657
1400908,021518.88-002940.3,21.829876191651216,0.0,0.4102536594969614,-1.8105223291083785,0.0037132960913711655,0.32331129823629534
1403108,020913.30+002504.5,21.0735020362089,0.004610192337430874,-99.0,-0.6476027863342164,0.008115506893657087,0.36271936005054617
1421053,011608.80+011346.5,-1000000000.0,-1000000000.0,-1000000000.0,-1000000000.0,-1000000000.0,-1000000000.0
1423501,010811.50+000522.2,-1000000000.0,-1000000000.0,-1000000000.0,-1000000000.0,-1000000000.0,-1000000000.0
1404154,020616.64+005133.7,23.286175562884516,0.03239193603937096,-99.0,-1.422637083087115,0.06523127232283654,0.6227245381044194
1431705,004226.14+000902.6,-1000000000.0,-1000000000.0,-1000000000.0,-1000000000.0,-1000000000.0,-1000000000.0
1449659,232510.08-003411.1,22.319763670208424,0.008087918344292788,-99.0,-0.9426848112752619,0.017260605554074937,0.3633722158510202
1434969,003236.76-001446.6,-1000000000.0,-1000000000.0,-1000000000.0,-1000000000.0,-1000000000.0,-1000000000.0
1445056,235830.93-002452.8,23.012882181988665,0.013712694378824608,-99.0,-1.640222525233753,0.032186125927309295,0.3790850244875414
1410147,014746.44+002929.0,22.810685163562447,0.0006609626814135794,-99.0,-0.44990244069064556,0.0012930302402143212,1.2872758103993085
1465354,212617.68+002228.9,20.03086066240366,0.0,0.3580114162229875,-1.9542656336078954,0.0,2.7628381716590176
1413564,013805.00+003823.2,-1000000000.0,-1000000000.0,-1000000000.0,-1000000000.0,-1000000000.0,-1000000000.0
1388822,024822.40-005246.9,22.835595867241572,0.021073407190987936,-99.0,0.4513798308196417,0.03511002676789299,0.3737206676415938
1449167,232843.87-011136.5,23.228730045641207,0.02108664980177366,-1.0,-0.7808370857178035,0.05958683403719334,0.30216677310878265
1419026,012208.77-005559.4,21.427760512759242,0.0011612466376487163,0.19518820481501667,-0.7079627680221998,0.00034386375856376716,0.8768016049106861
1413226,013905.67-000943.1,22.95149006367773,0.0048392724115231545,-99.0,-0.928842979063182,0.011850616828918359,0.34354346375517947
1424554,010459.79+004933.0,21.712403477628932,0.003584819897257674,-99.0,-0.556639434562749,0.010894464699164275,0.744329222518039
1433899,003557.96-002329.1,23.528105479373146,0.016762369971239366,-99.0,-1.3350313166012602,0.04746954359946842,0.6195258979386292
1399972,021754.86+004530.0,22.07059718586283,0.005417602145563194,-99.0,-1.0051540909004482,0.015014676746195998,1.0212148825562197
1432754,003923.22-003117.0,-1000000000.0,-1000000000.0,-1000000000.0,-1000000000.0,-1000000000.0,-1000000000.0
1445044,235836.74-005140.9,23.50199467234109,0.009307504176430115,2.4538925155549,-1.237197599825524,0.03162891638268561,0.3790452310955053
1423327,010841.69-002738.7,23.27609820186853,0.01430840655480381,-99.0,-0.8752611855991539,0.04447450127371372,0.2958886270667023
1400899,021519.76-010104.2,23.598230195545405,0.01706108275580931,-99.0,-1.1170965837245648,0.05950128782746067,0.4983373562087891
1447324,234226.47+003616.4,23.195923114150894,0.09189803944336994,-99.0,-0.9139855624328312,0.2256407533553355,0.3093581169921311
1448928,233042.79-000140.1,-1000000000.0,-1000000000.0,-1000000000.0,-1000000000.0,-1000000000.0,-1000000000.0
1392499,023830.44-005821.5,22.941032565359244,0.019438658011399212,-99.0,-1.0836980050717746,0.035881362395505656,0.292888251168782
1445540,235532.85-004331.2,23.412016504509502,0.02939648079359536,-99.0,0.6103257090273058,0.050294656116809056,0.36889794557176003
1414190,013606.80+002618.5,23.24353020711542,0.014579500356752817,0.10342466724796553,-0.8344981717110649,0.04974390619293895,0.2342956532033879
1435813,002954.96-001053.3,22.841832231762872,0.002549294711622352,-99.0,-2.1969168236825993,0.00776153599787599,0.8520128084235219
1434657,003338.32-000454.3,-1000000000.0,-1000000000.0,-1000000000.0,-1000000000.0,-1000000000.0,-1000000000.0
1445004,235851.32-000558.9,23.425972707791836,0.00909419980000159,-1.0,-0.6254082567431665,0.015535311254946949,0.3867967435027847
1445800,235347.65-011211.1,22.443165692982596,0.009564956809509084,0.07526824785873525,-1.156919073764493,0.024910287748301785,0.44134209976975775
1463118,214225.29+001643.2,21.40168734264848,0.006906639413095661,-99.0,-1.482270548136213,0.007027323376142203,0.7042813429016334
1427858,005428.47+000908.2,23.097741287169562,0.038691747295462875,-99.0,-0.6480193384920048,0.05806595580513241,0.2334904016300787
1394669,023210.46-011036.3,22.57385979015954,0.0038329646990398203,0.10371592739840815,-1.134535089472489,0.009867064184856833,0.3751160669028278
1392368,023855.97-010854.3,21.81079636647035,0.0017598020924669555,-99.0,-2.700562472910896,0.0023737839042792253,0.3981981084376201
1421283,011529.46-005723.7,-1000000000.0,-1000000000.0,-1000000000.0,-1000000000.0,-1000000000.0,-1000000000.0
1465222,212724.33+004718.1,18.868162282013238,1.7521358861571912e-05,-99.0,-0.9199831947072701,0.00044348598149568375,2.817002173074193
1406050,020047.15-000443.1,23.379852142642754,0.021938702183730285,-99.0,-1.2066195234894521,0.04144458114368732,0.35724578253028555
1450196,232113.41+004509.3,23.537935358517764,0.010845508635570766,-99.0,-1.5592630586457923,0.022291028848450578,0.43571279885073233
1448638,233253.23-003335.3,23.679211794729405,0.035865293468022585,-99.0,-1.4998869823690018,0.043595817464478936,0.5064345864135172
1398949,022044.16+004421.9,22.958493616475145,0.013874376616698214,-99.0,-1.177443062400799,0.03914283023487819,0.24654016324586533
1431367,004322.36-001343.7,21.210665747791033,0.0042852303213258836,-99.0,-1.4009623379316207,0.009705436912877952,0.7279757972232667
1389790,024547.08+005420.7,23.142972323834933,0.023823238718847506,-99.0,-1.6676827337254991,0.05067105586572829,0.5054744802699178
1460389,220306.43+010256.1,-1000000000.0,-1000000000.0,-1000000000.0,-1000000000.0,-1000000000.0,-1000000000.0
1439710,001657.00+005532.1,-1000000000.0,-1000000000.0,-1000000000.0,-1000000000.0,-1000000000.0,-1000000000.0
1463011,214304.46-005814.5,23.189967131501,0.024808590955327503,-99.0,-0.803768993337326,0.044626981566998125,0.3940183897310213
1394054,023352.09-002831.1,23.3773258801833,0.03656928512273616,-1.0,-0.7654253396753985,0.07880409436846703,0.29879118816936306
1430718,004516.00+000042.3,20.822885659184514,0.002369351224791316,-99.0,-1.4684853714086037,0.005542706978999279,0.8497263602426322
1451677,231005.86-010815.8,21.060016086742102,0.001642421406948813,-99.0,-1.214825992141971,0.005708001833126253,0.8844649618416194
1440585,001405.51-011036.7,23.207132414303125,0.029908735349302162,-99.0,-0.653219262548622,0.06180264880629144,0.7556911754696807
1452040,230725.85+000022.7,23.798548570995315,0.016261040085172596,-99.0,-1.5880314762024916,0.04423699043772411,0.316286627162003
1446126,235145.14+005334.8,21.550971510464926,0.016667552397553465,0.05873195683510392,-0.0576138220646536,0.014779596227511432,0.4494353785963982
1448823,233131.90-001940.1,-1000000000.0,-1000000000.0,-1000000000.0,-1000000000.0,-1000000000.0,-1000000000.0
1430522,004553.67-000255.8,22.472546848447728,0.012092957357756617,-99.0,-1.8458002021011954,0.022192633013667473,0.46600886586898205
1463282,214111.56+010815.2,21.159286176965075,6.0721476282665776e-05,-99.0,-0.4266958534172982,0.0005251482815911146,1.1884729823324895
1408204,015347.56-000027.5,23.6172378900879,0.00611442232936632,-1.0,-1.7901153271930421,0.021970548711240268,0.6188250299370648
1396893,022612.41+003402.2,-1000000000.0,-1000000000.0,-1000000000.0,-1000000000.0,-1000000000.0,-1000000000.0
1402430,021114.02-005327.6,21.607728352662413,0.01192991000059429,-99.0,-1.5889171527905739,0.011009136932172758,0.5466907006512595
1397263,022513.52+001220.1,23.19919371287377,0.0317973222319079,-99.0,-0.672437784937653,0.04562524197185236,0.34587716273592806
1397016,022554.47+002040.8,22.08939901844382,0.006284386555979182,-99.0,-1.323309220411315,0.014713998881742185,0.2895355919528493
1390897,024251.01+001010.9,23.32225508909506,0.02355843084018261,-99.0,-1.4739406869241405,0.07398959132094673,0.5377715297606928
1446638,234812.38+002939.6,21.482936396139657,0.00752336251559349,-99.0,-0.541502936235851,0.016251743837818466,4.37309158457358
1452826,230121.21+005259.7,22.865129612006477,0.0074815825502483335,0.052615043419312627,-0.4744889296475554,0.044543521202608405,0.21640787408704834
1423160,010911.72-002600.0,23.485865652531082,0.024544087720412833,-99.0,-1.1185743170598168,0.03963798462855572,0.254462358173711
1399285,021946.44+002024.1,22.74357804894469,0.014493210682866575,-99.0,-0.6377800404528369,0.03664306195881689,0.34146057399653384
1415064,013348.03+010638.2,22.483150869163943,0.0,-99.0,-1.0667982013818986,0.0,0.5467937127638909
1445454,235605.20-003448.1,-1000000000.0,-1000000000.0,-1000000000.0,-1000000000.0,-1000000000.0,-1000000000.0
1414968,013404.29-004045.9,22.29311388993751,0.003070927314485772,0.29301683435759585,-1.3068273466026885,0.022864462071380154,0.3347672637587128
1397618,022414.64+011341.9,-1000000000.0,-1000000000.0,-1000000000.0,-1000000000.0,-1000000000.0,-1000000000.0
1432336,004042.25+004100.2,20.894005911867744,0.003353439244531131,-99.0,-1.7489704991755017,0.015212017476479267,0.40250015884674023
1448128,233631.11+011027.4,-1000000000.0,-1000000000.0,-1000000000.0,-1000000000.0,-1000000000.0,-1000000000.0
1466599,211710.47-001918.8,21.77318200098066,0.006836345453997694,-99.0,-1.310560895122098,0.031545219446204587,0.25114183729275746
1405358,020254.32+011042.4,22.11707650104932,0.008825475247711267,-99.0,-1.5455422509746652,0.016388731284710634,0.42674908952931884
1463950,213623.52-003410.8,20.682059047405026,0.0013127634925247378,-99.0,-1.6096110484703297,0.002318920689730053,1.7239899538556307
1425253,010249.02-010544.8,-1000000000.0,-1000000000.0,-1000000000.0,-1000000000.0,-1000000000.0,-1000000000.0
1398177,022239.95-003636.5,22.465255702409998,0.009935772434399581,-99.0,-1.6096680430663302,0.017048460553320988,0.6340387636400534
1401978,021233.13+004745.3,23.21408972961374,0.012127316273984334,-99.0,-0.797928378310103,0.02817416776874626,0.48880059431529405
1452502,230350.32-005336.6,22.749975926488823,0.023367242594529714,-99.0,0.5145489055033208,0.03201025785335615,1.7193160210040683
1427840,005431.93+011111.0,22.679105993226734,0.007907846732901902,-99.0,-0.3772326942669011,0.015068089591239509,0.43268618097362616
1464858,212954.33+002542.6,22.86966912406225,0.022312629945098195,-99.0,-1.4906645986327511,0.032695947068703934,0.7229384852754406
1391961,024003.16-004954.8,23.41407637526654,0.01871794699499496,0.20787577785104822,0.2876738282894067,0.04885602254781418,0.4496179285618463
1391805,024030.36-000057.3,24.07793091738406,0.021478068064109124,-99.0,0.8518306342656841,0.1053710409928813,0.5100973317665047
1417572,012640.54+002521.1,22.34154894889955,0.007701314714809726,-99.0,-1.6379492364623056,0.011784907051658022,0.3381988055340082
1465865,212254.44+004433.8,21.94545084237486,0.008369287394769387,-99.0,-1.2262501431160455,0.017256762162524253,0.2314430557893868
1421700,011406.03+004240.4,23.335346097442887,0.013299318176303032,-1.0,-0.974148101744893,0.07010278771798667,0.5493263496740783
1431982,004141.46+003544.8,-1000000000.0,-1000000000.0,-1000000000.0,-1000000000.0,-1000000000.0,-1000000000.0
1415888,013130.01-003800.7,23.528750792104567,0.03723312990250527,-99.0,-1.5431666282893275,0.04218804024553602,0.46236055920285524
1419990,011920.01-002517.8,23.3820123693068,0.04239430009064904,0.09974150779316356,-1.5455203641086657,0.09757652035129805,0.7553406045674054
1445901,235309.76-000352.4,23.180404512996112,0.007098137591556863,-99.0,-0.793742337864793,0.02535758443005154,0.5398692467983404
1465524,212512.74+005107.8,21.80510572960747,0.0,-99.0,-1.7170324812223337,0.0,0.7026112475694004
1408133,015401.26+004710.2,-1000000000.0,-1000000000.0,-1000000000.0,-1000000000.0,-1000000000.0,-1000000000.0
1447484,234106.32+004157.1,23.510899576324,0.015807934216542918,0.43962207526724084,-1.0258692222360906,0.06220383958869624,0.17250140220166044
1451325,231236.37-004203.8,22.558427325441407,0.0203325990510983,-99.0,0.43089202261915815,0.02053762017586458,0.6668439808987134
1424504,010507.67-011202.4,-1000000000.0,-1000000000.0,-1000000000.0,-1000000000.0,-1000000000.0,-1000000000.0
1402213,021151.02-000456.8,22.96396050525562,0.006661071640312599,-99.0,-1.4932806107358352,0.0159206519219105,0.8203340831164261
1404429,020532.11+001113.4,23.000416074034824,0.0245720348332501,-99.0,-1.6118923646009962,0.08631529562973839,0.38889173797026333
1399890,021807.78-004950.0,23.391433560137195,0.06256792894742347,-99.0,-1.2416410454408808,0.0903250595109627,0.45720403097230783
1446769,234715.27+005807.8,-1000000000.0,-1000000000.0,-1000000000.0,-1000000000.0,-1000000000.0,-1000000000.0
1390860,024256.93-001558.1,22.433895299449894,0.0028314937623097336,-99.0,-1.4841463781928654,0.0,0.3202371759014634
1405377,020251.83-004117.2,-1000000000.0,-1000000000.0,-1000000000.0,-1000000000.0,-1000000000.0,-1000000000.0
1436008,002920.19-000321.6,23.13297201064632,0.010688722771829973,0.024579409429076826,-0.32511353833750345,0.03471404424297772,0.24511802784346953
1408336,015322.68-001911.7,21.544258780833026,0.014496910232049132,-99.0,-1.0622050612644256,0.019439035029225726,0.35630340508088193
1390468,024401.94+001000.3,23.86779085943524,0.025940171870342255,-99.0,-1.172631755499029,0.05467964191931851,0.2523024512980216
1426237,005946.19-002111.4,22.76075897406418,0.009885595762906263,-99.0,-0.8825213441601472,0.042845585786932816,0.428854628439561
1430675,004525.88-001351.0,23.737299352090652,0.03286146595081085,-99.0,-1.5810175274579086,0.0763660424088961,0.278758540174859
1419717,012002.65-010009.3,23.54449955474893,0.02776695886499425,-99.0,-1.9367637196726615,0.02241439369736986,0.32382400567738967
1458882,221439.30+003714.5,21.04040083274119,0.0002674900645871503,-99.0,-1.0582233992921801,0.0009249061199685382,0.6213362003694795
1439900,001620.38-010532.4,22.07837547320731,0.01206898269613177,-99.0,-1.4541351631589592,0.027485810880440664,0.23827304446930683
1410307,014716.75+000812.1,23.456330888807933,0.005154952934018908,-1.0,-1.1417890079501452,0.019434590291947607,0.4154068219338778
1392256,023913.60-005122.3,21.21659818869876,0.0,-99.0,-1.2831783029534667,0.0,0.3408719988191295
1393486,023532.05+004028.1,22.491232764626027,0.01293979295748926,-99.0,-1.2366812109852177,0.04320924793146652,0.32941826463030743
1459235,221206.03+010351.2,22.772980812027775,0.029796329985032344,0.24862644605320516,-0.7170127628141945,0.08051686376269512,0.5724619068715144
1450577,231808.33+001151.5,20.838705735097385,0.003949831060703346,-99.0,-1.3296648851693087,0.01118483800278347,0.8895644962441352
1423676,010736.65-001006.7,21.698094049748867,0.009891621907973658,-99.0,-1.1949178559533995,0.027405932424779733,0.544786535577062
1443101,000539.29-010243.8,-1000000000.0,-1000000000.0,-1000000000.0,-1000000000.0,-1000000000.0,-1000000000.0
1392398,023849.57+003811.5,22.314316563865738,0.008161658869898503,-99.0,-0.7934423062568445,0.023869603630682135,0.4391176652620992
1417067,012802.77-004935.4,22.30355439200975,0.02639149880444336,-99.0,-0.8067852029252469,0.04337033024524284,0.4662389992656613
1430517,004554.64+001111.8,21.88776639032168,0.006706235111488823,-99.0,-1.4902171078844364,0.02742812727324384,0.3090857518392321
1390730,024318.06-004353.9,23.03365808715308,0.012908963051900813,-99.0,-1.2315633797876568,0.04748151978355741,0.3723127317709927
1388012,025050.63+004503.3,-1000000000.0,-1000000000.0,-1000000000.0,-1000000000.0,-1000000000.0,-1000000000.0
1433587,003649.80-002524.4,-1000000000.0,-1000000000.0,-1000000000.0,-1000000000.0,-1000000000.0,-1000000000.0
1460314,220339.36+004528.8,22.604609734634813,0.008415571921851495,-99.0,-1.845298243804935,0.016536985314730135,0.5443990204874601
1432992,003841.36-004254.4,-1000000000.0,-1000000000.0,-1000000000.0,-1000000000.0,-1000000000.0,-1000000000.0
1394610,023217.67-001027.7,23.290586809890506,0.0012261155221704456,0.3872699313089023,-0.9798690095586329,0.048812280739320535,0.5225625571070773
1409956,014822.30+000014.8,23.04629112095879,0.0017081806306595837,-99.0,0.8161238419434635,0.009394368469051173,1.1631069035953376
1437575,002406.28+011206.6,22.807525561958307,0.019123778612142317,-99.0,-1.3820962209153955,0.040924171798259246,0.5297866503028311
1446015,235224.15+000833.6,22.075631215104515,0.007443197290539771,0.6407388292288075,-2.4149101265120523,0.020974875463912968,0.6227174020696724
1453289,225757.22-002608.3,20.67652358073901,0.0,0.3674442777388519,-0.715445814417671,0.0,2.9263594383698983
1459315,221131.08+010007.1,22.67888447462854,0.014784926457336312,-99.0,-1.7026788630449894,0.04759607405048394,0.4498762227620413
1441178,001201.87+005259.7,-1000000000.0,-1000000000.0,-1000000000.0,-1000000000.0,-1000000000.0,-1000000000.0
1434407,003427.07-002604.9,21.86375590225314,0.0,0.3638633108281972,-1.477818130524141,0.0,0.4645206583617279
1408184,015351.91+003047.5,23.417166028609437,0.03474708430836415,-99.0,-1.3143297325389272,0.08499131204818267,0.26641879817685526
1400774,021541.97+000954.6,22.709745243497004,0.012836429166194208,0.6378377405985617,-1.9477677926749477,0.018461141579419582,0.42072276241133033
1435291,003137.47-003155.1,-1000000000.0,-1000000000.0,-1000000000.0,-1000000000.0,-1000000000.0,-1000000000.0
1425856,010057.16-001758.2,23.091239386598552,0.012959263726495251,-99.0,-1.7454656139474376,0.02353368785601151,0.41186283466139256
1466270,211948.90-010107.8,23.294795576171673,0.02970575820213206,-99.0,-1.1597352525249254,0.05950615572537765,0.2452891564915219
1433311,003746.61+003541.6,22.701288447210025,0.021536761555758233,-99.0,-1.7841949088882973,0.05721349765380357,0.2693509022832743
1447593,234020.63-002408.2,-1000000000.0,-1000000000.0,-1000000000.0,-1000000000.0,-1000000000.0,-1000000000.0
1415763,013152.08+001827.4,22.534717919227184,0.009811722466936956,-99.0,-0.4187198908138514,0.02317256323351688,0.325275362170538
1439433,001750.60+004543.0,-1000000000.0,-1000000000.0,-1000000000.0,-1000000000.0,-1000000000.0,-1000000000.0
1439310,001814.96+001340.3,-1000000000.0,-1000000000.0,-1000000000.0,-1000000000.0,-1000000000.0,-1000000000.0
1424430,010520.57+003958.8,22.978251007418642,0.001808030757644019,-99.0,-1.0529864204416266,0.02578152618361007,0.3140487450267578
1409057,015105.79-003426.4,20.86065975219578,0.0,-99.0,-0.747076890840586,0.0,0.8562786186690311
1427333,005604.12-001908.0,23.77724276892375,0.024082878615621084,-99.0,-1.4240946938582222,0.03537672256599944,0.26780003378363965
1391782,024034.38-000105.0,23.29828965981671,0.015551253284993294,-1.0,-0.2269951170282658,0.04700089959523643,0.9901015301018907
1395517,022954.42-005622.5,21.187707101182006,0.005261797889923869,-99.0,-1.0752318481182517,0.012928018179039769,1.4235240902893134
1432865,003902.20+001315.1,-1000000000.0,-1000000000.0,-1000000000.0,-1000000000.0,-1000000000.0,-1000000000.0
1443383,000447.38-004141.4,23.113891354774573,0.04161728360683625,-99.0,-1.3202764262725069,0.08084141706132986,0.5254208557064932
1412616,014047.72-005447.8,23.221325780209675,0.015519940547195077,-99.0,-0.29271247286746505,0.014654313544796072,0.35458786257387703
1443410,000442.18+000023.3,21.064720864046443,0.0005414680358661883,-99.0,-1.6731402452672777,0.007298876622018113,0.4411579104270942
1391974,024001.63+002826.4,21.510281046500218,0.000403072452854758,-99.0,0.31371399272437195,0.011800601074632655,1.3176364501778943
1389158,024723.54-002536.6,21.517113738633107,0.003215012066428713,-99.0,-1.4559799178353439,0.007222348053228744,1.2341715798232884
1432822,003908.49+002106.1,23.614881021633757,0.017568682210118425,-1.0,-1.2042813781969404,0.05498513654905901,0.45263295974553697
1448162,233613.37-002410.9,-1000000000.0,-1000000000.0,-1000000000.0,-1000000000.0,-1000000000.0,-1000000000.0
1443285,000504.75-010740.2,23.020643890946708,0.003323771655532326,0.2901226296221213,-0.32295145485530163,0.019046441270925793,0.3680785846919354
1394149,023334.78-002718.5,23.09771706673356,0.015309359087734009,-99.0,-0.7471668754293681,0.04528350759529781,0.28547931307615054
1389137,024727.48+002950.9,22.761638718046292,0.006923575879529409,-99.0,-1.2260926969931236,0.037433961909777325,0.4493563857889336
1444865,235944.13-005738.2,-1000000000.0,-1000000000.0,-1000000000.0,-1000000000.0,-1000000000.0,-1000000000.0
1445614,235506.57-005207.4,23.57659612068347,0.011860294732510823,-99.0,-0.9024394975516747,0.03578469371060938,0.65748094231714
1395832,022908.58+003908.1,22.32506036676562,0.0006314053795719587,-99.0,-0.9551743087173765,0.02336326923471127,0.5603770328084946
1416885,012832.33+003719.1,22.70099016454804,0.015928881100828463,-99.0,-1.3145157305378556,0.04477983630489635,0.3579814784676167
1449443,232643.11+005806.5,22.727153877533972,0.016150134259147464,-99.0,-1.3152221595569267,0.025150726967664294,0.4735382942883437
1430063,004710.98-010129.8,21.79551546914258,0.00043414742855851784,-99.0,-1.39311036819727,8.508056814626741e-05,0.4573682725549872
1396440,022731.51+010702.2,24.299977103510635,0.027728263563524536,-99.0,-1.6716313205591304,0.0673890759449195,0.17599454141854404
1446251,235057.13+003730.3,21.59580900517073,0.02272912171350505,0.038775132692645396,-1.047125009899744,0.023222697633805467,0.3223287436381533
1434124,003517.95+004333.7,21.76496741282231,0.006571270082362801,-99.0,-0.7855797197264742,0.011652033586670552,0.9302662028922976
1448995,233014.43+004752.5,23.42376596031702,0.031313477385221944,-1.0,-1.6483020025754147,0.08195845891085907,0.3373129629615857
1405958,020105.80-002055.8,-1000000000.0,-1000000000.0,-1000000000.0,-1000000000.0,-1000000000.0,-1000000000.0
1405182,020327.40-001625.9,-1000000000.0,-1000000000.0,-1000000000.0,-1000000000.0,-1000000000.0,-1000000000.0
1453360,225717.52+005650.6,-1000000000.0,-1000000000.0,-1000000000.0,-1000000000.0,-1000000000.0,-1000000000.0
1445144,235800.74-010006.4,-1000000000.0,-1000000000.0,-1000000000.0,-1000000000.0,-1000000000.0,-1000000000.0
1414467,013518.56+005101.5,22.70070384460349,0.016353777059769925,-99.0,-0.5550227692092164,0.034962488934337954,0.626643525176622
1426644,005817.39-002226.2,22.894687822853648,0.012321903275740453,-99.0,-1.295430204864299,0.03325004101398188,0.390470253923161
1414050,013633.63+000819.8,-1000000000.0,-1000000000.0,-1000000000.0,-1000000000.0,-1000000000.0,-1000000000.0
1450062,232205.45+002726.0,21.129968039064288,0.0004844948890347922,-99.0,-0.6581143314524827,0.0003163462950412921,0.5502993272328482
1446614,234820.81+010024.1,22.706021456857805,0.005479274646722487,-99.0,-1.1124469420271401,0.019779202925984563,0.3157392645051618
1399046,022027.39+011407.4,22.924942893072576,0.0002956998244840747,-99.0,1.080792928893719,8.960862249995927e-05,0.7757569411117456
1455657,223919.35-000818.0,20.49681607107832,0.0024410655504958356,-99.0,-1.7137398169837934,0.006765287670020714,1.0669457564847866
1424459,010515.45+004742.3,23.374243272063644,0.013695941247693355,-99.0,-0.7103903655990269,0.026414984960473342,0.5240305463155792
1442152,000837.68+011359.9,23.29282324475107,0.029088191134505337,-99.0,-1.7190194838562296,0.06046460201181347,0.37471321300393057
1415684,013205.97+011044.6,22.556477478175246,0.02001834308313022,-99.0,-0.21807866674693344,0.027507874192219284,0.41749599824288597
1390528,024351.90-000548.7,23.42662233470977,0.0324459371760355,-99.0,0.17185824755889634,0.08302149167480583,0.5845669524233856
1447081,234442.95-001339.5,19.077334788751237,0.0,-99.0,-1.606293975155312,0.0,13.768265632541729
1391674,024051.49+003844.6,21.661094412576112,3.4795507124485425e-05,-99.0,0.09462126451623387,9.832613046836108e-05,1.2860684965628197
1445430,235614.59-005921.8,-1000000000.0,-1000000000.0,-1000000000.0,-1000000000.0,-1000000000.0,-1000000000.0
1464848,212956.96-010259.7,19.876348173521457,0.0,-99.0,-0.9591425945546836,0.0,1.7794006619803802
1452352,230448.19+001650.0,-1000000000.0,-1000000000.0,-1000000000.0,-1000000000.0,-1000000000.0,-1000000000.0
1423640,010742.17+010001.4,22.280537886459307,0.010623637344311376,-99.0,-1.0933492458575844,0.025587799787285204,0.26898996292086996
1422492,011129.94+003431.3,20.788784852542584,0.0033520478505000284,-99.0,-1.23525706592106,0.008467214697183367,0.7576569832029296
1405737,020144.18+011204.0,22.38134554950856,0.007348359071768229,-99.0,-1.7538728730680426,0.033550579601802855,0.3243811482548266
1390028,024511.82-011217.8,22.77868630402839,0.025919803380629602,-99.0,-0.04284708943831461,0.0425560109395826,0.3375398880895699
1446521,234859.41+005126.8,-1000000000.0,-1000000000.0,-1000000000.0,-1000000000.0,-1000000000.0,-1000000000.0
1436777,002645.51-003807.0,23.50934006223327,0.04049076304594834,-99.0,-1.2055961277207112,0.06991893189878495,0.7389271293472227
1432115,004114.97-000623.6,22.399479324715138,0.020916210988044526,-99.0,-0.8202327873529507,0.03916099687106356,0.4589933620278569
1401856,021252.77+004715.2,23.12198940635391,0.015227027735358334,-1.0,-0.8324184927528773,0.023456313899219816,0.7311991766480586
1437737,002333.78-003505.5,21.445992575650713,0.0008928315136991216,0.08597691225353542,-0.6015830145565149,0.007421339373055336,1.0621032734822076
1448180,233606.65-003737.5,22.695005755828213,0.0021977162759601043,-99.0,0.7149253594273759,0.013799003647960162,0.4292314087413781
1418322,012416.44+004642.2,22.98577201354974,0.03549019747533855,-99.0,-1.4058945023389464,0.05775158670492653,0.19231354345871937
1450427,231921.79-005545.1,22.749078349151908,0.006769110976039272,-99.0,-1.151379115333774,0.019618068923464294,0.21158192513528415
1449374,232712.98-003618.3,-1000000000.0,-1000000000.0,-1000000000.0,-1000000000.0,-1000000000.0,-1000000000.0
1402293,021136.42+004943.2,21.7801990943126,0.0035025522100262663,-99.0,-0.8531194616586086,0.00228531132603349,0.8267316763804176
1392182,023927.03+001653.8,-1000000000.0,-1000000000.0,-1000000000.0,-1000000000.0,-1000000000.0,-1000000000.0
1437127,002540.19-001531.3,20.22774383823738,0.0006982290336043917,-99.0,-1.522456371168445,0.002105494212535919,1.3692083156001675
1427731,005453.30-003258.3,21.91735090728894,0.00031053751845533384,0.036704243070421326,-0.5855253359057357,0.0048964134902593215,0.3650239146094564
1441496,001057.16+005455.4,22.803697095978286,0.007048377032949915,-99.0,-1.3620402272091843,0.033949180152244685,1.0771468350383298
1411436,014400.04-001210.7,22.86231302670638,0.020933893312191643,-99.0,-0.18736391941880903,0.0169730313109532,0.33171346218314723
1462950,214330.90-010523.4,-1000000000.0,-1000000000.0,-1000000000.0,-1000000000.0,-1000000000.0,-1000000000.0
1423014,010938.49+004557.5,21.850062473764147,0.008134673353641375,-99.0,-1.0162395655729286,0.015347402306374491,0.6476706851460861
1444209,000201.33-005539.8,22.67404345227498,0.0049081513667204035,-1.0,-1.5176482488426428,0.017972584208670095,0.3605661242831428
1422662,011051.36-002658.9,23.3004305848956,0.03102724890484687,-99.0,-0.4797954270873772,0.07262341095230695,0.26423971130159657
1392784,023741.09+004337.0,23.067287712102548,0.033293064918478166,-99.0,-2.0041252524157898,0.06274777509650731,0.45450544233993895
1426743,005758.10-010405.6,21.662328304761566,0.0011806440679773544,-99.0,-1.6793677741068285,0.004330925827785936,1.586803373266757
1411728,014307.67+001532.6,20.67192868100272,0.0006270602449287566,-99.0,-1.4938829661814665,0.007443937848744975,0.53428969075318
1392252,023913.96-005856.9,20.249584384098846,0.009539405429581649,0.40714002381389797,-3.895728857832393,0.03195869722673206,0.7935625303706102
1420309,011827.54+002924.8,23.553953666051846,0.017385448684255067,-99.0,-1.427065483179506,0.05076128341246511,0.27390873937176013
1445870,235321.42-005407.4,-1000000000.0,-1000000000.0,-1000000000.0,-1000000000.0,-1000000000.0,-1000000000.0
1450994,231515.37-002923.8,-1000000000.0,-1000000000.0,-1000000000.0,-1000000000.0,-1000000000.0,-1000000000.0
1413261,013858.01-010246.7,22.57583540861703,0.015450734918145415,-99.0,-1.0224693174993256,0.0392004595992001,0.18126766307052933
1419156,012147.73+002718.7,21.76995496153939,0.010646815594776982,-99.0,-0.07075722576610932,0.013694935990459046,0.7316433813870602
1390786,024308.18-000127.0,-1000000000.0,-1000000000.0,-1000000000.0,-1000000000.0,-1000000000.0,-1000000000.0
1419352,012109.92-002909.3,-1000000000.0,-1000000000.0,-1000000000.0,-1000000000.0,-1000000000.0,-1000000000.0
1446205,235116.18-000332.4,23.549300894005277,0.042629204601976056,-99.0,-0.9359965875991092,0.06957917396628449,0.33021052729586936
1418173,012445.70+003212.5,21.33168744114142,0.0,-99.0,0.163541665801894,0.0,3.297987725218758
1451572,231055.60-000219.1,22.229845958226143,0.004376240226182659,-99.0,-1.1845472272903295,0.01107306561151089,3.086696342564586
1417782,012557.43-000454.4,23.917603187146035,0.0,0.15068740664681782,1.1748812243994706,0.0,0.9843249935196853
1406641,015851.16-003411.1,23.1127225372287,0.015937346813963416,-99.0,-1.0281655557821385,0.03008318086988726,0.37591223445378175
1407581,015545.83+003524.2,22.63951391173898,0.007842600024181579,0.12498952958147753,-1.3577998293451405,0.007633777412753062,0.1803210293291485
1411463,014354.10-000459.8,22.748995039135487,0.012321776996033762,-99.0,-0.9046013915045963,0.030032603314398776,0.4056556139906083
1407268,015646.81+003246.6,22.633806172913346,0.010384492555628455,-99.0,-0.9455214663627638,0.02448776579184775,1.1043863479106373
1430314,004629.47+001147.4,24.028089634034778,0.03840284440486563,-99.0,-1.5959662245461566,0.07526119156164524,0.27367343767628577
1416856,012837.49+011252.1,22.0826975799743,0.010188603607295121,-99.0,-1.4636657619903888,0.018976763658872353,0.55658583727847
1404918,020410.18-000622.7,-1000000000.0,-1000000000.0,-1000000000.0,-1000000000.0,-1000000000.0,-1000000000.0
1404279,020556.05+004116.9,22.260654577192206,0.006595880716355751,-99.0,-1.2492319955821536,0.02358058378476313,0.44040446816219886
1419828,011945.63-002804.6,-1000000000.0,-1000000000.0,-1000000000.0,-1000000000.0,-1000000000.0,-1000000000.0
1428813,005107.08+010417.7,23.48822024940079,0.0233663424645858,-99.0,-1.566160332451827,0.04883686956882616,0.392323968965982
1393880,023422.34+010728.0,22.525542077937082,0.01348288143913301,-99.0,-1.283150687625275,0.02986782145529643,0.42314136119266627
1394729,023201.57+000921.5,23.273059586068122,0.04093804509372134,-99.0,-1.4657438346603677,0.08800136903374245,0.6943967056619117
1465196,212735.32+010314.0,22.07868130256245,0.004023482144148716,-99.0,-1.4331413450212325,0.01604401992686233,0.27890958711999925
1436762,002648.07+001225.6,24.202620158229372,0.043326535987047166,-1.0,-1.3444282047755927,0.11145191920216657,0.35743702340064804
1422258,011219.05+003647.8,23.52857975951654,0.034788386707491625,-99.0,-1.5240946983469001,0.05321284995313469,0.6837079212465381
1393606,023508.90+005136.8,21.518887572294936,0.0022848660356977746,-99.0,-2.1286753963372993,0.009682448432497548,0.725446728931988
1438781,001957.82+011153.4,20.074436916222574,0.0,-99.0,-1.6038736905605004,0.0,0.9247667359053426
1455850,223740.08-010729.6,-1000000000.0,-1000000000.0,-1000000000.0,-1000000000.0,-1000000000.0,-1000000000.0
1444370,000127.79-002756.0,-1000000000.0,-1000000000.0,-1000000000.0,-1000000000.0,-1000000000.0,-1000000000.0
1390188,024447.66+005700.4,24.123260705333372,0.04140926051991123,-1.0,-1.7037334943059999,0.1548422542269643,0.32468891621011897
1439492,001738.41-004904.4,22.83001054797166,0.01967979016175292,-99.0,-1.3528563273433658,0.030858213458128114,0.5255656214512052
1415167,013332.25-000426.7,23.79657582197121,0.022594311653270083,-99.0,-1.1990553924063123,0.04412268182890078,0.3104617433931055
1401959,021236.52+004929.3,23.14142777722784,0.01240586252430731,-99.0,-1.123042714323884,0.015782092282226268,0.6861979774292081
1419280,012122.01-000246.7,22.58003115787401,0.001122691339086046,0.07352101228382878,-0.43852202378670135,0.00042395072525946986,0.9623915312958263
1448177,233608.23-003111.4,23.017866571946264,0.015009983068567934,-99.0,-1.6870354799453366,0.05374589360491633,0.18764967987512243
1388831,024820.91-002546.8,-1000000000.0,-1000000000.0,-1000000000.0,-1000000000.0,-1000000000.0,-1000000000.0
1419616,012018.74+010518.4,22.0612600248267,0.009409988297806038,-99.0,-1.5169962028948722,0.021237472985479178,0.4008791767420172
1396959,022603.25-010558.5,22.810198103623968,0.013277515928908912,-99.0,-0.7598841059759831,0.03886197687797133,0.3885231831337446
1445520,235542.80-005826.9,22.48646175733942,0.008130342311991612,-99.0,-1.4175694822450708,0.023880022538384726,0.8043878609526411
1419765,011954.65+003500.6,23.09187402982021,0.0005317618975553273,-99.0,-1.1139557944580072,0.017408821553808185,0.25965109384294727
1430593,004539.01+003446.9,-1000000000.0,-1000000000.0,-1000000000.0,-1000000000.0,-1000000000.0,-1000000000.0
1435152,003202.98+003752.9,-1000000000.0,-1000000000.0,-1000000000.0,-1000000000.0,-1000000000.0,-1000000000.0
1416829,012841.47+003809.9,22.8851985655699,0.010583110529633899,-99.0,-1.1266289338631248,0.025305732881438336,0.27151936269487453
1431412,004315.08+011445.5,19.785014700704842,0.001885421303100543,-99.0,-1.4450577864055516,0.0023455718488527566,1.4415191695470764
1439071,001858.75-002228.7,21.981826580900496,0.0021160342926052067,-99.0,-1.4779877710778422,0.007156060703829348,0.4405595279460409
1451198,231333.93-005109.8,21.62173904625964,0.0,-99.0,0.15771502953468186,0.0,0.7330065656710608
1397112,022537.55-003009.5,21.92054974444276,0.012258386007006905,0.5240132589063671,-2.370995947869729,0.09983337443774465,0.3168494017050468
1463173,214203.63+001036.0,22.61261238376104,0.011517375177563238,-99.0,-1.2674825385823207,0.01740790142524351,0.47875627125911635
1451966,230800.94+002606.9,23.484480753811603,0.06746275338703533,0.9644164972429905,-1.8830727190554355,0.1186905515432286,0.2782387101049978
1438546,002050.10+001742.4,22.765417394501206,0.019179029127078806,-99.0,0.3019953331926697,0.029176139352789038,0.6585951908067931
1391698,024047.91+004440.0,21.429306791140895,0.0,-99.0,-1.4714087858133151,0.0,0.7802454713109953
1403115,020911.51+001743.4,23.507970963595433,0.019163002242077454,0.0658523691267903,0.7563028033523844,0.034152690315127354,0.44626654218618217
1423000,010941.44+002538.4,22.127931745021577,0.00378235514396863,-99.0,-1.157162258188614,0.013548456695945954,0.4958787103583447
1463904,213636.39-003434.6,-1000000000.0,-1000000000.0,-1000000000.0,-1000000000.0,-1000000000.0,-1000000000.0
1446767,234715.99-003802.7,21.943884945465165,0.009472750852355105,-99.0,-1.3322491964053955,0.02399345137631148,0.36512169514382675
1421039,011611.75+010237.7,22.62983425252333,0.015009777667005508,-99.0,-1.1232157935179963,0.02896747621137452,0.2865391418571262
1399639,021845.39-003051.8,-1000000000.0,-1000000000.0,-1000000000.0,-1000000000.0,-1000000000.0,-1000000000.0
1453281,225801.89-004116.3,23.046920187762133,0.00979922847332837,-99.0,-1.4492948035411182,0.01592149593122738,0.35558366183878815
1465152,212755.59+004135.0,22.580515558652557,0.0451469389261927,-99.0,-1.8025371868553348,0.09657203572648765,0.20174473710754373
1408571,015240.46-010205.0,-1000000000.0,-1000000000.0,-1000000000.0,-1000000000.0,-1000000000.0,-1000000000.0
1395347,023025.05-000021.9,22.840260272987827,0.0022918629363211096,-99.0,-2.576938683209919,0.008811412691040132,1.5160575468372548
1403829,020710.44+000037.9,22.856781914708584,0.011754894970481544,-99.0,-0.24450542094686423,0.03740486363780765,0.5791935523691162
1403913,020659.05-002212.8,22.981704963815453,0.009269648984568946,-99.0,-1.4949446910752187,0.014762542488911068,0.45528078442077435
1446982,234544.29-010331.5,22.30359854794991,0.015671716214900044,-99.0,-1.2959047980463345,0.027728713582018227,0.4139293751625334
1445716,235420.60-003534.0,22.702162058492455,0.009785764365588534,-99.0,-1.2083451409056578,0.017771684843908897,1.0950131646083332
1391460,024125.73-011235.8,22.79934292093501,0.010743018792700454,-99.0,-1.9426553810585676,0.05195895554821883,0.2570121180748329
1445423,235616.38-003258.1,-1000000000.0,-1000000000.0,-1000000000.0,-1000000000.0,-1000000000.0,-1000000000.0
1400163,021727.28+002002.4,-1000000000.0,-1000000000.0,-1000000000.0,-1000000000.0,-1000000000.0,-1000000000.0
1430720,004515.82+003053.6,22.330276638625953,0.01607322625453378,-99.0,-1.5099442175621354,0.03849636817755664,0.4993484981864276
1446994,234538.64+001850.4,23.29629101873629,0.03517757642130803,-99.0,-0.9698119468003972,0.06869163166347292,0.5557903478086413
1421909,011321.85+002507.4,22.85641179734953,0.004702536177720873,-99.0,-0.6158753542922382,0.017889836092424227,0.21608109966875905
1446148,235139.02+003543.1,22.347721974542388,0.0,-99.0,-0.9309926137351194,0.0,0.5112665005061287
1425539,010158.61+010203.4,22.150073932088098,0.01202055645211253,-99.0,-1.6397486792690117,0.026363689461411655,0.3410022441873938
1465216,212727.44-004127.9,23.210233070362285,0.017491069216299948,-99.0,-1.0921705717224777,0.045792491583542594,0.34522933817414636
1448430,233426.34-004020.8,23.30521771318606,0.008934245083001002,-99.0,-0.2155360888539768,0.04041677537601267,0.3299070401114232
1414072,013628.58+004047.0,21.96140270338156,0.005657309590896276,-99.0,-1.8237067051634952,0.01184984905643427,0.8299913612114536
1452443,230410.76-000003.8,21.62104727873882,0.00018469787449681974,-99.0,-0.40072792994514916,0.0008629361091672116,0.6687214554653237
1406581,015902.70-003224.9,23.282396742384158,0.03067097444780842,-99.0,-1.660818700746614,0.04546406577005324,0.3100144304612949
1394083,023346.34+004744.8,23.231587524974536,0.0409068817735303,0.3849675097515397,-1.2603265985619188,0.09976464467071244,0.495011659049367
1425617,010143.83+000818.7,22.769068983959265,0.04903371937590606,0.2643120435737869,-1.2279351249877855,0.11352701861863679,0.2885988378900454
1434469,003415.12-000748.0,21.861051562513346,0.007629725643854002,-99.0,-1.6344594563011534,0.026775166073972678,0.33468386650468374
1406648,015849.94+003135.0,23.397420141209487,0.012269070332013854,-99.0,-1.1990031261542913,0.0405096410253738,0.24817413566376811
1405103,020339.60-010725.2,-1000000000.0,-1000000000.0,-1000000000.0,-1000000000.0,-1000000000.0,-1000000000.0
1410489,014644.71+001914.2,-1000000000.0,-1000000000.0,-1000000000.0,-1000000000.0,-1000000000.0,-1000000000.0
1424539,010501.48+002824.3,22.61910842279044,0.007791098127407636,-99.0,-0.5034744984366943,0.02131108176248586,0.5250781961345147
1453070,225942.59-001129.4,22.562449643624625,0.021486161452131114,-99.0,-0.7057553587373837,0.04632110016839808,0.5232262823011232
1414404,013528.84+002116.3,21.66288080562952,0.00770720107458267,-99.0,-3.21600271280802,0.022647254333015843,0.4244250442567022
1450816,231635.00-002841.7,18.9266859463255,0.00048518731444069374,-99.0,-1.595931093011358,0.0006690437298255691,3.0424107357469965
1447687,233938.05+000952.6,22.541733632797268,0.011051537061552708,-99.0,-1.6985685820838912,0.030523547971249343,0.23280610519039122
1430018,004719.17+002807.7,20.27128220730534,0.0008861369627943816,-99.0,-1.2333064270865246,0.0016309858863241544,0.8374245870945122
1407514,015554.70+011018.4,-1000000000.0,-1000000000.0,-1000000000.0,-1000000000.0,-1000000000.0,-1000000000.0
1448695,233225.66+000134.0,22.978460263902768,0.016375146782694472,-99.0,-1.2530177516049306,0.01709080232159943,0.3112625511961082
1419335,012112.14-003037.0,21.416679932470977,0.005353435125972084,-99.0,-1.3632545778079406,0.01336600289427159,1.0355073987483165
1450091,232153.29-004824.7,23.27452695675381,0.038884324074581755,-99.0,-1.0058243037370556,0.0863281236829126,0.28631377802778807
1401780,021303.25-004303.7,-1000000000.0,-1000000000.0,-1000000000.0,-1000000000.0,-1000000000.0,-1000000000.0
1436868,002630.32+011140.4,23.27942414517232,0.02269779604016975,-99.0,-1.67537486535764,0.04487717847047401,0.38036261377884545
1390798,024306.67-002531.4,22.142763819103287,0.008805244141321111,-99.0,-1.1637645852294405,0.0192978535527506,0.47362386406272533
1428442,005225.33+002006.6,21.202660962764774,0.0006887976024394504,-99.0,-1.1382649229047086,0.0017376193678624308,0.9323406109854321
1410927,014527.24+004010.5,-1000000000.0,-1000000000.0,-1000000000.0,-1000000000.0,-1000000000.0,-1000000000.0
1414581,013502.28+002656.0,-1000000000.0,-1000000000.0,-1000000000.0,-1000000000.0,-1000000000.0,-1000000000.0
1394967,023123.80+004425.8,21.523573916768832,0.0,-99.0,-0.6651332695679608,0.0,0.6658269273214696
1441243,001148.89+010636.1,23.04065444997166,0.03086004746221782,-99.0,-1.2934654465741904,0.04160672534569998,0.44610341436837087
1414868,013418.19+001536.7,17.65184054064553,6.367872796175789e-05,-99.0,-1.7332647648527106,0.002085589356751072,4.322591565212843
1465825,212312.68+005927.9,22.38092394142408,0.015588003082704915,-99.0,-1.1158301286988475,0.03628622971833184,0.31383270526647594
1450222,232101.16+001922.7,21.51865043095247,0.0006604882210226037,-99.0,-1.2306269764828661,0.0030304829434485425,0.4478690283252059
1464973,212911.52-002611.2,22.40145727687942,0.028419126122116722,-99.0,-0.5071271980483694,0.07820295158272761,0.6465248045118995
1464932,212925.27+003622.9,22.962663072654955,0.022956380866556714,-99.0,-1.4512198881722407,0.055616149527635494,1.3749343926267255
1446577,234833.35+010219.7,-1000000000.0,-1000000000.0,-1000000000.0,-1000000000.0,-1000000000.0,-1000000000.0
1453354,225724.05-003713.2,20.842188829551922,0.001241276910644018,0.271080148636345,-2.258438779229234,0.015992881986317764,0.9256113862562095
1426522,005844.81-003934.2,-1000000000.0,-1000000000.0,-1000000000.0,-1000000000.0,-1000000000.0,-1000000000.0
1396723,022640.53-000058.6,21.43517160574634,0.0028576240035960154,-99.0,-2.1739637441666533,0.00566830194140544,0.8453360040304273
1437182,002526.73+000618.0,22.01780326345581,0.0004055867937147184,-99.0,-1.3634474285934983,0.0035625037675444116,0.5992299289545411
1447442,234127.78-003349.7,22.88248121908611,0.020533735813836884,-99.0,-1.1500382023535725,0.04174340090382844,0.9418603476570578
1439172,001840.97-010029.6,24.31453980095238,0.06597974972251563,-1.0,-1.4583942358643354,0.13489811626983494,0.35894408443400516
1408546,015244.44-002219.8,22.68551311962181,0.03110331788560572,-99.0,-0.6414326540706217,0.05395982546390199,0.605893095810708
1450124,232139.83-000002.4,22.7087323427315,0.02688301766623269,0.32428194077734335,-1.726816331974664,0.04586936960066523,0.32180642084467553
1393573,023515.70-003815.0,23.119343063918244,0.00819883661375087,-1.0,-0.5377555008493164,0.05751743689898442,0.600542520510741
1395447,023009.60-004104.7,23.455773103523732,0.018756513980697775,-99.0,-2.446621560453557,0.035214607847172674,0.4145852358409827
1412632,014044.21-010755.8,22.27627552334672,0.005316582458467778,-99.0,-0.9483475192960649,0.016132670919509706,0.7558689566290158
1411481,014349.45+010833.5,-1000000000.0,-1000000000.0,-1000000000.0,-1000000000.0,-1000000000.0,-1000000000.0
1402825,021002.01+004318.8,24.207652369002837,0.050099871912907545,-99.0,-0.9919896843251035,0.08724562614396875,0.33849483524779994
1390680,024325.54-000412.7,23.251058668522496,0.02606766750952616,0.7868398609630287,-0.8194753891678896,0.03874656762177353,0.42554604582323957
1440438,001436.69-011235.4,22.429720376507994,0.009047185265522728,0.7578661793873888,-1.2754590013846712,0.06417769382127858,1.1646768529734493
1450771,231652.05+005125.9,21.808076097882896,0.014217255094965964,-99.0,-1.2292368899451867,0.017824920442787717,0.5972572885949393
1393853,023427.71+001330.6,23.14198953687997,0.0191570884836878,-99.0,-0.6823159443031317,0.06724897508012123,0.4315874277673135
1432361,004037.55-003503.1,23.443417273142025,0.01249117341576067,-99.0,-1.6061104208474886,0.028263840113435523,0.3532500253493716
1390392,024413.76-000447.5,22.992628444713752,0.012451335844652078,-99.0,-1.021715587387614,0.014943186970858502,0.7431833907378832
1411631,014324.81+003611.3,-1000000000.0,-1000000000.0,-1000000000.0,-1000000000.0,-1000000000.0,-1000000000.0
1461128,215735.77+000334.2,23.01805431198212,0.017793939204864273,-1.0,-0.7411241114864806,0.04846388654558248,0.49508558324146945
1399760,021828.35-000251.8,23.33485141640022,0.008529008006590288,-99.0,-0.9616129076799576,0.04486206250991981,0.2642202500954356
1464416,213310.43+000548.0,22.563391858572665,0.005423529147554618,-99.0,-0.31606913211792254,0.02245421949647808,0.5618917093226311
1448679,233231.34+011012.0,23.012743735884747,0.014883823116162986,-1.0,-2.0327872860424536,0.02885907421160483,0.391932513730871
1391285,024153.91-003430.3,22.111917770516406,0.006185211738083396,0.04453293276927584,-0.46043338808905254,0.0200366107630017,0.2775869949013845
1459047,221326.84+005901.4,22.225513394555215,0.007449633302734071,-99.0,-1.5106621669941047,0.03384197497534136,0.4733860508962588
1389501,024630.41-003821.9,22.73704173258981,0.013111444750597556,-99.0,-1.5492855090115905,0.03343977467898274,0.3610360617307506
1403003,020929.58+003204.7,22.795383776190853,0.001941015805781987,-99.0,-1.0086561093605932,0.004113008233033177,1.1137980592249566
1438353,002131.26+002515.2,23.025321397175524,0.034570884077620434,0.21474226668930047,-1.0632042041313898,0.07547286270625042,0.5441725879549754
1443642,000356.56-010131.6,-1000000000.0,-1000000000.0,-1000000000.0,-1000000000.0,-1000000000.0,-1000000000.0
1465959,212214.12-003623.9,23.70625827716166,0.023418761510489716,-99.0,-1.6149211566292934,0.055010448550925295,0.2683130457543214
1403067,020920.10-005003.8,-1000000000.0,-1000000000.0,-1000000000.0,-1000000000.0,-1000000000.0,-1000000000.0
1396994,022557.54+002914.2,22.890322315761445,0.005701538103108916,-99.0,-1.6665483125202978,0.008785367372814434,0.7349582608360082
1421472,011448.44-004148.3,23.476999182096712,0.051506693684713056,0.44404688255182867,0.6368225840285726,0.07828986853347192,0.25462860747195143
1390109,024501.19+003643.6,22.547033665896002,0.00398522765499898,0.3551305359274,-2.2749683814568478,0.017392237214194806,0.33476859963334815
1440281,001507.00-000800.9,20.43393182709726,0.001292851340508605,-99.0,-1.1343157470416192,0.00481636526958662,2.5833722734529028
1398393,022210.64-005639.5,-1000000000.0,-1000000000.0,-1000000000.0,-1000000000.0,-1000000000.0,-1000000000.0
1449368,232715.61+001413.4,22.541080907690663,0.005600696068119859,-99.0,-0.7495482840692116,0.014181766558595599,0.520830959056152
1462803,214429.01-004010.1,21.737366601281074,0.006909733617073144,-99.0,-1.3561864460559026,0.011000880191456064,1.146865580794613
1462980,214319.93-000052.5,23.552304351346187,0.02848969841525495,0.513687130186907,-1.3747531563601436,0.057110600351811036,0.22782769714247855
1446184,235125.36-001949.0,22.924183059200452,0.019583568353720437,-1.0,0.8055938477830606,0.05604316831257819,1.457554920311061
1402792,021005.87+010651.4,22.98218188650703,0.0029967470638947447,-99.0,-0.9912477778800648,0.004185038131069074,0.6197962062787236
1438975,001919.31+010152.2,21.132533398032685,0.005102803895846719,-99.0,-1.5946101750198198,0.00903776939001244,0.6134960366153619
1448150,233620.12-001747.0,21.001182060863407,0.0,-99.0,-1.2459736111117232,0.0,1.3187333696009191
1421667,011411.76+001119.3,20.617287284431832,0.0008235371350284737,-99.0,-0.8742523040734227,0.0029374691281637277,0.4630412455974814
1460611,220127.38+005829.9,22.278438759770616,0.005610499904680211,-99.0,-1.3130898966600841,0.007789886829911663,1.3189133259309453
1452118,230642.12+001347.2,22.85532396884056,0.01533914058411412,-99.0,-0.9638164189844716,0.031165377052069287,0.2531126719730971
1413947,013652.44-001524.6,21.185777480318826,0.0008214185950539132,-99.0,-0.9437397224486217,0.001621392483081463,0.7412048127442178
1459197,221221.83+004325.0,20.548513868890318,0.0020416156672542485,-99.0,-1.2155253565784414,0.0028139148397724467,0.8398717748756322
1414479,013517.52+004719.3,23.920154460070655,0.05317096405200061,-1.0,-1.3643589989599127,0.06887597782967902,0.3374636862148083
1445696,235431.51+005555.7,23.225050358387698,0.02611905034363815,-99.0,-1.558975376675801,0.05068662342130237,0.38156987043289875
1446278,235043.06-003849.1,-1000000000.0,-1000000000.0,-1000000000.0,-1000000000.0,-1000000000.0,-1000000000.0
1431251,004341.49+005609.9,21.536589067930173,0.0014009395965786098,-99.0,-1.0601656626154803,0.023711826785944634,0.25191572375522975
1435059,003222.59-011217.7,-1000000000.0,-1000000000.0,-1000000000.0,-1000000000.0,-1000000000.0,-1000000000.0
1406860,015805.65-005404.6,-1000000000.0,-1000000000.0,-1000000000.0,-1000000000.0,-1000000000.0,-1000000000.0
1453193,225846.64+002051.8,-1000000000.0,-1000000000.0,-1000000000.0,-1000000000.0,-1000000000.0,-1000000000.0
1401859,021252.04+000334.5,-1000000000.0,-1000000000.0,-1000000000.0,-1000000000.0,-1000000000.0,-1000000000.0
1459068,221314.72+003409.7,22.025273188889976,0.000912486210706831,-99.0,-1.4750539578822832,0.0027468929834427724,2.545425993685906
1397616,022414.68-010134.3,23.125089205627795,0.027429417001156864,0.07607735794157168,0.2391821875537783,0.06091341756507149,0.29685350804925226
1390009,024514.48-003016.4,23.650987128169028,0.04909165171421925,-99.0,-1.3893770368612417,0.04875469858529391,0.23414494912234415
1448798,233140.21+002529.9,23.642866127433457,0.031499149275235894,-1.0,-1.4896751736603084,0.05530251120337437,0.4164397487928138
1446904,234618.16-000144.8,22.255378679778524,0.02536827589109336,0.011906920613836634,-0.20474888319914264,0.02665514755321151,0.29867092404218454
1444150,000212.07-005309.1,22.18188619774677,0.008674377466864058,-99.0,-1.0090940191216333,0.015327889731808098,0.5544164818900136
1449430,232649.74-005653.2,21.50364897110145,0.0003416634791708617,0.31678024861877424,-0.9807104794992272,0.003046604745074788,1.3418246209096956
1464448,213252.83-002737.9,22.891921787175797,0.02738522050128367,-99.0,-0.8108774570633015,0.05248713823866635,0.498780807512154
1439563,001723.91-010003.4,23.186756151578557,0.0198201448024804,-99.0,-0.719648411949743,0.04979140868132753,0.4602055505345728
1390668,024327.95+005555.1,23.50555618156624,0.008848963525194264,0.7634511418351061,-1.2005427242367168,0.03107024461228225,1.0789334993551845
1447411,234143.81+000309.7,21.681193312355497,0.011976483647604397,-99.0,-0.6606699014944271,0.02210475125423189,0.7880052560780577
1423221,010900.86+000137.1,22.082749014395382,0.0031291535602484544,-99.0,-0.7209494697938554,0.016105851871808685,0.6751687799826774
1391635,024055.54+001201.3,23.050101412789964,0.014104389330480416,-99.0,-1.6794746753740153,0.04792579589912638,0.4177759618853494
1411196,014439.87-003941.8,21.943667046340046,0.015593918527097017,0.2809892945351573,-1.5396421006433059,0.01445946690971911,0.394500936916605
1432090,004120.10-004440.1,-1000000000.0,-1000000000.0,-1000000000.0,-1000000000.0,-1000000000.0,-1000000000.0
1425482,010209.04+001822.6,21.583593763152614,0.006327715353471319,-99.0,-1.3162482625312548,0.01381161651852203,0.4758876282636912
1445365,235637.62-003523.1,23.294642498181112,0.014449769723547945,-99.0,-1.0737974967907147,0.030699112859953637,0.39216182536380045
1449512,232619.68-000614.9,22.90494144254634,0.018269919537097223,-99.0,-0.7907808687655402,0.03238056899833036,0.2505839312447869
1426576,005831.50+002756.8,22.36741404067393,0.00964890584111977,-99.0,-0.34891582706129043,0.01838161481149736,0.43557398732317054
1403297,020844.06-005541.9,22.65718667065004,0.00504750336028259,0.34268424123302615,-2.0487115960778937,0.01416832078661212,0.4283842795884754
1415484,013237.33-010319.2,23.155502643996932,0.021617625564429588,-99.0,-0.7800678855258765,0.06097964231662245,0.3217508549395701
1430906,004442.07-004210.2,-1000000000.0,-1000000000.0,-1000000000.0,-1000000000.0,-1000000000.0,-1000000000.0
1451609,231040.38+000334.5,-1000000000.0,-1000000000.0,-1000000000.0,-1000000000.0,-1000000000.0,-1000000000.0
1429519,004846.48-003307.4,23.158343823225742,0.0,-99.0,-0.6300191123408077,0.0,0.7105688660725135
1399347,021936.93+011325.2,-1000000000.0,-1000000000.0,-1000000000.0,-1000000000.0,-1000000000.0,-1000000000.0
1400653,021602.55+001856.2,22.89320511836872,0.023110793205329827,-99.0,-1.3882490442913866,0.056770796446424354,0.8260672137246043
1463098,214234.62-010343.6,22.536137181352878,0.020532439236582434,-99.0,-1.5923841211856282,0.0512305218838115,0.3238585035869093
1443967,000248.92+005648.2,-1000000000.0,-1000000000.0,-1000000000.0,-1000000000.0,-1000000000.0,-1000000000.0
1452185,230608.50-002631.1,24.097534560226684,0.05030666842408493,-1.0,-1.4164701258674781,0.114281126972124,0.21332882130632713
1410000,014812.87-010217.6,-1000000000.0,-1000000000.0,-1000000000.0,-1000000000.0,-1000000000.0,-1000000000.0
1450875,231609.86+001608.5,22.77825574667363,0.004085677568834711,-99.0,-0.9112850152338314,0.023952649140632387,0.2875804161000859
1413687,013745.07+005524.0,23.612591097984144,0.011676459879321754,0.3076368752435987,0.5442918081900743,0.018186145681773597,0.592537647314572
1408931,015130.63-002536.4,-1000000000.0,-1000000000.0,-1000000000.0,-1000000000.0,-1000000000.0,-1000000000.0
1446409,234944.84+005540.9,22.361434573250087,0.0011160279830679798,-99.0,0.1920658462994158,0.00575106943971207,0.8379804217850909
1415900,013128.25+003227.6,-1000000000.0,-1000000000.0,-1000000000.0,-1000000000.0,-1000000000.0,-1000000000.0
1428834,005103.54+000102.7,22.342541363637075,0.018131597327908366,0.11853537370454204,-1.999678658680995,0.04883552187716611,0.22790949118126924
1447870,233820.22+001900.3,23.63521969171297,0.015095638727800065,-99.0,-1.8102768762864905,0.03837208998036834,0.39148244016306116
1409283,015024.44+004433.0,21.61255931089928,0.003363579233992553,-99.0,-0.6211612804921662,0.01138531656149211,0.43224273309426375
1443082,000544.72-005706.6,-1000000000.0,-1000000000.0,-1000000000.0,-1000000000.0,-1000000000.0,-1000000000.0
1463440,214001.88+004636.6,22.901248792332787,0.022155703484951772,-99.0,-1.1514352619081372,0.036085919073592376,0.23023842982340537
1413101,013926.09-010025.8,23.01532701792099,0.005622789175561138,-99.0,-1.5912025052604521,0.03403682593463475,0.29509980313098716
1445307,235658.03-010947.4,23.52043231870463,0.014037152371626505,-1.0,-0.5989915791695264,0.07565340644704666,0.9386176761367133
1423122,010918.56+005419.3,21.30630947761596,0.0,-99.0,-1.2061825493163507,0.0,1.423442571637978
1450404,231931.87-002857.8,23.312528218629204,0.011927779810054773,-99.0,-1.1832310084031832,0.02740105757796596,0.7756380871406511
1436391,002802.49+004437.7,-1000000000.0,-1000000000.0,-1000000000.0,-1000000000.0,-1000000000.0,-1000000000.0
1417442,012702.52+011412.4,20.564284668179916,3.670393414090256e-05,-99.0,1.172913191493537,0.00045540809869670795,15.510111049070394
1442117,000844.70+002550.5,-1000000000.0,-1000000000.0,-1000000000.0,-1000000000.0,-1000000000.0,-1000000000.0
1431379,004320.13+001334.7,-1000000000.0,-1000000000.0,-1000000000.0,-1000000000.0,-1000000000.0,-1000000000.0
1398797,022108.42+005358.5,23.698299023777956,0.013331823434654666,-99.0,-1.6713231688881112,0.0441009037395369,0.5260274557613497
1401841,021254.80+003623.6,23.865709453125355,0.033518821000804166,-99.0,-0.7687255729854465,0.07938943629124234,0.4406009754656979
1409367,015007.91-003937.0,22.998626879842952,0.0181155191091964,-99.0,-0.7391349066141153,0.040078748354450855,0.44183992243132164
1449781,232416.61+010009.2,22.773300931837717,0.01914099593520291,-99.0,-1.4375151551498306,0.04265798347702521,0.25306507599836775
1465637,212421.90+002342.0,21.45516737334878,0.006707323199144355,-99.0,-1.793434577391972,0.007398298661499325,0.24905068875830058
1438077,002233.27-003448.4,20.0926696366461,0.0,-99.0,-1.9043943813508508,0.0,1.4566754997175473
1413170,013915.72+003740.7,23.71958638111844,0.03285052773492225,-99.0,-1.4774662896997164,0.08951431545107713,0.35653165132157183
1398248,022230.16+002934.9,23.544292236299874,0.03356167163121704,-99.0,-0.9814656811186921,0.10778765161851384,0.5649944553122649
1395783,022915.10-000315.8,21.628756469589426,0.0019373801610544916,-99.0,0.22186675499014363,0.010629495995647373,3.4396289815653907
1421620,011419.86+000100.3,-1000000000.0,-1000000000.0,-1000000000.0,-1000000000.0,-1000000000.0,-1000000000.0
1417880,012540.64+010623.3,21.883571682028567,0.002248719286450651,0.18695875491162012,-0.9647953195116621,0.014151612375779443,0.9813949313621716
1465185,212740.61+005701.5,21.99030550354241,0.013539124649204481,-99.0,-1.766191730522511,0.01986812600136656,0.2824297088730916
1398047,022300.00-005152.7,22.549227326656457,0.009309113085755882,-99.0,-0.8329695258791201,0.024635475999470247,0.3804666452685185
1394213,023325.33+002914.8,21.447267851783174,0.0,-99.0,-2.0953509746926713,0.0,2.112816590783845
1432410,004027.91-000021.2,23.531385381034518,0.022059555469216008,-99.0,-1.2728547285266814,0.07020139831379735,0.32433855046220955
1463336,214049.49+010719.3,22.598311957940744,0.002929191215121918,-99.0,-1.2461918134501628,0.03204186765376682,0.6207494692323475
1391021,024231.07-001228.0,22.563279536529215,0.02159679041489504,-99.0,-1.520369738234261,0.021393328536622347,0.5892378378826096
1423470,010815.26+000708.6,21.343989287007055,0.0060513331918876645,-99.0,-1.4127410272209366,0.008574309090058851,0.37374997262267246
1418501,012346.21-003913.8,-1000000000.0,-1000000000.0,-1000000000.0,-1000000000.0,-1000000000.0,-1000000000.0
1452054,230721.13-003057.5,22.737220299156583,0.012986592363626315,-99.0,-1.2177935071962844,0.029550776317140648,0.3797986719100052
1438101,002225.92-004744.0,22.960037867322576,0.00987351660673319,0.11333472063863012,-1.57498669380327,0.05730981572257299,0.6240011171442404
1390418,024410.25-005717.4,23.16024368201213,0.022410516373536638,-99.0,-1.0965869569106248,0.05944151189171021,0.309069997987044
1421475,011447.32+010857.3,22.838870779368698,0.012992995233567228,-1.0,-1.3588126625151413,0.028796739622351075,0.3202881946747556
1406100,020038.81+010224.8,-1000000000.0,-1000000000.0,-1000000000.0,-1000000000.0,-1000000000.0,-1000000000.0
1395169,023053.08-010235.7,22.22664112688414,0.00027469427492654575,0.30416721949079367,-1.2757242963391735,0.0012584537265409868,0.5119450096686221
1397496,022435.63-000700.7,23.621665818149275,0.017931000627715576,0.30460682307997883,-0.38037512647398675,0.04963992212550103,0.4115938587170355
1437516,002418.04+002258.2,23.624708276940645,0.025278555382737267,-99.0,-1.5500273987903448,0.053959785019003004,0.4351450269508657
1418839,012239.17+003644.3,23.162204055763688,0.01194340393620763,-99.0,-0.7552836371315097,0.05320447644346821,0.4286422508231218
1455638,223931.17-000758.1,23.03289564143885,0.020601058252109894,-99.0,-0.7230926595974152,0.04800389115163972,0.2801221509722127
1459024,221340.04+002228.9,-1000000000.0,-1000000000.0,-1000000000.0,-1000000000.0,-1000000000.0,-1000000000.0
1457357,222620.30-010657.4,23.055462241628867,0.017934424196823784,-99.0,-0.7267516930061779,0.05218830538722835,0.331221679566134
1417170,012748.98+005039.8,22.48782343438544,0.008126011686488965,0.20832098631296628,-1.7282271167691832,0.029870375313363784,0.1881547646478834
1451616,231036.08+005310.6,21.717527500239093,0.024849362884271642,-99.0,-1.4526196334902433,0.0427921785627321,0.46294600944344444
1421899,011324.48-004059.8,23.066044353725367,0.0234608570245598,-99.0,-1.3325402489431406,0.03130788993074851,0.33442310346557297
1408090,015409.44+001631.8,22.850421466748735,0.007604701979726514,-99.0,-0.8547446272803114,0.028485918796373078,0.38925084701007173
1440032,001556.85-010216.5,22.527642792038314,0.005933084091189755,-99.0,-1.1449927022491044,0.023133634248863943,0.33861053179438017
1388753,024836.37-011332.9,23.02108097317899,0.03662545811153883,-99.0,-1.3797644539678786,0.07397875627637696,0.38122626942643206
1455543,224017.27-011442.8,21.4960898524242,0.0,-99.0,-1.0823530421732563,0.0,0.20874065258286217
1444719,000017.88+002612.6,-1000000000.0,-1000000000.0,-1000000000.0,-1000000000.0,-1000000000.0,-1000000000.0
1406407,015938.79-004840.3,23.942544967952138,0.028659664725596556,-99.0,-2.2601080557900346,0.04856575534068619,0.33492054250419895
1419525,012035.79+005949.1,21.479525435545007,0.006617435394682403,-99.0,-1.0829149668949642,0.02039268775175762,0.4573907811801284
1414690,013444.57-003500.0,22.059858361285812,0.014341819175101023,-99.0,-2.8194867325205255,0.07736573377948641,0.4952173035384967
1439706,001657.76+005614.6,21.21178390569637,0.0022203464631331826,-99.0,0.11244671453778032,0.008783162833797764,0.8611178503383318
1420906,011637.95+002703.1,-1000000000.0,-1000000000.0,-1000000000.0,-1000000000.0,-1000000000.0,-1000000000.0
1466338,211916.36-002354.2,23.0590850645844,0.01617464605147667,-99.0,-0.9392439014361962,0.04441886134869111,0.3799823943841755
1430382,004618.59-004409.9,20.274926817318054,0.0,-99.0,-1.3816495335464345,0.0,1.3301162599971272
1398110,022250.35-005638.3,23.491661873097733,0.01064864644400032,-99.0,-0.5409551722076866,0.027645116555930216,0.3538277831755163
1463747,213744.82-011024.5,21.66419536030336,0.003987983124877914,-99.0,-1.297694865007898,0.01728326183486706,0.271991445822422
1410121,014753.66-004743.4,23.289384636489608,0.017765297343341757,-1.0,-1.5024170874479439,0.05048978556224337,0.2843759192175618
1398671,022128.25+002056.1,-1000000000.0,-1000000000.0,-1000000000.0,-1000000000.0,-1000000000.0,-1000000000.0
1438375,002127.88+010420.2,20.697292354581656,0.0003016321341053896,-99.0,-1.5119203553300413,0.0007861016087908901,6.009445308743298
1451285,231257.62+002252.9,23.19715478361585,0.016992738120711337,-99.0,-0.864762723475617,0.07411984412894812,0.29912898063757754
1445918,235302.99-001916.5,22.95863632245075,0.011069237539018673,-99.0,-1.5423648442943052,0.03144279702101804,0.37643953978748246
1448883,233104.38-004237.2,-1000000000.0,-1000000000.0,-1000000000.0,-1000000000.0,-1000000000.0,-1000000000.0
1463691,213807.73-001748.5,21.428710851963352,0.005688420573628505,-99.0,-1.1823534334215973,0.015007527714011037,0.4388789017032889
1398099,022251.84-001722.8,22.82486203536977,0.003325202161663654,-99.0,-0.871598061622139,0.014487563585996899,0.43025224453599786
1411806,014255.26-002711.0,22.517044695422207,0.003945667209688253,-99.0,-0.188133573737991,0.012111409032076081,2.344585338243576
1452206,230559.21-001255.8,22.717130434750068,0.036882650136425,0.18605785931840005,-0.1493091544153735,0.049103719566005566,0.25736926738392574
1394003,023359.84-011310.4,22.322436772064712,0.0,-99.0,-0.8459662877684666,0.0,0.3421059113857974
1414155,013613.72-002852.8,23.6086394549231,0.0016031339788113996,-99.0,1.3159882652281976,0.00626112595745143,0.4500270026228699
1434184,003507.25-010516.6,23.536465245319853,0.023057386882880948,-99.0,-1.9756788069716604,0.09882223518859967,0.29379012354968254
1401687,021319.46-004448.5,-1000000000.0,-1000000000.0,-1000000000.0,-1000000000.0,-1000000000.0,-1000000000.0
1465425,212551.92+000032.7,20.960637564750478,0.0015043443758600006,-99.0,-1.6134129153511063,0.004845584035882422,2.9747999573340382
1430052,004712.73+000549.4,-1000000000.0,-1000000000.0,-1000000000.0,-1000000000.0,-1000000000.0,-1000000000.0
1396628,022657.10-002650.7,22.306994937790826,0.006669625239874577,-99.0,-1.2056471866866079,0.03522732857685229,0.5081090664632644
1447695,233933.81+000502.1,22.7251809461172,0.012296989544369197,-99.0,-1.4557765623650423,0.03649359595260837,0.3107934377043851
1397703,022400.24-001241.3,22.121746646134106,0.011428341062451608,-99.0,-1.6348249859343338,0.036041887109139026,0.38495040202260594
1448819,233133.07-005609.1,21.44129629309925,0.0,0.08010307267124402,-0.6652551645748126,0.0,5.980532484204269
1445707,235426.80+004829.5,-1000000000.0,-1000000000.0,-1000000000.0,-1000000000.0,-1000000000.0,-1000000000.0
1396733,022639.58+004329.8,22.818602563711686,0.012431842996045717,-99.0,-1.4081886890880542,0.02696556705130848,0.2752797921581168
1463355,214039.29-004821.2,22.65417822821825,0.0064870769593206035,0.2008575891447674,-0.567339814686477,0.024081555560687085,0.28499772553404285
1391363,024141.52+000416.6,20.403808501627786,0.0,0.20809206571208633,-1.9834714565149714,0.0,1.2462401712214126
1416933,012824.02+011314.4,22.801262858942927,0.02365543593389141,-99.0,-1.4855005705613475,0.06502214903175718,0.2551514358989588
1393033,023656.72+011257.0,22.700880174712744,0.007106086629784514,-99.0,-2.902520811782635,0.013180289676476997,0.7997131712351256
1460565,220152.03+003022.2,-1000000000.0,-1000000000.0,-1000000000.0,-1000000000.0,-1000000000.0,-1000000000.0
1395671,022930.91-000845.3,22.227669492191673,0.0,-99.0,0.2521511026092771,0.0,0.9021484873237084
1392264,023912.71-005220.1,21.472944795464564,0.0049978512058235225,-99.0,-1.5174317916038502,0.010856266461368058,0.34174024278612775
1446114,235147.01+003235.8,23.841402140672677,0.02446366043566961,-99.0,-0.4863400486391667,0.08842591062693347,0.6744424359817885
1448454,233418.31+004452.3,-1000000000.0,-1000000000.0,-1000000000.0,-1000000000.0,-1000000000.0,-1000000000.0
1395116,023058.88-003005.0,23.438642773331857,0.03568551756923277,-99.0,-1.286208514059127,0.0791511508274998,0.5465131624462722
1403832,020710.18+001842.8,22.949187164233074,0.004394113110679498,0.1440416756655387,-0.5372129995884221,0.032514847340346265,0.3675546871199759
1424151,010613.62-005148.1,-1000000000.0,-1000000000.0,-1000000000.0,-1000000000.0,-1000000000.0,-1000000000.0
1461396,215536.67+010335.0,23.367883523854708,0.035229520310497975,-99.0,-1.0915937316361362,0.09178573688911607,0.2601076907301899
1444813,000001.93-001427.4,22.265232099861883,0.012078028070714453,-99.0,-1.2994228929195075,0.019870592241176266,0.5373010443235985
1429536,004843.69-011125.3,-1000000000.0,-1000000000.0,-1000000000.0,-1000000000.0,-1000000000.0,-1000000000.0
1445846,235331.42+005412.0,-1000000000.0,-1000000000.0,-1000000000.0,-1000000000.0,-1000000000.0,-1000000000.0
1436963,002613.32+010624.5,-1000000000.0,-1000000000.0,-1000000000.0,-1000000000.0,-1000000000.0,-1000000000.0
1444952,235913.19+004528.3,23.599078470092188,0.011234454792097281,-99.0,-1.2809051612551343,0.036321892799164646,0.601742124012833
1418423,012400.18+004955.6,22.94707406892332,0.005442035569167558,-99.0,-1.314217280682593,0.052997070408165814,0.29826296514649814
1438188,002206.05-011300.4,-1000000000.0,-1000000000.0,-1000000000.0,-1000000000.0,-1000000000.0,-1000000000.0
1456287,223414.73-005519.9,-1000000000.0,-1000000000.0,-1000000000.0,-1000000000.0,-1000000000.0,-1000000000.0
1433607,003646.71-001857.0,23.149150251878275,0.011633122263541296,-99.0,-0.9561884379006722,0.038534599988774065,0.26930722786226885
1449253,232808.72-001321.1,22.74711147031764,0.00842037885878888,0.09421154292357631,-1.0894641910010572,0.016418652032031966,0.3130135310767093
1465834,212308.81+002533.5,23.004237536283817,0.012459562930251522,-1.0,-1.2279834564706862,0.04479359868067434,0.4952528212749087
1437413,002437.93+002803.9,23.143512321954297,0.012953820071883726,0.3521792270783411,-0.8751921724955984,0.027691664195337584,0.3307734962384773
1443488,000426.42+005703.6,23.779677709878676,0.07149444228354618,-99.0,-1.3403124123329255,0.12221065826991606,0.7110264887175819
1390458,024403.62+003443.7,23.808066797223198,0.033865905748902136,-99.0,0.16193835999727924,0.07601448092708085,0.4610032486139628
1413177,013914.85-004706.3,22.551252874306535,0.010903194445255338,-99.0,-0.805061389636875,0.0405292536991087,0.6027789602735231
1451913,230826.14-002626.1,23.479785136896545,0.024046810356130877,0.40704730975487974,-0.6137191080814146,0.12255179474885441,0.333117947886959
1405980,020102.30-004308.1,22.813892959263747,0.0,-99.0,-0.7791170121591797,0.0,0.33722291898409684
1407422,015614.03-002105.0,-1000000000.0,-1000000000.0,-1000000000.0,-1000000000.0,-1000000000.0,-1000000000.0
1434110,003521.61+001940.9,22.287176595160112,0.013355654691817875,-99.0,-1.8779374247346752,0.02025969270079242,0.781731479306367
1445036,235839.93-004219.1,23.75153838764303,0.04419152578484464,-99.0,-1.9140154291410774,0.1455456446395189,0.5561955118055378
1396738,022638.64-002531.4,23.410371547047596,0.004645660998328083,-99.0,-1.3120734944206425,0.015296129045171969,0.5530019419576652
1392583,023815.92-002012.2,22.862872557105796,0.015745959107933416,-99.0,-1.6694398975681342,0.03880830356032283,0.325271018125407
1427379,005557.23-002454.0,23.6717732795371,0.030124590522317973,-99.0,-0.8073537778415476,0.06845713961373984,0.25343922427820276
1430889,004445.01+003558.3,23.020058333535935,0.01669474878623234,-99.0,-0.915518993996149,0.02602325228769936,1.0328896230556592
1461226,215654.14+010307.6,22.7064005549718,0.015039990403344916,-99.0,-1.4270418480124043,0.024681156184583664,0.7877490097930435
1420591,011733.26+005724.5,-1000000000.0,-1000000000.0,-1000000000.0,-1000000000.0,-1000000000.0,-1000000000.0
1445908,235305.68+010429.7,22.855346960727353,0.01021291520312495,-99.0,-1.510058058108072,0.031008493923850078,0.3640750998728302
1420582,011735.16+001030.0,-1000000000.0,-1000000000.0,-1000000000.0,-1000000000.0,-1000000000.0,-1000000000.0
1445746,235408.59-001615.1,21.10389355448772,0.0007667179569015303,-99.0,0.15808763071400822,0.002890452155084766,5.620668889873476
1409342,015012.26+003449.4,22.695027104149027,0.008800207503343316,-99.0,-1.353799458754244,0.035274280948429104,0.3065932679055913
1456143,223516.98-003142.0,23.30123709122345,0.03150513529948107,-99.0,-0.8981512763831567,0.05697464117478318,0.6114808642931535
1440002,001602.63-002035.5,21.754209960681642,0.004118947441025256,-99.0,-0.6755722033496943,0.007944894901271482,0.5430960488285329
1452666,230228.95+002249.2,20.91926903604314,0.0020640659015480622,-99.0,-1.1495352403975758,0.006421917395616927,0.680153004063924
1465406,212556.55-005212.0,22.147682327957206,0.00904837334514852,-99.0,-1.2486383937107983,0.02406222502768096,0.48903165690238337
1451829,230902.76-000634.0,22.378297890499788,0.004675473971538224,-99.0,-1.0787483989363413,0.005763079256035697,0.6224131460579841
1452339,230457.34+003645.6,22.40191712280791,0.0012339533324023932,-99.0,-1.1544860073024727,0.010254108650745053,0.39301550614723274
1448523,233347.84-001754.7,21.76257767299564,0.004040062729453453,-99.0,-1.6515896192470194,0.01855263784716865,0.33526469400426834
1392326,023904.03+011052.4,23.08318229212869,0.009390884826387946,-99.0,-1.0605815709593975,0.03640179821880385,0.5054568384692528
1450849,231619.46-003015.0,23.32870783456493,0.018683827084480242,-99.0,-1.3242513295288325,0.05632830165550895,0.21396664613917143
1448456,233416.86-002355.1,22.78489733656189,0.005307877492013446,-99.0,0.314734435405871,0.021369746857011512,0.3228606970147709
1463046,214250.91+010839.9,21.626605525166163,0.005679066135808597,-99.0,-2.134413299956178,0.018485131495910245,0.4187775635915951
1465114,212810.49-002529.3,21.35377292757962,0.0,-99.0,-1.7925303224658906,0.0,0.9287581016168182
1396858,022617.59-000409.8,22.841023035732015,0.017133232300690082,-99.0,-0.9780366493415507,0.03966822886802235,0.705870764323072
1443819,000317.91+003848.2,23.161312389523978,0.027572462285512245,-99.0,-1.1883000338431469,0.05520895607328924,0.33919816318986096
1421183,011544.05+002014.9,-1000000000.0,-1000000000.0,-1000000000.0,-1000000000.0,-1000000000.0,-1000000000.0
1420944,011629.79+005359.1,21.045926304952452,0.04233770179444818,0.5911632088547037,-1.8232785892585195,0.06240208357708599,0.4016090827226801
1401868,021250.42-010626.5,21.986095402439965,0.02083422705394078,-99.0,-1.3597092415983485,0.023787099021565616,0.3517479351407034
1444943,235915.33+002937.8,23.151737403598936,0.016252964480196752,-1.0,-1.0257923352429992,0.05599683561116264,0.36368011423562036
1444151,000212.01+003253.3,22.647099466947118,0.027582537632673265,-99.0,-1.502318418065126,0.043150990707333525,0.7330966343308326
1450066,232204.76+010955.9,22.158310069381052,0.001662755007956207,-99.0,-1.23682378551747,0.02231536527567135,0.6417411028989687
1436986,002609.07-003749.3,21.28599195962409,0.0037016724192184824,-99.0,-1.177494227177673,0.012179283855114909,0.5620980611811786
1407857,015453.84+003456.2,22.87870493411082,0.01640186294985746,-99.0,-1.4532123171463018,0.061800789239179976,0.20759162928117428
1448144,233623.41+005514.3,-1000000000.0,-1000000000.0,-1000000000.0,-1000000000.0,-1000000000.0,-1000000000.0
1452090,230701.18+003857.9,23.166750707643708,0.015498113745557873,-99.0,-0.9267659346081007,0.03680857917052349,0.7045474863529237
1436160,002851.40+011120.8,23.845541059171758,0.03695164646378757,-99.0,-1.314705777883769,0.10168697406074867,0.25544257585278224
1388512,024918.37+005109.3,23.241843054216936,0.04713503283366727,-1.0,-0.8357262241716397,0.055545037371987016,1.2780153931874718
1395453,023008.60+011402.5,23.216290731598498,0.027082165595961882,-1.0,-0.8249061908230004,0.06907469796452992,0.42391879168357377
1392237,023917.86-001916.8,22.192865685805607,0.005011633910969593,0.19703861670461112,-1.4734493485960893,0.0127439614213668,0.3026069483254882
1451233,231314.57+000719.8,-1000000000.0,-1000000000.0,-1000000000.0,-1000000000.0,-1000000000.0,-1000000000.0
1464721,213048.12+004003.9,21.716623777724443,0.017269577420382376,-99.0,-1.3079713884166781,0.0693993572170366,0.4085272467346508
1419985,011920.57-000808.1,21.993191438661732,0.0032499639578631445,-99.0,-0.4320820211149812,0.013158904582551756,0.5462435178277828
1402335,021129.70-000100.5,22.813663900262718,0.013614327704667417,0.1300964756012842,-0.8054874862349202,0.030230198946056996,0.4658699107384767
1411135,014449.70+001555.9,23.86237649581313,0.03684333994901756,-99.0,-1.2951357673725843,0.08777977782861024,0.3202328674461241
1395047,023109.18+003127.4,22.44678228207487,0.004451870608654929,-99.0,-1.2651187873202279,0.018573244612092532,0.48626481275618316
1412742,014026.76-010551.6,22.678855816062345,0.006811378747784147,-99.0,-0.8028120080632863,0.023512519704746937,0.3674758532701724
1409415,014958.55-003023.4,-1000000000.0,-1000000000.0,-1000000000.0,-1000000000.0,-1000000000.0,-1000000000.0
1431171,004356.59-011357.5,-1000000000.0,-1000000000.0,-1000000000.0,-1000000000.0,-1000000000.0,-1000000000.0
1414889,013416.20+010119.7,22.65007175617344,0.04942330487224922,0.35918019673463314,-0.20989331359645647,0.05215526219619959,0.29946914548473647
1446411,234944.06+000510.5,22.716776026918133,0.007315851021978403,-99.0,-1.1419072844220688,0.055618736902557586,0.34852777680888575
1445226,235726.60-005148.1,22.77996215359817,0.005591624242589077,-99.0,-1.530028818120139,0.018558167112217472,0.5365048179343279
1453418,225652.17+001054.6,23.297300645804988,0.004430065199594324,-99.0,-0.4508332671674804,0.03301604156346016,0.3144473055657913
1447255,234303.15+001553.7,22.94143561214677,0.008124657022676729,-99.0,0.5034940366436631,0.05861130637834849,0.20543236958100747
1395249,023042.10+011316.0,22.911206232041117,0.003323146641411867,-99.0,-0.8887044786347307,0.012952193631448505,0.7607361869175475
1428217,005313.23+001754.1,22.268170519006908,0.008957034055541158,0.1499866627330268,0.19695319617070428,0.008174462178446973,0.8891269964396372
1403425,020818.63-000534.4,-1000000000.0,-1000000000.0,-1000000000.0,-1000000000.0,-1000000000.0,-1000000000.0
1439634,001711.56-002445.7,20.99072039519333,0.0,-99.0,-1.1417052235755705,0.0,2.063984751697434
1449261,232803.53-001656.3,-1000000000.0,-1000000000.0,-1000000000.0,-1000000000.0,-1000000000.0,-1000000000.0
1403971,020650.76+000536.7,-1000000000.0,-1000000000.0,-1000000000.0,-1000000000.0,-1000000000.0,-1000000000.0
1410258,014726.55+002024.3,21.07085805443814,0.061098459650947845,-99.0,-0.5799266285286846,0.07591791474130649,0.5868196354009977
1393292,023605.35-001752.0,22.593685055116346,0.013816594310309682,-99.0,-0.8529405464137634,0.040671308434546305,0.3351350979147482
1425048,010328.05+002256.4,-1000000000.0,-1000000000.0,-1000000000.0,-1000000000.0,-1000000000.0,-1000000000.0
1446176,235126.58-003144.6,-1000000000.0,-1000000000.0,-1000000000.0,-1000000000.0,-1000000000.0,-1000000000.0
1437598,002401.44+001836.5,21.606426245309258,0.0020050966970508455,-99.0,-1.522130181954283,0.005947299678452755,0.828675262768988
1426034,010023.94-001810.6,22.707139145894438,0.0003389357153338324,-99.0,-0.3365857710591147,0.0,0.46836047222553684
1447960,233741.54+004901.2,-1000000000.0,-1000000000.0,-1000000000.0,-1000000000.0,-1000000000.0,-1000000000.0
1406834,015810.24+000419.9,22.444229344526455,0.03689250894808538,-99.0,-1.6210414099180221,0.0803832597640517,0.3554934241722227
1392474,023835.17+004322.7,22.79134709511363,0.010644192719624357,-1.0,-1.3637081462164664,0.028698593269095185,0.36186456313751425
1444161,000209.60-000155.4,22.580721271117007,0.00835110225331448,-99.0,-1.561753997373235,0.010579164240877903,0.6523163898622324
1446310,235029.73+010418.8,21.87486740418789,0.004733820067102101,-99.0,-1.3191100791093198,0.002240080151502233,0.5824168024724588
1410330,014713.16-002620.5,23.731426045256804,0.01858752831800814,0.358339474194856,0.38137352347441933,0.04295592543708876,0.3160482921833794
1399228,021956.56+003342.3,23.083421815467638,0.049529486030230885,-99.0,-1.051970315157583,0.09928127294104344,0.3306025644085877
1455953,223652.19-011455.7,-1000000000.0,-1000000000.0,-1000000000.0,-1000000000.0,-1000000000.0,-1000000000.0
1463438,214002.37+000243.4,21.520832618832962,0.0,-99.0,-1.1760860567563607,0.0,0.3000945497581127
1445038,235839.59-001243.8,24.158214525315906,0.023439126900672846,-99.0,-0.856088703847032,0.03338602489043918,0.4460986209098493
1437926,002258.28+011211.9,23.03043916160417,0.019850855851295535,-99.0,-0.53323599079323,0.036550159569834206,0.2986959636653621
1448901,233055.15+002550.1,23.21365681676449,0.02360896862685813,-99.0,-1.4720324158640512,0.05169872453502389,0.2693427971909955
1430009,004719.89-010118.3,23.09630957525112,0.01516864302379517,-99.0,-0.946695020855925,0.008930299336183944,0.6201446156509767
1433734,003626.08+011136.4,22.836712017109484,0.04119344326312557,0.5779399518683381,-1.5554385212014585,0.07058176688379847,0.33186520622522814
1452940,230035.17-003620.4,22.949440155393326,0.011263906979346316,-1.0,-1.3049775771427905,0.03889802278816623,0.5619733900393222
1397084,022542.81+000037.6,23.081993296624084,0.027410163517096464,-1.0,-1.924748390077843,0.0645677538012539,0.2762941608496485
1410048,014804.14+004915.5,21.153394557642365,0.003360866136894458,-99.0,-1.1482677009663282,0.004867773510408457,3.574179388084571
1405114,020337.60+005637.5,23.942775652313323,0.012139658484491278,-1.0,-2.074820177526187,0.03703851303249228,0.3300006094173487
1393609,023508.63+000954.0,22.037247288269008,0.0057541656079429515,-99.0,-1.0105769581207849,0.012199476257712893,0.5250401859783851
1449166,232845.03+000401.1,23.138476330074816,0.01792436710576162,0.6253840655093085,-1.6196762160794331,0.06913020941603276,0.27259966187714596
1424950,010348.27-011458.7,23.182600018286728,0.010727693609213773,-99.0,-1.6843376164317014,0.03303326865042233,0.6241324930142079
1450458,231905.49-000014.0,22.134860087882323,0.022419538338196432,-99.0,-1.2897260169840097,0.04806897327897097,0.18924405161294952
1393230,023617.18-005309.7,22.784087526295615,0.004233973033116456,0.05556756468147672,-0.35346873916194266,0.02521888792462401,0.2525412213206468
1438160,002213.82-003355.5,23.05837471531904,0.010722520923867052,-99.0,-0.2995501278606678,0.03502577279898511,0.30088695525573433
1396248,022803.02+005636.2,23.425822212158444,0.06176889050468759,-1.0,0.6176412040833252,0.14453569507672048,0.5328917643234133
1451843,230856.76+005858.6,23.44555911430168,0.021063095374493912,-99.0,-1.3237467150088449,0.030019219557126164,0.4337438088161681
1429393,004915.28+010830.8,23.048428012395213,0.009178735941297589,-1.0,-0.26401208671438603,0.021082992418916313,0.2206091498160714
1392137,023934.36+003902.8,23.048284788153346,0.03764841149891396,-99.0,-1.2950938256791953,0.07381444031107076,0.3356656714447055
1436263,002828.34-011014.1,20.977587483869833,0.0013560109126942166,-99.0,-1.1137659496432843,0.002601443705091522,0.6981349501322092
1420195,011847.72+005924.9,23.17149696491908,0.015676851909844913,-99.0,-1.303412981518941,0.03686898556722373,0.20551751353431655
1427196,005626.98+010933.9,22.99174194649084,0.018400906610249734,-99.0,-1.6508026327376575,0.05497135770795947,0.389242556197732
1464586,213145.44+003148.1,23.148527709456452,0.016435629968540866,-99.0,-1.4985429963689696,0.024257911960728795,0.3668908373062605
1449230,232820.38+002238.2,19.89248392233059,0.001813357056610343,-99.0,-1.4902697096877664,0.002738273585034423,0.844850741072447
1408169,015354.37+002747.2,23.446579329404237,0.01700348805009355,-99.0,-0.9217548138039122,0.03821688955346608,0.32136992928686753
1399781,021825.51-005032.5,23.226526387584947,0.11085299820766004,-99.0,0.6405938416450061,0.10143734713998986,0.45888431985266154
1433548,003659.26-001922.7,23.07916711383195,0.011089842744649303,-99.0,-1.4298283204640811,0.039761503334718507,0.26388386561468047
1427767,005445.02+004741.0,23.316104718103936,0.018793587312737614,-99.0,-1.1081950525058395,0.028723226522700873,0.38161724374325773
1417634,012628.16+005011.5,23.180935996363168,0.0057404939153915535,0.05025047044558532,-1.4278623290018135,0.025836742969609028,0.3051765195031617
1442504,000732.68+004005.7,23.652173724282456,0.014857937070411609,-99.0,-1.331648444452724,0.008116267134560928,1.0288098697370538
1445386,235629.16-004550.3,23.134190815549665,0.030298815913329946,-99.0,-0.7389248486895967,0.06660114344190837,0.25898552027793587
1446942,234602.95+000340.9,-1000000000.0,-1000000000.0,-1000000000.0,-1000000000.0,-1000000000.0,-1000000000.0
1393016,023659.66+010312.0,23.3920506597076,0.009440020878423994,-1.0,-1.410654064490648,0.04329776189208501,0.558650884383873
1394162,023333.56-003113.5,22.992668102486853,0.009501092911250453,-99.0,-0.7594557972391272,0.033271342230680345,0.4725773614698277
1432759,003922.44+005951.7,-1000000000.0,-1000000000.0,-1000000000.0,-1000000000.0,-1000000000.0,-1000000000.0
1463798,213717.38-003952.5,-1000000000.0,-1000000000.0,-1000000000.0,-1000000000.0,-1000000000.0,-1000000000.0
1444571,000050.59+010959.1,22.12477567120822,0.008768783958785775,-99.0,-1.3870061221220995,0.014548637005552312,0.38372165356805393
1390083,024504.57+005521.1,22.243063222392514,0.0037627991850897047,-99.0,-1.193094923524313,0.026768294439951656,0.3497810216680125
1442679,000659.29-001740.8,21.711141249140177,0.005923300244541352,-99.0,-1.2456906685491713,0.014041855671768966,0.4513575850289258
1465134,212800.33+002126.1,21.457801231024952,0.0011685715502629535,-99.0,-1.1079826640521402,0.007040051991249685,0.35195194682457925
1428948,005040.58+005214.6,23.456890105581287,0.0166766580867872,-99.0,-1.7313522139941728,0.031206279496830747,0.32073065147540974
1392760,023745.89+011212.2,22.654557410689243,0.007269340848008454,-99.0,-1.370003424533075,0.014754672501473554,0.6739660538657885
1445914,235303.85-010554.9,22.786156212144398,0.016073116775698892,-99.0,-1.1201090436550398,0.047461490120117356,0.7450857284345928
1406333,015956.00-001923.9,22.516876812432947,0.006809170914561236,-99.0,-0.6608729670498885,0.01469544542156892,0.45880532295684917
1445079,235825.33-005838.9,22.90513733870933,0.020463791826932365,-99.0,-0.9405098897203148,0.0496203755271275,0.39961875532157476
1425522,010202.76+011453.0,22.80674904189376,0.004551279069824332,-99.0,-1.4156003545769211,0.009151555939506895,0.6158318408483534
1463072,214242.37-000825.6,-1000000000.0,-1000000000.0,-1000000000.0,-1000000000.0,-1000000000.0,-1000000000.0
1428423,005228.68-001635.4,20.608111685560665,0.0,-99.0,-2.4742057172767478,0.0,0.9515056330307388
1408507,015249.75-003853.5,23.162004870199915,0.003389945444585152,0.11807357547284386,-0.3222139922310676,0.003839425520550943,0.3391755758321025
1444351,000131.75-002826.6,23.796775446134042,0.01669207615864643,-99.0,-1.2303611517505781,0.04556204046392354,0.7536176809709335
1452786,230136.05-002141.3,23.3594615147044,0.031730157943545834,-99.0,-0.7109600235033096,0.08817541811685475,0.36473815875384363
1408004,015424.44-004742.8,-1000000000.0,-1000000000.0,-1000000000.0,-1000000000.0,-1000000000.0,-1000000000.0
1432121,004114.12-001153.4,24.25074993237346,0.029800530407122494,-99.0,-2.2043446604895642,0.046008887242914964,0.525947557941403
1446179,235126.06+000609.0,23.509514570628816,0.04708966853712582,0.9515305466144903,-1.5102797774548415,0.12066147938737815,0.24216137059441686
1445393,235626.61-003732.5,-1000000000.0,-1000000000.0,-1000000000.0,-1000000000.0,-1000000000.0,-1000000000.0
1450607,231757.26+005246.2,22.775847070912825,0.03143320236223879,-99.0,-1.368557627352006,0.051102186502896774,0.9527351019812735
1455948,223654.06-010204.5,23.180913234572408,0.024529864461309003,-99.0,-1.0646207617707342,0.046734368061905784,0.3439062478451494
1451519,231121.09+005133.8,22.197838164647656,0.007787226375279843,-99.0,0.3789327437307346,0.0083101445706113,0.8629087437961888
1396674,022648.28+010553.1,23.00005638422588,0.014119936914802622,-99.0,-1.6280143386495083,0.02298871718458717,0.5642410262029679
1416672,012903.56-004242.5,22.12501557284792,0.002420690615458909,0.2629215943213422,-1.0536389117867504,0.007416742308344437,0.41648858224474705
1394141,023337.41-000634.5,22.60142483544012,0.010266769186451086,-99.0,-0.5656983323922979,0.03225720011430766,0.38476522109170025
1414603,013459.26-003550.9,23.301306037633687,0.0022917313315939936,0.3846586966283795,-1.070914058417209,0.007823369662998791,0.30049547051502223
1398026,022304.07+004719.7,-1000000000.0,-1000000000.0,-1000000000.0,-1000000000.0,-1000000000.0,-1000000000.0
1417625,012629.57+010457.7,22.86420012657873,0.0067085508756115075,-99.0,-1.1276724006189012,0.028337033600669748,0.32622718981813154
1424657,010440.66-000826.3,22.278769967021013,0.011629533050507845,0.16974107588512719,-0.44167327221483355,0.022026297986744936,0.4814771270001391
1438124,002221.88-004455.0,23.1044097987077,0.032939360057229194,-99.0,-1.1682833305337268,0.05562470913620332,0.4017160571728071
1425700,010128.01-003148.3,-1000000000.0,-1000000000.0,-1000000000.0,-1000000000.0,-1000000000.0,-1000000000.0
1464531,213216.12+001057.1,23.32423423248931,0.014613309195574686,-1.0,-0.6870695589952218,0.03790351219742505,0.6200422247935804
1443246,000512.11+001313.1,-1000000000.0,-1000000000.0,-1000000000.0,-1000000000.0,-1000000000.0,-1000000000.0
1410169,014743.58+003849.9,-1000000000.0,-1000000000.0,-1000000000.0,-1000000000.0,-1000000000.0,-1000000000.0
1460601,220134.21+005329.6,22.274244236315774,0.015005373684155998,-99.0,-1.317419504253324,0.03877609022792261,0.3569127146076817
1460631,220118.07-000051.4,22.86250309725984,0.010029879481061599,-1.0,-1.8762486912860905,0.03050688786076572,0.46572385295991936
1439391,001759.16-010543.5,-1000000000.0,-1000000000.0,-1000000000.0,-1000000000.0,-1000000000.0,-1000000000.0
1418792,012247.67-001825.3,23.187847276560326,0.013891402304917477,-99.0,-0.7449647715048302,0.03378397580412973,0.3569005972594874
1446679,234755.03-000333.2,21.09102523545136,0.013207410407707343,-99.0,-0.4375296420788892,0.012735999189751102,0.4446662015727234
1464566,213158.73+003702.8,22.589880922753856,0.00861526948462199,-1.0,-1.8088671751499965,0.01725570436209445,0.26961947900100536
1410871,014537.12-004431.0,23.533639275073504,0.029038292146408295,-99.0,-2.0489246399844387,0.043043273146331384,0.5701928362011411
1408253,015339.02+004903.0,-1000000000.0,-1000000000.0,-1000000000.0,-1000000000.0,-1000000000.0,-1000000000.0
1436037,002915.24-003322.0,22.671766056299,0.009784058082189517,-99.0,-1.1119062708873488,0.022859206095777518,0.36886368657503404
1446448,234929.81-002908.2,23.369074156502144,0.0303489913902677,-1.0,-0.9431835467441934,0.08952921700198457,0.4216415666281211
1466530,211744.11-002203.1,21.532508246769318,0.006933234299815183,-99.0,0.07682529501508739,0.009495449419134494,2.858437578112178
1419136,012151.68-004033.6,22.94718346489784,0.02639222756170234,-99.0,-0.851564729085144,0.05592385284162621,0.3426396543752046
1412345,014129.08-002310.1,21.968893763904894,0.006747658255488176,-99.0,-1.8607671548865667,0.0235142690428215,0.47172596582843035
1440224,001520.50+001654.5,21.58003790902982,0.002305747298532168,-99.0,-1.2384478327587862,0.007279235586484578,0.273546440461858
1465235,212718.83-011240.0,22.368022418841285,0.0002892187375103106,0.32070067582881145,-0.5595455779744594,0.01032910407314569,0.5008579949625602
1395614,022939.15+005123.5,22.895125668712048,0.005830045769146253,-99.0,-1.5544952582414577,0.009651941576249712,0.26207501163820884
1464435,213259.35+000336.9,22.877793623313003,0.00950521243378688,-99.0,-0.2634172323594406,0.031166733265687113,0.2878512590052473
1435645,003021.85+001222.0,23.445337757143086,0.01451646128703743,-99.0,-1.4676785567069546,0.02433223068000201,0.4528256182637948
1452267,230531.65-002809.7,23.03032493137551,0.08658292319343452,0.15619915483032706,0.1578131545492596,0.07970118421422609,0.2915593188318697
1389824,024539.92+005513.8,22.546846146725848,0.013065963662119984,-99.0,-1.3990952938098982,0.04045134559807062,0.35465447748577283
1440934,001257.76+010603.1,20.265142249803908,0.0005829108820076812,-99.0,-1.0814569252058637,0.004821748450964725,0.7513222047649121
1416632,012910.90-011311.3,24.031321879327926,0.0,0.301391551655652,1.0381392865031769,0.0,0.7477922836304361
1417140,012753.36-001020.7,22.946366146212064,0.02017284101301975,-99.0,-1.7194762198644886,0.04268417950760839,0.3560220931852624
1428209,005315.59+005508.8,22.942908800425506,0.031097739933754198,-99.0,-1.7289455642209965,0.08240512048029336,0.2561282474512721
1403255,020850.18+010911.9,22.589230569942636,0.0,-99.0,-0.4366831319018445,0.0,0.43653533900483116
1391646,024054.72+002548.2,22.67380365646853,0.004221198251332936,0.10022100505657035,-1.3348217452532332,0.015482145644572176,0.4480792330785581
1446019,235221.29+004649.6,22.029943173232347,0.005215202638186867,0.06356385778262474,-1.5837184739829393,0.01892178574106318,0.38997164196887435
1417215,012741.24+005302.0,23.66112011187935,0.04431937871657965,-99.0,-1.4733950844384758,0.07851446691310093,1.087869769464138
1424396,010528.90+001436.7,23.385306824846133,0.01834386455615622,-99.0,-1.2897954291643723,0.06463388400443648,0.31184241972121907
1407448,015609.39-000740.5,22.721911321062343,0.0,-99.0,-0.136176402368684,0.0,0.4522706720850827
1452789,230135.46-005641.9,23.25791908295239,0.043624740347461,0.21037940757610396,-0.24104480973824316,0.03313074713784976,0.2558011759276013
1407384,015621.86+005031.3,22.980099250085722,0.017910461408945366,-99.0,-0.9355789527882239,0.04979406812039677,0.24934042270344878
1389172,024719.59-003313.1,23.175163351932802,0.012595053326123207,-99.0,-1.377464540104814,0.029002981683227458,0.36186537393259566
1424580,010454.86-001033.0,22.65842739410369,0.006978782680198137,-99.0,-0.6847586925549436,0.02345919659557416,0.33607759778177937
1443512,000421.02-003403.0,20.93026269518179,0.0009041539211729344,-99.0,-1.3537368289177052,0.0030304294387686337,0.5544284674831589
1408350,015318.29-005034.7,23.98377538483684,0.01671835015395473,-99.0,-1.7985818094614965,0.046753678327669856,0.351356855791078
1451939,230812.15-010256.3,21.78692550888062,0.006296406024546286,-99.0,-1.044847455695145,0.009254126063216628,0.46931170595343125
1412473,014110.40+003107.1,22.987054925377784,0.007574019148108846,-99.0,-1.098963904895152,0.022043919127023304,0.48221781036311157
1410596,014624.83+002404.7,23.20232943706319,0.005754774800017515,-99.0,-0.9972034281678424,0.009320261288165765,0.5692052629865066
1407241,015653.18+004408.7,22.442154752506873,0.017358381458345562,-99.0,-1.4967471019653757,0.047302402345573036,0.40043909051377435
1450134,232136.40-000227.9,22.942076622214636,0.008452906662395065,-99.0,-1.4024294734388416,0.024220426163025777,0.28219733223849536
1399299,021944.33+004740.9,-1000000000.0,-1000000000.0,-1000000000.0,-1000000000.0,-1000000000.0,-1000000000.0
1418663,012313.35+011429.3,22.11994643385659,0.014348162763964112,0.30480839777056246,-0.5456016170122444,0.030059276056992323,0.4219869532935555
1444875,235938.40-003448.4,19.825347517383996,0.0004443996525971272,-99.0,-1.2778232991483809,0.002449954342957694,2.8470310244348487
1400055,021742.83-011414.7,-1000000000.0,-1000000000.0,-1000000000.0,-1000000000.0,-1000000000.0,-1000000000.0
1447264,234256.67-003814.0,22.524932438788262,0.011732732349782893,-99.0,-0.5549395967482713,0.024305861249447003,1.3286284878704335
1405379,020251.43+003722.6,21.657964373469504,0.0006961589210163766,0.18734649661885872,-1.09027302845305,0.002968914687330626,1.3005716698683507
1396417,022734.87+010155.4,23.121507080763458,0.0,-99.0,-2.5188783998281012,0.0,0.6093843290978296
1406488,015921.11+002014.5,-1000000000.0,-1000000000.0,-1000000000.0,-1000000000.0,-1000000000.0,-1000000000.0
1447897,233808.62+005642.0,22.74366409100687,0.011227115732062032,-99.0,-0.6112247944003926,0.05238999214075521,0.7828590737432162
1449653,232512.78+000324.3,23.178851976515965,0.024060910179040107,-1.0,0.34467074037010015,0.05034966132280827,0.5329869240497426
1452001,230744.92-005844.4,-1000000000.0,-1000000000.0,-1000000000.0,-1000000000.0,-1000000000.0,-1000000000.0
1407694,015523.27+004049.7,23.473872049557734,0.03573946092699565,-99.0,-1.1183841828947632,0.10963343386698898,0.33320922771896455
1452930,230038.05-000718.9,21.800783593130966,0.006817309957636297,0.1691738597410995,-1.605826104887298,0.01687492453517192,0.28993477205532053
1402752,021014.28+005313.5,23.61864006668089,0.006059863473311111,-99.0,-0.8521971569848565,0.03877623530876223,0.513613604474043
1436835,002636.20-005834.6,23.191246622807334,0.018049617370881066,-99.0,-1.4255263459346832,0.06065831357999274,0.46832651908624734
1395696,022927.81+004243.1,22.978129800597053,0.004847244361982916,0.11321743066893539,-1.3729651974829067,0.02342870863475044,0.30840856847202963
1465750,212340.06+011103.0,23.107504980009445,0.007934267294364972,-99.0,-1.5803486273488359,0.030975587212362043,0.48867467166234485
1422974,010947.74-000330.7,22.256184719658172,0.018565813501894013,-99.0,-0.9313661416935277,0.02608479300302996,0.3700552276509382
1394974,023122.57+010032.1,23.357904564621585,0.008269321066620705,0.513786660946694,-0.560439402013575,0.032812894339883936,0.4929056468612218
1452216,230556.63-000811.4,22.856204439835786,0.005205847933131835,-99.0,-1.4361966966431177,0.015582249610460952,0.3790322656350691
1427697,005500.04-010613.0,-1000000000.0,-1000000000.0,-1000000000.0,-1000000000.0,-1000000000.0,-1000000000.0
1385039,031701.47-004949.7,-1000000000.0,-1000000000.0,-1000000000.0,-1000000000.0,-1000000000.0,-1000000000.0
1460486,220227.26+001923.0,23.67171238243872,0.04058021157510083,-99.0,-0.7895150849019013,0.06202062524646429,0.415579506153247
1390853,024257.86+001946.0,23.64356002174437,0.01724440763275048,-99.0,-1.5053257815445877,0.046811662865549386,0.36339880451803186
1448525,233347.03-001136.5,22.444197848280687,0.0016110379973977018,-99.0,-1.4324864634407692,0.02162378731919623,0.34284966488981844
1434305,003446.34+000339.5,23.773340474321678,0.01021137519130022,-99.0,-1.609771472536634,0.020294494155911447,0.3930861084610894
1445257,235715.87+004851.2,-1000000000.0,-1000000000.0,-1000000000.0,-1000000000.0,-1000000000.0,-1000000000.0
1447063,234455.29-002745.1,22.92421638588778,0.011022060044467707,-99.0,-1.262119003944476,0.012083341234176759,0.888374561673734
1415896,013128.66-004244.2,23.24199024764696,0.04158861158225058,-99.0,-1.0322071723421469,0.06232675648868008,0.1415320018644828
1465657,212415.19-010327.1,21.757496660789222,0.004500546344257117,0.22490134772631454,-1.0193770636201656,0.02721651665984759,0.4605856138764579
1392410,023848.09-001132.6,22.300217333835484,0.01701545506231028,0.3119635498220504,0.19835220909278561,0.01560276553276603,0.26099220610973894
1447069,234451.70+000603.2,23.926152441236205,0.036224937699351756,-99.0,-1.1988301981097713,0.05570447211657337,0.2937422182357281
1449158,232847.99-002713.0,-1000000000.0,-1000000000.0,-1000000000.0,-1000000000.0,-1000000000.0,-1000000000.0
1446714,234738.97-010757.6,22.381721641718606,0.030633804695900935,0.22363945687175857,-0.7740824314015775,0.02598387349986342,0.31090189380367145
1422732,011037.42-002742.0,21.229575026074208,0.0,-99.0,-1.9963680633416483,0.0,3.6383381591684247
1444659,000029.33+002010.5,22.585288600783123,0.011155962481614878,-99.0,-0.5421352687671837,0.006963539132363111,0.8380706467161207
1419223,012134.10+005234.2,-1000000000.0,-1000000000.0,-1000000000.0,-1000000000.0,-1000000000.0,-1000000000.0
1460079,220546.32+005319.2,22.571146142613834,2.938440296418321e-05,0.2737236003255167,2.1929018756031624,6.93438220538134e-05,12.20013217364664
1429133,005005.11-010316.4,23.667026331743166,0.011998317773525002,-1.0,-1.2217170856280983,0.042184451793530586,0.3381751006012592
1415395,013251.27-004629.3,23.416954511738417,0.027238306204857565,-99.0,-0.9701394194261459,0.0564085652521677,0.17331256878757373
1448381,233448.85+000439.1,21.850106284129488,0.003414595813655552,-99.0,-1.1763418847537634,0.009163009449205117,1.528740690633834
1453226,225829.87+002954.7,21.43519080198248,0.007050354520528046,-99.0,-1.298964500649376,0.014052614288583398,1.0983411056702554
1389289,024659.35-000847.3,22.493484791469577,0.0039047416316151384,-99.0,-1.1917124131273797,0.015345773142638519,0.5151048878289621
1417996,012519.85+001652.9,22.851614704339703,0.006672660369444472,-99.0,-0.20518410491245742,0.03073933496564285,0.262277492609985
1416434,012945.46-005704.9,21.882579016520488,0.0003584750805618597,-99.0,-1.1722015797986631,0.002037424920161235,0.42468520612036836
1421164,011547.99+000612.1,23.44325884496201,0.011799893565314079,0.5411982568052136,-0.5862264385125888,0.004812109195413972,0.5410402163591856
1399982,021753.78+010230.0,23.108454162612283,0.004167092701408137,-99.0,-1.1663741723169339,0.015277389479249726,0.355825952705212
1465374,212609.16+003657.1,22.7722450914251,0.0,0.09640987420496465,-0.37229830704298195,0.0,0.3139858589290593
1448480,233404.00-000358.5,23.92410554494834,0.025638860009564723,-99.0,-1.3604358826883742,0.1193947888140433,0.15826544038884063
1401890,021247.05+002832.7,-1000000000.0,-1000000000.0,-1000000000.0,-1000000000.0,-1000000000.0,-1000000000.0
1390847,024259.00-001038.3,-1000000000.0,-1000000000.0,-1000000000.0,-1000000000.0,-1000000000.0,-1000000000.0
1429588,004832.34-010625.4,22.398141631562346,0.00574348055951468,0.08732907508500662,-1.0195990327706164,0.009131770573436726,0.5241616815365912
1441400,001118.83+004844.5,22.79357214078285,0.012134798030407623,-1.0,-1.0416909258989784,0.041058555326045076,0.4145728952451123
1452164,230617.69+005038.1,22.678352605883013,0.01275563077734354,-99.0,-1.264093295877331,0.04194349217201587,0.3391250284757722
1450101,232149.28-010208.9,-1000000000.0,-1000000000.0,-1000000000.0,-1000000000.0,-1000000000.0,-1000000000.0
1445059,235830.14-011224.4,22.797963522883343,0.018315363661622897,0.08457418760694967,-0.798515687517094,0.026089222007658286,0.21534596637087514
1420331,011824.43-004240.8,23.0533386898747,0.004527404134497814,-99.0,-0.9830849332894571,0.02773164208955059,0.2828042057482763
1405727,020146.20-005415.5,21.50431535911327,0.006194255016325201,-99.0,-0.7832383903308369,0.01033330808113947,0.31728811078021507
1397476,022438.18-001057.9,22.865911765545327,0.004391320722749725,-99.0,-1.2722155343052468,0.013120677049754947,0.3796502830761309
1429652,004822.09+002951.1,23.380416311366282,0.016807906212861212,-1.0,-1.803259030179837,0.04786993741890333,0.868575336722962
1425978,010034.54+003547.0,23.29472403315821,0.04289459306056287,-99.0,-1.3815517516157887,0.07013775785795451,0.5463755083827769
1426167,005959.40-004307.2,23.239792098192588,0.007606964774655722,-99.0,-1.4197864002624625,0.010293347529260477,0.32101433901168025
1449543,232600.46-002029.3,21.0174459322947,0.0030152030097152505,-99.0,-1.0202862046954602,0.007788749476643209,0.725775974558595
1393480,023533.31-000209.6,22.776423084436864,0.02063964962638387,-99.0,-0.8737046051577781,0.02671628135465043,0.6336205497832502
1447839,233833.20+003641.2,23.11524145803181,0.0514616299224091,0.41977447097181103,-0.5226882791092553,0.04476565784900255,0.3094718707542295
1394969,023123.59+010134.5,22.642822497840136,0.0038557691303608976,-99.0,-1.259614368613434,0.014977841841514739,0.40738476660887135
1438837,001944.83+005037.3,23.72152526265507,0.031394091457706,-1.0,-1.3998595112052747,0.07279434264042661,0.4640399797015928
1408054,015415.87+010309.6,-1000000000.0,-1000000000.0,-1000000000.0,-1000000000.0,-1000000000.0,-1000000000.0
1456120,223527.54-010420.2,23.413809795717718,0.0719816195326839,-99.0,-1.3393829350466415,0.09712512730890188,0.5238599195742847
1446333,235019.76-005009.5,22.088971482618867,0.014568946186317433,-99.0,-1.657012614464024,0.049694210828737706,0.32690527406929853
1451731,230946.36-005911.2,23.469226047019895,0.11058546082990617,0.8645003996866863,-1.3608579634005173,0.13835355362686963,0.3956259214218189
1391073,024224.02+010452.5,21.57036141723389,0.0017019390458639094,-99.0,-0.8352756190599937,0.002269795626911375,1.1451634943252105
1440662,001351.72+000032.8,22.677751270993944,0.006508932838968917,-0.6504377771197017,-1.7235045006535898,0.017286134150375942,0.2615088835990532
1446453,234926.46+003826.1,21.270202634670902,0.00017076252398773306,0.36340328301645114,-0.11176077156721309,0.013120984939905433,0.9036530278158099
1428443,005225.23-003704.7,20.814158764704963,0.0,-99.0,-0.7824610858428844,0.0,1.4851394499739583
1441480,001100.87-001532.1,-1000000000.0,-1000000000.0,-1000000000.0,-1000000000.0,-1000000000.0,-1000000000.0
1422016,011304.19+001918.9,23.75807432330344,0.00415571585025809,0.5687958354213435,1.5490648273142575,0.004865192162816667,2.1098434993253683
1465557,212458.38-000642.1,22.94951778249324,0.006799069083474052,0.07353539975711933,0.7297364396685166,0.00974386598624255,0.23624757783618805
1424541,010501.20+000636.2,22.921951351981512,0.04539251651506149,-99.0,-1.2488696200128446,0.06600771095222269,0.9328883683266664
1410702,014604.74-003441.0,-1000000000.0,-1000000000.0,-1000000000.0,-1000000000.0,-1000000000.0,-1000000000.0
1432878,003859.34-004252.2,22.55437129728282,0.0,-99.0,-0.6896803145962807,0.0,1.9960680760717462
1445892,235313.62-005023.2,21.706434461846605,0.0064883536452509105,-99.0,-0.6873546817546909,0.011341689593640236,1.0460341166715488
1409531,014936.53+010021.7,23.065897348492562,0.013784903119145042,-99.0,-1.3207876241390881,0.038696125734332454,0.44632861762546694
1464958,212915.81-002721.7,23.636940152143104,0.032037445453285684,-99.0,-1.083508922917403,0.059588730089811026,0.5433819871410079
1451418,231202.47+001930.2,22.588551414681298,0.011689549829245749,-99.0,-1.989812937921648,0.016664838178584662,0.4023365121595062
1391626,024056.49+002912.4,22.56741670330748,0.00602213168164667,-99.0,-3.074608215343041,0.0077495579540767245,0.8881605538754863
1395537,022951.09-002757.3,22.811373028761942,0.012303126578050438,0.11148530115410983,-0.6006947820921589,0.04113107691161222,0.18546087000040895
1436200,002841.83+001226.5,23.80377152314872,0.01503147920638881,-1.0,-0.8980539378231986,0.0852662531925561,0.2588964215879206
1402458,021108.56-003743.2,-1000000000.0,-1000000000.0,-1000000000.0,-1000000000.0,-1000000000.0,-1000000000.0
1421886,011326.63-002602.9,21.653554643773,0.0,-99.0,-0.7773018743057003,0.0,2.2318525873438473
1407977,015431.35-001227.2,22.18773421488408,0.0,-99.0,-0.28151892939254,0.0,0.6593320500772771
1465121,212807.39+000655.6,23.574439576099216,0.03702508990151898,-99.0,-0.7374254206822002,0.08091752188199464,0.46263205212597397
1466059,212132.30-010657.1,22.43789958879811,0.00133561856615394,-99.0,-0.9873890382995958,0.01073869832957941,0.6167838084828063
1419347,012110.74-005037.1,21.7755126323056,0.0009382252755596454,-99.0,-1.2375885935661883,0.0036284703189272127,1.4223055959859752
1400075,021740.70+001759.8,23.26638452606634,0.03128721535833101,-1.0,-0.4672603686447534,0.055538697932354,0.42340911002299375
1437346,002449.53-010609.7,22.961242110016066,0.01085540721727618,0.1397641628406854,-0.5826293634313311,0.017881083231457567,0.366852791240005
1416431,012946.50+004711.9,23.76490577093511,0.0400477577619629,-1.0,-1.0981449307517863,0.043978805614096395,0.5268756463127429
1436387,002803.23+002817.6,22.946204303580267,0.0020258055983646273,-99.0,-0.8323167157456792,0.015185410888850281,0.7053675702376447
1450881,231607.25+010012.8,20.68153024330615,0.006611843364057179,-99.0,-1.3026261556424572,0.00982259019477938,0.8857134423508287
1401551,021340.40+002503.0,23.29045199364797,0.022998912372127478,-1.0,-0.09936135482630704,0.04636740633867127,0.37146623741099977
1452358,230444.84-004218.2,21.637604397900766,0.002135517836645562,-99.0,-1.1254818421719106,0.005009388287664507,0.5260406561410871
1393542,023520.36+005837.5,23.01728824489215,0.008273487930354761,0.2770931102354811,-1.2644632899121921,0.037777591937356414,0.3626324678515467
1436227,002837.87-001726.9,23.371187646966128,0.03855256929686135,-1.0,-1.0359461869817594,0.08473417833209673,0.33658618412079067
1399859,021811.25-003249.7,23.40669384239535,0.013702791570331385,-99.0,-0.9342763409445842,0.038836027170233434,0.4820025269080306
1389251,024706.65+002318.1,21.62883916873431,0.10653126471566132,0.82254681366866,-1.1672073425882439,0.08807697921685131,1.9540841882997604
1398038,022301.31+004826.9,23.73351298049318,0.05625450125782194,-99.0,-0.7263702900519187,0.06688890935708436,0.5363690552499429
1416801,012845.07-001433.1,22.978120253761368,0.013873695848163337,-99.0,-1.017828644990654,0.046116855750720276,0.30159073896976824
1452946,230034.04-004901.5,21.19663679628048,0.003338649184865261,-99.0,-0.588680562110004,0.013722317720915977,1.3240076669845338
1445689,235433.93-001144.2,-1000000000.0,-1000000000.0,-1000000000.0,-1000000000.0,-1000000000.0,-1000000000.0
1450675,231728.96+003704.7,21.53094434040758,0.016914556622289467,-99.0,-1.6914813997287004,0.03005808991584691,0.5413741382195593
1415663,013209.99-003853.1,-1000000000.0,-1000000000.0,-1000000000.0,-1000000000.0,-1000000000.0,-1000000000.0
1458869,221448.29+002708.2,22.993783245738662,0.006915057475946895,-99.0,-1.1185518362750875,0.03266016527385862,0.35095622909877955
1416047,013101.84-010512.5,23.149117207791058,0.018073749740930012,-1.0,-1.2530542388020716,0.05057123689246845,0.3279757592309611
1407042,015730.36-010628.1,22.82533878261072,0.018277373015385123,-1.0,-1.0177146349851016,0.037098987169433606,0.33090644751985476
1439467,001743.73+002155.6,22.389757132332953,0.006748428061511547,-99.0,-1.6502633764813504,0.021148032828945618,1.0226318062999173
1427381,005557.04-000217.3,22.705659314532348,0.007863560511447432,-99.0,-1.1612450514083372,0.012782787884386804,0.5592238260293048
1408805,015153.30-002850.2,19.962781801263226,9.794926480566346e-05,-99.0,-0.3794747217470844,0.0004676113356096856,2.5685960497368705
1433002,003839.69-000724.8,22.898549749895885,0.018152353403362298,-99.0,-1.187677375902096,0.04750884199495786,0.32773221886213516
1397003,022556.08+003026.7,22.541272593334405,0.01951977512547387,-99.0,0.4790144178076243,0.014845289198812672,1.131624780574457
1433709,003630.01+001504.3,-1000000000.0,-1000000000.0,-1000000000.0,-1000000000.0,-1000000000.0,-1000000000.0
1447664,233949.01-010731.6,23.073670479724434,0.018916637570711714,-99.0,-0.6553664692778378,0.06869858173837079,0.3603310074493164
1450424,231922.31-004947.0,22.751840930139245,0.060509327059152795,-99.0,0.406265473066461,0.05253264137046798,0.3281959108863641
1421244,011534.76+003117.7,23.25110532480425,0.012416240732102679,-99.0,0.2894730464225752,0.03085021361041118,0.4808671925318367
1421431,011456.20-005629.0,23.387609373384258,0.02172430783119239,-99.0,-2.022636124033052,0.04661426705415039,0.3095633699832908
1439763,001645.49-004357.4,22.147120903288148,0.006286104019954664,-99.0,-1.4318043224255375,0.01303711204434932,0.340322616498416
1450421,231923.84+004127.6,21.563754328075625,0.00581705695550383,-99.0,-0.9767533773380581,0.008852614484134325,0.5256816285656519
1453161,225902.37+003221.8,21.67025771418232,0.0,-99.0,-0.8558959640632944,0.0,1.2659870729005689
1449744,232430.19+002406.8,-1000000000.0,-1000000000.0,-1000000000.0,-1000000000.0,-1000000000.0,-1000000000.0
1388970,024755.40-004130.2,23.240848617817043,0.01542149780051183,-99.0,-1.2817748823843695,0.060605980833517314,1.070209441369381
1400493,021630.25-011155.0,-1000000000.0,-1000000000.0,-1000000000.0,-1000000000.0,-1000000000.0,-1000000000.0
1435036,003226.30+001659.7,21.594515819089416,0.0033750209926797226,-99.0,-1.5958077717535444,0.007300894130725988,1.1400397695013198
1406868,015804.95-005001.6,23.065550775463244,0.015201926800463283,-99.0,-1.727744082870422,0.026305199080475572,0.34028493885505656
1440017,001559.58+004212.9,-1000000000.0,-1000000000.0,-1000000000.0,-1000000000.0,-1000000000.0,-1000000000.0
1416208,013032.94+000006.1,23.192341088038667,0.04042027414404181,-1.0,-2.2225555476472554,0.0835917438317968,0.32268592162435467
1453126,225918.16-000112.0,20.929678575402612,0.002690238481015683,-99.0,-1.1923323605994693,0.005213252575185456,0.6736177458898219
1436840,002635.02+011447.2,23.23251641635219,0.018920705594709375,-99.0,-1.2771668651009596,0.05545525950280872,0.31528059733182173
1446688,234751.72+000942.1,22.51381394775901,0.013064930885073878,-99.0,-1.6615751827943925,0.03926724387827685,0.30312393180060365
1452383,230437.90+002819.7,22.12351689088387,0.010227189671088155,-99.0,-1.1889766768483385,0.011142885641032052,0.3765051845729158
1453118,225920.45+005709.0,-1000000000.0,-1000000000.0,-1000000000.0,-1000000000.0,-1000000000.0,-1000000000.0
1408777,015158.25-002953.5,-1000000000.0,-1000000000.0,-1000000000.0,-1000000000.0,-1000000000.0,-1000000000.0
1419838,011943.49-010858.5,20.792463453729674,0.00404641872524536,-99.0,-1.3394553425733826,0.010342001718013139,0.47501111465693385
1415102,013343.31+002142.4,23.14364516350917,0.0013543503882651464,0.4138494842547909,-0.050723498512875054,0.002652009608284711,0.3425088510686393
1434627,003345.50-000141.9,-1000000000.0,-1000000000.0,-1000000000.0,-1000000000.0,-1000000000.0,-1000000000.0
1421984,011309.19+010201.7,23.02272997217937,0.023508667730443022,-99.0,-1.4077362262341486,0.0362386271260724,0.5536014128216171
1445269,235711.63+003347.9,-1000000000.0,-1000000000.0,-1000000000.0,-1000000000.0,-1000000000.0,-1000000000.0
1466281,211944.05-003158.3,22.948923783468594,0.00656314905577382,-99.0,-0.9068134836685315,0.027927061472134806,0.3267395140717621
1412672,014038.72+003001.2,22.531674329896653,0.0062308787151099665,-99.0,-1.1717663816849084,0.026899403873618555,0.3717866289815237
1462948,214331.10+010741.6,22.904955360482,0.09781820623165238,-99.0,0.0036849856135665604,0.13495823841596719,0.40536916761445435
1438368,002129.02-001116.3,23.064225426335575,0.019613903712496494,-99.0,-1.6099136984131173,0.056982571010662175,0.33376018197025514
1439031,001906.62-001406.4,22.73011868906392,0.007262734104847013,-99.0,-0.5322328423129408,0.09853785418529332,0.808077756918992
1400964,021510.26-003640.4,-1000000000.0,-1000000000.0,-1000000000.0,-1000000000.0,-1000000000.0,-1000000000.0
1428462,005220.95+010037.7,-1000000000.0,-1000000000.0,-1000000000.0,-1000000000.0,-1000000000.0,-1000000000.0
1388503,024918.85+005018.1,23.61004870557435,0.042631394543501955,-99.0,-1.3028335319026043,0.06911784096632767,0.35730243913829596
1412025,014219.03-010039.8,23.192611429109256,0.025264258554082986,-99.0,-1.5968783102613355,0.03904706510192579,0.3220813241694661
1395682,022929.43-000825.0,23.506352162571496,0.009328989409898014,-99.0,-1.526980134082451,0.004605943556266201,0.6600517639767226
1445467,235601.88-000512.5,23.621601752947974,0.00978108061197247,-99.0,-0.7381048184250245,0.04805250595625832,0.5930915560559258
1460458,220237.89+011303.8,23.727408485825784,0.036958624765954795,-99.0,-1.7071228061240902,0.05982504995692184,0.5790407478428
1458605,221648.43+004327.5,23.25493657307353,0.00898332115148115,-99.0,-1.019734503949664,0.04241306669736156,0.5854260219129812
1395075,023104.86+005028.6,21.917789348781817,0.011386944508702257,-99.0,-1.8204695478263955,0.025561172788163056,0.7037790957952823
1455512,224030.64-001146.7,22.156824941708813,0.0251198049817436,-99.0,-1.048775641251785,0.027387032255046462,1.0321342672696943
1427061,005657.46+000850.2,23.316451391489544,0.02881596500193595,-1.0,-1.0617900854760038,0.04743139677613528,1.5392996159961005
1426495,005852.79+004613.5,22.42089655218532,0.0034192298717972136,-99.0,-1.24310598873884,0.02814212631952362,0.2707852964611407
1438445,002113.46-001309.0,23.16913805418333,0.029673089190564994,-99.0,-1.0789966837329628,0.056089849145647186,0.33907024324533264
1452590,230308.41+010103.5,22.38388910323993,0.022037307978308718,0.1888884395473831,-0.25084446928432413,0.02281132246366631,0.3666542268164998
1447849,233827.71-002200.4,21.784542768525107,0.006462683669479219,-99.0,-1.9576260033716757,0.012950272586037759,0.2943951063442369
1402645,021033.32-005534.0,23.016778814815062,0.012049044950064314,-99.0,-1.1649813925046795,0.03254993568013764,0.32781807951904895
1459482,221018.27+005832.1,22.203977508094404,0.012619994991380779,-99.0,0.5036679014654029,0.02667757725392339,1.1234594208376372
1464677,213110.36+005738.3,23.67047500097042,0.0188022045428049,-99.0,-1.8248199828532372,0.054769691383840136,0.2538801730794467
1450866,231612.88+003558.3,22.7217373402517,0.007966679497535267,-99.0,-0.8752800113350885,0.016330751329721893,0.45079805001493034
1406083,020040.92+001100.5,-1000000000.0,-1000000000.0,-1000000000.0,-1000000000.0,-1000000000.0,-1000000000.0
1437275,002506.25+010827.5,22.541628472038177,0.019768418222998463,0.04206372123740872,-1.2315511312556384,0.0703789613918886,0.22028596829249075
1455706,223849.82-000557.9,22.442485781745,0.0028404351923860816,-99.0,-1.8002565403644049,0.016749305261712366,0.506060599484155
1407593,015543.82-005033.0,-1000000000.0,-1000000000.0,-1000000000.0,-1000000000.0,-1000000000.0,-1000000000.0
1393087,023645.87+005427.0,22.63873139572106,0.007802968618539907,-99.0,-1.3367571737786035,0.03095195815813967,0.5061203882922047
1392375,023855.42+002524.6,23.82113906758253,0.07130043904200356,0.9073619031180677,-2.1300538160142106,0.21296605808327174,0.2848764491308772
1458629,221636.10+004559.2,23.56679682861313,0.017864690841271624,-99.0,-1.3588076196542982,0.06170360360550131,0.5203361950279974
1429233,004949.22+002616.7,23.318808656240186,0.05501286690311247,-99.0,-1.4368024180585746,0.07486862324147825,1.3495683909770295
1444030,000235.51+005321.2,22.86579951065726,0.011658883082521498,-99.0,-0.9573465159694718,0.022366705899245054,0.4100136511874686
1446888,234625.29+001402.1,23.24068009041327,0.018913213552185226,-99.0,-0.9098851784767197,0.043404796097226694,0.4114156607528769
1448602,233312.54-011448.7,22.741660037404905,0.020246665596879154,0.43148261365371954,-0.9042637165338565,0.04568009566791209,0.2533465417579644
1455502,224035.32-001219.8,23.134376687172526,0.01862653958276894,-99.0,-0.911815758187644,0.04868894651478761,0.35658885282943925
1445175,235747.21+003621.5,24.19296302939305,0.024757082823345655,-1.0,0.22604290978548747,0.08116214898213978,0.2947652891548596
1434615,003347.90-011224.5,21.727321175359698,0.002125139024302669,-99.0,-0.6077986435863485,0.00549827126316127,0.90385578087955
1394145,023336.10+003014.4,21.353806680690134,0.0,-99.0,-1.358985004590668,0.0,0.36647703163258305
1442792,000637.89-001842.3,21.36305440443541,0.0,0.10520855252608911,-1.4820473946532062,0.0,0.4939242612573561
1440014,001600.21+001328.1,23.291455636066324,0.016838160115471013,-99.0,-1.1507902802370973,0.01873279090578972,0.37243102080726104
1410136,014750.84+005143.2,22.906778550810095,0.04143439163875051,-99.0,0.9689286248000215,0.03446559828789947,1.0232282094878844
1418607,012325.48-001040.6,23.065237946040845,0.017331442173906808,-99.0,-1.2145439987080247,0.05532377120483467,0.2645871488553753
1439404,001755.53+000610.3,22.80198887186659,0.019031640066957678,-99.0,-1.5484454355879542,0.056765725615850804,0.42724556366645755
1393439,023538.65-003619.5,23.075001830197515,0.008380172810094066,-1.0,-1.2786961029840542,0.026589312172125124,0.3725170299609681
1403828,020710.48+001017.9,20.277917632148252,0.0002031187486206676,-99.0,-1.5518065142947708,0.0011564505161321126,0.46503683058689155
1394973,023122.62-001312.3,21.082089427589672,0.013538872631038146,-99.0,-3.241654603090926,0.023080092437071098,0.6391727355452091
1451273,231303.21-010453.9,22.34360711018767,0.007359071459394073,0.13484430074261092,-1.380669583790092,0.01490557190157804,0.5897717344301017
1409749,014856.16-002818.2,23.56110331376467,0.022884181402016424,-99.0,-1.394847419755045,0.03893418545458893,0.3504874060108434
1463200,214147.28-010146.0,-1000000000.0,-1000000000.0,-1000000000.0,-1000000000.0,-1000000000.0,-1000000000.0
1425868,010055.00+010449.1,23.34099729139229,0.019718971483229097,-99.0,-1.9584010952386035,0.06505442415178952,0.2751658327443805
1439429,001751.55+003110.7,22.684081863188304,0.010693681199303029,-99.0,-1.705291875961815,0.033050455070310236,0.4171680544753137
1440800,001323.06-010701.9,23.41686428110348,0.020799999449607753,-99.0,-1.7179979796648528,0.03197477852075892,0.3969711401904053
1451374,231219.95-000728.5,21.680957393490353,0.01071030062042233,-99.0,-1.5011237489182458,0.018428606150265425,0.58399666551653
1403258,020849.96+001613.2,23.820301141521277,0.014994078100123431,-1.0,-0.7647351074187654,0.06346808176024615,0.2997385174169063
1412417,014119.75-004834.5,23.49120875357945,0.04062660444424715,-99.0,-1.531822011302797,0.08148400593912997,0.27954075740151435
1430511,004555.82+005455.1,-1000000000.0,-1000000000.0,-1000000000.0,-1000000000.0,-1000000000.0,-1000000000.0
1428980,005033.55+000133.9,23.251697767813802,0.1596171826822257,0.3980226020126251,-0.4595517011936421,0.18879830279066073,0.35833161249853984
1448633,233255.02+001450.5,22.991593651274947,0.023676922423252478,-99.0,0.01680629597305927,0.0024958032534421193,0.28758696266563366
1423647,010741.35-005221.1,21.89859543353716,0.0,-99.0,-3.0559136893163266,0.0,0.41339409996505394
1452698,230211.61+011011.9,-1000000000.0,-1000000000.0,-1000000000.0,-1000000000.0,-1000000000.0,-1000000000.0
1417834,012549.03+005250.9,23.03712898677167,0.02401843490576816,-99.0,-2.0181637095696656,0.04029030807460188,0.43458834014318576
1420354,011819.06-005900.6,23.270696584853745,0.05401010831966424,-99.0,-1.3305094790973029,0.11104465684210135,0.739933211910939
1459356,221110.08+001840.9,22.38674142496199,0.020157770381121765,-99.0,-1.7104574435131377,0.035876076826656944,0.239878641103477
1426263,005941.01-005804.0,23.717737434384865,0.0286903206542366,-99.0,-1.577649181410954,0.05361813683200434,0.34721641733338826
1398262,022228.46-001030.1,-1000000000.0,-1000000000.0,-1000000000.0,-1000000000.0,-1000000000.0,-1000000000.0
1447448,234125.11+001549.8,-1000000000.0,-1000000000.0,-1000000000.0,-1000000000.0,-1000000000.0,-1000000000.0
1406733,015830.44+004254.6,-1000000000.0,-1000000000.0,-1000000000.0,-1000000000.0,-1000000000.0,-1000000000.0
1428596,005152.75-002503.4,21.215862214854702,0.0007584458448839371,-99.0,-0.9292176143133384,0.0013052272064535408,0.8677409665081762
1450663,231733.66+001128.3,21.19719380799574,6.399363551068404e-05,0.18054671316937582,-1.1967646954916407,0.0031239455842344555,0.9519030201301937
1418265,012429.11+005608.0,20.447102074360792,0.0,0.41197767009668507,-2.1285931120903303,0.0,1.0672437710990945
1446401,234949.61+003535.3,19.87080736138723,0.0,-99.0,-1.3517790779527372,0.0,3.0177902563482437
1392060,023946.42-010640.4,22.771384620566288,0.011883593496397893,-99.0,-0.8274763567162502,0.02689788057239273,0.37261798542356833
1455489,224041.26-005515.7,22.13441481871471,0.0,0.5056595643302974,-2.0110898660179477,0.0,0.9041248721832377
1415472,013239.13+010212.1,22.344428371777887,0.01936845946307386,-99.0,-0.9179240842038894,0.03465853309242628,0.2791699266917415
1465263,212707.55+001721.0,21.526560516356263,9.156082692030054e-05,0.324124178634721,-0.5381438982828799,1.784341708699344e-05,1.902787732539671
1455205,224255.23-010924.8,21.244922757055114,0.002131877983853059,-99.0,-1.5189032572315604,0.004920029806702475,0.5032170816495848
1434623,003346.88-001433.7,-1000000000.0,-1000000000.0,-1000000000.0,-1000000000.0,-1000000000.0,-1000000000.0
1419892,011934.66+002641.9,23.498197707623056,0.017353408484286348,-99.0,-1.8232659468905754,0.0337939647393497,0.3079470013010407
1419412,012058.56+002740.3,23.405272900971873,0.032972529299444275,-99.0,-0.2659256983949785,0.0958225044799182,0.20403470450225702
1453201,225841.28-010528.1,22.621718881125496,0.029194600984032704,-99.0,-1.620392261617567,0.08349791751847435,0.30953462550545924
1409952,014822.79-004700.7,23.57244511995693,0.023501697652230646,-1.0,-1.265096334044379,0.04274324888227499,0.2756599965673176
1423396,010828.57+000305.1,-1000000000.0,-1000000000.0,-1000000000.0,-1000000000.0,-1000000000.0,-1000000000.0
1417677,012619.91+003234.5,23.398746976016163,0.029041086525438686,-99.0,-0.6411050889005541,0.06824495684285625,0.37156903720646167
1444827,235958.21+005139.7,21.384747578639256,0.005208852786591223,-99.0,-0.9219278301276743,0.012247741347019336,0.554755280546939
1408545,015244.52+010952.1,23.64626644176493,0.0252569903326183,-99.0,-1.321210038996718,0.03857424691117972,0.41340303187510996
1449971,232245.38+004812.7,23.052191002945555,0.04201234717893243,0.2543760830357093,-1.0955233452755464,0.06359141365273857,0.6542090032824396
1401040,021457.94+011004.5,22.503988063872846,0.0061390039268527374,-99.0,-0.6202578143153286,0.008504391304978931,0.6017172425252373
1447715,233923.24+005346.2,-1000000000.0,-1000000000.0,-1000000000.0,-1000000000.0,-1000000000.0,-1000000000.0
1402331,021130.39+011332.4,23.329421170090562,0.008952240975936832,-99.0,-0.8281749449854905,0.028617430479047856,0.40343714461847424
1410034,014807.38-000612.8,23.226925274772235,0.018875934351818557,-99.0,-1.4937569363595,0.032836479980762334,0.255013479993883
1439367,001804.33+010031.3,-1000000000.0,-1000000000.0,-1000000000.0,-1000000000.0,-1000000000.0,-1000000000.0
1423537,010804.59+011116.8,23.121590730466203,0.017273535964363873,-1.0,-0.5623842533463925,0.05291452080053982,0.25110856702615525
1465255,212710.71-003740.3,23.10427950282031,0.00865416064665503,0.3425003824007085,-0.0024483589872748013,0.001730309320814527,0.3993640359717473
1407242,015653.16-004623.2,21.269929290218222,0.0,-99.0,-1.1718755014143447,0.0,0.4613249144924619
1447219,234323.23-001901.9,22.283523239831673,0.01282914476517405,-99.0,-1.1964307796677724,0.026744975024719286,0.4582539687832873
1407424,015613.94+003709.7,22.38284426023221,0.010736287629935504,-99.0,0.08741264769457135,0.010946177414192418,0.6055539776430677
1398562,022145.07-003755.2,-1000000000.0,-1000000000.0,-1000000000.0,-1000000000.0,-1000000000.0,-1000000000.0
1445341,235645.71-010801.8,22.515223203953035,0.005300557881069423,0.11883416188540437,-0.45423882600882504,0.027896572494157862,0.2805398736581101
1389351,024651.91-005930.9,18.1211124421963,3.812842042094644e-06,-99.0,-1.3390146376089946,0.0001109819732096895,1.7910634332770827
1399081,022023.15+002905.5,22.80671659200248,0.02129293032743007,-99.0,-1.141617355991798,0.04513664710995402,0.35661210982528935
1432694,003933.43+005624.2,23.595971562603005,0.026202755455297932,0.3868344413457972,-1.3285612299006284,0.06890311429855,0.645546346080619
1445212,235732.18+003054.3,-1000000000.0,-1000000000.0,-1000000000.0,-1000000000.0,-1000000000.0,-1000000000.0
1395754,022919.06+001427.8,23.648368095421766,0.013776013300521583,-99.0,-1.868237779357354,0.028630163051798108,0.34620718900227604
1447558,234033.70-005636.9,22.34447828238431,0.019060047469654506,-99.0,-1.368917156474125,0.03162025451797512,0.3718720192935834
1389971,024519.82-010245.7,21.82412205556883,0.04320036858753262,0.3401164609610822,-1.3710170175961838,0.038678958861677715,0.38135490189502647
1423926,010651.49-004635.0,23.0892407307041,0.005457560346044943,-99.0,-0.9447379375846587,0.04041948004946455,0.4048270605728044
1428634,005143.03-005251.6,22.731275658936546,0.01486942921512302,-99.0,-1.4237619745040226,0.030703505394074404,0.2367302741403492
1441675,001018.56-005810.4,21.062599779802845,0.03626411335851287,-99.0,-1.0713653284525217,0.03175622815642143,0.3699998904855368
1432257,004052.85-010724.8,23.336436549536565,0.07949243901347991,-99.0,-0.9899254351779794,0.10706583509200224,0.45313478040639116
1456031,223613.22-004531.3,21.3584032129258,0.003207866903522927,-99.0,-0.29651736799166084,0.009203194539798815,0.5823315471465851
1391735,024042.76+011056.4,23.970272399481466,0.011275547749169945,-99.0,-1.7629272969642575,0.0391321074270804,0.5167979518979897
1425810,010107.32+004526.2,21.608403690507835,0.007429515572932033,-99.0,-1.5501574425589117,0.03297413742303468,0.3306966519391482
1419220,012134.74+004652.3,22.63622094112238,0.015140540324134477,-99.0,-1.5766307391711112,0.04155092508741498,0.17485390752278868
1422789,011026.94+003848.1,22.932609846448322,0.029644942013629105,-99.0,-1.1232283030681693,0.042296551739521515,0.4004850485164859
1407080,015722.82-004254.3,-1000000000.0,-1000000000.0,-1000000000.0,-1000000000.0,-1000000000.0,-1000000000.0
1445076,235825.72-001405.9,23.036199811856626,0.01096445134462165,-99.0,0.6798539704012976,0.02989584879174151,0.7336996782912122
1396278,022758.35+002748.0,22.232979714529513,0.040896770529181836,0.11109509150585338,-0.4531164195782402,0.034295077973025556,0.5380495003557129
1424801,010413.93+010313.2,-1000000000.0,-1000000000.0,-1000000000.0,-1000000000.0,-1000000000.0,-1000000000.0
1402805,021004.12-003220.7,23.13284455475884,0.01688218852299528,-99.0,-1.5256838881638726,0.04515648128847216,0.5558564296721139
1437918,002300.94+005154.3,22.943072520810027,0.01575926776317793,-99.0,-0.7019849990230149,0.02711587612179478,0.3662427527597658
1427003,005706.35-001206.8,22.345164824535125,0.03926109230532937,-99.0,-1.2379938688128944,0.07832519199546839,0.4162329812274901
1442579,000717.82-005137.7,-1000000000.0,-1000000000.0,-1000000000.0,-1000000000.0,-1000000000.0,-1000000000.0
1417399,012709.87+000925.2,22.824403054798402,0.014594515371584293,-99.0,-0.6776649774527561,0.021119053126204657,0.31930167967248063
1445183,235743.79+002432.1,21.013709262902744,0.0025118675951141256,-99.0,-1.1152828335911473,0.005847569524151663,1.9557572538252515
1444906,235925.46+002854.6,20.872138857716585,0.0028081320490347395,-99.0,-1.2501823192112007,0.005652393041625903,0.8155475744491412
1393327,023559.88+010638.2,22.825338106059796,0.006916712251650026,-99.0,-1.814225590034765,0.0246695266058089,0.4822262087477888
1460740,220027.23+010204.0,23.190237467696242,0.04206077535567232,-99.0,-1.411868328000005,0.08339593791404243,0.32809093134282225
1394766,023156.78-004953.6,23.215114771014704,0.01965755771376365,-1.0,-1.821142705609394,0.06937628478518232,0.3851225729038973
1429996,004721.06+000932.2,23.77196368089603,0.06587714947491996,-99.0,-0.9198819804738223,0.0583422970339057,0.42534007038195787
1464212,213435.06-003644.9,21.60181438081478,0.0035042712285004995,0.22740432168277794,-1.2093074024310941,0.01266583171767377,0.36481820993888336
1466077,212123.67-004229.4,22.84470522334535,0.0029145176505185333,0.27979190985111263,0.12663172546042567,0.0010074335678139368,0.5272223286825449
1465701,212359.10+002845.1,20.32225485261379,0.0018099279112693267,-99.0,-1.4095362053781257,0.004492309815365525,2.7221092718280673
1461318,215610.87+004027.5,22.513133579596634,0.015989361465669205,-99.0,0.017497587167689233,0.05984690832133538,0.4803664335591781
1449987,232238.79+004756.8,22.04813070941301,0.0020305789728247703,0.13724045409259386,-1.5484877092861709,0.01454518176833719,0.3667595987616629
1447865,233821.05-004642.5,23.576548365562083,0.03415433237609733,-99.0,-1.277892242419933,0.07064834473984405,0.3075037698850623
1442468,000738.53+005835.4,-1000000000.0,-1000000000.0,-1000000000.0,-1000000000.0,-1000000000.0,-1000000000.0
1463201,214146.69-011240.2,22.997827842492278,0.019342428323829708,-99.0,-1.1377613256452723,0.0492048261773923,0.5809509392947698
1432650,003942.60+002009.9,23.32843011145369,0.020053135397404276,-99.0,-0.8078635438190922,0.04318787177846922,0.6691732359992332
1451332,231233.03-001204.6,23.404969337012496,0.0077634729033704275,-99.0,-0.4762719960356696,0.022233142820484525,0.23939508222701678
1406761,015824.98-011244.0,-1000000000.0,-1000000000.0,-1000000000.0,-1000000000.0,-1000000000.0,-1000000000.0
1425724,010123.64+010045.3,21.657456228505886,0.0,0.149935758957235,-0.046815387496333294,0.0,0.6256521276872246
1447605,234016.28+001111.3,21.849893729031926,0.004047573439756036,-99.0,-1.491012996855165,0.006366850155643422,1.2446173224299464
1427785,005441.83-011116.9,22.68849708098788,0.01545193806284928,-99.0,-0.5817657904665943,0.03651900917135825,0.3209322578897628
1410718,014601.66-002121.9,-1000000000.0,-1000000000.0,-1000000000.0,-1000000000.0,-1000000000.0,-1000000000.0
1437240,002513.96-001519.0,23.189739128571553,0.020623605941407774,-99.0,-1.38461003952209,0.06437424011643855,0.4236315779396203
1449173,232840.47-002128.6,-1000000000.0,-1000000000.0,-1000000000.0,-1000000000.0,-1000000000.0,-1000000000.0
1448803,233139.76+010427.0,21.15608668364701,0.006504823427952999,-99.0,-1.29665773809135,0.016453060703622513,0.6864918134559292
1449194,232833.50-005234.2,-1000000000.0,-1000000000.0,-1000000000.0,-1000000000.0,-1000000000.0,-1000000000.0
1408957,015126.65-001911.1,22.49240629888815,0.0020241144734356453,-99.0,-1.5390974042399792,0.006886690083889757,0.32527207094082056
1444578,000047.43+004337.1,23.349216939089565,0.0070292316524422915,0.40968723364645554,-1.3111963011501966,0.01850446902194902,0.44692708216866067
1463152,214212.60-004557.3,22.597087901121974,0.02105672618301746,-99.0,-0.6805562357544446,0.05043803520080686,0.5314787695829671
1449138,232855.87-001447.5,22.597228466979068,0.007576065714181013,-99.0,-0.8111300685187706,0.03010008533572639,0.3437457870014602
1445152,235759.00+003659.9,23.432341002211608,0.01219567849866543,-99.0,-1.2022552801226172,0.029250079972874765,0.6138777184701821
1401916,021243.44-000033.7,23.275874447833708,0.016293888043250604,-99.0,-0.21123408616029415,0.028323162838104737,0.2603614554217736
1464608,213136.94-003511.3,22.966204097041903,0.008234901042838416,-99.0,0.2669645198781456,0.04217016412421497,0.31492822402477744
1446105,235149.96+002217.0,23.36894568719452,0.02619410226069263,-99.0,-0.8256414462772694,0.03602700050074947,0.37850159698797603
1395050,023108.84-005118.3,24.214861452968044,0.059371601412347985,-1.0,-0.3340326630902899,0.12693777084228297,0.4876783438784163
1444899,235930.06+000839.5,-1000000000.0,-1000000000.0,-1000000000.0,-1000000000.0,-1000000000.0,-1000000000.0
1402444,021111.26+003209.0,23.271318322789533,0.010202936296499487,-99.0,-1.465823096197397,0.02188281950744697,0.3174487426112708
1414805,013427.77-002435.5,23.591353623744986,0.02931442142346974,-99.0,-1.874606166037137,0.03335123374633664,0.859938463122012
1458787,221530.01+002819.1,24.002525877364327,0.02987829937309172,-99.0,-0.7603239974820886,0.03742831310384798,0.3921972808625473
1461038,215816.53+004152.7,21.845969388731497,0.014745116185599372,-99.0,-1.7218341490349216,0.034706006218859775,0.915865996413102
1465436,212548.26-005712.8,22.917270525421692,0.0,0.1514333764148669,-0.2629237990094353,0.0,0.7199019031743396
1455109,224341.91-010749.1,-1000000000.0,-1000000000.0,-1000000000.0,-1000000000.0,-1000000000.0,-1000000000.0
1393738,023444.41+000128.7,20.458815511392437,0.016148436551137735,-99.0,-1.585031866561836,0.03743510029956487,0.2716479620273203
1389786,024547.59-000814.4,22.019126181738322,0.007334412768518206,-99.0,-1.3191576573265542,0.014354776249589252,0.7916991817220119
1451400,231209.21-001402.5,22.960125788426474,0.01120918471960941,-99.0,-0.9310020751334784,0.048876548423656185,0.200589731393333
1434799,003310.35+005203.0,-1000000000.0,-1000000000.0,-1000000000.0,-1000000000.0,-1000000000.0,-1000000000.0
1439604,001716.92-000844.0,23.16975220602435,0.007008698626442822,-99.0,-0.7660269236977202,0.06914721136134139,0.47577272363969453
1397412,022448.85-004638.9,23.637281692485608,0.0127111500236321,-99.0,-1.7898917606787745,0.015506808198096245,0.5126481587000621
1465534,212509.26-005354.5,22.07421625121318,0.0058207183728864464,-99.0,-0.5888590194495347,0.019925640727321947,0.45925273245615145
1446262,235050.73-002848.5,22.43994174760649,0.002822591221542936,-99.0,0.44059606761221204,0.007919762659017615,0.33831128932988463
1412931,013953.68+000552.5,23.61486168460541,0.02793927458808021,0.3909845801367052,-0.330189016287866,0.06008073001745676,0.8131545297851209
1389296,024658.35+003307.2,22.403193886675602,0.024363701392466908,-99.0,-1.4676947474244244,0.05130215328653376,0.36362850708766203
1421757,011356.59-000453.6,-1000000000.0,-1000000000.0,-1000000000.0,-1000000000.0,-1000000000.0,-1000000000.0
1452000,230745.00-005122.7,-1000000000.0,-1000000000.0,-1000000000.0,-1000000000.0,-1000000000.0,-1000000000.0
1398465,022157.80+000042.4,20.447722660259807,0.0003673175554119723,-99.0,-1.5292189647292003,0.001237495114331022,0.697194923851015
1448199,233600.15-005533.1,20.036164939724166,0.0,-99.0,-1.5400582418666136,0.0,6.603263374852372
1463414,214014.70-000645.7,-1000000000.0,-1000000000.0,-1000000000.0,-1000000000.0,-1000000000.0,-1000000000.0
1394406,023253.98+003348.9,23.84187606491708,0.009134712897074238,-99.0,-1.7821432375252595,0.047107351759677396,0.36237435603399915
1397154,022530.69+000914.1,23.755738260248513,0.02084909720695194,-99.0,-1.7389354711962342,0.04515225154048441,0.3095055292483275
1464059,213535.55-004813.6,22.779958166342844,0.01635351984608846,-99.0,-1.1928287740880923,0.04505818521354166,0.5458008842822308
1406172,020025.40+002916.6,22.68876998054541,0.006356442339230384,-99.0,1.1285095909031764,0.006445311436941048,1.450782775652187
1437696,002339.89+003348.9,-1000000000.0,-1000000000.0,-1000000000.0,-1000000000.0,-1000000000.0,-1000000000.0
1447426,234139.43-002814.8,22.39093981679043,0.00985504434858342,-99.0,-0.7907328536140072,0.023087539032295934,0.480063078065507
1415336,013303.50-001255.3,23.071110601051394,0.014091688997348584,-99.0,-0.3619697298284672,0.03586934184401286,1.7662011933102975
1396135,022820.57+004232.8,23.613722608297415,0.025592621642891444,-99.0,-1.5311921548456593,0.052405664582157896,0.6182907606161933
1403703,020731.68+010348.8,22.53380314298949,0.022146736445911586,-99.0,-0.7421733532341355,0.025597451459157983,0.4385851277604648
1464318,213354.82+000425.3,22.79951306450034,0.0043208731301813685,-99.0,-0.7858326682848862,0.01573764549639911,0.4375730140091856
1456196,223454.22-010840.8,22.627967331387786,0.012362605757925138,-99.0,-0.9821813340103516,0.04584429152899361,0.29690288698206446
1445636,235457.09+004219.9,18.63264232458453,0.0026705459552545108,-99.0,-1.3562423962937609,0.00025933378083919933,6.09122086260656
1438326,002136.74-010346.3,22.79757658083586,0.010692236608207395,-99.0,-1.3956532759989964,0.034050718849388706,0.4600921715581696
1412725,014029.39-000920.7,22.340645539588003,0.010535427318707491,-99.0,-0.8050362206155857,0.02628077517884031,0.9626788544382218
1432715,003930.31+001754.2,23.309058803213894,0.036982279515607175,-99.0,-1.8430607491252724,0.05763452353693077,0.40922846272210756
1394559,023228.64+004100.9,22.948729831279557,0.04373395956356774,-99.0,-1.633047449795865,0.08029384873325596,0.3623566562618184
1448766,233154.66-002217.6,21.097777256161486,0.005901238775427586,-99.0,-0.9645491597877607,0.009698510025124174,0.5446862720677642
1414528,013510.22+001811.1,22.08415913821934,0.01568740132677604,-99.0,-1.2035990622677493,0.029062093129675115,0.2696279152781948
1409603,014922.57-005900.7,-1000000000.0,-1000000000.0,-1000000000.0,-1000000000.0,-1000000000.0,-1000000000.0
1433632,003640.34+011449.4,22.987660119270167,0.01616385690167199,-99.0,-2.0875896351058993,0.02304326930680367,0.4185061707672376
1395633,022936.94+003747.5,23.337436058968045,0.003936651419778059,0.43967984964169915,-0.06566378582962429,0.0479361763074915,0.3460957467133786
1434730,003325.40-001829.6,21.897075236182708,0.0,0.3417340371518254,-0.1124450816879099,0.0,1.236581018408838
1394758,023157.88+002712.2,20.811761942239194,0.0007717920187211291,-99.0,-1.0432470170873938,0.006794347351513741,0.7668813227577862
1400168,021725.90+005219.3,22.562689596143834,0.007176971758200423,0.18931108844705147,-0.703393122187224,0.0188599648389145,0.4043841600284115
1412687,014036.47+000335.8,20.33600452360883,0.0012454423203500653,-99.0,-1.647259344774124,0.004610525883484096,12.095822983198916
1431306,004332.71+002459.8,-1000000000.0,-1000000000.0,-1000000000.0,-1000000000.0,-1000000000.0,-1000000000.0
1404511,020517.56+004316.3,20.827326700561763,0.002507461738368022,0.5911755013188026,-2.101804028776325,0.0075985032674315,1.7206814943903794
1465554,212500.49+004541.2,22.830030370213983,0.011959258927003447,-99.0,-1.4387799742777,0.039598178685160135,0.8193866528569522
1453214,225834.83+005258.7,20.641219997192728,0.0,-99.0,-0.8207759192344479,0.0,1.3756466451030471
1448686,233228.21+000032.7,20.66719316117814,0.0036752304796827673,-99.0,-1.387331840156202,0.008487777242375927,0.5263014316871522
1449730,232434.31+001603.7,23.575728255736713,0.0488906414137702,-99.0,-1.3264645432960291,0.042404929193943786,0.5308344731705799
1440107,001541.01-001938.7,22.927962825084272,0.01957107764301469,-99.0,0.382566247094676,0.025741152368156134,0.4798101750553221
1452052,230721.71+010255.7,22.32322768141554,0.008619475365936324,-99.0,-0.7464347756559144,0.01849117424116914,1.0154693363209886
1416554,012924.39-010012.4,22.280119346801946,0.002239208785290714,0.17274133151373025,-1.5384256710368236,0.013457385472583128,0.5167971437720181
1446923,234608.86+010357.0,-1000000000.0,-1000000000.0,-1000000000.0,-1000000000.0,-1000000000.0,-1000000000.0
1435720,003009.86-002233.4,21.29440534551842,0.003062158086430955,-99.0,-0.4607492368600301,0.0003932039886089811,1.7392830433606281
1437959,002251.70+003120.0,23.43311304915158,0.028315187240126605,-99.0,-1.4008239624379848,0.0314170301783222,0.5614901571437262
1460312,220339.41+000443.6,21.89108362683485,0.007176295561022172,0.17347052680362732,-1.9791968211335549,0.023209896798964014,0.3862358004919382
1398254,022229.62-001332.3,22.99980322688743,0.02739306910688022,-99.0,-0.08963851599665507,0.052897026967173494,0.7320785216143675
1389959,024521.32-005725.9,22.635042613370835,0.0,-99.0,-0.9825853456179701,0.0,0.23331406342974995
1446033,235217.25+003903.7,20.124510539182744,0.0,-99.0,-1.2780954051491156,0.0,1.7731157748899644
1431265,004340.28+004824.6,22.75293785884346,0.0003360166176502588,-99.0,-0.732928185107502,0.016152553667211134,0.7109807473993736
1438981,001917.31+002735.4,22.60319109134931,0.021541996041642975,-99.0,-1.6977721811183875,0.043047691192848236,0.3443829505935645
1463500,213932.17-011405.7,21.651270678780683,0.005637864459551167,-99.0,-0.5938388408014914,0.006984832738209101,0.3394759398569009
1446807,234658.53+002230.3,21.230184682647298,0.0007105926471595581,-99.0,-1.2102580547486141,0.005208588430100636,0.37081295381013923
1405431,020241.27+001801.0,22.89830294001643,0.013040028357265143,-99.0,-1.4025432982022066,0.028159674412539748,0.4155214165130161
1409149,015049.09-004142.7,22.78218195854779,0.0,-99.0,-1.1282961244710776,0.0,0.2663796034755443
1398911,022050.99+003728.2,-1000000000.0,-1000000000.0,-1000000000.0,-1000000000.0,-1000000000.0,-1000000000.0
1411615,014328.29+001849.4,23.216292888197735,0.009797287389927689,-99.0,-0.794415492053024,0.024624659132028548,0.5362319004443525
1459005,221347.32+001928.4,22.45673135246485,0.007824114220635892,-99.0,-0.7512722889626016,0.02172785575530428,0.401627281986632
1394281,023313.95+004757.9,23.301222526410633,0.008920149795121901,-99.0,-0.7364232820617849,0.03104101398729958,0.4478971523173801
1434350,003438.38+001417.3,22.4450592405475,0.013874862159619639,-99.0,-1.033334459910776,0.01973827940718087,0.6531851776596599
1391155,024213.90-000138.4,22.140932342241264,0.01173113297041617,-99.0,-1.9245513097590736,0.055546089476514626,0.7223162668385117
1455882,223727.33-003152.7,23.40393500638323,0.025782005708121503,-1.0,-0.1289398489161817,0.06285529198331005,0.40129155823829454
1393955,023410.19+003216.1,22.506851157316724,0.0072532162181282445,0.21912773345351017,-1.2847005886032243,0.014511476761881803,0.3696650472505782
1405523,020223.64+001855.8,20.541803885612687,0.0,-99.0,-1.1275164782835447,0.0,0.7387351957837776
1408202,015347.86-010622.4,22.865050936584005,0.0,-99.0,-0.5642427072347518,0.0,0.4934440701886078
1403376,020830.77-003929.7,-1000000000.0,-1000000000.0,-1000000000.0,-1000000000.0,-1000000000.0,-1000000000.0
1439826,001635.14-010002.9,23.6866362112443,0.034053979026955616,-99.0,-1.5011255190049457,0.09762098900201188,0.2982029213801982
1446214,235112.67-003125.1,23.55502916780322,0.041957782225514606,-99.0,-1.286561471778692,0.07672188719321382,0.2758387590048152
1446724,234733.73-010641.3,23.110867826066475,0.0027100810822400234,-99.0,-1.1675865845233058,0.04120546089580501,0.470810065031538
1398833,022102.71+005510.1,22.558553036602127,0.0176436122609136,-99.0,-0.041420268779749136,0.04592579687958671,0.5927590532488339
1430116,004701.42-004945.4,23.056802113578435,0.02632616250949127,-99.0,-1.754790866021196,0.0705517858629443,0.7526915534365071
1459282,221148.86+003207.6,-1000000000.0,-1000000000.0,-1000000000.0,-1000000000.0,-1000000000.0,-1000000000.0
1436879,002628.05-003121.2,22.830937255771907,0.00925070244917059,-99.0,-0.4310671559936825,0.029976503406161648,0.6438875869260785
1431200,004350.26+005750.6,23.576854524463293,0.016625258060924963,-99.0,0.8087878453512154,0.023072333662963407,0.668063759514476
1452968,230025.27-004937.3,23.046214365984135,0.018394047959384707,-99.0,-1.321326862106614,0.047069032354102314,0.30839274170595615
1465543,212505.82+002935.3,22.05689099589012,0.002069027650613009,0.27010643926851974,-0.8362760196555596,0.006804418471235363,0.5613556980381096
1408400,015309.36+003006.9,22.032334633776934,0.0,-99.0,-0.5969345267278916,0.0,0.38227577687041137
1444443,000114.27-003756.9,22.781457495640403,0.008114681925199818,-99.0,-1.373807027153621,0.03779503213552915,1.2005883789206102
1439104,001852.35-010524.6,22.70816531361519,0.011944626941984282,-99.0,-1.3247254264241155,0.02455396170971713,0.536057204849457
1445681,235437.06-000940.0,23.6007461256145,0.0206559154848307,0.40952844809833167,0.26260168335860445,0.016098032979736387,0.3250707963952382
1438355,002130.98+002014.6,23.47655844237743,0.018425795128234057,-1.0,-1.0456478245299445,0.048376169879761455,0.7127078651945207
1389320,024655.62+010250.1,23.507449911876414,0.016773571138557486,-99.0,-1.3647361223057404,0.03828831432276025,0.3538148502565955
1399149,022010.00-005747.4,22.341657456709292,0.0900818219091093,-99.0,-0.6097791870775655,0.04523333792223816,0.9259237376571644
1411966,014228.38-004405.3,23.053419292318402,0.012011290861027035,-99.0,-1.1598790880084882,0.02665301050429625,0.3566530959893205
1412306,014134.76-003410.5,23.017674295042063,0.01200724570692202,-99.0,-0.6508063505228492,0.020233107487275914,0.5277001879552473
1432579,003954.01+005737.5,22.156040678886065,0.001289377112829726,-99.0,-0.6800707979638725,0.008566836698531866,1.5788389879989493
1452300,230515.24-005245.8,22.645630540993217,0.020427527777364674,0.13184211668330698,-1.277290046031332,0.0715901926818221,0.3178753399816778
1448281,233525.65+003212.1,-1000000000.0,-1000000000.0,-1000000000.0,-1000000000.0,-1000000000.0,-1000000000.0
1441149,001207.42+001253.7,22.877340829139577,0.0,-99.0,-0.3892219852435863,0.0,0.42391086579551335
1390857,024257.24+003029.2,-1000000000.0,-1000000000.0,-1000000000.0,-1000000000.0,-1000000000.0,-1000000000.0
1392185,023926.93+011218.2,23.920635938838238,0.02262020684395516,-99.0,-1.690112676573424,0.056772717607210255,0.27068599480764055
1427148,005636.92+011454.1,23.629810413890873,0.019603558845497915,-99.0,-1.5105823256843665,0.03359905355773196,0.35680932606714294
1413846,013712.91-003903.6,20.949439727219833,0.0013507199426943117,-99.0,-1.188157744574264,0.0034758991831629338,3.644044712816655
1429094,005013.85+010430.0,22.648890804259914,0.006804269229734317,-99.0,-0.8711209421106307,0.023289841122263677,0.41173467473119374
1465330,212630.35+005900.4,22.120372760028395,0.008576749736386446,-99.0,-0.8931259175426822,0.012989715533355095,0.44443613627919637
1395069,023105.46-010023.4,23.317876556721423,0.03317358159148576,-99.0,-1.348260972201973,0.054004321097752106,0.5243200366921408
1409202,015038.15-002847.9,22.816766864145897,0.0033524385738203932,-99.0,-0.6415370271658691,0.015825812249649573,0.5433809035805867
1431605,004241.96+002214.0,20.99956583657893,0.003446692720405764,-99.0,-1.018431878328613,0.008295824881441205,2.47925114475927
1407251,015650.28+005308.4,20.749018551035796,0.0,-99.0,-1.0602247558604292,0.0,5.2164634696113925
1445498,235552.56+004744.3,23.04512428721535,0.01366823983743437,-99.0,-1.2878446997133035,0.03169243290912782,0.41198681918103963
1415498,013235.34+000235.5,22.960735467152354,0.01971309801144905,-99.0,0.0933375680170041,0.05060061400568404,0.2769997047820174
1452516,230345.56-011203.1,23.52007629320139,0.021092724913360783,-1.0,-1.395641475058115,0.06616986609734887,0.21979357728642437
1414801,013428.08-004753.7,23.081402069188478,0.0046368845856115115,-99.0,-0.9517095403145346,0.05465681570917408,0.20324334142294384
1421037,011611.94-010224.6,-1000000000.0,-1000000000.0,-1000000000.0,-1000000000.0,-1000000000.0,-1000000000.0
1441955,000920.01+005618.4,22.292655796855122,0.020328657940176242,-99.0,-0.8730130729466179,0.03699628735403071,0.6269810020224045
1452580,230315.21-010031.1,22.168046753615762,0.005398539431551441,-99.0,-0.7780488364000586,0.03584050448746101,0.38200174519592994
1409150,015049.08-004459.0,23.352355680897155,0.014463986011232777,-99.0,-1.0713939891742639,0.06617964791416897,0.1966917426957291
1448912,233051.14+004936.1,-1000000000.0,-1000000000.0,-1000000000.0,-1000000000.0,-1000000000.0,-1000000000.0
1465408,212556.26+004539.4,20.038953767125143,0.0,-99.0,-1.1041845851981171,0.0,2.6694519841996143
1394188,023329.68+005817.0,22.225322244091394,0.005745286769736069,-99.0,-1.5395466023026754,0.02004049503631211,0.3416446733780108
1400623,021606.80+003653.3,22.646419697109472,0.0,-99.0,0.8581812781790941,0.0,0.3439057901532993
1440880,001306.70-010317.5,22.903026984207848,0.023349575936215672,-99.0,-1.5704753923198789,0.052215678823713585,0.27508185195273394
1406646,015850.31+000821.2,23.256689270575315,0.034179207769522435,-99.0,-1.549004761482374,0.08195735631120671,0.28244719332322765
1430974,004428.84+002519.0,-1000000000.0,-1000000000.0,-1000000000.0,-1000000000.0,-1000000000.0,-1000000000.0
1398820,022104.20+002459.8,23.53984246055351,0.015886735087464743,-99.0,-0.6048579382575854,0.05927499813724357,0.2506507864500272
1442151,000838.29-005156.8,22.69342419046479,0.03847677207017064,-99.0,-1.2799598043666345,0.06801919335049866,0.5330431356837086
1460139,220516.30+004229.8,22.066225377780505,0.0006449586274381858,-99.0,-0.28144186551863815,0.0037064193909926157,0.5572791992659285
1450231,232056.46-000158.2,22.354578925395693,0.00462539364020742,0.2661244632596799,-0.9956952082515791,0.012886648564315484,0.5324123133748379
1440110,001540.30+004337.7,22.608744414736798,0.014895709002873403,-99.0,-1.3972871809066714,0.023972789526238047,0.40263912816744973
1445189,235738.95+005755.7,-1000000000.0,-1000000000.0,-1000000000.0,-1000000000.0,-1000000000.0,-1000000000.0
1395127,023057.81+004039.3,22.855897284864362,0.008520480266032138,-99.0,-1.687232931009576,0.025682772148036048,0.2816642400468429
1390369,024417.35+002856.8,22.985995370967608,0.009488877531573792,-99.0,-1.4856102477830495,0.014538052959659042,0.2963146037056956
1438083,002231.31+010808.8,22.830187939743574,0.001345715060532271,0.4935935247025796,-0.9422076258030039,0.004102731803405035,0.36494279876800123
1425403,010223.09+011347.7,23.04867813173791,0.009908852962059456,0.31488209751662444,-1.454728456274415,0.04619263554471975,0.22196771770706045
1449943,232255.29-005549.1,22.29800879518853,0.0022973719310126484,-99.0,-0.229053760720487,0.019153510614837277,0.6863603877956821
1449560,232555.43-000720.2,23.13668877747805,0.0005148203517091332,-99.0,-1.6124466212252262,0.007510398037987032,0.36960566534392436
1390226,024442.58-002320.4,22.33908481862064,0.026354375765134108,-99.0,-0.3277896021460185,0.041044425054497125,0.5035801974105881
1432455,004018.12-005531.0,23.35505190726243,0.013720870618154635,-99.0,-1.7291162377597455,0.03745502210214935,0.39713925169245956
1393370,023551.59-011352.4,23.05519854724269,0.01548986239903627,-99.0,-1.8009782261597294,0.03816849187709814,0.5169138886794594
1447494,234100.99+003317.0,20.719749870033873,0.0,-99.0,-0.6315959301000218,0.0,0.8376784216316989
1437131,002539.26-002454.3,23.053522817876207,0.008300310332858274,-99.0,-1.410136953354575,0.02971953535525762,0.2832973828407211
1426269,005939.80-011445.7,-1000000000.0,-1000000000.0,-1000000000.0,-1000000000.0,-1000000000.0,-1000000000.0
1411592,014331.79-004611.0,23.109207222828807,0.008692648612491638,-99.0,-1.1284790827883584,0.016629693899919973,0.25176960351411787
1450158,232128.70+003450.1,22.697966123752245,0.010059783093598895,0.2941740320608825,-1.3402176597061692,0.03736326043456717,0.266499559685658
1428932,005044.81-005017.6,22.654982047566783,0.014986435535675469,-1.0,-1.2857598708212152,0.029662294622814778,0.46165844119072835
1431828,004209.15+004537.1,-1000000000.0,-1000000000.0,-1000000000.0,-1000000000.0,-1000000000.0,-1000000000.0
1408247,015340.34-005722.4,22.596127790842267,0.008258120760631371,-99.0,-0.869382117925416,0.01834928746197395,0.2710448750964784
1448463,233413.68-011002.9,22.4722231451805,0.054878739819468336,0.3331237462542237,-0.9725057570967772,0.12659792278164306,0.25718072222938787
1414892,013416.06+001513.5,23.010578621484733,0.030878722779510426,-99.0,-1.316538776021774,0.08907974164492849,0.6419230432274269
1450466,231900.82+001226.5,22.524717214004788,0.00976959534709998,-99.0,-1.0454211020588975,0.033410462624644865,0.3392436057428703
1451938,230812.43-002845.0,22.668740405084982,0.03217766251418119,-99.0,-0.9030085623088908,0.03631553891945488,0.3750992996931648
1388493,024919.79-002756.3,22.536087276295227,0.015538612464869317,0.6290447375909284,-1.6805440120808521,0.014492427925407059,0.3620340723986667
1408342,015320.81-001855.3,-1000000000.0,-1000000000.0,-1000000000.0,-1000000000.0,-1000000000.0,-1000000000.0
1448587,233317.38-002303.5,22.2377012726294,0.05514742807083195,-99.0,0.8252718016388849,0.060068541281443455,0.6567976641904072
1433910,003556.61+001046.7,20.73109518902131,0.0,-99.0,-1.9561150463337995,0.0,0.4228799394339244
1451229,231317.83+003718.8,21.974958811137462,0.00037585726971656186,-99.0,-1.1967744025738072,0.0006135248363494661,0.35504465533885315
1402325,021131.40+003731.7,23.863209826907656,0.005935590821382064,-99.0,-0.3179093511548654,0.04321881866699373,0.28395251186662507
1447842,233831.34+002126.2,22.507648349534755,0.01239283612586739,-99.0,-1.215977361486845,0.030966820226079772,0.3196778047726432
1443007,000556.26-011333.6,23.521033131230915,0.0013030327556418086,-99.0,-2.1300810466869526,0.0021706422865235275,0.63816013869507
1435580,003036.14-011443.1,19.483012472265422,0.0,-99.0,-0.9241922329756926,0.0,17.326450312010696
1423862,010705.96+002440.7,-1000000000.0,-1000000000.0,-1000000000.0,-1000000000.0,-1000000000.0,-1000000000.0
1389575,024619.63+001603.7,23.237282988642967,0.027007087629460358,-99.0,-1.8518245362818595,0.07882292888891285,0.48184117050013364
1439263,001823.07+005819.5,22.349767063791724,0.0007545272455189433,-99.0,-0.6974537290321665,0.015385507110082575,0.5598854892264054
1412611,014048.23-001819.7,21.309697031281125,0.004326130540412976,-99.0,-1.0271385597018994,0.010903200257180057,0.8735166401021239
1425684,010130.86+010146.2,22.595942291766967,0.008163614648388773,-99.0,-2.298469923408817,0.019571495998316424,0.3373591149220898
1418605,012325.55-002815.0,22.452287375916647,0.0075677537204654755,-99.0,-1.8039459371502975,0.028000011531643776,0.5707005305441345
1392782,023741.27-005354.4,23.282494909525816,0.015760492035390428,-99.0,-0.9668480077213744,0.04146089436717848,0.37754491621610853
1416091,013053.98-011030.4,22.587256768264474,0.006610105640394437,-99.0,-0.2320892651295079,0.009535290295916932,0.8269110936570171
1447160,234402.08+000404.5,22.882800071621396,0.025866463653452243,-99.0,-0.6576461919130008,0.0625151120935398,0.5376436771054603
1425642,010139.37-002858.1,21.441174823147556,0.0,-99.0,-0.6742500025849383,0.0,7.910008811287501
1465126,212805.25-005145.7,21.298824522853018,0.003935448136305197,0.18979239081845234,-1.9049281354931793,0.0018327817865051443,0.48532084265637115
1404047,020637.99+004648.3,-1000000000.0,-1000000000.0,-1000000000.0,-1000000000.0,-1000000000.0,-1000000000.0
1417917,012533.67-003243.0,-1000000000.0,-1000000000.0,-1000000000.0,-1000000000.0,-1000000000.0,-1000000000.0
1440437,001437.19+001207.5,23.03850429772846,0.022106480011805374,-99.0,-1.0843920005468703,0.034280551359787914,0.4643784719399363
1449657,232511.43+005233.0,-1000000000.0,-1000000000.0,-1000000000.0,-1000000000.0,-1000000000.0,-1000000000.0
1430923,004439.33+001822.8,20.23667865090554,0.0016263225298285278,-99.0,-1.562889945522297,0.005283209039149583,2.9473349581856243
1455912,223710.10-010249.7,23.852510754978773,0.02528874525384417,-1.0,-1.2987727378124085,0.0916658914585633,0.21030947404443734
1413621,013755.77-000447.1,23.01711420803337,0.025475836357928827,0.3102752807426153,-1.039135436283733,0.056536383911025556,0.25869600380819074
1408120,015403.44+003425.8,23.298307914120933,0.017292823874734964,-99.0,-1.3495553410814245,0.031303020226257194,0.6772812950734286
1451304,231247.96-000313.8,21.380880249281667,0.0,-99.0,-0.7406555584273784,0.0,4.113961669468868
1448057,233659.54+003843.4,21.8812706999392,0.007022130202987142,-99.0,-1.535912412919067,0.016652984618877986,0.9151540336377096
1401098,021447.00-003250.6,21.07434471714145,0.0,0.1282560903479517,-0.2246917228272336,0.0,0.6227647493590966
1394698,023206.00+010421.4,23.741304986428368,0.05774548068345098,-99.0,-1.5852021423214064,0.10350515297941298,0.4752164570829252
1443903,000301.43-005741.8,23.3596669914512,0.026698591596883148,-99.0,-1.2522507896859723,0.07021138209662303,0.19026755505973278
1440826,001318.25-004616.0,23.48068854463279,0.01866487348005208,-99.0,-1.6598586020353308,0.027991310174272033,0.7499544624597061
1441653,001022.13-002216.8,-1000000000.0,-1000000000.0,-1000000000.0,-1000000000.0,-1000000000.0,-1000000000.0
1440521,001420.18+011212.7,22.081226622670762,0.01089321806440502,-99.0,-1.550082807493438,0.03133489855153926,0.2901867161050609
1462667,214521.52-004019.2,23.45012682958332,0.01641174730080408,-1.0,-1.1709678297770099,0.049003191765948695,0.4866257405299645
1451307,231246.51-000445.8,-1000000000.0,-1000000000.0,-1000000000.0,-1000000000.0,-1000000000.0,-1000000000.0
1420525,011745.89+005122.9,22.976398758625557,0.022322065128106416,-99.0,-1.5876875695116808,0.057744580742219,0.4131123355384644
1453187,225847.99-002132.4,22.96083767576048,0.006241300697151786,-1.0,-1.2770338626810194,0.03902007598300283,0.3791221997231385
1463820,213707.76-000204.0,23.73869112161679,0.015744517248998946,-1.0,-1.3019277695830072,0.08913160234405593,0.3281668184753279
1414917,013412.29-003004.1,23.193799542793563,0.012948374320984612,-99.0,-1.6878458898461557,0.023781299378366816,0.5584941876934112
1388874,024815.49-005457.7,23.198255168525215,0.02968390198907045,-99.0,-1.3341942047039912,0.0641968291731222,0.20011071823614393
1463647,213825.90+011355.2,21.779799100368358,0.0031228417088247085,-99.0,0.503858472857833,0.003788985717837756,2.0550410746510877
1449022,232958.96-004216.8,22.802165414929497,0.022711202508762796,-99.0,-0.5309478082736208,6.601446302539893e-05,0.22375317668223074
1455114,224338.01-010722.8,-1000000000.0,-1000000000.0,-1000000000.0,-1000000000.0,-1000000000.0,-1000000000.0
1389144,024726.26-004602.6,22.45799734982115,0.0019184529630766889,-99.0,-1.3243922096755965,0.010468754990183737,0.23727034622895335
1409063,015104.77-011205.6,22.903635499425768,0.017322325369795166,-99.0,-1.3732382478252294,0.04669783900084423,0.31947818807293765
1437652,002349.67-005347.3,22.862362775758903,0.00881237293966386,-99.0,-1.1975864615054737,0.023374918529892486,0.25970858737431396
1412371,014125.63+000755.6,24.29853891755902,0.006516293862715017,0.7789028504532189,1.6808817788870636,0.0,0.5901231517868711
1410691,014606.58+010143.2,23.4930021159605,0.02466884754435128,-99.0,-1.3333545860622165,0.05531618700684138,0.4179641110147458
1462971,214322.13+010518.3,23.218349716902388,0.0057913338726578445,-1.0,-1.2643588593044677,0.031659657743967395,0.509323069291496
1449929,232301.10-001551.6,21.640961593251426,0.005609785315829896,-99.0,-1.9741472469740096,0.01929539546511938,0.4644784017778383
1414532,013510.07+010947.1,23.01079637133082,0.0171671708303478,-99.0,-1.3981837446528607,0.03866571257551055,0.23610450029921992
1395535,022951.18+010829.4,22.436388697889406,0.0,0.6092733513254054,-0.2770310041187809,0.0,0.4847735126798577
1415150,013334.73-011319.2,23.51915051986598,0.0,-99.0,-1.7663718317139132,0.0,1.0204442350593006
1415083,013346.06-000303.1,-1000000000.0,-1000000000.0,-1000000000.0,-1000000000.0,-1000000000.0,-1000000000.0
1465749,212340.49+001025.1,22.93055571243955,0.015208244124158554,0.5180569953849039,-2.957369896764666,0.05936814014235581,0.255154264910748
1392463,023837.95-010314.1,21.847687763883066,0.00627069502252553,-99.0,-1.0994233612014126,0.004363776947059916,0.6562481153034688
1407493,015600.23+010552.2,-1000000000.0,-1000000000.0,-1000000000.0,-1000000000.0,-1000000000.0,-1000000000.0
1449130,232859.37-000519.8,21.726326673316713,0.010948513750301814,-99.0,1.30854434661088,0.03443593951129731,0.7714607055280439
1392594,023813.80-002338.9,21.69464896221951,0.007683979510035854,-99.0,-1.2752796812711753,0.016705948657689484,0.25781177575013897
1409963,014820.96-000225.7,20.52782067816019,0.0029485793645189773,-99.0,-1.5100086116936398,0.005483790882018669,0.5369523914784994
1445999,235232.07-001503.9,-1000000000.0,-1000000000.0,-1000000000.0,-1000000000.0,-1000000000.0,-1000000000.0
1443916,000259.29-001614.7,22.737748849019432,0.015400228339101929,-99.0,0.11582908078499177,0.048756709285029974,0.5074306533052507
1418674,012311.01+001428.0,22.6049855241371,0.006786791037036721,-99.0,-0.6373171219867011,0.018030281788797065,0.40233476547316677
1452548,230325.34-010539.4,23.13615550654128,0.020749610680530495,-99.0,-0.43705520381866236,0.027165354852242807,0.32270266429478794
1448982,233023.48+000811.9,21.569353234859967,0.0005786788481731975,-99.0,-0.9348585120184918,0.008908843819897427,0.5933379528566023
1448744,233201.42-005655.2,-1000000000.0,-1000000000.0,-1000000000.0,-1000000000.0,-1000000000.0,-1000000000.0
1439920,001616.21-003835.2,23.100414839620534,0.021851067387856915,-99.0,-1.0548938433835535,0.05444768320199622,0.4145929256244581
1450500,231846.88-003508.7,22.8749709256004,0.01475612245267044,-99.0,-1.331359222948599,0.03606354576361093,1.884440301532015
1415748,013154.71-002524.8,23.383844825658308,0.030527189139410993,-99.0,-0.9402763342560583,0.04385093473476748,0.23509150336430865
1416912,012827.02+000320.3,-1000000000.0,-1000000000.0,-1000000000.0,-1000000000.0,-1000000000.0,-1000000000.0
1435529,003048.13+002746.4,-1000000000.0,-1000000000.0,-1000000000.0,-1000000000.0,-1000000000.0,-1000000000.0
1456379,223341.46-000736.6,22.484601400939574,0.011198618791672388,-99.0,-1.742496767755752,0.045139430427366345,0.2184743802772487
1424530,010503.44+005839.2,22.847814469819433,0.012889945244207723,-99.0,-1.2100707666660284,0.022422478728588158,0.3438225254731604
1433409,003728.00+001059.3,22.925583734398934,0.04252880735100106,-99.0,-1.3270602842321368,0.10713930730916033,0.5075871481519801
1391051,024227.34+000845.4,21.99812564182509,0.013940712075228845,-99.0,-1.4814768259465785,0.036973247166988465,0.39428262773698824
1413963,013650.01-003252.5,21.203838083914455,0.002046811703459994,-99.0,-1.004149509626354,0.00618423223341974,0.39583537626586246
1427660,005507.04-011347.7,22.68516608954291,0.007328401048605215,-99.0,-1.3081180363195366,0.02510638773628804,0.3770411870961095
1447478,234109.30-004132.6,22.38130392082177,0.006546246668817091,-99.0,-2.0589927595508986,0.012355555665518825,0.7170490834100605
1412437,014116.89-011144.5,22.676320074318802,0.005678385869227753,-99.0,-1.1523427071062442,0.02663846222416766,0.28785721340802956
1426847,005738.44-004636.3,-1000000000.0,-1000000000.0,-1000000000.0,-1000000000.0,-1000000000.0,-1000000000.0
1397150,022531.08+004720.2,22.361118540475793,0.004308089033262519,-99.0,-0.9062365657682774,0.018397708487415232,0.38321809005496227
1401311,021415.07-004858.1,22.822246543399082,0.037050065862116455,-99.0,-1.2368705385812513,0.06357139631224007,0.3214817273907497
1435022,003229.32+004806.4,21.561085140215646,0.0030212251842787197,-99.0,-1.6736244216896305,0.014445634096920679,0.4191813734167714
1452180,230610.38-001820.7,22.589312090543324,0.011743425724555223,-99.0,-1.5802814332780333,0.03200674182893115,0.2778666213907261
1463485,213938.69+010029.4,22.58846067783191,0.010384482040972642,-99.0,-1.5295855222959123,0.02335955915885335,0.36698125945909826
1438930,001927.80+001017.7,22.765806711018136,0.0011869939142261643,0.35413856467243915,-1.3299309561837065,0.014836391175027996,0.2734325011507205
1451313,231245.22+010518.6,22.293330058313877,0.010835577536383312,-99.0,-0.5077239105060833,0.040396289690915466,0.5246248068587848
1394651,023211.82+000802.3,20.249534033529493,0.0007287340744976945,-99.0,-1.6153783296940594,0.002141219933813554,1.0245742914241165
1441182,001201.32-002846.0,22.918239579865748,0.021559184968609202,-99.0,-1.3870004162648875,0.02573286581776235,0.4833639332551432
1447493,234101.13+000032.1,23.926657043954798,0.05611131219638743,-99.0,-1.7394141005070232,0.08666696389324369,0.3006458638124797
1446712,234739.63-004841.8,23.06634766265477,0.006181019825577394,-99.0,-3.063795748598503,0.03152502300404958,1.2557611430278681
1447819,233838.69+011448.3,21.87260455126998,0.006057632028459992,-99.0,-1.4569654874280031,0.010335444898964985,0.7170153245447085
1449178,232838.04-005313.6,22.762664715994,0.035468733151571286,-99.0,-1.199347014148322,0.056006317298922026,0.3090464040602611
1393743,023444.10+011243.6,22.922397994453654,0.014761002145027291,-99.0,-1.3148306178374947,0.029057481907513116,0.45414403262538566
1448582,233319.64-010819.7,23.36439664636938,0.02071866469652406,-99.0,-0.7089777629395853,0.04467306280741157,0.2654354682468483
1461125,215736.68+001547.2,23.679566857946618,0.015627127474315827,-1.0,-1.4453285112086203,0.05946046808480543,0.44678246176772224
1396711,022641.51+003551.2,23.054175711388304,0.011406057277962844,-99.0,-1.4258293029750018,0.02661487719923039,0.42105388068486205
1419702,012004.93-011315.5,23.22162681384986,0.01950392132818557,-99.0,-1.6273011223875775,0.05476199165345452,0.3576007006918277
1447443,234127.26+011114.8,-1000000000.0,-1000000000.0,-1000000000.0,-1000000000.0,-1000000000.0,-1000000000.0
1440003,001602.63+004032.3,23.077150474872646,0.02322441297181399,-99.0,-1.4102067469831492,0.059404054558078956,0.439787678599393
1417135,012753.69+002516.4,23.103783524445568,0.024210226383827305,-99.0,-0.8844883753813271,0.04830577945922204,0.25099801729926946
1409688,014905.78-001255.4,-1000000000.0,-1000000000.0,-1000000000.0,-1000000000.0,-1000000000.0,-1000000000.0
1423511,010810.43-001636.9,23.596847408611147,0.014502823240682972,-99.0,-1.3675832409256703,0.06128698387296694,0.2935592712986923
1420411,011807.04+002040.0,22.321940723520605,0.0,-99.0,-0.4448956460301705,0.0,1.6210666979050414
1401981,021232.77-002807.4,-1000000000.0,-1000000000.0,-1000000000.0,-1000000000.0,-1000000000.0,-1000000000.0
1404444,020529.80+005807.8,22.770474182610776,0.018344051950744955,-99.0,-1.7375316400782417,0.05024117314114673,0.3400683570646875
1427701,005459.75-005930.9,23.431620672049526,0.029543826289986086,-1.0,-1.4904500216796142,0.07734753643024939,0.29394891009386903
1445635,235457.55+005817.8,23.61843936401332,0.02074611590506592,-99.0,-1.347214559399183,0.08441458895683873,0.45965998902900584
1432815,003909.50-003733.9,22.03356885209363,0.008934660755643975,-99.0,-1.0301847583976098,0.03102633123399906,0.23746493235705154
1452699,230211.57+001943.6,21.05404701149869,0.0,-99.0,-0.9011865374102985,0.0,1.1568150324544726
1433278,003752.29-000106.3,-1000000000.0,-1000000000.0,-1000000000.0,-1000000000.0,-1000000000.0,-1000000000.0
1421611,011420.95-004049.2,19.729172549834267,0.0,-99.0,-1.351848159980543,0.0,29.309210356658035
1442949,000608.51+010014.7,22.46053905068255,0.0013814516292409706,-99.0,-0.7538563244082113,0.021919958599372347,0.5167949940180075
1431443,004310.94-010132.8,22.649155653977367,0.01682173557780331,-99.0,-1.2887521061445364,0.03969728119918481,0.3547167045177574
1445736,235412.56+003430.8,23.64257321539325,0.003553482967681987,-99.0,-0.6746302219733407,0.018638527185527443,0.3681336735773053
1442445,000743.78-002432.4,20.674649575483635,0.00025555411058419963,-99.0,-1.611330494991667,0.0003683313844909941,1.0513629784820244
1442548,000723.25-005112.5,23.68190227481366,0.04013493464868567,-99.0,-1.6198089693652973,0.07171314530273554,0.9010202058183394
1423746,010724.56-003503.7,-1000000000.0,-1000000000.0,-1000000000.0,-1000000000.0,-1000000000.0,-1000000000.0
1445372,235636.03+005701.8,21.866560007252893,0.0072840285787556525,-99.0,-1.1987321609681807,0.014042583450004309,0.5511645744020328
1428267,005303.44-005436.8,20.18534179515165,0.0,-99.0,-1.2059124676429485,0.0,1.6530583847087386
1416853,012837.97+004152.3,23.07945178832015,0.016157120397943814,-99.0,-0.8850589451101332,0.05479862043959166,0.3958709031490921
1409843,014840.37-004531.9,23.532138421998532,0.002201337186997776,0.31932087641778406,0.9572542169602665,0.020214923217588332,0.30338975986490824
1424069,010627.15-000945.4,22.869983612594517,0.012830444079741099,-99.0,-0.9019679206401428,0.06829970154098841,0.41124918183439213
1425555,010156.36+000923.2,23.634649966439802,0.00016245384112600902,-99.0,1.3516477975858123,0.000726454304043056,0.8547909559071117
1459439,221038.80+001908.7,20.55374492551838,0.0,-99.0,-0.9256847077605013,0.0,15.143161329832338
1444871,235940.64+010008.7,23.138826231707306,0.027118157627725736,0.40172423306757177,0.37985840403470306,0.03266602988811168,0.3618735035227698
1431689,004228.38+010844.6,-1000000000.0,-1000000000.0,-1000000000.0,-1000000000.0,-1000000000.0,-1000000000.0
1429212,004951.98+000344.1,21.439746099870128,0.006176633400842846,-99.0,-0.6235870975926545,0.0009127268824249413,0.6386856635203139
1452846,230115.27+010135.2,22.612452888292616,0.010358185691785593,-99.0,-0.8806714284862522,0.04793798681772682,0.26943828679377635
1455459,224058.31-005339.7,21.85715708224796,0.0007838307633534214,-99.0,-1.4354896406733233,0.0061254281659957055,0.7371354549297724
1462902,214351.47-004910.6,22.494908485860613,0.016588833289183924,-99.0,-0.6491479679599879,0.040762884953944034,0.4950208763562676
1448683,233229.39+010312.8,-1000000000.0,-1000000000.0,-1000000000.0,-1000000000.0,-1000000000.0,-1000000000.0
1418979,012217.46-005615.6,22.578817107654196,0.0,-99.0,-0.9852401413233691,0.0,0.3798883466504651
1413098,013926.76+004758.4,22.91781981816083,0.0027021917226655034,0.6295933405394853,0.8723313131216388,0.0014159626315897178,1.487826900964093
1441623,001027.42+002932.7,-1000000000.0,-1000000000.0,-1000000000.0,-1000000000.0,-1000000000.0,-1000000000.0
1450941,231540.30+001848.3,-1000000000.0,-1000000000.0,-1000000000.0,-1000000000.0,-1000000000.0,-1000000000.0
1446670,234758.92-010859.7,22.664244793322105,0.02131185612746833,-99.0,-1.1574162008653772,0.060814022312311256,0.22269066045502403
1401319,021413.95+001215.9,23.545717421565264,0.012519677282023522,0.24067515726806715,0.9424494749384031,0.04226513347652999,1.8375554852009632
1444338,000134.71-003103.6,23.577339298299698,0.00010332157089010252,0.6130127519389231,1.9959925520782331,0.0018192998577502006,3.036357614558268
1441262,001144.36+002329.8,23.649048330354184,0.07110795079573684,0.5398719168729532,0.10712883258256678,0.0782426249544507,0.3723701523891437
1397597,022416.88-004851.9,23.118828118446352,0.03376177171872108,-99.0,-1.0161137220930607,0.02775285566789354,0.4359155750676129
1429391,004915.76-005620.7,-1000000000.0,-1000000000.0,-1000000000.0,-1000000000.0,-1000000000.0,-1000000000.0
1403908,020659.72-003008.7,21.73620773600694,0.0034431429380443745,-99.0,-1.700720119926773,0.011111908551190708,0.4438311180630216
1436099,002902.44-001005.8,23.14268334922955,0.013807563431162961,-99.0,-1.037133590183005,0.0382685442486953,0.5402360190333786
1399183,022004.28-000210.0,23.01905464244266,0.014542108013619881,-99.0,0.14101205207776157,0.007789432722663747,0.7620151181346903
1450945,231538.48+004201.5,22.044223986026275,0.008450279182179443,-99.0,-1.3687543963399786,0.016231724970701245,0.31566809528579454
1443538,000416.78+001441.4,22.99713266332308,0.017815989964633516,-99.0,-1.1768289350238712,0.03574194584579482,0.5110738724532078
1430723,004515.44-011317.7,21.007681283880338,0.013116986120564889,-99.0,-1.3317008598144846,0.02821256768791447,0.8894964172307017
1418169,012446.51+010816.8,-1000000000.0,-1000000000.0,-1000000000.0,-1000000000.0,-1000000000.0,-1000000000.0
1431319,004329.64-002100.4,-1000000000.0,-1000000000.0,-1000000000.0,-1000000000.0,-1000000000.0,-1000000000.0
1410968,014520.58-003130.5,23.045964490568274,0.0057652266085828074,0.09796259319370497,-0.7970426308100826,0.0181608985490454,0.45979748244342833
1448009,233718.72+002608.6,22.707699544518796,0.014867724741378652,-99.0,-1.946151452386375,0.054045910330645874,0.2469442440446057
1421567,011431.43-001112.5,22.075254080516665,0.002997401104849473,-99.0,-1.0220461654776063,0.01409627657117385,2.2607287898441535
1390758,024314.18-010322.5,23.023382888284452,0.01109721916149553,-99.0,-1.2250706240524627,0.02142900076603782,0.24014153056730578
1417434,012703.50-011310.4,22.381944932744666,0.0051262773452265264,-99.0,-1.1087990109872394,0.007585538400281977,0.9844600277781396
1464545,213210.68-000020.4,21.97018352012099,0.002984532642704707,-99.0,-0.9331958469820218,0.008529886294206201,0.8803287506402168
1428622,005145.19+003739.8,23.137448611349477,0.023614479601699045,-1.0,0.2699626975898832,0.0412356821256151,0.3632998929329369
1459368,221103.16+010841.8,22.161885330657363,0.00020521380625027064,-99.0,-1.1344593530308114,0.01354974570397216,0.802757094494799
1409734,014858.01+002603.7,-1000000000.0,-1000000000.0,-1000000000.0,-1000000000.0,-1000000000.0,-1000000000.0
1430838,004456.44+011057.2,-1000000000.0,-1000000000.0,-1000000000.0,-1000000000.0,-1000000000.0,-1000000000.0
1447585,234023.66-005326.9,19.37122976234894,0.001946214643240296,-99.0,-0.745532184954742,0.00482396187442552,13.749877405517568
1431024,004422.06-004038.6,22.63361814309686,0.015759992812469648,-99.0,-0.898109903899659,0.07952872259938906,0.9127736798761322
1397976,022312.55+000615.2,21.84534186287467,0.0034171446199238176,0.08940228552217455,-2.0856516492292485,0.018278211886600504,0.42779938527694383
1450867,231612.73-002250.7,22.27816250712967,0.0,-99.0,-1.204387744181315,0.0,0.44773207309478263
1448701,233224.71+005152.5,23.531504906683217,0.03160227078867983,-99.0,-0.7886855400675756,0.06470992939090064,0.3376656970531142
1463279,214113.37+010751.1,20.51788661520863,0.011026789780599344,-99.0,-1.8781337231275108,0.03137156609739411,1.2519907572581743
1405652,020159.56-001417.5,-1000000000.0,-1000000000.0,-1000000000.0,-1000000000.0,-1000000000.0,-1000000000.0
1408456,015258.67+010507.3,21.22326931170158,0.0,-99.0,-1.0727419659275221,0.0,0.62119959152109
1439517,001733.69+011343.3,22.273145324207427,0.009778734035998937,-99.0,-1.5757220127076375,0.015695389529368442,0.41673189053377363
1402999,020930.38+001916.8,-1000000000.0,-1000000000.0,-1000000000.0,-1000000000.0,-1000000000.0,-1000000000.0
1448848,233121.81+003807.4,19.76099462613842,0.0009762095097620715,-99.0,-1.579512523105691,0.002942309827438927,2.489969533615726
1390943,024242.41+004015.4,24.022700276274257,0.047637737447390194,-99.0,-1.2270407368591623,0.05574929365910142,0.8813196506891493
1437006,002604.22+001841.1,23.53653293231448,0.015921632640232275,-1.0,-0.9689466278440912,0.05073104099734316,0.5510407308712536
1393176,023629.50+001754.8,23.79039571984149,0.031353405654774846,-99.0,-1.2182037637028857,0.07073482038168055,0.24985750290198638
1415792,013144.86-001432.6,22.60957012240386,0.0,0.1780491994795149,0.05238627590151257,0.0,0.37249802252633274
1426951,005717.63+005158.0,21.84620623909081,0.0,-99.0,-0.9787302374201685,0.0,0.7231127009266894
1445849,235329.20+010451.5,23.03279409164393,0.03162055595004709,-99.0,-1.1706185864298795,0.10083409262248277,0.39708865450374153
1410003,014812.78+000813.8,22.73461910715975,0.010138233020660081,-99.0,-1.4327280443136807,0.03130725971096959,0.23947460103950416
1401836,021255.31-000214.3,22.548323729338783,0.001162814910777854,-99.0,-0.9985025534254524,0.0022332237800886112,0.35168944550343473
1412797,014017.06-005003.0,17.15127447222134,0.00011630586308264412,-99.0,-1.9031953114220395,0.00028706361923502843,3.7859503997090855
1465203,212731.23-001926.5,23.366443997268682,0.009655407215811707,-99.0,-1.4831941017870611,0.03011466756744563,0.28768909154803635
1449001,233010.93-002951.4,19.907358439188094,0.0017705082222896351,-99.0,-1.5257179117293296,0.0015475659060901759,0.7561399844065475
1430842,004455.78+011207.6,22.727242803642532,0.009801353642373556,-99.0,-1.0624831489213338,0.0505131264953077,0.7183109777738615
1437392,002442.44-003530.1,22.216808426428237,0.012369436550017099,-99.0,-0.42728544703685767,0.02981134821336892,0.8898851842396168
1449634,232520.72-001804.4,-1000000000.0,-1000000000.0,-1000000000.0,-1000000000.0,-1000000000.0,-1000000000.0
1452850,230113.86-003656.7,22.943925995962225,0.02337341106668056,-99.0,-0.7455607939346036,0.06485223240675608,0.2764407256069548
1433979,003545.13+011441.2,20.804367585157188,0.0010656775975270705,0.01560042069296101,-0.4395348706115092,0.00046579574908856003,1.697680689206773
1393943,023412.34+004002.9,22.407953204506804,0.023546324897836257,-99.0,0.1523176311204555,0.04632665666572214,0.5728768682302746
1406344,015952.27+004615.7,-1000000000.0,-1000000000.0,-1000000000.0,-1000000000.0,-1000000000.0,-1000000000.0
1396627,022657.17+001157.2,23.875883921482774,0.050750526254557116,-99.0,-1.9118140485195836,0.06400614146478312,0.838619182797477
1421374,011510.85+004425.1,22.547702910192818,0.009091929238254082,-99.0,-0.7342244506493474,0.012520487137628877,0.4100562194757666
1451057,231448.45+005104.6,23.822390076654948,0.08293724528331659,0.5300201927768684,0.5020081911931227,0.07768909579200833,0.3853320381194921
1433992,003543.06-001043.2,22.155038460361034,0.014032951015829909,-99.0,-0.9356042263326856,0.033802681657666644,0.5201022777885265
1447704,233927.95+000958.6,23.607803312415292,0.019510732987209067,-99.0,-1.5430815412810932,0.02448266291885104,0.5924427839800912
1445349,235643.35+001428.0,-1000000000.0,-1000000000.0,-1000000000.0,-1000000000.0,-1000000000.0,-1000000000.0
1440581,001406.51-010759.7,21.90439679361483,0.005462131871754039,-99.0,-1.4465613311091334,0.00232023085022115,0.32864845571606077
1430019,004718.58-011424.1,23.25054705021737,0.04667646673888193,-99.0,-1.0472331494823157,0.10594004298795712,0.566792962720525
1401320,021413.77-003241.5,23.793595960902373,0.014283937209738085,-1.0,-1.3311193824899066,0.045907183659706696,0.4481494507848692
1409712,014900.77-011340.8,22.604351937602324,0.0027497559530509363,0.5887864009745541,0.8441870438423233,0.0019367911065368837,1.7590709999146992
1431430,004312.94+004603.7,22.799014308670586,0.00991596227075675,-99.0,-1.414386120051128,0.035987735349484185,0.3933106663130967
1446059,235209.78+010238.7,22.471372821046224,0.00521369026086127,-99.0,-0.8276216674314751,0.03971989457309455,0.28074156897021596
1402879,020952.46+000115.7,22.612878947909714,0.013085989094721029,-99.0,-1.676878636899426,0.030881559063175912,1.083079971100522
1422644,011053.61-004634.1,24.105741706200483,0.08533705576883044,-99.0,-1.5654381564751185,0.14583655301774656,0.416424413335029
1401075,021450.26+000134.8,-1000000000.0,-1000000000.0,-1000000000.0,-1000000000.0,-1000000000.0,-1000000000.0
1399288,021946.02-000446.9,-1000000000.0,-1000000000.0,-1000000000.0,-1000000000.0,-1000000000.0,-1000000000.0
1412293,014136.39-001019.7,18.563748263032345,0.0,-99.0,-2.557792075363257,0.0,3.5470337255129225
1424729,010428.90-003903.3,22.30005005370011,0.006654072142850964,-99.0,-1.5528090017968132,0.019158257716873295,0.6015330889532279
1402343,021127.97+002952.6,23.32748017350125,0.008715591928725175,-99.0,-1.3560775225087411,0.02604728503618481,0.5154742272633802
1414480,013517.18-003353.3,22.964137691097726,0.01922258971964297,-99.0,-0.8673956907362168,0.06251079236344625,0.4074139030527244
1446554,234847.18+002739.3,21.86844911222972,0.00846801091575422,-99.0,-0.2862300057495162,0.016817431165259827,0.7748416158409381
1434981,003235.65-003252.3,22.397827798391184,0.0021387969507902227,0.23046553819969334,-0.3173115974690841,0.00449994627495337,3.168882508224078
1459331,221122.35+004751.9,23.23210421805303,0.01819598406950007,-99.0,-1.4464524071833718,0.03396491366862775,0.32071618179824785
1424609,010450.56-000255.9,-1000000000.0,-1000000000.0,-1000000000.0,-1000000000.0,-1000000000.0,-1000000000.0
1409423,014956.69+000536.3,23.22519327185349,0.0,-99.0,0.9834339417962337,0.0,0.8223854342991539
1389841,024537.52-010653.3,23.02291671194221,0.011889009350110058,-99.0,-1.3642770233910815,0.03292929456979177,0.35238236488981056
1441677,001018.30-011004.3,-1000000000.0,-1000000000.0,-1000000000.0,-1000000000.0,-1000000000.0,-1000000000.0
1449363,232717.41+011221.8,-1000000000.0,-1000000000.0,-1000000000.0,-1000000000.0,-1000000000.0,-1000000000.0
1401268,021419.62-004215.8,-1000000000.0,-1000000000.0,-1000000000.0,-1000000000.0,-1000000000.0,-1000000000.0
1401393,021403.11+010016.8,23.686191697737705,0.020246015808007556,-99.0,-2.022866356684889,0.03129664934717413,0.42800315322107524
1429635,004824.41+005408.9,-1000000000.0,-1000000000.0,-1000000000.0,-1000000000.0,-1000000000.0,-1000000000.0
1464675,213110.62+004707.5,22.92389051487239,0.013054030316945742,-99.0,-1.4198496757281274,0.02914340092721346,0.3986239048344874
1452693,230213.97+003436.3,23.600805034345335,0.044145222161491304,-1.0,-1.701944691590688,0.09774483970862147,0.5823421550452219
1420266,011836.66+003337.9,-1000000000.0,-1000000000.0,-1000000000.0,-1000000000.0,-1000000000.0,-1000000000.0
1447250,234304.24-003351.0,-1000000000.0,-1000000000.0,-1000000000.0,-1000000000.0,-1000000000.0,-1000000000.0
1390721,024319.05+003615.5,23.708305591197394,0.009834679327012097,-99.0,-1.4452719845936954,0.04321769764219663,0.2942580716790469
1431474,004306.38-001728.5,22.420512920831236,0.03067028928690263,-99.0,-0.9911576973714737,0.07412050793986169,0.4088598042707843
1447052,234458.70-000138.9,22.221417072846002,0.0007823172556964408,0.10182242926332223,0.1037776714735168,0.030677184733415214,0.5394536088561849
1452508,230348.29-003854.7,23.636226418761787,0.019656371285430296,0.6076550223306997,1.0057826735625603,0.015572821809619497,0.2521151931831922
1406578,015903.74-003016.6,23.028806212887552,0.016252204564679573,-99.0,-1.4000785864960625,0.014142148903615315,0.40062689594959394
1451691,231000.40-010611.9,20.136970326907736,4.010993375658245e-05,-99.0,-0.7748251505289661,0.000745493324803892,2.6943916234305374
1465711,212354.15+003335.0,22.66245729055033,0.0060933214883451825,-99.0,-0.9714605154067373,0.022362568691642326,0.32136276687458104
1409763,014854.67+011150.4,24.16055295340208,0.016046418215767133,-1.0,0.8383574849344484,0.08092213859465514,0.3539487490641404
1418741,012300.90-005053.1,-1000000000.0,-1000000000.0,-1000000000.0,-1000000000.0,-1000000000.0,-1000000000.0
1446847,234642.49-001856.1,22.317096695769102,0.011697710678415518,0.39354828981422674,-1.4724690659662012,0.07255936077095027,0.5100014751806982
1447296,234241.33+010015.0,23.19297572458688,0.01870876904387586,-99.0,-0.6710519716245598,0.05577132199931456,0.25046424206547474
1458827,221509.52+003638.4,20.559839437502923,0.003923998491410785,-99.0,-1.1818119127152964,0.006628461781774675,2.8111325679525474
1452419,230418.88+010031.5,22.523300301761928,0.006911297692289153,-99.0,-0.6174672708297564,0.017872906040567516,0.3689103315377455
1392183,023926.99+003107.1,21.90319700415838,0.00754787733746376,0.2878901405006268,-1.156147099652375,0.00712766256712849,0.5616939994907166
1442104,000846.31+011055.2,22.810525437187685,0.05516492664937367,0.8804600602413527,-2.1282709320868634,0.12011843585964099,0.3525423627607991
1433739,003625.42+000447.7,22.91162657679711,0.00766003914734803,-99.0,-0.19542381566015798,0.022926781133235444,0.3655103659987151
1394125,023339.24+010744.3,23.230057544892396,0.003855769722225233,-1.0,-1.3365409402318869,0.02911277529885703,0.34610862171467566
1445832,235336.09-003056.4,22.954414712207445,0.018959593897962534,-99.0,-1.520481855477482,0.037738621766719826,0.4091332352793564
1439356,001806.27-004157.1,22.598003708925113,0.008191865111042418,0.4184088516835407,-1.2431235028670944,0.013418582863301776,0.6445269144463915
1430411,004613.54+010425.7,20.593919464458303,0.0024807743285482076,-99.0,-1.7195535925571104,0.005736183544213236,3.8549476602690484
1400486,021630.98-002746.9,22.9587847197702,0.10489722031210569,-99.0,0.35775514092532834,0.10358179510676749,0.4449133872365953
1403013,020927.94+011237.6,-1000000000.0,-1000000000.0,-1000000000.0,-1000000000.0,-1000000000.0,-1000000000.0
1390532,024351.33-011049.1,22.18865756373075,0.0027671385659999714,-99.0,-1.7915274432413986,0.0059900128968612965,0.3242650327147049
1391152,024214.68-011453.3,23.077450959777458,0.01221461693702075,-99.0,-1.3186523837080046,0.03855086497881044,0.3351267522980904
1444962,235909.07+001959.6,22.948774085812737,0.007653455419500688,-99.0,-1.3475671965134826,0.021219040368807285,0.4094206331270978
1427351,005601.83-001734.9,23.56255566999409,0.02236433374958935,0.5432372009934424,-0.49466039587358157,0.02635374063251028,0.4381242235525511
1397352,022456.55-010637.0,23.254037270380415,0.010861620367990099,-99.0,-1.703723498895704,0.02922116398826613,0.9652259431985349
1449080,232927.45-001115.8,22.17393078304712,0.024259033862783497,-99.0,-1.0833948845899517,0.0410655278112132,0.32278377053871105
1415216,013324.96+010619.3,-1000000000.0,-1000000000.0,-1000000000.0,-1000000000.0,-1000000000.0,-1000000000.0
1389472,024636.79-000144.6,22.21223682012218,0.012083301839043159,-99.0,-1.655939192661167,0.022572844936193937,0.25066520444243684
1448844,233122.31-010805.2,22.544303116495946,0.014618466131723906,-99.0,-1.1412325427627334,0.031484392014674456,0.4637865445957898
1451043,231455.37+002623.3,22.223977366730615,0.004625778289373272,0.18913297250902952,-1.6562902208660377,0.014574196801731665,0.3756511577487479
1429271,004941.11+005623.4,-1000000000.0,-1000000000.0,-1000000000.0,-1000000000.0,-1000000000.0,-1000000000.0
1455398,224123.51-010224.8,23.436583035755625,0.018675341458198602,-99.0,-1.5003266665935602,0.04062093387554133,0.36852044436145104
1455705,223850.62-000336.7,22.89082534368449,0.0016994068126408024,-99.0,-1.737679293315224,0.0018483450853099548,0.4348020457985067
1421829,011339.62-000532.3,22.79779383941925,0.0023090581426199464,-99.0,-1.6990884171252674,0.0017115658542383727,0.7373855336282558
1394966,023123.98-005332.9,23.34043749257038,0.03393988960453065,-99.0,-1.0469953930459175,0.08082424874009075,0.6427896189155446
1407329,015635.22+001449.5,-1000000000.0,-1000000000.0,-1000000000.0,-1000000000.0,-1000000000.0,-1000000000.0
1440528,001417.70+003221.4,23.541162604623416,0.025943180556415868,-99.0,-0.1965433633173097,0.06893198072884069,0.2177116890949601
1402415,021115.78+004253.6,23.028724245262687,0.002113969786234904,-99.0,-0.8114527376277758,0.02220761005860883,0.4837847925668903
1421212,011539.45-001400.0,22.31342255427102,0.002063243133649806,-99.0,-1.7319441573782375,0.013418704025405126,0.763987713679826
1438054,002236.17-010829.8,23.272684870032187,0.013590905715439305,-99.0,-1.6376408418138952,0.04420395128746146,0.3901312760716577
1395004,023118.00-002554.2,22.695203392459298,0.025384369163488074,-99.0,-0.9842112594012127,0.033336652199294325,0.5839734592398944
1465499,212521.07+001054.4,22.651804185977802,0.006985678999900102,-99.0,-0.45815200727452776,0.014802015876999641,0.631915479006583
1410018,014809.64-001017.8,20.441091955241596,0.002486463932394045,-99.0,-1.281607170816744,0.0041476599689570515,0.7591790931897319
1419804,011948.52+004355.9,20.87921890084379,0.0,-99.0,-0.8510235420160361,0.0,0.3902653534776692
1428224,005311.99-010440.7,23.384173468660826,0.017405982668163844,-1.0,-0.6745595117700924,0.048661707133392684,0.2311728695487551
1452511,230347.38+001409.6,-1000000000.0,-1000000000.0,-1000000000.0,-1000000000.0,-1000000000.0,-1000000000.0
1415459,013240.67+004054.7,22.470610535338203,0.021233464612535613,-99.0,-0.16461794389141637,0.018157916933265433,0.4254706859278937
1428836,005102.42-010244.4,19.779038648119474,0.0013422595658507674,-99.0,-1.4158292967824453,0.0032446912703861797,2.780997749342622
1397690,022402.41-005719.1,23.92638604843136,0.03804186308332902,-1.0,-1.3704077527476501,0.07238289764647254,0.3221991204748587
1444991,235855.67-003217.3,23.672214989373522,0.010384190015919614,-1.0,-0.45661273960661397,0.04256662065036246,0.40191703924686395
1392140,023933.98-010116.4,21.24232706156237,0.003969599428019777,-99.0,-1.4285573638640834,0.010796906726695976,1.1552675704885085
1399649,021844.51-001113.5,22.607986551864606,0.015768590124904946,-99.0,0.14202476848052825,0.03713713014969476,1.2411416228469263
1466207,212025.78-001948.0,21.21569684256024,0.011581713879627031,-99.0,-2.009571726541642,0.019101493256591273,1.5536157607923922
1394898,023135.49-011404.0,23.576306604119004,0.035097191596245025,-99.0,-1.1485250943837495,0.11396954820888766,0.27240739681627046
1455569,224003.95-003114.6,22.822905044881317,0.04433117280009391,-99.0,-0.560090498698818,0.04086024168750316,0.4987904379693655
1405013,020356.90+011202.4,21.652194689653548,0.004241114393774836,-99.0,-0.9013243508818265,0.0031586314580924757,0.3732850239022007
1411732,014307.49-010326.6,23.720729597813452,0.058640481654919085,-99.0,-1.5074373492930757,0.14884103150792416,0.29861285304978247
1418326,012415.53-003318.4,21.287880240895568,0.0022865185621956385,-99.0,-0.8687722714059749,0.0031826420150556922,1.1565420585213955
1448171,233610.85-011345.3,21.919883056883997,0.009901731135890657,-99.0,-1.1930246534313986,0.028562835943565457,1.0171516633689788
1391663,024052.82-004110.9,19.501748306302353,0.0,0.2125346017434412,-0.9248704694691581,0.0,0.823540633319494
1434211,003503.77+001641.6,20.422082400775786,0.0032396425438285803,-99.0,-0.7091646102897577,0.0060038084280814585,5.544849496861567
1427034,005700.90+001134.1,22.90234788128236,0.007994124369936628,-99.0,-0.9530407625302422,0.041679973655031066,0.3025485632883858
1434442,003420.49-003716.0,22.726825851777555,0.013228565020915184,-99.0,-1.1634439837871087,0.04954078531159389,0.23236265317845126
1397149,022531.24-001845.6,22.76007452891279,0.01460161487625733,-99.0,-1.2327840397597272,0.03540706960363904,1.2922981903901607
1388366,024944.09+003317.3,-1000000000.0,-1000000000.0,-1000000000.0,-1000000000.0,-1000000000.0,-1000000000.0
1445495,235553.19-004321.2,21.965815897659105,0.006221643739729998,-99.0,-1.3330590893806202,0.011250962437405088,0.5206173625672214
1431736,004222.09-003742.7,22.71715973011596,0.0,0.4544911924586315,-1.2368397353676124,0.0,0.5122630739836419
1450550,231821.77-004724.8,21.182554858585725,0.0010066315795409508,-99.0,-1.1781393227426888,0.0029317255424795574,0.6812017090686217
1435316,003132.98-010721.1,22.70395078433966,0.029605791373583656,-99.0,-1.6162506027704784,0.13253048009296398,0.3802781484029128
1447744,233909.46+003831.3,20.873491589291042,0.0005827134354330354,-99.0,-1.0417508643764264,0.004949789437892815,0.6932562260215512
1463397,214022.92+010704.5,22.59391075285344,0.01844140762115032,-99.0,-0.4149309221415969,0.013605062207480145,0.5489106539184666
1429550,004840.77+002101.1,-1000000000.0,-1000000000.0,-1000000000.0,-1000000000.0,-1000000000.0,-1000000000.0
1455713,223847.39-002106.9,-1000000000.0,-1000000000.0,-1000000000.0,-1000000000.0,-1000000000.0,-1000000000.0
1404607,020503.96+005212.8,-1000000000.0,-1000000000.0,-1000000000.0,-1000000000.0,-1000000000.0,-1000000000.0
1417335,012720.91-005614.9,22.686275325426813,0.007101626167669295,-99.0,-1.0021626025317794,0.025735654933341234,0.22752290989366478
1431054,004415.82-004303.1,22.81033320627389,0.02217620716590929,-99.0,-0.9083665226048643,0.045482563036007784,0.5139570356098286
1463310,214059.84-002226.0,-1000000000.0,-1000000000.0,-1000000000.0,-1000000000.0,-1000000000.0,-1000000000.0
1442487,000734.70+011046.9,22.111302047489666,0.0034911509962576304,-99.0,-1.405129268918547,0.009093839629642941,0.2926972729513137
1442432,000746.51+005213.5,23.074882235299192,0.059212740211025405,-99.0,-0.7340530445815885,0.07629850810012434,0.3896513431645256
1441983,000912.69+010919.0,21.77163725227434,0.00261601996199623,-99.0,-1.094213426415445,0.005641222617676744,0.851561510191174
1412044,014214.96-011456.9,23.20729627314774,0.01942719599490772,-99.0,-1.9545409235552063,0.025960080423253817,0.5036923117687206
1417373,012714.16+011319.4,23.67043780220552,0.00605081433639576,-99.0,-1.285226004044688,0.02602921164784744,0.36659798614653527
1419474,012046.57-011110.2,23.0551302738289,0.02891599648849663,-99.0,-1.4578051834050152,0.05521798607804995,0.26575837181643075
1416011,013109.99+010612.8,23.132872137539287,0.0037830102461366977,-99.0,-0.28505922268865547,0.03176307252888666,0.25120229215679674
1414410,013528.21-010540.9,21.35873027230337,0.0,-99.0,-0.5409380529527308,0.0,1.7735858956357617
1412953,013950.18+010500.4,23.645970369560224,0.013334837124814314,-99.0,-1.2908601499557095,0.03794910740159896,0.26234804723622385
1420389,011812.03-010442.5,21.93202227685277,0.0,0.49383941897731704,-0.9935198369909122,0.0,0.5780002827734974
1406491,015920.09-010410.4,23.000035529510136,0.01442400417119849,-99.0,-1.518967674686425,0.04612173441323386,0.30162642652400073
1420667,011720.55-010337.9,20.99383103705862,0.0030179992019352397,0.03230583133489381,-1.7881014289615393,0.006239381076315276,0.8161731056635951
1412870,014005.39-010333.3,22.776037948179585,0.03495633352273764,-99.0,-1.0640241308878782,0.06727433198241445,0.7478621951147018
1421847,011334.93-010308.5,-1000000000.0,-1000000000.0,-1000000000.0,-1000000000.0,-1000000000.0,-1000000000.0
1410583,014627.22-005821.5,23.049581700573235,0.016929761822410683,-99.0,-1.58022797893317,0.030819574225930402,0.3088025135467647
1409324,015017.00+005746.8,23.075151031421846,0.011118683239361715,-99.0,-0.9003208626306609,0.031942868733530805,0.5725030721501662
1420923,011634.00-005706.1,22.620234486599465,0.03101595380624822,-99.0,-1.57640642151217,0.03504677598984385,0.6379772475815505
1415756,013153.07+005657.0,22.462997522063354,0.013562861054259301,-99.0,-1.655924842096602,0.036718018721267565,0.33133989963895844
1412288,014137.46-005445.9,23.52958621618648,0.038804292267817786,-99.0,-1.620565532210502,0.08096564022910291,0.9425593013265775
1414827,013424.25+005111.0,22.842238390207775,0.011697702474098293,-99.0,-1.3995686385048192,0.028588260366785745,0.2965193389835173
1403849,020708.14-005034.8,23.18223324911927,0.011227736692189794,-1.0,-1.873978689750107,0.03521308030733239,0.5102025469004932
1405821,020129.37+004623.5,21.53176243648354,0.0014833670043046254,-99.0,-1.824786646946066,0.008275597559755044,1.4437576254773703
1419440,012052.63+004315.5,21.936718401698663,0.0009091219191414979,-99.0,-0.9807574175105449,0.01302775889428448,1.0037515910041854
1406977,015745.28-004254.7,23.262867561031804,0.01151898726468481,-99.0,-1.15654287467874,0.03877790900136002,0.5066029060723338
1419355,012109.35-004037.8,22.87343280473491,0.01365904300772769,-99.0,-1.133160717068448,0.021757308457504565,0.5757629356316796
1417558,012643.15-003953.2,22.89887468515135,0.013223428901181222,-99.0,0.06389647657030029,0.06533895306844514,0.2932233042059035
1413978,013647.69-003823.0,22.288067652427905,0.0014520756062452733,0.11154267173577588,-1.548349892175271,4.7403436503890006e-05,0.42859495069498516
1412342,014129.44-003121.7,23.78003356234455,0.02344199151289139,-99.0,-1.7022273985450687,0.04440601441044234,0.3859935420912878
1417201,012743.94+003048.3,23.139881334591315,0.01065466057168507,-99.0,-1.0463962704959928,0.041059571364023384,0.1972088241435989
1418766,012255.19+002927.5,22.074545718757257,0.003861028687657253,0.22873566374151172,-1.4990835625602084,0.00878343442703211,0.553211529022921
1419522,012036.98-002817.2,21.85843590061966,0.006120379538385734,-99.0,-1.6295881321370014,0.022262141867143037,0.6872962325157164
1418303,012421.33-002802.2,22.627185698970784,0.01201572485066471,-99.0,-1.172899698478914,0.04371980535646236,0.27260995427163226
1415101,013343.47-002734.5,22.63143295179548,0.01294451217232151,-99.0,-1.510371975073586,0.042968526905795223,0.26689921205047296
1407986,015429.75+002710.4,21.160625377557118,0.0032864617904593274,-99.0,-1.1561948184414312,0.010380279236774759,0.44222605906468243
1420702,011715.95+002626.9,23.20367819140609,0.027205590030181526,-99.0,-1.2831755744884408,0.04428198393592642,0.6509595919314057
1416294,013015.10+002557.1,20.3057399831579,0.0,0.12056605284434209,-1.3626997974007433,0.0,0.4819659868074131
1412063,014212.86-002453.4,21.78563099394517,0.0,0.06316764715756397,-1.3096514542166942,0.0,0.5371728428702871
1414259,013554.19-002235.5,22.764326164488274,0.011349599420693579,-99.0,-2.1600812905724354,0.018867298628749696,1.1279957917532588
1413855,013710.38-002229.5,24.4209526773975,0.05771969978492386,-99.0,-1.6509981797198012,0.07597959016416167,0.3363638619100245
1411827,014252.32+002034.0,23.784312715255048,0.01818509242824895,-99.0,-0.7188822866067586,0.04346995253056807,0.22284870408721677
1419724,012001.05+001858.3,22.865643111375938,0.011348629272704969,-99.0,-0.9889282733013518,0.02628093401371706,0.27755206693379647
1420176,011850.64-001636.0,22.76482935953613,0.026618346246767288,0.43355208746433715,-0.3442048289995103,0.050114518758998014,0.703333004831275
1416128,013047.58-001257.5,23.67852494401037,0.010267373040155903,-1.0,-0.8526385309853142,0.028701845188630115,0.3285646281905111
1418362,012409.45+000631.1,23.152102220005823,0.01972189678805414,-99.0,0.14908512184504374,0.053120727520724,0.307541243684715
1414938,013408.72-000515.8,22.138072478668725,0.015256090240587383,-99.0,-1.791983968496547,0.033532435775986635,0.8635791629967093
1417689,012617.91-000421.4,23.327441838450845,0.044078538786145316,-99.0,-1.890782693798982,0.048384470323741935,0.7366672769083152
1419439,012052.93-000408.3,22.361172578664927,0.0016306839009860852,-99.0,0.21521118560011843,0.0035074470228892984,0.965959868189983
1403562,020754.74+000130.8,23.4071297565281,0.011702954018808498,0.4765152412356023,-1.836336794741599,0.01089003823463952,0.2686722536981423
1415301,013311.34-000117.4,22.410423594833325,0.01084212394980355,-99.0,-1.1594810978226158,0.011322673263973959,0.367106267171518
1445825,235339.15+001816.6,22.716229082150754,0.0008204284317692156,-99.0,0.6574862014560665,0.02404442669616519,0.9630345985535839
